Question,Answer,Comment,Instruction,Render as
"ambush; surprise attack
彼らは敵に||奇＊＊＊||をかけた。","きしゅうこうげき,奇襲攻撃","",Guess the term having 4 (Grade-7 level) Kanji or its reading(not strictly same reading as one in the example),Text
"retinal detachment
５年前に||網＊＊＊||を起こしました。","もうまくはくり,網膜剥離","",Guess the term having 4 (Grade-7 level) Kanji or its reading(not strictly same reading as one in the example),Text
"divorce proceedings; divorce suit
彼女は彼に対して||離＊＊＊||を起こした。","りこんそしょう,離婚訴訟","",Guess the term having 4 (Grade-7 level) Kanji or its reading(not strictly same reading as one in the example),Text
"melancholia; severe depression
彼女は||憂＊＊||の虜に成った。","ゆううつしょう,憂鬱症","",Guess the term having 3 (Grade-7 level) Kanji or its reading(not strictly same reading as one in the example),Text
"banquet; celebration; party; reception (e.g. wed..
結婚式の後で盛大な||披＊＊||が催された。","ひろうえん,披露宴","banquet; celebration; party; reception (e.g. wedding)",Guess the term having 3 (Grade-7 level) Kanji or its reading(not strictly same reading as one in the example),Text
"fabric conditioner; fabric softener
「||柔＊＊||って買った方がいいかな？カッターの臭いが気になるんだけど」「カッター洗う時には||柔＊＊||は入れないけどね」","じゅうなんざい,柔軟剤","",Guess the term having 3 (Grade-7 level) Kanji or its reading(not strictly same reading as one in the example),Text
"escaped prisoner
彼が||脱＊＊||だなんて、私には思いもよらなかった。
警察は||脱＊＊||を追っている。","だつごくしゅう,脱獄囚","",Guess the term having 3 (Grade-7 level) Kanji or its reading(not strictly same reading as one in the example),Text
"one's store of patience
ただでさえ奴は普段から仕事に遅れて来るくせに、酒まで飲んで来るなんて||堪＊＊||の緒が切れた。もう会社を辞めてもらうしかない。
もう我慢できん。||堪＊＊||の緒が切れた。
私の||堪＊＊||の緒が切れた。
私は冷静でいようとしたが、とうとう||堪＊＊||の緒が切れた。","かんにんぶくろ,堪忍袋","",Guess the term having 3 (Grade-7 level) Kanji or its reading(not strictly same reading as one in the example),Text
"cenotaph; memorial monument
ここ浄閑寺、通称「投げ込み寺」の墓地には、最後の休息場所を見つけた何千もの遊女、いわゆる「楽しみのための女性」の||慰＊＊||があり、それは言い知れない哀愁に満ちていて、どういうわけか何度でもここに戻ってきたい気持ちが沸き起こる。
禎子の友人達は、彼女と原爆でなくなったすべての子供達の||慰＊＊||を建てたいと思った。","いれいひ,慰霊碑","",Guess the term having 3 (Grade-7 level) Kanji or its reading(not strictly same reading as one in the example),Text
"tear-gas bomb
警官隊がデモ隊に多数の||催＊＊||を投げた。","さいるいだん,催涙弾","",Guess the term having 3 (Grade-7 level) Kanji or its reading(not strictly same reading as one in the example),Text
"lubricant
また、温度が高いと、||潤＊＊||を頻繁に交換する必要がある。
作動温度が高いと、||潤＊＊||の寿命は短くなる。","じゅんかつざい,潤滑剤","",Guess the term having 3 (Grade-7 level) Kanji or its reading(not strictly same reading as one in the example),Text
"impact mark
「これを見て」「え？」「バンパーの右側に||衝＊＊||があるわ」","しょうとつこん,衝突痕","",Guess the term having 3 (Grade-7 level) Kanji or its reading(not strictly same reading as one in the example),Text
"emergency; imminence; urgency
さて、犯人は、告白するか否かが、沈黙するＭＬ参加者たちの||焦＊||の関心事となる。","しょうび,焦眉","",Guess the term having 2 (Grade-7 level) Kanji or its reading(not strictly same reading as one in the example),Text
"verbosity
著者の||冗＊||なスタイルは膨大な書類を作り出したが、その内容は乏しい。","じょうまん,冗漫","",Guess the term having 2 (Grade-7 level) Kanji or its reading(not strictly same reading as one in the example),Text
"encouragement; incitement; inducement; promotion..
ローマ皇帝コンスタンティヌス帝は西暦313年以来、キリスト教を||奨＊||した。
人々はフットボールをするように||奨＊||さえされたのです。
参加型の意思決定様式を||奨＊||することが緊急課題である。
学問は強いられるべきではない。学問は||奨＊||されるべきだ。
政府は国産品の愛用を||奨＊||している。
私たちの学校ではスポーツを||奨＊||している。
私たちは想像力を使うように||奨＊||されています。","しょうれい,奨励","encouragement; incitement; inducement; promotion; stimulation",Guess the term having 2 (Grade-7 level) Kanji or its reading(not strictly same reading as one in the example),Text
"catalyst
最初に、この実験で使用された||触＊||について吟味したい。
有効な||触＊||がないので、その装置を改良することは困難であろう。","しょくばい,触媒","",Guess the term having 2 (Grade-7 level) Kanji or its reading(not strictly same reading as one in the example),Text
"commanding; grasping; having control over; holdi..
トムは直ちに事態を||掌＊||した。
先生はクラスを||掌＊||しており、ふつうは、クラスの前に立って、授業の間じゅう生徒に講義をしています。
彼女は担任のクラスをよく||掌＊||している。
意見は人が||掌＊||し、信念は人を||掌＊||する。
暴力団の組長は団員全部に規則を守らせ、恐怖感によって、団員を||掌＊||した。
積極的な姿勢があれば、解決できる問題はそのやり方を求め、||掌＊||できない事柄からは手を引くことになる。","しょうあく,掌握","commanding; grasping; having control over; holding; seizing",Guess the term having 2 (Grade-7 level) Kanji or its reading(not strictly same reading as one in the example),Text
"channelling; converting; diverting; elevating; s..
物質が直接固体から気体に変わる過程を||昇＊||という。","しょうか,昇華","channelling; converting; diverting; elevating; sublimating (an emotion, impulse, etc.); sublimation",Guess the term having 2 (Grade-7 level) Kanji or its reading(not strictly same reading as one in the example),Text
"introduction; presentation; referral; showcase (..
兄を||紹＊||します。
彼は妹を私に||紹＊||した。
彼は娘を私に||紹＊||した。
田中氏をご||紹＊||します。
私の妻を||紹＊||します。
私の姉を||紹＊||します。
私の弟を||紹＊||します。
||紹＊||ありがとう。
||紹＊||させてください。","しょうかい,紹介","introduction; presentation; referral; showcase (of a product)",Guess the term having 2 (Grade-7 level) Kanji or its reading(not strictly same reading as one in the example),Text
"amortisation; amortization; redemption; repaymen..
ギリシャはもはや自分の国債を||償＊||することができない。
国債の||償＊||は、国民の平均所得の減少を意味することになるでしょう。","しょうかん,償還","amortisation; amortization; redemption; repayment",Guess the term having 2 (Grade-7 level) Kanji or its reading(not strictly same reading as one in the example),Text
"arraigning; calling; citation; subpoena; summoni..
彼は証言をするために||召＊||された。
彼女の魔女集会は悪魔を||召＊||する。
魔女集会で悪魔を||召＊||する。","しょうかん,召喚","arraigning; calling; citation; subpoena; summoning; summons",Guess the term having 2 (Grade-7 level) Kanji or its reading(not strictly same reading as one in the example),Text
"calling someone back; recall (esp. of an envoy o..
大使はまもなく現在の任地から||召＊||されるだろう。
大使はワルシャワから||召＊||された。","しょうかん,召還","calling someone back; recall (esp. of an envoy or an ambassador); summons (home)",Guess the term having 2 (Grade-7 level) Kanji or its reading(not strictly same reading as one in the example),Text
"impact; impulse; shock; (psychological) shock
あまりの||衝＊||に記憶とんだわ。
この２度目の||衝＊||にわたしは泣いた。
この時計は強い||衝＊||にも堪えます。
これは、かなり||衝＊||だったよ。
その場にいた少女たちは||衝＊||を受けた。
それは大した||衝＊||でしたよ。
トムは||衝＊||を受けたようだ。
全世界の人が||衝＊||を受けた。
彼女の死は私にとって大きな||衝＊||だった。
昨日見たニュースに||衝＊||を受けた。","しょうげき,衝撃","",Guess the term having 2 (Grade-7 level) Kanji or its reading(not strictly same reading as one in the example),Text
"lozenge; pill; tablet
この||錠＊||は何ですか。
これらの||錠＊||を飲めば腹痛は治るでしょう。
トムはビタミンとミネラルの||錠＊||を毎日飲んでいる。
トムは薬を飲むなら||錠＊||かカプセルがいいと言っています。
水がなければこの||錠＊||は飲み込めません。
水なしじゃ、こういう||錠＊||は飲み込めないよ。
水を一口飲まないと、私にはこの||錠＊||は飲み込めません。
||錠＊||のおかげで痛みがなくなった。","じょうざい,錠剤","",Guess the term having 2 (Grade-7 level) Kanji or its reading(not strictly same reading as one in the example),Text
"brush; clash; collision; conflict; crash; discor..
トラックが自動車に||衝＊||した。
二台のトラックが||衝＊||した。
大型船が漁船に||衝＊||しました。
彼はその||衝＊||を見たと断言した。
彼は父と意見が||衝＊||した。
日米の利害がこの点で||衝＊||した。
車がトラックに||衝＊||した。
車が木に||衝＊||した。
車はガードレールに||衝＊||した。","しょうとつ,衝突","brush; clash; collision; conflict; crash; discord; impact; quarrel; running into; skirmish",Guess the term having 2 (Grade-7 level) Kanji or its reading(not strictly same reading as one in the example),Text
"circulation; cycle; loop; rotation
カナダでは季節の||循＊||がはっきり見られます。
きついバンドは血液の||循＊||を妨げる。
血液の||循＊||。
血液は体内を||循＊||する。
適度な運動は血液の||循＊||を活発にする。
適度の運動は血液の||循＊||を活発にする。","じゅんかん,循環","",Guess the term having 2 (Grade-7 level) Kanji or its reading(not strictly same reading as one in the example),Text
"abundant; affluent; ample; glossy; lustrous; ple..
国庫は資金が||潤＊||である。
気温が低くて湿度が||潤＊||な気候があればといつも思います。","じゅんたく,潤沢","abundant; affluent; ample; glossy; lustrous; plentiful",Guess the term having 2 (Grade-7 level) Kanji or its reading(not strictly same reading as one in the example),Text
"keen and nimble; quick-witted and agile
||俊＊||に反応する。","しゅんびん,俊敏","",Guess the term having 2 (Grade-7 level) Kanji or its reading(not strictly same reading as one in the example),Text
"(surprise) attack; assault; charge; raid
ドイツでは今日、いくつかの都市で||襲＊||に反対する抗議行動が催されましたが、その都市の中には、月曜日の放火による||襲＊||でトルコ人３人が殺害されたハンブルク近くの都市も含まれています。
マクベスは敵を||襲＊||するために軍隊を召集した。
同盟軍はバグダッドの検問所で彼女の車を||襲＊||した。
居合道とは、座っているとき、歩行しているときに、敵からふいに||襲＊||された際、鞘ばなれの一刀で敵を倒す刀法である。
彼はそこで反徒の||襲＊||を受けた。
我々はその||襲＊||に対して準備ができていなかった","しゅうげき,襲撃","",Guess the term having 2 (Grade-7 level) Kanji or its reading(not strictly same reading as one in the example),Text
"gunning (down); shooting
家主は肩と腕に||銃＊||を受けた。","じゅうげき,銃撃","",Guess the term having 2 (Grade-7 level) Kanji or its reading(not strictly same reading as one in the example),Text
"(traffic) congestion; delay; gridlock; stagnatio..
||渋＊||で会議に遅れた。
||渋＊||で遅れました。
||渋＊||につかまっちゃったよ。
||渋＊||にハマっちゃった。
||渋＊||にひっかかったんだ。
||渋＊||はないです。
通りは車で交通が||渋＊||している。
運よく、||渋＊||してなかったよ。
道路は車で||渋＊||している。
高速道路が||渋＊||している。","じゅうたい,渋滞","(traffic) congestion; delay; gridlock; stagnation; traffic jam",Guess the term having 2 (Grade-7 level) Kanji or its reading(not strictly same reading as one in the example),Text
"bullet (from a rifle)
宇宙塵はあまり危険そうに思えないかもしれないが、ごく小さな粒であっても、||銃＊||の何倍もの速度で飛んでくるので、怪我をしかねない。
||銃＊||が胸を貫通し、彼は危篤状態に陥った。
||銃＊||はヘルメットを貫通した。","じゅうだん,銃弾","",Guess the term having 2 (Grade-7 level) Kanji or its reading(not strictly same reading as one in the example),Text
"flexible; lithe; pliable; soft
マニュアルにとらわれず、||柔＊||に対応していくことも大切です。
もっと||柔＊||な人でありなさい。
もっと||柔＊||な態度をとりなさい。
もっと||柔＊||になりなよ。
より||柔＊||であれ。
当分の間は||柔＊||な戦術を取ってみてはどうでしょう。
当分の間は||柔＊||な戦術を取るべきだ。
彼女は||柔＊||な頭をしている。
私の身体は以前ほど||柔＊||ではない。
考え方は||柔＊||でなければならない。","じゅうなん,柔軟","",Guess the term having 2 (Grade-7 level) Kanji or its reading(not strictly same reading as one in the example),Text
"aim; effect; gist; goal; intent; meaning; object..
'着ぐるみ'と'ファースーツ'は似ているようで、||趣＊||が違う。
よい隣人は遠くの親戚よりよい、という||趣＊||の格言がある。
彼が言った事はそれと反対の||趣＊||だった。
彼は愛していると言う||趣＊||の手紙を彼女に書いた。
彼は私に会えないという||趣＊||の手紙を私によこした。
彼は給食を食べに行くという||趣＊||のメモを残した。
彼女は彼がすぐに帰るという||趣＊||の手紙を受け取った。
政府は税金を値上げするという||趣＊||で発表を行った。
私の申し出に応じられないとい","しゅし,趣旨","aim; effect; gist; goal; intent; meaning; object; point; point (e.g. of a statement)",Guess the term having 2 (Grade-7 level) Kanji or its reading(not strictly same reading as one in the example),Text
"neoplasia; neoplasm; tumor; tumour
胃に||腫＊||ができたので切ってもらった。
||腫＊||は悪性です。
||腫＊||は良性でした。
||腫＊||は進行しています。","しゅよう,腫瘍","",Guess the term having 2 (Grade-7 level) Kanji or its reading(not strictly same reading as one in the example),Text
"hunting
こうした熊独特の特徴が、熊が動かずに||狩＊||すること（アザラシの呼吸孔の脇でじっと動かず、アザラシが海面に上がってくるのを待つ）を好む説明になっている。
この地域での||狩＊||は禁止されています。
この村には、主に木こりと||狩＊||が住んでいます。
この静かな原野で||狩＊||をすることは禁止されています。
国立公園内での||狩＊||は禁止されている。
彼はその棒切れを||狩＊||ナイフで削り尖らせた。","しゅりょう,狩猟","",Guess the term having 2 (Grade-7 level) Kanji or its reading(not strictly same reading as one in the example),Text
"cheating; flaking out; fraud; graft; making prom..
これは何かの||詐＊||なのでしょうか？
ジョージは||詐＊||にかかってその土地を買わされた。
その計画は実にうまく考えた||詐＊||だった。
なんか||詐＊||っぽいね。
彼のしたことは手っ取り早く言えば||詐＊||だ。
彼女は||詐＊||の罪を犯している。
||詐＊||にあったのではと思うほど届くのが遅い。
||詐＊||みたいなもんだよな。","さぎ,詐欺","cheating; flaking out; fraud; graft; making promises without keeping them; saying you're going to do something but in the end not doing it; scam; swindle; trick",Guess the term having 2 (Grade-7 level) Kanji or its reading(not strictly same reading as one in the example),Text
"(urinary) bedpan; chamber pot (esp. medical); ur..
つまり、この花瓶を||尿＊||の代わりに使えってことか？
||尿＊||でおしっこするのを手伝ってあげることを専門用語でなんと言いますか？","しびん,尿瓶","(urinary) bedpan; chamber pot (esp. medical); urinal; urine bottle",Guess the term having 2 (Grade-7 level) Kanji or its reading(not strictly same reading as one in the example),Text
"ailment; condition; disease; disorder; illness
一部の||疾＊||の原因は欠陥遺伝子です。
水疱瘡は、小児によく見られる||疾＊||です。
生化学的には、熱烈な恋愛と強迫神経症の||疾＊||とは区別できないようだ。
遺伝子解析は癌やその他の||疾＊||の可能性を予測するのに役立てることができます。
高血圧は先進国ではありふれた||疾＊||である。","しっかん,疾患","",Guess the term having 2 (Grade-7 level) Kanji or its reading(not strictly same reading as one in the example),Text
"envy; jealousy
あいつら||嫉＊||してんだよ。
||嫉＊||が彼にそれをさせた。
||嫉＊||してるだけだよ。
||嫉＊||するだろうな。
||嫉＊||は愛の墓場だ。
彼は妻を||嫉＊||した。
彼は||嫉＊||からそういった。
彼女は||嫉＊||で青ざめた。
彼女は||嫉＊||に燃えていた。
愛に||嫉＊||はつきもの。","しっと,嫉妬","",Guess the term having 2 (Grade-7 level) Kanji or its reading(not strictly same reading as one in the example),Text
"blubber; fat; grease; lard; suet
クリームは、||脂＊||とたんぱく質が濃縮した濃厚で、白色や薄黄色の液体。
コレステロールをためたくなかったら、||脂＊||のない赤身の肉を食べるのがよい。
どの辺に||脂＊||がついているの？
ゆえに、筋肉の５０パーセントが||脂＊||に取って代わられる可能性がある。
ラクダは背中のこぶに大量の||脂＊||をためることができる。
肉体は余分なカロリーを||脂＊||に変える。
過度の||脂＊||の摂取は心臓病の原因になるとされている。","しぼう,脂肪","",Guess the term having 2 (Grade-7 level) Kanji or its reading(not strictly same reading as one in the example),Text
"boiling up
コップを十分に||煮＊||しなさい。","しゃふつ,煮沸","",Guess the term having 2 (Grade-7 level) Kanji or its reading(not strictly same reading as one in the example),Text
"disturbance; hindrance; interference; interrupti..
あなた||邪＊||よ。
俺は||邪＊||だよな。
俺ら||邪＊||だな。
私の||邪＊||をするな。
||邪＊||してごめんね。
||邪＊||しないで。
||邪＊||しないでよ。
||邪＊||するのか。
||邪＊||なのです。
||邪＊||になってます。","じゃま,邪魔","disturbance; hindrance; interference; interruption; nuisance; obstacle; demon who hinders Buddhist training; demon who obstructs sentient beings from maintaining moral behaviour; to visit (someone's home)",Guess the term having 2 (Grade-7 level) Kanji or its reading(not strictly same reading as one in the example),Text
"amnesty; pardon; remission
裁判官はその囚人の一年の刑期を||赦＊||した。","しゃめん,赦免","",Guess the term having 2 (Grade-7 level) Kanji or its reading(not strictly same reading as one in the example),Text
"marriage; matrimony
我々の文化においては、あなたは同時に二人の女性と||婚＊||することはできない。
私は夫であるドン・ホセに誓った||婚＊||の誓約を破ったのです。","こんいん,婚姻","",Guess the term having 2 (Grade-7 level) Kanji or its reading(not strictly same reading as one in the example),Text
"evidence; mark; sign; trace; vestige
アテネへ向かう一隻の貨物船が何の||痕＊||も残さずに地中海で沈没した。
そのような||痕＊||がくっきりと残っているかどうかによって、これらの人々がいつも重労働に従事していたかどうかがわかる。
メディアが憎悪の||痕＊||を安売りする。
唯一の証拠は、下着に付着していた精液の||痕＊||。
昔の建物を取り壊すことによって、私たちは、過去の||痕＊||を永久に消し去ってしまうことになるのである。
火星に生命の||痕＊||はありません。
考古学は人類が残した||痕＊||の研究を通し、人類の活動とその変化を研究する学問である","こんせき,痕跡","",Guess the term having 2 (Grade-7 level) Kanji or its reading(not strictly same reading as one in the example),Text
"complicated circumstances; intricacies; plot; sc..
今日はトムがやけに親切だけど、何か||魂＊||でもあるのかしら。","こんたん,魂胆","complicated circumstances; intricacies; plot; scheme; ulterior motive",Guess the term having 2 (Grade-7 level) Kanji or its reading(not strictly same reading as one in the example),Text
"excuse me; I'm sorry; may I come in?; my apologi..
厄介事は||御＊||だよ私は。","ごめん,御免","excuse me; I'm sorry; may I come in?; my apologies; pardon me; being fed up with; discharge; dismissal; leave; license; not wanting; objecting to; permission; wishing to avoid",Guess the term having 2 (Grade-7 level) Kanji or its reading(not strictly same reading as one in the example),Text
"demand; demanding; pressing; urging
しびれを切らして借金の||催＊||をした。
まさかリアルに借金の||催＊||だったの？
||催＊||がましくて恐縮ですが、先日お貸ししたお金を返していただけませんか。","さいそく,催促","",Guess the term having 2 (Grade-7 level) Kanji or its reading(not strictly same reading as one in the example),Text
"cultivation
お米を||栽＊||しています。
トムは庭で苺を||栽＊||している。
メロンは温室で||栽＊||する。
彼はバラを||栽＊||している。
彼は米を||栽＊||しています。
彼女は薔薇を||栽＊||した。
父は米を||栽＊||している。
私は、バラの||栽＊||が得意です。
私は温室でランを||栽＊||している。
米の||栽＊||をしています。","さいばい,栽培","",Guess the term having 2 (Grade-7 level) Kanji or its reading(not strictly same reading as one in the example),Text
"hypnosis
初めて||催＊||に入る人の場合、とても浅い||催＊||状態から、覚醒してもらって、||催＊||状態と普通に覚醒した状態とを比べてもらうことがよくあります。
金銭的に余裕があるのなら併用しても構わないが||催＊||だけで、十分に効果がある。","さいみん,催眠","",Guess the term having 2 (Grade-7 level) Kanji or its reading(not strictly same reading as one in the example),Text
"affair; command; communication; directions; inci..
走行中にクラクションを鳴らされたからって、執拗に追いかけて何度も追突を繰り返すだなんて、正気の||沙＊||とは思えないよ。","さた,沙汰","affair; command; communication; directions; incident; information; instructions; issue; matter; message; news; notice; orders; sentence; state; tidings; update; verdict",Guess the term having 2 (Grade-7 level) Kanji or its reading(not strictly same reading as one in the example),Text
"(video) recording; filming; photographing; photo..
JAXAの地球観測衛星「だいち」が||撮＊||した画像。
ここでストロボ||撮＊||をしてもいいですか。
この写真は彼によって||撮＊||された。
その写真の何枚かは命懸けで||撮＊||された。
なんかの||撮＊||かな。
下手の横好きで||撮＊||している写真を日記とともに紹介しています。
同じ虹を、これだけたくさんの人が||撮＊||したものを見たことがありません。
彼等は実際の砂漠で映画を||撮＊||した。
||撮＊||は３日間でクランクアップします。","さつえい,撮影","(video) recording; filming; photographing; photography (still or motion); shooting",Guess the term having 2 (Grade-7 level) Kanji or its reading(not strictly same reading as one in the example),Text
"Sado (former province located on Sado Island in ..
あなたはいつ||佐＊||にたちますか。
||佐＊||さんは魅力的な個性の持ち主なのに、その価値が分からず、自分を好まない。
荒海や||佐＊||に横たふ天の川。","さど,佐渡","Sado (former province located on Sado Island in present-day Niigata Prefecture); Sado (island, Niigata Prefecture)",Guess the term having 2 (Grade-7 level) Kanji or its reading(not strictly same reading as one in the example),Text
"menace; threat
この作戦に対する||脅＊||は数多い。
この種の爆弾は全人類にとって重大な||脅＊||だ。
原爆は人類にとって重大な||脅＊||だ。
彼が核兵器は平和への||脅＊||であると論じた。
彼は職についた頃、その||脅＊||を感じた。
核兵器は人類にとって||脅＊||だ。
核兵器は全人類への||脅＊||である。
湾岸諸国は常に戦争の||脅＊||にさらされている。
病気は人類にとって||脅＊||である。
||脅＊||は変化し続ける、進化できない防御は意味がない。","きょうい,脅威","",Guess the term having 2 (Grade-7 level) Kanji or its reading(not strictly same reading as one in the example),Text
"blackmail; extortion; threat (to extort money)
||恐＊||のその犠牲者は、ここ何年間というもの口止め料を払ってきた。だが、今では、それは愚かなことだと悟り、もうびた一文払わないことに決めた。","きょうかつ,恐喝","",Guess the term having 2 (Grade-7 level) Kanji or its reading(not strictly same reading as one in the example),Text
"attack on both sides; double envelopment; pincer..
これ以上ここでもたついてると、後ろの第二関門からも増援が来て、||挟＊||されるかも知れねーんだぜ。","きょうげき,挟撃","attack on both sides; double envelopment; pincer movement",Guess the term having 2 (Grade-7 level) Kanji or its reading(not strictly same reading as one in the example),Text
"alarm; financial panic; panic; panic; scare
１９３０年代の||恐＊||の間、多くの金持ちが株式市場の崩壊で全てを失った。
不動産市場が低迷しているため、東京の土地所有者たちは||恐＊||をきたしています。","きょうこう,恐慌","",Guess the term having 2 (Grade-7 level) Kanji or its reading(not strictly same reading as one in the example),Text
"admiration; being struck with admiration; wonder
その絵を見て彼女は||驚＊||した。
みんな彼女の勇気に||驚＊||した。
彼の進歩ぶりに||驚＊||せざるをえない。
彼女の利口なのによく||驚＊||する。
彼女は利口なのによく||驚＊||する。
私たちはその少年のデッサンのすばらしさに||驚＊||した。
私はその光景に||驚＊||した。
私は彼の勇気に||驚＊||した。
結局のところ、人生で一番大切な要素は||驚＊||の気持ちです。
||驚＊||のあまり、彼女の口から叫び声が飛び出した。","きょうたん,驚嘆","",Guess the term having 2 (Grade-7 level) Kanji or its reading(not strictly same reading as one in the example),Text
"assassin's bullet
マーテイン・ルーサー・キング・ジュニアは暗殺者の||凶＊||で命を落としたのである。","きょうだん,凶弾","",Guess the term having 2 (Grade-7 level) Kanji or its reading(not strictly same reading as one in the example),Text
"blackmail; coercion; menace; threat
あなたの返答はほとんど||脅＊||に等しい。
キング牧師と彼の支持者は||脅＊||された。
この返答はほとんど||脅＊||に近い。
トムはメアリーに||脅＊||されていた。
彼は私を||脅＊||した。
彼女は彼の発言を||脅＊||と解釈した。
彼女は彼を||脅＊||した。
私は彼の||脅＊||を少しも恐れていない。
私は彼の言葉を||脅＊||と解した。
||脅＊||のもとになされた約束は無効だ。","きょうはく,脅迫","",Guess the term having 2 (Grade-7 level) Kanji or its reading(not strictly same reading as one in the example),Text
"dinosaur
かつては||恐＊||が地球を支配していた。
その科学者は谷で||恐＊||の骨を探し求めた。
太古の昔、||恐＊||は死に絶えた。
彼はその||恐＊||の精巧な縮小模型をじっと見つめた。
彼は||恐＊||の骨を盗んだことで非難された。
||恐＊||は大昔に絶滅した。
||恐＊||は現在では死滅してしまった。
||恐＊||をかぶってみて！
私は||恐＊||の進化にとても興味を持っている。
鳥は||恐＊||から進化しました。","きょうりゅう,恐竜","",Guess the term having 2 (Grade-7 level) Kanji or its reading(not strictly same reading as one in the example),Text
"fallacy; falsehood; lie; misinformation; untruth
あらゆる社交はおのずから||虚＊||を必要とするものである。
これは単なる||虚＊||の発言です。
僕は||虚＊||を論破しようと論争した。
動物は||虚＊||と真実が見分けられない。
動物は||虚＊||と真実を区別できない。
彼の言ったことは||虚＊||であると判明した。
新聞のさまざまな||虚＊||や卑俗さにも関わらず。
時は||虚＊||のみならず真実も明らかにする。","きょぎ,こぎ,虚偽","",Guess the term having 2 (Grade-7 level) Kanji or its reading(not strictly same reading as one in the example),Text
"maestro; master; masterhand
この美術館はオランダの||巨＊||が描いた作品がたくさんある。
その展覧会では、複数の有名な||巨＊||のヒスイの彫刻が見られるでしょう。
その絵画はオランダ人の||巨＊||の作品である。","きょしょう,巨匠","",Guess the term having 2 (Grade-7 level) Kanji or its reading(not strictly same reading as one in the example),Text
"difference (e.g. in opinion); distance; distance..
４マイルはかなりの||距＊||だ。
どのくらいの||距＊||ですか。
彼女は彼と少し||距＊||を置いた。
歩いて行ける||距＊||ですよ。
||距＊||が判断できません。
||距＊||は推定しにくいな。
||距＊||を感じる。
長い||距＊||を歩いて疲れ果てた。
駅までは||距＊||があります。","きょり,距離","difference (e.g. in opinion); distance; distance; gap; interval; range",Guess the term having 2 (Grade-7 level) Kanji or its reading(not strictly same reading as one in the example),Text
"beautiful; clean; clear; completely; entirely; f..
この木の花は||奇＊||だが実はならない。
その花は||奇＊||だが実はならない。
ホテルからの眺めはとても||奇＊||だった。
||奇＊||ではありません。
||奇＊||な花には刺が有る。
女の人は||奇＊||です。
彼女は、なんて||奇＊||な庭でしょうと言った。
彼女は３個の||奇＊||なりんごを選んだ。
見てごらんなさい。私の家の方がお宅よりも||奇＊||ですよ。
顔を||奇＊||にふきなさい。","きれい,奇麗","beautiful; clean; clear; completely; entirely; fair; lovely; neat; pretty; pure; tidy",Guess the term having 2 (Grade-7 level) Kanji or its reading(not strictly same reading as one in the example),Text
"chap; crack; crevice; fissure; rift
イスラム系共和国が独立国家共同体に参加しない場合、それらの国々は独自の勢力を形成し、一触即発の民族的、宗教的な||亀＊||を生じかねない、とソ連、西側の消息筋は警告しています。
ひどくなると、||亀＊||が生じたり、断裂することもあります。
恋愛が入ると、友情に||亀＊||が入ってしまうんだ。
耐震性の悪い建物に||亀＊||が生じることもある。","きれつ,亀裂","",Guess the term having 2 (Grade-7 level) Kanji or its reading(not strictly same reading as one in the example),Text
"(be quiet and) listen!; hear! hear!; listening a..
聴衆は||謹＊||の姿勢で立っていた。","きんちょう,謹聴","(be quiet and) listen!; hear! hear!; listening attentively",Guess the term having 2 (Grade-7 level) Kanji or its reading(not strictly same reading as one in the example),Text
"(sexual) bondage; binding tightly; tight binding
彼女のフェチが||緊＊||と支配でしょう。","きんばく,緊縛","",Guess the term having 2 (Grade-7 level) Kanji or its reading(not strictly same reading as one in the example),Text
"strain; tension
中東における現在の情勢は、||緊＊||した政情不安となっている。
国際情勢が、きわめて||緊＊||してきたので、慎重に扱うには熟練した外交官が必要になろう。
第３世界の貧困問題は||緊＊||している。","きんぱく,緊迫","",Guess the term having 2 (Grade-7 level) Kanji or its reading(not strictly same reading as one in the example),Text
"moha (ignorance, folly); grumble; idle complaint
お前の||愚＊||は、聞き飽きたよ。
ごめん、いっぱい||愚＊||っちゃった。
一日中、||愚＊||をこぼしてばかりいる。
君の||愚＊||はもう聞きたくないよ。
妻はいつも||愚＊||ばかりこぼしている。
彼女の||愚＊||は聞き飽きた。
||愚＊||はやめろよ。
||愚＊||は聞きたくない。
母はほとんど||愚＊||を言わない。
見苦しいから||愚＊||は言わないことだ。","ぐち,愚痴","",Guess the term having 2 (Grade-7 level) Kanji or its reading(not strictly same reading as one in the example),Text
"driving away; driving out; expulsion; exterminat..
彼らは日本品を市場から||駆＊||しようとしている。","くちく,駆逐","driving away; driving out; expulsion; extermination",Guess the term having 2 (Grade-7 level) Kanji or its reading(not strictly same reading as one in the example),Text
"disgrace; humiliation
それは彼女に対する||屈＊||だ。
どうしてそんな||屈＊||が、我慢ができるのですか。
君の言葉はほとんど||屈＊||に等しい。
太郎は||屈＊||を忍んで謝罪し辞職した。
||屈＊||を受けて生きるくらいなら死んだ方がましだ。
彼はプライドが高かったので、その||屈＊||を無視する気にはなれなかった。
彼は甘んじて||屈＊||に耐えた。
彼女は彼の率直な言葉に||屈＊||をおぼえた。
死ぬ方が||屈＊||を受けるよりもましだ。","くつじょく,屈辱","",Guess the term having 2 (Grade-7 level) Kanji or its reading(not strictly same reading as one in the example),Text
"bending and stretching; flexing and extending
||屈＊||するたびにポキポキ鳴る。","くっしん,屈伸","",Guess the term having 2 (Grade-7 level) Kanji or its reading(not strictly same reading as one in the example),Text
"shoe polish
序に、日本でシユウ・クリイムと呼んでゐる菓子は、英国へ行つても仏蘭西へ行つてもその名前では通用しない。英吉利でシユウ・クリイムを持つて来いと云つたら、||靴＊||を持つて来たといふおとしばなしもできてゐるくらゐだ。
序に、日本でシュークリームと呼んでいる菓子は、英国へ行ってもフランスへ行ってもその名前では通用しない。イギリスでシュークリームを持って来いといったら、||靴＊||を持って来たというおとしばなしもできているくらいだ。","くつずみ,靴墨","",Guess the term having 2 (Grade-7 level) Kanji or its reading(not strictly same reading as one in the example),Text
"giving way; submission; succumbing; surrender; y..
とうとう彼らは敵に||屈＊||した。
彼らの要求に||屈＊||してはならない。
我々は暴君の意思に||屈＊||しない。","くっぷく,屈伏","giving way; submission; succumbing; surrender; yielding",Guess the term having 2 (Grade-7 level) Kanji or its reading(not strictly same reading as one in the example),Text
"counter-attack; intercept; interception
このまま障壁を張っていても死ぬのを待つだけだ！だから俺たちは障壁の外に出て、敵を||迎＊||する、いいな！？","げいげき,迎撃","",Guess the term having 2 (Grade-7 level) Kanji or its reading(not strictly same reading as one in the example),Text
"carrying (e.g. a story); insertion (e.g. of an a..
このサイトには、役立つ記事がたくさん||掲＊||してある。
それは昨日の産経新聞に||掲＊||された。
ネットワーク誌１１月号に||掲＊||されていたあなたのレポートを７０部コピーし、私どもの代理店に配ってよろしいですか。
学術誌へ投稿中の論文を記入する場合は、||掲＊||が決定しているものに限ります。
教育産業に関する情報を||掲＊||したインターネットサイトには以下のようなものがあります。","けいさい,掲載","carrying (e.g. a story); insertion (e.g. of an advertisement); posting (e.g. on the web); printing; publication (e.g. of an article in a newspaper); running (e.g. a serial)",Guess the term having 2 (Grade-7 level) Kanji or its reading(not strictly same reading as one in the example),Text
"bevel; dip; inclination; lean; list; slant; slop..
その土地は川に向かって緩やかに||傾＊||している。
屋根は鋭い角度で||傾＊||している。","けいしゃ,傾斜","bevel; dip; inclination; lean; list; slant; slope; tilt",Guess the term having 2 (Grade-7 level) Kanji or its reading(not strictly same reading as one in the example),Text
"listening closely
彼らは１語も聞きもらすまいと||傾＊||した。","けいちょう,傾聴","",Guess the term having 2 (Grade-7 level) Kanji or its reading(not strictly same reading as one in the example),Text
"(criminal) punishment; penalty; sentence
キリストは、私達が受けるべき罪の||刑＊||を、代わって受けて下さったのです。
シンガポールでは、||刑＊||の一つに鞭打ちがある。
それは罪人に対する最も人道的な||刑＊||ではないか。
何人も、拷問又は残虐な、非人道的な若しくは屈辱的な取扱若しくは||刑＊||を受けることはない。
||刑＊||は私たちに多くのことを教えてくれる。言葉よりずっと。
国によっては、国家反逆罪の||刑＊||が終身刑ということもあり得る。
圧倒的多数がその残酷な||刑＊||を廃止することに票を投じた。
無知ゆえに||刑＊||を免れると","けいばつ,刑罰","",Guess the term having 2 (Grade-7 level) Kanji or its reading(not strictly same reading as one in the example),Text
"illusion; phantom; vision
ほのかな光が俺のねじれた視界を||幻＊||に変えてゆく。
人生は||幻＊||だよ。
蜃気楼は||幻＊||だと言われている。","げんえい,幻影","",Guess the term having 2 (Grade-7 level) Kanji or its reading(not strictly same reading as one in the example),Text
"difference; discrepancy
長吉は人間というものは年を取ると、若い時分に経験した若いものしか知らない煩悶不安をばけろりと忘れてしまって、次の時代に生れて来る若いものの身の上を極めて無頓着に訓戒批評する事のできる便利な性質を持っているものだ、年を取ったものと若いものの間には到底一致されない||懸＊||のある事をつくづく感じた。","けんかく,懸隔","",Guess the term having 2 (Grade-7 level) Kanji or its reading(not strictly same reading as one in the example),Text
"humble; modest
その||謙＊||な男は近所の人達とうまくやっている。
トムはとても||謙＊||だよ。
彼の甥は||謙＊||で思いやりのある人になるように育てられた。
彼は、社会的地位が上がるにつれて、ますます||謙＊||になった。
彼女は自分の業績に||謙＊||である。
褒められても||謙＊||さが大事。
||謙＊||さは美徳です。
||謙＊||さを身につけたら、あなたはもっといい人になるであろう。
||謙＊||さを身につけて。","けんきょ,謙虚","",Guess the term having 2 (Grade-7 level) Kanji or its reading(not strictly same reading as one in the example),Text
"handgun; pistol
その男は腰に||拳＊||をさげていた。
トムは||拳＊||を持ってたんだ。
トムは||拳＊||を買ったんだ。
トムは||拳＊||を購入しました。
彼は||拳＊||を身につけていた。
彼女は||拳＊||をぬいてこう言った。
||拳＊||は禁止されるべきだと私は思うのです。
||拳＊||は預からせてもらいます。
警官は||拳＊||でその男を狙った。
警官は殺人犯から||拳＊||をもぎ取った。","けんじゅう,拳銃","",Guess the term having 2 (Grade-7 level) Kanji or its reading(not strictly same reading as one in the example),Text
"return to secular life; secularisation; seculari..
自らの意志で||還＊||する場合と、教団側から||還＊||させられる場合がある。","げんぞく,還俗","return to secular life; secularisation; secularization",Guess the term having 2 (Grade-7 level) Kanji or its reading(not strictly same reading as one in the example),Text
"being humble; humility; modesty
「トム、お家建てたんだってね」「あっ、はい。『うさぎ小屋』ですけど」「またまた、||謙＊||しちゃって」
彼の||謙＊||さは賞賛に値する。
日本の論者にはこういう||謙＊||な態度が少ないのが残念だと思います。
私はそれに引き付けられて、それを採用し、ぶっきらぼうな反対や真正面からの議論を止め、||謙＊||な探究者、懐疑主義者を装った。
||謙＊||している場合じゃないよ。","けんそん,謙遜","",Guess the term having 2 (Grade-7 level) Kanji or its reading(not strictly same reading as one in the example),Text
"keyboard (of a piano, typewriter, etc.)
トニーはピアノを開けて、||鍵＊||を見つめました。
彼の指はすばやく||鍵＊||の上を走った。
指は||鍵＊||のあちらこちらに動きました。
毎週火曜日には、先生のころころした小さな指がピアノの||鍵＊||をあちこちと鳥のように飛びはねていました。","けんばん,鍵盤","",Guess the term having 2 (Grade-7 level) Kanji or its reading(not strictly same reading as one in the example),Text
"disillusionment
その限られた性能のために私はコンピューターに||幻＊||を感じている。
君には||幻＊||した。
彼の結婚生活を見て||幻＊||を感じた。
彼女の私生活を知って||幻＊||した。
私たちはその結果に||幻＊||した。
結婚の利益は、女性の本質を知ることであり、結婚の損失は、女性への||幻＊||を知ることである。それ故に結婚しない小説家は、未だ女を書くことが出来ない。結婚した詩人は、もはや女を歌うことができない。","げんめつ,幻滅","",Guess the term having 2 (Grade-7 level) Kanji or its reading(not strictly same reading as one in the example),Text
"extravagant; fancy; gorgeous; lavish; luxurious;..
こりゃまた、||豪＊||な花だこと！
なんて||豪＊||なコートを着ているのだろう。
何と||豪＊||な家々でしょう。
女王は||豪＊||な服装をしていた。
彼らは私を||豪＊||な中華料理でもてなした。
彼女は||豪＊||な絹の服を着ていた。
私は盛大で||豪＊||な結婚式はいらない。
私は||豪＊||なホテルでは落ち着かない。
||豪＊||キャンペーンとなっております。
||豪＊||ですね。","ごうか,豪華","extravagant; fancy; gorgeous; lavish; luxurious; magnificent; opulent; splendid",Guess the term having 2 (Grade-7 level) Kanji or its reading(not strictly same reading as one in the example),Text
"assault; attack; censure; condemnation; criticis..
彼らは敵を||攻＊||した。
我々は||攻＊||に備えた。
||攻＊||されている。
||攻＊||は最大の防御。
||攻＊||は最大の防御なり。
敵はその町を||攻＊||した。
敵は夜に私達を||攻＊||した。
敵は夜通し||攻＊||を続けた。
敵軍が||攻＊||を開始した。
砦は不意に||攻＊||された。","こうげき,攻撃","assault; attack; censure; condemnation; criticism; denunciation; offensive; onslaught; raid",Guess the term having 2 (Grade-7 level) Kanji or its reading(not strictly same reading as one in the example),Text
"paying tribute; tribute; contribution (furtherin..
その選手は勝利に||貢＊||した。
もっと||貢＊||したい。
彼の努力は会社の成長に||貢＊||した。
彼はその町の発展に||貢＊||した。
彼は経済の発展に大きな||貢＊||をした。
彼は経済学に相当な||貢＊||をした。
彼女は非常に会社に||貢＊||した。
||貢＊||した。
首脳会談は世界平和に||貢＊||した。
首脳会議は世界平和に||貢＊||した。","こうけん,貢献","paying tribute; tribute; contribution (furthering a goal or cause); services (to a cause)",Guess the term having 2 (Grade-7 level) Kanji or its reading(not strictly same reading as one in the example),Text
"dexterity; quality; skill; workmanship
君のメールは||巧＊||を見て取るには短すぎるな。","こうせつ,巧拙","",Guess the term having 2 (Grade-7 level) Kanji or its reading(not strictly same reading as one in the example),Text
"appeal to a higher court; intermediate appeal
被告は上級裁判所に||控＊||するだろう。
被告は判決に不服でためらわずに||控＊||した。","こうそ,控訴","",Guess the term having 2 (Grade-7 level) Kanji or its reading(not strictly same reading as one in the example),Text
"adhering to; being a stickler for; being particu..
君はあまり字句に||拘＊||しすぎるよ。","こうでい,拘泥","adhering to; being a stickler for; being particular about; worrying too much about",Guess the term having 2 (Grade-7 level) Kanji or its reading(not strictly same reading as one in the example),Text
"luxurious home; magnificent house; palatial resi..
この||豪＊||には寝室が十二もあります。
政府役人の||豪＊||が略奪された。
||豪＊||に加えて、彼はベントレーを持っているのです。","ごうてい,豪邸","luxurious home; magnificent house; palatial residence; stately mansion",Guess the term having 2 (Grade-7 level) Kanji or its reading(not strictly same reading as one in the example),Text
"change (of personnel); dismissal (e.g. of a mini..
田中前外相の||更＊||に続く政治混乱がその象徴である。","こうてつ,更迭","change (of personnel); dismissal (e.g. of a minister); replacement; reshuffle (e.g. of a cabinet); shake-up",Guess the term having 2 (Grade-7 level) Kanji or its reading(not strictly same reading as one in the example),Text
"decay; destruction; devastation; ruin; waste
その国は戦争で||荒＊||してしまった。
その城は||荒＊||している。
戦争でその国は||荒＊||した。
神戸の||荒＊||は、私が想像していたとおり酷いものであった。
||荒＊||のあとを見ると戦争の意味が彼にはしみじみと感じられた。
||荒＊||の跡を見て、彼は戦争の意味を十分に理解した。","こうはい,荒廃","",Guess the term having 2 (Grade-7 level) Kanji or its reading(not strictly same reading as one in the example),Text
"arrogant; haughty; insolent; overbearing; proud
あの女、すごい||傲＊||だな。
あの婦人はひどく||傲＊||だ。
トムは||傲＊||な野郎なんだ。
彼の||傲＊||が凋落に繋がった。
彼の||傲＊||さには我慢できない。
彼の||傲＊||さは頭に来るよ。
彼は||傲＊||になる傾向がある。
彼は我々に対し||傲＊||だ。
彼女ほど||傲＊||な女性はいない。
頭はいいけど、||傲＊||なのよ。","ごうまん,傲慢","",Guess the term having 2 (Grade-7 level) Kanji or its reading(not strictly same reading as one in the example),Text
"clever; deft; ingenious; skillful
あのピアニストは||巧＊||でよく知られている。
その、ベッドの側に、合成アルミニュームのロボットが人体と??肌と、同じように||巧＊||に塗料を施されたゴムを密着して、裸体のまま突立っていた。
やつの||巧＊||な話に僕は簡単にだまされてしまった。
人工内耳は技術的に||巧＊||な機器です。
代わりにPrologではパターンマッチングを||巧＊||に用いるプログラミングを行います。
||巧＊||にイメージがすり替えられている。
裏アカに見せかけて、親を安心させるとは、||巧＊||な手口ね。","こうみょう,巧妙","",Guess the term having 2 (Grade-7 level) Kanji or its reading(not strictly same reading as one in the example),Text
"bleak; desolate; dreary
最も||荒＊||たる日は一日中笑わなかった日である。","こうりょう,荒涼","",Guess the term having 2 (Grade-7 level) Kanji or its reading(not strictly same reading as one in the example),Text
"absurd; comical; funny; humorous; laughable; rid..
そのパーティーで彼の振る舞いはあまりに||滑＊||だったので、私は笑わずにはいられなかった。
それは||滑＊||だ。
どんなに優雅で堂々とした既存のビルも、今や、その怪物のわきでは、ちょっと||滑＊||にさえ見えるほど痛ましいまでに小さくなってしまうだろう。
彼がとても||滑＊||な話をしたので、私たちはみんな笑った。
彼の気取った話し方がとても||滑＊||におもえた。
||滑＊||な話をしている真最中に彼に電話がかかってきたので話を中止した。","こっけい,滑稽","absurd; comical; funny; humorous; laughable; ridiculous; silly",Guess the term having 2 (Grade-7 level) Kanji or its reading(not strictly same reading as one in the example),Text
"encouragement; inspiration; raising (e.g. morale..
兵士たちはその歌に士気を||鼓＊||された。
将校は部下を||鼓＊||して勇気を出させた。","こぶ,鼓舞","encouragement; inspiration; raising (e.g. morale); rousing; stirring up",Guess the term having 2 (Grade-7 level) Kanji or its reading(not strictly same reading as one in the example),Text
"derision; mockery; ridicule
死者を||愚＊||するな。
貧しい人を||愚＊||してはいけない。","ぐろう,愚弄","",Guess the term having 2 (Grade-7 level) Kanji or its reading(not strictly same reading as one in the example),Text
"eardrum; tympanic membrane
銃声のせいで||鼓＊||が破れた。","こまく,鼓膜","",Guess the term having 2 (Grade-7 level) Kanji or its reading(not strictly same reading as one in the example),Text
"spirit of a deceased person; the Holy Ghost; the..
||御＊||が鳩のように天から下って、この方の上にとどまられるのを私は見ました。
||御＊||によって生まれるものも、皆そのとおりです。
肉によって生まれたものは肉です。||御＊||によって生まれたものは霊です。","ごりょう,みたま,御霊","spirit of a deceased person; the Holy Ghost; the Holy Spirit",Guess the term having 2 (Grade-7 level) Kanji or its reading(not strictly same reading as one in the example),Text
"gloom; nuance; shade; shades of meaning; shading..
光源、つまり光の向きだな、それと||陰＊||とかにも気をつけて、できるだけ正確に手元にあるクロッキー帳に書き取っていくだけ。
||陰＊||に気をつけてみたのですがなかなかうまくいかないです。","いんえい,陰影","gloom; nuance; shade; shades of meaning; shading; shadow; subtleties",Guess the term having 2 (Grade-7 level) Kanji or its reading(not strictly same reading as one in the example),Text
"penis
||陰＊||は雄の生殖器のひとつ。","いんきょう,いんけい,陰茎","",Guess the term having 2 (Grade-7 level) Kanji or its reading(not strictly same reading as one in the example),Text
"devious; malicious; shady and damp; sly; spitefu..
中学・高校では||陰＊||ないじめが増える傾向にあるという。
本当に、||陰＊||なことはやめて欲しい。
||陰＊||な嫌がらせを受けた場合の対処法について教えてください。","いんしつ,陰湿","devious; malicious; shady and damp; sly; spiteful; underhanded; vicious; wicked",Guess the term having 2 (Grade-7 level) Kanji or its reading(not strictly same reading as one in the example),Text
"concealment; covering up; hiding; suppression
信じられないような文化的退廃、驚くほどの無知、理想ばかりのガラクタ、真実を||隠＊||する政策がアメリカの保守層のあいだでもっとも根強い支持を得ているのだ。
医者は自分でミスを||隠＊||できるが、建築家は依頼主にツタを植えるよう、言うことしかできない。","いんぺい,隠蔽","",Guess the term having 2 (Grade-7 level) Kanji or its reading(not strictly same reading as one in the example),Text
"agreement between two or more people to commit a..
実行する前に彼らの||陰＊||を見破った。
将軍は部下とともにその||陰＊||に加わった。
彼はその||陰＊||の陰の指導者だった。
彼は自分を暗殺しようという||陰＊||を知らなかった。
彼らがその||陰＊||の黒幕であった。
彼らのほとんどがその||陰＊||に加わったと思う。
彼らは彼を||陰＊||に巻き込んだ。
新聞によれば、彼はその||陰＊||に関わっていた。
火事を起こすという彼らの||陰＊||は警察に発見された。
私は彼らの||陰＊||をすぐに見抜いた。","いんぼう,陰謀","agreement between two or more people to commit an unlawful act; conspiracy; intrigue; plot; scheme",Guess the term having 2 (Grade-7 level) Kanji or its reading(not strictly same reading as one in the example),Text
"concealment; destruction (esp. of evidence); hid..
あなたが証拠を||隠＊||しないって保証は？","いんめつ,隠滅","concealment; destruction (esp. of evidence); hiding; spoliation; suppression",Guess the term having 2 (Grade-7 level) Kanji or its reading(not strictly same reading as one in the example),Text
"metaphor
「怒ると彼はトラになる」というのは||隠＊||の例である。","いんゆ,隠喩","",Guess the term having 2 (Grade-7 level) Kanji or its reading(not strictly same reading as one in the example),Text
"address; condolences; congratulations; greeting;..
おはようの||挨＊||をした。
彼らは新年の||挨＊||をした。
彼女は||挨＊||しました。
手を上げて||挨＊||をする。
||挨＊||さえしなかった。
||挨＊||に困った。
||挨＊||に寄っただけだよ。
||挨＊||は大切よ。
||挨＊||をしなさい。
道で先生に||挨＊||する。","あいさつ,挨拶","address; condolences; congratulations; greeting; greetings; reply; response; retaliation; revenge; salutation; salute; speech (congratulatory or appreciative); a fine thing to say; dialoging (with another Zen practitioner to ascertain their level of enlightenment); connection; intervention; mediation; mediator; relationship (between people)",Guess the term having 2 (Grade-7 level) Kanji or its reading(not strictly same reading as one in the example),Text
"grief; pathos; sorrow
ここ浄閑寺、通称「投げ込み寺」の墓地には、最後の休息場所を見つけた何千もの遊女、いわゆる「楽しみのための女性」の慰霊碑があり、それは言い知れない||哀＊||に満ちていて、どういうわけか何度でもここに戻ってきたい気持ちが沸き起こる。","あいしゅう,哀愁","",Guess the term having 2 (Grade-7 level) Kanji or its reading(not strictly same reading as one in the example),Text
"ambiguous; disreputable; fuzzy; shady; unclear; ..
この文の意味は||曖＊||だ。
この文章の意味が||曖＊||なんだよ。
この段落は意味が||曖＊||だ。
これはちょっと||曖＊||だね。
その||曖＊||な噂は嘘だと分かった。
その法律には||曖＊||な点が多い。
トムは||曖＊||な返事をした。
もっと普通に||曖＊||な文上げろよ。
意味が||曖＊||でない文章を書いて！
私にはその意味がいまだに||曖＊||だ。","あいまい,曖昧","ambiguous; disreputable; fuzzy; shady; unclear; vague",Guess the term having 2 (Grade-7 level) Kanji or its reading(not strictly same reading as one in the example),Text
"zinc (Zn)
この金属は||亜＊||と呼ばれる。
毎月曜日にエバンスさんはすべての家族の服を||亜＊||のお風呂で洗いました。
真鍮は銅と||亜＊||の合金である。
黄銅は銅と||亜＊||の合金である。","あえん,亜鉛","",Guess the term having 2 (Grade-7 level) Kanji or its reading(not strictly same reading as one in the example),Text
"(overhead) luggage rack (on a train, bus, etc.)
電車の||網＊||に鞄を置いたまま、降りてしまった。","あみだな,網棚","",Guess the term having 2 (Grade-7 level) Kanji or its reading(not strictly same reading as one in the example),Text
"Meliosma myriantha
俺のことを馬鹿にした町の連中に、ひと||泡＊||かせてやる。","あわぶき,泡吹","",Guess the term having 2 (Grade-7 level) Kanji or its reading(not strictly same reading as one in the example),Text
"intimidation; menace; threat
私は彼の||威＊||をぜんぜん怖くない。","いかく,威嚇","",Guess the term having 2 (Grade-7 level) Kanji or its reading(not strictly same reading as one in the example),Text
"dependence
事業を継続しながら、事業が||依＊||している不動産を、切り売りしていくことなど非現実的なのだ。
事業を継続しながら、事業が||依＊||している不動産を切り売りしていくことなど非現実的なのだ。
言語を材料に形成される詩は自由な表現力をお勧めている、が、様々な良識手段に||依＊||する。","いきょ,依拠","",Guess the term having 2 (Grade-7 level) Kanji or its reading(not strictly same reading as one in the example),Text
"awe; dread; fear; fright
ベンヤミンは優れた芸術作品を前にして人が経験するであろう||畏＊||や崇敬の感覚を指して「アウラ」という語を用いた。","いふ,畏怖","",Guess the term having 2 (Grade-7 level) Kanji or its reading(not strictly same reading as one in the example),Text
"effect; impact; influence
これも温暖化の||影＊||か？
タバコは脳に||影＊||を与える。
喫煙は健康に||影＊||する。
喫煙は健康に||影＊||を与える。
寝不足の||影＊||がではじめた。
彼から大きな||影＊||を受けた。
我々は環境に||影＊||される。
私には||影＊||ないと思う。
行いは言葉より||影＊||が大きい。
長期的な||影＊||はわからない。","えいきょう,影響","",Guess the term having 2 (Grade-7 level) Kanji or its reading(not strictly same reading as one in the example),Text
"acute; acute; astute; clever; keen; sensitive; s..
それには鋭い視力、||鋭＊||な聴力および鋭い嗅覚がある。
目が見えない人の聴力は||鋭＊||な場合が多い。","えいびん,鋭敏","acute; acute; astute; clever; keen; sensitive; sharp (eyes, ears, etc.); sharp-witted; shrewd",Guess the term having 2 (Grade-7 level) Kanji or its reading(not strictly same reading as one in the example),Text
"inflammation; irritation
子宮内膜炎は、細菌が子宮内に入り、内膜に||炎＊||を起す病気である。
歯茎が||炎＊||を起こしています。
歯茎が||炎＊||を起こしているようなのですが。
目が||炎＊||を起こしているようですが。","えんしょう,炎症","",Guess the term having 2 (Grade-7 level) Kanji or its reading(not strictly same reading as one in the example),Text
"carrying a passenger without turning on the taxi..
あの||煙＊||はとても高い。
この||煙＊||は、掃除しないとね。
この||煙＊||は通りが悪くなった。
その||煙＊||はレンガの造りだ。
煙は||煙＊||を通って上に昇った。
||煙＊||から煙が出ている。
||煙＊||から煙が立っていた。
||煙＊||から黒い煙が出てきた。
||煙＊||は煙を出し始めた。
||煙＊||は煙を暖炉から外へ出す。","えんとつ,煙突","carrying a passenger without turning on the taximeter; chimney; funnel (of a ship); smokestack; stovepipe",Guess the term having 2 (Grade-7 level) Kanji or its reading(not strictly same reading as one in the example),Text
"dependence; reliance; commission; entrusting (wi..
こちらがご||依＊||の書類です。
ご||依＊||の件、承知しました。
一件の||依＊||しかない。
彼の||依＊||は命令に等しかった。
彼は丁寧に求人の||依＊||を断った。
彼女は私の||依＊||を断った。
私が||依＊||すべきでしょうね。
私は彼の||依＊||でそうしたのです。
部長からのご||依＊||を承りました。","いらい,依頼","dependence; reliance; commission; entrusting (with a matter); request",Guess the term having 2 (Grade-7 level) Kanji or its reading(not strictly same reading as one in the example),Text
"Okinawa (city, prefecture)
フランス大統領は||沖＊||を訪問した。
台風のため||沖＊||へ旅行できなかった。
彼は||沖＊||への旅行を延期しました。
日本で一番南にある島は||沖＊||です。
||沖＊||ではたくさん雨が降る。
||沖＊||に行ったことはありますか？
||沖＊||に遊びに行きたいな。
||沖＊||の最低賃金は642円です。
||沖＊||は１年中よい気候だ。
||沖＊||は他の日本と文化的に異なる。","おきなわ,沖縄","",Guess the term having 2 (Grade-7 level) Kanji or its reading(not strictly same reading as one in the example),Text
"bitch; hag; penurious or spiteful old woman; ter..
その後、この横町で、ふたたび||鬼＊||のすがたを認めたという者はなかった。","おにばば,おにばばあ,鬼婆","bitch; hag; penurious or spiteful old woman; termagant; virago; witch",Guess the term having 2 (Grade-7 level) Kanji or its reading(not strictly same reading as one in the example),Text
"contrition; regret; remorse; repentance
私が||悔＊||の情をもって回顧することが一つある。","かいこん,悔恨","",Guess the term having 2 (Grade-7 level) Kanji or its reading(not strictly same reading as one in the example),Text
"monster
トムが、ベッドの下に||怪＊||がいるって言ってたよ。
信じてもらえないだろうけど、茂みの中から||怪＊||が現れたんだよ。
信じられないだろうけど、その洞窟から||怪＊||が現れたんだ。
僕のベットの下にね、この恐ろしい||怪＊||がいたの。僕見たもん。
次の瞬間ヘラクレスは||怪＊||を捕まえた。","かいじゅう,怪獣","",Guess the term having 2 (Grade-7 level) Kanji or its reading(not strictly same reading as one in the example),Text
"gentle persuasion; placation; winning over
い、いっつも食べ物で||懐＊||されるとは、限りませんからねっ。","かいじゅう,懐柔","",Guess the term having 2 (Grade-7 level) Kanji or its reading(not strictly same reading as one in the example),Text
"looking after; nursing
そんな折、重い結核を患ったヒンドゥー教の僧侶が運ばれました。 マザー・テレサは、他の人と同じく僧侶を||介＊||しました。
マザー・テレサは老人たちを献身的に||介＊||しました。
他人任せはダメ。ライフセーバーではないが、俺自身が||介＊||してあげないと。
兎は得意なことは何もなかったのですが、 献身的に老人を||介＊||しました。
田中さんは怪我した人の手当てをしたり、病気になった人の||介＊||をしたりすることが好きでした。","かいほう,介抱","",Guess the term having 2 (Grade-7 level) Kanji or its reading(not strictly same reading as one in the example),Text
"(complete) destruction; annihilation; devastatio..
ヴェスヴィオ火山の噴火は、ポンペイの街を||壊＊||させた。
もう一度嵐が来ていたら、私たちの村は||壊＊||していたでしょう。
||壊＊||そのものが豊かな生命を生む。
法律のさらなる規制は、経済を||壊＊||へのさらなる脅威にさらしていく。
法律のさらなる規制は経済を||壊＊||させる。
王は敵軍を||壊＊||させた。
都市はその地震で||壊＊||した。","かいめつ,壊滅","(complete) destruction; annihilation; devastation",Guess the term having 2 (Grade-7 level) Kanji or its reading(not strictly same reading as one in the example),Text
"ulcer
胃に||潰＊||が出来る。
薬を飲み始めると、すぐに痛みなどの症状はとれてきますが、すぐに||潰＊||がなおるわけではありません。","かいよう,潰瘍","",Guess the term having 2 (Grade-7 level) Kanji or its reading(not strictly same reading as one in the example),Text
"hand warmer; heater pack; pocket heater
||懐＊||を持ってくればいいのに。冬の必需品だよ。","かいろ,懐炉","",Guess the term having 2 (Grade-7 level) Kanji or its reading(not strictly same reading as one in the example),Text
"drink (in honor or celebration of someone or som..
２０周年記念に||乾＊||。
あなたに||乾＊||！
あなたの未来に||乾＊||！
あなた方に、||乾＊||。
この機会に||乾＊||すべきだ。
ご健康を祝して||乾＊||。
||乾＊||！
今夜の主賓に||乾＊||しよう。
僕達の栄光の日々に||乾＊||！
長寿とご幸福を祝して、||乾＊||。","かんぱい,乾杯","drink (in honor or celebration of someone or something); drinking one's glass dry; toast; bottoms-up; cheers; prosit",Guess the term having 2 (Grade-7 level) Kanji or its reading(not strictly same reading as one in the example),Text
"dull; lax; lenient; sloppy; slow; sluggish
コンピューターは、たとえ||緩＊||にせよ大きな変化を引き起こした。","かんまん,緩慢","",Guess the term having 2 (Grade-7 level) Kanji or its reading(not strictly same reading as one in the example),Text
"canvasing; canvassing; encouragement; inducement..
||勧＊||の電話が多くて、断る口上もマニュアル化してきた。
彼は私たちに投票を||勧＊||した。
部活の||勧＊||にももう慣れた。
顧客に対する||勧＊||の電話が、テレマーケティング部の主要業務である。","かんゆう,勧誘","canvasing; canvassing; encouragement; inducement; invitation; persuasion; solicitation",Guess the term having 2 (Grade-7 level) Kanji or its reading(not strictly same reading as one in the example),Text
"kanreki; one's 60th birthday (or 61st in the tra..
明日は母方の祖父の||還＊||のお祝いをする。","かんれき,還暦","kanreki; one's 60th birthday (or 61st in the traditional age reckoning system) when one has lived through a full sexagenary cycle",Guess the term having 2 (Grade-7 level) Kanji or its reading(not strictly same reading as one in the example),Text
"nectar; sweetness
花祭りは、お釈迦さまが生まれたときに天から色とりどりの花や||甘＊||が降り注いだという言い伝えに因んでいます。","かんろ,甘露","",Guess the term having 2 (Grade-7 level) Kanji or its reading(not strictly same reading as one in the example),Text
"famine; hunger; starvation
これらの国では||飢＊||が普通のことである。
人類が||飢＊||から解放されるのは、まだ先のことだ。
我々は||飢＊||を免れようとしている。
戦争は歴史上ずっと||飢＊||を引き起こしてきた。","きが,飢餓","",Guess the term having 2 (Grade-7 level) Kanji or its reading(not strictly same reading as one in the example),Text
"mysterious; outrageous; strange; weird; wonderfu..
これは非常に||奇＊||な動物です。
||奇＊||な音が近づいて来る。
彼は||奇＊||な体験を詳しく話した。
突然にかような||奇＊||な手紙を差し上げる非礼をお許し下さい。","きかい,きっかい,奇怪","mysterious; outrageous; strange; weird; wonderful",Guess the term having 2 (Grade-7 level) Kanji or its reading(not strictly same reading as one in the example),Text
"abandoning; dismissal; rejection; renunciation; ..
原告の請求は||棄＊||された。","ききゃく,棄却","abandoning; dismissal; rejection; renunciation; turning down",Guess the term having 2 (Grade-7 level) Kanji or its reading(not strictly same reading as one in the example),Text
"hepatitis
お宅のお子さまは、破傷風、百日咳、ジフテリア、はしか、結核、ポリオ、水ぼうそう、風疹、||肝＊||、その他の疾病の予防接種はお済みですか？
||肝＊||の新しい治療法が研究されている。","かんえん,肝炎","",Guess the term having 2 (Grade-7 level) Kanji or its reading(not strictly same reading as one in the example),Text
"reception; welcome
いつ来ても||歓＊||します。
だれでも||歓＊||します。
彼は何でも||歓＊||する。
彼は至る所で||歓＊||された。
手厚く||歓＊||してやれ。
来る者は誰でも||歓＊||だ。
||歓＊||いたします。
私は||歓＊||をうけた。
訪問者は||歓＊||する。
誰が来ても、||歓＊||です。","かんげい,歓迎","",Guess the term having 2 (Grade-7 level) Kanji or its reading(not strictly same reading as one in the example),Text
"prison
デンマークは||監＊||だ。","かんごく,監獄","",Guess the term having 2 (Grade-7 level) Kanji or its reading(not strictly same reading as one in the example),Text
"burly; firm; solid; stout; strong; sturdy
このベッドは||頑＊||そうだ。
このベッドは||頑＊||そうです。
この橋は||頑＊||そうです。
この鞄は君が持っているのと同じほど||頑＊||そうに見える。
これは掛けるのにたいそう||頑＊||ないすだ。
その納屋は小さかったが||頑＊||だった。
建物は以前と比べてより||頑＊||になっている。
彼は||頑＊||で健康そうに見える。","がんじょう,頑丈","",Guess the term having 2 (Grade-7 level) Kanji or its reading(not strictly same reading as one in the example),Text
"insipidity; aridity; dehydration; desiccation; d..
カットして、洗髪して、||乾＊||してください。
その男はある||乾＊||した国で水が飲めずに死んだ。
レーズンはぶどうを||乾＊||させたものだ。
今日は空気が||乾＊||しています。
唇は||乾＊||してますか？
当地は夏がひどく湿気が多いが、逆に冬は||乾＊||する。
暑く||乾＊||した地域はますます暑く||乾＊||するであろう。
果実は天日で||乾＊||させます。
椎茸を||乾＊||させて保存します。
肌が||乾＊||しています。","かんそう,乾燥","insipidity; aridity; dehydration; desiccation; drying (e.g. clothes); dryness",Guess the term having 2 (Grade-7 level) Kanji or its reading(not strictly same reading as one in the example),Text
"canned food; tinned food; being stuck in a confi..
「ねえねえ、知ってる？あなたが買ってきてくれた||缶＊||って、人間用じゃなくて猫用だって」「マジで？あれ、キャットフード？」「そうね」
この豆の||缶＊||、消費期限が切れてるよ。
なしはこの工場で||缶＊||にされます。
メグはトマトの||缶＊||を買った。
今日は市場に肉がなかったから、||缶＊||で我慢しなければならない。
家にお米や||缶＊||などストックしてる？
彼は私に||缶＊||の極上品を贈ってくれた。
彼は||缶＊||をあけているうちに指を切った。
||缶＊||の食料は彼女の","かんづめ,缶詰","canned food; tinned food; being stuck in a confined space; confining someone (e.g. so they can concentrate on work)",Guess the term having 2 (Grade-7 level) Kanji or its reading(not strictly same reading as one in the example),Text
"accomplishment; achievement; attainment; fulfill..
初心を||貫＊||したらどうですか。
初志を||貫＊||したらどうですか。","かんてつ,貫徹","accomplishment; achievement; attainment; fulfillment; penetration; pervasion; realization",Guess the term having 2 (Grade-7 level) Kanji or its reading(not strictly same reading as one in the example),Text
"control; direction; superintendence; supervision..
この||監＊||では優勝を狙えない。
その||監＊||は批評を気にする。
トムの||監＊||です。
別の||監＊||の一篇を目当てに見たオムニバス映画でこの||監＊||を知った。
彼は才能のある若い||監＊||だ。
||監＊||はカナダ人です。
||監＊||は私に悪魔の役をくれた。
||監＊||は選手を運動場に集めた。
||監＊||をしてました。","かんとく,監督","control; direction; superintendence; supervision; boss; coach; controller; director; foreman; manager; overseer; superintendent; supervisor",Guess the term having 2 (Grade-7 level) Kanji or its reading(not strictly same reading as one in the example),Text
"marvel; miracle; wonder
あなたは||奇＊||を信じますか？
それはまさに||奇＊||だった。
人間の存在自体が||奇＊||である。
||奇＊||って本当にあるんだな。
||奇＊||について一番驚くべきことは、||奇＊||が起こることです。
||奇＊||は、起きないから||奇＊||って言うんですよ。
彼が健康を回復したのは||奇＊||だ。
愛は文明の||奇＊||だ。
愛は文明の||奇＊||である。
私が癌を克服したのは||奇＊||だ。","きせき,奇跡","",Guess the term having 2 (Grade-7 level) Kanji or its reading(not strictly same reading as one in the example),Text
"smoking (tobacco)
君の||喫＊||を禁じる。
||喫＊||は人を殺す。
||喫＊||は健康に悪い。
||喫＊||は健康に悪いよ。
||喫＊||は健康に有害だ。
||喫＊||は絶対禁止。
||喫＊||をお控え下さい。
彼は||喫＊||をやめた。
彼女は||喫＊||をやめた。
母は||喫＊||に反対だ。","きつえん,喫煙","",Guess the term having 2 (Grade-7 level) Kanji or its reading(not strictly same reading as one in the example),Text
"quiet; reticent; taciturn; uncommunicative; unta..
かつての彼は||寡＊||な男だった。
父は||寡＊||な人です。","かもく,寡黙","quiet; reticent; taciturn; uncommunicative; untalkative",Guess the term having 2 (Grade-7 level) Kanji or its reading(not strictly same reading as one in the example),Text
"coincidence; unexpected meeting
まさかこんなところでお会いするとは、||奇＊||ですね。","きぐう,奇遇","",Guess the term having 2 (Grade-7 level) Kanji or its reading(not strictly same reading as one in the example),Text
"married
彼は||既＊||で子供が二人いる。
日本人には、見知らぬ人と会話を始めてまだくつろいだ気分にならないうちに、相手の、年齢や地位、||既＊||か未婚かなどの個人的な事柄を知りたがる傾向がある。","きこん,既婚","",Guess the term having 2 (Grade-7 level) Kanji or its reading(not strictly same reading as one in the example),Text
"surprise attack
||奇＊||してから宣戦布告するのはよくあることらしいですが、１０万人規模の非戦闘員の爆殺は前代未聞です。","きしゅう,奇襲","",Guess the term having 2 (Grade-7 level) Kanji or its reading(not strictly same reading as one in the example),Text
"(very) unusual; bizarre; eccentric; novel; origi..
こういうのを||奇＊||なファッションというのだろうな。
メアリーの||奇＊||なドレスは、パーティー会場で一際目立っていた。
||奇＊||な考えがふと心に浮かんだ。
彼は、||奇＊||なアイデアを出すため、もっと保守的な同僚と何度ももめごとをおこしている。
彼女は、||奇＊||なアイデアを出すため、もっと保守的な同僚と何度ももめごとを起こしている。","きばつ,奇抜","(very) unusual; bizarre; eccentric; novel; original; striking; unconventional; wild",Guess the term having 2 (Grade-7 level) Kanji or its reading(not strictly same reading as one in the example),Text
"avoidance; challenge; evasion; recusation (of a ..
彼は社会を||忌＊||して自分の中に閉じこもるというよりは、社会に対して常に攻撃的な態度をとり続けた。","きひ,忌避","avoidance; challenge; evasion; recusation (of a judge); shirking; taking exception (to a judge)",Guess the term having 2 (Grade-7 level) Kanji or its reading(not strictly same reading as one in the example),Text
"record of a game of go, shogi, chess, etc.
将棋の||棋＊||には著作権があるのか、といったことはいろいろなところで議論されています。","きふ,棋譜","",Guess the term having 2 (Grade-7 level) Kanji or its reading(not strictly same reading as one in the example),Text
"Gifu (city, prefecture)
名古屋に行ったついでに、少し足をのばして||岐＊||まで行ってきた。
私たちは||岐＊||に行った。","ぎふ,岐阜","",Guess the term having 2 (Grade-7 level) Kanji or its reading(not strictly same reading as one in the example),Text
"curious; odd; peculiar; queer; strange
これは||奇＊||な手紙です。
これは本当に||奇＊||です。
なんて||奇＊||な話だろう。
むしろ||奇＊||だ。
||奇＊||な動物だった。
||奇＊||な噂がたっている。
||奇＊||な話だった。
彼女は||奇＊||な夢を見た。
英語には||奇＊||な音韻論と||奇＊||な正書法があります。","きみょう,奇妙","",Guess the term having 2 (Grade-7 level) Kanji or its reading(not strictly same reading as one in the example),Text
"end rhyme; rhyme
||脚＊||と平仄が漢詩の基本的ルールとなっています。","きゃくいん,脚韻","",Guess the term having 2 (Grade-7 level) Kanji or its reading(not strictly same reading as one in the example),Text
"ceremonious; constrained; cramped; formal; narro..
このパジャマはもうトムには||窮＊||そうね。新しいの買おうね。
人間関係が||窮＊||に感じる時ってありませんか？
列車のコンパートメントはすぐ||窮＊||になる。
非の打ち所がない計画は、||窮＊||だなあ。","きゅうくつ,窮屈","ceremonious; constrained; cramped; formal; narrow; rigid; stiff; strict; tight; tight (e.g. finances); uncomfortable",Guess the term having 2 (Grade-7 level) Kanji or its reading(not strictly same reading as one in the example),Text
"destitution; indigence; penury; poverty; privati..
彼はそんな||窮＊||の中でどうやって暮らしていたのか。
飢饉が人々にひどい||窮＊||をもたらした。","きゅうぼう,窮乏","destitution; indigence; penury; poverty; privation",Guess the term having 2 (Grade-7 level) Kanji or its reading(not strictly same reading as one in the example),Text
"hill
飛行機から見ると、小さな||丘＊||は平地のように見える。","きゅうりょう,丘陵","",Guess the term having 2 (Grade-7 level) Kanji or its reading(not strictly same reading as one in the example),Text
"chanticleer; cock; rooster
毎朝、||雄＊||が鳴きます。","おんどり,雄鶏","",Guess the term having 2 (Grade-7 level) Kanji or its reading(not strictly same reading as one in the example),Text
"brat; hungry ghost; kid; little devil; preta; ur..
我こそは汝が父の亡靈なれ。只眞夜中の若千時のみ、閻浮にさまよふ許あれども、娑婆にて犯しゝ罪業の燒き淨めらるゝそれまでは、焦熱地獄の||餓＊||の苦しみ。","がき,餓鬼","brat; hungry ghost; kid; little devil; preta; urchin",Guess the term having 2 (Grade-7 level) Kanji or its reading(not strictly same reading as one in the example),Text
"isolation; quarantine; segregation; separation
その伝染病患者は他の患者から||隔＊||された。
病院は院内感染を防ぐため、感染患者を||隔＊||した。
私たちは、一人の患者を残りの患者から||隔＊||した。
細菌などから||隔＊||するため、面会謝絶となっています。","かくり,隔離","",Guess the term having 2 (Grade-7 level) Kanji or its reading(not strictly same reading as one in the example),Text
"cruel; hard; harsh; rigorous; severe
||苛＊||な価格競争の中で、Ａ社は我々をけしかけてＢ社と戦わせて漁夫の利を得ようとしている。","かこく,苛酷","",Guess the term having 2 (Grade-7 level) Kanji or its reading(not strictly same reading as one in the example),Text
"brackets; parentheses
この語句は、||括＊||で囲んだ方がいいよ。
||括＊||に当てはまる単語を答えなさい。
||括＊||は使わず、補足情報はコメント欄にてご対応ください。必要に応じて、2文を追加することもできます。
||括＊||を含む式を||括＊||を含まない式に変形する。","かっこ,括弧","",Guess the term having 2 (Grade-7 level) Kanji or its reading(not strictly same reading as one in the example),Text
"acclamation; applause; cheers; ovation
友人がトロフィーを手渡されたとき、私は||喝＊||せずにはいられなかった。
宇宙飛行士たちは、彼らの熱狂的な歓呼と||喝＊||で迎えられた。
宇宙飛行士達は熱狂した人々の励ましと||喝＊||に迎えられた。
彼の名演技に観客はやんやの||喝＊||を送った。","かっさい,喝采","",Guess the term having 2 (Grade-7 level) Kanji or its reading(not strictly same reading as one in the example),Text
"complication; conflict; discord; troubles
Chines..
人種間には様々な||葛＊||、軋轢があることは、本書においても明らかにされているところである。
悲劇の本質は、短編小説のそれと同じように、その||葛＊||である。
父と私の||葛＊||に、彼は気付いていないようです。","かっとう,つづらふじ,葛藤","complication; conflict; discord; troubles
Chinese moonseed (Sinomenium acutum); complex inter-relationship (as in the struggle between two types of vine over one piece of land)",Guess the term having 2 (Grade-7 level) Kanji or its reading(not strictly same reading as one in the example),Text
"late spring frost
その植物は||遅＊||で被害を受けた。","おそじも,遅霜","",Guess the term having 2 (Grade-7 level) Kanji or its reading(not strictly same reading as one in the example),Text
"shoulder width (breadth)
この||肩＊||は見るからに強い。
ジムは||肩＊||が広い。
トムは||肩＊||が広い。
トムは||肩＊||が狭い。
彼は||肩＊||が広い。
彼は||肩＊||が狭い。","かたはば,肩幅","",Guess the term having 2 (Grade-7 level) Kanji or its reading(not strictly same reading as one in the example),Text
"gorgeous; magnificent; splendid
すごく||華＊||だったわ。
女王は||華＊||な銀色のドレスを着ていた。","かれい,華麗","",Guess the term having 2 (Grade-7 level) Kanji or its reading(not strictly same reading as one in the example),Text
"draft; exchange (e.g. foreign); money order
この||為＊||を作るのに銀行の手数料が５０ドルかかった。","かわし,かわせ,為替","",Guess the term having 2 (Grade-7 level) Kanji or its reading(not strictly same reading as one in the example),Text
"admiring (someone) greatly; removing one's hat; ..
あなたの優れた御判断には||脱＊||です。
だれもが||脱＊||する方はどなた。
君には||脱＊||するよ。
白黒をはっきりさせるあなたへ||脱＊||します。
||脱＊||です。","だつぼう,脱帽","admiring (someone) greatly; removing one's hat; taking one's hat off to",Guess the term having 2 (Grade-7 level) Kanji or its reading(not strictly same reading as one in the example),Text
"alms; almsgiver; almsgiving; boss; governor; hus..
トムはメアリーの娘の||旦＊||さんよ。
トムはメアリーの||旦＊||さんです。
トムは妹の||旦＊||さんです。
トムは妹の||旦＊||よ。
メアリーは||旦＊||より年上だ。
よく||旦＊||さんに嘘をつきますか？
彼はいい||旦＊||さんになるわよ。
彼女の||旦＊||さんは私の友達です。
||旦＊||さんのことまだ愛してるの？
私の||旦＊||、いい男よ。","だんな,旦那","alms; almsgiver; almsgiving; boss; governor; husband; master; master (of a house, shop, etc.); patron of a mistress, geisha, bar or nightclub hostess; sir; sugar daddy",Guess the term having 2 (Grade-7 level) Kanji or its reading(not strictly same reading as one in the example),Text
"annealing; disciplining; forging; tempering (met..
コーヒーひとつ淹れるにも||鍛＊||が必要なのよ。","たんれん,鍛錬","annealing; disciplining; forging; tempering (metal); toughening; training",Guess the term having 2 (Grade-7 level) Kanji or its reading(not strictly same reading as one in the example),Text
"transcendence; transcendency
彼は凡俗を||超＊||している。","ちょうえつ,超越","",Guess the term having 2 (Grade-7 level) Kanji or its reading(not strictly same reading as one in the example),Text
"discipline; punishment; reprimand
シンガポールでは罪人を||懲＊||する方法としてむち打ちがある。","ちょうばつ,懲罰","",Guess the term having 2 (Grade-7 level) Kanji or its reading(not strictly same reading as one in the example),Text
"bound; jump; leap; skip
いったん着地した怪物は、瞬間ふたたび||跳＊||して私の頭上にいた。","ちょうやく,跳躍","",Guess the term having 2 (Grade-7 level) Kanji or its reading(not strictly same reading as one in the example),Text
"free medical treatment; gratuitous treatment
ウドゥの奏者を||施＊||した。","せりょう,施療","",Guess the term having 2 (Grade-7 level) Kanji or its reading(not strictly same reading as one in the example),Text
"common name; popular name
酒豪とは、アルコール飲料を大量に飲むことが出来、さらにこれで酔態をさらさない者の||俗＊||である。","ぞくしょう,俗称","",Guess the term having 2 (Grade-7 level) Kanji or its reading(not strictly same reading as one in the example),Text
"shooting; sniping
大正12年12月27日に皇太子が難波大助に||狙＊||された。
新たなる||狙＊||が別の友を殺す。","そげき,狙撃","",Guess the term having 2 (Grade-7 level) Kanji or its reading(not strictly same reading as one in the example),Text
"lawsuit; litigation
その||訴＊||の判事は公平ではなかった。
会社は元会計を相手取って||訴＊||を起こした。
彼女は彼を相手取って損害賠償の||訴＊||を起こした。
法廷はその||訴＊||に判決を下した。
私はその医者を相手取って||訴＊||を起こした。
私は||訴＊||に変わるものがあればなんでもいい。
裁判官は非常にすばやくその||訴＊||を片づけた。
||訴＊||は未決である。
||訴＊||リスクの高さも産科医にのしかかる。","そしょう,訴訟","",Guess the term having 2 (Grade-7 level) Kanji or its reading(not strictly same reading as one in the example),Text
"idle; indolent; lazy; slothful
何と||怠＊||な先生なのだ！
勤勉な人は||怠＊||を軽蔑する。
彼はとても||怠＊||な少年だ。
彼は||怠＊||な学生だ。
彼は生まれつき||怠＊||だ。
彼女は私の||怠＊||を叱った。
||怠＊||が私の欠点である。
||怠＊||は失敗を招く。
||怠＊||は悪徳のもと。
||怠＊||は破滅の原因となる。","たいだ,怠惰","",Guess the term having 2 (Grade-7 level) Kanji or its reading(not strictly same reading as one in the example),Text
"apprehension; arrest; capture
あなたを||逮＊||します。
トムが||逮＊||された。
トムは翌日に||逮＊||された。
トムは誤って||逮＊||された。
彼らは||逮＊||された。
彼女は警察に||逮＊||された。
犯人は警察に||逮＊||された。
私は||逮＊||されたんですか？
警察は容疑者を||逮＊||した。
警察は強盗を||逮＊||した。","たいほ,逮捕","",Guess the term having 2 (Grade-7 level) Kanji or its reading(not strictly same reading as one in the example),Text
"carelessness; neglect; negligence; procrastinati..
この不幸は彼の||怠＊||が原因なのです。
その事故の責任は管理人の||怠＊||にある。
その事故は彼女の||怠＊||から起こった。
僕は君の||怠＊||が気に入らないんだ。
彼は私を、||怠＊||だと叱った。
彼は私を、||怠＊||だと言って叱った。
彼は私を、||怠＊||であることで叱った。
彼女は||怠＊||という理由で解雇された。
随分と||怠＊||な教師だな！","たいまん,怠慢","carelessness; neglect; negligence; procrastination",Guess the term having 2 (Grade-7 level) Kanji or its reading(not strictly same reading as one in the example),Text
"excellence; preeminence; superiority; transcende..
スポーツと演芸の分野でのオーストラリア人の||卓＊||。
ピカソは||卓＊||した画家だ。","たくえつ,卓越","excellence; preeminence; superiority; transcendence",Guess the term having 2 (Grade-7 level) Kanji or its reading(not strictly same reading as one in the example),Text
"beautiful; graceful
||秀＊||な富士山も、一歩足を踏み入れれば、岩石の露出した、荒々しい姿を現す。","しゅうれい,秀麗","",Guess the term having 2 (Grade-7 level) Kanji or its reading(not strictly same reading as one in the example),Text
"sweet-and-sour pork
中華では、||酢＊||が一番好きです。
||酢＊||の作り方が分からない。
||酢＊||の作り方は知らないな。
||酢＊||は、私が一番好きな中華料理です。","すぶた,酢豚","",Guess the term having 2 (Grade-7 level) Kanji or its reading(not strictly same reading as one in the example),Text
"appalling; ghastly; gruesome; lurid
その事故の映像は思わず目をそむけたくなるほど||凄＊||なものだった。","せいさん,凄惨","",Guess the term having 2 (Grade-7 level) Kanji or its reading(not strictly same reading as one in the example),Text
"one-armed person; one-handed person
トムは||隻＊||です。","せきわん,隻腕","",Guess the term having 2 (Grade-7 level) Kanji or its reading(not strictly same reading as one in the example),Text
"locking
この扉は内側から||施＊||されている。
ドアが||施＊||されていて、私達は中へ入れなかった。
君は全部のドアを||施＊||するか、せめて閉じるべきだった。
門を||施＊||してください。","せじょう,施錠","",Guess the term having 2 (Grade-7 level) Kanji or its reading(not strictly same reading as one in the example),Text
"larceny; stealing; theft
これはもう||窃＊||じゃないか？
トムは||窃＊||の理由で解雇された。
ベティは||窃＊||の前科がある。
彼には||窃＊||の罪がある。
彼に||窃＊||の嫌疑がかかっている。
彼は||窃＊||の疑いをかけられている。
彼女は||窃＊||の害悪について私に述べた。
彼女は||窃＊||の罪を犯している。
犯人は||窃＊||を自供した。
||窃＊||の現場を押さえられた。","せっとう,窃盗","",Guess the term having 2 (Grade-7 level) Kanji or its reading(not strictly same reading as one in the example),Text
"invasion
それは||侵＊||である。
台湾は中国の||侵＊||に備えている。","しんこう,侵攻","",Guess the term having 2 (Grade-7 level) Kanji or its reading(not strictly same reading as one in the example),Text
"infiltration (e.g. of ideas); osmosis; penetrati..
世間にアピールしてるけどまったく||浸＊||してない。
日本からの輸入製品がアメリカの消費者市場に||浸＊||するには長い時間がかかった。
民主主義の精神がわれわれの日常生活の中に||浸＊||するには相当の年月がかかると思います。
科学技術は我々の生活のあらゆる側面に||浸＊||するようになり、その結果として社会は全く前例のない速度で変化しつつある。","しんとう,浸透","infiltration (e.g. of ideas); osmosis; penetration (e.g. into a market); percolation; permeation (of a liquid, etc.); permeation (of thought, ideology, culture, etc.); pervasion; soaking; spread",Guess the term having 2 (Grade-7 level) Kanji or its reading(not strictly same reading as one in the example),Text
"endurance; patience; perseverance
もうちょっとの||辛＊||よ。
もうちょっと||辛＊||して。
もう少しの||辛＊||だ。
||辛＊||こそ大事なんだ。
||辛＊||しなさい。
||辛＊||できないよ。","しんぼう,辛抱","",Guess the term having 2 (Grade-7 level) Kanji or its reading(not strictly same reading as one in the example),Text
"decay; decline; ebb
近年多くのそれぞれの地方の伝統が||衰＊||してきている。","すいび,衰微","",Guess the term having 2 (Grade-7 level) Kanji or its reading(not strictly same reading as one in the example),Text
"drowsiness; Morpheus; sleepiness; the sandman
いつしか||睡＊||が忍び寄った。
||睡＊||と空戦わなくちゃ。","すいま,睡魔","",Guess the term having 2 (Grade-7 level) Kanji or its reading(not strictly same reading as one in the example),Text
"sleep
その音が||睡＊||を妨げた。
人は十分な||睡＊||が必要だ。
||睡＊||が一番の薬だよ。
||睡＊||は健康に必要だ。
||睡＊||は大切だよ。
||睡＊||は生きるのに必要だ。
||睡＊||は薬に勝る。
||睡＊||ほどよいものはない。
私は十分な||睡＊||をとった。
騒音が彼の||睡＊||を妨げた。","すいみん,睡眠","",Guess the term having 2 (Grade-7 level) Kanji or its reading(not strictly same reading as one in the example),Text
"brilliant technique; mastery; remarkable ability..
とってもいい会社ですよ。社長は||凄＊||だし、社員はみんな一生懸命だよ。","すごうで,凄腕","brilliant technique; mastery; remarkable ability; go-getter; resourceful person; virtuoso; wizard",Guess the term having 2 (Grade-7 level) Kanji or its reading(not strictly same reading as one in the example),Text
"fiber; fibre; textile
マイクロファイバークロスは、髪の毛の１００分の１という細さの||繊＊||で編みあげられたクロスです。
||繊＊||ニュースは||繊＊||産業関係者に愛読者が多い。
||繊＊||に対して直角に切ってください。","せんい,繊維","",Guess the term having 2 (Grade-7 level) Kanji or its reading(not strictly same reading as one in the example),Text
"exclusive possession; occupation (e.g. of territ..
兵士たちが建物を||占＊||した。
反乱軍は放送局を||占＊||した。","せんきょ,占拠","exclusive possession; occupation (e.g. of territory)",Guess the term having 2 (Grade-7 level) Kanji or its reading(not strictly same reading as one in the example),Text
"enquiry into; exploration; inquiry into; investi..
あれこれ||詮＊||するのはよしましょう。
人はお互いに家の||詮＊||するのが大好きなのだ。
君は他人のことを||詮＊||しすぎる。
私生活を||詮＊||しないでよ。","せんさく,詮索","enquiry into; exploration; inquiry into; investigation; prying (into); search",Guess the term having 2 (Grade-7 level) Kanji or its reading(not strictly same reading as one in the example),Text
"Zen priest
||禅＊||は新宿駅のあたりで托鉢しています。","ぜんそう,禅僧","",Guess the term having 2 (Grade-7 level) Kanji or its reading(not strictly same reading as one in the example),Text
"ambush; concealment; dormancy; hiding; incubatio..
容疑者は三週間山に||潜＊||していた。","せんぷく,潜伏","ambush; concealment; dormancy; hiding; incubation; latency",Guess the term having 2 (Grade-7 level) Kanji or its reading(not strictly same reading as one in the example),Text
"Japanese cracker; rice cookie; rice cracker; sen..
あらやだ、このお||煎＊||もう湿気ってる。","せんべい,煎餅","Japanese cracker; rice cookie; rice cracker; senbei; wafer",Guess the term having 2 (Grade-7 level) Kanji or its reading(not strictly same reading as one in the example),Text
"striking; vivid
空と山の対比が||鮮＊||だ。","せんれつ,鮮烈","",Guess the term having 2 (Grade-7 level) Kanji or its reading(not strictly same reading as one in the example),Text
"funeral; funeral service
トムの||葬＊||には多くの人が参列した。
君主はその||葬＊||に出席することになっている。
彼の政敵すべてが彼の||葬＊||に現れた。
彼女は||葬＊||に参加するだけでなく、すべての段取りをつけなくてはならない。
私は彼の||葬＊||に参加した。
||葬＊||は我々で行います。","そうぎ,葬儀","",Guess the term having 2 (Grade-7 level) Kanji or its reading(not strictly same reading as one in the example),Text
"being confronted with (e.g. a difficulty); encou..
クズリは非常に有害な野獣であるので、熊さえ、クズリに||遭＊||するのを回避しようとする。
この前学校の帰りに古本屋に寄ったら長い間探してた本に||遭＊||した。
私たちは多くの困難に||遭＊||した。","そうぐう,遭遇","being confronted with (e.g. a difficulty); encounter; meeting with (e.g. an accident); running into",Guess the term having 2 (Grade-7 level) Kanji or its reading(not strictly same reading as one in the example),Text
"legally authorized search of a person, building,..
彼は行方不明の母の||捜＊||に着手した。
私たちは散開して森の中を||捜＊||した。
脱走者に対する||捜＊||が始まっている。
行方不明の子供を||捜＊||しています。
警察はその家を徹底的に||捜＊||した。
警察は||捜＊||を打ち切った。
警察は犯人の全国的な||捜＊||を開始した。
警察は行方不明の子供を||捜＊||した。","そうさく,捜索","legally authorized search of a person, building, etc.; manhunt; search (esp. for someone or something missing)",Guess the term having 2 (Grade-7 level) Kanji or its reading(not strictly same reading as one in the example),Text
"presentation (of a gift, prize, etc.)
その女優は演じ終わると花束を||贈＊||された。
優勝者には、地元のカーディーラーから新車が||贈＊||されました。
私達は彼に時計を||贈＊||した。","ぞうてい,贈呈","",Guess the term having 2 (Grade-7 level) Kanji or its reading(not strictly same reading as one in the example),Text
"bonze; monk; priest
そんな折、重い結核を患ったヒンドゥー教の||僧＊||が運ばれました。 マザー・テレサは、他の人と同じく||僧＊||を介抱しました。
彼は||僧＊||に近い禁欲生活をしている。","そうりょ,僧侶","",Guess the term having 2 (Grade-7 level) Kanji or its reading(not strictly same reading as one in the example),Text
"magnificence; pompousness; splendor; splendour
王は||壮＊||な宮殿で有名だった。","そうれい,壮麗","",Guess the term having 2 (Grade-7 level) Kanji or its reading(not strictly same reading as one in the example),Text
"bribery; graft
商人はその政治家に||贈＊||した。","ぞうわい,贈賄","",Guess the term having 2 (Grade-7 level) Kanji or its reading(not strictly same reading as one in the example),Text
"deposition; precipitation; settlement (e.g. of s..
Abderhalden が記載したシスチン尿症によると思われる21月幼児の死亡例においてさえ尿における合併症の他には組織におけるシスチンの||沈＊||が病理解剖のときに見られた顕著な病変であった。","ちんでん,沈殿","deposition; precipitation; settlement (e.g. of sediment)",Guess the term having 2 (Grade-7 level) Kanji or its reading(not strictly same reading as one in the example),Text
"cliched; hackneyed; stale
トムが自慢げに持ち出すアイデアは、いつも||陳＊||なものばかりだ。","ちんぷ,陳腐","",Guess the term having 2 (Grade-7 level) Kanji or its reading(not strictly same reading as one in the example),Text
"foundering; getting dead drunk; going down; havi..
1912年、タイタニック号は処女航海中に||沈＊||した。
アテネへ向かう一隻の貨物船が何の痕跡も残さずに地中海で||沈＊||した。
その船は出帆して２日後に||沈＊||した。
タイタニック号が最初の航海中に||沈＊||したのは１９１２年のことだ。
タイタニック号は処女航海で||沈＊||した。
トムの祖父が乗っていた船は、魚雷により||沈＊||した。
彼らは||沈＊||する船を見捨てた。
船が||沈＊||してしまってのち、船の残骸が引き上げられた。
船は乗務員全員を乗せたまま||沈＊||した。","ちんぼつ,沈没","foundering; getting dead drunk; going down; having too much fun (esp. in a red-light district, etc.) and missing work or neglecting one's duties; sinking; staying in one place for a long time; submersion",Guess the term having 2 (Grade-7 level) Kanji or its reading(not strictly same reading as one in the example),Text
"fantastic; odd; queer
どうしてこんな||珍＊||な名前をつけたのか？","ちんみょう,珍妙","",Guess the term having 2 (Grade-7 level) Kanji or its reading(not strictly same reading as one in the example),Text
"being silent; hush; inaction; quiet; reticence; ..
しばしの||沈＊||があった。
その後長い||沈＊||が続いた。
再び||沈＊||があった。
弁舌は銀、||沈＊||は金。
彼らは||沈＊||を破った。
||沈＊||せよ、そうでなければ||沈＊||に優ることを言え。
||沈＊||は同意を表す。
||沈＊||は承諾の印。
||沈＊||は金。
短い||沈＊||があった。","ちんもく,沈黙","being silent; hush; inaction; quiet; reticence; silence;Silence (1966 novel by Shusaku Endo)",Guess the term having 2 (Grade-7 level) Kanji or its reading(not strictly same reading as one in the example),Text
"well bucket
朝顔に||釣＊||とられて、貰ひ水。","つるべ,釣瓶","",Guess the term having 2 (Grade-7 level) Kanji or its reading(not strictly same reading as one in the example),Text
"drag; electrical resistance; friction; resistanc..
あなたが||抵＊||しても無駄だ。
あなたは||抵＊||できない。
兵士たちは敵の攻撃に||抵＊||した。
彼らは不屈の||抵＊||をした。
彼らは侵略者に||抵＊||した。
||抵＊||がある。
無駄な||抵＊||はやめなさい。
誘惑に||抵＊||することは難しい。
誰も||抵＊||できない。
防衛者達は強い||抵＊||を見せた。","ていこう,抵抗","drag; electrical resistance; friction; resistance; resistor; opposition; reluctance; repugnance; repulsion; resistance; standing up to",Guess the term having 2 (Grade-7 level) Kanji or its reading(not strictly same reading as one in the example),Text
"bog; dire situation from which one cannot extric..
トムは||泥＊||にはまった。
トムは||泥＊||に突っ込んだ。
私たちは書類事務の||泥＊||に陥っていた。","でいしょう,どろぬま,泥沼","bog; dire situation from which one cannot extricate oneself; imbroglio; marsh; morass; quagmire; quandary; swamp",Guess the term having 2 (Grade-7 level) Kanji or its reading(not strictly same reading as one in the example),Text
"collision; conflict (with a theory, claim, etc.)..
これらのストラテジーがエメット理論と||抵＊||するかもしれないというのが、彼らの仮説である。","ていしょく,抵触","collision; conflict (with a theory, claim, etc.); contact; contradiction; contravention; incompatibility; inconsistency; infringement (of a law, treaty, etc.); running afoul; touching",Guess the term having 2 (Grade-7 level) Kanji or its reading(not strictly same reading as one in the example),Text
"being dead drunk; drunken stupor
トムは||泥＊||していた。
ゆうべ、||泥＊||のみずきは湖のほとりを歩いていて、水の中に落ちてしまった。
公園で酔っ払いが騒いでいると近隣住民から通報があり、警察官が駆けつけたところ、||泥＊||し全裸になった草彅が一人でいた。
彼は||泥＊||していたため、家まで運転できなかった。
昨夜は||泥＊||してお風呂に入らないで寝ちゃった。
||泥＊||しちゃってるね。
結婚直前、||泥＊||の父親は「何処の馬の骨か解らん奴に娘をやれん！」と花婿に怒鳴りつけた。","でいすい,泥酔","",Guess the term having 2 (Grade-7 level) Kanji or its reading(not strictly same reading as one in the example),Text
"abolition; annulment; repeal; rescission
こうした古い規則は||撤＊||しなければなりません。
わたしたちの会社はマンモス会社で、繁雑な面を少くし能率を上げるために、改正あるいは||撤＊||すべき規則とか規約がいくつかある。
日本がそれらの不当な関税を||撤＊||しなければ、アメリカは制裁措置を取るだろう。
日本がそれらの障壁を||撤＊||しなければ米国は制裁措置を取るだろう。
日本が不公平な関税を||撤＊||しなければ、米国は制裁措置をとるだろう。
日本が不当な関税を||撤＊||しない限り、合衆国は制裁を科すだろう。
私は死刑制度を||撤＊||するつも","てっぱい,撤廃","",Guess the term having 2 (Grade-7 level) Kanji or its reading(not strictly same reading as one in the example),Text
"correction; looking over; touching up
あとで||添＊||せにゃ。
丁寧に||添＊||してくださってありがとうございます。自分の間違いがとてもよく分かりました。
先生は私たちの課題を||添＊||します。
彼は試験答案の||添＊||をするのに忙しい。
||添＊||していただいてありがとうございました。
自分の作文を先生に||添＊||してもらった。","てんさく,添削","",Guess the term having 2 (Grade-7 level) Kanji or its reading(not strictly same reading as one in the example),Text
"being equipped with; equipping (an aircraft, car..
このスマホにはARMプロセッサが||搭＊||されています。
この車はディーゼルエンジンを||搭＊||しています。
大容量のＲＡＭが||搭＊||されていると、メモリ不足を示すエラーメッセージが表示される。
米航空宇宙局によれば、ガリレオ||搭＊||のものと類似した発電機を||搭＊||して行った宇宙飛行２２回のうち、３回の飛行で事故が発生したとのことです。","とうさい,搭載","being equipped with; equipping (an aircraft, car, etc.) with; loading (on a ship)",Guess the term having 2 (Grade-7 level) Kanji or its reading(not strictly same reading as one in the example),Text
"inversion; perversion
「好色と||倒＊||の違いとは？」「好色なら羽を使うが、||倒＊||なら鶏をまるごと使う」","とうさく,倒錯","",Guess the term having 2 (Grade-7 level) Kanji or its reading(not strictly same reading as one in the example),Text
"non-consensual photography; peeping photos; snea..
実は、大きな声で言えませんが、ここ最近このビーチで若い女性が||盗＊||されたうわさがあるんです。","とうさつ,盗撮","non-consensual photography; peeping photos; sneak photography",Guess the term having 2 (Grade-7 level) Kanji or its reading(not strictly same reading as one in the example),Text
"continuing with; following (a precedent, former ..
私は前任者の方針を||踏＊||する考えです。","とうしゅう,踏襲","continuing with; following (a precedent, former policy, etc.); observing; sticking to",Guess the term having 2 (Grade-7 level) Kanji or its reading(not strictly same reading as one in the example),Text
"bandit; burglar; robber; thief
ここでは||盗＊||にご用心。
それが||盗＊||の通り言葉です。
||盗＊||が暗い戸口に潜んでいた。
||盗＊||の一団が一行に襲いかかった。
||盗＊||は彼を縛り上げて窓から逃走した。","とうぞく,盗賊","",Guess the term having 2 (Grade-7 level) Kanji or its reading(not strictly same reading as one in the example),Text
"bug; interception (email); wiretap
||盗＊||の心配はない。","とうちょう,盗聴","",Guess the term having 2 (Grade-7 level) Kanji or its reading(not strictly same reading as one in the example),Text
"abrupt; sudden
それはいささか||唐＊||だ。
||唐＊||な質問に彼は泡を食った。
彼女は記者に突きつけられた||唐＊||な質問に当惑した様子だった。","とうとつ,唐突","",Guess the term having 2 (Grade-7 level) Kanji or its reading(not strictly same reading as one in the example),Text
"escape; evasion; flight
前のやっていることは現実からの||逃＊||に過ぎない。
誰にも知的な願いがあるが、私の願いは私が知っているような人生から||逃＊||することである。","とうひ,逃避","",Guess the term having 2 (Grade-7 level) Kanji or its reading(not strictly same reading as one in the example),Text
"cultivation; education; making pottery and casti..
彼女は大量の本を読んで精神を||陶＊||した。","とうや,陶冶","cultivation; education; making pottery and casting metal; training",Guess the term having 2 (Grade-7 level) Kanji or its reading(not strictly same reading as one in the example),Text
"base stealing; steal; stolen base
その走者は３塁に||盗＊||した。","とうるい,盗塁","",Guess the term having 2 (Grade-7 level) Kanji or its reading(not strictly same reading as one in the example),Text
"as soon as; at the moment that; in the act of; j..
その知らせを聞いた||途＊||、トムはわっと泣き出した。
その知らせを聞いた||途＊||、彼女はわっと泣き出した。
ドアを開けた||途＊||、飼い犬が駆け寄ってくる。
家に着いた||途＊||、電話が鳴った。
帰宅した||途＊||、雨が降り始めた。
座った||途＊||、寝てしまった。
彼女に会った||途＊||、僕は恋に落ちた。
真由は映画が始まった||途＊||、寝ました。
講演者がそう言った||途＊||、聴衆はどっと笑った。","とたん,途端","as soon as; at the moment that; in the act of; just (now, at the moment, etc.); just as",Guess the term having 2 (Grade-7 level) Kanji or its reading(not strictly same reading as one in the example),Text
"freeing oneself of; growing out of; outgrowing; ..
夫の会社人間からの||脱＊||を始め、新しい夫婦関係を再構築し、ゆとりある家庭生活を形成することが理想であろう。
少子化からの||脱＊||には、非婚マザーの増大が必須なのに、日本の世論はなぜかこの議論を避けている。","だっきゃく,脱却","freeing oneself of; growing out of; outgrowing; overcoming; ridding oneself",Guess the term having 2 (Grade-7 level) Kanji or its reading(not strictly same reading as one in the example),Text
"dislocation
右腕の関節が||脱＊||したようです。","だっきゅう,脱臼","",Guess the term having 2 (Grade-7 level) Kanji or its reading(not strictly same reading as one in the example),Text
"breaking out of prison; escaping from prison; ja..
１０人の囚人たちが||脱＊||した。
そんなふうに彼は||脱＊||した。
囚人たちは||脱＊||を試みた。
囚人は||脱＊||した。
彼は||脱＊||した。
彼らがどうやって||脱＊||したのかは謎だ。
彼らは刑務所から||脱＊||した。
警察は||脱＊||した犯人を追跡している。","だつごく,脱獄","breaking out of prison; escaping from prison; jailbreak; jailbreaking (a smartphone, video game console, etc.)",Guess the term having 2 (Grade-7 level) Kanji or its reading(not strictly same reading as one in the example),Text
"collapse; crumbling; destruction
１週間後に、その家は||倒＊||した。
この台風で多くの家が||倒＊||した。
この小屋は||倒＊||のおそれがある。
その地震で全村が||倒＊||した。
その家は今にも||倒＊||しそうだった。
家は||倒＊||し、石の山と化した。
昨日、日本では地震が原因で多くの建物が||倒＊||しました。","とうかい,倒壊","",Guess the term having 2 (Grade-7 level) Kanji or its reading(not strictly same reading as one in the example),Text
"cave; cavern; grotto
これは||洞＊||です。
トムは||洞＊||に入ったよ。
トムは||洞＊||に閉じ込められた。
||洞＊||の中は、真っ暗だった。
||洞＊||の中は真っ暗だった。
||洞＊||は暗い。
||洞＊||は真っ暗だった。
||洞＊||は蛍でいっぱいだ。
||洞＊||を脱出！
私たちは||洞＊||の中に入った。","どうくつ,洞窟","",Guess the term having 2 (Grade-7 level) Kanji or its reading(not strictly same reading as one in the example),Text
"all of a sudden; suddenly; unexpectedly
||突＊||、胃に激痛が走った。
||突＊||その職員がキレた。","とつじょ,突如","",Guess the term having 2 (Grade-7 level) Kanji or its reading(not strictly same reading as one in the example),Text
"miso soup with pork and vegetables; pork miso so..
小さい頃は||豚＊||が苦手だったけど、今は大丈夫よ。","とんじる,ぶたじる,豚汁","miso soup with pork and vegetables; pork miso soup",Guess the term having 2 (Grade-7 level) Kanji or its reading(not strictly same reading as one in the example),Text
"all the more; even less; even more; still less; ..
期待していたので、||尚＊||がっかりした。","なおさら,尚更","all the more; even less; even more; still less; still more",Guess the term having 2 (Grade-7 level) Kanji or its reading(not strictly same reading as one in the example),Text
"servant; slave; slavery
あなたは習慣の||奴＊||ですか？
その||奴＊||は必死に逃げた。
リンカーンは||奴＊||を解放した。
人間は習慣の||奴＊||である。
||奴＊||たち自身の生活。
少年は||奴＊||として売られた。
彼らは||奴＊||のように労働した。
彼ら単なる習慣の||奴＊||だ。
私は||奴＊||です。
私は||奴＊||になろうと思わないと同じように、||奴＊||の主人になろうとも思わない。","どれい,奴隷","",Guess the term having 2 (Grade-7 level) Kanji or its reading(not strictly same reading as one in the example),Text
"expressing one's mind; speaking out
彼は隠さずに心情を||吐＊||した。","とろ,吐露","",Guess the term having 2 (Grade-7 level) Kanji or its reading(not strictly same reading as one in the example),Text
"Buddhist nun; Catholic nun; sister
||尼＊||はお祈りをして十字を切った。","にそう,尼僧","",Guess the term having 2 (Grade-7 level) Kanji or its reading(not strictly same reading as one in the example),Text
"conception; gestation; pregnancy
||妊＊||したの。
||妊＊||しています。
||妊＊||してるの？
彼女は||妊＊||した。
私が||妊＊||した？
私は||妊＊||している。
私は||妊＊||してます。","にんしん,妊娠","",Guess the term having 2 (Grade-7 level) Kanji or its reading(not strictly same reading as one in the example),Text
"endurance; patience; perseverance
君は||忍＊||の稽古がいるね。
彼の||忍＊||も限界にきた。
||忍＊||の限界もある。
||忍＊||は徳の一つです。
||忍＊||は最も美しい美徳だ。
||忍＊||は近頃まれな美徳です。
英語を学ぶには||忍＊||が要る。","にんたい,忍耐","",Guess the term having 2 (Grade-7 level) Kanji or its reading(not strictly same reading as one in the example),Text
"catgirl; character who looks, acts, etc. like a ..
||猫＊||は好き。","ねこむすめ,猫娘","catgirl; character who looks, acts, etc. like a cat",Guess the term having 2 (Grade-7 level) Kanji or its reading(not strictly same reading as one in the example),Text
"bed; bedroom; berth; cot; crib; kip
君の||寝＊||の敷き方通りに、君は寝なくてはならない。
子供は||寝＊||ですっかり目を覚ましている。
||寝＊||にずっといたいような日だ。
寝返りうつのも苦労するほどせまい||寝＊||って、どうよ？
父は私に||寝＊||の中で本を読むなと言いました。
飯の後、俺は||寝＊||についた。","ねどこ,寝床","",Guess the term having 2 (Grade-7 level) Kanji or its reading(not strictly same reading as one in the example),Text
"oversleeping; sleeping in late; late riser; slee..
たいてい||寝＊||している。
トムは||寝＊||した。
また||寝＊||したの？
今朝、||寝＊||しちゃったんだ。
俺ら、||寝＊||したな。
彼はときどき||寝＊||する。
彼女は||寝＊||しました。
私は||寝＊||した。","ねぼう,寝坊","oversleeping; sleeping in late; late riser; sleepyhead",Guess the term having 2 (Grade-7 level) Kanji or its reading(not strictly same reading as one in the example),Text
"sprain; twist; wrench
あんなにかかとの高い靴はいてたら、すぐに||捻＊||しちゃうよな。
あんな底の厚いサンダル履いてたら、転んで||捻＊||しちゃうぞ。
この程度の||捻＊||なら、１週間程で治るでしょう。
どうやって足首を||捻＊||したの？
彼は転んで足首を||捻＊||した。
赤木キャプテンは練習中に足を||捻＊||したので、試合前にテーピングでガチガチに固めた。
足首を||捻＊||しちゃったんだ。
階段を踏みはずして足首を||捻＊||したようです。","ねんざ,捻挫","",Guess the term having 2 (Grade-7 level) Kanji or its reading(not strictly same reading as one in the example),Text
"mucous membrane
ストレスが胃の||粘＊||を荒らす原因のひとつは次のように考えられています。
乾燥した空気のせいで痛んだノドや鼻の||粘＊||は、風邪のウイルスが入り込みやすくなってしまいます。暖房器具で寒さ対策、加湿器で乾燥対策をしっかり行なうことが肝要です。","ねんまく,粘膜","",Guess the term having 2 (Grade-7 level) Kanji or its reading(not strictly same reading as one in the example),Text
"dark blue
ニューヨーク市の警官は||濃＊||の制服を着ている。
メアリーは、||濃＊||のスカートを身に着けていました。","のうこん,濃紺","",Guess the term having 2 (Grade-7 level) Kanji or its reading(not strictly same reading as one in the example),Text
"dense fog; heavy fog; thick fog
この||濃＊||の中で飛行するのは危険だ。
スミスさんは||濃＊||の中で道に迷った。
その便は||濃＊||のため欠航になりました。
周りに||濃＊||が立ちこめていた。
||濃＊||に加えてうねりも高かった。
||濃＊||のために道路が見えにくくなった。
||濃＊||のため人っ子一人見えなかった。
||濃＊||のため何も見えなかった。
||濃＊||のため何一つ見えなかった。
||濃＊||のため飛ぶのは危険だ。","のうむ,濃霧","",Guess the term having 2 (Grade-7 level) Kanji or its reading(not strictly same reading as one in the example),Text
"mediation (in Hegelianism); acting as a go-betwe..
ネズミはペストを||媒＊||します。
マラリアは蚊が||媒＊||する。","ばいかい,媒介","mediation (in Hegelianism); acting as a go-between; acting as an intermediary; agency; carrying (germs, diseases, etc.); mediation; serving as a medium; transmission",Guess the term having 2 (Grade-7 level) Kanji or its reading(not strictly same reading as one in the example),Text
"abandonment; abolition; abrogation; annulment; c..
その工場は古い機械類を||廃＊||することにした。
その本はすべて||廃＊||せよと彼らは要求した。
政府はこれらの法規を||廃＊||すべきである。","はいき,廃棄","abandonment; abolition; abrogation; annulment; cancellation; discarding; disposal; repeal; scrapping",Guess the term having 2 (Grade-7 level) Kanji or its reading(not strictly same reading as one in the example),Text
"remains; ruins (of a building, town, etc.)
あの古代の||廃＊||は、かつては神社だった。
この||廃＊||はかつて立派な宮殿であった。
その城は今では||廃＊||となっている。
その||廃＊||の光景は彼に戦争の意味を痛感させた。
その施設は爆破によって||廃＊||になった。
彼らは砂漠で||廃＊||と化した不思議な都市を見つけた。","はいきょ,廃虚","",Guess the term having 2 (Grade-7 level) Kanji or its reading(not strictly same reading as one in the example),Text
"denunciation; rejection
無論、神話は神話でよいのであって、それを||排＊||したりする必要はない。","はいげき,排撃","",Guess the term having 2 (Grade-7 level) Kanji or its reading(not strictly same reading as one in the example),Text
"compensation; damages; indemnity; reparations
彼は怪我の||賠＊||として多額の金を受け取った。","ばいしょう,賠償","",Guess the term having 2 (Grade-7 level) Kanji or its reading(not strictly same reading as one in the example),Text
"boycott; expulsion; ostracism; rejection
その国では日本製品を||排＊||する運動が起こっている。","はいせき,排斥","",Guess the term having 2 (Grade-7 level) Kanji or its reading(not strictly same reading as one in the example),Text
"micturition; urination
||排＊||の後、痛みがあります。
||排＊||の時に痛みがあります。
||排＊||の終わり頃に痛みがあります。","はいにょう,排尿","",Guess the term having 2 (Grade-7 level) Kanji or its reading(not strictly same reading as one in the example),Text
"frequent; incessant
そこでは台風が秋に||頻＊||に起こっている。
できるだけ||頻＊||に辞書を引きなさい。
トムは||頻＊||に映画をダウンロードする。
僕は||頻＊||に寝言を言う。
前ほど||頻＊||にボストンに行ってないんだ。
地震の影響で停電が||頻＊||に起きました。
日本は||頻＊||に地震に襲われる。
近頃は地震が||頻＊||で不気味だ。
電車はバスより||頻＊||に来ます。
||頻＊||にパーティーを開くのが大好きだ。","ひんぱん,頻繁","",Guess the term having 2 (Grade-7 level) Kanji or its reading(not strictly same reading as one in the example),Text
"ability; capability; competence; skill
彼は若かったが、||敏＊||だった。","びんわん,敏腕","",Guess the term having 2 (Grade-7 level) Kanji or its reading(not strictly same reading as one in the example),Text
"blockade; freezing (funds); lockdown; sealing of..
この港は||封＊||されうる。
この港は||封＊||される可能性がある。
兵隊が町への道を||封＊||した。
警察はそのエリアを||封＊||した。","ふうさ,封鎖","blockade; freezing (funds); lockdown; sealing off (an area)",Guess the term having 2 (Grade-7 level) Kanji or its reading(not strictly same reading as one in the example),Text
"envelope
もう||封＊||は持ってるよ。
||封＊||がいる。
||封＊||が必要だ。
||封＊||に切手をはります。
||封＊||に切手を貼りなさい。
||封＊||をください。
||封＊||を開けました。
彼は||封＊||を切って開けた。
彼は||封＊||を破って開けた。
私は||封＊||を破って開けた。","ふうとう,封筒","",Guess the term having 2 (Grade-7 level) Kanji or its reading(not strictly same reading as one in the example),Text
"diffusion; familiarization; popularization; prom..
スマートグラスが||普＊||するのは、いつになるだろうか？
テレビの||普＊||によって我々の読書の時間がかなり奪われている。
中世において、ミルクはまだ薬として||普＊||していた。
広告の目的は製品の名を消費者に||普＊||させることにある。
彼は世界政府という考えの||普＊||に努めた。
戦後日本では民主主義の理念が||普＊||した。
昔この習慣は日本中で||普＊||していた。
英語は世界で取り分け最も広く||普＊||している言語である。
英語は全国に||普＊||した。
電子商取引が急速","ふきゅう,普及","diffusion; familiarization; popularization; promulgation; spread",Guess the term having 2 (Grade-7 level) Kanji or its reading(not strictly same reading as one in the example),Text
"making public; making widely known; proclaiming;..
「まあその、自慢できる事でもないんだけど」というか、臆面もなく||吹＊||できる話でもない。","ふいちょう,吹聴","making public; making widely known; proclaiming; publicizing; spreading around (news, rumor, etc.)",Guess the term having 2 (Grade-7 level) Kanji or its reading(not strictly same reading as one in the example),Text
"wisteria arbor (arbour); wisteria pergola; wiste..
||藤＊||を見に行きたいな。","ふじだな,藤棚","wisteria arbor (arbour); wisteria pergola; wisteria trellis",Guess the term having 2 (Grade-7 level) Kanji or its reading(not strictly same reading as one in the example),Text
"affront; contempt (e.g. of court); insult; sligh..
その学生は先生を||侮＊||した。
その学生は教師を||侮＊||した。
トムはメアリーを||侮＊||した。
彼の冗談は||侮＊||に近い。
彼は||侮＊||されて腹を立てた。
彼は||侮＊||を受けた。
彼は公然と私を||侮＊||した。
彼は我がチームを||侮＊||した。
彼女は||侮＊||されて憤慨した。
私は人の前で||侮＊||された。","ぶじょく,侮辱","affront; contempt (e.g. of court); insult; slight",Guess the term having 2 (Grade-7 level) Kanji or its reading(not strictly same reading as one in the example),Text
"agitation; becoming heated (e.g. of a debate); b..
お湯が||沸＊||してなくなった。
お湯が||沸＊||して蒸発した。
国内は防衛問題で||沸＊||した。
水は100℃で||沸＊||します。
水は100度で||沸＊||する。
水は212?で||沸＊||します。
水は5分ほどで||沸＊||します。
水は摂氏１００℃で||沸＊||する。
水は摂氏100度で||沸＊||する。
水は||沸＊||すると蒸気になる。","ふっとう,沸騰","agitation; becoming heated (e.g. of a debate); boiling; excitement; fermentation; seething; shooting up; soaring (of prices)",Guess the term having 2 (Grade-7 level) Kanji or its reading(not strictly same reading as one in the example),Text
"dance (esp. Western style); dancing
机の上に||舞＊||についての本がある。","ぶとう,舞踏","",Guess the term having 2 (Grade-7 level) Kanji or its reading(not strictly same reading as one in the example),Text
"dance; dancing
||舞＊||がみたいのですが情報をください。","ぶよう,舞踊","",Guess the term having 2 (Grade-7 level) Kanji or its reading(not strictly same reading as one in the example),Text
"change; money transfer (usu. between accounts he..
ですから私たちは、社員が現金ではなく、エレクトロニクスによる||振＊||でお金を受け取るよう、説得に努めているのです。","ふりかえ,振替","change; money transfer (usu. between accounts held by the same person); postal transfer; switching over; transfer",Guess the term having 2 (Grade-7 level) Kanji or its reading(not strictly same reading as one in the example),Text
"long-sleeved kimono
彼女たちが昨年の夏前に、嬉しそうに「袴にしようか？||振＊||にしようか？」と話していたのを思い出すと心が痛む。","ふりそで,振袖","",Guess the term having 2 (Grade-7 level) Kanji or its reading(not strictly same reading as one in the example),Text
"banquet; behavior; behaviour; conduct; entertain..
トムはヒーローかのように||振＊||った。
トムはメアリーに興味がないかのように||振＊||った。
トムは私達に美味しい食事を||振＊||ってくれた。
マイクは会議で議長として||振＊||った。
君の好きなように||振＊||って良い。
失礼に||振＊||ったりしないのが一番だと思う。
彼はまるで何もなかったみたいに||振＊||った。
彼はまるで狂っているかのように||振＊||っている。
彼女は大変礼儀正しく||振＊||っています。
英国紳士のように||振＊||ってください。","ふるまい,振舞","banquet; behavior; behaviour; conduct; entertainment; feast; treat",Guess the term having 2 (Grade-7 level) Kanji or its reading(not strictly same reading as one in the example),Text
"indignation; resentment
うそをついているぞと私が言うと、彼女は||憤＊||していた。
その若者は臆病者扱いをされて||憤＊||した。
事実は明白だ。それを混乱は||憤＊||するだろう、無知は嘲笑するだろう、悪意は曲げようとするだろう、しかしそれが事実なのだ。
少年は厄介者扱いをされて||憤＊||した。
彼の||憤＊||は彼を打ちまかした。
彼は友人の行動に||憤＊||した。
彼女は侮辱されて||憤＊||した。
彼女は息子がひどい扱いを受けたと||憤＊||していた。
我が子をたたく親には本当に||憤＊||させられる。
私は彼の私に対するやり方に||憤＊||している。","ふんがい,憤慨","",Guess the term having 2 (Grade-7 level) Kanji or its reading(not strictly same reading as one in the example),Text
"bigoted; eccentric; narrow-minded; obstinate; pe..
||偏＊||な奴とまともに話し合っても無駄だ。
彼のような||偏＊||を理解するには一生かかるよ。","へんくつ,偏屈","bigoted; eccentric; narrow-minded; obstinate; perverse; stubborn; unreasonable; warped",Guess the term having 2 (Grade-7 level) Kanji or its reading(not strictly same reading as one in the example),Text
"(radioactive) decay; breaking down; caving in; c..
この事件は運動を||崩＊||させた。
その塔は||崩＊||した。
その建物は三年前に||崩＊||した。
ダムが||崩＊||し、谷に水があふれた。
バブルは||崩＊||した。
冷戦はソビエトの||崩＊||と共に終わった。
床が||崩＊||した。
彼の政権はきっと||崩＊||する。
最も強大な帝国ですら||崩＊||する。
橋は強い流れに耐えられず||崩＊||した。","ほうかい,崩壊","(radioactive) decay; breaking down; caving in; collapse; crumbling; disintegration",Guess the term having 2 (Grade-7 level) Kanji or its reading(not strictly same reading as one in the example),Text
"death (of an emperor); demise
1989年の1月に昭和天皇が||崩＊||されたので、年号が昭和から平成に変わりました。","ほうぎょ,崩御","",Guess the term having 2 (Grade-7 level) Kanji or its reading(not strictly same reading as one in the example),Text
"bombarding; bombardment; shelling
||砲＊||はますます激しくなってきたので、私たち、走って地下室に降りていったのよ。","ほうげき,砲撃","",Guess the term having 2 (Grade-7 level) Kanji or its reading(not strictly same reading as one in the example),Text
"aroma; balm; fragrance; perfume; sweet scent
蓮の花はなんとも言えない||芳＊||をはなっていた。","ほうこう,芳香","",Guess the term having 2 (Grade-7 level) Kanji or its reading(not strictly same reading as one in the example),Text
"cannonball; shell
過去に陸上自衛隊演習場で行われた射撃訓練で、||砲＊||が場外に着弾する事故が起きている。","ほうだん,砲弾","",Guess the term having 2 (Grade-7 level) Kanji or its reading(not strictly same reading as one in the example),Text
"embrace; holding in one's arms; hug
恩師と交わした最初で最後の||抱＊||を忘れない。","ほうよう,抱擁","",Guess the term having 2 (Grade-7 level) Kanji or its reading(not strictly same reading as one in the example),Text
"capture; seizure
クズリは多くのウサギやクロライチョウ、エゾライチョウ、小さなげっ歯動物を||捕＊||する。
トムはウサギを||捕＊||するために、わなを仕掛けた。
まれに、大きな有蹄動物を||捕＊||する。
傷むのを防ぐために、遠海で||捕＊||した魚は直ちに冷却される。
彼らはキツネを罠で||捕＊||しました。
毛皮のコートのために動物を罠で||捕＊||するのは残酷なことだ。
私たちは、昨日、森に行き、２頭の鹿を||捕＊||した。","ほかく,捕獲","",Guess the term having 2 (Grade-7 level) Kanji or its reading(not strictly same reading as one in the example),Text
"destruction; eradication; extermination; suppres..
政府はテロ||撲＊||の決意を固めている。
科学者たちはエイズを||撲＊||するために懸命に努力している。
近い将来、私たちはエイズを||撲＊||することができるだろう。","ぼくめつ,撲滅","destruction; eradication; extermination; suppression",Guess the term having 2 (Grade-7 level) Kanji or its reading(not strictly same reading as one in the example),Text
"whale fishing; whale hunting; whaling
国際的批判に直面して||捕＊||をやめた国がいくつかある。","ほげい,捕鯨","",Guess the term having 2 (Grade-7 level) Kanji or its reading(not strictly same reading as one in the example),Text
"bombing (raid)
ここを中心とする一帯が||爆＊||された。
どうしたのこの部屋？||爆＊||にでもあったの？
市民達は激しい||爆＊||を受けてひるんだ。
||爆＊||にでもあったかのような部屋ね。
町は敵機の||爆＊||を受けた。
首都は繰り返し繰り返し||爆＊||された。","ばくげき,爆撃","",Guess the term having 2 (Grade-7 level) Kanji or its reading(not strictly same reading as one in the example),Text
"(being) fast asleep (bombed, crashed); sleeping ..
「トム地震のとき起きてた？」「え、地震あったの？」「うん、1時半すぎ。けっこう大きな揺れだったよ」「まじか。普通に||爆＊||してたわ」
アラームが鳴った時は、||爆＊||してました。
トム、||爆＊||してるよ。
トムもメアリーも||爆＊||だね。
昨夜、トムは||爆＊||してたよ。
||爆＊||したよ。","ばくすい,爆睡","(being) fast asleep (bombed, crashed); sleeping like a log",Guess the term having 2 (Grade-7 level) Kanji or its reading(not strictly same reading as one in the example),Text
"deprivation; divestiture; forfeit; revocation; s..
ケネス・スターがまたしても権力を濫用し、私がインターネットを使う権利を||剥＊||したのです。
その反逆者は市民権を||剥＊||された。
専制政治による支配の下で、罪のない人々が市民権を||剥＊||された。
州政府は彼から市民権を||剥＊||した。
彼が我々の自由を||剥＊||した。
彼らは権限を||剥＊||された。
王は権力を||剥＊||された。","はくだつ,剥奪","deprivation; divestiture; forfeit; revocation; stripping (of rights, office, etc.)",Guess the term having 2 (Grade-7 level) Kanji or its reading(not strictly same reading as one in the example),Text
"alcohol with liquor added (esp. wine-based shoch..
その戦闘機は||爆＊||を投下した。
その||爆＊||はどうしたんだ？
それって、||爆＊||？
凶漢が王の馬車に||爆＊||を投げつけた。
敵は工場に多くの||爆＊||を落とした。
敵は工場に||爆＊||を落とした。
私達は||爆＊||が爆発するのを聞いた。
箱の中に||爆＊||があるぞ！
飛行機は、街に||爆＊||を投下した。
飛行機はその町に||爆＊||を落とした。","ばくだん,爆弾","alcohol with liquor added (esp. wine-based shochu highball, also beer with whiskey); bomb",Guess the term having 2 (Grade-7 level) Kanji or its reading(not strictly same reading as one in the example),Text
"exploding
彼は地雷の上を運転して、彼のジープは||爆＊||した。","ばくれつ,爆裂","",Guess the term having 2 (Grade-7 level) Kanji or its reading(not strictly same reading as one in the example),Text
"night sweats; perspiration given off during slee..
||寝＊||がひどいんです。","ねあせ,寝汗","night sweats; perspiration given off during sleep; sweating while sleeping",Guess the term having 2 (Grade-7 level) Kanji or its reading(not strictly same reading as one in the example),Text
"bed hair; habit of moving around in one's sleep;..
「母さん、出かけてくる」「どこ行くの？」「大学？」「今、春休みだよね？何しに行くの？」「サークル？」「そんなおしゃれして？」「いいじゃんかぁ、どこでも」「いいけど。後ろ、||寝＊||ついてるわよ」「まじかぁ」
おはよう。春樹兄さん。||寝＊||ついてるよ。
||寝＊||がついちゃった。
髪に||寝＊||がついてとれないよ。","ねぐせ,寝癖","bed hair; habit of moving around in one's sleep; hair disarranged during sleep; sleeping habit",Guess the term having 2 (Grade-7 level) Kanji or its reading(not strictly same reading as one in the example),Text
"catch; grasp; grasping (with one's hand); grip; ..
すみません。突然の事で、まだ状況が||把＊||できてないのですが。
そのスピーチの要点は||把＊||できた。
彼の状況を||把＊||する力には感心する。
彼はその情況を||把＊||していた。
彼女は情勢を||把＊||することができる。
彼女は担任のクラスをよく||把＊||している。
我々はオーストラリアにいる間、お金の使い道を||把＊||していた。
||把＊||しておいた方がいい問題点はありますか？
私は彼の議論の全体像を||把＊||した。","はあく,把握","catch; grasp; grasping (with one's hand); grip; hold; understanding",Guess the term having 2 (Grade-7 level) Kanji or its reading(not strictly same reading as one in the example),Text
"honey
この||蜂＊||、すごいドロッとしてる。
それね、||蜂＊||よ。
ミツバチは||蜂＊||をつくる。
彼はかなり大量の||蜂＊||を使った。
砂糖の代わりに||蜂＊||を使ってます。
蜂は||蜂＊||を作ります。
||蜂＊||はほとんど糖分です。
||蜂＊||はほぼ糖分です。
食卓には||蜂＊||が置いてあります。","はちみつ,はつみつ,蜂蜜","",Guess the term having 2 (Grade-7 level) Kanji or its reading(not strictly same reading as one in the example),Text
"excerpt; extract; selection
彼はその詩から一節を||抜＊||した。
本の要点を||抜＊||した。","ばっすい,抜粋","",Guess the term having 2 (Grade-7 level) Kanji or its reading(not strictly same reading as one in the example),Text
"(verbal) abuse; denunciation; disparagement; sca..
トムは怒って、メアリーを||罵＊||した。
私はそれまでにこれほど||罵＊||にみちた手紙を受け取ったことはなかった。","ばとう,罵倒","(verbal) abuse; denunciation; disparagement; scathing criticism; vilification",Guess the term having 2 (Grade-7 level) Kanji or its reading(not strictly same reading as one in the example),Text
"breeding; increase; multiplication; propagation;..
８月下旬に彼らは||繁＊||のために長い旅に出発します。
うさぎは||繁＊||が早い。
ここで留意しなければいけないことは、ウイルスが||繁＊||するスピードが速いという点である。
この化学薬品は細菌の||繁＊||を防ぐだろう。
ネズミはどんどん||繁＊||する。
バクテリアはアルコールの中では||繁＊||しない。
同種個体への攻撃性は||繁＊||に関係するいくつかの目的にかなう。
檻で飼育されると||繁＊||しない動物もいる。
私の知る限り、この化学薬品は細菌の||繁＊||を防ぐだろう。","はんしょく,繁殖","breeding; increase; multiplication; propagation; reproduction",Guess the term having 2 (Grade-7 level) Kanji or its reading(not strictly same reading as one in the example),Text
"luxuriant growth; rankness (of weeds)
一面の黄色は、どう||繁＊||したのか見当もつかないヒマワリの群れだ。","はんも,繁茂","",Guess the term having 2 (Grade-7 level) Kanji or its reading(not strictly same reading as one in the example),Text
"deluge; flood; inundation; overflowing; oversupp..
この川は||氾＊||しそうだ。
台風で川が||氾＊||した。
国産品のように見えて、実は外国産という食品が、||氾＊||している。
川が||氾＊||して広い地域が水浸しになった。
河川は豪雨で||氾＊||しました。
町には情報が||氾＊||している。
突然、川が増水して||氾＊||した。
街には奇妙な外国語が||氾＊||していた。","はんらん,氾濫","deluge; flood; inundation; overflowing; oversupply; plethora",Guess the term having 2 (Grade-7 level) Kanji or its reading(not strictly same reading as one in the example),Text
"companion; partner; spouse
別に制服着込んだ外宇宙の使者が、||伴＊||を求めて徘徊してるわけでもなかろうに。
私の||伴＊||です。","はんりょ,ばんりょ,伴侶","",Guess the term having 2 (Grade-7 level) Kanji or its reading(not strictly same reading as one in the example),Text
"grovelling; obsequious; self-abasing; servile; s..
||卑＊||な奴。
彼らはなぜあんなに||卑＊||に彼に仕えたのか。
敗北や失敗は人間を非常に||卑＊||にする。","ひくつ,卑屈","grovelling; obsequious; self-abasing; servile; slavish; spineless; subservient",Guess the term having 2 (Grade-7 level) Kanji or its reading(not strictly same reading as one in the example),Text
"knee-length (clothing)
私は||膝＊||のスカートが好きです。","ひざたけ,膝丈","",Guess the term having 2 (Grade-7 level) Kanji or its reading(not strictly same reading as one in the example),Text
"coarse; low; vulgar
新聞のさまざまな虚偽や||卑＊||さにも関わらず。","ひぞく,卑俗","",Guess the term having 2 (Grade-7 level) Kanji or its reading(not strictly same reading as one in the example),Text
"being bombed; being shot
なるほど、言われてみれば確かに、田中さんは模擬戦で一度も||被＊||していませんでしたね。
||被＊||しました。ダメージは軽微です。","ひだん,被弾","",Guess the term having 2 (Grade-7 level) Kanji or its reading(not strictly same reading as one in the example),Text
"birth control; contraception
安全日だからといって、サルのように生ではしません。しっかり||避＊||するのが愛のセックスの義務ではないでしょうか？
||避＊||はしていません。
||避＊||はちゃんとコンドームつけてたのよね？
||避＊||をしています。","ひにん,避妊","",Guess the term having 2 (Grade-7 level) Kanji or its reading(not strictly same reading as one in the example),Text
"close (e.g. decision); complex; delicate; delica..
このスープ、||微＊||だよね。
その２つの絵には||微＊||な違いがある。
その２語の間には||微＊||な違いがある。
どちらに転ぶか、||微＊||なところです。
なんか||微＊||でしょ？
中途半端に見えてしまい||微＊||だ。
二人の考えには||微＊||な違いがあった。
||微＊||な関係のまま現在に至る。
私はかなり||微＊||な立場にある。
非常に||微＊||な状況だった。","びみょう,みみょう,微妙","close (e.g. decision); complex; delicate; delicate (situation, position, etc.); dicey; difficult; doubtful; fine; iffy; not great; questionable; subtle; tricky
exquisite; marvelous; sublime; unspeakably wonderful",Guess the term having 2 (Grade-7 level) Kanji or its reading(not strictly same reading as one in the example),Text
"discharge; dismissal (from a position)
このスキャンダルで一部の高官が||罷＊||される可能性がある。","ひめん,罷免","",Guess the term having 2 (Grade-7 level) Kanji or its reading(not strictly same reading as one in the example),Text
"base; contemptible; cowardly; despicable; dirty;..
おばあさんをだますなんて彼は||卑＊||だ。
そのことでうそをつくなんて君は||卑＊||だ。
なんと||卑＊||な奴だ。
二人の||卑＊||な男が私から宝飾品を奪って逃走した。
||卑＊||なやり方だよな。
||卑＊||な手口だったよな。
彼はなんと||卑＊||な男だろう。
彼は人の悪口を言うような||卑＊||な男ではない。
彼は||卑＊||なやつです。
彼女はその||卑＊||な男を見るのが嫌だった。","ひれつ,卑劣","base; contemptible; cowardly; despicable; dirty; foul; mean",Guess the term having 2 (Grade-7 level) Kanji or its reading(not strictly same reading as one in the example),Text
"announcement; demonstration; displaying; introdu..
ケタ違いの知識が||披＊||された。
トムはマジックを||披＊||した。
メアリーは歌が上手だけど、それを||披＊||する機会はめったにない。
彼は自分の腕前を||披＊||した。
||披＊||したこの構想は、彼が加入してからずっと温めてきた。","ひろう,披露","announcement; demonstration; displaying; introducing; performing; presentation; revealing; showing; unveiling",Guess the term having 2 (Grade-7 level) Kanji or its reading(not strictly same reading as one in the example),Text
"abduction; kidnaping; kidnapping
しかし、これではまるで私が||誘＊||しましたと自首して出るようなもので、そんな馬鹿なことをするやつはあるまい。
その女の子、||誘＊||されちゃったんだ。
その子は帰宅の途中で||誘＊||されたのかもしれない。
それで中央郵便局が焼けて、やつらが私たちの大統領を||誘＊||したことを知ったの。
トムが||誘＊||された。
トムって宇宙人に||誘＊||されてたんだよ。
検察側は被告が子供を||誘＊||したと激しく非難した。
私はエイリアンに||誘＊||されていた。","ゆうかい,誘拐","",Guess the term having 2 (Grade-7 level) Kanji or its reading(not strictly same reading as one in the example),Text
"apparition; ghost; phantom; specter; spectre
「なんか||幽＊||でも出そうな雰囲気だね」「おい、変なこと言うなよ」「あれ、トム||幽＊||怖いの？」
俺は||幽＊||じゃない。
||幽＊||って信じますか？
||幽＊||って信じる？
||幽＊||は存在する。
||幽＊||は存在すると思う。
||幽＊||を信じますか。
||幽＊||を信じるの。
私は本当に||幽＊||を見た。","ゆうれい,幽霊","",Guess the term having 2 (Grade-7 level) Kanji or its reading(not strictly same reading as one in the example),Text
"allurement; enticement; lure; seduction; temptat..
イブを||誘＊||したのは蛇だ。
どんな||誘＊||にも負けるな。
人は||誘＊||にかかりやすい。
大都会には||誘＊||が多い。
彼はその||誘＊||に屈した。
彼は冒険の||誘＊||を感じた。
彼は||誘＊||に負けない。
彼女の||誘＊||に勝てない。
彼女は||誘＊||に負けた。
||誘＊||に負けてはいけない。","ゆうわく,誘惑","allurement; enticement; lure; seduction; temptation",Guess the term having 2 (Grade-7 level) Kanji or its reading(not strictly same reading as one in the example),Text
"breakaway; secession; separation; withdrawal
国民党は、簡潔に言うと、政治が崩壊する前に政府を||離＊||する必要があった。","りだつ,離脱","",Guess the term having 2 (Grade-7 level) Kanji or its reading(not strictly same reading as one in the example),Text
"abduction; carrying away; kidnaping; kidnapping;..
メアリーは海賊に||拉＊||された。
彼女はタトエバ星から来た宇宙人に||拉＊||された。","らち,らっち,拉致","abduction; carrying away; kidnaping; kidnapping; taking captive",Guess the term having 2 (Grade-7 level) Kanji or its reading(not strictly same reading as one in the example),Text
"dusk; twilight
いよいよ薄暮、もうすぐ||宵＊||。","よいやみ,宵闇","",Guess the term having 2 (Grade-7 level) Kanji or its reading(not strictly same reading as one in the example),Text
"apparition; demon; ghost; goblin; monster; phant..
一匹の||妖＊||がヨーロッパを徘徊している。共産主義という||妖＊||が。
||妖＊||なんているわけないじゃないか。バカだな。
第一形態は天使か妖精のようなかわいい姿ですが第二形態では||妖＊||のような姿をしています。","ようかい,妖怪","apparition; demon; ghost; goblin; monster; phantom; specter; spectre; yokai",Guess the term having 2 (Grade-7 level) Kanji or its reading(not strictly same reading as one in the example),Text
"flux; hot charge; solution; solvent
これらの||溶＊||は、揮発性のため、使用時に蒸発し大気に放出されている。
しかしながら、これらの||溶＊||は発がん性が指摘された。
その液から||溶＊||を揮発させる。残るのは、香り成分と植物ワックスの塊。","ようざい,溶剤","",Guess the term having 2 (Grade-7 level) Kanji or its reading(not strictly same reading as one in the example),Text
"fusion; melting
原子力発電所の１号機で、原子炉内の燃料の||溶＊||が進んでいる可能性が高い、と発表された。","ようゆう,溶融","",Guess the term having 2 (Grade-7 level) Kanji or its reading(not strictly same reading as one in the example),Text
"accent; inflection; intonation; modulation
彼の話し方には||抑＊||が欠けている。","よくよう,抑揚","",Guess the term having 2 (Grade-7 level) Kanji or its reading(not strictly same reading as one in the example),Text
"comprehending; comprising; covering (exhaustivel..
すべてを||網＊||した教科書など存在しない。
微生物学の基本から最新の情報までを||網＊||する。","もうら,網羅","comprehending; comprising; covering (exhaustively); encompassing; including (all of)",Guess the term having 2 (Grade-7 level) Kanji or its reading(not strictly same reading as one in the example),Text
"fierce; intense; severe; strong; terrible; terri..
家族のことを顧みることもなく、||猛＊||に働いています。
彼は||猛＊||に毒ついた。
彼は私に||猛＊||な圧力をかけています。
彼らは、||猛＊||にいがみあっている。
||猛＊||な暑さだ。
||猛＊||な暑さのため、私たちは外で遊ぶことができなかった。
||猛＊||に勉強しなくてもすむとは、結構ですね。
相手が||猛＊||な勢いで追いかけてくる。
警官がやってくるのを見ると彼は||猛＊||に走り出した。
赤ちゃんは||猛＊||に泣き始めた。","もうれつ,猛烈","fierce; intense; severe; strong; terrible; terrific; vehement; violent",Guess the term having 2 (Grade-7 level) Kanji or its reading(not strictly same reading as one in the example),Text
"bother; burden; care; dependence; kindness; nuis..
これで||厄＊||なことがまた増える。
これはすごい||厄＊||な問題ですね。
たいして||厄＊||ではなかった。
どっちにしても、||厄＊||ですね。
||厄＊||なことになってるの？
||厄＊||なのは最初の一歩だ。
||厄＊||な事だ。
次から次へと||厄＊||なことがある。
私の良心は私にとって||厄＊||です。
税金を払うのは||厄＊||です。","やっかい,厄介","bother; burden; care; dependence; kindness; nuisance; obligation; staying (with a person); support; trouble; worry",Guess the term having 2 (Grade-7 level) Kanji or its reading(not strictly same reading as one in the example),Text
"lubrication; smoothness
大会が||潤＊||に運営されます。","じゅんかつ,潤滑","",Guess the term having 2 (Grade-7 level) Kanji or its reading(not strictly same reading as one in the example),Text
"dejection; depression; despondency; gloom; melan..
この仕事には||憂＊||になる。
今日は、||憂＊||だな。
今日は||憂＊||な気分だ。
去れ、忌まわしき||憂＊||よ。
彼女は||憂＊||だった。
||憂＊||になる。
明日は月曜だぁ。マジ||憂＊||。
月曜日はいつも||憂＊||だ。","ゆううつ,憂鬱","dejection; depression; despondency; gloom; melancholy",Guess the term having 2 (Grade-7 level) Kanji or its reading(not strictly same reading as one in the example),Text
"being accustomed (to); being hardened (to); bein..
うちの子供はみな、はしかには||免＊||がある。
今ではみんな天然痘には||免＊||になっている。
||免＊||を高めるためとか関係なく納豆を毎日食べてる。
私は天然痘に||免＊||があります。
私は天然痘に||免＊||になっている。","めんえき,免疫","being accustomed (to); being hardened (to); being unaffected (by); immunisation; immunity; immunization",Guess the term having 2 (Grade-7 level) Kanji or its reading(not strictly same reading as one in the example),Text
"female bird; hen
その||雌＊||は一週間卵を抱いている。","めんどり,雌鶏","",Guess the term having 2 (Grade-7 level) Kanji or its reading(not strictly same reading as one in the example),Text
"purple fleshed sweet potato (any one of several ..
||紫＊||を食べたいよ。","むらさきいも,紫芋","purple fleshed sweet potato (any one of several different such)",Guess the term having 2 (Grade-7 level) Kanji or its reading(not strictly same reading as one in the example),Text
"fury; menace; power
インフルエンザが都市部で||猛＊||を振るった。
この空模様では、おそらく明日の今ごろは台風が||猛＊||をふるっているだろう。
暴風雨があらん限りの||猛＊||を振るった。","もうい,猛威","",Guess the term having 2 (Grade-7 level) Kanji or its reading(not strictly same reading as one in the example),Text
"beast of prey; big game; fierce animal
原始人はその||猛＊||を見ておびえた。","もうじゅう,猛獣","",Guess the term having 2 (Grade-7 level) Kanji or its reading(not strictly same reading as one in the example),Text
"discarding; ignoring; losing sight of (an object..
彼は自己を||没＊||する男ではない。
条約の精神が||没＊||されていた。","ぼっきゃく,没却","discarding; ignoring; losing sight of (an objective)",Guess the term having 2 (Grade-7 level) Kanji or its reading(not strictly same reading as one in the example),Text
"apprehension; arrest; capture
おまえを||捕＊||する。
警察は密輸のかどで彼を||捕＊||した。","ほばく,捕縛","",Guess the term having 2 (Grade-7 level) Kanji or its reading(not strictly same reading as one in the example),Text
"captive; POW; prisoner (of war)
その||捕＊||には威厳があった。
彼は||捕＊||になった。
彼らは||捕＊||になった。
彼らは||捕＊||を親切に扱った。
||捕＊||は釈放された。
||捕＊||を虐殺したのは残忍な行為だ。
私は||捕＊||です。
私は||捕＊||になった。","ほりょ,捕虜","",Guess the term having 2 (Grade-7 level) Kanji or its reading(not strictly same reading as one in the example),Text
"bonsai; miniature potted plant
大雨で||盆＊||がめちゃくちゃになった。
||盆＊||は風情がある。
私のね、桜の||盆＊||が咲き始めたんだ。","ぼんさい,盆栽","",Guess the term having 2 (Grade-7 level) Kanji or its reading(not strictly same reading as one in the example),Text
"mediocrity; ordinary run of men; the masses
彼は||凡＊||にかかわらない。
彼は||凡＊||を超越している。
彼女は話し振りが極めて||凡＊||だ。","ぼんぞく,凡俗","",Guess the term having 2 (Grade-7 level) Kanji or its reading(not strictly same reading as one in the example),Text
"appetites of the flesh; evil passions; klesha (p..
「百八といえば||煩＊||の数だ」「お兄ちゃんはどんな||煩＊||があるの？」「言ってもいいが、検閲削除になるぞ」
この||煩＊||のきずなから逃れるには五つの方法がある。
人には、迷いと苦しみのもとである||煩＊||がある。","ぼんのう,煩悩","appetites of the flesh; evil passions; klesha (polluting thoughts such as greed, hatred and delusion, which result in suffering); worldly desires",Guess the term having 2 (Grade-7 level) Kanji or its reading(not strictly same reading as one in the example),Text
"banal; commonplace; mediocre; ordinary
人気者になるためには、||凡＊||でなくてはならない。
賢い人の手にかかると、物事は実にシンプルになる。簡単なことを難しく言うのが、賢いふりをした||凡＊||な人間だ。","ぼんよう,凡庸","",Guess the term having 2 (Grade-7 level) Kanji or its reading(not strictly same reading as one in the example),Text
"buffeting; having at one's mercy; leading around..
ヨットは猛威を振るう嵐の中に||翻＊||された。
彼は嵐に||翻＊||されていた。
船は嵐に||翻＊||されていた。
船は波に||翻＊||されていた。
船は風と波に||翻＊||されていた。","ほんろう,翻弄","buffeting; having at one's mercy; leading around by the nose; making a fool of; playing with; tossing about (a ship); toying with; trifling with",Guess the term having 2 (Grade-7 level) Kanji or its reading(not strictly same reading as one in the example),Text
"contempt; disdain; scorn; slight
家では赤味がかった髪とそばかすのせいで、母が||侮＊||を込めて「にんじん」と名付け、皆にもそう呼ばせています。
日本に駐留していた米軍人と日本人女性の間に生まれた子供のことを、||侮＊||の意図を込めて、「あいのこ」と呼んでいました。","ぶべつ,侮蔑","",Guess the term having 2 (Grade-7 level) Kanji or its reading(not strictly same reading as one in the example),Text
"burial
Ｊ．Ｆ．ケネディはアーリントン墓地に||埋＊||された。
イスラム教徒は死者を墓に||埋＊||します。
ここは動物たちが||埋＊||されている場所です。
その聖者が||埋＊||されている聖堂を多くの人々が訪れた。
彼はこの墓地に||埋＊||されている。
彼らは彼を教会の近くの墓地に||埋＊||した。
彼女の級友達は３５６羽の鶴を折り、千羽が彼女と一緒に||埋＊||された。
彼女の遺体は公共の集団墓に||埋＊||され、彼女の所持品は焼かれました。
彼女は一人息子を||埋＊||した。
彼女は生まれ故郷に||埋＊||された。","まいそう,埋葬","",Guess the term having 2 (Grade-7 level) Kanji or its reading(not strictly same reading as one in the example),Text
"chafing; friction; rubbing; conflict; discord; f..
タイヤはゴムと路面の||摩＊||によってすり減る。
||摩＊||でマッチに火がつくようになる。
日米間の||摩＊||は緩和の方向に向かっています。
米国人とイギリス人との間の||摩＊||が高まった。","まさつ,摩擦","chafing; friction; rubbing; conflict; discord; friction; strife",Guess the term having 2 (Grade-7 level) Kanji or its reading(not strictly same reading as one in the example),Text
"anaesthesia; anesthesia
けが人は||麻＊||から覚めた後痛みで泣きわめいた。
亜酸化窒素は||麻＊||としてもはや使用されていない。
入院患者は医者に||麻＊||を注射されてすぐに眠りに落ちた。
彼は||麻＊||をかけられた。
笑気は||麻＊||としてもはや使用されていない。
||麻＊||の注射をします。","ますい,麻酔","",Guess the term having 2 (Grade-7 level) Kanji or its reading(not strictly same reading as one in the example),Text
"cock-and-bull story; dubious tale; questionable ..
その男が、自分は百万長者だとあのきれいな女の子にいったことはまるっきり||眉＊||だった。","まゆつば,眉唾","cock-and-bull story; dubious tale; questionable information; taking care not to be fooled",Guess the term having 2 (Grade-7 level) Kanji or its reading(not strictly same reading as one in the example),Text
"being absorbed (e.g. in research); being buried;..
彼はすっかり家庭生活に||埋＊||していて働く気がない。","まいぼつ,埋没","being absorbed (e.g. in research); being buried; being forgotten; being immersed; remaining unknown",Guess the term having 2 (Grade-7 level) Kanji or its reading(not strictly same reading as one in the example),Text
"to captivate; to charm; to enthrall; to fascinat..
その音楽に||魅＊||されました。
ダンサーの優美な舞は観衆を||魅＊||した。
一目で彼女に||魅＊||された。
中華料理は私を||魅＊||します。
彼のことばの魔力が聴衆を||魅＊||した。
彼の講演は聴衆を||魅＊||した。
彼女は私たちみなを微笑で||魅＊||した。
私は彼に||魅＊||された。
私は彼女の甘い声に||魅＊||された。
聴衆は彼のスピーチに||魅＊||された。","みりょう,魅了","to captivate; to charm; to enthrall; to fascinate; to hold spellbound; to mesmerize; charm; fascination",Guess the term having 2 (Grade-7 level) Kanji or its reading(not strictly same reading as one in the example),Text
"contradiction; inconsistency
さっそく||矛＊||が出てきてる。
それは||矛＊||だらけだ。
なんというか、すごい||矛＊||を感じる。
君の行動は君の信条と||矛＊||している。
君の話は前に聞いた話と||矛＊||している。
彼の行動は言っている事と||矛＊||する。
彼の言動は常に||矛＊||していた。
彼は||矛＊||している。
結果は理論に||矛＊||しないだろう。
現在が||矛＊||の場所である。","むじゅん,矛盾","",Guess the term having 2 (Grade-7 level) Kanji or its reading(not strictly same reading as one in the example),Text
"son-in-law
トムはメアリーの||娘＊||だよ。
彼の||娘＊||がその莫大な財産の相続人になるだろう。
彼の||娘＊||は完全に病気から回復した。
彼の||娘＊||は海外の支店に転勤になった。","むすめむこ,娘婿","",Guess the term having 2 (Grade-7 level) Kanji or its reading(not strictly same reading as one in the example),Text
"brand; description; make; trading name of stocks..
「味がマイルドだな、この||銘＊||は」と父が言った。
すいませんが、その||銘＊||の煙草は売り切れです。
彼女はあの||銘＊||が一番だと思っている。","めいがら,銘柄","brand; description; make; trading name of stocks and securities",Guess the term having 2 (Grade-7 level) Kanji or its reading(not strictly same reading as one in the example),Text
"fat woman; female pig; slut; sow; vulgar woman
f..
||雌＊||の耳から絹の財布は作れない。","めすぶた,めぶた,雌豚","fat woman; female pig; slut; sow; vulgar woman
female pig; sow",Guess the term having 2 (Grade-7 level) Kanji or its reading(not strictly same reading as one in the example),Text
"hunting gun; sportsgun
ウィリーは誤って父親の||猟＊||を発砲し、壁に穴を開けた。
ハンターは||猟＊||をその鳥の群れに向けた。","りょうじゅう,猟銃","",Guess the term having 2 (Grade-7 level) Kanji or its reading(not strictly same reading as one in the example),Text
"lacrimal gland; tear gland
昔から||涙＊||はゆるい方でしたが、40を過ぎてからますます涙もろくなりました。
||涙＊||が詰まっていると言われました。","るいせん,涙腺","",Guess the term having 2 (Grade-7 level) Kanji or its reading(not strictly same reading as one in the example),Text
"soul; spirit
人間の||霊＊||は不滅である。
彼らは||霊＊||が不滅だと信じている。
私は||霊＊||の不滅を信じる。
肉体は滅びるが||霊＊||は不滅である。
||霊＊||よ、そこにいますか？","れいこん,霊魂","",Guess the term having 2 (Grade-7 level) Kanji or its reading(not strictly same reading as one in the example),Text
"(full-length) novel; (nigh) impossible dream; ad..
波乱と危険と||浪＊||に満ちた探検へと出発しましょう！","ろうまん,浪漫","(full-length) novel; (nigh) impossible dream; adventurous spirit; epic adventure; great undertaking; heroic tale; love affair; romance; romance (e.g. Arthurian romances); romanticism",Guess the term having 2 (Grade-7 level) Kanji or its reading(not strictly same reading as one in the example),Text
"bribe; douceur; sweetener
商人はその政治家に||賄＊||を送った。
市長が||賄＊||を受け取ったんですって。
市長は||賄＊||を受け取ったことを否定した。
彼はその政治家に多額の||賄＊||を贈った。
彼は||賄＊||の受け取りを拒否した。
彼は||賄＊||を受け取っていたと認めた。
彼は||賄＊||を受け取らなかったと言った。
彼らは||賄＊||をもらうのを恥と思っていない。
彼らは||賄＊||を使って証人の口を封じた。
彼女は彼が||賄＊||を受け取るだろうと思った。","わいろ,賄賂","",Guess the term having 2 (Grade-7 level) Kanji or its reading(not strictly same reading as one in the example),Text
"divorce
両親が||離＊||した。
両親は||離＊||しました。
彼女は夫と||離＊||した。
彼女は||離＊||している。
私は||離＊||した。
親が||離＊||しています。
||離＊||したいんだ。
||離＊||したくないんだ。
||離＊||しようか。
||離＊||するの？","りこん,離婚","",Guess the term having 2 (Grade-7 level) Kanji or its reading(not strictly same reading as one in the example),Text
"klesha
噂話に||惑||わされるな。
峰の雪みぎはの氷踏み分けて　君にぞ||惑||ふ道は||惑||はず。
流言飛語に||惑||わされるべからず、とはいうものの、言うは易く行うは難し、と思わない？
私を||惑||わせないで。","わく,惑","",Guess the term having 1 (Grade-7 level) Kanji or its reading(not strictly same reading as one in the example),Text
"border; box; bracket; category; class; frame; fr..
クモの巣を作るには、このきぬの||枠||を作り、それを木や垣根のような固い物体に固定させることから始める。
ドアが||枠||に合わなければ合うまでドアにかんなをかけなければならない。
室町時代には禅宗寺院の||枠||を越えて水墨画が展開し、日本に定着します。
彼らはテープで||枠||を作りました。
||枠||が出来上がると、クモはちょうど自転車の車輪のやのように、それに絹の糸をかける。","わく,枠","border; box; bracket; category; class; frame; framework; limit; live (online) broadcast; live stream; quota; restriction; time slot (in a broadcasting schedule); reel; spool (of thread)",Guess the term having 1 (Grade-7 level) Kanji or its reading(not strictly same reading as one in the example),Text
"bay; gulf; inlet
この国の||湾||に爆弾が落下し、独裁が世界を支配しようとしたとき、時の国民が立ち上がり、偉業を達成し、そして民主主義を救うのをクーパーさんは見ていました。Yes we can。私たちにはできるのです。
この||湾||はニューヨーク港と呼ばれる。
丘の上に立っているので、そのホテルは||湾||の見晴らしがすばらしい。
川は山から下って||湾||に注いでいる。
||湾||にはセーリングボートよりヨットがたくさんある。
||湾||にはたくさんのボートと人がいる。
私たちの家からは下に||湾||が見える。","わん,湾","",Guess the term having 1 (Grade-7 level) Kanji or its reading(not strictly same reading as one in the example),Text
"inferior; minor; sub-
テニスでは、アンは誰にも||劣||らない。
彼は力だけでは誰にも||劣||らない。
彼は数学では誰にも||劣||らない。
彼は物理では誰にも||劣||らない。
彼は知力では誰にも||劣||らない。
彼は私より学識が||劣||っている。
彼は討論となると誰にも||劣||らない。
彼女は器量の点では姉に||劣||らない。
彼女は姉に||劣||らぬほど魅力的だ。
私は数学では彼より||劣||っている。","れつ,劣","",Guess the term having 1 (Grade-7 level) Kanji or its reading(not strictly same reading as one in the example),Text
"discharge; dismissal
乗客は全員けがを||免||れました。
人はみな死を||免||れない。
容疑者は逮捕を||免||れたいと思った。
彼の品行は厳しい非難を||免||れない。
彼はあやうく事故で死を||免||れた。
彼はかろうじて災難を||免||れた。
彼はすべての責任を||免||れた。
彼は危うく死を||免||れた。
彼は辛うじて死を||免||れた。
我らに負債ある者を我らの||免||したる如く、我らの負債をも||免||し給へ。","めん,免","",Guess the term having 1 (Grade-7 level) Kanji or its reading(not strictly same reading as one in the example),Text
"flour; noodles
その通り。ここの||麺||のスープは少し高いんだ。
その通りさ。ここの||麺||の出汁はちょっと値が張るんだ。
||麺||はふつう小麦粉から作られる。
||麺||よりもやしの量が多い。","めん,麺","",Guess the term having 1 (Grade-7 level) Kanji or its reading(not strictly same reading as one in the example),Text
"together with ...
求めよ、さらば||与||へられん。尋ねよ、さらば見出さん。門を叩け、さらば開かれん。すべて求むる者は得、たづぬる者は見いだし、門をたたく者は開かるるなり。","むた,与","",Guess the term having 1 (Grade-7 level) Kanji or its reading(not strictly same reading as one in the example),Text
"aim; central part; drift; gist; instructions; in..
あの林檎、||旨||かったよ。
トキポナは簡素を||旨||として作られた、わずか123語から成る人工言語である。
ロブスター||旨||かったよ。
同じ頃、事務員・有村夏恵は、今月を限りに退職する||旨||を五鬼上に申し入れた。
彼女から結婚できませんという||旨||の手紙が届いた。
彼女はまた近いうちに便りを出す||旨||を手紙に付け加えた。
複数の呼吸器疾患による衰弱のため、彼は先週、指揮者としての仕事を断念する||旨||の発表を余儀なくされたばかりでした。
運んできてくれたランチは噂に違わ","むね,旨","aim; central part; drift; gist; instructions; intention; main purpose; meaning; orders; pillar; principle; purport; wishes",Guess the term having 1 (Grade-7 level) Kanji or its reading(not strictly same reading as one in the example),Text
"purple; violet; purple gromwell (Lithospermum er..
このノートは||紫||じゃないです。
その色はピンクというより||紫||だ。
水から出なさい。唇が||紫||よ。
||紫||の光は、赤の光よりも短い波長です。
||紫||の野球帽をかぶっている子がトムよ。
絵具の赤と青を混ぜると||紫||になるって知ってた？
行木と||紫||は瓜二つだ。
赤と青を混ぜると||紫||になる。
青というより、||紫||ね。
青と赤を混ぜると||紫||になる。","むらさき,紫","purple; violet; purple gromwell (Lithospermum erythrorhizon); red gromwell; red-root gromwell; soy sauce",Guess the term having 1 (Grade-7 level) Kanji or its reading(not strictly same reading as one in the example),Text
"(one's) son-in-law; groom; husband
ダビデ、サウルに言ひけるは我は誰ぞ我が命はなんぞ我が父の家はイスラエルに於いて何なる者ぞや我いかでか王の||婿||となるべかんと。
トムを||婿||にもらうべきだと、メアリーの親に太鼓判を押しといたよ。","むこ,婿","",Guess the term having 1 (Grade-7 level) Kanji or its reading(not strictly same reading as one in the example),Text
"film; membrane
冷たい牛乳は好きだけど、温めた牛乳はあまり好きじゃない。あの白い||膜||と匂いが苦手なんだ。","まく,膜","",Guess the term having 1 (Grade-7 level) Kanji or its reading(not strictly same reading as one in the example),Text
"bolster; introduction (e.g. to a rakugo story); ..
トムは||枕||で頭を覆った。
もう１つ||枕||をください。
もう一つ||枕||がいるな。
予備の||枕||をください。
他の||枕||をお願いします。
彼は||枕||に頭を横たえた。
彼女は頭を||枕||にのせた。
||枕||が涙で濡れていた。
||枕||と毛布を下さい。
||枕||を下さい。","まくら,枕","bolster; introduction (e.g. to a rakugo story); lead-in; pillow",Guess the term having 1 (Grade-7 level) Kanji or its reading(not strictly same reading as one in the example),Text
"(the gates of an) imperial residence; emperor (o..
テオドシウス||帝||はキリスト教を国教化し、異教の信仰を厳禁した。
姫は||帝||に赦しを乞うた。","みかど,帝","(the gates of an) imperial residence; emperor (of Japan); mikado",Guess the term having 1 (Grade-7 level) Kanji or its reading(not strictly same reading as one in the example),Text
"honey; honeydew; molasses; nectar; sorbitol (whe..
ミツバチは我々に||蜜||を与えてくれる。
口の中には||蜜||、心の中には毒。","みち,みつ,蜜","honey; honeydew; molasses; nectar; sorbitol (when visible as dark patches inside an apple); treacle",Guess the term having 1 (Grade-7 level) Kanji or its reading(not strictly same reading as one in the example),Text
"all; everything; all; everybody; everyone
一人は||皆||のために、||皆||は一人のために。
||皆||が笑った。
||皆||が笑っていた。
||皆||は楽しかった。","みな,みんな,皆","",Guess the term having 1 (Grade-7 level) Kanji or its reading(not strictly same reading as one in the example),Text
"back of a blade; peak; ridge; summit; top
その||峰||は雲の上にそびえている。
||峰||の雪みぎはの氷踏み分けて　君にぞ惑ふ道は惑はず。","みね,峰","",Guess the term having 1 (Grade-7 level) Kanji or its reading(not strictly same reading as one in the example),Text
"curious; odd; strange; weird; adroitness; clever..
このミルクは||妙||な味がする。
||妙||だな。
||妙||なことが起きたもんだ。
||妙||な噂が広がっている。
||妙||な音が聞こえた。
彼は||妙||な顔つきで私を見た。
彼は||妙||な顔つきをしていた。
彼女の言う事は||妙||に聞こえる。
男の||妙||な動きが怪しい。","みょう,妙","curious; odd; strange; weird; adroitness; cleverness; excellence; knack; miracle; mystery; skill; wonder",Guess the term having 1 (Grade-7 level) Kanji or its reading(not strictly same reading as one in the example),Text
"(what, why) on earth; again; also; another time;..
||又||お会いできてうれしいです。
必ず||又||の機会が来る。","また,又","(what, why) on earth; again; also; another time; as well; how; likewise; on the other hand; once again; once more; really; some other time; too; while; and; besides; furthermore; in addition; moreover; or; otherwise; indirect",Guess the term having 1 (Grade-7 level) Kanji or its reading(not strictly same reading as one in the example),Text
"apparition; fabled item; illusion; mythical thin..
その||幻||は意識の中に宿り、静寂のなかで動かない。
どちらにしてもあれは||幻||だ。
私の罪は||幻||のように思える。","まぼろし,幻","apparition; fabled item; illusion; mythical thing; phantom; short-lived dream; something fleeting; very rare thing; vision",Guess the term having 1 (Grade-7 level) Kanji or its reading(not strictly same reading as one in the example),Text
"eyebrow; eyebrows
いつものように彼は||眉||ひとつ動かずに変な話をしていたんだ。
トムは||眉||をひそめた。
なぜ彼女が彼に||眉||をひそめたのか分からなかった。
主人は私のやり方に||眉||をひそめたようだった。
出てきた男は||眉||をひそめていた。
彼は||眉||をひそめてそっぽをむいた。
私達が祝いの言葉をかけたのに、彼は||眉||をひそめてそっぽを向いた。
笑いで誤魔化すと、亜美さんはさも不機嫌そうに||眉||を寄せた。","まみえ,まゆ,眉","",Guess the term having 1 (Grade-7 level) Kanji or its reading(not strictly same reading as one in the example),Text
"cocoon
蚕は||繭||を作る。","まゆ,繭","",Guess the term having 1 (Grade-7 level) Kanji or its reading(not strictly same reading as one in the example),Text
"bribe
新しい事業は何人かの事業家によって資金を||賄||われた。","まいない,賄","",Guess the term having 1 (Grade-7 level) Kanji or its reading(not strictly same reading as one in the example),Text
"base; bottom; foot (of a mountain or hill)
それは富士山の||麓||にある。
丘の||麓||に白い建物が見えますね。
休暇中、姉と私は富士山の||麓||にある小さな村に滞在した。
兵士達は夜明け前に山の||麓||に着いた。
山の||麓||から山頂までは４時間かかるって。止めようよ。
山の||麓||にその街はあります。
山の||麓||に日が昇るが早いかただ一人山を登り始めた。
彼の家は富士山の||麓||にある。
紀元前776年、最初のオリンピック競技大会は、ギリシャ人の主神ゼウスを称えるため、オリンポス山の||麓||で開催された。","ふもと,麓","",Guess the term having 1 (Grade-7 level) Kanji or its reading(not strictly same reading as one in the example),Text
"-crazed person; fiend; -obsessed person; demon; ..
すみません。ちょっと||魔||が差しただけです。
そのとき、ふと||魔||がさしてしまったのです。
彼はそれを見るとふと||魔||がさして盗んだ。
株式市場は||魔||の市場だとよく言われる。","ま,魔","-crazed person; fiend; -obsessed person; demon; devil; evil influence; evil spirit; awful; dreaded; dreadful; terrible",Guess the term having 1 (Grade-7 level) Kanji or its reading(not strictly same reading as one in the example),Text
"dance; dancing
その兵士は勇敢に振る||舞||った。
彼はりっぱに振る||舞||った。
彼は子供のように振る||舞||った。
彼は狂人のように振る||舞||った。
彼は男らしく振る||舞||った。
彼女は、しとやかに振る||舞||った。
彼女は小娘のように振る||舞||った。
私に公正に振る||舞||った。
通りに、旗が||舞||っている。
風でほこりが||舞||っていた。","まい,舞","",Guess the term having 1 (Grade-7 level) Kanji or its reading(not strictly same reading as one in the example),Text
"Bon Festival; family; Festival of the Dead; gamb..
山羽さんが茶の間の大きい||盆||に胡桃を盛った。
||盆||は仏教の年中行事で、7月13日から16日に行われます。
覆水、||盆||に返らず。","ぼん,盆","Bon Festival; family; Festival of the Dead; gambler's den; household; Lantern Festival; Obon; tray",Guess the term having 1 (Grade-7 level) Kanji or its reading(not strictly same reading as one in the example),Text
"(manufacturer's) engraved signature; epitaph; in..
この教訓を肝に||銘||じておきなさいよ。
彼の忠告を肝に||銘||じて忘れるな。","めい,銘","(manufacturer's) engraved signature; epitaph; inscription; maxim; motto; precept",Guess the term having 1 (Grade-7 level) Kanji or its reading(not strictly same reading as one in the example),Text
"algae; duckweed; seaweed; waterweed
夜半、月の光が一川の蘆と柳とに溢れた時、川の水と微風とは静に囁き交しながら、橋の下の尾生の死骸を、やさしく海の方へ運んで行った。が、尾生の魂は、寂しい天心の月の光に、思い憧れたせいかも知れない。ひそかに死骸を抜け出すと、ほのかに明るんだ空の向うへ、まるで水の匂や||藻||の匂が音もなく川から立ち昇るように、うらうらと高く昇ってしまった。","も,藻","",Guess the term having 1 (Grade-7 level) Kanji or its reading(not strictly same reading as one in the example),Text
"extreme; severe; ferocious; greatly energetic
祇園精舎の鐘の聲、諸行無常の響あり。沙羅雙樹の花の色、盛者必衰の理をあらはす。驕れる人も久しからず、唯春の夜の夢の如し。||猛||き者もつひには滅びぬ、偏に風の前の塵に同じ。","もう,猛","",Guess the term having 1 (Grade-7 level) Kanji or its reading(not strictly same reading as one in the example),Text
"employee; employment
ここで||雇||ってもらってるの？
トムは弁護士を||雇||った。
トムは私立探偵を||雇||った。
僕らは昨日トムを||雇||った。
君が正直なら||雇||おう。
彼は家政婦を||雇||っている。
彼は新しい秘書を||雇||った。
彼女が彼を||雇||っていました。
私を||雇||ってくれてありがと。
観光ガイドは||雇||えますか。","やとい,雇","",Guess the term having 1 (Grade-7 level) Kanji or its reading(not strictly same reading as one in the example),Text
"black market; darkness; illegal channels; shady ..
光は||闇||の中に輝いている。
光は||闇||を貫く。
夜の||闇||の中に団地が並んでいた。
彼女は||闇||にまぎれて逃げとおせた。
早くランプを消してくれ、||闇||に姿を沈めたい！
深い||闇||だった。
猫は||闇||で物が見える。
私は||闇||にマッチを擦りつけました。
||闇||とは光がないことです。
||闇||はこれに打ち勝たなかった。","やみ,闇","black market; darkness; illegal channels; shady trading; the dark; underhand transactions; bewilderment; despair; hidden place; hopelessness; oblivion; secrecy",Guess the term having 1 (Grade-7 level) Kanji or its reading(not strictly same reading as one in the example),Text
"peach (Prunus persica)
この||桃||のタルト、おいしい。
この||桃||は芸術品だよ。
トムが||桃||を食べてるよ。
好きなだけ||桃||を取りなさい。
||桃||はケバケバしてます。
||桃||は甘い。
||桃||は美味しい果物です。
桜と||桃||は春に花を咲かせる。","もも,桃","",Guess the term having 1 (Grade-7 level) Kanji or its reading(not strictly same reading as one in the example),Text
"oceanic whitetip shark (Carcharhinus longimanus)
この皿、||汚||ね。
その水は油で||汚||くなった。
僕の靴、||汚||っ。
地下室は||汚||くて、暗くて、臭いの。
字が||汚||くてごめんね。
字が||汚||くて申し訳ありません。
||汚||さない限り、この本を持ち帰ってもいいですよ。","よごれ,汚","",Guess the term having 1 (Grade-7 level) Kanji or its reading(not strictly same reading as one in the example),Text
"(one's) daughter-in-law; bride; wife
お前は俺の||嫁||です。
これね、||嫁||の写真なんだ。
スミス氏は娘を医者に||嫁||がせた。
二次元の||嫁||がいます。
俺の||嫁||じゃあるまいし。
||嫁||が家で待ってるんで。
||嫁||と姑の仲は大嵐。
||嫁||にやらなくてはならない娘が３人いる。
彼は娘を弁護士に||嫁||がせた。
彼女が||嫁||だ。","よめ,嫁","",Guess the term having 1 (Grade-7 level) Kanji or its reading(not strictly same reading as one in the example),Text
"authority; foundation; grounds; prop; something ..
この理由により、著者に関する信憑性は、資料の信憑性に||拠||っているのである。","よりどころ,拠","authority; foundation; grounds; prop; something upon which to rely; support",Guess the term having 1 (Grade-7 level) Kanji or its reading(not strictly same reading as one in the example),Text
"li (one of the trigrams of the I Ching: fire, so..
それらは切り||離||せない。
ロープを||離||しなさい。
彼は木から枝を切り||離||した。
手を||離||してくれ。
手を||離||せ！
私から手を||離||せ！
私の手を||離||さないで。
||離||してよ。汚らわしい。
||離||せ！
||離||せっつってんだろ！","り,離","li (one of the trigrams of the I Ching: fire, south)",Guess the term having 1 (Grade-7 level) Kanji or its reading(not strictly same reading as one in the example),Text
"cool air; cool breeze; refreshing coolness
ここはとても||涼||しくていい。
ここは||涼||しくていい。
今夜は||涼||しくなりそうね。
日増しに||涼||しくなっていく。
朝晩、||涼||しくなってきましたね。
木陰は||涼||しかった。
||涼||しくてよかったです。
||涼||しくなってきた。
||涼||しくなってきましたね。
||涼||しくなりました。","りょう,涼","",Guess the term having 1 (Grade-7 level) Kanji or its reading(not strictly same reading as one in the example),Text
"flickering; jolting; tremor; vibration
そして、徐々にスピードを上げて、乗客たちを右に左にと||揺||らしながら、トンネルの中を突き進んだ。
メアリーは過剰な自信と劣等感との間で||揺||らいでいる。
強い円が経済を||揺||さぶっている。
彼らの船は波に||揺||られていた。
木々が風に||揺||られてわさわさしている。
汽車に||揺||られつつ、２時間ほどいい気持ちでうとうと眠った。
私は、この旅で心底共に戦った、スクラントン通りで育ち、デラウエアの自宅へ帰る電車に||揺||られるような人々に演説をしてきたパートナーに感謝したい。合衆国副大統領のジョー","ゆり,揺","",Guess the term having 1 (Grade-7 level) Kanji or its reading(not strictly same reading as one in the example),Text
"early night hours; evening
いずれにしても、この雪のふる||宵||に、ひとりの老婆が路ばたに坐っていたのは事実である。","よい,宵","",Guess the term having 1 (Grade-7 level) Kanji or its reading(not strictly same reading as one in the example),Text
"princess (esp. in Western contexts, tales, etc.)..
うるさいなっ！少しの頭痛くらい我慢しろ。余は魔力がすっからかんだ。それもこれも||姫||のせいだぞ。
||姫||のバカと一緒にショッピングしたくないっつってんだろ！
||姫||は帝に赦しを乞うた。
||姫||は目を閉じて、横たわっておられた。
||姫||や侍女たちが、キンポウゲやタンポポの花を持って、彼の方へ駆け寄っていった。","ひめ,姫","princess (esp. in Western contexts, tales, etc.); prostitute; young lady of noble birth; cute; lesser (in names of species); small; girl",Guess the term having 1 (Grade-7 level) Kanji or its reading(not strictly same reading as one in the example),Text
"echo; emotion or feeling inspired by something h..
スマホの着信音が教室内に||響||いた。
二人が教会から出ていく時に、鐘が鳴り||響||いた。
二人が教会を出ると、鐘が鳴り||響||いた。
大地が揺れ始め、警報が鳴り||響||いた。
家という家が揺れ、いたる所で警報が鳴り||響||いていた。
彼女の美しい声は耳にとても心地よく||響||いた。
気苦労が彼の体に||響||いた。
睡眠不足が||響||いてきた。
祇園精舎の鐘の声、諸行無常の||響||あり。
電車でソシャゲが大音量で||響||いてあせる。","ひびき,響","echo; emotion or feeling inspired by something heard or read; feeling of a sound; noise; quality of a sound (e.g. a fine phrase, clear voice, resonant bell); reverberation; sound (esp. the distinctive sound of an object or activity, e.g. rain, gun, gallop, drum)",Guess the term having 1 (Grade-7 level) Kanji or its reading(not strictly same reading as one in the example),Text
"one's eyes; pupil (of the eye)
あなたの||瞳||に、吸い込まれそう！
その||瞳||から一粒の涙が、流れ落ちた。
つぶらな||瞳||してるね。
つぶらな||瞳||だこと。
トムは大きな青い||瞳||を持っていた。
メアリーの茶色の||瞳||は美しい。
彼は紫色の||瞳||を持ってる女性を好む。
彼女の||瞳||は青い。
彼女の菫色の||瞳||が忘れられない。
私は||瞳||が好きだ。","ひとみ,瞳","",Guess the term having 1 (Grade-7 level) Kanji or its reading(not strictly same reading as one in the example),Text
"elbow
こうすると、||肘||が痛いんです。
テニスで||肘||を痛めました。
トムは転んで||肘||をついた。
バイオリニストの||肘||のように上下します。
彼女は両膝に||肘||をのせた。
彼女は私の||肘||をちょっと押した。
||肘||が痛むんだよ。病院に行こうかな。
||肘||は上腕と前腕をつなぐ関節だ。","ひじ,肘","",Guess the term having 1 (Grade-7 level) Kanji or its reading(not strictly same reading as one in the example),Text
"knee; knee and thigh (while sitting); lap
トムは||膝||を擦りむいた。
トムは||膝||を痛めている。
||膝||がすごく痛い。
||膝||がまだ痛むの？
||膝||が痛いな。
||膝||が痛む。
||膝||の擦り傷が化膿してきた。
||膝||を曲げて、前を見て。
赤ん坊を||膝||の上であやした。
雪は||膝||の深さだった。","ひざ,膝","",Guess the term having 1 (Grade-7 level) Kanji or its reading(not strictly same reading as one in the example),Text
"-ee (e.g. employee, examinee, trustee); indicate..
その会社は去年１０億円の損失を||被||った。
その会社は大きな損害を||被||った。
トムは、夏はいっつも帽子を||被||ってるよ。
トムは昨日とは違う帽子を||被||っている。
ヒジャブ、||被||ってみたい。
レイラはヘッドスカーフを||被||っていた。
彼女はヘッドスカーフを||被||っていた。
彼女は奇妙な帽子を||被||っていた。
彼女は帽子を||被||っている。","ひ,被","-ee (e.g. employee, examinee, trustee); indicates the target of an activity",Guess the term having 1 (Grade-7 level) Kanji or its reading(not strictly same reading as one in the example),Text
"beach; captured pieces; captured stones; riverba..
子供たちは||浜||で遊ぶのが大好きです。
波が||浜||に打ち寄せている。
||浜||へはどう行けばいいですか？
私たちはその||浜||で遊んだ。
私たちは||浜||へ泳ぎに行った。","はま,浜","beach; captured pieces; captured stones; riverbank; riverside; seashore; Yokohama",Guess the term having 1 (Grade-7 level) Kanji or its reading(not strictly same reading as one in the example),Text
"trouble
あ、とりあえず包帯しているけど、もし||煩||わしかったら、家に帰ってからカットバンに代えても大丈夫よ。
あ、とりあえず包帯しているけど、もし||煩||わしかったら、家に帰ってからバンドエイドに代えても大丈夫よ。
あ、とりあえず包帯しているけど、もし||煩||わしかったら、家に帰ってから絆創膏に代えても大丈夫よ。
いくつか聞きたい事があるが今はあなたを||煩||わせたくはない。
お手を||煩||わせて申し訳ありません。
この世に思い||煩||らうことはない。
その頃、彼は私のどんな小さな発音の間違いをもとがめた。それは||煩||わしかった。特に人前では。
ワープロがあれば、こん","はん,煩","",Guess the term having 1 (Grade-7 level) Kanji or its reading(not strictly same reading as one in the example),Text
"anti-
彼は困難を||排||して進んでいった。","はい,排","",Guess the term having 1 (Grade-7 level) Kanji or its reading(not strictly same reading as one in the example),Text
"bottom (submissive partner of a homosexual relat..
あの||猫||をごらんなさい。それはブラウンさんの||猫||です。
うちの||猫||はよその||猫||と喧嘩した。
この||猫||はあの||猫||と同じくらい大きい。
僕は||猫||が大好きで大好きで仕方ない||猫||馬鹿です。
彼女は||猫||を飼っています。その||猫||は白いです。
彼女は||猫||を飼っている。その||猫||は白い。
犬が||猫||を追いかけ、||猫||がネズミを追いかける。
犬は||猫||を追いかけ、||猫||は鼠を追いかける。
||猫||を小さな虎と呼ぶことも、虎を","ねこ,ねこま,猫","bottom (submissive partner of a homosexual relationship); cat (esp. the domestic cat, Felis catus); clay bed-warmer; geisha; shamisen; wheelbarrow
cat",Guess the term having 1 (Grade-7 level) Kanji or its reading(not strictly same reading as one in the example),Text
"chopsticks
お||箸||が苦手なの。
その少年は||箸||で食べてみた。
どうやって||箸||を使いますか。
トムは||箸||で食べれないんだ。
使い捨ての||箸||を使うよりもプラスチックの||箸||を洗って使う方がいい。
彼は||箸||が使えるよ。
私は左手で||箸||を持ちます。
||箸||で寿司を食べます。
||箸||の使い方って分かる？
||箸||の使い方を知ってる？","はし,箸","",Guess the term having 1 (Grade-7 level) Kanji or its reading(not strictly same reading as one in the example),Text
"disgrace; embarrassment; shame
トムは||恥||をかいたと思う。
少しは||恥||を知りなさい。
||恥||ずかしがらないで。
||恥||ずかしくないのですか。
||恥||を知りなさい！
||恥||を知りなさい。
政治家のなかには||恥||を||恥||とも感じない人もいるようだ。
旅の||恥||はかきすて。
約束を守らないのは||恥||だ。","はじ,恥","",Guess the term having 1 (Grade-7 level) Kanji or its reading(not strictly same reading as one in the example),Text
"baldness; bareness; being penniless; being uncov..
労働者たちは腰まで||裸||だった。
子供たちは||裸||で泳いでいた。
王様は||裸||だ！
王様は||裸||であることがわかった。
||裸||でいて何が悪いの？
||裸||で寝ます。
||裸||で物を落とす例なし。
||裸||のまま寝ます。
||裸||の男の子達が川で泳いでいた。
赤ちゃんは||裸||だった。","はだか,裸","baldness; bareness; being penniless; being uncovered; concealing nothing; nakedness; nakedness; nudity; openness",Guess the term having 1 (Grade-7 level) Kanji or its reading(not strictly same reading as one in the example),Text
"bee; hornet; wasp
トムは||蜂||に刺された。
我々は||蜂||の群れにあった。
痛い！||蜂||に刺された。
||蜂||が容赦なく襲ってきた。
||蜂||が窓から飛んでった。
||蜂||が花に飛んできた。
||蜂||が飛び回る。
||蜂||には気を付けてよ。
||蜂||に刺されました。
||蜂||は花から花に飛ぶ。","はち,蜂","",Guess the term having 1 (Grade-7 level) Kanji or its reading(not strictly same reading as one in the example),Text
"basin; bowl; brainpan; crown; flowerpot; pot
ガラスの||鉢||は粉々になってしまった。
このような木製の||鉢||を作る技術はすっかりすたれてしまった。
彼は粘土で||鉢||をつくった。
彼女は||鉢||から花を摘んで、私にくれました。","はち,鉢","",Guess the term having 1 (Grade-7 level) Kanji or its reading(not strictly same reading as one in the example),Text
"firefly (Luciola cruciata); glowworm; lightning ..
あなたの庭に||蛍||がいるの？
それは||蛍||だよ。
たくさんの||蛍||がいたよ。
洞窟は||蛍||でいっぱいだ。
||蛍||がヒキガエルに食べられちゃったよ。
||蛍||だね。
||蛍||を見たことある？","ほたる,蛍","firefly (Luciola cruciata); glowworm; lightning bug",Guess the term having 1 (Grade-7 level) Kanji or its reading(not strictly same reading as one in the example),Text
"Bulgaria; abrupt; energetic; rising; spirited; s..
どうやら一晩中僕自身が||勃||っていたようだ。","ぼつ,勃","Bulgaria; abrupt; energetic; rising; spirited; sudden",Guess the term having 1 (Grade-7 level) Kanji or its reading(not strictly same reading as one in the example),Text
"lacking; without; death; rejection (of a manuscr..
太陽は地平線下に||没||した。
月が||没||した。","ぼつ,没","lacking; without; death; rejection (of a manuscript, etc.)",Guess the term having 1 (Grade-7 level) Kanji or its reading(not strictly same reading as one in the example),Text
"sail
一陣の風をうけて||帆||がふくらんだ。
向かい風が||帆||に吹きつけた。
||帆||がいっぱいに風をはらんだ。
||帆||が風にはためいた。
||帆||は全部下ろされた。
強い風を受けて||帆||がぴんと張った。
水平線に船の||帆||が見えますか。
追い風の時に||帆||を上げよ。
順風の時に||帆||を上げよ。
風は||帆||に向かって吹く。","ほ,帆","",Guess the term having 1 (Grade-7 level) Kanji or its reading(not strictly same reading as one in the example),Text
"(pointed) head; crest (of a wave); ear (of a cer..
かれらは風をまきて狂風をかりとらん種ところは生長る穀物なくその||穂||はみのらざるべしたとひ實るとも他邦人これを呑ん","ほ,穂","(pointed) head; crest (of a wave); ear (of a cereal plant); head; point (of a brush, spear, etc.); scion (in grafting); spike; tip",Guess the term having 1 (Grade-7 level) Kanji or its reading(not strictly same reading as one in the example),Text
"cap; hat
目だし||帽||をかぶった二人の男が銀行へ入って行った。","ぼう,帽","",Guess the term having 1 (Grade-7 level) Kanji or its reading(not strictly same reading as one in the example),Text
"fence; wall
||塀||に登るな。
||塀||は緑色に塗られている。
家の周りに||塀||が立っている。
庭の回りに高い||塀||があった。
彼は||塀||にもたれて立っていた。
彼は||塀||に梯子を掛けた。
彼は||塀||を乗り越えた。
彼らは||塀||の一部を取り壊した。
彼女はその||塀||を赤く塗った。
猫が颯爽と||塀||をよじ登った。","へい,塀","",Guess the term having 1 (Grade-7 level) Kanji or its reading(not strictly same reading as one in the example),Text
"(breast) pocket; (one's) reach; bosom; bosom (e...
その政治家は平然と賄賂を受け取り、全ての契約の５％が濡れ手に粟で彼の||懐||に入った。
彼は彼女を||懐||の中に引き寄せて助けたが、彼女は我慢できなかった。
彼は財布を上着の||懐||から取り出した。
父の||懐||におられる一人子の神が、神を解き明かされたのである。","ふところ,懐","(breast) pocket; (one's) reach; bosom; bosom (e.g. of nature); depths; heart; heart (e.g. of a mountain); inner part; inner thoughts; inside the breast of one's clothing (esp. kimono); mind; money (one is carrying); pocketbook; purse; space between one's chest and outstretched arms",Guess the term having 1 (Grade-7 level) Kanji or its reading(not strictly same reading as one in the example),Text
"boat; seaplane; ship; tank; trough; tub; vat; ve..
その||舟||は、今晩イギリスに向けて出港することになっている。
トムは||舟||の上で生活している。
むろん、||舟||は何百艘も水面を動きまわっているが、どれでもいいというわけにはいかない。
彼の||舟||は２時間、海に出ている。
彼らは川を||舟||をこいで上った。
私たちは||舟||を作るのに非常に努力した。
||舟||は行方不明だ。
風と潮の流れがその||舟||を岸に押しやった。","ふね,舟","boat; seaplane; ship; tank; trough; tub; vat; vessel; watercraft; counter for boat-shaped containers (e.g. of sashimi)",Guess the term having 1 (Grade-7 level) Kanji or its reading(not strictly same reading as one in the example),Text
"cap; cover; lid
この瓶の||蓋||、どこに置いた？
この箱の||蓋||はどうしても開かない。
この||蓋||、きつすぎて開けれないんだけど。
この||蓋||、固すぎて開かないんだけど。
絶対トイレの||蓋||を開けたままにするなよ。
||蓋||が取れないんだよ。
||蓋||が開かないんだよ。
||蓋||が開けられないんです。
||蓋||を開けました。
鍋に||蓋||をして。","ふた,蓋","",Guess the term having 1 (Grade-7 level) Kanji or its reading(not strictly same reading as one in the example),Text
"seal
人間の心は昔から数々の宝を隠し持っており、それは秘かに保持され、沈黙のうちに||封||じ込まれている。
||封||じ込まれました。
||封||も開けずに送り返してきやがった。
彼はその手紙を読むどころか、||封||も切らなかった。
彼は手紙の||封||を開けずに送り返した。
彼らは賄賂を使って証人の口を||封||じた。","ふう,封","",Guess the term having 1 (Grade-7 level) Kanji or its reading(not strictly same reading as one in the example),Text
"concealment (of one's vices); cover; overturning..
こういう風に目を||覆||ってください。
トムは枕で頭を||覆||った。
ほこりが机を||覆||っている。
メアリーは枕で頭を||覆||った。
審判の判定は||覆||らない。
広大な森林が山々を||覆||っている。
暗闇が降りて谷間を一面に||覆||った。
最高裁は前回の判決を||覆||した。
警察は死体をシートで||覆||った。
雪がバスを||覆||っている。","ふく,覆","concealment (of one's vices); cover; overturning; toppling; veil",Guess the term having 1 (Grade-7 level) Kanji or its reading(not strictly same reading as one in the example),Text
"(something) despised; (something) made light of
いきなりビールを３本飲んでしまうなんて、佐藤さんも||侮||れないなあ。
彼はいつも政府を||侮||ったようなことを言う。
彼は危険を||侮||った。","ぶ,侮","",Guess the term having 1 (Grade-7 level) Kanji or its reading(not strictly same reading as one in the example),Text
"counter for nights of a stay; lodging; overnight..
「||泊||まってって」って、頼んだら||泊||まってくれる？
ここに||泊||まろうよ。
ホテルに||泊||まったよ。","はく,泊","counter for nights of a stay; lodging; overnight stay",Guess the term having 1 (Grade-7 level) Kanji or its reading(not strictly same reading as one in the example),Text
"arrest; restraint; restriction; tying up
どろぼうは手足を||縛||られた。
プライドに||縛||られるな。
僕の手は||縛||られている。
強盗は||縛||られていた。
彼はその小包を||縛||った。
彼は手足を||縛||られていた。
彼は約束に||縛||られている。
彼らは囚人の手足を||縛||った。
彼らは彼を||縛||った。
手は||縛||られている。","ばく,縛","",Guess the term having 1 (Grade-7 level) Kanji or its reading(not strictly same reading as one in the example),Text
"blade; edge (of a knife or sword); prong (of an ..
このナイフの||刃||はするどくてよく切れる。
このナイフは||刃||が鋭く、よく切れる。
そのナイフは||刃||が鋭い。
どれでも||刃||より痛いです。
||刃||にぎざぎざが付いているので、このナイフはパンのようなものを切り分けるのに最適だ。
||刃||の鋭いナイフを手に入れた。
私のナイフの||刃||は、とても鋭い。
長年愛用してきた包丁の||刃||が欠けてしまった。","は,やいば,刃","blade; edge (of a knife or sword); prong (of an electrical plug)
blade; forged blade; sharpness; sword; unhulled rice; wavy pattern on forged blades",Guess the term having 1 (Grade-7 level) Kanji or its reading(not strictly same reading as one in the example),Text
"addiction; being hooked on; getting sucked into;..
ここに小さな||沼||があります。
その||沼||にはサギがたくさん住んでいる。
人工衛星から見れば、湖や||沼||も、こぼれた水だ。","ぬま,沼","addiction; being hooked on; getting sucked into; obsession; bog; marsh; pond; swamp; ugly man; wetland",Guess the term having 1 (Grade-7 level) Kanji or its reading(not strictly same reading as one in the example),Text
"(wet) dirt; mire; mud; slush; thief
トムは||泥||の上に落ちた。
川は||泥||で濁っていた。
彼はドアの||泥||をこすり落とした。
彼は膝まで||泥||に浸かっていた。
母さんは彼の靴から||泥||を落とした。
||泥||が私の靴にくっつく。
燕は||泥||で巣を作ります。
石けんは||泥||を落とすのに役立つ。
靴から||泥||を取り除いてください。","どろ,泥","",Guess the term having 1 (Grade-7 level) Kanji or its reading(not strictly same reading as one in the example),Text
"bowl of meat, fish, etc. served over rice; donbu..
スタミナ||丼||なのに量少なくないか？","どん,どんぶり,丼","bowl of meat, fish, etc. served over rice; donburi; porcelain bowl",Guess the term having 1 (Grade-7 level) Kanji or its reading(not strictly same reading as one in the example),Text
"pear (esp. Japanese pear)
この||梨||、青いね。
それは私が今まで食べた||梨||で一番美味しい||梨||です。
トムが||梨||を食べたんだ。
トムは||梨||が好きなの？
僕は||梨||を無料でもらった。
林檎と||梨||、どっちが好き？
||梨||はお好きですか？
||梨||は今年は概して大きい。
||梨||を食べたんだ。
||梨||を食べています。","なし,梨","",Guess the term having 1 (Grade-7 level) Kanji or its reading(not strictly same reading as one in the example),Text
"enigmatic; mysterious; enigma; mystery; puzzle; ..
その||謎||を解きましたか。
それで||謎||が解けました。
トムが||謎||を解いたぞ。
事故の原因は完全な||謎||だ。
彼はその||謎||を難なく解いた。
自然って||謎||ばかりです。
||謎||は深くなる一方だ。
||謎||は深まるばかり。
||謎||は深まる一方だわ。
||謎||を未解決のままにするな。","なぞ,謎","enigmatic; mysterious; enigma; mystery; puzzle; riddle",Guess the term having 1 (Grade-7 level) Kanji or its reading(not strictly same reading as one in the example),Text
"hot pot; stew; pan; pot; saucepan
この||鍋||は色々な使い道がある。
大きい||鍋||でスープを作った。
大きい||鍋||で汁を作った。
金は||鍋||を煮え立たせる。
||鍋||がふきこぼれているよ。
||鍋||が湯わかしを黒いという。
||鍋||に油入れた？
||鍋||に蓋をして。
||鍋||を焦げつかせるな。
||鍋||を素手で触っちゃダメよ。","なべ,鍋","",Guess the term having 1 (Grade-7 level) Kanji or its reading(not strictly same reading as one in the example),Text
"lead (Pb)
これは||鉛||のように重い。
水道水には塩素、||鉛||などの有害物質が含まれている可能性がある。
腰の痛みから足が||鉛||のように重く引きずるように歩いていました。
起きようとしたけれど、体は||鉛||のように重かった。
||鉛||と金とでは、どちらが重いんですか。
||鉛||は簡単に曲がる。
||鉛||は金属である。","なまり,鉛","",Guess the term having 1 (Grade-7 level) Kanji or its reading(not strictly same reading as one in the example),Text
"cord; policeman's rope; rope
この||縄||は丈夫だ。
強盗は私を後ろ手に||縄||で縛った。
彼は||縄||で木に縛り付けられた。
泥棒を捕まえて||縄||をなう。
泥棒を見て||縄||をなう。
海に||縄||を投げ入れた。
私は||縄||を手放した。","なわ,縄","",Guess the term having 1 (Grade-7 level) Kanji or its reading(not strictly same reading as one in the example),Text
"cooked with; simmered with; boiled dish; boiling
この野菜はなかなか||煮||えない。
トムは卵を||煮||ている。
ミルクが||煮||えこぼれた。
君に豆を||煮||てあげよう。
||煮||え加減がちょうどよい。
私の十八番、チキンのレモン||煮||よ。
米を||煮||なさい。
金は鍋を||煮||え立たせる。
魚を皆で||煮||て食べよう！
鯖は||煮||ても焼いても美味しい。","に,煮","",Guess the term having 1 (Grade-7 level) Kanji or its reading(not strictly same reading as one in the example),Text
"aura; flavor; flavour; odor; odour; scent; sense..
「お手手洗った？」「うん。ママ」「石鹸で？||匂||わせて！」
「手は洗ったの？」「うん。ママ」「石鹸つけて？||匂||わせてごらん」
「手を洗った？」「うん。ママ」「石鹸で？||匂||わせて！」
夜半、月の光が一川の蘆と柳とに溢れた時、川の水と微風とは静に囁き交しながら、橋の下の尾生の死骸を、やさしく海の方へ運んで行った。が、尾生の魂は、寂しい天心の月の光に、思い憧れたせいかも知れない。ひそかに死骸を抜け出すと、ほのかに明るんだ空の向うへ、まるで水の||匂||や藻の||匂||が音もなく川から","におい,匂","aura; flavor; flavour; odor; odour; scent; sense; smacks of ...; smell; stench; whiff",Guess the term having 1 (Grade-7 level) Kanji or its reading(not strictly same reading as one in the example),Text
"rainbow
トムは三重の||虹||を見た。
今朝の||虹||みた？
今朝出てた||虹||みた？
何と美しい||虹||だろう。
東には||虹||があります。
||虹||は７色だ。
||虹||は自然現象である。
||虹||は見えた？
||虹||を見た？
||虹||を見たことある？","にじ,虹","",Guess the term having 1 (Grade-7 level) Kanji or its reading(not strictly same reading as one in the example),Text
"brocade; fine clothes; fine dress
彼は故郷に||錦||を飾って帰ってくる。
||錦||あやなす木々で山が染まっていた。","にしき,錦","",Guess the term having 1 (Grade-7 level) Kanji or its reading(not strictly same reading as one in the example),Text
"house next door; neighbouring house; next-door n..
「太郎の||隣||の席は男子だけど、お前の||隣||は？」「僕は女子だ」
寺の||隣||に鬼が住む。
彼の||隣||に座ったんだ。
彼の||隣||に座りました。
彼の||隣||に立ってたよ。
彼は私の||隣||に座った。
郵便局はすぐ||隣||です。
||隣||どうぞ。
||隣||に座って。
||隣||のコーンはあまい。","となり,隣","house next door; neighbouring house; next-door neighbor; next-door neighbour; adjacent; adjoining; next (to)",Guess the term having 1 (Grade-7 level) Kanji or its reading(not strictly same reading as one in the example),Text
"door; gate; opening; title page
この||扉||、閉めておこうか？
この||扉||は開けないでね。
その||扉||は今開いている。
冥界の||扉||は開かれた。
多分隠し||扉||があるんだよ。
幸せの||扉||をノックします。
心の||扉||をノックします。
||扉||よ開け。
新しい||扉||が見えてきた。
玄関で||扉||を叩く音がした。","とびら,扉","",Guess the term having 1 (Grade-7 level) Kanji or its reading(not strictly same reading as one in the example),Text
"attendant; companion; follower; retinue
ひき逃げの犯人は翌日父親に||伴||われて自首してきました。
また、「安楽いすに座りながらの買い物」には、雑踏や交通から来るフラストレーションが||伴||わない。
実行の||伴||わない理論は何の役にもたたない。
常識を||伴||わない知識は何の役にも立たない。
暴風雨には雷が||伴||った。
気持ちだけ焦ってしまって、全然行動が||伴||わない。
理論には実践が||伴||わなければならない。
船に乗っている事は、溺れるという冒険を||伴||って、牢獄の中にいるのと同じである。
豪雨は雷を||伴||った。","とも,伴","",Guess the term having 1 (Grade-7 level) Kanji or its reading(not strictly same reading as one in the example),Text
"drunk; drunkard; sot; tiger (Panthera tigris)
これは||虎||じゃない。
トムは||虎||が好きなんだよ。
彼は||虎||が好き。
猫を小さな||虎||と呼ぶことも、||虎||を大きな猫と呼ぶこともできる。
猫を小さな||虎||と形容することも、||虎||を大きな猫と形容するのと同様に可能だ。
||虎||がこのあたりに現れる。
||虎||は大きい猫だということができるならば、猫は小さい||虎||だということもできるでしょう。
||虎||は肉食動物です。
||虎||よ！||虎||よ！あかあかと燃える。
||虎||を大きな猫というなら、同じように猫を小","とら,虎","",Guess the term having 1 (Grade-7 level) Kanji or its reading(not strictly same reading as one in the example),Text
"(mountain) pass; highest point on a mountain roa..
なにがしあわせかわからないです。ほんとうにどんなつらいことでもそれがただしいみちを進む中でのできごとなら、||峠||の上りも下りもみんなほんとうの幸福に近づく一あしずつですから。
ブームは||峠||を越した。
患者さんは||峠||を越しました。
猛暑の||峠||は越えたようだが、日中はまだまだ暑い。
病人はもう||峠||を越した。
私達が||峠||にさしかかる頃に雨になった。","とうげ,峠","(mountain) pass; highest point on a mountain road; ridge; crisis; critical point; most difficult part; peak (e.g. of summer); worst (e.g. of an illness)",Guess the term having 1 (Grade-7 level) Kanji or its reading(not strictly same reading as one in the example),Text
"much; very
トムは泥沼に||突||っ込んだ。
やぶを||突||いて蛇をだすな。
彼は私の申し出を||突||っぱねた。
我々の食料は底を||突||いた。
指をノドに||突||っ込め！
私はポケットに手を||突||っ込んだ。
||突||っ立ってないで何か言えよ。
車は木に||突||っ込んだ。
針で親指を||突||いてしまった。","とっ,突","",Guess the term having 1 (Grade-7 level) Kanji or its reading(not strictly same reading as one in the example),Text
"route; way
course; distance; dogma; field (e.g. ..
彼は帰国の||途||についている。","と,ど,みち,途","route; way
course; distance; dogma; field (e.g. of medicine); journey; lane; means; method; moral principles; passage; path; road; road (e.g. to victory); route; speciality; street; subject; teachings (esp. Confucian or Buddhist); way; way; way (of living, proper conduct, etc.)",Guess the term having 1 (Grade-7 level) Kanji or its reading(not strictly same reading as one in the example),Text
"spire; steeple; tower; dagoba; pagoda; stupa
あの||塔||の時計は正確だ。
あれは||塔||です。
その||塔||は倒れそうだ。
その||塔||は崩壊した。
トムの家には||塔||がある。
宮殿には高い||塔||がある。
家からその||塔||が見える。
木の上に||塔||が見える。
遠くに||塔||が見えた。
雷がその||塔||に落ちた。","とう,塔","",Guess the term having 1 (Grade-7 level) Kanji or its reading(not strictly same reading as one in the example),Text
"abdomen; body; dealer; frame (of a drum, etc.); ..
ダックスフントは、非常に長い||胴||と短い足をしたドイツ犬である。","どう,胴","abdomen; body; dealer; frame (of a drum, etc.); hull (of a ship); plastron (in kendo); sound box (of a shamisen, etc.); torso; touching the plastron (kimari-te in kendo); trunk; waist",Guess the term having 1 (Grade-7 level) Kanji or its reading(not strictly same reading as one in the example),Text
"building with a long roof; large building; count..
トムは以前、私と同じ||棟||の同じ階に住んでました。","とう,むね,棟","building with a long roof; large building; counter for buildings, apartments, etc.
counter for buildings, apartments, etc.; back of a sword; ridge (of roof)",Guess the term having 1 (Grade-7 level) Kanji or its reading(not strictly same reading as one in the example),Text
"ferry; harbor; harbour; port; Tsu (city in Mie)
私たちには２人の息子がいる。一人は奈良に、もう一人は||津||にいる。","つ,津","",Guess the term having 1 (Grade-7 level) Kanji or its reading(not strictly same reading as one in the example),Text
"death; end; end of life; final; never; not at al..
その仕事はやり||遂||げた。
万難を排してやり||遂||げよう。
仕事をやり||遂||げました。
仕事を成し||遂||げましたか。
医学は劇的な進歩を||遂||げた。
彼はその計画を成し||遂||げた。
彼は不慮の死を||遂||げた。
彼は任務を成し||遂||げた。
彼は大陸横断を成し||遂||げた。
浪士は本懐を||遂||げた。","つい,遂","death; end; end of life; final; never; not at all",Guess the term having 1 (Grade-7 level) Kanji or its reading(not strictly same reading as one in the example),Text
"chief; head; office; official; person (usually a..
うちの大学には||寮||がります。
みんな同じ||寮||で生活してます。
僕たちは皆、同じ||寮||に住んでます。
僕はトムと同じ||寮||に住んでるんだ。
||寮||には共用のキッチンがある。
||寮||の暖房が壊れてるんだ。
||寮||の暖房が故障してるんです。
||寮||の規則は守らなければならない。
彼は今、||寮||で寝ています。
私の大学には||寮||があります。","つかさ,りょう,寮","chief; head; office; official; person (usually a woman) who officiates at religious ceremonies (on the Yaeyama Islands in Okinawa)
bureau (government department beneath a ministry under the ritsuryo system); dormitory; hostel; tea-ceremony room; villa",Guess the term having 1 (Grade-7 level) Kanji or its reading(not strictly same reading as one in the example),Text
"bank; dike; embankment
時雄は胸の轟きを静める為め、月朧なる利根川の||堤||の上を散歩した。","つつみ,堤","",Guess the term having 1 (Grade-7 level) Kanji or its reading(not strictly same reading as one in the example),Text
"hand drum
||鼓||には、四種類の音があります：ポ、プ、タ、チ。ポとプの音色はよく似てるけど、微妙に違います。","つづみ,鼓","",Guess the term having 1 (Grade-7 level) Kanji or its reading(not strictly same reading as one in the example),Text
"saliva; spit; spittle
彼の||唾||の吐き方が我慢できない。","つば,つばき,唾","",Guess the term having 1 (Grade-7 level) Kanji or its reading(not strictly same reading as one in the example),Text
"Chinese -Wings- constellation (one of the 28 man..
からすはその||翼||を広げた。
その鳥の||翼||は折れていた。
その鳥は||翼||を広げた。
富には||翼||がある。
愛は愛から飛び去る||翼||があるに違いないが、また飛んで戻って来る||翼||も持っているに違いない。
時の||翼||に乗って悲しみは飛び去る。
鳥が||翼||をはばたかせた。
鳥には||翼||がある。
鳥の||翼||は人間の腕に相当する。
鳥は||翼||で飛ぶ。","つばさ,よく,翼","Chinese -Wings- constellation (one of the 28 mansions); wing; counter for birds or bird wings",Guess the term having 1 (Grade-7 level) Kanji or its reading(not strictly same reading as one in the example),Text
"clasp; claw; hoof; hook; nail (e.g. fingernail, ..
その猫は||爪||を隠している。
ちょうど||爪||を切ったところだよ。
トムが||爪||を噛んでるよ。
トムは||爪||にやすりをかけている。
トムは||爪||を切っている。
夜は絶対に||爪||を切らないんだ。
||爪||が割れちゃった。
||爪||を切らなきゃな。
||爪||を切りなさい。
||爪||を噛むのはよしなさい。","つめ,爪","clasp; claw; hoof; hook; nail (e.g. fingernail, toenail); pick; plectrum; talon",Guess the term having 1 (Grade-7 level) Kanji or its reading(not strictly same reading as one in the example),Text
"end (esp. the foot of a bridge); endgame (esp. i..
のどが||詰||まった感じです。
パイプに何か||詰||まった。
今日は予定が||詰||まっている。
仕事に行き||詰||まった。
俺、もう||詰||んだわ。
彼は商売に行き||詰||まった。
彼女は言葉に||詰||まった。
私は言葉に||詰||まった。
行き||詰||まったの？
鼻が||詰||まった。","つめ,づめ,詰","end (esp. the foot of a bridge); endgame (esp. in shogi or used figuratively); lowest-ranking guest at tea ceremony; middle-aged woman; sweet eel sauce; tea master; packing; stuffing; appointment to a particular workplace; continuing; keep doing for period of time; using as the sole ground of judgement (judgment)",Guess the term having 1 (Grade-7 level) Kanji or its reading(not strictly same reading as one in the example),Text
"clickbaiting; trolling; writing deliberately inf..
トムが大きな魚、||釣||ったよ。
川で魚が||釣||れましたか。
彼らは川でマスを||釣||った。
私は昨日大きな魚を||釣||った。
自分で||釣||った魚はうまい。
誰がこの魚を||釣||ったの？
魚は||釣||れなかった。","つり,釣","clickbaiting; trolling; writing deliberately inflammatory posts online; angling; change (for a purchase); fishing",Guess the term having 1 (Grade-7 level) Kanji or its reading(not strictly same reading as one in the example),Text
"equals; is; means; at once; immediately; instant..
彼の伝記は全くの事実に||即||して書かれたものだ。
日常生活に||即||した例文ですね。こういう例文は大歓迎です。","そく,即","equals; is; means; at once; immediately; instantly; inseparability; oneness (of two opposing things)",Guess the term having 1 (Grade-7 level) Kanji or its reading(not strictly same reading as one in the example),Text
"monk; priest; sangha (the Buddhist community)
その||僧||は子供たちの遊びに参加した。
その||僧||は子供達の遊びに仲間入りした。
村人はみなかわるがわる||僧||にあいさつした。","そう,僧","",Guess the term having 1 (Grade-7 level) Kanji or its reading(not strictly same reading as one in the example),Text
"funeral
これがブレークの||葬||られている教会です。","そう,葬","",Guess the term having 1 (Grade-7 level) Kanji or its reading(not strictly same reading as one in the example),Text
"mourning; calamity; misfortune
見つけたのは僕です。意識を||喪||っていたので、保健室に運びました。","そう,も,喪","",Guess the term having 1 (Grade-7 level) Kanji or its reading(not strictly same reading as one in the example),Text
"bell (often globular)
問題は誰が猫に||鈴||をつけるかだ。
誰が猫の首に||鈴||をつけるか。
||鈴||の音がしたら、すぐ来てね。
||鈴||の音が聞こえました。","すず,りん,れい,鈴","",Guess the term having 1 (Grade-7 level) Kanji or its reading(not strictly same reading as one in the example),Text
"(trouser) cuff; bottom (of a kimono); bottom edg..
カレンの||裾||が捲れている。
スカートの||裾||を両手でもつ仕草があまりに優雅だ。
和服を着て椅子に腰をかけると、何となく心細い。||裾||から風がはいるような気がする。
和服を着て椅子に腰をかけると、何となく心細い。||裾||から風がはひるやうな気がする。","すそ,裾","(trouser) cuff; bottom (of a kimono); bottom edge; bottom part; downstream; foot (of a mountain); hem; shirttail; tips (of hair); train (of a dress)",Guess the term having 1 (Grade-7 level) Kanji or its reading(not strictly same reading as one in the example),Text
"vinegar
デーツから||酢||が作れるって、ご存じですか？
||酢||はすっぱい味がする。
||酢||は嫌いです。","す,酢","",Guess the term having 1 (Grade-7 level) Kanji or its reading(not strictly same reading as one in the example),Text
"to do
advantage; affecting; aim; benefit; concer..
あなたの||為||なら、死ねます。
あなたの||為||なら何でもします。
このキーは何の||為||の物ですか。
シチューの||為||の肉を買いに行く。
病気の||為||、彼女は来れないんだ。","す,ため,為","to do
advantage; affecting; aim; benefit; concerning; consequence; effect; good; objective; purpose; regarding; result; sake; welfare",Guess the term having 1 (Grade-7 level) Kanji or its reading(not strictly same reading as one in the example),Text
"stage elevator; trapdoor
先生は彼に答を||迫||った。
刻々と時間が||迫||ってくる。
我々に飢饉が||迫||った。
時間が刻々と||迫||っている。
時間が||迫||っている。
私は二者択一を||迫||られた。
約束の日が||迫||っている。
薄暮れが||迫||った。
試験が目前に||迫||った。
過去の過ちが||迫||ってくる。","せり,迫","",Guess the term having 1 (Grade-7 level) Kanji or its reading(not strictly same reading as one in the example),Text
"carpenter's inking string; Chinese ink; India in..
||墨||を染料として使うと面白い模様ができます。","すみ,ぼく,墨","carpenter's inking string; Chinese ink; India ink; ink stick; ink-cake; octopus ink; squid ink; sumi
ink; Mexico; Mohism; tattooing (as a form of punishment in ancient China)",Guess the term having 1 (Grade-7 level) Kanji or its reading(not strictly same reading as one in the example),Text
"cram school; juku; private tutoring school
あの子を無理に||塾||に通わせるのは反対だね。
||塾||に行かなきゃ。
||塾||の先生と付き合っている。
彼は||塾||で勉強している。
私の||塾||はここから遠い。","じゅく,塾","",Guess the term having 1 (Grade-7 level) Kanji or its reading(not strictly same reading as one in the example),Text
"mountain; peak
あなたは槍ヶ||岳||に登ったことがありますか。","たけ,だけ,岳","",Guess the term having 1 (Grade-7 level) Kanji or its reading(not strictly same reading as one in the example),Text
"but; however; nevertheless; as is; common; free ..
マイクはその委員会で||唯||ひとりの男性です。
||唯||これを意識しないのである。","ただ,唯","but; however; nevertheless; as is; common; free of charge; ordinary; safe; unaffected; usual; just; merely; only; simply",Guess the term having 1 (Grade-7 level) Kanji or its reading(not strictly same reading as one in the example),Text
"de- (indicating reversal, removal, etc.); post-
コート||脱||いだら？
シャツを||脱||いだ。
ブーツは||脱||いで。
帽子を||脱||ぎなさい。
彼は上着を||脱||いだ。
彼は帽子を||脱||いだ。
靴どこで||脱||いだ？
靴を||脱||いで下さい。
靴を||脱||ぎなさい。","だつ,脱","",Guess the term having 1 (Grade-7 level) Kanji or its reading(not strictly same reading as one in the example),Text
"rapids; waterfall
ザーッと||滝||のように雨が降ってきた。
そこですばらしい||滝||を見た。
その||滝||は橋の少し下流にあります。
橋の上流に||滝||がある。
||滝||のような汗が顔から流れ始めた。
裸で||滝||に打たれている男性を見た。
谷は||滝||の音を反響する。
雨が||滝||のように降ってきた。","たき,滝","",Guess the term having 1 (Grade-7 level) Kanji or its reading(not strictly same reading as one in the example),Text
"firewood; kindling (twigs, branches, etc.); piec..
くすぶっていた||薪||が突然燃え上がった。
トムは||薪||を割ってるよ。
もう一本、暖炉に||薪||をくべて。
彼は椅子を叩き壊して||薪||にした。
暖炉には||薪||が足りず、早くも火勢が衰え始めている。
||薪||が足りず、はやくも火勢が衰えはじめた暖炉。","たきぎ,まき,薪","firewood; kindling (twigs, branches, etc.); piece(s) of firewood (esp. chopped or split from logs)",Guess the term having 1 (Grade-7 level) Kanji or its reading(not strictly same reading as one in the example),Text
"counter for choices, options, etc.
手段を||択||ばないよね。","たく,択","",Guess the term having 1 (Grade-7 level) Kanji or its reading(not strictly same reading as one in the example),Text
"flap (of a dust jacket); sleeve; wing (of a stag..
セーターの||袖||がほぐれ始めた。
トムは||袖||をまくり上げた。
ない||袖||は振れない。
右の||袖||をあげてください。
彼の||袖||をつかんでいた。
彼の||袖||を掴んだ。
彼は彼女の||袖||をつかんだ。
父は||袖||に長い裂け目を作った。
||袖||をまくってください。
||袖||を引っ張らないでください。","そで,袖","flap (of a dust jacket); sleeve; wing (of a stage, desk, gate, etc.)",Guess the term having 1 (Grade-7 level) Kanji or its reading(not strictly same reading as one in the example),Text
"I; me; someone; unknown person
a certain ...; ce..
ある日、私が戻ってくると、女房と、友人の||某||とが、炬燵の中に入っているのである。","それがし,なにがし,ぼう,某","I; me; someone; unknown person
a certain ...; certain person; I; me; Mr So-and-so; certain amount; some
certain; one; I; me",Guess the term having 1 (Grade-7 level) Kanji or its reading(not strictly same reading as one in the example),Text
"-proof; -resistant
この臭いは||耐||えれない。
それは見るに||耐||えない。
彼はその仕事に||耐||えられる。
彼は甘んじて屈辱に||耐||えた。
彼女はよく悲しみに||耐||えた。
彼女は最後まで||耐||えた。
彼女は逞しく逆境に||耐||えた。
彼女は長旅に||耐||えられるか。
私はこの試練に||耐||えた。
||耐||えられない。","たい,耐","",Guess the term having 1 (Grade-7 level) Kanji or its reading(not strictly same reading as one in the example),Text
"womb
もう一度、母の||胎||に入って生れる事が出来ましょうか。","たい,はら,胎","",Guess the term having 1 (Grade-7 level) Kanji or its reading(not strictly same reading as one in the example),Text
"bung; cork; faucet; plug; stopcock; stopper; tap
お前が浴槽の||栓||を抜いたから、水が減ったんだよ。
このコルクの||栓||はどうしてもぬけない。
この||栓||はびんに合わない。
この||栓||は取り替えないとダメですね。
コルクの||栓||がどうしても抜けなかった。
シャンパンの||栓||がぽんと音を立ててとんだ。
トムはワインの||栓||を抜いた。
ネコがひっくり返すといけないから、ビンに||栓||をしなさい。","せん,栓","",Guess the term having 1 (Grade-7 level) Kanji or its reading(not strictly same reading as one in the example),Text
"dhyana (profound meditation); Zen (Buddhism)
||禅||は私たちの心を鍛練するといわれる。","ぜん,禅","",Guess the term having 1 (Grade-7 level) Kanji or its reading(not strictly same reading as one in the example),Text
"food; meal; serving; serving tray (with legs); s..
彼女は||膳||の上のものを酔った手つきで掴み散らしました。","ぜん,膳","food; meal; serving; serving tray (with legs); small dining table (usu. for a single person); counter for bowlfuls of rice; counter for pairs of chopsticks",Guess the term having 1 (Grade-7 level) Kanji or its reading(not strictly same reading as one in the example),Text
"We
||朕||はおもしろうない。
||朕||は国家なり。","ちん,朕","",Guess the term having 1 (Grade-7 level) Kanji or its reading(not strictly same reading as one in the example),Text
"curious; odd; peculiar; rare; strange
「お、||珍||しくいいこと言うじゃん」「でしょー？ なんか私今日冴えてるかも」
この秋は、||珍||しくドラマをたくさん見ている。
それまで外国にいったことがなかったから、全てが私にとっては||珍||しかった。
今回の会議は||珍||しく時間通りに始まった。
今日は||珍||しくトムが上機嫌だ。
医者なら６桁の収入は||珍||しくない。
宇宙旅行はそのうち||珍||しくないものになるだろう。","ちん,珍","",Guess the term having 1 (Grade-7 level) Kanji or its reading(not strictly same reading as one in the example),Text
"parking; parking lot; parking space
或る月曜日の午後、一台の辻馬車が、私の泊っているホテルの前に||駐||まりました。
或る月曜日の午後、一台の辻馬車が、私の泊つてゐるホテルの前に||駐||まりました。","ちゅう,駐","",Guess the term having 1 (Grade-7 level) Kanji or its reading(not strictly same reading as one in the example),Text
"counter for doses of medicine, etc.
その写真は至る所に||貼||ってある。
今その絵は壁に||貼||ってある。
地図は壁に||貼||ってある。
封筒には切手を||貼||りましたか？
封筒に切手を||貼||らなきゃ。
封筒に切手を||貼||りなさい。
彼はメモをドアに糊で||貼||った。
彼は手にバンドエイドを||貼||った。
彼は手紙に切手を||貼||った。
彼は鞄にラベルを||貼||った。","ちょう,貼","",Guess the term having 1 (Grade-7 level) Kanji or its reading(not strictly same reading as one in the example),Text
"absolutely; extreme; extremely; hyper-; really; ..
あれ、||超||かわいい。
||超||イケてるよ！
||超||おすすめだよ。
髪の毛が||超||ボサボサ！","ちょう,超","absolutely; extreme; extremely; hyper-; really; super-; totally; ultra-; more than; over",Guess the term having 1 (Grade-7 level) Kanji or its reading(not strictly same reading as one in the example),Text
"buckler; escutcheon; pretext; shield
彼は||盾||と剣を買った。","たて,盾","",Guess the term having 1 (Grade-7 level) Kanji or its reading(not strictly same reading as one in the example),Text
"ledge; rack; shelf; trellis
それを||棚||に戻して。
小麦粉を||棚||に入れて。
彼は||棚||に頭をぶつけた。
||棚||にアルバムがある。
||棚||には何もない。
||棚||には何もなかった。
||棚||は空っぽだった。
||棚||は空っぽです。
||棚||を作るつもりなの？","たな,棚","",Guess the term having 1 (Grade-7 level) Kanji or its reading(not strictly same reading as one in the example),Text
"beautiful; coin; excellent; precious; egg; okono..
ギターが||弾||けますか。
ピアノが||弾||けますか。
ピアノは||弾||けますか。
||弾||が彼の頬をかすめた。
||弾||が的に当たった。
彼の胸は期待に||弾||んだ。
昔、ピアノを||弾||いてたので、今も少し||弾||けます。
私はギターが||弾||けます。
私はピアノを||弾||かない。
風船がパンと||弾||けた。","たま,だん,弾","beautiful; coin; excellent; precious; egg; okonomiyaki; ball; ball (i.e. a testicle); ball (in sports); bead (of an abacus); bead (of sweat, dew, etc.); bulb (i.e. a light bulb); bullet; character; drop; droplet; female entertainer (e.g. a geisha); gem; globe; item, funds or person used as part of a plot; jewel (esp. spherical; sometimes used figuratively); lens (of glasses, etc.); orb; pearl; person (when commenting on their nature); pile (of noodles, etc.); sphere
counter for bullets; counter ",Guess the term having 1 (Grade-7 level) Kanji or its reading(not strictly same reading as one in the example),Text
"(good) result; boon; fruit (e.g. of one's effort..
なにとぞ今後とも一層のご指導ご支援を||賜||りますようお願い申し上げます。
在職中は格別のご高配を||賜||り心から厚くお礼申し上げます。
平素は、格別のおひきたてを||賜||り厚く御礼申し上げます。
日ごろご愛顧を||賜||り、まことにありがとうございます。
浅学非才の私ではありますが、何とぞ皆様のお力を||賜||りたく、ここにお願い申し上げる次第です。
社長からとても光栄なお話を受け||賜||りました。
社長から金一封を||賜||りました。","たまもの,賜","(good) result; boon; fruit (e.g. of one's efforts); gift",Guess the term having 1 (Grade-7 level) Kanji or its reading(not strictly same reading as one in the example),Text
"grief; lamentation; sigh
「財布を無くした」ジョンは||嘆||いた。
いまさら||嘆||いても、それこそ、後の祭だよ。
こぼれたミルクを||嘆||いても無駄だ。
すでに起こったこと||嘆||いても無駄だ。
事故で車は全損って||嘆||いているけどさ、怪我がなくてなにより、命あっての物種だよ。
彼は現状を大いに||嘆||いた。
彼は身の不安を||嘆||いた。
過ぎ去ったことを||嘆||いてもしょうがない。
過去のことで||嘆||いても何の役にも立たないよ。","たん,嘆","",Guess the term having 1 (Grade-7 level) Kanji or its reading(not strictly same reading as one in the example),Text
"coveting; raga (desire)
彼女はただ快楽を||貪||り続けていた。","たん,とん,どん,貪","",Guess the term having 1 (Grade-7 level) Kanji or its reading(not strictly same reading as one in the example),Text
"intuition; perception; the sixth sense
その新聞記者はニュースを嗅ぎつける鋭い||勘||を持っている。
どっちがいいか分からないから||勘||で選んだ。
私の||勘||は正しかったんだ。
調べればわかるだろうがまずは||勘||で答えてみよう。","かん,勘","",Guess the term having 1 (Grade-7 level) Kanji or its reading(not strictly same reading as one in the example),Text
"10 points; 12 points; kan (obs. unit of currency..
トムは生涯独身を||貫||いた。
ボクが憧れたのは翔太部長の『力』じゃない。体を張ってでも信念を||貫||こうとする雄々しい勇気だったはず。
もし高い丘がＡからＢの間にあれば、路線が丘を越えて行くようにさせるか、トンネルで丘を||貫||いて行くようにさせるか、あるいは丘を避けて迂回路をとるようにさせるか決めるのが重要となる。
大きな川がその市を||貫||いて流れている。
弾丸は仕切り壁を||貫||いた。
弾丸は彼を||貫||いた。
彼は信念を||貫||いて、難しい事業をやり遂げた。
悲しみが彼","かん,ぬき,貫","10 points; 12 points; kan (obs. unit of currency, equiv. to 1000 mon in the Edo period; col. 10 mon in the Meiji period); kan (obs. unit of weight, approx. 3.75 kg, 8.3 lb); counter for pieces of sushi
crosspiece (between pillars, etc.); penetrating tie beam",Guess the term having 1 (Grade-7 level) Kanji or its reading(not strictly same reading as one in the example),Text
"free time; leisure; spare time
calm; peaceful; q..
||閑||さや岩に染み入る蝉の声","かん,のど,閑","free time; leisure; spare time
calm; peaceful; quiet; tranquil",Guess the term having 1 (Grade-7 level) Kanji or its reading(not strictly same reading as one in the example),Text
"bundle; clod; clump; cluster; crowd; embodiment ..
その液から溶剤を揮発させる。残るのは、香り成分と植物ワックスの||塊||。
トムは、劣等感の||塊||だ。
トムは虚栄心の||塊||のような人だった。
また蝋の||塊||だ。
夢は可能性の||塊||です。
巨大な肉の||塊||が当たった。
石の||塊||はセメントで接合された。
雲は空の蒸気の||塊||です。
面疔ができた。小鼻の奥に1個、痛い||塊||がある。
飴は糖分の||塊||だ。","かたまり,塊","bundle; clod; clump; cluster; crowd; embodiment (of an idea, quality, feeling etc.); group; lump; mass; personification",Guess the term having 1 (Grade-7 level) Kanji or its reading(not strictly same reading as one in the example),Text
"thirst
とてものどが||渇||いています。
とても喉が||渇||いているの。
トムは喉が||渇||いてなかったけど、メアリーは||渇||いてたんだ。
のどが||渇||いた。
のどが||渇||いた感じです。
のど||渇||いた。
のど||渇||いてないの？
めっちゃ喉が||渇||いた。
喉が||渇||いた。","かつ,渇","",Guess the term having 1 (Grade-7 level) Kanji or its reading(not strictly same reading as one in the example),Text
"extremely; super-; very; Chinese -ghost- constel..
この世に||鬼||はいない。
寺の隣に||鬼||が住む。
彼は心を||鬼||にして同情心を押さえた。
心の||鬼||が身を責める。
渡る世間に||鬼||はなし。
疑えば目に||鬼||を見る。
遅れたやつは||鬼||に食われろ。
||鬼||たちが総出で獲物を捕まえに出た。
||鬼||の留守に洗濯。
||鬼||を恐れている者には||鬼||が必ず現れる。","おに,き,しこ,鬼","extremely; super-; very; Chinese -ghost- constellation (one of the 28 mansions); demon; it (in a game of tag, hide-and-seek, etc.); ogre; ogre-like person (i.e. fierce, relentless, merciless, etc.); oni; spirit of a deceased person
strong and frightening thing; contemptible; detestable; humble; insignificant; repulsive; ugly; unworthy",Guess the term having 1 (Grade-7 level) Kanji or its reading(not strictly same reading as one in the example),Text
"charge; grounds; suspicion
cheap; honest; inexpe..
彼女は殺人の||廉||で牢屋に入れられてしまった。","かど,れん,廉","charge; grounds; suspicion
cheap; honest; inexpensive; pure; upright",Guess the term having 1 (Grade-7 level) Kanji or its reading(not strictly same reading as one in the example),Text
"bell (often a large hanging bell); chime
教会の||鐘||が一斉に鳴り出した。
教会の||鐘||が鳴っている。
教会堂の||鐘||が鳴っている。
柿くへば||鐘||が鳴るなり法隆寺
||鐘||が鳴っている。
||鐘||って鳴った？
||鐘||の合図で彼らは食事をした。
||鐘||は８時を告げる。
||鐘||はもう鳴ったのか。
||鐘||を鳴らせ。","かね,鐘","",Guess the term having 1 (Grade-7 level) Kanji or its reading(not strictly same reading as one in the example),Text
"8th in rank; eighth sign of the Chinese calendar
「なんかすごい顔して、どうしたの？」「梅干し食べたら、めっちゃ||辛||かった」
このカレーは||辛||すぎて食べられない。
このカレーは||辛||すぎる。
今朝は二日酔いで||辛||かったです。
彼女は笑顔でさよならと言ったが、心の中はとても||辛||かった。
本当に||辛||かったら転職しちゃうのも手だと思うよ。
||辛||すぎた。
||辛||すぎる。","かのと,しん,辛","",Guess the term having 1 (Grade-7 level) Kanji or its reading(not strictly same reading as one in the example),Text
"gooseneck tenon and mortise joint; leading quest..
使っている||鎌||は光る。","かま,鎌","gooseneck tenon and mortise joint; leading question; noisiness; part of a fish around the gills; sickle; sickle-and-chain (weapon); spear with curved cross-blades; trick question",Guess the term having 1 (Grade-7 level) Kanji or its reading(not strictly same reading as one in the example),Text
"heavy drinker; tortoise; turtle; turtle crest; t..
トムは||亀||を２匹飼ってるんだ。
のろまな||亀||がレースを制する。
海岸にはたくさん||亀||がいます。
遠くからは、その小さな島は||亀||のように見えた。
||亀||には歯がありません。
||亀||には歯が無いです。
||亀||はお父さんの言いつけを守ってジーッとかごの中で静かに座っていました。","かめ,亀","heavy drinker; tortoise; turtle; turtle crest; turtle mon",Guess the term having 1 (Grade-7 level) Kanji or its reading(not strictly same reading as one in the example),Text
"counter for things that are stacked, piled up (o..
トムは犬に||襲||われた。
台風が東京を||襲||った。
地震がその地域を||襲||った。
山賊がその村を||襲||った。
彼女は恐怖に||襲||われた。
悲劇が町を||襲||った。
犬に||襲||われたことある？
蜂が容赦なく||襲||ってきた。
警備員が強盗に||襲||われた。
銀行が||襲||われたんだ。","かさね,襲","counter for things that are stacked, piled up (or layered, etc.); combination of colors created by layering of garments (colours); course (e.g. of stones); heap; layers (e.g. of clothing); layers of clothing worn under one's overcoat; pile; set (e.g. of boxes)",Guess the term having 1 (Grade-7 level) Kanji or its reading(not strictly same reading as one in the example),Text
"shoulder
右の||肩||が痛む。
彼女は||肩||をすくめた。
||肩||が凝った。
||肩||が痛い。
||肩||に激痛を感じた。
||肩||を上げて。
||肩||を揉もうか？
||肩||を痛めた。
||肩||を痛めました。","かた,肩","",Guess the term having 1 (Grade-7 level) Kanji or its reading(not strictly same reading as one in the example),Text
"at the same time; incidentally
at the same time;..
「100年私の墓の||傍||で待っていてください」「分かった。待っている」女は超常的な条件を突きつけ、男はただそう答えた。
ジャクージの||傍||には蝋燭が煌々と輝いていた。
扉の||傍||に、精巧な、軽金属製のロボット??侵入者を防ぐためのロボットが、冷かに立っていた。
私は門の||傍||に駐車した。
駅の||傍||に住む便利さに対してあなたはお金を払っているのです。","かたがた,かたわら,はた,傍","at the same time; incidentally
at the same time; in addition to; while (doing); beside; besides; edge; nearby; side
beside; besides; close; near; proximity; third person; vicinity; while",Guess the term having 1 (Grade-7 level) Kanji or its reading(not strictly same reading as one in the example),Text
"bet; gamble; stake; wager
そのことなら、だれと||賭||をしてもいい。","かけ,賭","",Guess the term having 1 (Grade-7 level) Kanji or its reading(not strictly same reading as one in the example),Text
"background; behind; figure; image; light (stars,..
それは||影||だよ。
山が湖に||影||を映している。
庭はまだ||影||になっている。
||影||に驚いてしまいました。
彼はこのごろ||影||を潜めてる。
彼は自分の||影||さえも恐れる。
彼女は自分の||影||におびえる。
深海で君の||影||がゆれる。
湖に山の||影||が映っていた。
過去のお前自信の||影||。","かげ,影","background; behind; figure; image; light (stars, moon); ominous sign; other side; reflection; shadow; shadow (of one's former self); shape; silhouette; trace",Guess the term having 1 (Grade-7 level) Kanji or its reading(not strictly same reading as one in the example),Text
"brink of a dangerous situation; cliff; precipice..
その古い家は||崖||の所にある。
その||崖||はほとんど垂直です。
その||崖||は道路の上に突き出ている。
もう一歩下がると、||崖||から落ちるよ。
古いお城が高い||崖||の上にある。
||崖||からバスは落ちていった。
彼の息子は||崖||から落ちた。
彼は列車を||崖||から転落させた。
彼らは、||崖||のてっぺんまで登った。
昨日１台の車がその||崖||から落ちた。","がけ,崖","brink of a dangerous situation; cliff; precipice; precipice",Guess the term having 1 (Grade-7 level) Kanji or its reading(not strictly same reading as one in the example),Text
"basket (shopping, etc.); cage; hamper
firm; soli..
彼は花でいっぱいの大きな||籠||を持っています。
彼女はすばやく子猫を||籠||の中に閉じ込めた。
彼女はりんごのいっぱい入った||籠||を持っていた。
彼女は草を編んで||籠||を作った。
私の猫は||籠||から出てきた。
||籠||の中で鳥が鳴いていますね。
||籠||の中には何が入ってるの？
||籠||の中のリンゴの数を数えなさい。","かご,ろう,籠","basket (shopping, etc.); cage; hamper
firm; solid; strong; gaol; jail; prison",Guess the term having 1 (Grade-7 level) Kanji or its reading(not strictly same reading as one in the example),Text
"clue; key; key (to a problem, success, etc.); lo..
「どうしたの？」「||鍵||がない」「何の||鍵||？」「自転車の||鍵||」
これ、誰の||鍵||？
ほら、私の||鍵||。
窓の||鍵||しめた？
||鍵||がいる？
||鍵||がないと。
||鍵||をなくした。
||鍵||をなくしちゃったら、ドアに||鍵||をかけられないよな。
||鍵||を開けろ。","かぎ,けん,鍵","clue; key; key (to a problem, success, etc.); lock
key (on a piano, organ, etc.)",Guess the term having 1 (Grade-7 level) Kanji or its reading(not strictly same reading as one in the example),Text
"Japanese persimmon (Diospyros kaki); kaki
choppe..
トムとメアリーは２人とも||柿||が好きなんだ。
どれくらいの頻度で||柿||って食べる？
最後に||柿||を食べたのっていつ？
||柿||くへば鐘が鳴るなり法隆寺
||柿||の風味が好きなの。
||柿||は栄養価が高く、甘いのは最高に美味ですが、時々渋いのがあります。
梨や||柿||を食べ過ぎるとお腹が下ることがあるので、食べ過ぎには注意しましょう。
梨や||柿||を食べ過ぎるとお腹を下すことがあるので、食べ過ぎには注意しましょう。","かき,こけら,柿","Japanese persimmon (Diospyros kaki); kaki
chopped wood; thin shingles; wood chips",Guess the term having 1 (Grade-7 level) Kanji or its reading(not strictly same reading as one in the example),Text
"alternate; every other; second
そして、こうしたものからほんのわずかしか||隔||たっていない知覚が、直接的な信号がまったくないのにおこる、「超感覚的な」というレッテルを付けざるを得ない知覚なのである。
その村は海から何キロも||隔||たっている。","かく,隔","",Guess the term having 1 (Grade-7 level) Kanji or its reading(not strictly same reading as one in the example),Text
"(planetary) core; condensation nucleus; core; co..
どんな惨い目に遭おうとも自分という||核||だけは捨てるようもない。
国際社会が日本での||核||の危険に関して警告を発している。
日本で||核||の危機が起きたのは大変です。
||核||の悲劇が起きる危険は非常に高そうです。
緑の党は||核||に対して大きな声を上げている。","かく,さね,核","(planetary) core; condensation nucleus; core; core (of an organization, team, etc.); heart; kernel; nucleus; nucleus (of a cell); nucleus (of a cultured pearl); nucleus (of an atom); pip; pit; ring (in a cyclic compound); stone (of a fruit); nuclear weapons
clitoris; core; heart; kernel; pip; pit; seed (of a fruit); stone; tongue (projecting strip on a board that fits into a groove on another board)",Guess the term having 1 (Grade-7 level) Kanji or its reading(not strictly same reading as one in the example),Text
"mosquito
いま||蚊||に刺された。
トムは||蚊||に刺された。
トムは||蚊||に噛まれた。
トムは||蚊||に食われた。
私は||蚊||が大っ嫌いなんだけど、||蚊||は私のことが大好きみたいね。
||蚊||が刺した。
||蚊||が嫌い。
||蚊||に刺された。
||蚊||に噛まれたよ。
||蚊||は昆虫の一種です。","か,蚊","",Guess the term having 1 (Grade-7 level) Kanji or its reading(not strictly same reading as one in the example),Text
"mount; rack; stand
rafter
divider between boxes ..
１０年前その川には小さな橋が||架||かっていた。
この川に||架||かっているあの橋は町で一番古い。
その川には橋が||架||かっている。
その川に大きな橋が||架||けられた。
川に橋が||架||けられています。","か,たるき,ませ,架","mount; rack; stand
rafter
divider between boxes (i.e. for box seats) in a theatre, etc.; short roughly woven fence",Guess the term having 1 (Grade-7 level) Kanji or its reading(not strictly same reading as one in the example),Text
"bloom; brilliance; flashiness; flowers; showines..
エミリーさんはお茶やお||華||にとても関心をお持ちなの。
お||華||を習ってるの。
頼めば、その||華||はもらえる。","か,はな,華","bloom; brilliance; flashiness; flowers; showiness; splendor
glorious; lovely; (the) best; beauty; bloom; blooming (esp. of cherry blossoms); blossom; cherry blossom; flower; hanafuda; ikebana; petal",Guess the term having 1 (Grade-7 level) Kanji or its reading(not strictly same reading as one in the example),Text
"seashell; shell; shellfish
彼はどんな忠告も意に||介||さない。
自分の顔が嫌いなんだと思ってたけど、よく考えたら他人の視線を||介||した自分の顔が嫌いなんだ。","かい,介","",Guess the term having 1 (Grade-7 level) Kanji or its reading(not strictly same reading as one in the example),Text
"mystery; wonder
EUの統合性は徐々に||怪||しくなってきた。
アメリカでは、すべてが可能であることを疑い、我々の開拓者の頃の夢が現代に生きているかを||怪||しみ、民主主義の力に疑問を呈する人がまだいるなら、今夜がその答えだ。
ここにきて、現代素粒子物理学の先行きがかなり||怪||しくなった。
だんだん天気が||怪||しくなってきた。
なんだか雲行きが||怪||しくなってきたな。傘を持って出かけた方がいいかもしれない。
||怪||しまれながらも、なんとか部屋にたどり着いた。
私達はその食べ物のにおいを||怪||しみながらかいだ。
警察は彼を||怪||しんでいることがトムは分か","かい,怪","",Guess the term having 1 (Grade-7 level) Kanji or its reading(not strictly same reading as one in the example),Text
"(some type of) enthusiast; someone possessed of ..
あなたは||狂||ってる。
お前は||狂||っている。
お前ら||狂||ってる。
トムは怒り||狂||った。
トムは||狂||ってる。
彼は気が||狂||った。
||狂||ったのかい？
私は||狂||っている。","きょう,狂","(some type of) enthusiast; someone possessed of a (certain kind of) mental abnormality",Guess the term having 1 (Grade-7 level) Kanji or its reading(not strictly same reading as one in the example),Text
"courage; crux; essential point; guts; innards; k..
この教訓を||肝||に銘じておきなさいよ。
その光景を見て私は||肝||をつぶした。
その光景を見て||肝||をつぶした。
大きな物音で私は||肝||をつぶした。
彼の忠告を||肝||に銘じて忘れるな。
彼はびっくりして||肝||を冷やした。
私はそれを見て||肝||をつぶした。","きも,肝","courage; crux; essential point; guts; innards; key; liver; pluck; spirit",Guess the term having 1 (Grade-7 level) Kanji or its reading(not strictly same reading as one in the example),Text
"clip; cut; prune; reap; shear; trim
この芝は||刈||らなければならない。
その理容師は彼の髪を||刈||った。
トムはまだ芝生を||刈||ってるの？
まいた種は||刈||らねばならない。
彼は羊の毛を||刈||った。
彼女は髪を短く||刈||ってもらった。
祖母は庭で草を||刈||っている。
芝を||刈||ってもらう時には普通私は家にいなかった。だから私が目にしたのは||刈||られた芝だけであった。
草は||刈||らないといけないよ。
髪を||刈||ってもらいに行きなさい。","かり,刈","",Guess the term having 1 (Grade-7 level) Kanji or its reading(not strictly same reading as one in the example),Text
"hunting; gathering; harvesting (e.g. berries, fr..
１頭の象がそこで||狩||られた。
ハンターは犬を連れてウサギを||狩||った。
彼らは鹿や狐を||狩||った。
鷲はハエを||狩||らない。","かり,狩","hunting; gathering; harvesting (e.g. berries, fruit); picking",Guess the term having 1 (Grade-7 level) Kanji or its reading(not strictly same reading as one in the example),Text
"mushroom
bacillus; bacterium; fungus; germ
携帯電話と便座は同じくらいの||菌||に汚染されている。","きのこ,たけ,きん,菌","",Guess the term having 1 (Grade-7 level) Kanji or its reading(not strictly same reading as one in the example),Text
"chrysanthemum (Chrysanthemum morifolium)
例えば、||菊||は高貴な人を象徴しています。
||菊||はよい香りがする。","きく,菊","",Guess the term having 1 (Grade-7 level) Kanji or its reading(not strictly same reading as one in the example),Text
"as concerns; as for; with regard to; affair; cas..
来月、ジョンとジルの結婚の||儀||が執り行われます。","ぎ,儀","as concerns; as for; with regard to; affair; case; ceremony; matter",Guess the term having 1 (Grade-7 level) Kanji or its reading(not strictly same reading as one in the example),Text
"aroma; fragrance; scent; smell
aroma; fragrance;..
||薫||、今のところおまえが一番のリアクション、大賞だよ。
||薫||さんはアメリカに行っています。","かおり,くん,薫","aroma; fragrance; scent; smell
aroma; fragrance; pleasant smell; pleasant-smelling vegetation; scent",Guess the term having 1 (Grade-7 level) Kanji or its reading(not strictly same reading as one in the example),Text
"barrier; fence; hedge; railing; wall
この木のてっぺんは||垣||と同じ高さだ。
彼は馬にその||垣||を飛び越えさせた。
折角なお天気な日なので、今日は||垣||を塗り替えた方がいいと思います。","かき,垣","",Guess the term having 1 (Grade-7 level) Kanji or its reading(not strictly same reading as one in the example),Text
"balustrade; banister; handrail; railing
balustra..
※印の||欄||には記入しないでください。
あ、郵便番号の||欄||に電話番号書いちゃった。
メール||欄||を一回クリックした。
一番最初に見るのはスポーツ||欄||だよ。
薔薇と||欄||は私が大好きな花です。","おばしま,らん,欄","balustrade; banister; handrail; railing
balustrade; banister; handrail; railing; blank; column; field (in a form, web page, etc.); page; section (e.g. in a newspaper)",Guess the term having 1 (Grade-7 level) Kanji or its reading(not strictly same reading as one in the example),Text
"appearance; aspect; charm; effect; elegance; gis..
彼の最新作は||趣||を異にする。
機知は会話に||趣||を添える。
||趣||を説明することはできない。","おもむき,趣","appearance; aspect; charm; effect; elegance; gist; grace; influence; meaning; refinement; taste; tenor",Guess the term having 1 (Grade-7 level) Kanji or its reading(not strictly same reading as one in the example),Text
"and; as well as
喫煙は健康に影響を||及||ぼします。
彼の勢力は国中に||及||んでいる。
彼の研究は広範囲に||及||んでいる。
彼は犯行に||及||んだと信じられていた。
彼は生命の起源にまで説き||及||んだ。
手術は6時間にも||及||んだ。
新人は我々の期待に||及||ばなかった。
被害額は500万円にも||及||んだ。
雨は農作物によい影響を||及||ぼした。
霜は農作物に悪影響を||及||ぼしました。","および,及","",Guess the term having 1 (Grade-7 level) Kanji or its reading(not strictly same reading as one in the example),Text
"incompletely; insufficiently; partially; somewha..
パソコンには||疎||くて。
君は||疎||のことについて彼女に謝るべきだ。","おろ,そ,疎","incompletely; insufficiently; partially; somewhat
alienated; distant (of a relationship); estranged; sparse",Guess the term having 1 (Grade-7 level) Kanji or its reading(not strictly same reading as one in the example),Text
"grated vegetables, fruit, etc.; grater; new tool..
今朝、山羽さんが||卸||で胡桃を３０キロ買いました。","おろし,卸","grated vegetables, fruit, etc.; grater; new tools (or clothes, etc.); using new tools (or clothes, etc.); dropping; removing; unloading;wholesale",Guess the term having 1 (Grade-7 level) Kanji or its reading(not strictly same reading as one in the example),Text
"back (of a drawer, one's throat, etc.); behind (..
その店は通りから||奥||まったところにあった。
||奥||の席をお願いします。
||奥||の引き戸、気になってたんだよね。
彼の目はめがねの||奥||で笑っていた。
彼は店の||奥||の暗い隅に姿を消した。
彼は建物の||奥||に行ってみました。
彼らはレストランの||奥||の方に座った。
部屋の||奥||で何か音がするのに気がついた。
部屋の||奥||の壁の中央に大きな窓がある。
面疔ができた。小鼻の||奥||に1個、痛い塊がある。","おく,奥","back (of a drawer, one's throat, etc.); behind (someone's words); bottom (of one's heart); depths (e.g. of a forest); end (of a road, garden, etc.); heart; inner part; inner room; interior; living quarters (at the back of a house); mysteries (of an art); recesses (e.g. of a cave); recesses (of one's mind)",Guess the term having 1 (Grade-7 level) Kanji or its reading(not strictly same reading as one in the example),Text
"grief; misery; pity; sorrow
彼らは父親の死を||哀||しんだ。","あい,哀","",Guess the term having 1 (Grade-7 level) Kanji or its reading(not strictly same reading as one in the example),Text
"slope at the foot of a mountain; tail (of a come..
ウサギには長い耳と短い||尾||がある。
きつねの||尾||はウサギのより長い。
この種の猫には||尾||が無い。
その犬は||尾||を震えさせていた。
犬はその魚を骨も||尾||も全部食べた。
犬は盛んに||尾||を振った。
私の犬が||尾||を振っている。
私を見たとき、犬は||尾||を振った。
誰か||尾||の男を捕まえてください。
魚は||尾||を動かして泳ぐ。","お,び,尾","slope at the foot of a mountain; tail (of a comet); tail (of a kite, etc.); tail (of an animal); tail end
counter for fish, shrimp, etc.; Chinese -Tail- constellation (one of the 28 mansions)",Guess the term having 1 (Grade-7 level) Kanji or its reading(not strictly same reading as one in the example),Text
"concave; hollow; sunken
cavity; female genitalia..
いくつになったら、オレは、何かに傷ついたり、||凹||んだり、あがいたりしなくなるんだ。
車、||凹||んでるよ。","おう,くぼ,凹","concave; hollow; sunken
cavity; female genitalia; hollow; sunken place; vagina",Guess the term having 1 (Grade-7 level) Kanji or its reading(not strictly same reading as one in the example),Text
"bonus points awarded to the winner at the end of..
ブライアンは||岡||を越えたところに住む。","おか,岡","bonus points awarded to the winner at the end of a game; height; hill; knoll; rising ground",Guess the term having 1 (Grade-7 level) Kanji or its reading(not strictly same reading as one in the example),Text
"bonus points awarded to the winner at the end of..
||丘||の上で待ってる。
||丘||はいつも緑だ。
||丘||は紅葉が美しい。
学校は||丘||の上だ。
家は||丘||の上にある。
彼らは||丘||の上に立った。
月が||丘||の上に昇った。
皆は||丘||の上に地下を掘り、||丘||の上に家をうごかしました。
私は||丘||を見た。
車は||丘||を走り下りた。","おか,つかさ,丘","bonus points awarded to the winner at the end of a game; height; hill; knoll; rising ground
hill; mound",Guess the term having 1 (Grade-7 level) Kanji or its reading(not strictly same reading as one in the example),Text
"Okinawa; open sea
その島は海岸から１マイル||沖||にある。
その島は海岸から約２マイル離れた||沖||にあります。
彼は岸から||沖||へと波にさらわれていった。
暖流が四国の||沖||を流れている。
海岸から約１マイル||沖||に漁船が見えた。
目が覚めると、私たちは||沖||を漂流していた。
見渡すと、既に船はかなり||沖||の方にいた。
風がやんだら||沖||まで船を出そう。","おき,沖","",Guess the term having 1 (Grade-7 level) Kanji or its reading(not strictly same reading as one in the example),Text
"Canton; Guangdong Province (China); Kwangtung; V..
うさぎはかめに追い||越||された。
その部屋は引っ||越||せるばかりになっている。
トムに先を||越||されてしまった。
先を||越||されちゃったな。
完全に追い||越||されたな。
引っ||越||そうかなと思ってる。
恐くてその溝は跳び||越||せないよ。
私たちは生まれ故郷に引っ||越||そうかと考えています。","えつ,越","Canton; Guangdong Province (China); Kwangtung; Vietnam; Yue (kingdom in ancient China; 6th C-334 BCE)",Guess the term having 1 (Grade-7 level) Kanji or its reading(not strictly same reading as one in the example),Text
"inspection (esp. of a document); stamp of approv..
それから幾千年かを隔てた後、この魂は無数の流転を||閲||して、また生を人間に託さなければならなくなった。それがこう云う私に宿っている魂なのである。だから私は現代に生れはしたが、何一つ意味のある仕事が出来ない。昼も夜も漫然と夢みがちな生活を送りながら、ただ、何か来るべき不可思議なものばかりを待っている。ちょうどあの尾生が薄暮の橋の下で、永久に来ない恋人をいつまでも待ち暮したように。","えつ,閲","inspection (esp. of a document); stamp of approval (for a document)",Guess the term having 1 (Grade-7 level) Kanji or its reading(not strictly same reading as one in the example),Text
"collar; lapel; nape of the neck; neck; neckband;..
彼女はそのメダルをピンで||襟||にとめた。
||襟||に染みがついてますよ。
見知らぬ男が私の||襟||をつかんだ。
酒に酔った男が私の||襟||をつかんで汚い言葉を吐いた。","えり,襟","collar; lapel; nape of the neck; neck; neckband; scruff of the neck",Guess the term having 1 (Grade-7 level) Kanji or its reading(not strictly same reading as one in the example),Text
"carving; chiselled features; engraving
トムがカボチャを||彫||ったんだ。
トムと私、カボチャを||彫||ったんだ。
彼は木から仏像を||彫||った。
彼は私に木の人形を||彫||ってくれた。
彼は象牙に図案を||彫||った。
彼らは大理石で像を||彫||っている。","えり,ほり,彫","",Guess the term having 1 (Grade-7 level) Kanji or its reading(not strictly same reading as one in the example),Text
"holy; pure; abstinence; mourning; religious puri..
去れ、||忌||まわしき憂鬱よ。","いみ,き,忌","holy; pure; abstinence; mourning; religious purification; taboo
mourning; mourning period; anniversary of one's death",Guess the term having 1 (Grade-7 level) Kanji or its reading(not strictly same reading as one in the example),Text
"bumpkin; dud; potato; taro; tuber; worthless thi..
私と、同僚とが、山の崖っぷちに立っている小屋に等しい二間の家ーー二間と云っても、上り口と、その次と、六畳に二畳の家に住んでいた。食べるものは、||芋||、干魚、豆腐、寒い山の上なので、冬になると||芋||が凍っている。","いも,芋","bumpkin; dud; potato; taro; tuber; worthless thing; yam; yokel",Guess the term having 1 (Grade-7 level) Kanji or its reading(not strictly same reading as one in the example),Text
"disagreeable; disgusting; disliking; horrible; n..
「どうして運動会が||嫌||なの？」「だって、徒競走でドベになるのが||嫌||なんだもん」
トムは自分の仕事が||嫌||で||嫌||で仕方がないんだ。
もう||嫌||だ！
何が||嫌||って、仕事探しが||嫌||。
||嫌||だ！
||嫌||な感じ。
彼は||嫌||な奴だ。
待つのは||嫌||だ。","いや,や,嫌","disagreeable; disgusting; disliking; horrible; nasty; not wanting; reluctant; undesirable; unpleasant; unwelcome; unwilling (to do); no!; quit it!; stop!",Guess the term having 1 (Grade-7 level) Kanji or its reading(not strictly same reading as one in the example),Text
"whale
whale (Cetacea spp.)
||鯨||は一種のほ乳動物である。
||鯨||は哺乳動物に属する。
||鯨||は哺乳類である。
||鯨||は哺乳類に分類される。
||鯨||は小魚をえさにしている。
||鯨||は馬と同様に魚ではない。
||鯨||は魚ではなくて哺乳類です。
||鯨||は魚と形が似ている。
||鯨||を保護しすぎて、魚が減っているので、||鯨||に食べられる魚も保護されるべきだ。
||鯨||を見たことがありますか。","いさ,いさな,くじら,鯨","",Guess the term having 1 (Grade-7 level) Kanji or its reading(not strictly same reading as one in the example),Text
"distinguished service; meritorious service
merit..
||勲||さんが来てくれて本当に嬉しいわ。","いさお,くん,勲","distinguished service; meritorious service
merit (esp. order of merit)",Guess the term having 1 (Grade-7 level) Kanji or its reading(not strictly same reading as one in the example),Text
"cornerstone; foundation stone
そしてこの国の次のファーストレディ、ミシェル・オバマ。彼女が絶え間なく私を支えてくれなければ、16年前からずっと最高の親友でいてくれた彼女が、||礎||となって家族を支えてくれた彼女が、私にとって最愛の彼女がいなければ、私は今夜ここに立っていません。
宗教間の和解は、世界平和の||礎||である。","いしずえ,礎","",Guess the term having 1 (Grade-7 level) Kanji or its reading(not strictly same reading as one in the example),Text
"departing; leaving; time (e.g. time it takes to ..
いま||暇||？
今日って||暇||？
今週末は||暇||？
||暇||ですか？
||暇||ですよ。
||暇||なやつだ。
私は||暇||だ。","いとま,ひま,暇","departing; leaving; time (e.g. time it takes to do something); (being) inactive; (of one's business) slow; day off; divorcing (one's spouse); firing someone; free time; holiday; leave; leisure; quitting (one's job); spare time; time off; vacation",Guess the term having 1 (Grade-7 level) Kanji or its reading(not strictly same reading as one in the example),Text
"rice plant (Oryza sativa)
今年は||稲||の育ちがいい。
冷たい天候が||稲||の発育を遅らせた。
寒波が||稲||の発育を遅らせた。
彼は||稲||を育てている。
||稲||の収穫期にはお祭りをする。
||稲||の取り入れはもう済んだ。
||稲||は温暖な国で育ちます。
||稲||は温暖な地域で育ちます。
||稲||は雨の多い地域で作られる。
農夫達は||稲||を植えていた。","いね,稲","",Guess the term having 1 (Grade-7 level) Kanji or its reading(not strictly same reading as one in the example),Text
"chic; considerate; familiar with worldly pleasur..
どうせ日本文化の||粋||などは連中には絶対わかるまい。
今年度の入学式の前日に、昨年度入学式ができなかった新２年生の為の入学式をするなんて、||粋||な計らいだね。
今日の格好はとっても||粋||ですね。","いき,すい,粋","chic; considerate; familiar with worldly pleasures (esp. sexual relations, geisha districts and red-light districts); refined; sensible; smart; sophisticated; stylish; tasteful; thoughtful; understanding
cream; essence; the best; chic; considerate; familiar with worldly pleasures (esp. sexual relations, geisha districts and red-light districts); refined; smart; sophisticated; stylish; tactful; tasteful; thoughtful; understanding",Guess the term having 1 (Grade-7 level) Kanji or its reading(not strictly same reading as one in the example),Text
"sleep
to go to bed; to go to sleep; to lie down
「トム、||寝||たふりしてるでしょ」「してない。||寝||てる」「||寝||てる人は答えないはずだよ」
「彼女と||寝||たんでしょ！」「||寝||てないよ」
ここで||寝||たいなら||寝||ていいよ。
トムは授業中||寝||てばかりいるので、学校に||寝||に行っているようなものだ。
ながい旅行で食べては||寝||、||寝||ては食べていたのでふとってしまいました。
ベッドに||寝||そべって本を読んでいると、どうしても||寝||てしまう。
||寝||が足りないので、今日は早めに||寝||ます","い,しん,ね,ぬ,寝","",Guess the term having 1 (Grade-7 level) Kanji or its reading(not strictly same reading as one in the example),Text
"crude; natural; raw; rough; wild; defect; fault;..
あの人と話してたら、心が||荒||みそうで嫌なんだけど。
その国は長い戦争によって||荒||らされていた。
天然自然が||荒||らされていくのは残念なことだ。
島村は宿の玄関で若葉の匂いの強い裏山を見上げると、それに誘われるように||荒||っぽく登って行った。
彼女は声を||荒||げた。
虫に食い||荒||らされて桃は中空になっていた。
野犬がうちの庭を踏み||荒||した。","あら,荒","crude; natural; raw; rough; wild; defect; fault; flaw (esp. of a person); remaining bony parts (of a fish after filleting); rice chaff",Guess the term having 1 (Grade-7 level) Kanji or its reading(not strictly same reading as one in the example),Text
"hullabaloo; pile of 3 cards of the same value in..
大木が||嵐||で倒れた。
||嵐||が起こった。
||嵐||で停電した。
||嵐||になりそうです。
||嵐||になるだろう。
||嵐||のきざしがある。
||嵐||の間停電した。
||嵐||はやんだようだ。
||嵐||は静まった。
雨が多く||嵐||の多い地域では、雨も||嵐||もさらに増えるであろう。","アラシ,あらし,嵐","hullabaloo; pile of 3 cards of the same value in oicho-kabu; storm; storm (e.g. of protest); tempest; uproar; winds (e.g. of change)",Guess the term having 1 (Grade-7 level) Kanji or its reading(not strictly same reading as one in the example),Text
"bare; exposed; naked; open; public; scanty; unco..
この世にもこの世の物と見えぬ哉蓮の||露||にやどる月影。
今朝は||露||が降りた。
早朝に||露||がおりる。
私は||露||に濡れていた。
芝生に||露||が降りている。
霜は||露||が凍ったものだ。
||露||が草の葉におりている。
||露||は太陽が昇ると蒸発した。","あらわ,つゆ,ろ,露","bare; exposed; naked; open; public; scanty; unconcealed
(not) a bit; (not) at all; dew; tears
Russia",Guess the term having 1 (Grade-7 level) Kanji or its reading(not strictly same reading as one in the example),Text
"dawn; daybreak; event (e.g. -in the event of .....
オンドリは||暁||に鳴く。
ニワトリは||暁||に鳴く。
退職した||暁||には全ての時間をタトエバに捧げよう。","あかつき,あかとき,暁","dawn; daybreak; event (e.g. -in the event of ...-); occasion; occurrence",Guess the term having 1 (Grade-7 level) Kanji or its reading(not strictly same reading as one in the example),Text
"(one's) ride; arm (of an octopus, squid, etc.); ..
スキーで||脚||を折った。
どっちの||脚||が痛むの？
弾丸は警官の||脚||に当たった。
彼は||脚||の骨を１本折った。
犬に||脚||をかまれました。
私は蛇に||脚||をかまれた。
||脚||がまだ痛む。
||脚||が一本折れてるんだ。
||脚||が痛いよ。","あし,きゃく,脚","(one's) ride; arm (of an octopus, squid, etc.); bottom structural component (i.e. radical) of a kanji; coin; foot; gait; leg; means of transportation; money; pace; paw
counter for chairs or seats",Guess the term having 1 (Grade-7 level) Kanji or its reading(not strictly same reading as one in the example),Text
"condensation; moisture; perspiration; sweat; gul..
彼の額の||汗||をぬぐった。
彼は||汗||びっしょりだった。
彼は額の||汗||を拭った。
彼は顔の||汗||をふいた。
||汗||がダラダラだった。
||汗||がダラダラです。
||汗||が滲む。
脇の下に||汗||をかいた。
額から||汗||が滴り落ちる。
額の||汗||をふきなさい。","あせ,かん,汗","condensation; moisture; perspiration; sweat; gulp; oops
khan (medieval ruler of a Tatary tribe)",Guess the term having 1 (Grade-7 level) Kanji or its reading(not strictly same reading as one in the example),Text
"enemy; enmity; foe; grudge; harm; injury; resent..
昨晩私の家に||賊||が押し入った。
||賊||が彼の家に押し入った。
||賊||は裏口の開いた窓から入った。","あだ,ぞく,賊","enemy; enmity; foe; grudge; harm; injury; resentment; rival
burglar; insurgent; rebel; robber; thief; traitor",Guess the term having 1 (Grade-7 level) Kanji or its reading(not strictly same reading as one in the example),Text
"alas; regrettably; to my great regret; tragicall..
２人は抱き合い、別れを||惜||しんだ。
おいしく食べるための手間は||惜||しまない。
ほとんど弁当を食べるひまも||惜||しんで勉強した。
将来の夢を実現するためには、努力を||惜||しんではなりません。
彼の死は||惜||しんでも余りあるものだ。
彼は努力を||惜||しまない立派な人だ。
彼は努力を||惜||しまなかった。
彼は成功のためには努力を||惜||しまなかった。
彼は自分の研究に時間を||惜||しまなかった。
社長は我々の給料を少しあげることすら||惜||しんだ。","あたら,あったら,惜","alas; regrettably; to my great regret; tragically",Guess the term having 1 (Grade-7 level) Kanji or its reading(not strictly same reading as one in the example),Text
"aim; end; expectations; hopes; object; prospects..
あなたからご連絡がないので、１月１０日付であなた||宛||に出した電子メールは着いたのだろうかと思っています。
この手紙はあなた||宛||だ。
彼の傷口に彼女はハンカチを||宛||がった。
彼女は、ジョン||宛||に手紙を書いた。","あて,宛","aim; end; expectations; hopes; object; prospects; purpose; snack served with alcoholic drink; something that can be relied upon; guard; pad; blow; strike; addressed to; per",Guess the term having 1 (Grade-7 level) Kanji or its reading(not strictly same reading as one in the example),Text
"mark; remains; ruins; scar; sign; site; trace; t..
ここは城の||跡||です。
コップに私の指の||跡||がついた。
夏草や兵どもが夢の||跡||。
彼らはパレードの||跡||を追った。
思わず、||跡||をつけてしまった。
私はシカの||跡||を追った。
私はタイヤの||跡||を見つけた。
腕の傷は||跡||を残した。
警察は泥棒の||跡||を追っている。
鹿の残した||跡||を追ってる。","あと,せき,跡","mark; remains; ruins; scar; sign; site; trace; tracks
trace",Guess the term having 1 (Grade-7 level) Kanji or its reading(not strictly same reading as one in the example),Text
"call; enquiry; inquiry; question; visit
あなたの噂は||伺||っています。
お噂は||伺||っております。
ご用件は||伺||っておりますか？
そちらには||伺||えませんが。
今日は||伺||えなくて残念です。
電話番号を||伺||えますか？","うかがい,伺","",Guess the term having 1 (Grade-7 level) Kanji or its reading(not strictly same reading as one in the example),Text
"light (e.g. colour, color)
Japanese pampas grass..
このスープは||薄||すぎます。
山頂の空気はとても||薄||かった。
彼の愛情が||薄||れてきた。
彼の髪はますます||薄||くなった。
数学への興味は||薄||れていった。
片方の本は||薄||く、他方は厚い。
肉を||薄||く切りなさい。
記憶は||薄||れても、記録は残る。
試合の興味が||薄||れた。","うす,すすき,薄","light (e.g. colour, color)
Japanese pampas grass (Miscanthus sinensis); maiden silvergrass; zebra grass",Guess the term having 1 (Grade-7 level) Kanji or its reading(not strictly same reading as one in the example),Text
"classical Japanese poem (esp. tanka); modern poe..
aimerの||唄||が大好き。","うた,唄","classical Japanese poem (esp. tanka); modern poetry; singing; song",Guess the term having 1 (Grade-7 level) Kanji or its reading(not strictly same reading as one in the example),Text
"banquet; feast; party
江戸時代には、観月の||宴||がとても人気だった。
熱狂の||宴||が始まりを告げる。","うたげ,えん,宴","",Guess the term having 1 (Grade-7 level) Kanji or its reading(not strictly same reading as one in the example),Text
"luxuriant (of vegetation); depression; low spiri..
トムは過労で||鬱||になった。
留学中に||鬱||になったときはどうすれば？","うつ,鬱","luxuriant (of vegetation); depression; low spirits",Guess the term having 1 (Grade-7 level) Kanji or its reading(not strictly same reading as one in the example),Text
"ability; arm; efforts; skill
counter used to mea..
彼女は自分の||腕||をすばやく彼の||腕||にすべりこませた。
王の||腕||は長い。
||腕||がまだ痛む。
||腕||が痛いの？
||腕||が痛いのか？
||腕||が痛いんだ。
||腕||が痛む。
||腕||が痛むの？
||腕||を放して。
||腕||見て、||腕||。","うで,かいな,腕","ability; arm; efforts; skill
counter used to measure the thickness of round objects; arm (esp. upper arm)",Guess the term having 1 (Grade-7 level) Kanji or its reading(not strictly same reading as one in the example),Text
"beach; inlet; seashore
見渡せば花も紅葉もなかりけり||浦||の苫屋の秋の夕暮。","うら,浦","",Guess the term having 1 (Grade-7 level) Kanji or its reading(not strictly same reading as one in the example),Text
"enlightenment; prajna (one of the three division..
いい天気に||恵||まれました。
ご健康に||恵||まれますよう。
そのとき幸運に||恵||まれた。
私ね、運に||恵||まれてたわ。
私は健康に||恵||まれている。","え,恵","enlightenment; prajña (one of the three divisions of the noble eightfold path); wisdom; wisdom",Guess the term having 1 (Grade-7 level) Kanji or its reading(not strictly same reading as one in the example),Text
"chanting; composed poem; composition (of a poem)..
その詩は無名の著者が||詠||んだ。
トムとメアリーは昼の間じゅう樫の木陰で俳句を||詠||み交わしていた。","えい,詠","chanting; composed poem; composition (of a poem); recitation (of a poem); singing",Guess the term having 1 (Grade-7 level) Kanji or its reading(not strictly same reading as one in the example),Text
"sharpness; blade; fine soldier; sharp weapon
このナイフは刃が||鋭||く、よく切れる。
その書評者はその小説に||鋭||く批判的である。
ナイフが||鋭||くない。
以前私達がパンを切っていたナイフは||鋭||かった。
返事を待つアリスに向けられたのは突然の咆哮。それは耳を貫かんばかりに||鋭||く、天に届かんばかりに大きく響くものでした。","えい,鋭","",Guess the term having 1 (Grade-7 level) Kanji or its reading(not strictly same reading as one in the example),Text
"frightening; terrifying
ああ、||怖||かった。
今、||怖||くない。
女の子達は||怖||がらなかったが、男の子達は||怖||がった。
||怖||かった。
||怖||かった？
||怖||かったから。
||怖||かったよね？
||怖||くて||怖||くてたまらない。
||怖||くないの？
盲ヘビに||怖||じず。","こわ,怖","",Guess the term having 1 (Grade-7 level) Kanji or its reading(not strictly same reading as one in the example),Text
"frightening; terrifying
その||恐||ろしさは名状し難い。
今日は||恐||ろしく寒い。
彼は||恐||くて青くなった。
彼女は||恐||くて目をそらした。
彼女は||恐||ろしく怠け者だ。
||恐||ろしく今日は寒い。
昨夜は||恐||ろしく寒かったな。
犬なんかちっとも||恐||くない。
私は何も||恐||くありません。
私は何も||恐||くはありません。","こわ,恐","",Guess the term having 1 (Grade-7 level) Kanji or its reading(not strictly same reading as one in the example),Text
"deep blue; navy blue
メアリーは||紺||のワンピースを着ていた。
医者は||紺||のスーツの上に白衣を着ていた。","こん,紺","",Guess the term having 1 (Grade-7 level) Kanji or its reading(not strictly same reading as one in the example),Text
"spirit; Yang energy
soul; spirit
お前の||魂||は地獄に墜ちるのだ。
その男は悪魔に||魂||を売った。
ペンは||魂||の舌である。
人の||魂||は不滅だ。
彼の||魂||に平和を！
彼の||魂||は天国にいた。
輝ける||魂||と共に。
||魂||の吐息を感じ始めた。
||魂||は体に生命を与える。
||魂||を売ったのか？","こん,たま,たましい,だましい,魂","",Guess the term having 1 (Grade-7 level) Kanji or its reading(not strictly same reading as one in the example),Text
"bundling together (items of different size, qual..
危険物を飲み||込||んだ場合、飲み||込||んだものによって対処法が違います。
封じ||込||まれました。
引っ||込||んでて！
彼は水に飛び||込||んだ。
彼は落ち||込||んでいる。
我々は||込||んだ列車に押し||込||められた。
私は眠り||込||んだ。
落ち||込||んでるの？
霧が立ち||込||めた。","コミ,こみ,込","bundling together (items of different size, quality, etc.); extra points given to the white player as compensation for playing second; komi; lumping together; including ...; inclusive of ...",Guess the term having 1 (Grade-7 level) Kanji or its reading(not strictly same reading as one in the example),Text
"penalty; punishment; sentence
彼は懲役十年で、女房には三年の||刑||が下った。
被告は懲役１０年の||刑||を宣告された。
裁判官はその未決囚の行動に対する嫌悪の念をためらうことなくあからさまにして、できるだけ過酷な||刑||を下した。","けい,刑","",Guess the term having 1 (Grade-7 level) Kanji or its reading(not strictly same reading as one in the example),Text
"qing (Chinese unit of land area equal to 100 mu)..
お茶を準備すべき||頃||だ。","けい,ころ,ごろ,ころおい,頃","qing (Chinese unit of land area equal to 100 mu)
(approximate) time; about; around; season; suitable time (or condition); time of year; toward
days; period; time",Guess the term having 1 (Grade-7 level) Kanji or its reading(not strictly same reading as one in the example),Text
"bridge (of a violin, etc.); foal; horse; piece (..
その２つの||駒||を並び替えるとパズルが解けるらしい。
チェスしてるよ。私、もう彼の||駒||を4つ取ったよ。
僕はボードの上の||駒||を一つ前に進めた。
日本の将棋には何種類の||駒||がありますか。","こま,駒","bridge (of a violin, etc.); foal; horse; piece (in shogi, chess, etc.)",Guess the term having 1 (Grade-7 level) Kanji or its reading(not strictly same reading as one in the example),Text
"arc
花火のフィナーレを飾った「しだれ柳」は、夜空に華やかに舞い上がり、緩やかな||弧||を描きながらゆっくりと垂れ下がって、やがてその可憐な姿を消していった。
要素ＣとＤは||弧||の生成には無関係なので排除することができる。","こ,弧","",Guess the term having 1 (Grade-7 level) Kanji or its reading(not strictly same reading as one in the example),Text
"Eastern Wu; Southern Wu; Sun Wu; Wu (kingdom in ..
山羽さんが乞食に胡桃を||呉||れてやりました。","ご,呉","Eastern Wu; Southern Wu; Sun Wu; Wu (kingdom in China during the Five Dynasties and Ten Kingdoms era; 902-937 CE); Wu (kingdom in China during the Spring and Autumn era; 11th century-473 BCE); Wu (kingdom in China during the Three Kingdoms era; 222-280 CE); Wu (region in China, south of the lower Yangtze);go; soy beans soaked and mashed to a creamy paste (ingredient of tofu and soy milk)",Guess the term having 1 (Grade-7 level) Kanji or its reading(not strictly same reading as one in the example),Text
"go (board game)
いつ来てくれても、||碁||の相手をしますよ。
父は||碁||をやります。
||碁||のよい相手同士だった。","ご,碁","",Guess the term having 1 (Grade-7 level) Kanji or its reading(not strictly same reading as one in the example),Text
"concentrated; dark (color); thick
コーヒーって、||濃||すぎた？
味が||濃||くてご飯がほしくなる。
結構内容が||濃||かった。
色がちょっと||濃||すぎるね。
色が||濃||く塗れている。
血は水よりも||濃||し。
霧がだんだん||濃||くなっている。
霧がどんどん||濃||くなっている。
霧が急に||濃||くなってきた。
霧が||濃||くなってきていますね。","こ,のう,濃","",Guess the term having 1 (Grade-7 level) Kanji or its reading(not strictly same reading as one in the example),Text
"(romantic) love
あなたに||恋||した。
トムはメアリーに||恋||しているつもりでいたが、実際は||恋||に||恋||しているだけだった。
仮令遊女でも純粋な||恋||をすれば、その||恋||は無垢な清いものです。
少女の||恋||は詩なり。年増の||恋||は哲学なり。
||恋||がしたい。
||恋||かな？
||恋||って何ですか。
||恋||の味は苦い。
||恋||の悲しみを知らぬものに||恋||の味は話せない。
||恋||は自由に始められるが、||恋||を終わらせるにはそうはいかない。","こい,恋","",Guess the term having 1 (Grade-7 level) Kanji or its reading(not strictly same reading as one in the example),Text
"anti-
あんまり賢くなれなくてもいいから、感受性の衰えにだけは全力で||抗||っていきたい。
自然の摂理には||抗||えない。","こう,抗","",Guess the term having 1 (Grade-7 level) Kanji or its reading(not strictly same reading as one in the example),Text
"hardness
こんな||硬||くなったパンは食べたくないよ。
ジョギングしに行く前にいつも靴の紐を||硬||く締めます。
その氷は||硬||くて割れない。
刺激を受け続けると肌の保護作用により角質が肥厚して、ゴワゴワしたり||硬||くなって、毛穴が目立ってきます。
卵は||硬||くゆでてください。
卵を||硬||く茹でた。
模範的な人は樹の美徳を真似るべきである。育てば育つほど、綺麗で柔らかくなるが、内面的には||硬||くて強くなるであろう。
池は||硬||く凍っていた。
肉が||硬||くて切れない。","こう,硬","",Guess the term having 1 (Grade-7 level) Kanji or its reading(not strictly same reading as one in the example),Text
"death by hanging (punishment in the ritsuryo sys..
こってりあいつの油を||絞||ってやった。
年代を||絞||らず幅広くアピールしていきます。
彼は声を引き||絞||って歌った。
彼女は、遅刻してさんざん油を||絞||られた。
彼女はタオルを固く||絞||った。
彼女は彼を||絞||め殺した。
知恵を||絞||ってこれを書いた。
私たちは声を振り||絞||って助けを求めた。
私はオレンジジュースを||絞||った。
要点を||絞||って、決定を下しましょう。","こう,絞","death by hanging (punishment in the ritsuryo system)",Guess the term having 1 (Grade-7 level) Kanji or its reading(not strictly same reading as one in the example),Text
"tribute
ジェーンの夢は、||貢||いでくれる金持ち男をみつける事だった。","こう,貢","",Guess the term having 1 (Grade-7 level) Kanji or its reading(not strictly same reading as one in the example),Text
"and (concurrently; e.g. chauffeur and secretary)..
ご要望にお応えし||兼||ねます。
そのスマホはコンパクトなサイズとデザイン性を||兼||ね備えた他にはない特徴を持つ機種として人気があった。
その本を書いた人は、機知とユーモアを||兼||ね備えた人だね。
精肉店と飲食店を||兼||ねたお店だからこそできるこの低価格。ぜひ一度ご賞味ください。","けん,兼","and (concurrently; e.g. chauffeur and secretary); at the same time; cum (e.g. bedroom-cum-study); in addition to",Guess the term having 1 (Grade-7 level) Kanji or its reading(not strictly same reading as one in the example),Text
"category; area; bloc; circle; range; sphere; zon..
アルファベット||圏||の顔文字はどうして横に倒れているのですか？
体ｋ上のアフィン代数群とは、ｋ上の可換多元環の||圏||から群の||圏||への表現可能な共変関手で、有限生成な多元環によって表現される。","けん,圏","category; area; bloc; circle; range; sphere; zone",Guess the term having 1 (Grade-7 level) Kanji or its reading(not strictly same reading as one in the example),Text
"armor; armour; firmness; solidity; strength
このステーキは||堅||すぎる。
このベッドは||堅||くて眠れない。
それはまるで岩のように||堅||かった。
僕は彼の無実を||堅||く信じている。
彼は自分の神を||堅||く信じていた。
彼女は口を||堅||く結んだ。
皮は乾くにつれて||堅||くなった。","けん,堅","",Guess the term having 1 (Grade-7 level) Kanji or its reading(not strictly same reading as one in the example),Text
"genius; intelligence; scholarship; virtue
トムって、||賢||そう。
トムは||賢||かった。
マユコは||賢||そうだ。
小金に||賢||く大金に愚か。
彼が||賢||くないのと同様に私も||賢||くない。
彼って||賢||そうね。
彼は兄ほど||賢||くない。
牛は決して||賢||くない。
私は彼ほど||賢||くない。
頭はいいが||賢||くない。","けん,賢","",Guess the term having 1 (Grade-7 level) Kanji or its reading(not strictly same reading as one in the example),Text
"bowstring; chord; hypotenuse; string (of a shami..
ギターの||弦||が切れた。
このギター、||弦||が一本ないよ。
このギター、||弦||が一本切れてるよ。
このギター、||弦||が一本足りないよ。","げん,つる,弦","bowstring; chord; hypotenuse; string (of a shamisen, etc.); stringed instrument
bail (arched pot handle); bowstring; diagonal levelling wire across the top of a masu; string (of shamisen, guitar, violin, etc.)",Guess the term having 1 (Grade-7 level) Kanji or its reading(not strictly same reading as one in the example),Text
"bear (any mammal of family Ursidae)
あれはもはや||熊||ではない。||熊||の屍骸です。
その||熊||をゆっくり観察した後、私は||熊||めがけて突進して行った。
森の奥には||熊||がいる。
||熊||は冬眠します。
||熊||は木に登れる。
||熊||は木登りをします。
||熊||は自分を噛む。
||熊||を見た？
猟師は||熊||を撃った。
私は||熊||が怖い。","くま,熊","",Guess the term having 1 (Grade-7 level) Kanji or its reading(not strictly same reading as one in the example),Text
"blur; cloud (e.g. in marble); cloudiness; cloudy..
まだ||曇||っています。
今日は||曇||っている。
昨日は||曇||っていた。
||曇||っています。
||曇||ってきた。
||曇||ってきたようだね。
||曇||ってる？
空が||曇||ってきた。
空はすっかり||曇||った。
空は||曇||ってきている。","くもり,曇","blur; cloud (e.g. in marble); cloudiness; cloudy weather; dejection; dimness; fog (on a mirror, glasses, etc.); gloom; mist; shadow",Guess the term having 1 (Grade-7 level) Kanji or its reading(not strictly same reading as one in the example),Text
"lip; lips
あなたの||唇||きれいね。
トムは||唇||をかんだ。
冬は||唇||があれます。
||唇||が切れちゃった。
||唇||が荒れています。
||唇||が青いわよ。
||唇||に聴いてみる。
彼の||唇||は温かかった。
私は||唇||を噛んだ。","くちびる,唇","",Guess the term having 1 (Grade-7 level) Kanji or its reading(not strictly same reading as one in the example),Text
"boots; footgear; footwear; shoe; shoes
あの靴、||履||いてみたよ。
すぐに靴を||履||いた。
スケート靴を||履||いて。
トムは靴は||履||いてたけど、靴下は||履||いてなかったよ。
トムは靴下を||履||いた。
ハイヒール||履||いてるの？
私にそのブーツを||履||いてほしいというなら、||履||きますよ。
靴を||履||いて。
靴を||履||いてください。","くつ,履","",Guess the term having 1 (Grade-7 level) Kanji or its reading(not strictly same reading as one in the example),Text
"boots; footgear; footwear; shoe; shoes
「これって誰の||靴||？」「トムの||靴||だよ」
これトムの||靴||？
トムさんは新しい||靴||を買わなければなりません。彼の持っている||靴||は古くてボロボロですから。
君の||靴||はここにある。僕の||靴||はどこだろう。
家にあがる前に||靴||を脱げば||靴||の泥を家の中に持ち込まずにすむ。
彼の||靴||はとても古かったので足の指が||靴||からはみ出ていた。
彼女は古い||靴||を脱いで新しい||靴||を履きました。
||靴||、捨てたよ。
||靴||って高いな。
||靴||を履いて。","くつ,靴","",Guess the term having 1 (Grade-7 level) Kanji or its reading(not strictly same reading as one in the example),Text
"folly; foolishness; silliness; stupidity; I; me
知らないほうが幸せな場合には、知ることは||愚||である。","ぐ,愚","",Guess the term having 1 (Grade-7 level) Kanji or its reading(not strictly same reading as one in the example),Text
"stalk; stem
core; middle of a nest of boxes; tan..
その||茎||は君の小指よりやや太い。
バラは||茎||に刺がある。
台風の日は||茎||が折れる危険性があるので補強する必要があります。","くき,なかご,茎","stalk; stem
core; middle of a nest of boxes; tang (of a sword, etc.)",Guess the term having 1 (Grade-7 level) Kanji or its reading(not strictly same reading as one in the example),Text
"chain; chains
lock; padlock; lozenge; pill; tabl..
ジョージはその犬に||鎖||をつけた。
その犬は||鎖||でつないでおくべきだ。
今我が||鎖||を解き。
囚人たちは||鎖||につながれている。
犬が噛み付かないように||鎖||で繋いだ方がいいですよ。
犬は柱に||鎖||でつながれていた。
||鎖||の強さはその環の一番弱いところに左右される。","くさり,じょう,鎖","chain; chains
lock; padlock; lozenge; pill; tablet",Guess the term having 1 (Grade-7 level) Kanji or its reading(not strictly same reading as one in the example),Text
"proxy (computer server); skewer; spit
マシュマロを||串||に刺して火にあぶって食べるやつ、名前は知らないんだけどすごくうまそうだったよ。今度うちでもやってみようよ。","くし,串","",Guess the term having 1 (Grade-7 level) Kanji or its reading(not strictly same reading as one in the example),Text
"fog; mist; spray
今日は特に||霧||が濃い。
昨日は||霧||が出てた？
町は||霧||に包まれた。
道路に||霧||がある。
||霧||がはれた。
||霧||が出ていますか？
||霧||が晴れ始めた。
||霧||が深い。
||霧||が立ち込めた。
||霧||は出ていますか？","きり,霧","",Guess the term having 1 (Grade-7 level) Kanji or its reading(not strictly same reading as one in the example),Text
"antique look; elegant simplicity; patina; well-t..
トムは酷く||寂||しくなった。
みんな||寂||しがっていたんですよ。
||寂||しくなります。
彼女は||寂||しそうだった。
彼女は||寂||しそうに見える。
彼女は悲しくて||寂||しそうだった。
独り||寂||しく宿題でもしよう。。。
皆さんと離れて||寂||しくなります。
私は||寂||しかった。","さび,じゃく,せき,寂","antique look; elegant simplicity; patina; well-trained voice
(entering into) nirvana; died; silent; tranquil",Guess the term having 1 (Grade-7 level) Kanji or its reading(not strictly same reading as one in the example),Text
"man in attendance (on a person of high standing)..
||侍||と忍者って何が違うの？
俺は||侍||の道で生きてる。
太郎には||侍||の血が流れている。
現代の日本に忍者や||侍||はいません。","さぶらい,さむらい,侍","man in attendance (on a person of high standing); retainer; samurai; warrior (esp. of military retainers of daimyos in the Edo period)",Guess the term having 1 (Grade-7 level) Kanji or its reading(not strictly same reading as one in the example),Text
"course; helping; serving; disc; dish; kanji radi..
チェッカー||盤||の黒と白の枡は交互に並んでいる。","さら,ばん,盤","course; helping; serving; disc; dish; kanji radical 108 (at the bottom); plate; platter
board; panel; plate; (phonograph) record; board (in shogi, go, chess, etc.); disc; disk",Guess the term having 1 (Grade-7 level) Kanji or its reading(not strictly same reading as one in the example),Text
"interpenetration of spirit between the poet and ..
下手なパロディがあると||萎||えて見る気なくす。
暑さのために花は||萎||れた。
最近気分が||萎||え気味だ。
花が||萎||れたよ。","しおり,萎","interpenetration of spirit between the poet and nature in a haiku",Guess the term having 1 (Grade-7 level) Kanji or its reading(not strictly same reading as one in the example),Text
"covering; laying out; spreading; Japanese mattre..
あの家は女房が亭主をしりに||敷||いている。
その床には厚いじゅうたんが||敷||いてある。
パンにチーズを||敷||いた。
地獄への道は善意で||敷||かれている。
床にカーペットを||敷||いた。
彼は女房の尻に||敷||かれている。
彼女はベッドにきれいなシーツを||敷||いた。
彼女は夫を尻に||敷||いている。
机のしたにカーペットを||敷||いた。
母はベッドに綺麗なシーツを||敷||いた。","しき,じき,敷","covering; laying out; spreading; Japanese mattress; security deposit
suffix indicating room size (following a number of tatami mats and a counter)",Guess the term having 1 (Grade-7 level) Kanji or its reading(not strictly same reading as one in the example),Text
"axis; axle; shaft; center; centre; focal point; ..
その小説は南北戦争を||軸||にしている。
彼は||軸||のような重要な役割を演じた。","じく,軸","axis; axle; shaft; center; centre; focal point; hanging scroll; key point; stalk; stem",Guess the term having 1 (Grade-7 level) Kanji or its reading(not strictly same reading as one in the example),Text
"strong and frightening thing; contemptible; dete..
間近から見ると、ものごとはその欠点や本来備わる||醜||さを露わにする傾向がある。
顔がきれいでも、心が||醜||ければ価値はない。
||醜||さは美しさよりも有利である。持続するからだ。","しこ,しゅう,醜","strong and frightening thing; contemptible; detestable; humble; insignificant; repulsive; ugly; unworthy
disgrace; shame; ugliness",Guess the term having 1 (Grade-7 level) Kanji or its reading(not strictly same reading as one in the example),Text
"bad aftertaste; hardening; lesion; lingering dis..
その部屋は装飾を||凝||らしている。
彼はテニスに||凝||っているが、彼の兄はフットボールと野球にもっと||凝||っている。
彼は息を||凝||らしてその光景を見つめていた。
彼は野球に||凝||っている。
彼女は服に||凝||っている。
最近、ゴルフに||凝||っています。
最近はどんな物に||凝||っているの？
美術に||凝||っているわけでもない。
肩が||凝||ってるんです。
背中が||凝||ってるの。","しこり,凝","bad aftertaste; hardening; lesion; lingering discomfort; lump (in tissue, esp. breast); muscle stiffness (esp. in shoulders); swelling; uneasiness; unpleasant feeling",Guess the term having 1 (Grade-7 level) Kanji or its reading(not strictly same reading as one in the example),Text
"quietness; silence; stillness
おい||黙||れ！
||黙||ってて。
||黙||っててよ。
||黙||ってろ。
||黙||って働け！
||黙||って聞け！
||黙||って食え。
||黙||って飲め。
||黙||れ！
||黙||れ。","しじま,黙","",Guess the term having 1 (Grade-7 level) Kanji or its reading(not strictly same reading as one in the example),Text
"dampness; humidity; moisture; sarcoptic mange; s..
このマッチは||湿||っていて火がつかない。
この土は最近の雨のために||湿||っている。
まだ、||湿||ってるよ。
地面はまだ||湿||っている。
彼は、タオルを水で||湿||らした。
毛布ね、まだ||湿||ってるわよ。
洗濯物はまだ||湿||っている。
海からの風は||湿||っている。
煙草を||湿||らないようにしておきなさい。
靴下がまだ||湿||ってる。","しつ,湿","dampness; humidity; moisture; sarcoptic mange; scabies; the itch",Guess the term having 1 (Grade-7 level) Kanji or its reading(not strictly same reading as one in the example),Text
"almanac; calendar
マヤ||暦||には、19の月があります。","こよみ,れき,暦","",Guess the term having 1 (Grade-7 level) Kanji or its reading(not strictly same reading as one in the example),Text
"narrow; thin
being almost full; being cramped; n..
ここは||狭||すぎない？
この家は住むには||狭||すぎる。
この部屋は決して||狭||くない。
この部屋は||狭||すぎます。
ベランダ、||狭||っ。
両者の溝が||狭||まった。
校庭はすごく||狭||かったです。
視野が||狭||くなったようです。","さ,せ,狭","narrow; thin
being almost full; being cramped; narrowness",Guess the term having 1 (Grade-7 level) Kanji or its reading(not strictly same reading as one in the example),Text
"10^44; hundred tredecillion
その言葉は辞書に||載||ってない。
どの新聞にも||載||ってたよ。
どの辞書にも||載||ってるよ。
リストに||載||ってたよ。
地図にも||載||ってないんだ。
彼の写真が新聞に||載||っていた。
彼は帽子を頭に||載||せた。
彼は新聞に広告を||載||せた。
彼女名簿に||載||っていますよ。
箱の上には何も||載||せないで。","さい,載","",Guess the term having 1 (Grade-7 level) Kanji or its reading(not strictly same reading as one in the example),Text
"distinction; excellence; preeminence; supremacy
その選手はあらゆるスポーツに||秀||でていた。
||秀||、食べすぎだよ。デブるぞ。","しゅう,秀","",Guess the term having 1 (Grade-7 level) Kanji or its reading(not strictly same reading as one in the example),Text
"hinting of; smacking of; -smell; stinking of
その部屋はたばこ||臭||かった。
タバコ||臭||くない？
なんか焦げ||臭||くない？
なんか||臭||くない？
よい魚も３日たてば||臭||くなる。
部屋がタバコ||臭||くて発狂しそう。","しゅう,臭","",Guess the term having 1 (Grade-7 level) Kanji or its reading(not strictly same reading as one in the example),Text
"gun; rifle; small arms
お前の||銃||を置いて。
その||銃||は暴発した。
彼女は||銃||を撃った。
||銃||の音を聞いた。
||銃||をおろしなさい。
||銃||をしまえ。
||銃||をよこせ。
||銃||を下ろせ。
||銃||を私に向けるな。
||銃||を落とせ。","じゅう,銃","",Guess the term having 1 (Grade-7 level) Kanji or its reading(not strictly same reading as one in the example),Text
"attachment; obsession; persistence
bow (and arro..
ジョンとジルは来月、結婚式を||執||り行います。
その結婚式は17世紀建立の教会で||執||り行われます。
二度の延期の後、その神聖な儀式は||執||り行われた。
二日も三日も捜しあるいて、いかにしても見つからぬというのが神隠しで、これに対しては右のごとき別種の手段が、始めて必要であったのだが、前代の人たちは久しい間の経験によって、子供がいなくなれば最初からこれを神隠しと推定して、それに相応する処置を||執||ったものである。
教会では儀式が||執||り行われた。
来月、ジョンとジルの挙式が","しゅう,たらし,執","attachment; obsession; persistence
bow (and arrow; esp. of a noble)",Guess the term having 1 (Grade-7 level) Kanji or its reading(not strictly same reading as one in the example),Text
"frost; gray hair; grey hair; white hair
その植物は||霜||で被害を受けた。
ゆうべ||霜||が降りた。
今朝は||霜||がたくさん降りた。
草に||霜||が降りている。
道路に||霜||が降りています。
||霜||が花をいためた。
||霜||で花が傷んだ。
||霜||で花はみんな枯れた。
||霜||はまだ溶け始めていない。
||霜||は露が凍ったものだ。","しも,霜","",Guess the term having 1 (Grade-7 level) Kanji or its reading(not strictly same reading as one in the example),Text
"amnesty; pardon
「小説？　あたし小説は嫌いですの」 　おお、ミューズよ、彼女の冒涜を||赦||せ。
「小説？　あたし小説は嫌ひですの」 　おゝ、ミュウズよ、彼女の冒涜を||赦||せ。
神はあなたの罪を||赦||されるでしょう。
罪を||赦||された者、清い者として見做して下さって、天国への道を歩めるようにして下さるのです。","しゃ,赦","",Guess the term having 1 (Grade-7 level) Kanji or its reading(not strictly same reading as one in the example),Text
"person pouring alcohol (esp. a woman); pouring a..
あの個性豊かな５人が酒を||酌||み交わしているところを想像すると、楽しいね。
古い友と酒を||酌||み交わした。
夜どおしシャンペンが||酌||み交わされた。","しゃく,酌","person pouring alcohol (esp. a woman); pouring alcohol",Guess the term having 1 (Grade-7 level) Kanji or its reading(not strictly same reading as one in the example),Text
"clothing patterned using squirrel's foot fern; c..
トムは枕の下にナイフを||忍||ばせていた。
一人の男が足音を||忍||ばせ、陽子に近付いてきた。
太郎は屈辱を||忍||んで謝罪し辞職した。
||忍||を行じてのみ、よく怨みを解くことを得る。
恥を||忍||んで生き永らえるよりむしろ死にたい。","しのぶ,にん,忍","clothing patterned using squirrel's foot fern; color of clothing layers under one's overcoat (light green on blue); Lepisorus thunbergianus (species of fern); shinobu-wake (Edo-period women's hairstyle); squirrel's foot fern (Davallia mariesii)
endurance; forbearance; patience; self-restraint",Guess the term having 1 (Grade-7 level) Kanji or its reading(not strictly same reading as one in the example),Text
"lawn; sod; turf
この||芝||は刈らなければならない。
その||芝||は刈る必要がある。
公園の||芝||は青く美しい。
彼が私の||芝||を刈り始めた時の金額のざっと４倍を請求してくるであろう。
母は私に||芝||を刈るように言った。
||芝||は刈る必要がある。
||芝||を刈ってもらう時には普通私は家にいなかった。だから私が目にしたのは刈られた||芝||だけであった。
貯蔵庫のドアのそばの刈り残した伸びた||芝||はどうなんだい。
隣の人ね、日曜の朝はいつも||芝||を刈るんだ。
隣の||芝||はよく見えるものよ。","しば,芝","",Guess the term having 1 (Grade-7 level) Kanji or its reading(not strictly same reading as one in the example),Text
"astringent persimmon juice used as a dye or to t..
トムは||渋||っている。
保険会社はどこも経営難で、いっそう支払いが||渋||くなっている。
彼はそんなものに金を使うのを||渋||った。
彼は招待を受け入れるのをたいそう||渋||っている。
彼は答えを||渋||った。","しぶ,渋","astringent persimmon juice used as a dye or to treat wood, paper, etc.; kakishibu",Guess the term having 1 (Grade-7 level) Kanji or its reading(not strictly same reading as one in the example),Text
"cape; headland; promontory; small peninsula
cape..
そこでは||岬||が海に突き出している。
その船は||岬||を回った。
デジネフ||岬||は北極圏の南３０マイルにある。
叔父さんは、||岬||の一軒家に独りぼっちで住んでいた。
木曜島はオーストラリア最北端ヨーク||岬||とニューギニア島の間のトレス海峡に位置する。
船は||岬||に沿って回った。","さき,みさき,岬","cape; headland; promontory; small peninsula
cape (on coast)",Guess the term having 1 (Grade-7 level) Kanji or its reading(not strictly same reading as one in the example),Text
"excellence; genius
私が不在の間は||俊||が私の仕事を引き継ぎます。","しゅん,俊","",Guess the term having 1 (Grade-7 level) Kanji or its reading(not strictly same reading as one in the example),Text
"counter for tours, cycles, rounds, circuits, etc..
このバスで市内を||巡||れますよ。
ネットワークの発達で、かつてないほど大量の文が世界中を駆け||巡||っています。
今日の幸せが幾度も||巡||ってきますように。
家の周りにはフェンスが張り||巡||らされている。
彼は自分の将来について思い||巡||らせていた。
春が再び||巡||ってくることを楽しみにしています。
観光で行くと有名どころばかり||巡||ってしまう。","じゅん,巡","counter for tours, cycles, rounds, circuits, etc.",Guess the term having 1 (Grade-7 level) Kanji or its reading(not strictly same reading as one in the example),Text
"fresh; in vogue; popular; up to date; season (e...
イチゴは今が||旬||だよ。
イチゴは今が||旬||です。
さくらんぼは6?7月が||旬||だ。
スイカは今が||旬||だよ。
ブルーベリーの||旬||って、いつなの？
ブルーベリーは今が||旬||なんだよ。
今は松茸が||旬||でお安いですよ。
今は牡蠣が||旬||なの？
||旬||のものはおいしいし安い。","しゅん,じゅん,旬","fresh; in vogue; popular; up to date; season (e.g. fruit, fish)
decade; ten-day period (in a month); ten-year period (in one's age)",Guess the term having 1 (Grade-7 level) Kanji or its reading(not strictly same reading as one in the example),Text
"designation; fame; name; reputation; title
10代のころ、自分探しの旅と||称||して自転車で日本一周に挑戦してみた。
これまでアメリカは世界の警察と||称||して武力に頼った鎮圧を続けてきました。
その結果、地方裁判所は代わりに学校地区を被告と||称||しました。
マネージャーは彼の功績を||称||えた。
ライ麦は貧困の穀物と||称||されていた。
哲学はしばしば無前提の学と||称||せられている。
彼はその年の最良の作家として褒め||称||えられた。
彼は自らを日本のエジソンと||称||した。
放浪者は、金持ちならば観光客と||称||せられる。
神","しょう,称","",Guess the term having 1 (Grade-7 level) Kanji or its reading(not strictly same reading as one in the example),Text
"invitation; privilege in criminal law given to n..
どうして謝って彼の許しを||請||わないんだ。","しょう,請","invitation; privilege in criminal law given to nobles of the fifth rank or above (ritsuryo system); request",Guess the term having 1 (Grade-7 level) Kanji or its reading(not strictly same reading as one in the example),Text
"-ess; -ette; Miss; unmarried woman
ニコラス||嬢||は８時間５８分かけて英国側のドーバーからフランスに向かって泳ぎ、次に向きを変えて英国へ戻ってきた。
彼がリー||嬢||に結婚を申し込んだところ、彼女は承諾した。
彼はブラウン||嬢||との婚約を発表した。","じょう,嬢","",Guess the term having 1 (Grade-7 level) Kanji or its reading(not strictly same reading as one in the example),Text
"lock; padlock; lozenge; pill; tablet
このかぎは||錠||の中に入らない。
ドアにかんぬきをし、||錠||をかけた。
彼は鍵を||錠||に差し込んだ。
||錠||が壊れている。
鍵のない||錠||のよう。
驚いたことにドアの||錠||がはずされていた。","じょう,錠","",Guess the term having 1 (Grade-7 level) Kanji or its reading(not strictly same reading as one in the example),Text
"-ess; -ette; Miss; unmarried woman
daughter; gir..
こちらは||娘||です。
これは||娘||です。
||娘||が大好きだ。
||娘||は未熟児でした。
||娘||をとつがせた。
彼女は私の||娘||だ。
息子だ、||娘||だ？
真理は時の||娘||。
私には息子と||娘||がある。息子はニューヨークにいるが、||娘||はロンドンにいる。
面白い||娘||だね。","じょう,むすめ,娘","-ess; -ette; Miss; unmarried woman
daughter; girl (i.e. a young, unmarried woman)",Guess the term having 1 (Grade-7 level) Kanji or its reading(not strictly same reading as one in the example),Text
"broth; juice; sap; soup; (dipping) sauce
大きい鍋で||汁||を作った。
彼女は御茶にレモンの||汁||をたらした。","しる,汁","",Guess the term having 1 (Grade-7 level) Kanji or its reading(not strictly same reading as one in the example),Text
"(pencil) lead; center; centre; core; heart; marr..
あの組織は||芯||まで、腐っている。
リンゴは皮をむき半分に切り、||芯||は取る。
りんごは皮を剥き半分に切ります。||芯||は取り除きましょう。
体の||芯||まで冷え冷えだよ。
体の||芯||まで冷え切ってしまった。
子猫の一匹がトイレットペーパーの||芯||で遊んでるよ。
私は体の||芯||まで冷え切った。
私は体の||芯||まで冷え切っていた。","しん,芯","(pencil) lead; center; centre; core; heart; marrow; pistil (of a flower); pith; stamen; staple (for stapler); stuffing; wick",Guess the term having 1 (Grade-7 level) Kanji or its reading(not strictly same reading as one in the example),Text
"zhen (one of the trigrams of the I Ching: thunde..
その鳥は羽を||震||わせた。
トム・スケレトンは手足をぶるぶる||震||わせていた。
彼は体を||震||わせて怒っていた。
彼は激怒して体を||震||わせていた。
彼女は声を||震||わせて話した。
彼女は怒りに声を||震||わせていた。","しん,震","zhen (one of the trigrams of the I Ching: thunder, east)",Guess the term having 1 (Grade-7 level) Kanji or its reading(not strictly same reading as one in the example),Text
"fathom
山のあなたの空遠く「幸」住むと人のいふ。噫、われひとゝ||尋||めゆきて、涙さしぐみかへりきぬ。山のあなたになほ遠く「幸」住むと人のいふ。","じん,ひろ,尋","",Guess the term having 1 (Grade-7 level) Kanji or its reading(not strictly same reading as one in the example),Text
"disgrace; embarrassment; shame
||辱||を知れ。","じょく,はじ,辱","",Guess the term having 1 (Grade-7 level) Kanji or its reading(not strictly same reading as one in the example),Text