Question,Answer,Comment,Instruction,Render As
"戦陣の中。戦いの中にあること。||陣||＊にいる人、あるいは非常に繁忙な環境にいる人へ贈る見舞いを「||陣||＊見舞い」などと言う。","陣中,じんちゅう","戦陣の中。戦いの中にあること。陣中にいる人、あるいは非常に繁忙な環境にいる人へ贈る見舞いを「陣中見舞い」などと言う。",Guess the Word or Reading,Text
"遺体をそのまま埋めて葬ること。火葬の場合は遺体を焼いて遺骨のみ埋める。","土葬,どそう","遺体をそのまま埋めて葬ること。火葬の場合は遺体を焼いて遺骨のみ埋める。",Guess the Word or Reading,Text
"初夏の青葉の頃に吹く、やや強い風。青葉に吹き付け、青葉を揺らす風。","青嵐,あおあらし","初夏の青葉の頃に吹く、やや強い風。青葉に吹き付け、青葉を揺らす風。",Guess the Word or Reading,Text
"郵便物の送り先。宛名や住所、郵便番号などから構成される。「宛て先」とも書く。","宛先,あてさき","郵便物の送り先。宛名や住所、郵便番号などから構成される。「宛て先」とも書く。",Guess the Word or Reading,Text
"花をささげること。特に、お葬式などの法要で花をささげることを指す。","献花,けんか","花をささげること。特に、お葬式などの法要で花をささげることを指す。",Guess the Word or Reading,Text
"原稿の下書き、まだ内容が正式なものとして決まっていない文章を指す語。","草稿,そうこう","原稿の下書き、まだ内容が正式なものとして決まっていない文章を指す語。",Guess the Word or Reading,Text
"年越しすること、新しい年を迎えることを意味する表現。物事が年内に完了せず、正月をまたぐ、という意味で用いられる語。","越年,えつねん","年越しすること、新しい年を迎えることを意味する表現。物事が年内に完了せず、正月をまたぐ、という意味で用いられる語。",Guess the Word or Reading,Text
"いちど振り返ってみること、少し考えてみること、などの意味の表現。もっぱら「||一||＊だに値しない」のような言い回しで用いられる語。","一顧,いっこ","いちど振り返ってみること、少し考えてみること、などの意味の表現。もっぱら「一顧だに値しない」のような言い回しで用いられる語。",Guess the Word or Reading,Text
"洪水や河川の氾濫などにより、農地や道路などの土地が広範囲に水に浸かる・覆われる状況を指す語。大雨が原因で発生する場合もある。「冠」の字は「上にかぶせる」という意味であり、土地の上に水が溜まって土地が水面下に沈む状況を表現する。対象が水没してしまっている状況を指す語といえる。||冠||＊に似た表現に「浸水」もあるが、浸水は主に住宅などの建造物の中に水が入り込む状況を指して用いられる。「浸」は「ひた（る）」という意味の字である。基本的には、畑や道路が水に浸る場合は「||冠||＊」、住宅などが水に浸かる場合は「浸水」と表現される。浸水は程度によって「床上浸水」や「床下浸水」などのようにも表現される。住宅について「||冠||＊」と表現される場合もあるが、これは住人が屋根の上に逃れる他なくなるほど家屋がどっぷり水に浸かる状況で用いられる場合が多い。","冠水,かんすい","洪水や河川の氾濫などにより、農地や道路などの土地が広範囲に水に浸かる・覆われる状況を指す語。大雨が原因で発生する場合もある。「冠」の字は「上にかぶせる」という意味であり、土地の上に水が溜まって土地が水面下に沈む状況を表現する。対象が水没してしまっている状況を指す語といえる。冠水に似た表現に「浸水」もあるが、浸水は主に住宅などの建造物の中に水が入り込む状況を指して用いられる。「浸」は「ひた（る）」という意味の字である。基本的には、畑や道路が水に浸る場合は「冠水」、住宅などが水に浸かる場合は「浸水」と表現される。浸水は程度によって「床上浸水」や「床下浸水」などのようにも表現される。住宅について「冠水」と表現される場合もあるが、これは住人が屋根の上に逃れる他なくなるほど家屋がどっぷり水に浸かる状況で用いられる場合が多い。",Guess the Word or Reading,Text
"自衛隊における3等陸佐、3等海佐、3等空佐を略した語。","三佐,さんさ","自衛隊における3等陸佐、3等海佐、3等空佐を略した語。",Guess the Word or Reading,Text
"左の腕、||左||＊、または、左利きの人にとっての利き腕、を指す語。特に野球の投手では「||左||＊投手」などと言う。","左腕,さわん","左の腕、左腕、または、左利きの人にとっての利き腕、を指す語。特に野球の投手では「左腕投手」などと言う。",Guess the Word or Reading,Text
"(1)その欄、現在言及している欄を意味する表現。(2)新聞や雑誌などの紙媒体において、全体の中心となる欄を意味する表現。","本欄,ほんらん","(1)その欄、現在言及している欄を意味する表現。(2)新聞や雑誌などの紙媒体において、全体の中心となる欄を意味する表現。",Guess the Word or Reading,Text
"一つ一つ順番に扱うさま、あるいは省略することなく全て順に扱うさまなどを意味する表現。","逐一,ちくいち","一つ一つ順番に扱うさま、あるいは省略することなく全て順に扱うさまなどを意味する表現。",Guess the Word or Reading,Text
"揉め事や事件などの中心を意味する語。","渦中,かちゅう","揉め事や事件などの中心を意味する語。",Guess the Word or Reading,Text
"気分や雰囲気などが晴れないことを意味する語。「彼は||陰||＊な性格をしている」などのように用いる。","陰気,いんき","気分や雰囲気などが晴れないことを意味する語。「彼は陰気な性格をしている」などのように用いる。",Guess the Word or Reading,Text
"日本と韓国（大韓民国）を指す語。","日韓,にっかん","日本と韓国（大韓民国）を指す語。",Guess the Word or Reading,Text
"物事の数や量が膨れ上がり、非常に多いことを意味する語。","膨大,ぼうだい","物事の数や量が膨れ上がり、非常に多いことを意味する語。",Guess the Word or Reading,Text
"(1)天ぷらを米の上にのせた日本の丼物料理。(2)お笑い業界において、一度使ったギャグを会話中でもう一度使うこと。||天||＊には海老が2本のっているイメージがあることから、このように呼ばれるようになった。","天丼,てんどん","(1)天ぷらを米の上にのせた日本の丼物料理。(2)お笑い業界において、一度使ったギャグを会話中でもう一度使うこと。天丼には海老が2本のっているイメージがあることから、このように呼ばれるようになった。",Guess the Word or Reading,Text
"（１）燃え上がること。（２）発信した情報が大勢の受信者の怒りを買い、発信者のブログやSNSといったネット上のアカウントに大量のコメントが送られるなどすることを意味するネット用語。特に悪意のあるものは「荒らし」などとも呼ばれる。一般的には不謹慎な発言をした著名人などのブログやSNSが「||炎||＊」することが多い。","炎上,えんじょう","（１）燃え上がること。（２）発信した情報が大勢の受信者の怒りを買い、発信者のブログやSNSといったネット上のアカウントに大量のコメントが送られるなどすることを意味するネット用語。特に悪意のあるものは「荒らし」などとも呼ばれる。一般的には不謹慎な発言をした著名人などのブログやSNSが「炎上」することが多い。",Guess the Word or Reading,Text
"金銭を出し合って特定の目的に用いること、特定の目的に用いるため金銭を出し合うこと、という意味で用いられる表現。今日では「||拠||＊」の語は「||拠||＊年金」「確定||拠||＊年金」という表現の中で目にする場合が多い。確定||拠||＊年件は「収入を得ている間に掛け金を《確定》し、年金制度の運用のために《||拠||＊》して、老後に（運用後の年金の）給付を受ける」仕組みの制度である。「||拠||＊」の「拠」は「醵」の代用字であり、この字自体に「金銭を出し合う」という字義がある。この語義は「||拠||＊」の他に「拠金」（醵金）のような語でも用いられる。「拠」の字には本来「よりどころとする」という意味合いがあり、「依拠」「典拠」「根拠」「占拠」「証拠」「準拠」あるいは「拠点」といった語はこちらの語義にもとづいて解釈できる。「醵」の代用字としての「||拠||＊」の「拠」とは別個の語義である。","拠出,きょしゅつ","金銭を出し合って特定の目的に用いること、特定の目的に用いるため金銭を出し合うこと、という意味で用いられる表現。今日では「拠出」の語は「拠出年金」「確定拠出年金」という表現の中で目にする場合が多い。確定拠出年件は「収入を得ている間に掛け金を《確定》し、年金制度の運用のために《拠出》して、老後に（運用後の年金の）給付を受ける」仕組みの制度である。「拠出」の「拠」は「醵」の代用字であり、この字自体に「金銭を出し合う」という字義がある。この語義は「拠出」の他に「拠金」（醵金）のような語でも用いられる。「拠」の字には本来「よりどころとする」という意味合いがあり、「依拠」「典拠」「根拠」「占拠」「証拠」「準拠」あるいは「拠点」といった語はこちらの語義にもとづいて解釈できる。「醵」の代用字としての「拠出」の「拠」とは別個の語義である。",Guess the Word or Reading,Text
"||購||＊とは、「物を買う（こと）」という意味で用いられる表現である。英語のpurchaseもしくはbuy(ing)に相当する。||購||＊の「購」の字は「あがなう」と訓読し、対価を支払って目当てのものを得る（つまり「買う」）ことを意味する。「入」の字は「いれる」と読まれ、「||購||＊」「納入」「導入」のような表現においては「（物を移し）入れる」という意味合いで用いられる。とりわけ「||購||＊」の語では「自分のものにする」という意味合いまで汲み取り得る。平たく言えば「||購||＊」とは「買い入れる」という意味合いを漢語で述べた言い方である。ちなみに現代中国語でも「||購||＊」の語は用いられる。繁体字では日本語と同じく「||購||＊」、簡体字では「?入」と表記される。「||購||＊」の語は名詞としても動詞としてもよく用いられる。動詞としては「買う」よりも幾分かたい響きがあり、「..","購入,こうにゅう","購入とは、「物を買う（こと）」という意味で用いられる表現である。英語のpurchaseもしくはbuy(ing)に相当する。購入の「購」の字は「あがなう」と訓読し、対価を支払って目当てのものを得る（つまり「買う」）ことを意味する。「入」の字は「いれる」と読まれ、「購入」「納入」「導入」のような表現においては「（物を移し）入れる」という意味合いで用いられる。とりわけ「購入」の語では「自分のものにする」という意味合いまで汲み取り得る。平たく言えば「購入」とは「買い入れる」という意味合いを漢語で述べた言い方である。ちなみに現代中国語でも「購入」の語は用いられる。繁体字では日本語と同じく「購入」、簡体字では「?入」と表記される。「購入」の語は名詞としても動詞としてもよく用いられる。動詞としては「買う」よりも幾分かたい響きがあり、「購入なさいますか」「ご購入の際には～」というような丁寧な表現において用いられやすい。名詞としては「購入履歴」「購入日」「即日購入」等々のように他の名詞と連結して用いられるこおが多い。「購入」と同じく「買う」の意味で用いられる漢語表現には「購買」「決済」「買入」なども挙げ",Guess the Word or Reading,Text
"||哲||＊（||て||＊＊＊）とは、語弊を恐れずにわかりやすく言えば「真理を探究する知的営み」のことです。世界の根源や本質を見極めるための知的探究的な取組み、および、その知的探究を方法的に進めるための学問です。ただし、この「||哲||＊は真理を探究する知的営みである」という見解は、ある程度は妥当としても、決定的な定義ではありません。「||哲||＊とは何か」という問いに対する回答は、||哲||＊的立場によっても微妙に異なり、統一的見解は見出せない、その意味では極めて||哲||＊的な話題です。||哲||＊は、一般的には、《感覚的経験を超越した「形而上」の世界を対象とし、概念と論理とに依拠する、時代や文化などに左右されない、普遍的な真理への到達を目指す学問》として理解されます。あるいは、《世界のあらゆる事象を論理的に説明すること》である、ともいえるでしょう。||哲||＊は英語では phi..","哲学,てつがく","哲学（てつがく）とは、語弊を恐れずにわかりやすく言えば「真理を探究する知的営み」のことです。世界の根源や本質を見極めるための知的探究的な取組み、および、その知的探究を方法的に進めるための学問です。ただし、この「哲学は真理を探究する知的営みである」という見解は、ある程度は妥当としても、決定的な定義ではありません。「哲学とは何か」という問いに対する回答は、哲学的立場によっても微妙に異なり、統一的見解は見出せない、その意味では極めて哲学的な話題です。哲学は、一般的には、《感覚的経験を超越した「形而上」の世界を対象とし、概念と論理とに依拠する、時代や文化などに左右されない、普遍的な真理への到達を目指す学問》として理解されます。あるいは、《世界のあらゆる事象を論理的に説明すること》である、ともいえるでしょう。哲学は英語では philosophy（フィロソフィー）といいます。この語源はギリシア語の φιλοσοφ?α （philosophia）であり、もともとは「知を愛する」（loving knowledge）という意味の言葉です。このため、「哲学とは何か」という問いに対しては今日でも「哲学とは知",Guess the Word or Reading,Text
"（1）||握||＊とは、手指の関節を内側に曲げて物を潰すようにする動作の力の強さのことである。わかりやすくいうと、握る力のことである。||握||＊は、||握||＊計という器具を用いて計測することができる。日本人30歳～35歳の平均||握||＊は、男性の場合は47.5kg、女性の場合は28.8kgである。||握||＊の鍛え方としては、懸垂や指立て伏せなどが挙げられる。また、前腕筋を鍛える器具などでも||握||＊を鍛えることができる。（2）||握||＊とは、株式投資の関連分野において、特定銘柄の株をあくまでも保有し続る意思を指す俗な言い方。株価が高騰したり暴落したりといった動きがあると早々に手放してしまいたくなるような傾向を「||握||＊が弱い」と形容することがある。","握力,あくりょく","（1）握力とは、手指の関節を内側に曲げて物を潰すようにする動作の力の強さのことである。わかりやすくいうと、握る力のことである。握力は、握力計という器具を用いて計測することができる。日本人30歳～35歳の平均握力は、男性の場合は47.5kg、女性の場合は28.8kgである。握力の鍛え方としては、懸垂や指立て伏せなどが挙げられる。また、前腕筋を鍛える器具などでも握力を鍛えることができる。（2）握力とは、株式投資の関連分野において、特定銘柄の株をあくまでも保有し続る意思を指す俗な言い方。株価が高騰したり暴落したりといった動きがあると早々に手放してしまいたくなるような傾向を「握力が弱い」と形容することがある。",Guess the Word or Reading,Text
"||謄||＊とは、もととなる文書の内容をすべて写し取った文書のことである。一般的には戸籍||謄||＊や登記簿||謄||＊などの証明文書の写しを指すことが多い。例えば、戸籍には3つの種類があり、それぞれ||謄||＊を取り寄せることができる。戸籍||謄||＊（戸籍全部事項証明）は現時点の戸籍が書かれている文書である。ちなみに戸籍抄本は、戸籍個人事項証明といって、本人のみの情報が記載されている。結婚や離婚、死亡などによって戸籍に記載されている人が抜けていき、最後に誰もいなくなるとその戸籍は戸籍簿から削除される。このように削除された戸籍であることを証明する文書の写しを除籍||謄||＊（除籍全部事項証明）という。法令の改正により戸籍の形式が変更される場合がある。形式が変更される前の戸籍を改製戸籍といい、その写しを改製戸籍||謄||＊という。会社に関する||謄||＊には、会社登記簿||謄||＊（..","謄本,とうほん","謄本とは、もととなる文書の内容をすべて写し取った文書のことである。一般的には戸籍謄本や登記簿謄本などの証明文書の写しを指すことが多い。例えば、戸籍には3つの種類があり、それぞれ謄本を取り寄せることができる。戸籍謄本（戸籍全部事項証明）は現時点の戸籍が書かれている文書である。ちなみに戸籍抄本は、戸籍個人事項証明といって、本人のみの情報が記載されている。結婚や離婚、死亡などによって戸籍に記載されている人が抜けていき、最後に誰もいなくなるとその戸籍は戸籍簿から削除される。このように削除された戸籍であることを証明する文書の写しを除籍謄本（除籍全部事項証明）という。法令の改正により戸籍の形式が変更される場合がある。形式が変更される前の戸籍を改製戸籍といい、その写しを改製戸籍謄本という。会社に関する謄本には、会社登記簿謄本（履歴事項全部証明）や不動産登記簿謄本（登記事項全部証明）などが挙げられる。会社登記簿謄本は、会社登記簿の事項の履歴が書かれている文書である。不動産登記簿謄本は、不動産登記簿の権利変動履歴が書かれている文書である。",Guess the Word or Reading,Text
"||享||＊とは、その人が生きていた年数のことである。||享||＊の「享」は、うけるという意味があり、||享||＊は「天から享（う）けた年」と解釈することができる。||享||＊の使い方は、例えば「||享||＊九十」「||享||＊90」のように表記する。「||享||＊」には「年」の表記があるため、「歳」「才」を付けると重言になるため誤用になる。「||享||＊九十歳」「||享||＊90才」といった書き方は誤りである。||享||＊は数え年で表記する。||享||＊に満年齢を使うのは誤りである。||享||＊の語を使う場合には、満年齢から数え年を算出する必要がある。ちなみに、数え年と満年齢とでは、数え年のほうが1歳、2歳ほど多い。満年齢を使いたい場合は、||享||＊の代わりに没年を使用すればよい。||享||＊の類義語としては「没年」（ぼつねん）や「行年」（ぎょうねん）などが挙げられる。没年は、そ..","享年,きょうねん","享年とは、その人が生きていた年数のことである。享年の「享」は、うけるという意味があり、享年は「天から享（う）けた年」と解釈することができる。享年の使い方は、例えば「享年九十」「享年90」のように表記する。「享年」には「年」の表記があるため、「歳」「才」を付けると重言になるため誤用になる。「享年九十歳」「享年90才」といった書き方は誤りである。享年は数え年で表記する。享年に満年齢を使うのは誤りである。享年の語を使う場合には、満年齢から数え年を算出する必要がある。ちなみに、数え年と満年齢とでは、数え年のほうが1歳、2歳ほど多い。満年齢を使いたい場合は、享年の代わりに没年を使用すればよい。享年の類義語としては「没年」（ぼつねん）や「行年」（ぎょうねん）などが挙げられる。没年は、その人が死んだときの年齢という意味があり、行年は、いままでに生きていた年数という意味がある。",Guess the Word or Reading,Text
"||敷||＊とは、不動産用語としては、家賃の滞納などがあった時、その支払いに充てるために貸主へ預け入れるお金のことである。簡単にいえば、保証金のこと、借主の債務の担保のことである。賃貸契約が終了し、部屋の明け渡しが終わったら、貸主は||敷||＊を借主へ返還しなければならない。貸主は、原状回復のためのクリーニング費用を||敷||＊から賄うため、||敷||＊が全額返還されることは少ない。なお、||敷||＊を支払わない賃貸契約（||敷||＊なし）では、退去時にクリーニング費用の発生することがある。||敷||＊は、毎月の家賃相当分、あるいは数か月分が相場である。例えば、「家賃10万円、||敷||＊1か月」といった場合、||敷||＊は10万円である。||敷||＊は、民法第622条の2において「いかなる名目によるかを問わず、賃料債務その他の賃貸借に基づいて生ずる賃借人の賃貸人に対する金銭の給付を..","敷金,しききん","敷金とは、不動産用語としては、家賃の滞納などがあった時、その支払いに充てるために貸主へ預け入れるお金のことである。簡単にいえば、保証金のこと、借主の債務の担保のことである。賃貸契約が終了し、部屋の明け渡しが終わったら、貸主は敷金を借主へ返還しなければならない。貸主は、原状回復のためのクリーニング費用を敷金から賄うため、敷金が全額返還されることは少ない。なお、敷金を支払わない賃貸契約（敷金なし）では、退去時にクリーニング費用の発生することがある。敷金は、毎月の家賃相当分、あるいは数か月分が相場である。例えば、「家賃10万円、敷金1か月」といった場合、敷金は10万円である。敷金は、民法第622条の2において「いかなる名目によるかを問わず、賃料債務その他の賃貸借に基づいて生ずる賃借人の賃貸人に対する金銭の給付を目的とする債務を担保する目的で、賃借人が賃貸人に交付する金銭をいう。」と規定している。関連サイト：民法（e-Gov）",Guess the Word or Reading,Text
"||本||＊とは、戸籍上の所在場所のことである。かつては、一定の場所に住居を定めて暮らしている場所を意味していたが、現在ではその意味は無くなっている。||本||＊は、戸籍謄本・抄本か、||本||＊が記載された住民票の写しを取り寄せることで確認できる。||本||＊の書き方は、都道府県名、市区町村名（郡名）、町（丁）字名、地番の順番で書く。マンション名やアパート名、部屋番号などは書かない。ちなみに||本||＊は、現住所とは関係なく全国のどこにでも置くことができる。一度も行ったことのない場所を||本||＊に置くこともできる。ただし、富士山の頂上など、行政区画や土地の名称、地番がない場所には||本||＊を置くことはできない。","本籍,ほんせき","本籍とは、戸籍上の所在場所のことである。かつては、一定の場所に住居を定めて暮らしている場所を意味していたが、現在ではその意味は無くなっている。本籍は、戸籍謄本・抄本か、本籍が記載された住民票の写しを取り寄せることで確認できる。本籍の書き方は、都道府県名、市区町村名（郡名）、町（丁）字名、地番の順番で書く。マンション名やアパート名、部屋番号などは書かない。ちなみに本籍は、現住所とは関係なく全国のどこにでも置くことができる。一度も行ったことのない場所を本籍に置くこともできる。ただし、富士山の頂上など、行政区画や土地の名称、地番がない場所には本籍を置くことはできない。",Guess the Word or Reading,Text
"||気||＊とは、強い心意気のこと。困難に直面しても安易に挫けたりせず、困難を乗り越えて前進しようとする気骨や志のこと。あえて俗っぽい表現で言い換えるなら、「やってやらあ！負けないぞ！」という意欲に満ちた前向きで強い気持ちである。「||気||＊」の語は、主に「||気||＊-が-ある」「||気||＊-を-感じる」「||気||＊-を-見せる」「||気||＊-を-示す」といった動詞を伴って叙述される。あるいは、「農家の||気||＊」「中小企業の||気||＊」「プロとしての||気||＊」というような表現でも用いられる。「独立独歩の||気||＊」という言い回しも比較的よく見られる。「独立独歩」とは、他人に依存したり支配されたりせず、自分の力で、自分の信念にもとづいて思うように行動する、という意味の表現。あくまでそのように自立してゆこうとする強い意志と自負心が「独立独歩の||気||＊」である。「..","気概,きがい","気概とは、強い心意気のこと。困難に直面しても安易に挫けたりせず、困難を乗り越えて前進しようとする気骨や志のこと。あえて俗っぽい表現で言い換えるなら、「やってやらあ！負けないぞ！」という意欲に満ちた前向きで強い気持ちである。「気概」の語は、主に「気概-が-ある」「気概-を-感じる」「気概-を-見せる」「気概-を-示す」といった動詞を伴って叙述される。あるいは、「農家の気概」「中小企業の気概」「プロとしての気概」というような表現でも用いられる。「独立独歩の気概」という言い回しも比較的よく見られる。「独立独歩」とは、他人に依存したり支配されたりせず、自分の力で、自分の信念にもとづいて思うように行動する、という意味の表現。あくまでそのように自立してゆこうとする強い意志と自負心が「独立独歩の気概」である。「気概」の類語としては「気骨」や「意気地」などが挙げられる。「気骨」は、「信念を貫き通す強固な心意気」という意味合いで用いられる表現である。性格や性質を指すニュアンスで用いられることが多い。「意気地」は「困難に負けずに物事をやり通そうとする気持ち」の意味で用いられる表現である。性格や気持ちの張り",Guess the Word or Reading,Text
"||是||＊とは、悪い点や不都合な点を改めて正しくすることである。||是||＊の「是」には、道理にかなっていること、正しいこと、という意味がある。また、「正」には正しいこと、ちょうど、という意味がある。英語では、訂正や修正を意味する correction と表されることが多く、改訂や訂正を意味する revision と表されることもある。","是正,ぜせい","是正とは、悪い点や不都合な点を改めて正しくすることである。是正の「是」には、道理にかなっていること、正しいこと、という意味がある。また、「正」には正しいこと、ちょうど、という意味がある。英語では、訂正や修正を意味する correction と表されることが多く、改訂や訂正を意味する revision と表されることもある。",Guess the Word or Reading,Text
"特に優れたもの、傑作などを意味する表現。元は真珠と宝石を意味する語。文学や音楽など幅広い物事について言う。","珠玉,しゅぎょく","特に優れたもの、傑作などを意味する表現。元は真珠と宝石を意味する語。文学や音楽など幅広い物事について言う。",Guess the Word or Reading,Text
"ほんの少しの力、力量。取るに足らない程度の実力。特に、自分の力量を意味する謙譲表現として用いられることが多い。他人を手助けする際などに、「||微||＊ながら手伝います」などと表現する際に用いる。","微力,びりょく","ほんの少しの力、力量。取るに足らない程度の実力。特に、自分の力量を意味する謙譲表現として用いられることが多い。他人を手助けする際などに、「微力ながら手伝います」などと表現する際に用いる。",Guess the Word or Reading,Text
"編入すること、組み入れること、||繰||＊れること、などの意味の表現。「繰り入れ」「||繰||＊れ」などとも書く。","繰入,くりいれ","編入すること、組み入れること、繰入れること、などの意味の表現。「繰り入れ」「繰入れ」などとも書く。",Guess the Word or Reading,Text
"撞球（ビリヤード）のこと。転じて、同じ運動を次から次へと伝えて行くさま。特に車の連続的な追突事故を「||玉||＊＊事故」と言う。","玉突き,たまつき","撞球（ビリヤード）のこと。転じて、同じ運動を次から次へと伝えて行くさま。特に車の連続的な追突事故を「玉突き事故」と言う。",Guess the Word or Reading,Text
"最大限の、できる限りの、などの意味の表現。","精一杯,せいいっぱい","最大限の、できる限りの、などの意味の表現。",Guess the Word or Reading,Text
"ある問題や議題について、結論を導き出すことを先延ばしにすること。「||棚||＊＊にする」の形で用いることが多い。","棚上げ,たなあげ","ある問題や議題について、結論を導き出すことを先延ばしにすること。「棚上げにする」の形で用いることが多い。",Guess the Word or Reading,Text
"何らかの支援をするために寄付する金銭のこと。特に、地震などで被災した人々や地域を援助するための寄付金のこと。","義援金,ぎえんきん","何らかの支援をするために寄付する金銭のこと。特に、地震などで被災した人々や地域を援助するための寄付金のこと。",Guess the Word or Reading,Text
"巨大な地震による災害の総称。日本における||大||＊＊としては、「関東||大||＊＊」「阪神・淡路||大||＊＊」「東日本||大||＊＊（東北地方太平洋沖地震）」などがある。","大震災,だいしんさい","巨大な地震による災害の総称。日本における大震災としては、「関東大震災」「阪神・淡路大震災」「東日本大震災（東北地方太平洋沖地震）」などがある。",Guess the Word or Reading,Text
"大いに騒ぐこと。やかましく音をたてるさま、事件や事故で大いに混乱するさまなどを意味する表現。","大騒ぎ,おおさわぎ","大いに騒ぐこと。やかましく音をたてるさま、事件や事故で大いに混乱するさまなどを意味する表現。",Guess the Word or Reading,Text
"行方がわからず、どこに行ったか、どこに居るのかを探すこと。人探し。および、その探す対象となっている人を指す語。","尋ね人,たずねびと","行方がわからず、どこに行ったか、どこに居るのかを探すこと。人探し。および、その探す対象となっている人を指す語。",Guess the Word or Reading,Text
"連絡を取りたい場合の情報。住所や電話番号、またはEmailのアドレスなどのことを幅広く指す。","連絡先,れんらくさき","連絡を取りたい場合の情報。住所や電話番号、またはEmailのアドレスなどのことを幅広く指す。",Guess the Word or Reading,Text
"ある方針や方向に傾倒し、他に気を配らないことを形容する表現。毛沢東が論文で使用したことから広まった言葉で、現在では趣味嗜好から政治まで幅広い分野で用いられる。","一辺倒,いっぺんとう","ある方針や方向に傾倒し、他に気を配らないことを形容する表現。毛沢東が論文で使用したことから広まった言葉で、現在では趣味嗜好から政治まで幅広い分野で用いられる。",Guess the Word or Reading,Text
"心がひきつけられるようなさまを意味する語。","魅力的,みりょくてき","心がひきつけられるようなさまを意味する語。",Guess the Word or Reading,Text
"数量が少ないさま、片手で握る程度の少量のものを意味する語。「勝てる者はごく||一||＊＊だけである」などのように用いる。","一握り,ひとにぎり","数量が少ないさま、片手で握る程度の少量のものを意味する語。「勝てる者はごく一握りだけである」などのように用いる。",Guess the Word or Reading,Text
"普段は出し惜しみしておき、ここぞという時にのみ用いる、有力な策。とっておきの秘策。","奥の手,おくのて","普段は出し惜しみしておき、ここぞという時にのみ用いる、有力な策。とっておきの秘策。",Guess the Word or Reading,Text
"野球において首位打者・打点王・本塁打王の三冠を獲得した選手のこと。","三冠王,さんかんおう","野球において首位打者・打点王・本塁打王の三冠を獲得した選手のこと。",Guess the Word or Reading,Text
"手で触れたり掴んだりした際の、感じや印象などを意味する表現。触り心地。","手触り,てざわり","手で触れたり掴んだりした際の、感じや印象などを意味する表現。触り心地。",Guess the Word or Reading,Text
"とても嫌いだ、非常に嫌悪している、などの意味の表現。","大嫌い,だいきらい","とても嫌いだ、非常に嫌悪している、などの意味の表現。",Guess the Word or Reading,Text
"予測や予想のこと。近い将来に関する、比較的現実みのある事項について表現することが多い。","見込み,みこみ","予測や予想のこと。近い将来に関する、比較的現実みのある事項について表現することが多い。",Guess the Word or Reading,Text
"||怪||＊＊（||か||＊＊＊＊＊）とは、奇怪な文書のこと。元々は「出どころが不明で、信憑性も不明な、胡散臭い文書」を指す語。最近では俗に「ひどい悪文に気色悪い内容の、きてれつな文章」を指すような意味で用いられることがある。||怪||＊＊の「怪」の字には、「怪しい」「不思議な」「胡散臭い」という字義がある。「||怪||＊＊」の他に「怪事件」「怪人物」といった語彙がこの例に該当する。「怪人」「怪獣」「怪異」「怪聞」「怪火」「怪死」「怪談」などの語もこの例に含めることができる。 従来的な意味用法における「||怪||＊＊」は、誰が印刷・発行・発送したか不明なビラ・手紙・電子メールなどを指す。文書の内容は、典型的には、脅迫・告発・誹謗中傷の類である。昨今のインターネットスラングとしての「||怪||＊＊」は、いわば「得体のしれない気味悪さを含む文章（テキスト）」のことである。つまり奇っ怪な文..","怪文書,かいぶんしょ","怪文書（かいぶんしょ）とは、奇怪な文書のこと。元々は「出どころが不明で、信憑性も不明な、胡散臭い文書」を指す語。最近では俗に「ひどい悪文に気色悪い内容の、きてれつな文章」を指すような意味で用いられることがある。怪文書の「怪」の字には、「怪しい」「不思議な」「胡散臭い」という字義がある。「怪文書」の他に「怪事件」「怪人物」といった語彙がこの例に該当する。「怪人」「怪獣」「怪異」「怪聞」「怪火」「怪死」「怪談」などの語もこの例に含めることができる。 従来的な意味用法における「怪文書」は、誰が印刷・発行・発送したか不明なビラ・手紙・電子メールなどを指す。文書の内容は、典型的には、脅迫・告発・誹謗中傷の類である。昨今のインターネットスラングとしての「怪文書」は、いわば「得体のしれない気味悪さを含む文章（テキスト）」のことである。つまり奇っ怪な文書である。念のために言っておくが「怪文章」ではない。",Guess the Word or Reading,Text
"||一||＊＊とは、大勢の者が同時に同じ行動を取ったり同じ状態になったりする様子を形容する表現。","一斉に,いっせいに","一斉にとは、大勢の者が同時に同じ行動を取ったり同じ状態になったりする様子を形容する表現。",Guess the Word or Reading,Text
"||満||＊＊とは、誕生日が訪れるごとに1歳を加えて数える年齢のことである。||満||＊＊の数え方では、生まれてから次の誕生日が来るまでの間を0歳とし、誕生日を迎えると1歳になる。以降も同じように、誕生日を迎えるごとに1歳を加えていく。||満||＊＊は英語では age と表現する。例えば、2002年8月6日生まれの人は、2002年8月6日から2003年8月5日までが満0歳の期間である。2003年8月6日に日付が変わると同時に満1歳になる。そして、2102年8月6日に満100歳を迎える。年齢の数え方には、||満||＊＊の他に数え年がある。数え年には0歳は存在せず、生まれた年を1歳とし、元日を迎えるごとに1歳を加えていく。例えば、2004年6月22日生まれの人は、2004年12月31日までが数え年の1歳であり、2005年1月1日に数え年の2歳を迎える。2005年6月22日の誕生日を迎えて..","満年齢,まんねんれい","満年齢とは、誕生日が訪れるごとに1歳を加えて数える年齢のことである。満年齢の数え方では、生まれてから次の誕生日が来るまでの間を0歳とし、誕生日を迎えると1歳になる。以降も同じように、誕生日を迎えるごとに1歳を加えていく。満年齢は英語では age と表現する。例えば、2002年8月6日生まれの人は、2002年8月6日から2003年8月5日までが満0歳の期間である。2003年8月6日に日付が変わると同時に満1歳になる。そして、2102年8月6日に満100歳を迎える。年齢の数え方には、満年齢の他に数え年がある。数え年には0歳は存在せず、生まれた年を1歳とし、元日を迎えるごとに1歳を加えていく。例えば、2004年6月22日生まれの人は、2004年12月31日までが数え年の1歳であり、2005年1月1日に数え年の2歳を迎える。2005年6月22日の誕生日を迎えても年齢は増えない。",Guess the Word or Reading,Text
"中が空の（何も入っていない）瓶のこと。","空き瓶,あきびん","中が空の（何も入っていない）瓶のこと。",Guess the Word or Reading,Text
"(1)うっかりして見るべきものを見ないで過ごすこと。見る機会を逸すること。(2)見て見ぬふりをすること。見咎めずに済ますこと。","見逃す,みのがす","(1)うっかりして見るべきものを見ないで過ごすこと。見る機会を逸すること。(2)見て見ぬふりをすること。見咎めずに済ますこと。",Guess the Word or Reading,Text
"曇った空。天候・空模様が曇りであること。","曇り空,くもりぞら","曇った空。天候・空模様が曇りであること。",Guess the Word or Reading,Text
"たいそう喜んで迎えること。","大歓迎,だいかんげい","たいそう喜んで迎えること。",Guess the Word or Reading,Text
"「意気軒昂」の誤記、誤変換。「意気軒昂」は意気込み・やる気などが盛んなこと。","意気軒高,いきけんこう","「意気軒昂」の誤記、誤変換。「意気軒昂」は意気込み・やる気などが盛んなこと。",Guess the Word or Reading,Text
"ふさぎ込んだり不快になったりした気分を前向きな気持ちに切り替えること。または、そのための行動。","気分転換,きぶんてんかん","ふさぎ込んだり不快になったりした気分を前向きな気持ちに切り替えること。または、そのための行動。",Guess the Word or Reading,Text
"他のものとは違う、他とは異なる何ものかを持っているといった意味の表現。従来とはどこか違った良さが加わっている、という意味合いで用いられることが多い。","一味違う,ひとあじちがう","他のものとは違う、他とは異なる何ものかを持っているといった意味の表現。従来とはどこか違った良さが加わっている、という意味合いで用いられることが多い。",Guess the Word or Reading,Text
"心身の健康や生活の充実などを増進することを目的とした施設のこと。飲食、レジャー施設やいわゆる憩いの場といった施設が含まれる。","厚生施設,こうせいしせつ","心身の健康や生活の充実などを増進することを目的とした施設のこと。飲食、レジャー施設やいわゆる憩いの場といった施設が含まれる。",Guess the Word or Reading,Text
"陸上競技の跳躍競技の一種で、踏み切り板からの3歩の跳躍の距離を競う。跳躍はそれぞれ、ホップ・ステップ・ジャンプと呼ばれる。なお、種目名は陸上競技の競技名としては送り仮名を振らない表記が正しい。","三段跳び,さんだんとび","陸上競技の跳躍競技の一種で、踏み切り板からの3歩の跳躍の距離を競う。跳躍はそれぞれ、ホップ・ステップ・ジャンプと呼ばれる。なお、種目名は陸上競技の競技名としては送り仮名を振らない表記が正しい。",Guess the Word or Reading,Text
"陸上競技における投擲の競技で、円盤をいかに遠くに投げるかを競うもの。","円盤投げ,えんばんなげ","陸上競技における投擲の競技で、円盤をいかに遠くに投げるかを競うもの。",Guess the Word or Reading,Text
"居酒屋などで始めに注文を受けずに出される小品の料理。「お通し」とも言う。","突き出し,つきだし","居酒屋などで始めに注文を受けずに出される小品の料理。「お通し」とも言う。",Guess the Word or Reading,Text
"何かを始めたばかりであること、または何かをやり始めた初心者や下っ端の者、などの意味の表現。","駆け出し,かけだし","何かを始めたばかりであること、または何かをやり始めた初心者や下っ端の者、などの意味の表現。",Guess the Word or Reading,Text
"新年の挨拶。新年を謹んでお祝い申し上げますの意味。年賀状に用いる。謹賀新春。恭賀新年。","謹賀新年,きんがしんねん","新年の挨拶。新年を謹んでお祝い申し上げますの意味。年賀状に用いる。謹賀新春。恭賀新年。",Guess the Word or Reading,Text
"方角や自分の向きといった空間に関する感覚に疎い人、あるいは地図が読めずに迷ってしまう人などを意味する表現。","方向音痴,ほうこうおんち","方角や自分の向きといった空間に関する感覚に疎い人、あるいは地図が読めずに迷ってしまう人などを意味する表現。",Guess the Word or Reading,Text
"錬金術の研究者を意味する表現。主に卑金属を金に変えることを錬金術と表現する。","錬金術師,れんきんじゅつし","錬金術の研究者を意味する表現。主に卑金属を金に変えることを錬金術と表現する。",Guess the Word or Reading,Text
"環境や状況の変化によって、喜んだり悲しんだりすることを意味する語。あるいは、些細な物事に振り回されるさまを意味する。「テストの結果に||一||＊＊＊する」などのように用いる。","一喜一憂,いっきいちゆう","環境や状況の変化によって、喜んだり悲しんだりすることを意味する語。あるいは、些細な物事に振り回されるさまを意味する。「テストの結果に一喜一憂する」などのように用いる。",Guess the Word or Reading,Text
"病気を早いうちに治し始めること。早期発見による||早||＊＊＊が、治療困難であったり進行の早かったりする病気に対して有効とされることも多々ある。","早期治療,そうきちりょう","病気を早いうちに治し始めること。早期発見による早期治療が、治療困難であったり進行の早かったりする病気に対して有効とされることも多々ある。",Guess the Word or Reading,Text
"特に相手がいるわけでもない状況で独りむなしく勇み立ったり意気込んだりするようなさまを述べる言い方。思慮の足りない身勝手な振る舞い、という意味合いを含む場合が多い。","一人相撲,ひとりずもう","特に相手がいるわけでもない状況で独りむなしく勇み立ったり意気込んだりするようなさまを述べる言い方。思慮の足りない身勝手な振る舞い、という意味合いを含む場合が多い。",Guess the Word or Reading,Text
"間をおかずに次々と続けざまに事を行うさま、を意味する表現。","矢継ぎ早,やつぎばや","間をおかずに次々と続けざまに事を行うさま、を意味する表現。",Guess the Word or Reading,Text
"||時||＊＊＊とは、事を行うのにはまだ機が熟していないという意味のこと。「尚早」の語源には、まだ早すぎること、の意味があり、期間を表す「時期」と合わせて、今はまだ早すぎる、という意味の四字熟語になる。英語では premature と表現する。premature は、未熟の意味を持つ単語であり、成熟した、という意味を持つ mature に、以前の、という意味の pre を合わせたところに由来する。","時期尚早,じきしょうそう","時期尚早とは、事を行うのにはまだ機が熟していないという意味のこと。「尚早」の語源には、まだ早すぎること、の意味があり、期間を表す「時期」と合わせて、今はまだ早すぎる、という意味の四字熟語になる。英語では premature と表現する。premature は、未熟の意味を持つ単語であり、成熟した、という意味を持つ mature に、以前の、という意味の pre を合わせたところに由来する。",Guess the Word or Reading,Text
"||生||＊＊＊とは、生かすも殺すもだけではなく与えることも奪うことも自分の思うままになる絶対的権力を握っているという意味のこと。英語で表現すると have the power of life and death となる。||生||＊＊＊の由来は、荀子「王制」の記述からである。語源は、「生殺」が生かすことと殺すことを指しており、「与奪」には与えることと奪うことといった意味がある。||生||＊＊＊は生かすも殺すも、与えるも奪うも自分次第でどうにでもなるという、他人やその対象への支配力や権力が絶対的であることを意味する四字熟語だ。元々古代中国では、国の支配者が国民の命を握る圧倒的権力者だった。それを中国の思想家荀子が書き記し日本に伝わったのである。","生殺与奪,せいさつよだつ","生殺与奪とは、生かすも殺すもだけではなく与えることも奪うことも自分の思うままになる絶対的権力を握っているという意味のこと。英語で表現すると have the power of life and death となる。生殺与奪の由来は、荀子「王制」の記述からである。語源は、「生殺」が生かすことと殺すことを指しており、「与奪」には与えることと奪うことといった意味がある。生殺与奪は生かすも殺すも、与えるも奪うも自分次第でどうにでもなるという、他人やその対象への支配力や権力が絶対的であることを意味する四字熟語だ。元々古代中国では、国の支配者が国民の命を握る圧倒的権力者だった。それを中国の思想家荀子が書き記し日本に伝わったのである。",Guess the Word or Reading,Text
"||傍||＊＊＊とは、人の目を気にせず勝手気ままにふるまうこと。中国の史記（刺客列伝）に出てくる「旁若無人者」という言葉が由来となっている。漢文では旁若無人と書かれており、訓読みにすると「傍らに人無きが若く（ごとく）」となる。||傍||＊＊＊は英語で arrogance（横柄）、 insolence（横柄な言動）、 audacity（厚かましい）などと表すことが多い。||傍||＊＊＊は周りを気にせず気ままにふるまうという意味だが、猪突猛進などの人目を気にせず目標に向かって突き進むという意味の「周りを気にしない」とは異なり、横柄で他人に迷惑をかける様子を表す言葉である。","傍若無人,ぼうじゃくぶじん","傍若無人とは、人の目を気にせず勝手気ままにふるまうこと。中国の史記（刺客列伝）に出てくる「旁若無人者」という言葉が由来となっている。漢文では旁若無人と書かれており、訓読みにすると「傍らに人無きが若く（ごとく）」となる。傍若無人は英語で arrogance（横柄）、 insolence（横柄な言動）、 audacity（厚かましい）などと表すことが多い。傍若無人は周りを気にせず気ままにふるまうという意味だが、猪突猛進などの人目を気にせず目標に向かって突き進むという意味の「周りを気にしない」とは異なり、横柄で他人に迷惑をかける様子を表す言葉である。",Guess the Word or Reading,Text
"||一||＊＊＊（||い||＊＊＊＊＊＊＊＊）とは、自らの意思で物事にひたむきに取り組むことを意味する言葉である。「一所懸命（いっしょけんめい）」ともいう。副詞的にも用いる。用例：「||一||＊＊＊に勉強する」「||一||＊＊＊働く」「||一||＊＊＊さが伝わる」「||一||＊＊＊」は、「一所懸命」が変化した語である。「一所懸命」は、中世、武士が領主から賜った土地を生活のために命がけで守ろうとすることをいった言葉である。近世になり、単に命がけで物事にあたる意に転じた。それに伴い、「一所」が類音の「一生」と混用され、「||一||＊＊＊」に変化した。現在では「||一||＊＊＊」も「一所懸命」もともに用いられるが、「||一||＊＊＊」が口頭でも使用されるごく日常的な言葉であるのに対し、「一所懸命」はやや硬い文章語である。「||一||＊＊＊」と似た意味の言葉に「必死」「一心」「一途」「真面目..","一生懸命,いっしょうけんめい","一生懸命（いっしょうけんめい）とは、自らの意思で物事にひたむきに取り組むことを意味する言葉である。「一所懸命（いっしょけんめい）」ともいう。副詞的にも用いる。用例：「一生懸命に勉強する」「一生懸命働く」「一生懸命さが伝わる」「一生懸命」は、「一所懸命」が変化した語である。「一所懸命」は、中世、武士が領主から賜った土地を生活のために命がけで守ろうとすることをいった言葉である。近世になり、単に命がけで物事にあたる意に転じた。それに伴い、「一所」が類音の「一生」と混用され、「一生懸命」に変化した。現在では「一生懸命」も「一所懸命」もともに用いられるが、「一生懸命」が口頭でも使用されるごく日常的な言葉であるのに対し、「一所懸命」はやや硬い文章語である。「一生懸命」と似た意味の言葉に「必死」「一心」「一途」「真面目」がある。「必死」は、「一生懸命」に比べ、より切迫した感じを与える。また「必死」は、「必死に抵抗する」「必死に耐える」など、よくない状況から脱しようとする場合に用いることが多い一方、「一生懸命」は前向きな文脈で用いることが多い。「一心」は、一つのことを集中して行うことを意味し、本人の意",Guess the Word or Reading,Text
"||二||＊＊＊とは、ふたつの選択肢からどちらか一方を選ぶ、ということを意味する語。略して「二択」。「者」は人物のことではなく（「前者」「後者」のように）「物事」を指す意味で用いられている字。","二者択一,にしゃたくいつ","二者択一とは、ふたつの選択肢からどちらか一方を選ぶ、ということを意味する語。略して「二択」。「者」は人物のことではなく（「前者」「後者」のように）「物事」を指す意味で用いられている字。",Guess the Word or Reading,Text
"||不||＊＊＊とは、人の力では変えることのできない、あるいは防ぐことのできない大きな出来事のこと。一般的に良くない出来事や災いを指すことが多い。||不||＊＊＊によって起きる被害としては、具体的には天変地異などの災害や一方的に受ける事故が挙げられる。また、||不||＊＊＊は法律用語としても用いられ、これは当人が十分に注意して予防策を講じていてもその損害を防げないケースのことを指す。","不可抗力,ふかこうりょく","不可抗力とは、人の力では変えることのできない、あるいは防ぐことのできない大きな出来事のこと。一般的に良くない出来事や災いを指すことが多い。不可抗力によって起きる被害としては、具体的には天変地異などの災害や一方的に受ける事故が挙げられる。また、不可抗力は法律用語としても用いられ、これは当人が十分に注意して予防策を講じていてもその損害を防げないケースのことを指す。",Guess the Word or Reading,Text
"埋もれていたものを掘って取り出すこと。地中に埋まっていたものを掘り起こす、転じて、良品を幸運にも手に入れることを意味する表現。","掘り出す,ほりだす","埋もれていたものを掘って取り出すこと。地中に埋まっていたものを掘り起こす、転じて、良品を幸運にも手に入れることを意味する表現。",Guess the Word or Reading,Text
"経営規模が大きく、投資の額や生産高なども高い企業。大手筋の企業などを意味する表現。","大手企業,おおてきぎょう","経営規模が大きく、投資の額や生産高なども高い企業。大手筋の企業などを意味する表現。",Guess the Word or Reading,Text
"公に正しい名前と認められている名。正式な名称。多く「略式の名称」などとの対比で用いられる語。","正式名称,せいしきめいしょう","公に正しい名前と認められている名。正式な名称。多く「略式の名称」などとの対比で用いられる語。",Guess the Word or Reading,Text
"鉱山などにおいて採掘のため掘られた穴。トンネル。発電所などでは排水や配管のために地下に掘られた||坑||＊を「トレンチ」と呼ぶ。","坑道,こうどう","鉱山などにおいて採掘のため掘られた穴。トンネル。発電所などでは排水や配管のために地下に掘られた坑道を「トレンチ」と呼ぶ。",Guess the Word or Reading,Text
"「この度」に同じ。外交文書などで用いられることが多い。","今般,こんぱん","「この度」に同じ。外交文書などで用いられることが多い。",Guess the Word or Reading,Text
"家屋などが、半ば損壊した状態のこと。修復すれば居住・再使用が可能な程度に留まるものをいう。大半が損壊した状態は「全壊」、部分的な損壊に留まるものは「一部損壊」、||半||＊のうち大規模な補修を必要とするものを「大規模||半||＊」という。","半壊,はんかい","家屋などが、半ば損壊した状態のこと。修復すれば居住・再使用が可能な程度に留まるものをいう。大半が損壊した状態は「全壊」、部分的な損壊に留まるものは「一部損壊」、半壊のうち大規模な補修を必要とするものを「大規模半壊」という。",Guess the Word or Reading,Text
"今まさに話題に上っている物事や、その話題に直接に関係する事項などを指し示す意味で用いられる表現。「||当||＊」の語は名詞に直接係る連体修飾語として用いられるか、助詞「の」を伴い「||当||＊の（名詞）」という形で用いられる。たとえば「||当||＊事項」「||当||＊製品」「||当||＊車両」「||当||＊機関」「||当||＊の地域」という言い方で用いられる。?「||当||＊」と似た語に「該当」がある。主な違いとしては、「該当」はもっぱら動詞として（「該当する」のような形で）用いられ、「||当||＊」は基本的に動詞としては用いられない、という点が挙げられる。意味合いは全く同じとは言い切れないがほぼ同様であり、「||当||＊の製品」「該当する製品」という風に相互に言い換え可能である場合も多い。","当該,とうがい","今まさに話題に上っている物事や、その話題に直接に関係する事項などを指し示す意味で用いられる表現。「当該」の語は名詞に直接係る連体修飾語として用いられるか、助詞「の」を伴い「当該の（名詞）」という形で用いられる。たとえば「当該事項」「当該製品」「当該車両」「当該機関」「当該の地域」という言い方で用いられる。?「当該」と似た語に「該当」がある。主な違いとしては、「該当」はもっぱら動詞として（「該当する」のような形で）用いられ、「当該」は基本的に動詞としては用いられない、という点が挙げられる。意味合いは全く同じとは言い切れないがほぼ同様であり、「当該の製品」「該当する製品」という風に相互に言い換え可能である場合も多い。",Guess the Word or Reading,Text
"複数の事柄を並べて記すこと。併せて表示すること。「読み下し文と口語訳が||併||＊された教科書」などのように用いる。","併記,へいき","複数の事柄を並べて記すこと。併せて表示すること。「読み下し文と口語訳が併記された教科書」などのように用いる。",Guess the Word or Reading,Text
"「||弊||＊」とはへりくだって述べる際の自分の会社という意味のこと。「弊」は自分や身内につける謙称で、「社」は会社という意味。英語では謙遜を含む上下関係という概念が存在しないので、正確に訳すことは不可能。「||弊||＊」の使い方としては、書き言葉・話し言葉で共通しており、自分の会社の立場や意見を述べる際には「||弊||＊といたしましては」という表現を用いることが多い。他には、自社のオフィスを指して「||弊||＊のオフィスで」、自社の製品について話す際に「||弊||＊の製品を」等の使い方をする。「||弊||＊」と「当社」の違いは謙遜の意味合いの有無だと言える。相手が目上である場合には謙遜表現を用いることが一般的なので謙譲語である「||弊||＊」、それ以外のシチュエーションで自分の会社を言い表すのには丁寧語である「当社」を用いることが適切。前者の方がより謙譲の意味合いが強く、相手を敬っ..","弊社,へいしゃ","「弊社」とはへりくだって述べる際の自分の会社という意味のこと。「弊」は自分や身内につける謙称で、「社」は会社という意味。英語では謙遜を含む上下関係という概念が存在しないので、正確に訳すことは不可能。「弊社」の使い方としては、書き言葉・話し言葉で共通しており、自分の会社の立場や意見を述べる際には「弊社といたしましては」という表現を用いることが多い。他には、自社のオフィスを指して「弊社のオフィスで」、自社の製品について話す際に「弊社の製品を」等の使い方をする。「弊社」と「当社」の違いは謙遜の意味合いの有無だと言える。相手が目上である場合には謙遜表現を用いることが一般的なので謙譲語である「弊社」、それ以外のシチュエーションで自分の会社を言い表すのには丁寧語である「当社」を用いることが適切。前者の方がより謙譲の意味合いが強く、相手を敬った表現になる。また、社員に向けて「自分たちの会社」という意味で「当社」という呼称を使用することも稀にあるが、その場合は「我が社」と呼ぶ場合がほとんどである。「貴社」と「御社」は相手の会社を敬う呼び方という点では同義だが、用いられる場面が異なる。「貴社」は書き言葉",Guess the Word or Reading,Text
"志(こころざし)や目的などを同じくする人々を広く集めること、などを意味する表現。団結、結束、結集。「推進派の勢力を||糾||＊して取り組む」などのように言う。","糾合,きゅうごう","志(こころざし)や目的などを同じくする人々を広く集めること、などを意味する表現。団結、結束、結集。「推進派の勢力を糾合して取り組む」などのように言う。",Guess the Word or Reading,Text
"「||鬼||＊（||き||＊＊）」とは、北東の方角のこと。陰陽道において鬼が出入りするとされ、万事において忌むべき方角とされている。八卦では、丑（うし）と寅（とら）の間の方角であるため艮（うしとら）と呼ばれる。||鬼||＊とは反対の方角、つまり南西（未申、ひつじさる）を裏||鬼||＊といい、こちらも||鬼||＊と同様に嫌われる。||鬼||＊や裏||鬼||＊は、適切な対策をおこなうことで、||鬼||＊除けや||鬼||＊封じをすることができるとされる。たとえば、家づくりにおいては、その中心から見た||鬼||＊の方向に白い石を敷いたり（||鬼||＊除け石）、南天や柊を植える、鬼瓦や飾り瓦を配置するといった方法がある。こうした本来の意味から派生して、現代では、ろくな目に遭わない場所や、苦手としている人物、事柄などの意味で使われる。日常的な言葉遣いとしては、こちらの意味の方が多い（「このゴルフ..","鬼門,きもん","「鬼門（きもん）」とは、北東の方角のこと。陰陽道において鬼が出入りするとされ、万事において忌むべき方角とされている。八卦では、丑（うし）と寅（とら）の間の方角であるため艮（うしとら）と呼ばれる。鬼門とは反対の方角、つまり南西（未申、ひつじさる）を裏鬼門といい、こちらも鬼門と同様に嫌われる。鬼門や裏鬼門は、適切な対策をおこなうことで、鬼門除けや鬼門封じをすることができるとされる。たとえば、家づくりにおいては、その中心から見た鬼門の方向に白い石を敷いたり（鬼門除け石）、南天や柊を植える、鬼瓦や飾り瓦を配置するといった方法がある。こうした本来の意味から派生して、現代では、ろくな目に遭わない場所や、苦手としている人物、事柄などの意味で使われる。日常的な言葉遣いとしては、こちらの意味の方が多い（「このゴルフ場は、ぼくにとって鬼門で、ご覧の通りOBの連発だよ」など）。なお、鬼門は常に北東と決まっており、方位神が移動することによって毎年方角が変わる恵方とは異なる。",Guess the Word or Reading,Text
"女性歌手を意味する語。美称として多く用いられる。","歌姫,うたひめ","女性歌手を意味する語。美称として多く用いられる。",Guess the Word or Reading,Text
"さまざまな物事に思いを巡らせて考えること、考えのうちに含めることなどを意味する表現。","考慮,こうりょ","さまざまな物事に思いを巡らせて考えること、考えのうちに含めることなどを意味する表現。",Guess the Word or Reading,Text
"最近の事柄、この頃の世間の事情、などについて述べるという意味で用いられる語。","近頃,ちかごろ","最近の事柄、この頃の世間の事情、などについて述べるという意味で用いられる語。",Guess the Word or Reading,Text
"さまざまな用途や分野に用いることができるさまを意味する語。特定の用途や対象に特化せず、ある程度「何にでも使える」状態であることを意味する。かなりの程度、何にでも使える様子を、「||汎||＊性が高い」などと表現する。","汎用,はんよう","さまざまな用途や分野に用いることができるさまを意味する語。特定の用途や対象に特化せず、ある程度「何にでも使える」状態であることを意味する。かなりの程度、何にでも使える様子を、「汎用性が高い」などと表現する。",Guess the Word or Reading,Text
"米国に行くこと。ある程度の期間、米国に滞在することを指す場合が多い。","渡米,とべい","米国に行くこと。ある程度の期間、米国に滞在することを指す場合が多い。",Guess the Word or Reading,Text
"体操競技のうち、馬跳び用の器具を使用して行われる体操種目のこと、および、同種目で用いられる器具の名称。","跳馬,ちょうば","体操競技のうち、馬跳び用の器具を使用して行われる体操種目のこと、および、同種目で用いられる器具の名称。",Guess the Word or Reading,Text
"自分自身を傷つけ、虐げることを意味する語。特に自分を貶めることで笑いをとるネタを||自||＊ネタと言う。","自虐,じぎゃく","自分自身を傷つけ、虐げることを意味する語。特に自分を貶めることで笑いをとるネタを自虐ネタと言う。",Guess the Word or Reading,Text
"原子力潜水艦の略。原子炉を搭載し、核燃料によってエネルギーを得る方式の潜水艦のこと。略し方は「原発」や「原爆」などと同様と言える。","原潜,げんせん","原子力潜水艦の略。原子炉を搭載し、核燃料によってエネルギーを得る方式の潜水艦のこと。略し方は「原発」や「原爆」などと同様と言える。",Guess the Word or Reading,Text
"文章の間に挿入される絵、イラスト。本文のイメージを視覚的に表現するなどの効果がある。||挿||＊画家と呼ばれる専門の作家もいるが、イラストレーターなどが作画する場合も多い。","挿絵,さしえ","文章の間に挿入される絵、イラスト。本文のイメージを視覚的に表現するなどの効果がある。挿絵画家と呼ばれる専門の作家もいるが、イラストレーターなどが作画する場合も多い。",Guess the Word or Reading,Text
"画家に対する敬称。ネットスラングとしては、芸術性を感じさせるほどに絵心のない人、あるいは常人には理解できない個性的な絵を描く人に対する敬称として、皮肉を込めて用いられることもある。","画伯,がはく","画家に対する敬称。ネットスラングとしては、芸術性を感じさせるほどに絵心のない人、あるいは常人には理解できない個性的な絵を描く人に対する敬称として、皮肉を込めて用いられることもある。",Guess the Word or Reading,Text
"発想などが革新的、独創的であることを意味する語。","斬新,ざんしん","発想などが革新的、独創的であることを意味する語。",Guess the Word or Reading,Text
"光がついたり消えたりすることを意味する表現。","点滅,てんめつ","光がついたり消えたりすることを意味する表現。",Guess the Word or Reading,Text
"自分は他よりも優れていると感じることで、相手を蔑むさまなどを意味する語。","高慢,こうまん","自分は他よりも優れていると感じることで、相手を蔑むさまなどを意味する語。",Guess the Word or Reading,Text
"(1)直接衝突することを意味する表現。(2)爆発や台風などが命中すること、あるいはそれらによって被害が及ぶことを意味する表現。(3)「||直||＊取材」のような形で用いられ、議論の的となっている対象に直接取材をしに行くことを意味する表現。","直撃,ちょくげき","(1)直接衝突することを意味する表現。(2)爆発や台風などが命中すること、あるいはそれらによって被害が及ぶことを意味する表現。(3)「直撃取材」のような形で用いられ、議論の的となっている対象に直接取材をしに行くことを意味する表現。",Guess the Word or Reading,Text
"数量や程度が多いか少ないかを示す語。","多寡,たか","数量や程度が多いか少ないかを示す語。",Guess the Word or Reading,Text
"反省や改悛を促す手段として、殴る蹴るなどして身体的苦痛を加えること。身体的打撃による罰。教育の場における||体||＊は、学校教育法において禁止されているが、しばしば過度の||体||＊が行われていることが発覚して問題視されている。","体罰,たいばつ","反省や改悛を促す手段として、殴る蹴るなどして身体的苦痛を加えること。身体的打撃による罰。教育の場における体罰は、学校教育法において禁止されているが、しばしば過度の体罰が行われていることが発覚して問題視されている。",Guess the Word or Reading,Text
"文章、絵画、イラスト、漫画、演劇、映像などの手段を使って、特定の対象の愚かしさや馬鹿馬鹿しさなどを、間接的に表現したり、嘲笑したりすること。","風刺,ふうし","文章、絵画、イラスト、漫画、演劇、映像などの手段を使って、特定の対象の愚かしさや馬鹿馬鹿しさなどを、間接的に表現したり、嘲笑したりすること。",Guess the Word or Reading,Text
"（1）全身の毛が黒いネコのこと。毛色の黒い猫。メラニズムを指す場合もあるが必ずしもメラニズムを指すとは限らない。（2）エドガー・アラン・ポーが1843年に発表した短編小説の題名。恐怖心理をスリリングに描いた名作として名高い。（3）ヤマト運輸が提供する宅配サービスのブランド「クロネコヤマト」の略。","黒猫,くろねこ","（1）全身の毛が黒いネコのこと。毛色の黒い猫。メラニズムを指す場合もあるが必ずしもメラニズムを指すとは限らない。（2）エドガー・アラン・ポーが1843年に発表した短編小説の題名。恐怖心理をスリリングに描いた名作として名高い。（3）ヤマト運輸が提供する宅配サービスのブランド「クロネコヤマト」の略。",Guess the Word or Reading,Text
"（1）体内に電流が通った（通電した）際に身体に受ける衝撃のこと。いわゆる電気ショック（electroshock）。体は不随意的に痙攣する。医療行為として行われることもある。（2）きわめて迅速であり、多分に衝撃的である事柄を形容する言い方。直前まで秘匿され、報道されて公になると世間一般に驚き与えるような事柄に、接頭辞的に付与される。たとえば「||電||＊発表」「||電||＊入籍」「||電||＊結婚」「||電||＊破局」「||電||＊離婚」「||電||＊解任」「||電||＊訪問」「||電||＊参戦」というような表現がしばしば用いられる。","電撃,でんげき","（1）体内に電流が通った（通電した）際に身体に受ける衝撃のこと。いわゆる電気ショック（electroshock）。体は不随意的に痙攣する。医療行為として行われることもある。（2）きわめて迅速であり、多分に衝撃的である事柄を形容する言い方。直前まで秘匿され、報道されて公になると世間一般に驚き与えるような事柄に、接頭辞的に付与される。たとえば「電撃発表」「電撃入籍」「電撃結婚」「電撃破局」「電撃離婚」「電撃解任」「電撃訪問」「電撃参戦」というような表現がしばしば用いられる。",Guess the Word or Reading,Text
"「愚か」と評したくなるほどに実直で一本気である、そのような姿勢で物事に取り組む、という意味で用いられる表現。適当に省略して楽しようとしたり、道半ばで方法や目標を変えたり、といった余計なことを考える小利口さがなく、あくまでもまっすぐに歩みを続ける、という肯定的な（賞賛の）意味で用いられる表現。「||愚||＊」の語はもっぱら「||愚||＊に」あるいは「||愚||＊なまでに」という言い回しで、仕事・勉強・訓練・規則の遵守などのような持続的・継続的な営みを形容する語として用いられることが多い。「||愚||＊な男」というように人の気質・人となりを形容する場合もある。「||愚||＊」の対極に位置づけられる語としては「狡猾」「賢しら」「小利口」のような語が挙げられる。","愚直,ぐちょく","「愚か」と評したくなるほどに実直で一本気である、そのような姿勢で物事に取り組む、という意味で用いられる表現。適当に省略して楽しようとしたり、道半ばで方法や目標を変えたり、といった余計なことを考える小利口さがなく、あくまでもまっすぐに歩みを続ける、という肯定的な（賞賛の）意味で用いられる表現。「愚直」の語はもっぱら「愚直に」あるいは「愚直なまでに」という言い回しで、仕事・勉強・訓練・規則の遵守などのような持続的・継続的な営みを形容する語として用いられることが多い。「愚直な男」というように人の気質・人となりを形容する場合もある。「愚直」の対極に位置づけられる語としては「狡猾」「賢しら」「小利口」のような語が挙げられる。",Guess the Word or Reading,Text
"||西||＊とは、西欧で標準的に用いられている紀年法である。「||西||＊紀元」あるいは「キリスト紀元」と呼ばれることもある。||西||＊はキリスト教における救世主イエス・キリストの誕生を紀元（元年）とする数え方である。キリスト誕生前の時代は紀元を起点として遡って数え、「紀元前」として扱う。紀元前と対比して紀元以降は「紀元後」という。||西||＊は実際のところは6世紀頃に策定された紀年法である。すなわち、||西||＊元年から500余年の間は遡及的に||西||＊が割り当てられた期間であり、リアルタイムに||西||＊が用いられていたわけではない。また、||西||＊元年がイエス生誕年であるとは断定できず。最近の考証ではイエスの生誕年は実際は||西||＊元年よりも数年前と推定されている。だからといって||西||＊の数え方が今さら覆されるわけではない。【||西||＊の語源】英語ではキリスト紀元..","西暦,せいれき","西暦とは、西欧で標準的に用いられている紀年法である。「西暦紀元」あるいは「キリスト紀元」と呼ばれることもある。西暦はキリスト教における救世主イエス・キリストの誕生を紀元（元年）とする数え方である。キリスト誕生前の時代は紀元を起点として遡って数え、「紀元前」として扱う。紀元前と対比して紀元以降は「紀元後」という。西暦は実際のところは6世紀頃に策定された紀年法である。すなわち、西暦元年から500余年の間は遡及的に西暦が割り当てられた期間であり、リアルタイムに西暦が用いられていたわけではない。また、西暦元年がイエス生誕年であるとは断定できず。最近の考証ではイエスの生誕年は実際は西暦元年よりも数年前と推定されている。だからといって西暦の数え方が今さら覆されるわけではない。【西暦の語源】英語ではキリスト紀元以降（紀元後）を「A.D.」と略し、紀元前を「B.C.」と略する。A.D.はラテン語の「Anno Domini」（主の年）の略であり、B.C.は「Before Christ」の略とされる。日本語の「西暦」は「西欧の暦法」程度の意味と解釈できる。日本において伝統的に用いられてきた紀年法（すなわち",Guess the Word or Reading,Text
"||御||＊とは、相手が会社である場合に二人称として用いられる尊敬語の表現である。会社に対する敬称、あるいは神社に対する敬称である。読み方は「||お||＊＊＊」である。英語では your company と表現する。||御||＊の対義語としては一人称の謙譲表現である「弊社」が挙げられる。","御社,おんしゃ","御社とは、相手が会社である場合に二人称として用いられる尊敬語の表現である。会社に対する敬称、あるいは神社に対する敬称である。読み方は「おんしゃ」である。英語では your company と表現する。御社の対義語としては一人称の謙譲表現である「弊社」が挙げられる。",Guess the Word or Reading,Text
"||豪||＊とは、実現が容易でないような大事を成し遂げてみせると自信たっぷりに表明する、半ば尊大とも言い得るような大きなことを言う、という意味合いで用いられる表現である。例えば、「あの人はいつも日本を変えるんだと||豪||＊している」のような使い方をする。||豪||＊は、英語では、brag、bluster などと表現する。","豪語,ごうご","豪語とは、実現が容易でないような大事を成し遂げてみせると自信たっぷりに表明する、半ば尊大とも言い得るような大きなことを言う、という意味合いで用いられる表現である。例えば、「あの人はいつも日本を変えるんだと豪語している」のような使い方をする。豪語は、英語では、brag、bluster などと表現する。",Guess the Word or Reading,Text
"||施||＊（||せ||＊＊）とは、計画された工事を実施することである。設計図や仕様図をもとに、計画的に建築物や道路など造ることを指す。慣用読みとして||施||＊（しこう）と読むこともある。||施||＊は、英語では execution と表現する。||施||＊の語を構成する「施」の字は「ほどこす」と訓じ、「計画を実際に行う」といった意味合いがある。「工」の字は「たくみ」と訓じ、「ものをつくる」といった意味合いがある。このことから、「||施||＊」とは「ものをつくるための計画を実際に行う」といったニュアンスを表現する言い方だと言える。||施||＊の言葉は主に、不動産業界や建築業界、土木業界で用いられ、道路工事や橋梁工事、ビル・住宅・マンション建築、リフォームなどを行う際に使われる。「元請||施||＊」は、元請した業者自身が||施||＊にあたることである。建設業界では「元請会社（ゼネコン..","施工,せこう","施工（せこう）とは、計画された工事を実施することである。設計図や仕様図をもとに、計画的に建築物や道路など造ることを指す。慣用読みとして施工（しこう）と読むこともある。施工は、英語では execution と表現する。施工の語を構成する「施」の字は「ほどこす」と訓じ、「計画を実際に行う」といった意味合いがある。「工」の字は「たくみ」と訓じ、「ものをつくる」といった意味合いがある。このことから、「施工」とは「ものをつくるための計画を実際に行う」といったニュアンスを表現する言い方だと言える。施工の言葉は主に、不動産業界や建築業界、土木業界で用いられ、道路工事や橋梁工事、ビル・住宅・マンション建築、リフォームなどを行う際に使われる。「元請施工」は、元請した業者自身が施工にあたることである。建設業界では「元請会社（ゼネコン）が受注、協力会社が施工」の構造が一般的であるため、工事が元請施工になることは稀である。「施工業者」は、実際に工事に当たる業者のことである。ハウスメーカーなどでも、実際の工事は協力会社と呼ばれる施工代理店（施工業者）に下請けするケースが多い。",Guess the Word or Reading,Text
"||社||＊とは、株式会社が外部に対して、長期の資金調達を目的に発行する、確定利付きの債務証券（確定利付債）のことである。||社||＊は、普通||社||＊と新株予約権付||社||＊の2つに分けられる。||社||＊の発行会社は、||社||＊権者に対して利息の支払いや元本の返済をするが、新株予約権付||社||＊の場合には元本の返済の代わりに株式の交付で済ませることができる。会社法第702条では、||社||＊を発行する時には、||社||＊権者を保護するために||社||＊管理者を設置しなければならないことが規定されている。||社||＊管理者は、主に銀行や信託会社が担い、債権の弁済や回収など||社||＊の一切の管理を行う。関連サイト：会社法（e-Gov）","社債,しゃさい","社債とは、株式会社が外部に対して、長期の資金調達を目的に発行する、確定利付きの債務証券（確定利付債）のことである。社債は、普通社債と新株予約権付社債の2つに分けられる。社債の発行会社は、社債権者に対して利息の支払いや元本の返済をするが、新株予約権付社債の場合には元本の返済の代わりに株式の交付で済ませることができる。会社法第702条では、社債を発行する時には、社債権者を保護するために社債管理者を設置しなければならないことが規定されている。社債管理者は、主に銀行や信託会社が担い、債権の弁済や回収など社債の一切の管理を行う。関連サイト：会社法（e-Gov）",Guess the Word or Reading,Text
"||概||＊とは、厳密ではない大まかな数字を使った計算のこと、および、その計算結果のこと。つまり、大体の（ざっくりとした）計算結果のこと。端数は省略されることが多い。||概||＊の「概」の字は訓読みでは「おおむね（概ね）」と読まれる。主に「だいたいの」「あらまし」「細部を簡略化した内容」といった字義を持ち、「概観」「概略」「概要」などのような語にも用いられている。||概||＊の「算」の字は計算または計算結果を意味する。「||概||＊」は、ビジネスシーンにおける見積りの一種（いわゆる「||概||＊見積り」）を指す語として用いられることが多い。「見積り」は「費用を事前に算出すること」であり、「||概||＊見積り」は「費用を事前に大雑把に算出すること」であるといえる。||概||＊見積りは、発注検討の早い段階で「大体このくらいの額になるか」を把握するための見積りである。だいたい10数万くらい..","概算,がいさん","概算とは、厳密ではない大まかな数字を使った計算のこと、および、その計算結果のこと。つまり、大体の（ざっくりとした）計算結果のこと。端数は省略されることが多い。概算の「概」の字は訓読みでは「おおむね（概ね）」と読まれる。主に「だいたいの」「あらまし」「細部を簡略化した内容」といった字義を持ち、「概観」「概略」「概要」などのような語にも用いられている。概算の「算」の字は計算または計算結果を意味する。「概算」は、ビジネスシーンにおける見積りの一種（いわゆる「概算見積り」）を指す語として用いられることが多い。「見積り」は「費用を事前に算出すること」であり、「概算見積り」は「費用を事前に大雑把に算出すること」であるといえる。概算見積りは、発注検討の早い段階で「大体このくらいの額になるか」を把握するための見積りである。だいたい10数万くらいか、20万前後くらいか、それとも100万を超えるのか、というレベルの把握に役立つ。「概算見積り」との対比における「見積り」は「正式見積り」と呼ばれる場合もある。正式見積りには、各種の条件が詳細かつ正確に盛り込まれる。基本的には実際の請求額と一致する。",Guess the Word or Reading,Text
"||履||＊とは、行動を起こすことである。決めたことや言ったことなどを実際に行うことであり、実行をさす。英語では implementation（インプリメンテーション）や、遂行を意味する execution（エグゼクション）が主に使用される。目的や場面により異なり、義務や契約に対しては「実績」を意味する performance（パフォーマンス）や抵当に入れた財産の「回収」を意味する redemption（リデンプション）なども用いられる。||履||＊（弁済）期限とは、債権者と債務者の間の契約で決められ債務者が||履||＊をしなければならない期限のことである。損害賠償債務など成立時が||履||＊期であるものや、当事者間の契約ではなく慣例や法律で期限が規定されるものもある。契約||履||＊とは、契約内容の実現により債権、債務が各々消滅することを指す。売買契約などで「商品の販売」に対し「代..","履行,りこう","履行とは、行動を起こすことである。決めたことや言ったことなどを実際に行うことであり、実行をさす。英語では implementation（インプリメンテーション）や、遂行を意味する execution（エグゼクション）が主に使用される。目的や場面により異なり、義務や契約に対しては「実績」を意味する performance（パフォーマンス）や抵当に入れた財産の「回収」を意味する redemption（リデンプション）なども用いられる。履行（弁済）期限とは、債権者と債務者の間の契約で決められ債務者が履行をしなければならない期限のことである。損害賠償債務など成立時が履行期であるものや、当事者間の契約ではなく慣例や法律で期限が規定されるものもある。契約履行とは、契約内容の実現により債権、債務が各々消滅することを指す。売買契約などで「商品の販売」に対し「代金を支払う」ことがこれにあたる。債務履行とは、債務者が債権者に対し債務の主旨に基づいた給付を行うことである。債務者側から見た契約履行を意味する。債務者に正当な事由なく債務が不履行になった場合、履行の強制・契約の解除・損害賠償などの責任を負う。履行",Guess the Word or Reading,Text
"||慢||＊とは、いい気になること、おごり高ぶることである。英語では、自負心や虚栄心という意味の self-conceit と表現する。また、conceit、pride と表現することもある。||慢||＊の類語として、過信、自負、傲慢などが挙げられる。自分を過大評価し、自信を持ちすぎていることや、おごり高ぶること、思い上がっていることを意味する。対義語としては、虚心、謙虚、謙遜などが挙げられる。それぞれの細かい意味は異なるものの、素直であるさまや、自分の能力を低く見ること、素直に受け入れることなどの意味がある。自信と||慢||＊は似ているようで異なる。何かに直面した際に、直視をし、乗り越えることができると信じることは自信であり、直視することなく、根拠なく、ただできると漫然に思いこんでしまうことが||慢||＊である。?||慢||＊という言葉がよい意味で使われることはまずない。自分への戒..","慢心,まんしん","慢心とは、いい気になること、おごり高ぶることである。英語では、自負心や虚栄心という意味の self-conceit と表現する。また、conceit、pride と表現することもある。慢心の類語として、過信、自負、傲慢などが挙げられる。自分を過大評価し、自信を持ちすぎていることや、おごり高ぶること、思い上がっていることを意味する。対義語としては、虚心、謙虚、謙遜などが挙げられる。それぞれの細かい意味は異なるものの、素直であるさまや、自分の能力を低く見ること、素直に受け入れることなどの意味がある。自信と慢心は似ているようで異なる。何かに直面した際に、直視をし、乗り越えることができると信じることは自信であり、直視することなく、根拠なく、ただできると漫然に思いこんでしまうことが慢心である。?慢心という言葉がよい意味で使われることはまずない。自分への戒めの言葉として使われることが多く、他人に向けて使うと悪口になってしまうことがある。",Guess the Word or Reading,Text
"||伏||＊とは、物語の解決方法を事前にほのめかしておくことである。英語では||伏||＊を hint と表現する。作り手が劇中に||伏||＊を忍ばせる行為を「||伏||＊を張る」と呼ぶ。なお、目的達成のために準備を進めることを「||伏||＊」と称する場合があるものの、これは勘違いである。||伏||＊とは受け手に気づかれにくいよう結末をほのめかすという意味であり、情報が露骨に明示されているケースは該当しない。||伏||＊回収は、劇中に張り巡らされた||伏||＊を踏まえながら、作り手が謎や問題を解決していく手法のことである。||伏||＊回収は「||伏||＊回収に成功している」などの使い方をすることが多く、おおむね好意的な評価だといえる。小説や戯曲が||伏||＊にこだわる理由は、受け手に驚きと感動を与えるためである。まったく情報を与えられていない状態で物語の解決を見せられても、受け手は感情..","伏線,ふくせん","伏線とは、物語の解決方法を事前にほのめかしておくことである。英語では伏線を hint と表現する。作り手が劇中に伏線を忍ばせる行為を「伏線を張る」と呼ぶ。なお、目的達成のために準備を進めることを「伏線」と称する場合があるものの、これは勘違いである。伏線とは受け手に気づかれにくいよう結末をほのめかすという意味であり、情報が露骨に明示されているケースは該当しない。伏線回収は、劇中に張り巡らされた伏線を踏まえながら、作り手が謎や問題を解決していく手法のことである。伏線回収は「伏線回収に成功している」などの使い方をすることが多く、おおむね好意的な評価だといえる。小説や戯曲が伏線にこだわる理由は、受け手に驚きと感動を与えるためである。まったく情報を与えられていない状態で物語の解決を見せられても、受け手は感情を揺さぶられない。しかし、伏線があれば、物語のさまざまな場面をつなぎ合わせて、結末に納得することが可能となる。伏線回収が大きな意味を持つ物語のジャンルとして、ミステリーやサスペンスが挙げられる。これらのジャンルは受け手が物語理解に必要な情報を受け取らなければならない。しかし、作り手が情報をあか",Guess the Word or Reading,Text
"||自||＊とは、自らすすんで行動や態度を慎むこと。過ちを犯さないよう慎重に物事を進めることである。たとえば、軽はずみな言動をしないようにする、度を越さないよう節制するときなどに使われる。","自粛,じしゅく","自粛とは、自らすすんで行動や態度を慎むこと。過ちを犯さないよう慎重に物事を進めることである。たとえば、軽はずみな言動をしないようにする、度を越さないよう節制するときなどに使われる。",Guess the Word or Reading,Text
"||叔||＊とは、父または母の妹のこと。父方であるか母方であるかは関係なく、「妹」であれば「||叔||＊」になる。読みは「しゅくぼ」または「||お||＊」。また、叔父の配偶者も「||叔||＊」と呼ぶ場合がある。この場合の「||叔||＊」は、父または母よりも年齢が上である場合も考えられる。","叔母,おば","叔母とは、父または母の妹のこと。父方であるか母方であるかは関係なく、「妹」であれば「叔母」になる。読みは「しゅくぼ」または「おば」。また、叔父の配偶者も「叔母」と呼ぶ場合がある。この場合の「叔母」は、父または母よりも年齢が上である場合も考えられる。",Guess the Word or Reading,Text
"「||監||＊（||か||＊＊）」は「監督と管理」のこと、とりわけ規則や事前の取り決めの通りに事が進んでいるかを確認し取り締まることを意味する語。「工事||監||＊」といえば設計図書（図面や仕様書）の通りに工事が行われているかどうかを監督する役割を指し、もっぱら建築士が担当する。||監||＊の同音異義語でより一般的といえる「管理」は、||監||＊と同様「取り決め通りに事がすすめるよう取り締まる」という意味合いを含むが、「取り締まる」というよりは「取り仕切る」というニュアンスが色濃く、かつ、設備の保守・維持や工場の生産体制の維持・調整などを指す意味でも用いられる場合が多い。","監理,かんり","「監理（かんり）」は「監督と管理」のこと、とりわけ規則や事前の取り決めの通りに事が進んでいるかを確認し取り締まることを意味する語。「工事監理」といえば設計図書（図面や仕様書）の通りに工事が行われているかどうかを監督する役割を指し、もっぱら建築士が担当する。監理の同音異義語でより一般的といえる「管理」は、監理と同様「取り決め通りに事がすすめるよう取り締まる」という意味合いを含むが、「取り締まる」というよりは「取り仕切る」というニュアンスが色濃く、かつ、設備の保守・維持や工場の生産体制の維持・調整などを指す意味でも用いられる場合が多い。",Guess the Word or Reading,Text
"いつでも、すきな時に、必要に応じて適宜、などの意味の表現。時期をあらかじめ特定せずにいつでも実施するといった意味合いで用いる。対義語は「定例」など。必要に応じて特例的に行う、という場合は「臨時」が用いられることも多い。","随時,ずいじ","いつでも、すきな時に、必要に応じて適宜、などの意味の表現。時期をあらかじめ特定せずにいつでも実施するといった意味合いで用いる。対義語は「定例」など。必要に応じて特例的に行う、という場合は「臨時」が用いられることも多い。",Guess the Word or Reading,Text
"新しくて人の目を引くさま。目新しく、物珍しいさま。","新奇,しんき","新しくて人の目を引くさま。目新しく、物珍しいさま。",Guess the Word or Reading,Text
"外部と連絡を取り、交渉や折衝を行うこと。相手組織と駆け引きすること。||渉||＊活動。","渉外,しょうがい","外部と連絡を取り、交渉や折衝を行うこと。相手組織と駆け引きすること。渉外活動。",Guess the Word or Reading,Text
"職名や地位または社会的な地位、などを意味する表現。「||肩||＊き」とも書く。","肩書,かたがき","職名や地位または社会的な地位、などを意味する表現。「肩書き」とも書く。",Guess the Word or Reading,Text
"何かを待つための部屋、控えている間に利用する部屋、などを意味する表現。","控室,ひかえしつ,控え室,ひかえしつ","何かを待つための部屋、控えている間に利用する部屋、などを意味する表現。",Guess the Word or Reading,Text
"いくつかの年齢を表す表現。数が明確でない場合に用いる。","何歳,なんさい","いくつかの年齢を表す表現。数が明確でない場合に用いる。",Guess the Word or Reading,Text
"真相や真実などに身をもって鋭く迫る、または、競争やスポーツなどにおいて僅差になる、などの意味の表現。","肉薄,にくはく","真相や真実などに身をもって鋭く迫る、または、競争やスポーツなどにおいて僅差になる、などの意味の表現。",Guess the Word or Reading,Text
"カッコウの異名。店や街などで商売がはやらず、客足がなく、すっかり寂れた様子を「||閑||＊＊が鳴く」という。語源としては、カッコウの鳴き声がある種の侘しさを感じさせるからという説が有力。","閑古鳥,かんこどり","カッコウの異名。店や街などで商売がはやらず、客足がなく、すっかり寂れた様子を「閑古鳥が鳴く」という。語源としては、カッコウの鳴き声がある種の侘しさを感じさせるからという説が有力。",Guess the Word or Reading,Text
"「引き継ぎ」を略記した表現。他の者が処理していた作業などを代わりに行うこと。","引継ぎ,ひきつぎ","「引き継ぎ」を略記した表現。他の者が処理していた作業などを代わりに行うこと。",Guess the Word or Reading,Text
"与党および野党。政権を受け持っている政党（与党）と、そうでない政党（野党）を総称した呼び名。","与野党,よやとう","与党および野党。政権を受け持っている政党（与党）と、そうでない政党（野党）を総称した呼び名。",Guess the Word or Reading,Text
"商品の販売に携わっている従業員。接客のスキルが必要とされる。","販売員,はんばいいん","商品の販売に携わっている従業員。接客のスキルが必要とされる。",Guess the Word or Reading,Text
"飼い主のいない猫のこと。","野良猫,のらねこ","飼い主のいない猫のこと。",Guess the Word or Reading,Text
"朝鮮半島北部、および、同地域を国土として1948年に建国を宣言した「朝鮮民主主義人民共和国」の通称。日本は公式に朝鮮民主主義人民共和国を国家と認めておらず、同地域の国家的組織を指す場合には便宜的に「||北||＊＊」や「||北||＊＊・朝鮮民主主義人民共和国」の呼び名を用いている。","北朝鮮,きたちょうせん","朝鮮半島北部、および、同地域を国土として1948年に建国を宣言した「朝鮮民主主義人民共和国」の通称。日本は公式に朝鮮民主主義人民共和国を国家と認めておらず、同地域の国家的組織を指す場合には便宜的に「北朝鮮」や「北朝鮮・朝鮮民主主義人民共和国」の呼び名を用いている。",Guess the Word or Reading,Text
"顔料を固めて鉛筆の芯に用いた筆記具類。さまざまな色の芯を持つ鉛筆。","色鉛筆,いろえんぴつ","顔料を固めて鉛筆の芯に用いた筆記具類。さまざまな色の芯を持つ鉛筆。",Guess the Word or Reading,Text
"頭から抜け落ちた毛髪のこと。","抜け毛,ぬけげ","頭から抜け落ちた毛髪のこと。",Guess the Word or Reading,Text
"逃げるための道や手段などを表す語。逃走して身を隠すための段取りや筋道、責任を回避する方法、などを指すことも多い。","逃げ道,にげみち","逃げるための道や手段などを表す語。逃走して身を隠すための段取りや筋道、責任を回避する方法、などを指すことも多い。",Guess the Word or Reading,Text
"魚類および貝類の総称。あるいは、藻類なども含めた水産生物の総称。","魚介類,ぎょかいるい","魚類および貝類の総称。あるいは、藻類なども含めた水産生物の総称。",Guess the Word or Reading,Text
"最も新しくて、なおかつ優れていること。特に、戦闘機・空母・戦車などを初めとした軍事機器や武器などについて言われることが多い。「新鋭」は「新しくて優れている」といった意味で、それに、「最も」という時の「最」が付いた表現。","最新鋭,さいしんえい","最も新しくて、なおかつ優れていること。特に、戦闘機・空母・戦車などを初めとした軍事機器や武器などについて言われることが多い。「新鋭」は「新しくて優れている」といった意味で、それに、「最も」という時の「最」が付いた表現。",Guess the Word or Reading,Text
"乳幼児の栄養摂取手段を母乳などから通常の食事に移行させるために与えられる食事。やわらかいものから段階的に普通の食事に近づけていく。一般的に「ゴックン期」「モグモグ期」「カミカミ期」「パクパク期」の4段階に分類される。","離乳食,りにゅうしょく","乳幼児の栄養摂取手段を母乳などから通常の食事に移行させるために与えられる食事。やわらかいものから段階的に普通の食事に近づけていく。一般的に「ゴックン期」「モグモグ期」「カミカミ期」「パクパク期」の4段階に分類される。",Guess the Word or Reading,Text
"通りすがりの無関係の人物に襲いかかって危害を加える者のこと。元は悪魔を指したが、現在ではもっぱら犯罪者について用いられる。","通り魔,とおりま","通りすがりの無関係の人物に襲いかかって危害を加える者のこと。元は悪魔を指したが、現在ではもっぱら犯罪者について用いられる。",Guess the Word or Reading,Text
"過去の出来事を振り返って記述した文書または文学作品のこと。メモワールとも言う。","回顧録,かいころく","過去の出来事を振り返って記述した文書または文学作品のこと。メモワールとも言う。",Guess the Word or Reading,Text
"内容のひどい試合。または、相手の非難や欠点の言い合いに終始する諍いなどを意味する表現。","泥仕合,どろじあい","内容のひどい試合。または、相手の非難や欠点の言い合いに終始する諍いなどを意味する表現。",Guess the Word or Reading,Text
"頭髪を育てる、育毛するための薬剤。","育毛剤,いくもうざい","頭髪を育てる、育毛するための薬剤。",Guess the Word or Reading,Text
"筋繊維の損傷などにより、筋肉が動かせなくなる症状。激痛を伴う。ふくらはぎに生じることが多い。","肉離れ,にくばなれ","筋繊維の損傷などにより、筋肉が動かせなくなる症状。激痛を伴う。ふくらはぎに生じることが多い。",Guess the Word or Reading,Text
"黒色を用いて（黒一色で）塗ること、塗りつぶすこと。文書資料のうち公開すべきでないと判断された箇所を墨で塗りつぶして伏せること、および、そのようにして塗りつぶされた伏せ字の部分を「||黒||＊＊にする」「||黒||＊＊で掲載」のように表現することがある。あるいは、主に乗用車において、漆黒にカラーリングされた車両も「||黒||＊＊の」などと形容される。とりわけ高級な雰囲気の際立つ、要人や首領を送迎するものと思われる車両を指して用いることが多い。","黒塗り,くろぬり","黒色を用いて（黒一色で）塗ること、塗りつぶすこと。文書資料のうち公開すべきでないと判断された箇所を墨で塗りつぶして伏せること、および、そのようにして塗りつぶされた伏せ字の部分を「黒塗りにする」「黒塗りで掲載」のように表現することがある。あるいは、主に乗用車において、漆黒にカラーリングされた車両も「黒塗りの」などと形容される。とりわけ高級な雰囲気の際立つ、要人や首領を送迎するものと思われる車両を指して用いることが多い。",Guess the Word or Reading,Text
"交換すること、取り替えること、引き替えること、自分のものを渡して相手のものを引き取ること。","引換え,ひきかえ,引替え,ひきかえ,引き換え,ひきかえ","交換すること、取り替えること、引き替えること、自分のものを渡して相手のものを引き取ること。",Guess the Word or Reading,Text
"||高||＊＊とは「高齢の人」の総称であり、一般的には「65歳以上の人」を指す言葉である。ただし、||高||＊＊の定義（＝何歳以上が「||高||＊＊」に該当するか）は法令や制度などによってまちまちであり、「70歳以上」を||高||＊＊とする場合もあれば、「75歳以上」を||高||＊＊として扱う場合もある。その意味で「||高||＊＊」という言葉を「何歳以上の人」というような形で一概に定義することは難しい。いわば、「||高||＊＊」とは、「65歳」「70歳」「75歳」のいずれかの年齢を区切りとして「それ以上の年齢の人」を指す語である。「||高||＊＊＝65歳以上」という一般的な「||高||＊＊」の区分においては、「65歳から75歳まで」の年齢層を「前期||高||＊＊」といい、75歳以上を「後期||高||＊＊」とする区切り方もよく用いられる。","高齢者,こうれいしゃ","高齢者とは「高齢の人」の総称であり、一般的には「65歳以上の人」を指す言葉である。ただし、高齢者の定義（＝何歳以上が「高齢者」に該当するか）は法令や制度などによってまちまちであり、「70歳以上」を高齢者とする場合もあれば、「75歳以上」を高齢者として扱う場合もある。その意味で「高齢者」という言葉を「何歳以上の人」というような形で一概に定義することは難しい。いわば、「高齢者」とは、「65歳」「70歳」「75歳」のいずれかの年齢を区切りとして「それ以上の年齢の人」を指す語である。「高齢者＝65歳以上」という一般的な「高齢者」の区分においては、「65歳から75歳まで」の年齢層を「前期高齢者」といい、75歳以上を「後期高齢者」とする区切り方もよく用いられる。",Guess the Word or Reading,Text
"||理||＊＊とは、簡単に言うと道理に合わないこと、あるいは矛盾していること、筋が通らないことなどを意味する言葉である。||理||＊＊の「理」には物事の筋道、道理といった意味があり、「不尽」にはつくさないこと、つきないことといった意味がある。","理不尽,りふじん","理不尽とは、簡単に言うと道理に合わないこと、あるいは矛盾していること、筋が通らないことなどを意味する言葉である。理不尽の「理」には物事の筋道、道理といった意味があり、「不尽」にはつくさないこと、つきないことといった意味がある。",Guess the Word or Reading,Text
"||独||＊＊（||ど||＊＊＊＊＊＊）とは、集団の中で一人だけ群を抜いて活躍しているさま、その人だけが思うままに振る舞い他の追随を許さないさま、を意味する表現。いわゆる一人舞台の状態。原則的に、「||独||＊＊」と表現できるのは「活躍しているのが唯一人」の状況に限られる。つまり、抜群に活躍している人が何人かいて、しのぎを削りつつ他を圧倒している、というような状況を「彼らの||独||＊＊」とは言わない。団体競技などで「チームの||独||＊＊」と表現することは多々ある。","独壇場,どくだんじょう","独壇場（どくだんじょう）とは、集団の中で一人だけ群を抜いて活躍しているさま、その人だけが思うままに振る舞い他の追随を許さないさま、を意味する表現。いわゆる一人舞台の状態。原則的に、「独壇場」と表現できるのは「活躍しているのが唯一人」の状況に限られる。つまり、抜群に活躍している人が何人かいて、しのぎを削りつつ他を圧倒している、というような状況を「彼らの独壇場」とは言わない。団体競技などで「チームの独壇場」と表現することは多々ある。",Guess the Word or Reading,Text
"物事の新しい発見、発想。斬新な方式。","新機軸,しんきじく","物事の新しい発見、発想。斬新な方式。",Guess the Word or Reading,Text
"うすい紅色のこと。桃色。ピンク色。","淡紅色,たんこうしょく","うすい紅色のこと。桃色。ピンク色。",Guess the Word or Reading,Text
"必要な量よりも多くの量を買うこと、店舗などにある特定の商品などを全て買うこと、などを意味する表現。","買い占め,かいしめ","必要な量よりも多くの量を買うこと、店舗などにある特定の商品などを全て買うこと、などを意味する表現。",Guess the Word or Reading,Text
"相争う。「互角に||渡||＊＊＊」など、比肩・肉薄しているさまを言い表すことが多い。特に、一対一の戦闘や、口論・論争などについて言う。","渡り合う,わたりあう","相争う。「互角に渡り合う」など、比肩・肉薄しているさまを言い表すことが多い。特に、一対一の戦闘や、口論・論争などについて言う。",Guess the Word or Reading,Text
"周囲に居合わせた人や、関係者などにとって迷惑となる振る舞い。例としては、暴力的行為や卑猥な言動などが挙げられる。","迷惑行為,めいわくこうい","周囲に居合わせた人や、関係者などにとって迷惑となる振る舞い。例としては、暴力的行為や卑猥な言動などが挙げられる。",Guess the Word or Reading,Text
"(1)複数のものの均衡がとれている状況を指す表現。「需要と供給が||釣||＊＊＊」などのように使う。(2)似合うこと、互いにしっくりくるという意味。","釣り合う,つりあう","(1)複数のものの均衡がとれている状況を指す表現。「需要と供給が釣り合う」などのように使う。(2)似合うこと、互いにしっくりくるという意味。",Guess the Word or Reading,Text
"動詞を修飾して、遠慮したり控えたりしないように、気兼ねなく思う存分に行うようにと促す意味合いを加える表現。","遠慮なく,えんりょなく","動詞を修飾して、遠慮したり控えたりしないように、気兼ねなく思う存分に行うようにと促す意味合いを加える表現。",Guess the Word or Reading,Text
"対立している者が互いに自分の立場を主張して少しも譲歩しない様子、主張し合って埒が明かないさまなどを意味する表現。「||押||＊＊＊が繰り広げられる」の言い回しで用いられることが多い。","押し問答,おしもんどう","対立している者が互いに自分の立場を主張して少しも譲歩しない様子、主張し合って埒が明かないさまなどを意味する表現。「押し問答が繰り広げられる」の言い回しで用いられることが多い。",Guess the Word or Reading,Text
"揺れていることを体で感じる大きさの地震の通称。人や状況によっても異なるが、おおむね震度2～3程度よりも大きな地震を指す。","有感地震,ゆうかんじしん","揺れていることを体で感じる大きさの地震の通称。人や状況によっても異なるが、おおむね震度2～3程度よりも大きな地震を指す。",Guess the Word or Reading,Text
"面目が立たないようにする、世間体や評価を失わせるといった意味の表現。","顔を潰す,かおをつぶす","面目が立たないようにする、世間体や評価を失わせるといった意味の表現。",Guess the Word or Reading,Text
"延々と続いている人の列を大きくて長いヘビの胴体にたとえた表現。長蛇のごとく長い列。","長蛇の列,ちょうだのれつ","延々と続いている人の列を大きくて長いヘビの胴体にたとえた表現。長蛇のごとく長い列。",Guess the Word or Reading,Text
"恥じて慎むべき言動を行う人、恥を恥とも思わない人、などの意味の表現。主に非難や罵りの意味で用いられる語。","恥知らず,はじしらず","恥じて慎むべき言動を行う人、恥を恥とも思わない人、などの意味の表現。主に非難や罵りの意味で用いられる語。",Guess the Word or Reading,Text
"陸上競技で、棒（ポール）を利用して跳躍し、バーを飛び越える競技。跳躍競技の一種目で、走り高跳と同様高さを競う。なお、送り仮名を振らない表記が陸上競技の競技名としては正しい。","棒高跳び,ぼうたかとび","陸上競技で、棒（ポール）を利用して跳躍し、バーを飛び越える競技。跳躍競技の一種目で、走り高跳と同様高さを競う。なお、送り仮名を振らない表記が陸上競技の競技名としては正しい。",Guess the Word or Reading,Text
"なんでもないという表情。すました顔。よそ行きの、つんと取り澄ますような表情や態度。","澄まし顔,すましがお","なんでもないという表情。すました顔。よそ行きの、つんと取り澄ますような表情や態度。",Guess the Word or Reading,Text
"定期刊行物を毎号購読すること、または、毎号購読する前提であらかじめ購読契約を行うこと、などを意味する表現。","定期購読,ていきこうどく","定期刊行物を毎号購読すること、または、毎号購読する前提であらかじめ購読契約を行うこと、などを意味する表現。",Guess the Word or Reading,Text
"人から物事を聞くこと、ならびに、それによって情報を得ること。刑事や探偵が人物調査などのために行うことを指すことが多い。","聞き込み,ききこみ","人から物事を聞くこと、ならびに、それによって情報を得ること。刑事や探偵が人物調査などのために行うことを指すことが多い。",Guess the Word or Reading,Text
"つりあいやバランスのこと。「兼合い」とも書く。","兼ね合い,かねあい","つりあいやバランスのこと。「兼合い」とも書く。",Guess the Word or Reading,Text
"根気や忍耐力がありなかなか諦めないさま、よく耐え忍ぶさまなどを意味する表現。","粘り強い,ねばりづよい","根気や忍耐力がありなかなか諦めないさま、よく耐え忍ぶさまなどを意味する表現。",Guess the Word or Reading,Text
"交換すること、取り替えること、||引||＊＊＊ること、自分のものを渡して相手のものを引き取ること。","引き替え,ひきかえ","交換すること、取り替えること、引き替えること、自分のものを渡して相手のものを引き取ること。",Guess the Word or Reading,Text
"||試||＊＊＊とは、挑戦と挫折を繰り返しながら成功へと近づいていくという意味の四字熟語。||試||＊＊＊の試行は、試しの行動という意味で、錯誤は間違いを意味する語である。試みと間違いを繰り返すという語源から派生して、可能性を「切り開いていく」というポジティブな表現となった。英語では trial and error と表現する。なお、思考錯誤は誤用である。;||試||＊＊＊とは、物事を始めるときに、試みと失敗を繰り返して、適切な方法や問題に関する解決策を見出していくことである。||試||＊＊＊の試行は、試しに物事をやってみることを意味し、錯誤は間違うことや間違いそのものを意味する。これらの語源から派生し、可能性を開拓するという前向きな表現となった。また、思考錯誤は典型的な誤用である。","試行錯誤,しこうさくご","試行錯誤とは、挑戦と挫折を繰り返しながら成功へと近づいていくという意味の四字熟語。試行錯誤の試行は、試しの行動という意味で、錯誤は間違いを意味する語である。試みと間違いを繰り返すという語源から派生して、可能性を「切り開いていく」というポジティブな表現となった。英語では trial and error と表現する。なお、思考錯誤は誤用である。;試行錯誤とは、物事を始めるときに、試みと失敗を繰り返して、適切な方法や問題に関する解決策を見出していくことである。試行錯誤の試行は、試しに物事をやってみることを意味し、錯誤は間違うことや間違いそのものを意味する。これらの語源から派生し、可能性を開拓するという前向きな表現となった。また、思考錯誤は典型的な誤用である。",Guess the Word or Reading,Text
"「||公||＊＊＊」とは、法律の用語で、「国家社会の安定的な維持と、善良かつ健全な国民生活の営み」を意味する言葉である。簡単にいえば「人道やモラル」や「社会的な道徳観念」などのことである。社会一般の利益を損なったり倫理道徳に反したりする振る舞いは「||公||＊＊＊に反する」とか「||公||＊＊＊違反」などのように表現される。「||公||＊＊＊」は「公序（公の秩序）」と「良俗（善良の風俗）」からなる熟語である。法律の分野では、民法第九十条の「公の秩序又は善良の風俗に反する法律行為は、無効とする」という規定に基づき、頻出する用語である。「||公||＊＊＊」の具体的な意味・解釈については、東京地方裁判所・平成27年（ワ）第20841号・損害賠償請求事件の判決文の記述は比較的わかりやすい。以下抜粋。「||公||＊＊＊とは，国家社会の一般的利益である公の秩序及び社会の一般的道徳観念である善良の..","公序良俗,こうじょりょうぞく","「公序良俗」とは、法律の用語で、「国家社会の安定的な維持と、善良かつ健全な国民生活の営み」を意味する言葉である。簡単にいえば「人道やモラル」や「社会的な道徳観念」などのことである。社会一般の利益を損なったり倫理道徳に反したりする振る舞いは「公序良俗に反する」とか「公序良俗違反」などのように表現される。「公序良俗」は「公序（公の秩序）」と「良俗（善良の風俗）」からなる熟語である。法律の分野では、民法第九十条の「公の秩序又は善良の風俗に反する法律行為は、無効とする」という規定に基づき、頻出する用語である。「公序良俗」の具体的な意味・解釈については、東京地方裁判所・平成27年（ワ）第20841号・損害賠償請求事件の判決文の記述は比較的わかりやすい。以下抜粋。「公序良俗とは，国家社会の一般的利益である公の秩序及び社会の一般的道徳観念である善良の風俗を意味し，公序良俗に反する事項を目的とする法律行為は無効とされるものであるが（民法90条），以下略」―― 知的財産 裁判例集（裁判所）",Guess the Word or Reading,Text
"||疑||＊＊＊（||ぎ||＊＊＊＊＊）は、心の中に疑念が生じた結果、周りの何もかもが疑わしく思えてくる状況のこと。疑いだして止まらなくなり、普段なら何とも思わないような物事すら「おかしいな」「怪しいぞ」と疑ってかかるような心理状況。疑念が疑念を呼ぶさま。「||疑||＊＊＊」は「||疑||＊＊＊を生ず（疑心生暗鬼）」の略とされる。「疑心」は「疑うこと」「疑いの心」を意味する語。「暗鬼」は文字通りには「暗闇の中に見いだされる鬼」のことであり、「妄想による不安や恐怖」の比喩。;||疑||＊＊＊とは、疑う気持ちによって何でもないことに対して恐ろしく感じたり、怪しく感じたりするという意味のこと。英語では、 suspicion will raise bogies と表現される。||疑||＊＊＊の四字熟語は、仏教の真理を疑う心を持つという意味の「疑心」と、暗闇の中に鬼が見えるという意味の「暗鬼」..","疑心暗鬼,ぎしんあんき","疑心暗鬼（ぎしんあんき）は、心の中に疑念が生じた結果、周りの何もかもが疑わしく思えてくる状況のこと。疑いだして止まらなくなり、普段なら何とも思わないような物事すら「おかしいな」「怪しいぞ」と疑ってかかるような心理状況。疑念が疑念を呼ぶさま。「疑心暗鬼」は「疑心暗鬼を生ず（疑心生暗鬼）」の略とされる。「疑心」は「疑うこと」「疑いの心」を意味する語。「暗鬼」は文字通りには「暗闇の中に見いだされる鬼」のことであり、「妄想による不安や恐怖」の比喩。;疑心暗鬼とは、疑う気持ちによって何でもないことに対して恐ろしく感じたり、怪しく感じたりするという意味のこと。英語では、 suspicion will raise bogies と表現される。疑心暗鬼の四字熟語は、仏教の真理を疑う心を持つという意味の「疑心」と、暗闇の中に鬼が見えるという意味の「暗鬼」が語源とされている。古代中国の文書である「列子」に書かれた、鉞をなくした男が、隣家の息子が犯人だと疑いその息子の言動全てが怪しく思えるようになったが、鉞を発見すると息子の発言を怪しく思うことがなくなったという話が由来である。",Guess the Word or Reading,Text
"||切||＊＊＊とは、学問や道徳に励む、仲間同士励まし合って向上するという意味のこと。切瑳琢磨という漢字表記もある。切磋は学問・道徳を磨くことという語源があり、琢磨は表面を平らにする研磨技法が語源となっている。つまり、磨いて向上するという意味の四字熟語なのだ。||切||＊＊＊の英語表現はどういう意味で使用するかにもよるが、friendly competition などが挙げられる。||切||＊＊＊は元々は玉や石を打ち磨くという意味で、学問で徳を修めることを指す事が多かったが、現在では仲間同士で努力競争しあって向上するという意味で用いられることが一般的である。","切磋琢磨,せっさたくま","切磋琢磨とは、学問や道徳に励む、仲間同士励まし合って向上するという意味のこと。切瑳琢磨という漢字表記もある。切磋は学問・道徳を磨くことという語源があり、琢磨は表面を平らにする研磨技法が語源となっている。つまり、磨いて向上するという意味の四字熟語なのだ。切磋琢磨の英語表現はどういう意味で使用するかにもよるが、friendly competition などが挙げられる。切磋琢磨は元々は玉や石を打ち磨くという意味で、学問で徳を修めることを指す事が多かったが、現在では仲間同士で努力競争しあって向上するという意味で用いられることが一般的である。",Guess the Word or Reading,Text
"||呉||＊＊＊とは、「敵と味方が協力してことに当たる」という意味のこと。わかりやすく言うと、日ごろ仲が悪いもの同士が手を組んで助け合うということである。「||呉||＊＊＊」は、中国の孫子が書いた「九地」のエピソードが由来になっている。このエピソードで孫子は、「敵対関係にある呉と越の国の人も、嵐に遭遇した際には同じ舟で協力をする」と述べている。英語で「||呉||＊＊＊」を表すときは、「bitter enemies in the same boat」などの表現が使われる。;||呉||＊＊＊とは、仲の険悪な者どうしが同じ場所に居合わせること、あるいは、敵対・反目する者どうしがそれぞれの目的を達成するために協力したり同行したりすること、を指す意味で用いられる表現。","呉越同舟,ごえつどうしゅう","呉越同舟とは、「敵と味方が協力してことに当たる」という意味のこと。わかりやすく言うと、日ごろ仲が悪いもの同士が手を組んで助け合うということである。「呉越同舟」は、中国の孫子が書いた「九地」のエピソードが由来になっている。このエピソードで孫子は、「敵対関係にある呉と越の国の人も、嵐に遭遇した際には同じ舟で協力をする」と述べている。英語で「呉越同舟」を表すときは、「bitter enemies in the same boat」などの表現が使われる。;呉越同舟とは、仲の険悪な者どうしが同じ場所に居合わせること、あるいは、敵対・反目する者どうしがそれぞれの目的を達成するために協力したり同行したりすること、を指す意味で用いられる表現。",Guess the Word or Reading,Text
"||自||＊＊＊（||じ||＊＊＊＊）とは、意図した通りの結果にならず失望し、自分を駄目なものだと考えて、先のことを考えない行動をとることである。","自暴自棄,じぼうじき","自暴自棄（じぼうじき）とは、意図した通りの結果にならず失望し、自分を駄目なものだと考えて、先のことを考えない行動をとることである。",Guess the Word or Reading,Text
"||順||＊＊＊とは、帆船が順風（追い風）を満帆に受けてぐんぐんと進むように、物事が支障なく、予定通りに、順調に進むこと。滞りなく思い通り事が運ぶさまを、追い風をめいっぱい受けて進む帆船にたとえた表現である。","順風満帆,じゅんぷうまんぱん","順風満帆とは、帆船が順風（追い風）を満帆に受けてぐんぐんと進むように、物事が支障なく、予定通りに、順調に進むこと。滞りなく思い通り事が運ぶさまを、追い風をめいっぱい受けて進む帆船にたとえた表現である。",Guess the Word or Reading,Text
"||権||＊＊＊とは、（人を欺くための）策略・はかりごと、とりわけ組織における自らの地位・評価を上げるための計略、および、そうした計略をめぐらすことである。ビジネスや政治、外交などの場におけるはかりごとを指す場合が多い。","権謀術数,けんぼうじゅっすう","権謀術数とは、（人を欺くための）策略・はかりごと、とりわけ組織における自らの地位・評価を上げるための計略、および、そうした計略をめぐらすことである。ビジネスや政治、外交などの場におけるはかりごとを指す場合が多い。",Guess the Word or Reading,Text
"それまで自分のもとにあった商品や人質などを他の人のもとへ移すこと、とりわけ売買契約において商品の所有権を買い手に（正式に）移すこと。引き渡すこと。とりわけ不動産契約において、物件が法的にも物的にも買い手の占有するものとなること。","引き渡し,ひきわたし","それまで自分のもとにあった商品や人質などを他の人のもとへ移すこと、とりわけ売買契約において商品の所有権を買い手に（正式に）移すこと。引き渡すこと。とりわけ不動産契約において、物件が法的にも物的にも買い手の占有するものとなること。",Guess the Word or Reading,Text
"互いに考えていることを伝え、理解を得ること、認識を共有すること、などの意味の表現。意思の疎通。コミュニケーションとも言う。","意思疎通,いしそつう","互いに考えていることを伝え、理解を得ること、認識を共有すること、などの意味の表現。意思の疎通。コミュニケーションとも言う。",Guess the Word or Reading,Text
"進み具合。物事の進行に関する状況。","進行状況,しんこうじょうきょう","進み具合。物事の進行に関する状況。",Guess the Word or Reading,Text
"常に気に留め、忘れることのないようにする。「||心||＊＊＊」と書く。「バランスの取れた食生活を心がける」のように使う。","心掛ける,こころがける","常に気に留め、忘れることのないようにする。「心掛ける」と書く。「バランスの取れた食生活を心がける」のように使う。",Guess the Word or Reading,Text
"飛込競技のうち、高い飛び込み台からプールに着水するまでの間に回転などの技を披露する種目のこと。弾力のある板を使って跳躍する「板飛び込み」と共に飛込競技の主な種目となっている。","高飛び込み,たかとびこみ","飛込競技のうち、高い飛び込み台からプールに着水するまでの間に回転などの技を披露する種目のこと。弾力のある板を使って跳躍する「板飛び込み」と共に飛込競技の主な種目となっている。",Guess the Word or Reading,Text
"陸上競技の跳躍競技の一種目で、助走をつけて跳躍し、着地点までの距離を競う種目。送り仮名を振らない表記が陸上競技の競技名としては正しい。","走り幅跳び,はしりはばとび","陸上競技の跳躍競技の一種目で、助走をつけて跳躍し、着地点までの距離を競う種目。送り仮名を振らない表記が陸上競技の競技名としては正しい。",Guess the Word or Reading,Text
"陸上競技で、助走をつけてバーを飛び越える競技。跳躍競技の一種目。送り仮名を振らない表記が陸上競技の競技名としては正しい。","走り高跳び,はしりたかとび","陸上競技で、助走をつけてバーを飛び越える競技。跳躍競技の一種目。送り仮名を振らない表記が陸上競技の競技名としては正しい。",Guess the Word or Reading,Text
"前述の内容を受け、その内容に誤りはない、即ち、その通りである、と断定する表現。","間違いない,まちがいない","前述の内容を受け、その内容に誤りはない、即ち、その通りである、と断定する表現。",Guess the Word or Reading,Text
"料金・代金を支払う際の、手段や方法のこと。現金で支払う、クレジットカード、など。","支払い方法,しはらいほうほう","料金・代金を支払う際の、手段や方法のこと。現金で支払う、クレジットカード、など。",Guess the Word or Reading,Text
"死を悼み、悲しむこと。法要を営んだり、会合などにおいて全員で黙祷したりといった形で表されることが多い。","追悼,ついとう","死を悼み、悲しむこと。法要を営んだり、会合などにおいて全員で黙祷したりといった形で表されることが多い。",Guess the Word or Reading,Text
"家屋のほぼ全部が損壊し、補修による再使用が困難となること。「住家がその居住のための基本的機能を喪失したもの」と定義される。災害などで住家全部が倒壊、流失、埋没、焼失した場合が該当する。家屋が損壊して機能の一部を喪失するさまを「半壊」という。","全壊,ぜんかい","家屋のほぼ全部が損壊し、補修による再使用が困難となること。「住家がその居住のための基本的機能を喪失したもの」と定義される。災害などで住家全部が倒壊、流失、埋没、焼失した場合が該当する。家屋が損壊して機能の一部を喪失するさまを「半壊」という。",Guess the Word or Reading,Text
"構造物などが崩れて落ちること。地震や構造の劣化などで発生しやすい。転じて、金融取引相場で値が崩れ落ちるように下落することを表現する際にも用いられる。","崩落,ほうらく","構造物などが崩れて落ちること。地震や構造の劣化などで発生しやすい。転じて、金融取引相場で値が崩れ落ちるように下落することを表現する際にも用いられる。",Guess the Word or Reading,Text
"興行して回ること。巡った先々の土地で興行すること。||巡||＊を行っている例としては大相撲などがある。劇団が公演を行って回ることは「巡演」という。季節によって春||巡||＊、夏||巡||＊、秋||巡||＊、冬||巡||＊などと呼ばれることもある。","巡業,じゅんぎょう","興行して回ること。巡った先々の土地で興行すること。巡業を行っている例としては大相撲などがある。劇団が公演を行って回ることは「巡演」という。季節によって春巡業、夏巡業、秋巡業、冬巡業などと呼ばれることもある。",Guess the Word or Reading,Text
"順を追って、次から次へと進行していくさま。順次。シーケンス。","逐次,ちくじ","順を追って、次から次へと進行していくさま。順次。シーケンス。",Guess the Word or Reading,Text
"祝賀すべきこと。喜びや祝いを表するべき、めでたき事柄。慶するべき事。","慶事,けいじ","祝賀すべきこと。喜びや祝いを表するべき、めでたき事柄。慶するべき事。",Guess the Word or Reading,Text
"受けること、我が物として味わい楽しむことなどを表す語。利点、恵み、施しなどの語と併せて用いられることが多い。精神的・肉体的・物質的、道徳的・非道徳的、いずれの側面についても使用される。","享受,きょうじゅ","受けること、我が物として味わい楽しむことなどを表す語。利点、恵み、施しなどの語と併せて用いられることが多い。精神的・肉体的・物質的、道徳的・非道徳的、いずれの側面についても使用される。",Guess the Word or Reading,Text
"汚いもの。特に糞尿をはじめとする体内からの排出物を指す語。","汚物,おぶつ","汚いもの。特に糞尿をはじめとする体内からの排出物を指す語。",Guess the Word or Reading,Text
"騙し取ることを意味する語。人をだまして不正に金品を奪う行為。","詐取,さしゅ","騙し取ることを意味する語。人をだまして不正に金品を奪う行為。",Guess the Word or Reading,Text
"病気を克服しようとしてさまざまな努力をすること、病気による苦しみに耐え抜くことなどを意味する語。","闘病,とうびょう","病気を克服しようとしてさまざまな努力をすること、病気による苦しみに耐え抜くことなどを意味する語。",Guess the Word or Reading,Text
"後を追うこと。逃げる人を追いかける、人物の素行を調査するために行動の状況を追う、あるいは、事の成り行きを順を追って辿ること、などを意味する表現。","追跡,ついせき","後を追うこと。逃げる人を追いかける、人物の素行を調査するために行動の状況を追う、あるいは、事の成り行きを順を追って辿ること、などを意味する表現。",Guess the Word or Reading,Text
"感心・感動のあまり声やため息を漏らすさま。褒め称える様子を意味する表現。「嘆嗟」のように嘆き悲しむ意味もあるが、昨今ではこちらの意味で用いられることは稀。","感嘆,かんたん","感心・感動のあまり声やため息を漏らすさま。褒め称える様子を意味する表現。「嘆嗟」のように嘆き悲しむ意味もあるが、昨今ではこちらの意味で用いられることは稀。",Guess the Word or Reading,Text
"(1)ある範囲を担当、管理または支配すること、またはその範囲自体を意味する語。(2)警察など一部の業界に限っては、日本全国のような「全体」を管理する組織と対置して、「一部」の地域などを管理する組織そのものを意味する用語。","所轄,しょかつ","(1)ある範囲を担当、管理または支配すること、またはその範囲自体を意味する語。(2)警察など一部の業界に限っては、日本全国のような「全体」を管理する組織と対置して、「一部」の地域などを管理する組織そのものを意味する用語。",Guess the Word or Reading,Text
"物事に対して、集中して真剣に取り組んでいることを意味する語。「||鋭||＊製作中」や「||鋭||＊検討中」などのように用いられることが多い。","鋭意,えいい","物事に対して、集中して真剣に取り組んでいることを意味する語。「鋭意製作中」や「鋭意検討中」などのように用いられることが多い。",Guess the Word or Reading,Text
"死を悼む気持ち、あるいは嘆き悲しむ気持ちを意味する語。","弔意,ちょうい","死を悼む気持ち、あるいは嘆き悲しむ気持ちを意味する語。",Guess the Word or Reading,Text
"左右両側の隣を意味する表現。","両隣,りょうどなり","左右両側の隣を意味する表現。",Guess the Word or Reading,Text
"現時点で、仮に決定している状態では、などを意味する語。","暫定,ざんてい","現時点で、仮に決定している状態では、などを意味する語。",Guess the Word or Reading,Text
"宗教上重要と見なされる土地や建造物のある場所を、信者が訪ねることを意味する語。転じて、アニメやドラマなど創作物で取り上げられた土地をファンが訪ねることをも意味することがある。","巡礼,じゅんれい","宗教上重要と見なされる土地や建造物のある場所を、信者が訪ねることを意味する語。転じて、アニメやドラマなど創作物で取り上げられた土地をファンが訪ねることをも意味することがある。",Guess the Word or Reading,Text
"進み具合・捗り具合、物事がどの程度うまく（順調に）進んでいるか、という意味で用いられる語。「||進||＊は芳しくない」という風に単独で用いられることもあるが、「||進||＊状況」や「||進||＊率」のように連語表現として用いられることも多い。ビジネスにおいてはあらかじめ設けられた目標を期限内に達成することが業務の根幹となる場合が多い。各従業員の業務の||進||＊状況を把握する「||進||＊管理」は部署の上長の主な役目といえる。","進捗,しんちょく","進み具合・捗り具合、物事がどの程度うまく（順調に）進んでいるか、という意味で用いられる語。「進捗は芳しくない」という風に単独で用いられることもあるが、「進捗状況」や「進捗率」のように連語表現として用いられることも多い。ビジネスにおいてはあらかじめ設けられた目標を期限内に達成することが業務の根幹となる場合が多い。各従業員の業務の進捗状況を把握する「進捗管理」は部署の上長の主な役目といえる。",Guess the Word or Reading,Text
"||相||＊（||そ||＊＊）とは、違いがあること、および、そのような違いを意味する表現です。たいてい「||相||＊ない」「||相||＊ありません」という言い回しで用いられます。「相異」と表記しても誤りではありません。「||相||＊」の「相」には「互いに」という字義があります。「相似」「相互」「相殺」なども同じ語義と解釈できます。||相||＊の「違」は「ちがう」とも「たがう」とも読まれる字ですが、どちらにしても「一致しない」「くいちがう」という意味があります。つまり「||相||＊」とは、ふたつの事項を対照して一致しない部分がある、それぞれ違いがある、という状況を意味する語です。「||相||＊」は、主に「||相||＊する」「||相||＊点」「||相||＊ない」というような言い方でよく用いられます。「相異する」は「互いに食い違う部分がある」ということを意味し、「||相||＊点」は「食い違..","相違,そうい","相違（そうい）とは、違いがあること、および、そのような違いを意味する表現です。たいてい「相違ない」「相違ありません」という言い回しで用いられます。「相異」と表記しても誤りではありません。「相違」の「相」には「互いに」という字義があります。「相似」「相互」「相殺」なども同じ語義と解釈できます。相違の「違」は「ちがう」とも「たがう」とも読まれる字ですが、どちらにしても「一致しない」「くいちがう」という意味があります。つまり「相違」とは、ふたつの事項を対照して一致しない部分がある、それぞれ違いがある、という状況を意味する語です。「相違」は、主に「相違する」「相違点」「相違ない」というような言い方でよく用いられます。「相異する」は「互いに食い違う部分がある」ということを意味し、「相違点」は「食い違っている部分」を、「相違ない」は「食い違っている部分がない（＝同一である）」ことを意味する表現です。慣用的な言い回しで「案に相違する」という表現もあります。「案」はここでは「予想」「当初の見立て」といった意味合いです。つまり「案に相違する」とは、「予想に反して」「意外にも」という意味の表現です。",Guess the Word or Reading,Text
"場所や部分を言い表すときに用いる言葉。特定の部分を指すときに使用することが多く、例えば「分からない||箇||＊がある」や「該当の||箇||＊」などというように用いる。また、同じ読み方の「カ所」は、物や場所の数を数えるときに、数字をつけて助数詞として使用する。","箇所,かしょ","場所や部分を言い表すときに用いる言葉。特定の部分を指すときに使用することが多く、例えば「分からない箇所がある」や「該当の箇所」などというように用いる。また、同じ読み方の「カ所」は、物や場所の数を数えるときに、数字をつけて助数詞として使用する。",Guess the Word or Reading,Text
"||懲||＊（||ち||＊＊＊＊）または「||懲||＊刑」は、刑事施設に拘禁して勤労を科する刑罰のこと。自由の?奪する「自由刑」の一種。||懲||＊刑に服することを「服役」といい、服役中に行われる労働作業を「刑務作業」という。刑法第12条第2項において「||懲||＊は、刑事施設に拘置して所定の作業を行わせる。」と規定されている。","懲役,ちょうえき","懲役（ちょうえき）または「懲役刑」は、刑事施設に拘禁して勤労を科する刑罰のこと。自由の?奪する「自由刑」の一種。懲役刑に服することを「服役」といい、服役中に行われる労働作業を「刑務作業」という。刑法第12条第2項において「懲役は、刑事施設に拘置して所定の作業を行わせる。」と規定されている。",Guess the Word or Reading,Text
"「||逝||＊」とは、「死んでこの世を去ること」を意味する敬語表現であり、他人の死を敬っていう表現である。弔事（お悔やみの言葉）などに「死去」の敬語表現として用いられる。「||逝||＊」は他人の死に対して用いる表現である。身内の死については「||逝||＊」は用いず、「死去」「他界」「永眠」などの語が用いられる。","逝去,せいきょ","「逝去」とは、「死んでこの世を去ること」を意味する敬語表現であり、他人の死を敬っていう表現である。弔事（お悔やみの言葉）などに「死去」の敬語表現として用いられる。「逝去」は他人の死に対して用いる表現である。身内の死については「逝去」は用いず、「死去」「他界」「永眠」などの語が用いられる。",Guess the Word or Reading,Text
"||丁||＊（||て||＊＊＊）とは、「細かい部分に注意や気配りが行き届いているさま」、「入念に丹精込めて行うさま」、「礼儀に則り折り目正しく振る舞うさま」などを表現する言葉。主に動作（所作）、態度（対応）、表現（言葉づかい）などを形容する語として用いられる。「||丁||＊」は基本的には形容動詞として用いられる。","丁寧,ていねい","丁寧（ていねい）とは、「細かい部分に注意や気配りが行き届いているさま」、「入念に丹精込めて行うさま」、「礼儀に則り折り目正しく振る舞うさま」などを表現する言葉。主に動作（所作）、態度（対応）、表現（言葉づかい）などを形容する語として用いられる。「丁寧」は基本的には形容動詞として用いられる。",Guess the Word or Reading,Text
"||彼||＊（||ひ||＊＊）とは、春分および秋分をそれぞれ中日とする各7日間のこと。「春||彼||＊」と「秋||彼||＊」の総称。それぞれ、仏教の習わしに基づき墓参りをはじめとする先祖供養が年中行事として行われる。日本の「雑節（ざっせつ）」のひとつであり、季節が変わる目安にもなっている。「お||彼||＊」と呼ばれることも多い。「||彼||＊」という言葉はもともと仏教の用語であり、涅槃に辿り着いた「向こう岸」のことである。語源はサンスクリット語の「param（パーラム）」とされる。仏教では悟りの境地に達した先に「涅槃（ねはん）」があるとされる。超克すべき煩悩や迷いは川に喩えられる。涅槃は、煩悩の川の向こう岸（すなわち「||彼||＊」）にある。仏教ではお||彼||＊の期間中に法会（ほうえ）が営まれる。この法会は「||彼||＊会（||ひ||＊＊え）」と呼ばれる。||彼||＊の初日は「||..","彼岸,ひがん","彼岸（ひがん）とは、春分および秋分をそれぞれ中日とする各7日間のこと。「春彼岸」と「秋彼岸」の総称。それぞれ、仏教の習わしに基づき墓参りをはじめとする先祖供養が年中行事として行われる。日本の「雑節（ざっせつ）」のひとつであり、季節が変わる目安にもなっている。「お彼岸」と呼ばれることも多い。「彼岸」という言葉はもともと仏教の用語であり、涅槃に辿り着いた「向こう岸」のことである。語源はサンスクリット語の「param（パーラム）」とされる。仏教では悟りの境地に達した先に「涅槃（ねはん）」があるとされる。超克すべき煩悩や迷いは川に喩えられる。涅槃は、煩悩の川の向こう岸（すなわち「彼岸」）にある。仏教ではお彼岸の期間中に法会（ほうえ）が営まれる。この法会は「彼岸会（ひがんえ）」と呼ばれる。彼岸の初日は「彼岸の入り」といい、彼岸の最終日は「彼岸明け」という。彼岸の中日を除く前後の6日間は、六波羅蜜（大乗仏教の教えにある6つの徳目）を1日ひとつずつ修める日とされる。六波羅蜜の6つの徳目とは、「布施」「持戒」「忍辱」「精進」「禅定」「般若」である。彼岸の過ごし方は、宗派や地域の習俗などによっても異なる",Guess the Word or Reading,Text
"||定||＊とは、会社の組織や運営についての根本的な規則をまとめた文書のことである。会社を設立した時には必ず作成し、公証役場において公証人の認証を受けなければならない。||定||＊は、簡単に言うと会社の憲法のようなものである。||定||＊の記載事項には、絶対的記載事項と相対的記載事項、任意的記載事項の3つがある。絶対的記載事項は、必ず明記しなければならない項目で、会社の商号や目的、所在地、出資額、発起人情報などが挙げられる。相対的記載事項は、金銭以外の出費内容や発起人の報酬、設立費用などを明記する。任意的記載事項は、任意に取り決めた事項を明記するもので、例えば株主総会の時期や総会の議長を誰にするのか、事業年度の開始月をいつにするのかなどを明記する。","定款,ていかん","定款とは、会社の組織や運営についての根本的な規則をまとめた文書のことである。会社を設立した時には必ず作成し、公証役場において公証人の認証を受けなければならない。定款は、簡単に言うと会社の憲法のようなものである。定款の記載事項には、絶対的記載事項と相対的記載事項、任意的記載事項の3つがある。絶対的記載事項は、必ず明記しなければならない項目で、会社の商号や目的、所在地、出資額、発起人情報などが挙げられる。相対的記載事項は、金銭以外の出費内容や発起人の報酬、設立費用などを明記する。任意的記載事項は、任意に取り決めた事項を明記するもので、例えば株主総会の時期や総会の議長を誰にするのか、事業年度の開始月をいつにするのかなどを明記する。",Guess the Word or Reading,Text
"||顧||＊（||こ||＊＊＊）とは、商売における客のこと。商品やサービスを買い求めに店を訪れる人、あるいは、購入・サービス提供を必要としている者（需要者）。多分に「得意客（お得意さま）」のニュアンスを含むが、その店を利用した実績がまだない客（見込み客）も「||顧||＊」と呼ばれる。「||顧||＊」と「客」の違いは、特にない。少なくとも、商売において物などを購入する人を指す限りにおいては、ほぼ同義語といえる（業種や商習慣により使い分け方けられている場合はあり得る）。「客」という字は「訪問者」「よそから来た者」を幅広く指す語であり、それ自体が「商店に何か買い求めに来た人」を指すとは限らない。たとえば私用で個人宅を訪問した者も「客」に該当する。お招きして来て頂いた大事な客を「賓客」という。ちなみに、他家に住まわせてもらっている居候の身は、家人ではなく客人として食事の世話を受けているという..","顧客,こきゃく","顧客（こきゃく）とは、商売における客のこと。商品やサービスを買い求めに店を訪れる人、あるいは、購入・サービス提供を必要としている者（需要者）。多分に「得意客（お得意さま）」のニュアンスを含むが、その店を利用した実績がまだない客（見込み客）も「顧客」と呼ばれる。「顧客」と「客」の違いは、特にない。少なくとも、商売において物などを購入する人を指す限りにおいては、ほぼ同義語といえる（業種や商習慣により使い分け方けられている場合はあり得る）。「客」という字は「訪問者」「よそから来た者」を幅広く指す語であり、それ自体が「商店に何か買い求めに来た人」を指すとは限らない。たとえば私用で個人宅を訪問した者も「客」に該当する。お招きして来て頂いた大事な客を「賓客」という。ちなみに、他家に住まわせてもらっている居候の身は、家人ではなく客人として食事の世話を受けているという意味で「食客」ともいう。ついでに暗殺を目的に接近を企てる者を「刺客」という。「顧客」は商売における客である。ただし乗り物の利用者は特に「乗客」といい、演物を見にきた人は「観客」という。買い物する客をまたは顧客ともいうが「買い物客」ともいう",Guess the Word or Reading,Text
"||啓||＊（||け||＊＊＊）とは、新たな知識や気付きを与えて、人を教え導くこと。とりわけ、普通はなかなか気づきにくい事柄について、その道の専門家が教え、気づきや理解を与えること。||啓||＊の「啓」の字には「教え導く」という字義があり、||啓||＊の「発」には、「ひらく）開発する）」というような意味合いがある。「||啓||＊」は故事成語であり、「論語」の「不憤不啓 不?不発」というくだりを典拠とする。これは大雑把にいえば「不憤不啓（気持ちを奮い起こす者にしか教えない）、不?不発（何とか言葉で表現しようと悩む者をしか導かない）」ということで、学ぼうとする者の心意気について述べたものである。「||啓||＊」の類語・類似表現には「啓蒙」がある。啓蒙は「蒙（もう）を啓（ひら）く」、すなわち、「無知な愚かな者を教え導く」という意味の言葉である。教えを受ける側の者は暗愚であり、学ぼうという意..","啓発,けいはつ","啓発（けいはつ）とは、新たな知識や気付きを与えて、人を教え導くこと。とりわけ、普通はなかなか気づきにくい事柄について、その道の専門家が教え、気づきや理解を与えること。啓発の「啓」の字には「教え導く」という字義があり、啓発の「発」には、「ひらく）開発する）」というような意味合いがある。「啓発」は故事成語であり、「論語」の「不憤不啓 不?不発」というくだりを典拠とする。これは大雑把にいえば「不憤不啓（気持ちを奮い起こす者にしか教えない）、不?不発（何とか言葉で表現しようと悩む者をしか導かない）」ということで、学ぼうとする者の心意気について述べたものである。「啓発」の類語・類似表現には「啓蒙」がある。啓蒙は「蒙（もう）を啓（ひら）く」、すなわち、「無知な愚かな者を教え導く」という意味の言葉である。教えを受ける側の者は暗愚であり、学ぼうという意欲に燃えているニュアンスはかなり希薄といえる。啓蒙と比べると「啓発」は、教えを受ける当人が学ぼうとする意欲に満ちているニュアンスを多分に伴うといえる。",Guess the Word or Reading,Text
"||華||＊とは、明治初頭から戦前の昭和の世にかけて存在した日本の特権的身分階級（いわゆる貴族）である。明治2年に実施された「版籍奉還」に伴い創設された。||華||＊という身分は、明治維新前の幕藩体制における公卿（大臣や納言など）ならびに諸侯（大名など）を代替する身分として設けられた。||華||＊の下には「士族」すなわち武家に替わる身分が置かれ、||華||＊の上には「皇族」があった。なお「貴族」という身分は制度上は存在せず、貴族といえば||華||＊を指した。||華||＊の制度は、明治2年に「版籍奉還」と共に設けられ、明治17年に「||華||＊令」によって整備された。||華||＊令のもとで公侯伯子男（侯爵・伯爵・男爵など）の爵位が設けられた。そして1947年（敗戦直後）に「日本国憲法」の施行に伴い、||華||＊制度は廃止された。||華||＊の制度はとうに廃止されているものの、||華||..","華族,かぞく","華族とは、明治初頭から戦前の昭和の世にかけて存在した日本の特権的身分階級（いわゆる貴族）である。明治2年に実施された「版籍奉還」に伴い創設された。華族という身分は、明治維新前の幕藩体制における公卿（大臣や納言など）ならびに諸侯（大名など）を代替する身分として設けられた。華族の下には「士族」すなわち武家に替わる身分が置かれ、華族の上には「皇族」があった。なお「貴族」という身分は制度上は存在せず、貴族といえば華族を指した。華族の制度は、明治2年に「版籍奉還」と共に設けられ、明治17年に「華族令」によって整備された。華族令のもとで公侯伯子男（侯爵・伯爵・男爵など）の爵位が設けられた。そして1947年（敗戦直後）に「日本国憲法」の施行に伴い、華族制度は廃止された。華族の制度はとうに廃止されているものの、華族だった家柄の当主による親睦の機会は現在も維持されている。",Guess the Word or Reading,Text
"||癒||＊とは、離れているはずの事物の密接な結びつきを意味する言葉のことである。本来は臓器や皮膚などの生体組織が物理的にくっついている様を表す言葉であるが、人が利害を共にするために結託する様子の比喩で使われることが多い。||癒||＊状態でなくなる時も同様に、解消やはがすといった比喩が用いられる。英語だと前者は付着を意味する adhesion、後者は共謀という意味の collusion とはっきり分けられる。本来の||癒||＊の語は、どのような結びつきに対しても使用できるのではなく、あくまでも望ましくない形に限定される。生体組織が対象になるため、ケガや病気などで引き起こされた異常を表すために使われることが多い。何らかの意思を持って敢えて結び付けられることは生着と呼ぶ。人間関係の比喩で使用する場合も同様に、望ましくない負の意味で使用される。良くない結びつきであれば規模やそれぞれの関係性..","癒着,ゆちゃく","癒着とは、離れているはずの事物の密接な結びつきを意味する言葉のことである。本来は臓器や皮膚などの生体組織が物理的にくっついている様を表す言葉であるが、人が利害を共にするために結託する様子の比喩で使われることが多い。癒着状態でなくなる時も同様に、解消やはがすといった比喩が用いられる。英語だと前者は付着を意味する adhesion、後者は共謀という意味の collusion とはっきり分けられる。本来の癒着の語は、どのような結びつきに対しても使用できるのではなく、あくまでも望ましくない形に限定される。生体組織が対象になるため、ケガや病気などで引き起こされた異常を表すために使われることが多い。何らかの意思を持って敢えて結び付けられることは生着と呼ぶ。人間関係の比喩で使用する場合も同様に、望ましくない負の意味で使用される。良くない結びつきであれば規模やそれぞれの関係性に特に制限はないが、政治面で使用されることが特に多い。そのため組織ぐるみや権力者の悪事と組み合わせて使われることが多い。",Guess the Word or Reading,Text
"||疾||＊とは、病気や疾患を意味する語。苦しみ悩むことを意味する「疾」と、体を悪くする、悪習によって欠点が生じることを意味する「病」を組み合わせた表現が||疾||＊である。特定||疾||＊のように他の||疾||＊とは別物として扱われるものもあるが、その定義は||疾||＊手当に関する保険の領域で異なる。","疾病,しっぺい","疾病とは、病気や疾患を意味する語。苦しみ悩むことを意味する「疾」と、体を悪くする、悪習によって欠点が生じることを意味する「病」を組み合わせた表現が疾病である。特定疾病のように他の疾病とは別物として扱われるものもあるが、その定義は疾病手当に関する保険の領域で異なる。",Guess the Word or Reading,Text
"||打||＊とは、医療用語においては医者が患者の体を叩いて診察する手法のことで、問診や視診、触診、聴診などと並ぶ身体診査技術の1つ。ビジネス用語においては、事前に（正式に事を進める手前の時点で）意向を伝えて、相手の反応を伺うこと。特に、人事異動（上級職への登用）や、他社との業務提携などの案件について、あるいは選挙における出馬の依頼について、事前に当事者に話を通して反応を見るという行動が「||打||＊」の典型例として挙げられる。","打診,だしん","打診とは、医療用語においては医者が患者の体を叩いて診察する手法のことで、問診や視診、触診、聴診などと並ぶ身体診査技術の1つ。ビジネス用語においては、事前に（正式に事を進める手前の時点で）意向を伝えて、相手の反応を伺うこと。特に、人事異動（上級職への登用）や、他社との業務提携などの案件について、あるいは選挙における出馬の依頼について、事前に当事者に話を通して反応を見るという行動が「打診」の典型例として挙げられる。",Guess the Word or Reading,Text
"ある物事に伴って他の物事が同時に起こること。複数の物事が同時に発生すること。ある病気が他の病状をもたらすこと。合併症を起こすこと。","併発,へいはつ","ある物事に伴って他の物事が同時に起こること。複数の物事が同時に発生すること。ある病気が他の病状をもたらすこと。合併症を起こすこと。",Guess the Word or Reading,Text
"実際の形として存在するような商品や製品を販売すること、物を販売すること、を意味する表現。","物販,ぶっぱん","実際の形として存在するような商品や製品を販売すること、物を販売すること、を意味する表現。",Guess the Word or Reading,Text
"偽りの礼。心のこもった真の礼ではなく、虚構と化した表面だけ、形だけの礼のこと。「||虚||＊廃止」の言い回しで用いられることが多い。","虚礼,きょれい","偽りの礼。心のこもった真の礼ではなく、虚構と化した表面だけ、形だけの礼のこと。「虚礼廃止」の言い回しで用いられることが多い。",Guess the Word or Reading,Text
"決められたことに従うこと、逸脱せずしっかり守ること、といった意味で用いられる語。「遵」の字には「法や道理に従う」という意味があり、「||遵||＊」の他に「遵法」（法規に従う）、「遵奉」（教えに従う）あるいは「遵行」「遵用」のような語において用いられる。音読みは「じゅん」、訓読みは「したが（う）」と読ませる場合があるものの常用外の読み方とされる。「遵」は「順」に置き換えて表記される場合がままある。尊い（とうとい）の「尊」の字を用いた「尊守」（そんしゅ）は表記・読み方ともに誤用である。「||遵||＊」に類似する語としては「堅守」なども挙げられる。","遵守,じゅんしゅ","決められたことに従うこと、逸脱せずしっかり守ること、といった意味で用いられる語。「遵」の字には「法や道理に従う」という意味があり、「遵守」の他に「遵法」（法規に従う）、「遵奉」（教えに従う）あるいは「遵行」「遵用」のような語において用いられる。音読みは「じゅん」、訓読みは「したが（う）」と読ませる場合があるものの常用外の読み方とされる。「遵」は「順」に置き換えて表記される場合がままある。尊い（とうとい）の「尊」の字を用いた「尊守」（そんしゅ）は表記・読み方ともに誤用である。「遵守」に類似する語としては「堅守」なども挙げられる。",Guess the Word or Reading,Text
"横側から強い力を加えて転倒させること。横に倒すこと。転じて、横暴な仕打ちを指して「||横||＊＊にする」と言うこともある。","横倒し,よこだおし","横側から強い力を加えて転倒させること。横に倒すこと。転じて、横暴な仕打ちを指して「横倒しにする」と言うこともある。",Guess the Word or Reading,Text
"「褒美」の丁寧な言い方。目下の者や自分に、ほめる意味で与える金品や栄誉など。","ご褒美,ごほうび","「褒美」の丁寧な言い方。目下の者や自分に、ほめる意味で与える金品や栄誉など。",Guess the Word or Reading,Text
"車などが、滑って横方向に移動すること。または、閣僚などが現在の役職を辞任し、同程度の地位の他の役職に就任すること。","横滑り,よこすべり","車などが、滑って横方向に移動すること。または、閣僚などが現在の役職を辞任し、同程度の地位の他の役職に就任すること。",Guess the Word or Reading,Text
"幼少期や思春期などに見られる、周囲に対してしきりに反抗的な態度を取る時期を指す語。","反抗期,はんこうき","幼少期や思春期などに見られる、周囲に対してしきりに反抗的な態度を取る時期を指す語。",Guess the Word or Reading,Text
"法律関係の仕事に携わる職業の業界。裁判官や弁護士、検察官などの職業を指すことが多い。","法曹界,ほうそうかい","法律関係の仕事に携わる職業の業界。裁判官や弁護士、検察官などの職業を指すことが多い。",Guess the Word or Reading,Text
"嫌がる気持ち。","嫌悪感,けんおかん","嫌がる気持ち。",Guess the Word or Reading,Text
"物事になじめないさま、居心地が悪いさまを意味する語。「この状況に||違||＊＊を覚える」などのような言い回しで用いられる。","違和感,いわかん","物事になじめないさま、居心地が悪いさまを意味する語。「この状況に違和感を覚える」などのような言い回しで用いられる。",Guess the Word or Reading,Text
"見る者によい印象をもたれづらい役割や立ち位置にある人物。頻繁にいじられ役にされたり体を張ったりするような、ある種自身を犠牲にして場を盛り上げる人物によく用いられる言葉である。","汚れ役,よごれやく","見る者によい印象をもたれづらい役割や立ち位置にある人物。頻繁にいじられ役にされたり体を張ったりするような、ある種自身を犠牲にして場を盛り上げる人物によく用いられる言葉である。",Guess the Word or Reading,Text
"||過||＊＊とは、物事が移り変わろうとしていく途中の時期のことである。||過||＊＊の「過渡」は、ある状態が新しい状態に変わる途中という意味がある。||過||＊＊の類語には、変革期や転換期、端境期（はざかいき）などが挙げられる。英語では transition と表現する。||過||＊＊の言葉の使い方として、「||過||＊＊が終わる」「大人への||過||＊＊」などが挙げられる。「||過||＊＊が終わる」とは、新しいものへの移り変わりが終わったことを表す。「大人への||過||＊＊」は、いわゆる青年期のことで年齢では13歳頃から20歳頃までを指す。","過渡期,かとき","過渡期とは、物事が移り変わろうとしていく途中の時期のことである。過渡期の「過渡」は、ある状態が新しい状態に変わる途中という意味がある。過渡期の類語には、変革期や転換期、端境期（はざかいき）などが挙げられる。英語では transition と表現する。過渡期の言葉の使い方として、「過渡期が終わる」「大人への過渡期」などが挙げられる。「過渡期が終わる」とは、新しいものへの移り変わりが終わったことを表す。「大人への過渡期」は、いわゆる青年期のことで年齢では13歳頃から20歳頃までを指す。",Guess the Word or Reading,Text
"「||配||＊＊」とは、いわゆる「結婚相手」を意味する法律用語であり、要するに「夫」か「妻」のことを意味する表現である。婚姻届を提出し、法律上の婚姻関係を結ぶことで、||配||＊＊の関係となる。離婚によって解消される。「||配||＊＊」の「配偶」は「寄り添うこと・連れ添うこと」を意味する言葉である。「||配||＊＊」は、いわゆる「連れ合い」という意味の表現ということになる。英語では「||配||＊＊」を spouse または partner という。 spouse は公文書などに用いられる形式張った表現であり、partner は日常会話などに用いられる一般的な表現である。男性側から見た||配||＊＊は「嫁」や「妻」、「女房」とも呼び、女性側から見た||配||＊＊は「夫」または「亭主」とも呼ぶこともある。||配||＊＊は法律用語であり、日常会話の中で使われることはほぼ無い。法律上の関係に..","配偶者,はいぐうしゃ","「配偶者」とは、いわゆる「結婚相手」を意味する法律用語であり、要するに「夫」か「妻」のことを意味する表現である。婚姻届を提出し、法律上の婚姻関係を結ぶことで、配偶者の関係となる。離婚によって解消される。「配偶者」の「配偶」は「寄り添うこと・連れ添うこと」を意味する言葉である。「配偶者」は、いわゆる「連れ合い」という意味の表現ということになる。英語では「配偶者」を spouse または partner という。 spouse は公文書などに用いられる形式張った表現であり、partner は日常会話などに用いられる一般的な表現である。男性側から見た配偶者は「嫁」や「妻」、「女房」とも呼び、女性側から見た配偶者は「夫」または「亭主」とも呼ぶこともある。配偶者は法律用語であり、日常会話の中で使われることはほぼ無い。法律上の関係にあることを前提とするため、事実婚など婚姻届けが提出されていない状況の相手のことを配偶者と呼ぶのは間違いである。日本語において配偶者の呼び方は誰から見た目線なのかによって変化する。夫や妻という語は自分から見た配偶者を指して使われることが多い。それに対し、他人の配偶者のこと",Guess the Word or Reading,Text
"||為||＊＊（||い||＊＊＊＊）は「政治を行う人」を意味する語。「政（まつりごと＝政治）を為す（＝行う）者。「為政家（いせいか）」ともいう。","為政者,いせいしゃ","為政者（いせいしゃ）は「政治を行う人」を意味する語。「政（まつりごと＝政治）を為す（＝行う）者。「為政家（いせいか）」ともいう。",Guess the Word or Reading,Text
"道具などを使用する、処理する、提供する、といった意味の表現。商品を||取||＊＊＊（取り扱っている）と言った場合には、「受け付ける」と言い換え可能な場合も多い。","取り扱う,とりあつかう","道具などを使用する、処理する、提供する、といった意味の表現。商品を取り扱う（取り扱っている）と言った場合には、「受け付ける」と言い換え可能な場合も多い。",Guess the Word or Reading,Text
"故意がなく人を死に至らせること。","過失致死,かしつちし","故意がなく人を死に至らせること。",Guess the Word or Reading,Text
"心と体のすべて、持っている力のすべてという意味の語。","全身全霊,ぜんしんぜんれい","心と体のすべて、持っている力のすべてという意味の語。",Guess the Word or Reading,Text
"いくつもの細かいかけらとなって崩れてなくなること、崩れて跡形もなくなること、などの意味の表現。","崩れ去る,くずれさる","いくつもの細かいかけらとなって崩れてなくなること、崩れて跡形もなくなること、などの意味の表現。",Guess the Word or Reading,Text
"送り出すことと迎え入れること。相手の家と出先との間の行き来に付き添うことなどを指す表現。","送り迎え,おくりむかえ","送り出すことと迎え入れること。相手の家と出先との間の行き来に付き添うことなどを指す表現。",Guess the Word or Reading,Text
"取り込むこと、忙しいこと、などの意味の表現。||取||＊＊＊。","取り込み,とりこみ","取り込むこと、忙しいこと、などの意味の表現。取り込み。",Guess the Word or Reading,Text
"本来自分が負うべき責任や罪科を、他人の負うべき責任であるとしてなすりつけること。「転嫁」は再婚の意味もあるが、多くの場合は「なすりつける」の意味で用いる。","責任転嫁,せきにんてんか","本来自分が負うべき責任や罪科を、他人の負うべき責任であるとしてなすりつけること。「転嫁」は再婚の意味もあるが、多くの場合は「なすりつける」の意味で用いる。",Guess the Word or Reading,Text
"書面を取り交わすなどの形式的な手続きは取らないが、互いに取り決めを遵守するものと信頼して結ばれる協定。暗黙の了解による取り決め。","紳士協定,しんしきょうてい","書面を取り交わすなどの形式的な手続きは取らないが、互いに取り決めを遵守するものと信頼して結ばれる協定。暗黙の了解による取り決め。",Guess the Word or Reading,Text
"手間や困難さを考えて気が進まない。面倒である。億劫だ。","面倒臭い,めんどうくさい,面倒くさい,めんどうくさい","手間や困難さを考えて気が進まない。面倒である。億劫だ。",Guess the Word or Reading,Text
"人生の節目となる慶び事と不幸に関する祭礼を指す語。「冠」は元服、転じて成人式を指し、「婚」は結婚式、「葬」は葬儀、「祭」は先祖を敬う祭祀を意味する。;||冠||＊＊＊（||か||＊＊＊＊＊＊＊）は、個人や家族にとって人生の節目となる慶弔の儀式の総称。具体的には「冠礼・婚礼・葬礼・祭礼」の4儀礼を指す。「冠礼」は元服、および、元服を起源とする現代の成人式のこと。「祭礼」は法事や盂蘭盆などの「先祖を祀る行事」のことである。「||冠||＊＊＊業界」や「||冠||＊＊＊サービス」のように、事業として「||冠||＊＊＊」という場合、とりわけ結婚式と葬式が念頭に置かれていることが多い。||冠||＊＊＊は一定の形式を持つ慣習的儀礼として執り行われる。親族が集まって皆で祝ったり弔ったりすることも多く、金品の贈答を伴うことも多い。","冠婚葬祭,かんこんそうさい","人生の節目となる慶び事と不幸に関する祭礼を指す語。「冠」は元服、転じて成人式を指し、「婚」は結婚式、「葬」は葬儀、「祭」は先祖を敬う祭祀を意味する。;冠婚葬祭（かんこんそうさい）は、個人や家族にとって人生の節目となる慶弔の儀式の総称。具体的には「冠礼・婚礼・葬礼・祭礼」の4儀礼を指す。「冠礼」は元服、および、元服を起源とする現代の成人式のこと。「祭礼」は法事や盂蘭盆などの「先祖を祀る行事」のことである。「冠婚葬祭業界」や「冠婚葬祭サービス」のように、事業として「冠婚葬祭」という場合、とりわけ結婚式と葬式が念頭に置かれていることが多い。冠婚葬祭は一定の形式を持つ慣習的儀礼として執り行われる。親族が集まって皆で祝ったり弔ったりすることも多く、金品の贈答を伴うことも多い。",Guess the Word or Reading,Text
"自分と自分の仲間以外のものを容易に受け入れず、むしろ排斥するあり方や態度。他を排斥する主義。","排他主義,はいたしゅぎ","自分と自分の仲間以外のものを容易に受け入れず、むしろ排斥するあり方や態度。他を排斥する主義。",Guess the Word or Reading,Text
"||勧||＊＊＊は「善行を推奨し悪行を戒めること」、とりわけ芝居や読み物などの創作における「善玉（善人の役者）が最後に栄え、悪玉（悪役）が懲らしめられて滅びる」という筋書きのことである。あるいは、道徳的な見解を意味する言葉として使われることもある。","勧善懲悪,かんぜんちょうあく","勧善懲悪は「善行を推奨し悪行を戒めること」、とりわけ芝居や読み物などの創作における「善玉（善人の役者）が最後に栄え、悪玉（悪役）が懲らしめられて滅びる」という筋書きのことである。あるいは、道徳的な見解を意味する言葉として使われることもある。",Guess the Word or Reading,Text
"壊れやすい荷物などに貼って運送・配達の際に大切に慎重に扱うよう促す札の文言。","取扱注意,とりあつかいちゅうい","壊れやすい荷物などに貼って運送・配達の際に大切に慎重に扱うよう促す札の文言。",Guess the Word or Reading,Text
"注ぎ入れる、たくさんのお金を特定のことに使う、などという意味の表現。「||注||＊＊＊」と書く。","注ぎ込む,つぎこむ","注ぎ入れる、たくさんのお金を特定のことに使う、などという意味の表現。「注ぎ込む」と書く。",Guess the Word or Reading,Text
"祭りが行われている、または行われているかのように大きく派手な騒ぎを意味する語。実際に祭りではない時に祭りのように騒ぐことから転じて、度を越した騒ぎも意味することがある。","お祭り騒ぎ,おまつりさわぎ","祭りが行われている、または行われているかのように大きく派手な騒ぎを意味する語。実際に祭りではない時に祭りのように騒ぐことから転じて、度を越した騒ぎも意味することがある。",Guess the Word or Reading,Text
"滑って落ちる、または滑るようにして落ちるという意味の、複合動詞。「滑落する」などとも言う。","滑り落ちる,すべりおちる","滑って落ちる、または滑るようにして落ちるという意味の、複合動詞。「滑落する」などとも言う。",Guess the Word or Reading,Text
"政治上の異分子、反対分子を排除すること。それによって不純なものを取り除くこと。","粛清,しゅくせい","政治上の異分子、反対分子を排除すること。それによって不純なものを取り除くこと。",Guess the Word or Reading,Text
"強く念じ、祈ること。「祈願」とも言う。黙って静かに||祈||＊することを「黙祷」という。","祈念,きねん","強く念じ、祈ること。「祈願」とも言う。黙って静かに祈念することを「黙祷」という。",Guess the Word or Reading,Text
"需要と供給のこと。「引き続き厳しい||需||＊になる」「||需||＊バランス」などという具合に使われる表現。","需給,じゅきゅう","需要と供給のこと。「引き続き厳しい需給になる」「需給バランス」などという具合に使われる表現。",Guess the Word or Reading,Text
"女の子の孫のこと。","孫娘,まごむすめ","女の子の孫のこと。",Guess the Word or Reading,Text
"双方の歩み寄りによって利害関係上対立している話に折り合いをつけ、話を取りまとめること。","妥結,だけつ","双方の歩み寄りによって利害関係上対立している話に折り合いをつけ、話を取りまとめること。",Guess the Word or Reading,Text
"主要な内容。あらまし。大要、サマリー。","要旨,ようし","主要な内容。あらまし。大要、サマリー。",Guess the Word or Reading,Text
"契約や条約などを結ぶこと。","締結,ていけつ","契約や条約などを結ぶこと。",Guess the Word or Reading,Text
"長らく解決しないままとなっていた問題、前々から問題となっていた事柄などを意味する語。","懸案,けんあん","長らく解決しないままとなっていた問題、前々から問題となっていた事柄などを意味する語。",Guess the Word or Reading,Text
"複数の競技大会に出場して立て続けに優勝することを指す表現。連続して制覇すること。回数に応じて2||連||＊、3||連||＊などと言う。","連覇,れんぱ","複数の競技大会に出場して立て続けに優勝することを指す表現。連続して制覇すること。回数に応じて2連覇、3連覇などと言う。",Guess the Word or Reading,Text
"ひどく惨めな負け方をするさま、ぼろくそに負けた様子などを意味する表現。ボロ負けなどとも言う。","惨敗,ざんぱい","ひどく惨めな負け方をするさま、ぼろくそに負けた様子などを意味する表現。ボロ負けなどとも言う。",Guess the Word or Reading,Text
"すがたをくらまし、どこに行ったのかが分からなくなること。行方不明になること。死亡の可能性も含む。","失踪,しっそう","すがたをくらまし、どこに行ったのかが分からなくなること。行方不明になること。死亡の可能性も含む。",Guess the Word or Reading,Text
"必要だとされている項目や事柄を意味する語。","要項,ようこう","必要だとされている項目や事柄を意味する語。",Guess the Word or Reading,Text
"主に犯罪や謀反などの計画に関する話し合いをすることを意味する表現。","謀議,ぼうぎ","主に犯罪や謀反などの計画に関する話し合いをすることを意味する表現。",Guess the Word or Reading,Text
"細部まで注意を払うこと、緻密であること、またそのさまなどを意味する表現。","丹念,たんねん","細部まで注意を払うこと、緻密であること、またそのさまなどを意味する表現。",Guess the Word or Reading,Text
"はっきりとしているさま、明確にそれと分かるようなさまなどを意味する表現。","端的,たんてき","はっきりとしているさま、明確にそれと分かるようなさまなどを意味する表現。",Guess the Word or Reading,Text
"喜びや快楽に浸り満足すること、またそのさまを意味する表現。","満悦,まんえつ","喜びや快楽に浸り満足すること、またそのさまを意味する表現。",Guess the Word or Reading,Text
"相手の苦労を気遣い、慰めることを意味する語。「選手を||慰||＊する」などのように用いる。","慰労,いろう","相手の苦労を気遣い、慰めることを意味する語。「選手を慰労する」などのように用いる。",Guess the Word or Reading,Text
"物事に対する誇りや権威、信頼感などを意味する語。「故郷の||威||＊をかけて戦う」などのように用いる。","威信,いしん","物事に対する誇りや権威、信頼感などを意味する語。「故郷の威信をかけて戦う」などのように用いる。",Guess the Word or Reading,Text
"一年の終わり頃を指す語。師走の半ばから大晦日にかけての時期を言うことが多い。","歳末,さいまつ","一年の終わり頃を指す語。師走の半ばから大晦日にかけての時期を言うことが多い。",Guess the Word or Reading,Text
"「||概||＊」とは、思考において把握される、物事の「何たるか」という部分のことである。具体的には、「抽象的かつ普遍的なものとして捉えられた、そのものが示す性質」、「対象を総括して概括した内容」、あるいは、「物事についての大まかな知識や理解」などのことである。わかりやすく大雑把に言ってしまえば、||概||＊とは「どういう事か」「どういう物か」について捉えられる内容そのもののことである。例えば「ゼロの||概||＊」は、（基本的に「対象がいくつあるか」を示すための「数える」行為において）、「無を数える」とはどういうことか、という、考え方に関する理解であるといえる。||概||＊は「意味」を伴って把握される。意味は||概||＊として扱われる（＝意味は||概||＊の一種である）。意味と||概||＊は似通うが必ずしも同一ではない。||概||＊は言葉（名辞）によって表現されるが、必ずしもあらゆる|..","概念,がいねん","「概念」とは、思考において把握される、物事の「何たるか」という部分のことである。具体的には、「抽象的かつ普遍的なものとして捉えられた、そのものが示す性質」、「対象を総括して概括した内容」、あるいは、「物事についての大まかな知識や理解」などのことである。わかりやすく大雑把に言ってしまえば、概念とは「どういう事か」「どういう物か」について捉えられる内容そのもののことである。例えば「ゼロの概念」は、（基本的に「対象がいくつあるか」を示すための「数える」行為において）、「無を数える」とはどういうことか、という、考え方に関する理解であるといえる。概念は「意味」を伴って把握される。意味は概念として扱われる（＝意味は概念の一種である）。意味と概念は似通うが必ずしも同一ではない。概念は言葉（名辞）によって表現されるが、必ずしもあらゆる概念が名辞を伴うとは限らない。また、概念が必ず本質的・中立的なものであるとも限らない。「概念」という概念の定義や解釈は哲学における議題の一つであり、哲学的立場によっても扱い方は異なる。「概念」という語は、英語の「concept」（あるいは独語の「Begriff」）に対応す",Guess the Word or Reading,Text
"「産業廃棄物」の略。事業者が排出した不溶物のうち特に「廃棄物処理法」で指定された屑、瓦礫などを総称した語。インターネットスラングとしては、役に立たないどうしようもないものを掲揚する語として用いられることがある。カードバトルRPGなどにおいて入手したものの全く使えないカードなどは||産||＊呼ばわりされる対象となりやすい。","産廃,さんぱい","「産業廃棄物」の略。事業者が排出した不溶物のうち特に「廃棄物処理法」で指定された屑、瓦礫などを総称した語。インターネットスラングとしては、役に立たないどうしようもないものを掲揚する語として用いられることがある。カードバトルRPGなどにおいて入手したものの全く使えないカードなどは産廃呼ばわりされる対象となりやすい。",Guess the Word or Reading,Text
"主に行政機関などが、徴収した税金や押収物をもとの所有者へ返すこと。||還||＊される税金は||還||＊金という。また、||還||＊金が受け取れると偽りATMを操作させ、逆に振込みを行わせる詐欺の手口を||還||＊金詐欺という。","還付,かんぷ","主に行政機関などが、徴収した税金や押収物をもとの所有者へ返すこと。還付される税金は還付金という。また、還付金が受け取れると偽りATMを操作させ、逆に振込みを行わせる詐欺の手口を還付金詐欺という。",Guess the Word or Reading,Text
"「||概||＊（||が||＊＊＊）」とは物事の大まかな主旨や流れなどを意味する言葉。あらまし。「||概||＊」の語を構成する「概」の字は「あらまし」「大体」」という意味で、「要」は「物事の大切な部分」「物事のかなめ」という意味を示す。似た言葉の「要約」が文章の大事な部分を短くまとめるというニュアンスで使用されるのに対し、全体像が把握できるようにまとめるという意味合いで使用される。「会社||概||＊」など、企業の情報を大まかにまとめた言葉として用いられることもある。","概要,がいよう","「概要（がいよう）」とは物事の大まかな主旨や流れなどを意味する言葉。あらまし。「概要」の語を構成する「概」の字は「あらまし」「大体」」という意味で、「要」は「物事の大切な部分」「物事のかなめ」という意味を示す。似た言葉の「要約」が文章の大事な部分を短くまとめるというニュアンスで使用されるのに対し、全体像が把握できるようにまとめるという意味合いで使用される。「会社概要」など、企業の情報を大まかにまとめた言葉として用いられることもある。",Guess the Word or Reading,Text
"||満||＊とは、心ゆくまで十分に味わうこと、あるいは、十分に味わうことによって心から満足を得ること、という意味を示す表現である。||満||＊は基本的に動詞として、「||満||＊する」「||満||＊した」「||満||＊できる」というような形で用いられる。名詞としての用法もあり、たとえば「||満||＊をする」というような言い方もできる。||満||＊の「満」は「十分に（不平なく）足りる」という意味合いがある。「||満||＊」と同種の意味用法の表現としては「満足」などが挙げられる。||満||＊の「喫」は「飲み食いする」という意味を基本とし、「喫茶」「喫煙」のように「（茶やタバコを）堪能する」という意味合い、あるいは「大敗を喫する」という風に「食らう」という意味合いを示す意味合いで用いられる。つまり「||満||＊」は「心ゆくまで飲み食いする」「十分に堪能する」という意味合いである。ちなみに「..","満喫,まんきつ","満喫とは、心ゆくまで十分に味わうこと、あるいは、十分に味わうことによって心から満足を得ること、という意味を示す表現である。満喫は基本的に動詞として、「満喫する」「満喫した」「満喫できる」というような形で用いられる。名詞としての用法もあり、たとえば「満喫をする」というような言い方もできる。満喫の「満」は「十分に（不平なく）足りる」という意味合いがある。「満喫」と同種の意味用法の表現としては「満足」などが挙げられる。満喫の「喫」は「飲み食いする」という意味を基本とし、「喫茶」「喫煙」のように「（茶やタバコを）堪能する」という意味合い、あるいは「大敗を喫する」という風に「食らう」という意味合いを示す意味合いで用いられる。つまり「満喫」は「心ゆくまで飲み食いする」「十分に堪能する」という意味合いである。ちなみに「堪能」は「十分に満足する」という意味で用いられる表現であり、ほぼ「満喫」の同義語として扱える。「堪能」の語は動詞「足る」の活用形から転じた当て字とされており、漢字の字義との脈絡は希薄である。「満喫」と似た字に「漫喫」があるが、これは漫画喫茶の略である。",Guess the Word or Reading,Text
"足りない部分や欠けている部分が一切なく、みごとであるさま。完全であるさま。","完璧,かんぺき","足りない部分や欠けている部分が一切なく、みごとであるさま。完全であるさま。",Guess the Word or Reading,Text
"||懸||＊（||け||＊＊）とは、気になって不安になること、あるいは気になった事柄が心から離れない状態を表す言葉である。仏教用語では一点に思いを集中させることである。一般的に使う||懸||＊という語は、消極的な事柄に対する不安、問題が解決されていないことに対する心配事を指す。今ある不安に対してではなく、将来起こるかもしれない出来事に対して不安・気がかりが生じたときに使う言葉である。||懸||＊という語は、「||懸||＊する」や「||懸||＊がある」「||懸||＊が生じる」など動詞と組み合わせて使う。また、「||懸||＊事項」「||懸||＊材料」など、名詞と組み合わせて使うこともある。||懸||＊という語が日常会話の中に出てくることはほとんど無く、ビジネスシーンやフォーマルな場で使われる堅い表現である。目上の人に対して使うのが適切で、同僚や後輩など目下の人に使うと相手への好意を示しず..","懸念,けねん","懸念（けねん）とは、気になって不安になること、あるいは気になった事柄が心から離れない状態を表す言葉である。仏教用語では一点に思いを集中させることである。一般的に使う懸念という語は、消極的な事柄に対する不安、問題が解決されていないことに対する心配事を指す。今ある不安に対してではなく、将来起こるかもしれない出来事に対して不安・気がかりが生じたときに使う言葉である。懸念という語は、「懸念する」や「懸念がある」「懸念が生じる」など動詞と組み合わせて使う。また、「懸念事項」「懸念材料」など、名詞と組み合わせて使うこともある。懸念という語が日常会話の中に出てくることはほとんど無く、ビジネスシーンやフォーマルな場で使われる堅い表現である。目上の人に対して使うのが適切で、同僚や後輩など目下の人に使うと相手への好意を示しずらいため、状況により使い分けることが必要である。懸念という言葉を使うことにより丁寧でかしこまっている事を伝えることが出来る。懸念という言葉を相手から伝えられた場合には、相手の心配事を解決する方法を考えるのが最善である。まれに「けんにょ」「けんねん」「けんね」などと発音されることがあるが",Guess the Word or Reading,Text
"||惜||＊とは、試合や競技において、僅差で負けることである。具体的に、どれほどの点差があれば惨敗に当たるか、明確な基準があるわけではなく、話者の主観や感情の反映として用いられることが多い表現である。読み方は「||せ||＊＊＊」である。英語では、lose a close game と表現する。","惜敗,せきはい","惜敗とは、試合や競技において、僅差で負けることである。具体的に、どれほどの点差があれば惨敗に当たるか、明確な基準があるわけではなく、話者の主観や感情の反映として用いられることが多い表現である。読み方は「せきはい」である。英語では、lose a close game と表現する。",Guess the Word or Reading,Text
"||醸||＊とは、原料を発酵させて酒、醤油、味噌などを造ること、転じて一定の範囲の人々の間に少しずつ特定の雰囲気や考え方などを形成することを意味する言葉である。現在、一般には後者の意で用いられることがほとんどである。主に文章で用いられる、やや硬い漢語である。サ変他動詞化して「||醸||＊する」の形になる。読み方は「||じ||＊＊＊＊」である。「醸」は「かもす」意、「成」は「なす」意である。||醸||＊は、英語では \tferment と表現する。","醸成,じょうせい","醸成とは、原料を発酵させて酒、醤油、味噌などを造ること、転じて一定の範囲の人々の間に少しずつ特定の雰囲気や考え方などを形成することを意味する言葉である。現在、一般には後者の意で用いられることがほとんどである。主に文章で用いられる、やや硬い漢語である。サ変他動詞化して「醸成する」の形になる。読み方は「じょうせい」である。「醸」は「かもす」意、「成」は「なす」意である。醸成は、英語では \tferment と表現する。",Guess the Word or Reading,Text
"||折||＊（||せ||＊＊＊＊）とは、利害の一致しない相手と、問題の解決に向けて、話し合いなどの手段によって駆け引きすること。双方が納得できるように互いの要求をすり合わせ、落とし所を探り、折り合いを付ける、そうした営みと解釈される。ビジネスシーンから外交・国際政治の分野まで、幅広い文脈で用いられる。「||折||＊」の語に対応する英語表現としては negotiation（ネゴシエーション）が挙げられる。ただし negotiation は日本語の「||折||＊」の他に「交渉」のニュアンスも含む。必ずしも、||折||＊の「落とし所を見つける」というニュアンスが伴うとは限らない。||折||＊は、中国の古典である「晏子春秋」から生まれた故事成語である。晏子春秋は、春秋時代の中国で斉の宰相を務め、策略に長けた名臣として知られる晏子の言行を記録した典籍である。その中で。隣国晋と晏子らの駆け引きに..","折衝,せっしょう","折衝（せっしょう）とは、利害の一致しない相手と、問題の解決に向けて、話し合いなどの手段によって駆け引きすること。双方が納得できるように互いの要求をすり合わせ、落とし所を探り、折り合いを付ける、そうした営みと解釈される。ビジネスシーンから外交・国際政治の分野まで、幅広い文脈で用いられる。「折衝」の語に対応する英語表現としては negotiation（ネゴシエーション）が挙げられる。ただし negotiation は日本語の「折衝」の他に「交渉」のニュアンスも含む。必ずしも、折衝の「落とし所を見つける」というニュアンスが伴うとは限らない。折衝は、中国の古典である「晏子春秋」から生まれた故事成語である。晏子春秋は、春秋時代の中国で斉の宰相を務め、策略に長けた名臣として知られる晏子の言行を記録した典籍である。その中で。隣国晋と晏子らの駆け引きに関して孔子が晏子を評価した言葉が、「折衝」の語源となった。斉に攻め入りたい晋が高官を派遣し、様子を探るべく酒席で斉の君主に対しわざと礼儀を欠いた行いをしたところ、同席していた晏子らが大国である晋に臆することなくその行いや要求をはねのけたのである。この斉の",Guess the Word or Reading,Text
"||賞||＊とは、夏季や冬季、期末など一定の時期に支払われる、給与以外のお金のことである。ボーナスともいう。夏季や冬季に支払われる||賞||＊は通常||賞||＊といい、基本給の1か月分、あるいは3か月分のようにあらかじめ決められていることが多い。ただし、会社の経営状態によっては大きく変動することもある。||賞||＊の支払われる時期は、夏季は6月、冬季は12月であることが多い。期末に支払われる||賞||＊のことを決算||賞||＊といい、決算後に業績に応じて支払われる。業績が悪ければ支払われる可能性は小さい。","賞与,しょうよ","賞与とは、夏季や冬季、期末など一定の時期に支払われる、給与以外のお金のことである。ボーナスともいう。夏季や冬季に支払われる賞与は通常賞与といい、基本給の1か月分、あるいは3か月分のようにあらかじめ決められていることが多い。ただし、会社の経営状態によっては大きく変動することもある。賞与の支払われる時期は、夏季は6月、冬季は12月であることが多い。期末に支払われる賞与のことを決算賞与といい、決算後に業績に応じて支払われる。業績が悪ければ支払われる可能性は小さい。",Guess the Word or Reading,Text
"||官||＊とは、国家公務員の中でも政策決定など国政に影響力をもつ役職にいる人のことである。||官||＊の中で一番上の階級に相当するのが事務次官である。事務次官に続くのが、局長、官房長である。事務次官と局長、官房長のことを高級||官||＊と呼ぶ。||官||＊の中でも、「国家公務員採用総合職試験」に合格し、省庁に採用された人をキャリア||官||＊、あるいは単にキャリアと呼ぶ。一方、「国家公務員採用総合職試験」よりも難易度の低い「国家公務員採用一般職試験」に合格して省庁に採用された人をノンキャリア||官||＊（ノンキャリア）と呼ぶ。ちなみにキャリア||官||＊とノンキャリア||官||＊では、出世のスピードや役職が異なることが多い。","官僚,かんりょう","官僚とは、国家公務員の中でも政策決定など国政に影響力をもつ役職にいる人のことである。官僚の中で一番上の階級に相当するのが事務次官である。事務次官に続くのが、局長、官房長である。事務次官と局長、官房長のことを高級官僚と呼ぶ。官僚の中でも、「国家公務員採用総合職試験」に合格し、省庁に採用された人をキャリア官僚、あるいは単にキャリアと呼ぶ。一方、「国家公務員採用総合職試験」よりも難易度の低い「国家公務員採用一般職試験」に合格して省庁に採用された人をノンキャリア官僚（ノンキャリア）と呼ぶ。ちなみにキャリア官僚とノンキャリア官僚では、出世のスピードや役職が異なることが多い。",Guess the Word or Reading,Text
"||微||＊とは、発熱により体温が37度から38度程度になった状態のことを指す言葉である。||微||＊の「微」は、きわめて小さいこと、わずかであることといった意味がある。人の体温は平常時、35度から37度未満で推移する。これを平熱という。平熱より高い37℃から38度までを||微||＊といい、38度より高い熱を高熱という。人の体温は個人差があり、平熱が37度以上の人もいる。この場合は||微||＊とはいわずに平熱という。発熱の定義はまちまちである。例えば、感染症発生動向調査事業（厚生労働省）においては、37.5度以上を発熱、38度以上を高熱と規定している。","微熱,びねつ","微熱とは、発熱により体温が37度から38度程度になった状態のことを指す言葉である。微熱の「微」は、きわめて小さいこと、わずかであることといった意味がある。人の体温は平常時、35度から37度未満で推移する。これを平熱という。平熱より高い37℃から38度までを微熱といい、38度より高い熱を高熱という。人の体温は個人差があり、平熱が37度以上の人もいる。この場合は微熱とはいわずに平熱という。発熱の定義はまちまちである。例えば、感染症発生動向調査事業（厚生労働省）においては、37.5度以上を発熱、38度以上を高熱と規定している。",Guess the Word or Reading,Text
"||無||＊とは、||無||＊の意味||無||＊とは、あか抜けていない行動や様子ののことである。わかりやすく説明すると、野暮ったいということである。現代の流行り言葉で言うとイケてない、ダサいということになる。英語で||無||＊を表す場合は uncool という言葉が使われる。||無||＊とよく似た言葉に不粋という言葉がある。||無||＊は「||ぶ||＊＊」と読むが、不粋は「||ぶ||＊＊」または「ふいき」と読む。いずれにしても洗練されていない、風情がない、人情が分かっていないなどといった意味に使う言葉である。||無||＊という言葉を知るためには、対義語である粋とは何かを知ることが先決である。粋な計らいという言葉がある。この場合には人情が分かっている、言葉で言わずとも気持ちを察した心遣いということになる。粋な装いといえば多少砕けていて風情がある服装ということになる。いずれにしても、粋と..","無粋,ぶすい","無粋とは、無粋の意味無粋とは、あか抜けていない行動や様子ののことである。わかりやすく説明すると、野暮ったいということである。現代の流行り言葉で言うとイケてない、ダサいということになる。英語で無粋を表す場合は uncool という言葉が使われる。無粋とよく似た言葉に不粋という言葉がある。無粋は「ぶすい」と読むが、不粋は「ぶすい」または「ふいき」と読む。いずれにしても洗練されていない、風情がない、人情が分かっていないなどといった意味に使う言葉である。無粋という言葉を知るためには、対義語である粋とは何かを知ることが先決である。粋な計らいという言葉がある。この場合には人情が分かっている、言葉で言わずとも気持ちを察した心遣いということになる。粋な装いといえば多少砕けていて風情がある服装ということになる。いずれにしても、粋という言葉はフォーマルな場面ではあまり使わない。粋という言葉の中には、遊び心というニュアンスも含まれる。「無粋な男」といえば、生真面目とか面白みがないことを意味するが、特に男女間の気持ちに鈍感なことを指すことが多い。例文としてよく挙げられるものに、「あの人は無粋なことをする」とい",Guess the Word or Reading,Text
"||連||＊（||れ||＊＊＊）は、多くの場合「通信手段などを用いて関係者に通知する」という意味で用いられる表現。あるいは「別個の交通網が接続されている」という意味でも用いられる。「||連||＊」の語そのものには、どのような通信手段を用いて通知するかという要素は含まれない。電話、電子メール、手紙、FAX、回覧板、直接の訪問、どのような方法（||連||＊方法）を用いても「||連||＊」に該当する。「||連||＊」の語そのものには、どのような用件の情報を知らせるかという要素も含まれない。報告、相談、案内、注意、警告、通達、通報、どのような内容（||連||＊内容）であっても「||連||＊」と表現できる。「||連||＊」の根本的な語義は「関連がある」「関係をもつ」「関係している」という意味合いである。この語義は「関連」「つながり」「相関」などの語で言い換えられる場合が多く、今日では「||連|..","連絡,れんらく","連絡（れんらく）は、多くの場合「通信手段などを用いて関係者に通知する」という意味で用いられる表現。あるいは「別個の交通網が接続されている」という意味でも用いられる。「連絡」の語そのものには、どのような通信手段を用いて通知するかという要素は含まれない。電話、電子メール、手紙、FAX、回覧板、直接の訪問、どのような方法（連絡方法）を用いても「連絡」に該当する。「連絡」の語そのものには、どのような用件の情報を知らせるかという要素も含まれない。報告、相談、案内、注意、警告、通達、通報、どのような内容（連絡内容）であっても「連絡」と表現できる。「連絡」の根本的な語義は「関連がある」「関係をもつ」「関係している」という意味合いである。この語義は「関連」「つながり」「相関」などの語で言い換えられる場合が多く、今日では「連絡」と表現される場合は多くない。",Guess the Word or Reading,Text
"||覚||＊（||か||＊＊＊）とは、目がさめること、また意識や感覚がはっきりと働きはじめることを意味する言葉である。比喩的に、それまでの過ちに気付いたり、迷いから覚めたりすることについてもいう。サ変自動詞化して「||覚||＊する」の形になる。「覚」も「醒」も「さめる」意である。用例：「早朝の||覚||＊」「意識が||覚||＊する」「脳を||覚||＊させる」「政権の||覚||＊を促す」「||覚||＊剤」「目覚め」は「||覚||＊」の和語での表現で、「||覚||＊」とほぼ同義であるが、日常的な会話で用いられるやわらかい表現である。眠っていない状態の意では、「目覚め」が実際に目を見開いていることを含意するのに対し、「||覚||＊」は、目は閉じているが意識がはっきりしている場合にも用いることができる。 本能的なものが働き始める意では、「性の目覚め」のように、「||覚||＊」とは置き換えにく..","覚醒,かくせい","覚醒（かくせい）とは、目がさめること、また意識や感覚がはっきりと働きはじめることを意味する言葉である。比喩的に、それまでの過ちに気付いたり、迷いから覚めたりすることについてもいう。サ変自動詞化して「覚醒する」の形になる。「覚」も「醒」も「さめる」意である。用例：「早朝の覚醒」「意識が覚醒する」「脳を覚醒させる」「政権の覚醒を促す」「覚醒剤」「目覚め」は「覚醒」の和語での表現で、「覚醒」とほぼ同義であるが、日常的な会話で用いられるやわらかい表現である。眠っていない状態の意では、「目覚め」が実際に目を見開いていることを含意するのに対し、「覚醒」は、目は閉じているが意識がはっきりしている場合にも用いることができる。 本能的なものが働き始める意では、「性の目覚め」のように、「覚醒」とは置き換えにくい慣用的な言い回しがある。「覚醒」と対義関係にある漢語には、眠っていることを意味する「睡眠」、眠りにつくことを意味する「就眠」「入眠」、意識がはっきりしないことを意味する「嗜眠」「昏睡」などがある。「覚醒状態」は、目が覚めて、意識がはっきりしている状態。（執筆：稲川智樹）",Guess the Word or Reading,Text
"必要なものや本来備わっているべきものが、欠けているか足りていない状態のこと。設計や構造に不備もしくは問題があって生じた難点・欠点、しかも致命的・決定的な欠点、といったニュアンスを込めて用いられる向きがある。一般的に「||欠||＊住宅」といえば、施工不良や設計不備により住宅としての機能・居住性・快適性を著しく欠いたもののことである。法的には「||欠||＊」という語は用いられず、もっぱら「瑕疵（かし）」と呼ばれる。「住宅の品質確保の促進等に関する法律」（品確法）等において||欠||＊住宅は一定期間「瑕疵担保責任」を売り主が負うよう定められている。自動車をはじめとする工業製品に「||欠||＊」と言いうる難点が見いだされた場合、多くは「リコール」の対象として扱われ、製造者または販売者が当該商品を回収して返金や無償改修を行う。リコールはされないが消費者の不満を募らせる難点を「||欠||＊」と呼..","欠陥,けっかん","必要なものや本来備わっているべきものが、欠けているか足りていない状態のこと。設計や構造に不備もしくは問題があって生じた難点・欠点、しかも致命的・決定的な欠点、といったニュアンスを込めて用いられる向きがある。一般的に「欠陥住宅」といえば、施工不良や設計不備により住宅としての機能・居住性・快適性を著しく欠いたもののことである。法的には「欠陥」という語は用いられず、もっぱら「瑕疵（かし）」と呼ばれる。「住宅の品質確保の促進等に関する法律」（品確法）等において欠陥住宅は一定期間「瑕疵担保責任」を売り主が負うよう定められている。自動車をはじめとする工業製品に「欠陥」と言いうる難点が見いだされた場合、多くは「リコール」の対象として扱われ、製造者または販売者が当該商品を回収して返金や無償改修を行う。リコールはされないが消費者の不満を募らせる難点を「欠陥」と呼ぶ場合がないわけではない。",Guess the Word or Reading,Text
"今あるものとは異なる方法、または別の扱い、と意味する表現。主に「||別||＊検討」「消費税は||別||＊かかります」などのように用いられる。名詞的にも副詞的にも使われる場合がある。「別個に」、「別に」、「別扱いで」などと言い換え可能な場合が多い。","別途,べっと","今あるものとは異なる方法、または別の扱い、と意味する表現。主に「別途検討」「消費税は別途かかります」などのように用いられる。名詞的にも副詞的にも使われる場合がある。「別個に」、「別に」、「別扱いで」などと言い換え可能な場合が多い。",Guess the Word or Reading,Text
"添えること。付け加えて与えること。授けること。「外国人に参政権を||付||＊することの是非を議論する」などのように用いる。","付与,ふよ","添えること。付け加えて与えること。授けること。「外国人に参政権を付与することの是非を議論する」などのように用いる。",Guess the Word or Reading,Text
"物資などが満足になく、量が不十分であるさま。不足している様子。","欠乏,けつぼう","物資などが満足になく、量が不十分であるさま。不足している様子。",Guess the Word or Reading,Text
"本来あって然るべきものが、抜け落ちていて、足りないさま。欠落などとも言う。","欠如,けつじょ","本来あって然るべきものが、抜け落ちていて、足りないさま。欠落などとも言う。",Guess the Word or Reading,Text
"どうあっても回避できないさま。避けようがない状況。","不可避,ふかひ","どうあっても回避できないさま。避けようがない状況。",Guess the Word or Reading,Text
"火災などで焼けた跡。焼けた家屋や樹木、町などの残骸。","焼け跡,やけあと","火災などで焼けた跡。焼けた家屋や樹木、町などの残骸。",Guess the Word or Reading,Text
"ある状態が長い間改善されずに持続している状態。睡眠不足や家計の赤字など、好ましくない状態について言う。病気に関しては「慢性」ということが多い。","慢性的,まんせいてき","ある状態が長い間改善されずに持続している状態。睡眠不足や家計の赤字など、好ましくない状態について言う。病気に関しては「慢性」ということが多い。",Guess the Word or Reading,Text
"前から行っていることを、その後も続けていくことを意味する表現。「||継||＊＊に改善に努める」などのように用いる。","継続的,けいぞくてき","前から行っていることを、その後も続けていくことを意味する表現。「継続的に改善に努める」などのように用いる。",Guess the Word or Reading,Text
"知らせる、通知する、などの意味の「連絡」の丁寧な表現。","ご連絡,ごれんらく","知らせる、通知する、などの意味の「連絡」の丁寧な表現。",Guess the Word or Reading,Text
"相手と共に立ち行かなくなるさま、無理な競争や相互補助を行ったりした結果として互いに駄目になることなどを指す語。","共倒れ,ともだおれ","相手と共に立ち行かなくなるさま、無理な競争や相互補助を行ったりした結果として互いに駄目になることなどを指す語。",Guess the Word or Reading,Text
"できる限り、という意味合いの語。現在ではもっぱら「||可||＊＊速やかに」の言い回しで用いられる。","可及的,かきゅうてき","できる限り、という意味合いの語。現在ではもっぱら「可及的速やかに」の言い回しで用いられる。",Guess the Word or Reading,Text
"旧版の一部について改訂して新たに出された版やバージョンのこと。","改訂版,かいていばん","旧版の一部について改訂して新たに出された版やバージョンのこと。",Guess the Word or Reading,Text
"他人に気付かれないように会話や生活音を聞くためこっそり設置される機器。盗聴のための装置。","盗聴器,とうちょうき","他人に気付かれないように会話や生活音を聞くためこっそり設置される機器。盗聴のための装置。",Guess the Word or Reading,Text
"余すところなく、すみずみまで、あるいは抜本的に、といった意味の表現。","徹底的,てっていてき","余すところなく、すみずみまで、あるいは抜本的に、といった意味の表現。",Guess the Word or Reading,Text
"死ぬときの苦痛、非常に苦しいさま、あるいは死際や臨終を意味する表現。","断末魔,だんまつま","死ぬときの苦痛、非常に苦しいさま、あるいは死際や臨終を意味する表現。",Guess the Word or Reading,Text
"（1）外傷の処置や外科手術などの際に行われることのある、患者の苦痛を無視した手荒な治療を意味する語。（2）計画や組織などを良い方に改めさせるために行われる大胆な改革を意味する語。","荒療治,あらりょうじ","（1）外傷の処置や外科手術などの際に行われることのある、患者の苦痛を無視した手荒な治療を意味する語。（2）計画や組織などを良い方に改めさせるために行われる大胆な改革を意味する語。",Guess the Word or Reading,Text
"「||普||＊＊」とは、「あらゆる物事にもれなく当てはまるさま」、または「きわめて広範にもれなく行き渡るさま」を意味する語である。要するに「いつでもどこでも誰にでも当てはまる」ということ。「||普||＊＊」は英語の universal（ユニバーサル）に対応する語である。しばしば「偏在（ubiquitous）」と対比される。「普遍（的）」の対義語は「特殊（unique / peculiar）」である。","普遍的,ふへんてき","「普遍的」とは、「あらゆる物事にもれなく当てはまるさま」、または「きわめて広範にもれなく行き渡るさま」を意味する語である。要するに「いつでもどこでも誰にでも当てはまる」ということ。「普遍的」は英語の universal（ユニバーサル）に対応する語である。しばしば「偏在（ubiquitous）」と対比される。「普遍（的）」の対義語は「特殊（unique / peculiar）」である。",Guess the Word or Reading,Text
"必須の条件。それが満たされなければ、契約や約束が成り立たないという性質の条件のこと。必須要件。必須事項。","必須条件,ひっすじょうけん","必須の条件。それが満たされなければ、契約や約束が成り立たないという性質の条件のこと。必須要件。必須事項。",Guess the Word or Reading,Text
"麻雀で、他家に故意に振り込むこと。あるいは、他家が大物手を狙っている時に、安手に振り込むこと。","差し込み,さしこみ","麻雀で、他家に故意に振り込むこと。あるいは、他家が大物手を狙っている時に、安手に振り込むこと。",Guess the Word or Reading,Text
"何が好きで何が嫌いかといった好みや、そうした好みの差異などを意味する語。","好き嫌い,すききらい","何が好きで何が嫌いかといった好みや、そうした好みの差異などを意味する語。",Guess the Word or Reading,Text
"事故や不法行為などにより他の者に何らかの損害を与えた場合に、その損害を埋め合わせること。対価に相当する金銭の支払いなどが該当する。","損害賠償,そんがいばいしょう","事故や不法行為などにより他の者に何らかの損害を与えた場合に、その損害を埋め合わせること。対価に相当する金銭の支払いなどが該当する。",Guess the Word or Reading,Text
"物事を恐れてびくびくしているさまなどを意味する表現。「戦々」も「恐々」（兢々）もそれぞれ単独で同じ意味を表す。","戦々恐々,せんせんきょうきょう","物事を恐れてびくびくしているさまなどを意味する表現。「戦々」も「恐々」（兢々）もそれぞれ単独で同じ意味を表す。",Guess the Word or Reading,Text
"ある程度の期間、関わりを持っていない状況。無沙汰。","ご無沙汰,ごぶさた","ある程度の期間、関わりを持っていない状況。無沙汰。",Guess the Word or Reading,Text
"「||堂||＊＊＊」とは、議論や思考が進まず、同じところで巡っているさま、一向に物事が進展しないさまなどを意味する表現である。「||堂||＊＊＊」は、もともとは、僧侶が祈願のために何度も仏堂の周りをぐるぐると周回しているさまを指すである。これが今日では「絶えず動いてはいるが同じ場所を巡っているだけであり前進・進行・打開しないさま」の意味で比喩的に用いられているわけである。||堂||＊＊＊の類語には、物事を決められずにいるさまを表す「躊躇」「気迷い」「狼狽」などが挙げられる。また、物事がなかなか先に進まないさまを表す「膠着」「停滞」「挫折」なども類語に挙げることができる。","堂々巡り,どうどうめぐり","「堂々巡り」とは、議論や思考が進まず、同じところで巡っているさま、一向に物事が進展しないさまなどを意味する表現である。「堂々巡り」は、もともとは、僧侶が祈願のために何度も仏堂の周りをぐるぐると周回しているさまを指すである。これが今日では「絶えず動いてはいるが同じ場所を巡っているだけであり前進・進行・打開しないさま」の意味で比喩的に用いられているわけである。堂々巡りの類語には、物事を決められずにいるさまを表す「躊躇」「気迷い」「狼狽」などが挙げられる。また、物事がなかなか先に進まないさまを表す「膠着」「停滞」「挫折」なども類語に挙げることができる。",Guess the Word or Reading,Text
"||優||＊＊＊とは、物事の判断がなかなかできず、迷ってばかりいることを意味する四字熟語である。「煮え切らない」「不決断」「ためらい」とも言い換えることができる。また、対義語として、決断力があることを意味する「積極果断」がある。英語では、?indecision と表現する。","優柔不断,ゆうじゅうふだん","優柔不断とは、物事の判断がなかなかできず、迷ってばかりいることを意味する四字熟語である。「煮え切らない」「不決断」「ためらい」とも言い換えることができる。また、対義語として、決断力があることを意味する「積極果断」がある。英語では、?indecision と表現する。",Guess the Word or Reading,Text
"||既||＊＊＊とは、すでに世間に広く浸透し「そういうものだ」と定着しているような、認識や考え方の枠組みを意味する表現。すでに出来上がっている概念（物事の捉え方）。","既成概念,きせいがいねん","既成概念とは、すでに世間に広く浸透し「そういうものだ」と定着しているような、認識や考え方の枠組みを意味する表現。すでに出来上がっている概念（物事の捉え方）。",Guess the Word or Reading,Text
"||荒||＊＊＊とは、言説に根拠がなく有り得ないという意味の表現。読み方は「||こ||＊＊＊＊＊＊」。||荒||＊＊＊の「荒唐」の語は「荘子」の天下編に由来がある。「無為自然」を基本理念とする荘子学では、「荒唐の言」（でまかせ）を自然の秩序に従う良いものと評価していた。無稽は「書経」の中で使われ、「無稽の言は聴くこと勿れ」として、でまかせの言説に耳を貸すなと戒めている。||荒||＊＊＊を英語でいうなら illusion-promoting や nonsense のような表現が挙げられる。||荒||＊＊＊の類語（||荒||＊＊＊に意味の似た表現）としては「妄誕無稽」「机上の空論」あるいは「頓珍漢」などが挙げられる。まったく同義というわけではないので文脈やニュアンスに応じて使い分ける必要はある。","荒唐無稽,こうとうむけい","荒唐無稽とは、言説に根拠がなく有り得ないという意味の表現。読み方は「こうとうむけい」。荒唐無稽の「荒唐」の語は「荘子」の天下編に由来がある。「無為自然」を基本理念とする荘子学では、「荒唐の言」（でまかせ）を自然の秩序に従う良いものと評価していた。無稽は「書経」の中で使われ、「無稽の言は聴くこと勿れ」として、でまかせの言説に耳を貸すなと戒めている。荒唐無稽を英語でいうなら illusion-promoting や nonsense のような表現が挙げられる。荒唐無稽の類語（荒唐無稽に意味の似た表現）としては「妄誕無稽」「机上の空論」あるいは「頓珍漢」などが挙げられる。まったく同義というわけではないので文脈やニュアンスに応じて使い分ける必要はある。",Guess the Word or Reading,Text
"寿司のうち、生鮮魚介などの切り身を一口大の寿司飯に乗せて軽く握った料理。江戸前寿司。","握りずし,にぎりずし,握り寿司,にぎりずし","寿司のうち、生鮮魚介などの切り身を一口大の寿司飯に乗せて軽く握った料理。江戸前寿司。",Guess the Word or Reading,Text
"多くの憧れの眼差しを受ける対象となっているさま。多くの人が憧れる対象であるさま。「羨望の的」とも言う。","憧れの的,あこがれのまと","多くの憧れの眼差しを受ける対象となっているさま。多くの人が憧れる対象であるさま。「羨望の的」とも言う。",Guess the Word or Reading,Text
"あるものをやめて他のものと入れ替えること。取り替えること。","差し替え,さしかえ","あるものをやめて他のものと入れ替えること。取り替えること。",Guess the Word or Reading,Text
"対象に向かって吹き飛ばして付けること。風で飛ばして、付着させること。スプレー塗料などについて言う。","吹き付け,ふきつけ","対象に向かって吹き飛ばして付けること。風で飛ばして、付着させること。スプレー塗料などについて言う。",Guess the Word or Reading,Text
"設置すること。固定して動かさないさま。商品の値段についても用いることが多い。「据置」は送り仮名を省略した形。","据え置き,すえおき","設置すること。固定して動かさないさま。商品の値段についても用いることが多い。「据置」は送り仮名を省略した形。",Guess the Word or Reading,Text
"「相変わらず」「前と変わらず」「元のままで」といった意味。依然。","依然として,いぜんとして","「相変わらず」「前と変わらず」「元のままで」といった意味。依然。",Guess the Word or Reading,Text
"何かに力を加えることで、それ自体を動かさないようにすること、あるいは、物事を無理やり他人にやらせることなどを意味する表現。","押し付ける,おしつける","何かに力を加えることで、それ自体を動かさないようにすること、あるいは、物事を無理やり他人にやらせることなどを意味する表現。",Guess the Word or Reading,Text
"物事を最後までやり通す・やり遂げる、という意味の表現。","成し遂げる,なしとげる","物事を最後までやり通す・やり遂げる、という意味の表現。",Guess the Word or Reading,Text
"その機会があった場合には。ことあるごとにいつも。","折に触れて,おりにふれて","その機会があった場合には。ことあるごとにいつも。",Guess the Word or Reading,Text
"災害などに遭って生活に困窮している被災者を支援するため、善意に基づき金銭や物資を寄付すること。金銭の場合は特に「義捐金」（||義||＊金）、その他の物資は「義捐物資」と呼ばれる。最近ではやみくもに被災地に送られる義捐物資が、却って被災地の混乱を招くという過去の反省を踏まえ、個人レベルでの義捐は義捐金にするのが望ましいという見解が一般的となっている。","義援,ぎえん","災害などに遭って生活に困窮している被災者を支援するため、善意に基づき金銭や物資を寄付すること。金銭の場合は特に「義捐金」（義援金）、その他の物資は「義捐物資」と呼ばれる。最近ではやみくもに被災地に送られる義捐物資が、却って被災地の混乱を招くという過去の反省を踏まえ、個人レベルでの義捐は義捐金にするのが望ましいという見解が一般的となっている。",Guess the Word or Reading,Text
"見るにたえない、ひどく痛々しいありさま。大惨事の状況。むごたらしい、目もあてられない、といった形容も用いられる。","惨状,さんじょう","見るにたえない、ひどく痛々しいありさま。大惨事の状況。むごたらしい、目もあてられない、といった形容も用いられる。",Guess the Word or Reading,Text
"その場から逃れることで危険を免れること。避難。「||退||＊」に似た言葉に「待避」があるが、こちらは待機してその場へは行かないことで危険を免れることと言える。","退避,たいひ","その場から逃れることで危険を免れること。避難。「退避」に似た言葉に「待避」があるが、こちらは待機してその場へは行かないことで危険を免れることと言える。",Guess the Word or Reading,Text
"災害を被ること。罹災すること。||被||＊した地域を||被||＊地、||被||＊した人を||被||＊者という。","被災,ひさい","災害を被ること。罹災すること。被災した地域を被災地、被災した人を被災者という。",Guess the Word or Reading,Text
"髪を切り落とすこと。特に、相撲などにおいて、結っていた髷を切ることを指す語。","断髪,だんぱつ","髪を切り落とすこと。特に、相撲などにおいて、結っていた髷を切ることを指す語。",Guess the Word or Reading,Text
"「慰藉」に同じ（「藉」は非常用漢字）。主に「||慰||＊料」などの語で用いる。「慰藉」は、同情し、なぐさめること。","慰謝,いしゃ","「慰藉」に同じ（「藉」は非常用漢字）。主に「慰謝料」などの語で用いる。「慰藉」は、同情し、なぐさめること。",Guess the Word or Reading,Text
"詫び言を述べて自分の非を謝ること。物事の事情などを謝辞と共に述べること。「謝罪」と「||陳||＊」との違いは、詫びるべき物事についての事情を述べるかどうか、という点が主であり、単に過ちを詫びる場合には「謝罪」を、事情を述べ伝える場合には「||陳||＊」をと呼び分けることもある。","陳謝,ちんしゃ","詫び言を述べて自分の非を謝ること。物事の事情などを謝辞と共に述べること。「謝罪」と「陳謝」との違いは、詫びるべき物事についての事情を述べるかどうか、という点が主であり、単に過ちを詫びる場合には「謝罪」を、事情を述べ伝える場合には「陳謝」をと呼び分けることもある。",Guess the Word or Reading,Text
"失敗・過失などを許すこと。||容||＊の字はどちらも「ゆるす」の意味。「失礼の段、ご||容||＊下さい」などのように用いられる。","容赦,ようしゃ","失敗・過失などを許すこと。容赦の字はどちらも「ゆるす」の意味。「失礼の段、ご容赦下さい」などのように用いられる。",Guess the Word or Reading,Text
"安くて手ごろな値段を意味する語。","廉価,れんか","安くて手ごろな値段を意味する語。",Guess the Word or Reading,Text
"(1)一定の場所にとどまっていること、主に業務や任務のために一定期間、特定の場所に行ってとどまることを意味する表現。(2)「||駐||＊所」、または「||駐||＊巡査」の略。","駐在,ちゅうざい","(1)一定の場所にとどまっていること、主に業務や任務のために一定期間、特定の場所に行ってとどまることを意味する表現。(2)「駐在所」、または「駐在巡査」の略。",Guess the Word or Reading,Text
"物事の状態が不変であることを意味する語。「||恒||＊の平和を願う」などのように用いる。","恒久,こうきゅう","物事の状態が不変であることを意味する語。「恒久の平和を願う」などのように用いる。",Guess the Word or Reading,Text
"物事が新しい方へと移り変わること、あるいは、その過程を意味する語。","過渡,かと","物事が新しい方へと移り変わること、あるいは、その過程を意味する語。",Guess the Word or Reading,Text
"他と対照し、異なっている部分やその差異の程度などを見定めること、という意味で用いられる表現。基本的には名詞だが「||比||＊する」の形で動詞（サ変動詞）としてもよく用いられる。「||比||＊」の語を構成する「比」の字も「較」の字も、共に「くらべる」と訓ずる。つまり類義語が並置された形の熟語である。その意味は「比べる」（較べる）と何ら変わらない。||比||＊の語は、文語表現というわけではないが、漢語が多く用いられる硬めの文章で用いられやすい。他方、やや口語的なくだけた文においては「比べる」の方が好まれやすいといいえる。例えば、「両者を||比||＊した結果、意外な事実が判明した」というような文調では「||比||＊」が、「二つを比べてみると驚くべきことが分かった」というような口調では「比べる」が用いられやすい。他の熟語と組み合わせて「||比||＊対照」「||比||＊検討」のような表現が作ら..","比較,ひかく","他と対照し、異なっている部分やその差異の程度などを見定めること、という意味で用いられる表現。基本的には名詞だが「比較する」の形で動詞（サ変動詞）としてもよく用いられる。「比較」の語を構成する「比」の字も「較」の字も、共に「くらべる」と訓ずる。つまり類義語が並置された形の熟語である。その意味は「比べる」（較べる）と何ら変わらない。比較の語は、文語表現というわけではないが、漢語が多く用いられる硬めの文章で用いられやすい。他方、やや口語的なくだけた文においては「比べる」の方が好まれやすいといいえる。例えば、「両者を比較した結果、意外な事実が判明した」というような文調では「比較」が、「二つを比べてみると驚くべきことが分かった」というような口調では「比べる」が用いられやすい。他の熟語と組み合わせて「比較対照」「比較検討」のような表現が作られる場合も少なくない。また、「的」を接尾辞的に添えて「比較的」というと副詞となる。この場合、具体的な比較対称が特に念頭に置かれず漠然と「同種の他のものと比べてみて」程度の意味合いで用いられることが多い。「比較」と同じく「比べる」の意味で用いられる漢語表現としては",Guess the Word or Reading,Text
"明確ではない証拠を元にして、物事を推測することを意味する語。","憶測,おくそく","明確ではない証拠を元にして、物事を推測することを意味する語。",Guess the Word or Reading,Text
"(1)臭いの拡散を止めること、臭いを防ぐことを意味する表現。(2)充満している臭いを消すことを意味する表現。","防臭,ぼうしゅう","(1)臭いの拡散を止めること、臭いを防ぐことを意味する表現。(2)充満している臭いを消すことを意味する表現。",Guess the Word or Reading,Text
"死去したことを意味する知らせ。「悲報」「訃」ともいう。","訃報,ふほう","死去したことを意味する知らせ。「悲報」「訃」ともいう。",Guess the Word or Reading,Text
"（1）海軍などの中で、艦隊を統べる司令官を意味する語。（2）DMM.comと角川ゲームスのブラウザゲーム「艦隊これくしょん -艦これ-」のプレイヤーを意味する語。ゲーム内で艦船をモチーフにしたキャラクター「艦娘」を編成し戦闘を行わせるため、||提||＊という語が用いられる。艦娘の多くはプレイヤーに対し「||提||＊」と呼びかけるが、艦種によってはプレイヤーを「司令官」「隊長」と呼ぶ艦娘もいる。","提督,ていとく","（1）海軍などの中で、艦隊を統べる司令官を意味する語。（2）DMM.comと角川ゲームスのブラウザゲーム「艦隊これくしょん -艦これ-」のプレイヤーを意味する語。ゲーム内で艦船をモチーフにしたキャラクター「艦娘」を編成し戦闘を行わせるため、提督という語が用いられる。艦娘の多くはプレイヤーに対し「提督」と呼びかけるが、艦種によってはプレイヤーを「司令官」「隊長」と呼ぶ艦娘もいる。",Guess the Word or Reading,Text
"「||是||＊」とは、名詞で「正しいことか否か」ということ、または副詞で「なんとしてでも（～したい）」という意味の強調表現である。日常会話などでは副詞として用いられることが多い。","是非,ぜひ","「是非」とは、名詞で「正しいことか否か」ということ、または副詞で「なんとしてでも（～したい）」という意味の強調表現である。日常会話などでは副詞として用いられることが多い。",Guess the Word or Reading,Text
"直接的に指し示すのではなく、間接的にそれと判断されるような形で（多分に断片的に）手がかりを提供すること。それとなく示し教えること。「||示||＊」の典型的な用法としては、たとえば、「火星の地表で確認された浸食の痕跡は、かつて液体の水が地表に存在していたという可能性を||示||＊している」というような言い方が挙げられる。あからさまに何らかの情報を示しているというわけではないが、読み手あるいは観察者に対して何らかの気づきをもたらすことの多い、そのような暗示めいた情報の手がかりが豊富な様子は「||示||＊に富む」と表現される。","示唆,しさ","直接的に指し示すのではなく、間接的にそれと判断されるような形で（多分に断片的に）手がかりを提供すること。それとなく示し教えること。「示唆」の典型的な用法としては、たとえば、「火星の地表で確認された浸食の痕跡は、かつて液体の水が地表に存在していたという可能性を示唆している」というような言い方が挙げられる。あからさまに何らかの情報を示しているというわけではないが、読み手あるいは観察者に対して何らかの気づきをもたらすことの多い、そのような暗示めいた情報の手がかりが豊富な様子は「示唆に富む」と表現される。",Guess the Word or Reading,Text
"||硫||＊（||り||＊＊＊＊）とは、化学式H2SO4の化学物質である。一般には水溶液としたものを||硫||＊と呼んでいる。化学工業の上では基礎原料の一つで、金属製錬・製鋼・紡織・製紙・食料品工業・肥料など、広い分野で利用されている。また、化学実験に用いる試薬としても重要である。純粋なH2SO4は無色粘稠（ねんちゅう、粘り気があって密度が濃い様子）の液体であり、融点は10.35℃。この物体は熱すると290℃でSO3（三酸化硫黄）を放って分解する。水溶液のうち、濃度の低いもの(約90％未満)を希||硫||＊、濃度の高いもの（約90％以上）を濃||硫||＊という。10%を超えて含有する溶液は、医薬用外劇物の指定を受ける。不揮発性のため、仮に濃度の低い||硫||＊であったとしても、水分が蒸発すると濃縮され、衣服に付いたものを放置すると     穴があきかねず、皮膚に付いたものを放置すると..","硫酸,りゅうさん","硫酸（りゅうさん）とは、化学式H2SO4の化学物質である。一般には水溶液としたものを硫酸と呼んでいる。化学工業の上では基礎原料の一つで、金属製錬・製鋼・紡織・製紙・食料品工業・肥料など、広い分野で利用されている。また、化学実験に用いる試薬としても重要である。純粋なH2SO4は無色粘稠（ねんちゅう、粘り気があって密度が濃い様子）の液体であり、融点は10.35℃。この物体は熱すると290℃でSO3（三酸化硫黄）を放って分解する。水溶液のうち、濃度の低いもの(約90％未満)を希硫酸、濃度の高いもの（約90％以上）を濃硫酸という。10%を超えて含有する溶液は、医薬用外劇物の指定を受ける。不揮発性のため、仮に濃度の低い硫酸であったとしても、水分が蒸発すると濃縮され、衣服に付いたものを放置すると     穴があきかねず、皮膚に付いたものを放置すると、火傷をする恐れがある。硫酸は、水溶液中では2段階で電離し、強い酸性を呈する。電離の第1段階では硫化水素イオン（HSO4?、1価の陰イオン）、電離の第2段階では硫酸イオン（SO4 2-）が生じる。硫酸イオンは、多くの金属元素と安定な塩（硫酸塩）を形成する",Guess the Word or Reading,Text
"「||硝||＊」とは、化学式「HNO3」で表される無色透明で強い酸化作用をもつ有毒かつ有腐食性の液体もしくはその水溶液のことである。オストワルト法（アンモニアを酸化する手法）によって工業的に生産され、酸化剤などに利用されている。","硝酸,しょうさん","「硝酸」とは、化学式「HNO3」で表される無色透明で強い酸化作用をもつ有毒かつ有腐食性の液体もしくはその水溶液のことである。オストワルト法（アンモニアを酸化する手法）によって工業的に生産され、酸化剤などに利用されている。",Guess the Word or Reading,Text
"||了||＊（||り||＊＊＊＊＊）とは、相手の意向・事情・状況などを納得して理解することである。","了承,りょうしょう","了承（りょうしょう）とは、相手の意向・事情・状況などを納得して理解することである。",Guess the Word or Reading,Text
"||酢||＊（||さ||＊＊＊、英: acetic acid）とは、酢（食酢）の主成分として知られる有機化合物である。化学式は C2H4O2（示性式 CH3COOH）で表わされる。無色透明の液体であり、強い酸味と刺激臭を持つ。食酢には||酢||＊が3～5パーセント程度含まれている。高純度の||酢||＊は低温で結晶するため「氷||酢||＊」と呼ばれる。||酢||＊とエタノールが脱水縮合した化合物を||酢||＊エチルという。化学式はC4H8O2（示性式 CH3COOCH2CH3）である。また、||酢||＊とナトリウムの化合物を||酢||＊ナトリウム（||酢||＊ソーダ）という。化学式は C2H3NaO2（示性式 CH3COONa）である。","酢酸,さくさん","酢酸（さくさん、英: acetic acid）とは、酢（食酢）の主成分として知られる有機化合物である。化学式は C2H4O2（示性式 CH3COOH）で表わされる。無色透明の液体であり、強い酸味と刺激臭を持つ。食酢には酢酸が3～5パーセント程度含まれている。高純度の酢酸は低温で結晶するため「氷酢酸」と呼ばれる。酢酸とエタノールが脱水縮合した化合物を酢酸エチルという。化学式はC4H8O2（示性式 CH3COOCH2CH3）である。また、酢酸とナトリウムの化合物を酢酸ナトリウム（酢酸ソーダ）という。化学式は C2H3NaO2（示性式 CH3COONa）である。",Guess the Word or Reading,Text
"||寡||＊とは、夫と死別し、あるいは夫と離婚した後に結婚をしていない女性のことである。子どもを一人で養育している||寡||＊を、シングルマザーと呼ぶこともある。ちなみにシングルマザーは、離婚や死別の他に未婚の母や別居中の母も含まれるため、||寡||＊と同義ではない。||寡||＊の同義語には、「未亡人」や「やもめ」「後家」（ごけ）などが挙げられる。||寡||＊には税法上の優遇措置がとられる。例えば、子や親などの扶養親族がおり、所得金額が500万円以下の||寡||＊は、||寡||＊控除として27万円が所得金額から差し引かれる。なお、||寡||＊であっても事実婚の状態にある場合には控除の対象外となる。ちなみにひとり親（未婚の母）には、ひとり親控除として35万円が所得控除される。","寡婦,かふ","寡婦とは、夫と死別し、あるいは夫と離婚した後に結婚をしていない女性のことである。子どもを一人で養育している寡婦を、シングルマザーと呼ぶこともある。ちなみにシングルマザーは、離婚や死別の他に未婚の母や別居中の母も含まれるため、寡婦と同義ではない。寡婦の同義語には、「未亡人」や「やもめ」「後家」（ごけ）などが挙げられる。寡婦には税法上の優遇措置がとられる。例えば、子や親などの扶養親族がおり、所得金額が500万円以下の寡婦は、寡婦控除として27万円が所得金額から差し引かれる。なお、寡婦であっても事実婚の状態にある場合には控除の対象外となる。ちなみにひとり親（未婚の母）には、ひとり親控除として35万円が所得控除される。",Guess the Word or Reading,Text
"||経||＊とは、物事に何が起きて、どのような事情を経て、最終的に現状へと至ったのか、その一連の出来事の推移を指す言葉。何がどうしてこうなったのかを知るために有益といえる細かい情報。あるいは、顛末、一部始終。||経||＊は、事の「発端」から「結末」に至るまでの出来事の流れを全般的に含む表現といえる。発端や結末も含めた全貌（一部始終）を指す場合もある。||経||＊は「||け||＊＊」とも「いきさつ」とも読める。どちらも一般的に使われている読み方である。「経」と「緯」の字は、それぞれ「縦」と「横」を意味する。「||経||＊」も「たてよこ」と読まれる場合がある。地理座標系において用いられる「経度」と「緯度」も、総称して「||経||＊度」または「||経||＊」と呼ばれることがある。なお||経||＊は簡体字では「??」と表記されるが、これはもっぱら地理座標系の||経||＊度を意味する表現として..","経緯,けいい","経緯とは、物事に何が起きて、どのような事情を経て、最終的に現状へと至ったのか、その一連の出来事の推移を指す言葉。何がどうしてこうなったのかを知るために有益といえる細かい情報。あるいは、顛末、一部始終。経緯は、事の「発端」から「結末」に至るまでの出来事の流れを全般的に含む表現といえる。発端や結末も含めた全貌（一部始終）を指す場合もある。経緯は「けいい」とも「いきさつ」とも読める。どちらも一般的に使われている読み方である。「経」と「緯」の字は、それぞれ「縦」と「横」を意味する。「経緯」も「たてよこ」と読まれる場合がある。地理座標系において用いられる「経度」と「緯度」も、総称して「経緯度」または「経緯」と呼ばれることがある。なお経緯は簡体字では「??」と表記されるが、これはもっぱら地理座標系の経緯度を意味する表現として用いられている。「いきさつ」「事のなりゆき」は「??」（＝経過）と表現される場合が多い。「経緯」には「織物における縦糸と横糸」という字義もある。古語においては、経緯は「経糸（たていと）と緯糸（ぬきいと）」という意味を踏まえて「たてぬき」と読まれた。",Guess the Word or Reading,Text
"||寛||＊とは、広い心をもち他を受け入れるさま。具体的には、自分とは異なる意見や価値観を安易に拒絶せず許容しようと努めたり、他人の失敗や失礼な振る舞いをことさらに咎めだてせず許そうとする姿勢などが「||寛||＊である」（||寛||＊だ）と形容される。","寛容,かんよう","寛容とは、広い心をもち他を受け入れるさま。具体的には、自分とは異なる意見や価値観を安易に拒絶せず許容しようと努めたり、他人の失敗や失礼な振る舞いをことさらに咎めだてせず許そうとする姿勢などが「寛容である」（寛容だ）と形容される。",Guess the Word or Reading,Text
"「||敷||＊」は「敷くようにして設置する」ことを意味する語。とりわけ広範囲または長距離におよぶ工事を伴うものを指すことが多い。主に鉄道、道路、水道管の整備に関する文脈で用いられることが多い。「||敷||＊」は単に「設置」と表現しても特に問題なく文意が保てる。水道管を地中に||敷||＊するような場合は「埋設（まいせつ）」とも表現できる。||敷||＊の「敷」の字は音読みで「ふ」、訓読みでは「し（く）」と読む。なお||敷||＊は「布設」とも表記されることがある。「布」の字も「敷」と同様に「ふ」および「し（く）」と読む。なお「敷く」と表記する場合は物体を延べ広げるさまを指すことが多く、「布く」の表記は「広く行き渡らせる」という抽象的な動きを指すことが多い。||敷||＊（布設）と同じく「||ふ||＊＊」と読む字としては、「附設」や「付設」が挙げられる。「附設」と「付設」は純粋な異表記であり、..","敷設,ふせつ","「敷設」は「敷くようにして設置する」ことを意味する語。とりわけ広範囲または長距離におよぶ工事を伴うものを指すことが多い。主に鉄道、道路、水道管の整備に関する文脈で用いられることが多い。「敷設」は単に「設置」と表現しても特に問題なく文意が保てる。水道管を地中に敷設するような場合は「埋設（まいせつ）」とも表現できる。敷設の「敷」の字は音読みで「ふ」、訓読みでは「し（く）」と読む。なお敷設は「布設」とも表記されることがある。「布」の字も「敷」と同様に「ふ」および「し（く）」と読む。なお「敷く」と表記する場合は物体を延べ広げるさまを指すことが多く、「布く」の表記は「広く行き渡らせる」という抽象的な動きを指すことが多い。敷設（布設）と同じく「ふせつ」と読む字としては、「附設」や「付設」が挙げられる。「附設」と「付設」は純粋な異表記であり、意味・用法・読み方など一切同じである。その意味は「何物かに付属する形で設置する」ということである。",Guess the Word or Reading,Text
"||煩||＊（||は||＊＊＊）は、わずらわしく面倒であるさまを意味する言葉。やることが多い、込み入っている、とりとめがない、といったニュアンスを多分に含む。たいてい「||煩||＊な作業」「||煩||＊な業務」「||煩||＊な手続き」のような言い回しで用いられる。「||煩||＊」の「煩」の字が用いられる語としては「煩悩」（ぼんのう）も挙げられる。煩悩の「煩」の字義は「思いわずらう」という意味合いが色濃い。煩の字を含む語としては他に「煩忙」「煩多」などの語もある。ただしこれらの語は「繁忙」「繁多」というふうに「繁」の字を用いて表記されることが多い。「||煩||＊」の同音異義語に「繁雑」という語もある。「||煩||＊」と「繁雑」は異表記の同義語として扱われる場合もあるが、「繁雑」には「事項が多くまとまりに欠ける（ゴタゴタしている）」というニュアンスを中心とする。必ずしも「||煩||＊」に..","煩雑,はんざつ","煩雑（はんざつ）は、わずらわしく面倒であるさまを意味する言葉。やることが多い、込み入っている、とりとめがない、といったニュアンスを多分に含む。たいてい「煩雑な作業」「煩雑な業務」「煩雑な手続き」のような言い回しで用いられる。「煩雑」の「煩」の字が用いられる語としては「煩悩」（ぼんのう）も挙げられる。煩悩の「煩」の字義は「思いわずらう」という意味合いが色濃い。煩の字を含む語としては他に「煩忙」「煩多」などの語もある。ただしこれらの語は「繁忙」「繁多」というふうに「繁」の字を用いて表記されることが多い。「煩雑」の同音異義語に「繁雑」という語もある。「煩雑」と「繁雑」は異表記の同義語として扱われる場合もあるが、「繁雑」には「事項が多くまとまりに欠ける（ゴタゴタしている）」というニュアンスを中心とする。必ずしも「煩雑」における「込み入っていて面倒くさい」というニュアンスが含まれるとは限らない。",Guess the Word or Reading,Text
"||適||＊（||て||＊＊）とは、その時々の状況に応じてふさわしい行動を取るさま、また各自の判断で行動を取るさまを表す言葉。主に文章や改まった会話で用いる、やや硬い漢語である。「||適||＊」を構成する「適」「宜」はいずれも、状況にかなっているさま、妥当であるさまなどを意味する字である。","適宜,てきぎ","適宜（てきぎ）とは、その時々の状況に応じてふさわしい行動を取るさま、また各自の判断で行動を取るさまを表す言葉。主に文章や改まった会話で用いる、やや硬い漢語である。「適宜」を構成する「適」「宜」はいずれも、状況にかなっているさま、妥当であるさまなどを意味する字である。",Guess the Word or Reading,Text
"「||性||＊」とは、人間の心理や行動の癖・性格、性質上の偏りのことを意味する表現。","性癖,せいへき","「性癖」とは、人間の心理や行動の癖・性格、性質上の偏りのことを意味する表現。",Guess the Word or Reading,Text
"手加減をしないさま。「容赦無く」と書く。容赦とは、許したり手加減したりすること。;遠慮したり、手加減したり、情けをかけたりせずに、全力で攻撃などを行うさまを示す表現。;遠慮したり、手加減したり、情けをかけたりせずに、全力で攻撃などを行うさまを示す表現。","容赦なく,ようしゃなく","手加減をしないさま。「容赦無く」と書く。容赦とは、許したり手加減したりすること。;遠慮したり、手加減したり、情けをかけたりせずに、全力で攻撃などを行うさまを示す表現。;遠慮したり、手加減したり、情けをかけたりせずに、全力で攻撃などを行うさまを示す表現。",Guess the Word or Reading,Text
"「余儀無くされる」で、他にとるべき手段がないさま、そうせざるを得ないさまを表す。「余儀無い」の「余儀」は、他の方法という意味。","余儀なく,よぎなく","「余儀無くされる」で、他にとるべき手段がないさま、そうせざるを得ないさまを表す。「余儀無い」の「余儀」は、他の方法という意味。",Guess the Word or Reading,Text
"警察や探偵が調査のために一定の場所に待機をして調査すること。張り番、||張||＊＊＊番、||張||＊＊＊調査とも言う。","張り込み,はりこみ","警察や探偵が調査のために一定の場所に待機をして調査すること。張り番、張り込み番、張り込み調査とも言う。",Guess the Word or Reading,Text
"||減||＊＊＊とは、有形固定資産（||減||＊＊＊資産）の取得にかかった金額を、一定の方法で各年分の必要経費として配分することである。||減||＊＊＊の対象となるのは、耐用年数が1年以上であり取得価額が10万円以上の資産である。耐用年数が1年未満のもの、あるいは取得価額が10万円未満の資産についてはその取得に要した金額の全額を、その年分の必要経費として計上する。また、取得価額が10万円以上20万円未満の資産については、耐用年数分を均等に必要経費として配分できる他に、3分の1を必要経費にすることもできる。また、青色申告をしている場合には、全額を必要経費として充当することもできる。関連サイト：||減||＊＊＊資産の耐用年数等に関する省令（e-Gov）","減価償却,げんかしょうきゃく","減価償却とは、有形固定資産（減価償却資産）の取得にかかった金額を、一定の方法で各年分の必要経費として配分することである。減価償却の対象となるのは、耐用年数が1年以上であり取得価額が10万円以上の資産である。耐用年数が1年未満のもの、あるいは取得価額が10万円未満の資産についてはその取得に要した金額の全額を、その年分の必要経費として計上する。また、取得価額が10万円以上20万円未満の資産については、耐用年数分を均等に必要経費として配分できる他に、3分の1を必要経費にすることもできる。また、青色申告をしている場合には、全額を必要経費として充当することもできる。関連サイト：減価償却資産の耐用年数等に関する省令（e-Gov）",Guess the Word or Reading,Text
"||基||＊＊＊とは、所得税額を算出する際に総所得金額から差し引くことのできる金額のことである。2019年分以前の||基||＊＊＊額は、納税者本人の合計所得金額にかかわらず一律38万円だった。2020年1月に||基||＊＊＊が引き上げられ、合計所得金額に応じて控除額が変動するようになった。合計所得金額 2400万円以下の場合、控除額 48万円合計所得金額 2400万円超2450万円以下の場合、控除額 32万円合計所得金額 2450万円超2500万円以下の場合、控除額 16万円合計所得金額 2500万円超の場合、控除額 0円（控除額なし）||基||＊＊＊の引き上げとともに給与所得控除の引き下げも実施された。これにより、年収850万円以上の人は税負担が増えることになる。ちなみに||基||＊＊＊は人的控除の1つである。人的控除には、||基||＊＊＊の他に、配偶者控除や障害者控除、寡婦控除な..","基礎控除,きそこうじょ","基礎控除とは、所得税額を算出する際に総所得金額から差し引くことのできる金額のことである。2019年分以前の基礎控除額は、納税者本人の合計所得金額にかかわらず一律38万円だった。2020年1月に基礎控除が引き上げられ、合計所得金額に応じて控除額が変動するようになった。合計所得金額 2400万円以下の場合、控除額 48万円合計所得金額 2400万円超2450万円以下の場合、控除額 32万円合計所得金額 2450万円超2500万円以下の場合、控除額 16万円合計所得金額 2500万円超の場合、控除額 0円（控除額なし）基礎控除の引き上げとともに給与所得控除の引き下げも実施された。これにより、年収850万円以上の人は税負担が増えることになる。ちなみに基礎控除は人的控除の1つである。人的控除には、基礎控除の他に、配偶者控除や障害者控除、寡婦控除などがある。関連サイト：基礎控除（国税庁）",Guess the Word or Reading,Text
"||群||＊＊＊とは、幾人もの英雄・英傑が対立しつつ各々の勢力を築き、（覇権を巡って）相争う状況のこと。多くの実力者たちによる覇権争い。","群雄割拠,ぐんゆうかっきょ","群雄割拠とは、幾人もの英雄・英傑が対立しつつ各々の勢力を築き、（覇権を巡って）相争う状況のこと。多くの実力者たちによる覇権争い。",Guess the Word or Reading,Text
"よいか悪いか。適切であるか否か、賛成か反対かなどを問う際の表現。","是か非か,ぜかひか","よいか悪いか。適切であるか否か、賛成か反対かなどを問う際の表現。",Guess the Word or Reading,Text
"是非に、どうか、などの意味。相手に強く依頼したりお願いしたりする時に使う言い回し。是非。","是非とも,ぜひとも","是非に、どうか、などの意味。相手に強く依頼したりお願いしたりする時に使う言い回し。是非。",Guess the Word or Reading,Text
"しっかりとしたゆるぎない証拠、と言う意味の表現。","確たる証拠,かくたるしょうこ","しっかりとしたゆるぎない証拠、と言う意味の表現。",Guess the Word or Reading,Text
"他の物に体重をあずけて凭れるさま。「寄っ掛かる」とも言う。","寄り掛かる,よりかかる","他の物に体重をあずけて凭れるさま。「寄っ掛かる」とも言う。",Guess the Word or Reading,Text
"気象庁がかつて用いていた震度階級のうち、最も激しい震度を示す表現。震度7以上に相当し、家屋倒壊や山崩れ、断層などを生じる。ちなみに震度階級は「微震」、「軽震」、「弱震」、「中震」、「強震」、「烈震」、そして「||激||＊」の順に程度が甚だしくなる。","激震,げきしん","気象庁がかつて用いていた震度階級のうち、最も激しい震度を示す表現。震度7以上に相当し、家屋倒壊や山崩れ、断層などを生じる。ちなみに震度階級は「微震」、「軽震」、「弱震」、「中震」、「強震」、「烈震」、そして「激震」の順に程度が甚だしくなる。",Guess the Word or Reading,Text
"非常に甚大であること。被害の規模や範囲などが極めて大きく激しいこと。","激甚,げきじん","非常に甚大であること。被害の規模や範囲などが極めて大きく激しいこと。",Guess the Word or Reading,Text
"亡くなった人の残された体。死骸。「骸」は魂の抜けた身体のこと。","亡骸,なきがら","亡くなった人の残された体。死骸。「骸」は魂の抜けた身体のこと。",Guess the Word or Reading,Text
"麻雀で、流局や親の連荘などで場に置かれている点棒のこと。リーチ棒なども||供||＊に含まれる。","供託,きょうたく","麻雀で、流局や親の連荘などで場に置かれている点棒のこと。リーチ棒なども供託に含まれる。",Guess the Word or Reading,Text
"利益をもたらしたり便宜を図ったりするために、物や金を与えたり、情報や技術を提供したりすることを意味する表現。","供与,きょうよ","利益をもたらしたり便宜を図ったりするために、物や金を与えたり、情報や技術を提供したりすることを意味する表現。",Guess the Word or Reading,Text
"依頼を受けて特定対象の情報を隠密裏に調べることを業務とするもの。または、そうした業務。","探偵,たんてい","依頼を受けて特定対象の情報を隠密裏に調べることを業務とするもの。または、そうした業務。",Guess the Word or Reading,Text
"たいへん残念である、非常に悔やまれるといった意味の表現。主に「||痛||＊の思い」「||痛||＊の極み」「||痛||＊の一撃」などのような言い回しで用いられる。","痛恨,つうこん","たいへん残念である、非常に悔やまれるといった意味の表現。主に「痛恨の思い」「痛恨の極み」「痛恨の一撃」などのような言い回しで用いられる。",Guess the Word or Reading,Text
"本来の目標ではない対象に誤って爆撃することを意味する語。転じて、メールやブログなどを間違って送信することを意味する俗語としても用いられる。文字情報についての「||誤||＊」は、送信先を誤った場合や、未完成の状態で誤って送信してしまった場合などを指すことが多い。","誤爆,ごばく","本来の目標ではない対象に誤って爆撃することを意味する語。転じて、メールやブログなどを間違って送信することを意味する俗語としても用いられる。文字情報についての「誤爆」は、送信先を誤った場合や、未完成の状態で誤って送信してしまった場合などを指すことが多い。",Guess the Word or Reading,Text
"||補||＊（||ほ||＊＊）とは、「足りていない部分を補って埋め合わせる」ことを意味する表現。「填補」ともいう。||補||＊の「補」も「填」も「空いた所・不足している所を埋めて満たす」という意味の字である。「填」は「||補||＊」の他に「充填」などの語でも用いられる字であるが、常用漢字ではない（常用外漢字である）ため、新聞やテレビ等では「||補||＊」と表記せず「補てん」と表記する場合がある。","補填,ほてん","補填（ほてん）とは、「足りていない部分を補って埋め合わせる」ことを意味する表現。「填補」ともいう。補填の「補」も「填」も「空いた所・不足している所を埋めて満たす」という意味の字である。「填」は「補填」の他に「充填」などの語でも用いられる字であるが、常用漢字ではない（常用外漢字である）ため、新聞やテレビ等では「補填」と表記せず「補てん」と表記する場合がある。",Guess the Word or Reading,Text
"||克||＊とは、自分の中にある欲望や邪念に打ち勝つことである。読み方は「||こ||＊＊」である。英語では、self‐restraint あるいは、self‐control などと表現する。己の欲望を抑えようと、強い気持ちで物事に向き合うことを「||克||＊心」という。また、そのような精神を言い表すときに「||克||＊的」という表現を用い、「||克||＊的な行動」や「||克||＊的な姿勢」などと表現することがある。","克己,こっき","克己とは、自分の中にある欲望や邪念に打ち勝つことである。読み方は「こっき」である。英語では、self‐restraint あるいは、self‐control などと表現する。己の欲望を抑えようと、強い気持ちで物事に向き合うことを「克己心」という。また、そのような精神を言い表すときに「克己的」という表現を用い、「克己的な行動」や「克己的な姿勢」などと表現することがある。",Guess the Word or Reading,Text
"||枕||＊とは、和歌などにおいて、決められた語の前において修飾したり、語調を整えたりする語である。||枕||＊の多くは5文字で構成されている。よく知られる||枕||＊に「ちはやぶる」が挙げられる。「ちはやぶる」は、動詞の「ちはやぶ」の連体形で、荒々しい、猛々しいという意味を持ち、「神」「宇治」にかかる。「ちはやふる 神代もきかず 竜田川 からくれなゐに 水くくるとは」という和歌がある。||枕||＊のかかる言葉の数は||枕||＊によってまちまちである。例えば、「ひさかたの」は、「あられ」「雨」「雲」「空」「月」「月夜」「雪」「昼」「天」「日」にかかる。また、「たらちねの」は「母」「親」にかかる。||枕||＊の語は、「||枕||＊が長い」といった使い方をすることができる。||枕||＊が長いとは、前置きが長いという意味である。「彼は||枕||＊が長いので聞いていて疲れる」のような使い方を..","枕詞,まくらことば","枕詞とは、和歌などにおいて、決められた語の前において修飾したり、語調を整えたりする語である。枕詞の多くは5文字で構成されている。よく知られる枕詞に「ちはやぶる」が挙げられる。「ちはやぶる」は、動詞の「ちはやぶ」の連体形で、荒々しい、猛々しいという意味を持ち、「神」「宇治」にかかる。「ちはやふる 神代もきかず 竜田川 からくれなゐに 水くくるとは」という和歌がある。枕詞のかかる言葉の数は枕詞によってまちまちである。例えば、「ひさかたの」は、「あられ」「雨」「雲」「空」「月」「月夜」「雪」「昼」「天」「日」にかかる。また、「たらちねの」は「母」「親」にかかる。枕詞の語は、「枕詞が長い」といった使い方をすることができる。枕詞が長いとは、前置きが長いという意味である。「彼は枕詞が長いので聞いていて疲れる」のような使い方をする。",Guess the Word or Reading,Text
"||施||＊とは、「施す策」という字面の通り、ある事柄に対処するために実施される処置、または、実施すべき計画のことである。計画・実行すべき諸々の計画。ある問題について対応し解決を図る実||施||＊などを意味する表現。「||施||＊」は、ビジネスシーンにおいては「目標達成や問題解決のために講じるべき計画・実施事項」といった意味合いで用いられることが多い。行政においては、理念としての政策等ではなく行政主体が実際に講じる取り組みを指す意味で用いられる。","施策,しさく","施策とは、「施す策」という字面の通り、ある事柄に対処するために実施される処置、または、実施すべき計画のことである。計画・実行すべき諸々の計画。ある問題について対応し解決を図る実施策などを意味する表現。「施策」は、ビジネスシーンにおいては「目標達成や問題解決のために講じるべき計画・実施事項」といった意味合いで用いられることが多い。行政においては、理念としての政策等ではなく行政主体が実際に講じる取り組みを指す意味で用いられる。",Guess the Word or Reading,Text
"||批||＊とは、内容が確定している条約について、条約を締結する権利をもつ国家機関が確認、同意するということである。わかりやすく説明すると、条約に対して、国が行う最終的な確認や同意のことである。||批||＊の読み方は「||ひ||＊＊＊」である。||批||＊の「批」は国の主権者による承認という意味である。また、「准」は是認、容認、承認するという意味である。英語では ratification と表される。","批准,ひじゅん","批准とは、内容が確定している条約について、条約を締結する権利をもつ国家機関が確認、同意するということである。わかりやすく説明すると、条約に対して、国が行う最終的な確認や同意のことである。批准の読み方は「ひじゅん」である。批准の「批」は国の主権者による承認という意味である。また、「准」は是認、容認、承認するという意味である。英語では ratification と表される。",Guess the Word or Reading,Text
"||恐||＊（||き||＊＊＊＊＊）とは、ありがたく、また申し訳なく、あるいは気恥ずかしく思って、身のすくむような気持ちになることを意味する言葉。主に文章や改まった会話で用いる、やや硬い漢語である。「||恐||＊」は、おそれることを意味する「恐」と、身がすくむことを意味する「縮」から成り、もとは恐怖で身がすくむことも意味した。現代ではもっぱら、ありがたさなどを感じて身がすくむような思いがすることを意味して用いる。","恐縮,きょうしゅく","恐縮（きょうしゅく）とは、ありがたく、また申し訳なく、あるいは気恥ずかしく思って、身のすくむような気持ちになることを意味する言葉。主に文章や改まった会話で用いる、やや硬い漢語である。「恐縮」は、おそれることを意味する「恐」と、身がすくむことを意味する「縮」から成り、もとは恐怖で身がすくむことも意味した。現代ではもっぱら、ありがたさなどを感じて身がすくむような思いがすることを意味して用いる。",Guess the Word or Reading,Text
"||推||＊（||す||＊＊＊）とは、優れていて、条件や地位にふさわしいと思うひと・ものを人にすすめることをいう。「推」には「（前へ）おしだすこと」という意味があり、「薦」には「神羊」の意味がある。「羊を生贄として草に包んで神様の前に差し出した」という字源から《すすめる》という語義が成立したとされる。","推薦,すいせん","推薦（すいせん）とは、優れていて、条件や地位にふさわしいと思うひと・ものを人にすすめることをいう。「推」には「（前へ）おしだすこと」という意味があり、「薦」には「神羊」の意味がある。「羊を生贄として草に包んで神様の前に差し出した」という字源から《すすめる》という語義が成立したとされる。",Guess the Word or Reading,Text
"「饗宴（||き||＊＊＊＊）」の異表記で、客人をもてなすために催される宴・酒宴の意味で用いられる語。","供宴,きょうえん","「饗宴（きょうえん）」の異表記で、客人をもてなすために催される宴・酒宴の意味で用いられる語。",Guess the Word or Reading,Text
"実際よりも大げさにいうこと。値段を吊り上げたり、程度を甚だしくして表現すること。吹っかけた値。普通「掛値なしの」といった言い回しで用いる。","掛け値,かけね","実際よりも大げさにいうこと。値段を吊り上げたり、程度を甚だしくして表現すること。吹っかけた値。普通「掛値なしの」といった言い回しで用いる。",Guess the Word or Reading,Text
"その場ですぐさまに。「即座」の副詞的用法。「||即||＊＊採用が決定した」などのように使う。","即座に,そくざに","その場ですぐさまに。「即座」の副詞的用法。「即座に採用が決定した」などのように使う。",Guess the Word or Reading,Text
"洗浄を行うために用いられる薬剤。食器、機械装置、あるいは傷口などを洗い清めるために用いられる。純水、アルコール、塩素系の合成洗剤など。","洗浄剤,せんじょうざい","洗浄を行うために用いられる薬剤。食器、機械装置、あるいは傷口などを洗い清めるために用いられる。純水、アルコール、塩素系の合成洗剤など。",Guess the Word or Reading,Text
"心配、懸念。表外漢字であり「恐れ」と表記される場合が多い。","虞,おそれ","心配、懸念。表外漢字であり「恐れ」と表記される場合が多い。",Guess the Word or Reading,Text
"(1)出家して仏門に入った女性をさす語。梵語に由来する。(2)女性をののしって言う語。「このアマ」などのように用いることが比較的多い。(3)インターネット通販の大手サービス「アマゾン」 の俗称。インターネットスラングの一種。","尼,あま","(1)出家して仏門に入った女性をさす語。梵語に由来する。(2)女性をののしって言う語。「このアマ」などのように用いることが比較的多い。(3)インターネット通販の大手サービス「アマゾン」 の俗称。インターネットスラングの一種。",Guess the Word or Reading,Text
"(1)水を含んでべちゃべちゃになった土、粘土などを指す語。(2)||泥||棒の略。「下着ドロ」のようにカタカナ表記されて接尾辞的に用いられる場合がままある。「||泥||ママ」のスラングのように敢えて漢字表記する例も稀にある。(3)スマートフォン向けプラットフォーム（モバイルOS）「Android」（アンドロイド）を指すインターネットスラング。半ば隠語。同分野における同種の表現として「茸」（NTTドコモ）、「庭」（au by KDDI）、「禿」（ソフトバンクモバイル）、「芋」（イー・モバイル）などがある。","泥,どろ","(1)水を含んでべちゃべちゃになった土、粘土などを指す語。(2)泥棒の略。「下着ドロ」のようにカタカナ表記されて接尾辞的に用いられる場合がままある。「泥ママ」のスラングのように敢えて漢字表記する例も稀にある。(3)スマートフォン向けプラットフォーム（モバイルOS）「Android」（アンドロイド）を指すインターネットスラング。半ば隠語。同分野における同種の表現として「茸」（NTTドコモ）、「庭」（au by KDDI）、「禿」（ソフトバンクモバイル）、「芋」（イー・モバイル）などがある。",Guess the Word or Reading,Text
"(1)物体を取り囲む、または支えるなどといった役割をもつ構造の一部のこと。(2)物事の範囲を決めるため設けられる仕切りのこと。(3)酒に非常に強い人を意味する語。「ザル」のようにわずかでも酒の溜まるところがないため、「ザル」を超える酒豪を指すことが多い。","枠,わく","(1)物体を取り囲む、または支えるなどといった役割をもつ構造の一部のこと。(2)物事の範囲を決めるため設けられる仕切りのこと。(3)酒に非常に強い人を意味する語。「ザル」のようにわずかでも酒の溜まるところがないため、「ザル」を超える酒豪を指すことが多い。",Guess the Word or Reading,Text
"(1)時刻などを表す際に用いられる十干の二番目にあたる語。(2)(1)から、二番目や上から二段階目を意味する語。(3)ネット上において「||お||＊かれさま」を意味するスラング。","乙,おつ","(1)時刻などを表す際に用いられる十干の二番目にあたる語。(2)(1)から、二番目や上から二段階目を意味する語。(3)ネット上において「おつかれさま」を意味するスラング。",Guess the Word or Reading,Text
"別の人や物事にとっての利益を意味する語。役に立つことや糧になることという意味で、「タメになる」という形で用いられることが多い。","為,ため","別の人や物事にとっての利益を意味する語。役に立つことや糧になることという意味で、「タメになる」という形で用いられることが多い。",Guess the Word or Reading,Text
"（1）頑強な体躯を持つ怪物として描かれる空想的・伝説的な怪物。超人的な力と情け容赦ない性格の持ち主として語られることが多い。（2）||鬼||を連想させるほどの力強さ、大きさ、あるいは非道さを形容する表現。（3）程度の甚だしさを強調する意味合いで用いられる表現。「||鬼||すごい」というように副詞的に用いられることが多い。","鬼,おに","（1）頑強な体躯を持つ怪物として描かれる空想的・伝説的な怪物。超人的な力と情け容赦ない性格の持ち主として語られることが多い。（2）鬼を連想させるほどの力強さ、大きさ、あるいは非道さを形容する表現。（3）程度の甚だしさを強調する意味合いで用いられる表現。「鬼すごい」というように副詞的に用いられることが多い。",Guess the Word or Reading,Text
"箱などの容器の口を覆い塞ぐ部分や部品のこと。紙箱などの器物（紙器）の分野では||蓋||は「||蓋||箱」と呼ばれ、「身箱」と対をなす。身箱は単に「身」ともいう。身は、||蓋||に対してで物を入れる本体部分を指す語である。「身も||蓋||もない」といえば「ものの言い方があまりにも直接的で露骨である」さまを指す言い回しであるが、この「身と||蓋||」を容器の部分と捉えれば、包み隠し覆い隠す要素が全くない剥き出しの状態を指すというニュアンスが見出せる。","蓋,ふた","箱などの容器の口を覆い塞ぐ部分や部品のこと。紙箱などの器物（紙器）の分野では蓋は「蓋箱」と呼ばれ、「身箱」と対をなす。身箱は単に「身」ともいう。身は、蓋に対してで物を入れる本体部分を指す語である。「身も蓋もない」といえば「ものの言い方があまりにも直接的で露骨である」さまを指す言い回しであるが、この「身と蓋」を容器の部分と捉えれば、包み隠し覆い隠す要素が全くない剥き出しの状態を指すというニュアンスが見出せる。",Guess the Word or Reading,Text
"||沼||（||ぬ||＊）は中小規模の水域のことであり、「どっぷりハマって抜け出せない状態」の比喩に用いられる表現であり、最近では「趣味にハマる」「オタク趣味」という意味でよく用いられる表現である。「||沼||にハマる」「||沼||に引きずり込む」「||沼||る」「ボカロ||沼||」「||沼||ガール」のような表現で用いられることが多い。","沼,ぬま","沼（ぬま）は中小規模の水域のことであり、「どっぷりハマって抜け出せない状態」の比喩に用いられる表現であり、最近では「趣味にハマる」「オタク趣味」という意味でよく用いられる表現である。「沼にハマる」「沼に引きずり込む」「沼る」「ボカロ沼」「沼ガール」のような表現で用いられることが多い。",Guess the Word or Reading,Text
"漏れること、隠したり格納したりしていたものが外に出てしまうこと、などを意味する表現。","漏洩,ろうえい","漏れること、隠したり格納したりしていたものが外に出てしまうこと、などを意味する表現。",Guess the Word or Reading,Text
"人体が放射線に晒されること。「被ばく」により皮膚や衣服などに付着した放射性物質を除去する作業は「除染」と呼ばれる。","被曝,ひばく","人体が放射線に晒されること。「被ばく」により皮膚や衣服などに付着した放射性物質を除去する作業は「除染」と呼ばれる。",Guess the Word or Reading,Text
"物事や情報などが、複雑に入り組んだり、混乱したりしていること、などを意味する表現。「情報が||錯||＊している」などという具合に使われる。","錯綜,さくそう","物事や情報などが、複雑に入り組んだり、混乱したりしていること、などを意味する表現。「情報が錯綜している」などという具合に使われる。",Guess the Word or Reading,Text
"鎧や兜をはじめとする武具。具足。","甲冑,かっちゅう","鎧や兜をはじめとする武具。具足。",Guess the Word or Reading,Text
"以前から行われているやり方や方針などを引き継ぎ継続すること、前例などに倣い、受け継ぐこと、などを幅広く意味する表現。前例||踏||＊。","踏襲,とうしゅう","以前から行われているやり方や方針などを引き継ぎ継続すること、前例などに倣い、受け継ぐこと、などを幅広く意味する表現。前例踏襲。",Guess the Word or Reading,Text
"巧みである。鮮やかだ。「||う||＊＊」は通常「旨い」や「甘い」と書き、特に「||巧||＊」と表記する場合は技巧的に優れていることなどを表す。「上手い」と書く場合もある。","巧い,うまい","巧みである。鮮やかだ。「うまい」は通常「旨い」や「甘い」と書き、特に「巧い」と表記する場合は技巧的に優れていることなどを表す。「上手い」と書く場合もある。",Guess the Word or Reading,Text
"停滞せず順調に仕事の過程や工程が進むさま。進捗する。得意分野で自分の能力を活かして進捗する様子を「兎の登り坂」、前途を妨げるものがなく万事順調に進捗する様子を「順風満帆」などと言う。","捗る,はかどる","停滞せず順調に仕事の過程や工程が進むさま。進捗する。得意分野で自分の能力を活かして進捗する様子を「兎の登り坂」、前途を妨げるものがなく万事順調に進捗する様子を「順風満帆」などと言う。",Guess the Word or Reading,Text
"非常に心配すること、非常に懸念すること、憂い慮ること、などの意味の表現。「||憂||＊」という場合は、通常は単に「心配しておろおろしている」ということではなく「強い危機感を持って心配している」という意味合いで使われる。","憂慮,ゆうりょ","非常に心配すること、非常に懸念すること、憂い慮ること、などの意味の表現。「憂慮」という場合は、通常は単に「心配しておろおろしている」ということではなく「強い危機感を持って心配している」という意味合いで使われる。",Guess the Word or Reading,Text
"不本意ながらしかたなく賛成、承知、実施するさまなどを意味する表現。","渋々,しぶしぶ","不本意ながらしかたなく賛成、承知、実施するさまなどを意味する表現。",Guess the Word or Reading,Text
"激しく容赦ない攻め、攻撃を指す語。||猛||＊撃ともいう。","猛攻,もうこう","激しく容赦ない攻め、攻撃を指す語。猛攻撃ともいう。",Guess the Word or Reading,Text
"河川の水量が増えて堤防から溢れ、周囲へ流れ出ることを指す語。マスメディアなどでは「はん濫」の表記を用いることが多い。転じて、好ましからざるものが世の中に広がっているさまなどを示すことも多い。","氾濫,はんらん","河川の水量が増えて堤防から溢れ、周囲へ流れ出ることを指す語。マスメディアなどでは「はん濫」の表記を用いることが多い。転じて、好ましからざるものが世の中に広がっているさまなどを示すことも多い。",Guess the Word or Reading,Text
"「||更||＊」とは、組織の要職・重職の地位にある人を解任して他の者を登用する（入れ替え人事を行う）ことを意味する表現である。とりわけ「政府が大臣や政党幹部を解任する」ことを指す意味で用いられることが多い。大臣に限らず、行政機関の要職、大企業の重役などが解任される場合にも、しばしば「||更||＊」の表現が用いられる。「||更||＊」の「更」も「迭」も、どちらも「入れ替える」「入れ替えて新しいものにする」という意味の字である。「迭（てつ）」の字が用いられる表現は、一応「迭立（てつりつ）」のような言葉も挙げられるが、一般的な文脈の中ではもっぱら「||更||＊」の語でのみ用いられる字といえる。","更迭,こうてつ","「更迭」とは、組織の要職・重職の地位にある人を解任して他の者を登用する（入れ替え人事を行う）ことを意味する表現である。とりわけ「政府が大臣や政党幹部を解任する」ことを指す意味で用いられることが多い。大臣に限らず、行政機関の要職、大企業の重役などが解任される場合にも、しばしば「更迭」の表現が用いられる。「更迭」の「更」も「迭」も、どちらも「入れ替える」「入れ替えて新しいものにする」という意味の字である。「迭（てつ）」の字が用いられる表現は、一応「迭立（てつりつ）」のような言葉も挙げられるが、一般的な文脈の中ではもっぱら「更迭」の語でのみ用いられる字といえる。",Guess the Word or Reading,Text
"どうしようもない眠たさ、打ち克ち難い眠気、などを意味する表現。強い眠気に囚われることを「||睡||＊に襲われる」などと表現する。","睡魔,すいま","どうしようもない眠たさ、打ち克ち難い眠気、などを意味する表現。強い眠気に囚われることを「睡魔に襲われる」などと表現する。",Guess the Word or Reading,Text
"結婚すること。結婚を指す法律上の用語。","婚姻,こんいん","結婚すること。結婚を指す法律上の用語。",Guess the Word or Reading,Text
"物事を頼んで、まかせること、特定の物事をしてもらうように頼むことなどを意味する表現。","依頼,いらい","物事を頼んで、まかせること、特定の物事をしてもらうように頼むことなどを意味する表現。",Guess the Word or Reading,Text
"書物、特定の話、手紙、会議、メール、講演、などにおける要点のこと。「話の||趣||＊」などという言う具合に用いられる。","趣旨,しゅし","書物、特定の話、手紙、会議、メール、講演、などにおける要点のこと。「話の趣旨」などという言う具合に用いられる。",Guess the Word or Reading,Text
"「||か||＊＊＊」と読み、通常は「頑」と書いて「||か||＊＊＊」と読む。自分の意見や考え、主張に固執し、変えようとしないさま。","頑な,かたくな","「かたくな」と読み、通常は「頑」と書いて「かたくな」と読む。自分の意見や考え、主張に固執し、変えようとしないさま。",Guess the Word or Reading,Text
"物事を早く済ませるように急かすさまを意味する語。「督促」などとも言う。","催促,さいそく","物事を早く済ませるように急かすさまを意味する語。「督促」などとも言う。",Guess the Word or Reading,Text
"相手を手なずけるなどして、自分の思い通りに事を運ぶことを意味する語。","懐柔,かいじゅう","相手を手なずけるなどして、自分の思い通りに事を運ぶことを意味する語。",Guess the Word or Reading,Text
"(1)恥ずかしい思いをすること、またそのさまを意味する表現。(2)不名誉であること、またそのさまを意味する表現。","恥辱,ちじょく","(1)恥ずかしい思いをすること、またそのさまを意味する表現。(2)不名誉であること、またそのさまを意味する表現。",Guess the Word or Reading,Text
"何かを隠していることを意味する語。あるいは、内に秘める悪心などを意味する。","隠匿,いんとく","何かを隠していることを意味する語。あるいは、内に秘める悪心などを意味する。",Guess the Word or Reading,Text
"物事に恐れ、たじろぐこと、あるいは、偉大な人に対して畏まって敬うことなどを意味する言葉。「||畏||＊の念を抱く」などのように用いる。","畏怖,いふ","物事に恐れ、たじろぐこと、あるいは、偉大な人に対して畏まって敬うことなどを意味する言葉。「畏怖の念を抱く」などのように用いる。",Guess the Word or Reading,Text
"（1）生物の体組織が微生物によって破壊・分解され変質すること。腐敗ともいう。同じ作用によって食物に有益な影響がもたらされる場合は「発酵」と呼ばれる。（2）だめになる、落ち込む、といった意味で比喩的に用いられる表現。根性が||腐||＊、気分が腐っている、などのように用いられる。（3）インターネットスラングとしては「腐女子と化す」すなわち男性動詞の恋愛や絡み合いといった要素への嗜好を持ってしまうことを「||腐||＊」と表現する場合がある。","腐る,くさる","（1）生物の体組織が微生物によって破壊・分解され変質すること。腐敗ともいう。同じ作用によって食物に有益な影響がもたらされる場合は「発酵」と呼ばれる。（2）だめになる、落ち込む、といった意味で比喩的に用いられる表現。根性が腐る、気分が腐っている、などのように用いられる。（3）インターネットスラングとしては「腐女子と化す」すなわち男性動詞の恋愛や絡み合いといった要素への嗜好を持ってしまうことを「腐る」と表現する場合がある。",Guess the Word or Reading,Text
"不祥事や汚職などの疑惑をもとに非難・咎め立てし、職責を問い質す、という意味で用いられる表現。政治家や組織の幹部などの要職にある者が、地位ある者としてあるまじき行為を行ったとして、非難、批判、辞職要求などを行うことを指す場合が多い。||糾||＊に似た語としては「非難」や「批判」あるいは「弾劾」「誹議」などが挙げられる。非難・批判は悪を悪として叩くという意味合いが強いが、これに対して||糾||＊は引責と改善・再発防止まで含む意味合いが色濃い。弾劾は「責任を追及する」という意味合いでは||糾||＊と共通するが、裁判における罷免手続きを指す用語として用いられることが多く、その他の一般的な文脈で用いられることは少ない。誹議は表現そのものが古びた語彙となっており今日ではめったに用いられない。","糾弾,きゅうだん","不祥事や汚職などの疑惑をもとに非難・咎め立てし、職責を問い質す、という意味で用いられる表現。政治家や組織の幹部などの要職にある者が、地位ある者としてあるまじき行為を行ったとして、非難、批判、辞職要求などを行うことを指す場合が多い。糾弾に似た語としては「非難」や「批判」あるいは「弾劾」「誹議」などが挙げられる。非難・批判は悪を悪として叩くという意味合いが強いが、これに対して糾弾は引責と改善・再発防止まで含む意味合いが色濃い。弾劾は「責任を追及する」という意味合いでは糾弾と共通するが、裁判における罷免手続きを指す用語として用いられることが多く、その他の一般的な文脈で用いられることは少ない。誹議は表現そのものが古びた語彙となっており今日ではめったに用いられない。",Guess the Word or Reading,Text
"「||傲||＊（||ご||＊＊＊）」とは、思い上がり、おごり高ぶり、他人に対して見下すような態度で接するような様子を形容する表現である。||傲||＊の「傲」の字は訓読みで「おごる（傲る）」と読まれる。||傲||＊の「慢」の字も、「自慢」「慢心」のような語において「おごる」「思い上がる」という意味が込められる。「||傲||＊」の類義語としては「傲岸」「不遜」「横柄」あるいは「我儘」などが挙げられる。「傲岸」の「岸」は「高く際立って構える」という意味合いを示す字である。意味や使いどころはほぼ「||傲||＊」と同じといえる。「不遜」は「遜（へりくだ）らず」という意味の表現であり、意味や使いどころはほぼ「||傲||＊」と同じである。しばしば「傲岸」と併置して「傲岸不遜」という言い回しで用いられる。「横柄」は「人を見下したような」「偉そうな」態度という点にニュアンスの焦点がある言い方である。思..","傲慢,ごうまん","「傲慢（ごうまん）」とは、思い上がり、おごり高ぶり、他人に対して見下すような態度で接するような様子を形容する表現である。傲慢の「傲」の字は訓読みで「おごる（傲る）」と読まれる。傲慢の「慢」の字も、「自慢」「慢心」のような語において「おごる」「思い上がる」という意味が込められる。「傲慢」の類義語としては「傲岸」「不遜」「横柄」あるいは「我儘」などが挙げられる。「傲岸」の「岸」は「高く際立って構える」という意味合いを示す字である。意味や使いどころはほぼ「傲慢」と同じといえる。「不遜」は「遜（へりくだ）らず」という意味の表現であり、意味や使いどころはほぼ「傲慢」と同じである。しばしば「傲岸」と併置して「傲岸不遜」という言い回しで用いられる。「横柄」は「人を見下したような」「偉そうな」態度という点にニュアンスの焦点がある言い方である。思い上がった自己評価を持っているかどうかは問わず、他人への接しかた・態度に着眼した表現といえる。「我儘（わがまま）」は自分の要求を通そうとすること、そのため譲歩しないことを指す。思い上がった態度と相通じる部分はあるが、語義そのものに思い上がりの要素が含まれていると",Guess the Word or Reading,Text
"ズレや傾きがあるさまを指す表現。基準とする線や面に対して、あるいは正面・前後左右・東西南北・水平・垂直といった方向に対して、ぴたりと一致していない状況。転じて、真っ直ぐでない、普通でない（通常とは異なる）、といった状況を指す語としても用いられる。古語には「||斜||＊なり」と書いて「なのめなり」と読む形容動詞がある。「枕草子」や「源氏物語」などに「なのめ（なり）」の語の使用例が見出せる。ただし、その語義は「いいかげんである」および「ありふれている」といった意味合いであり、傾斜や傾きといった意味は特にない。漢語・漢字としての「斜」の字には元々「||斜||＊である」「傾いている」という意味がある。古典的な大和言葉としての「||斜||＊」（なのめ）が、漢語の「斜」の字義を中心とする字とした扱われるようになり、読み方も「なのめ」から「||な||＊＊」に転訛して、今日の「||斜||＊」（||な..","斜め,ななめ","ズレや傾きがあるさまを指す表現。基準とする線や面に対して、あるいは正面・前後左右・東西南北・水平・垂直といった方向に対して、ぴたりと一致していない状況。転じて、真っ直ぐでない、普通でない（通常とは異なる）、といった状況を指す語としても用いられる。古語には「斜めなり」と書いて「なのめなり」と読む形容動詞がある。「枕草子」や「源氏物語」などに「なのめ（なり）」の語の使用例が見出せる。ただし、その語義は「いいかげんである」および「ありふれている」といった意味合いであり、傾斜や傾きといった意味は特にない。漢語・漢字としての「斜」の字には元々「斜めである」「傾いている」という意味がある。古典的な大和言葉としての「斜め」（なのめ）が、漢語の「斜」の字義を中心とする字とした扱われるようになり、読み方も「なのめ」から「ななめ」に転訛して、今日の「斜め」（ななめ）という語彙となった、と解釈できる。「斜」の字は「はす」とも読む。意味は「ななめ」と変わらない。「斜」を「はす」と読む用法は、「斜向かい」（はすむかい）、「斜交い」（はすかい）、「斜に構える」（はすにかまえる）といった慣用的な言い回しに多く見られ",Guess the Word or Reading,Text
"時間をかけて育てること。経験を積んでいくことを「経験を||培||＊」と表現する。意味が似た言葉として「養う」と「育む」があるが「||培||＊」が植物を培養する意味合いが強いのに対し「養う」と「育む」は動物や人間を育てるというニュアンスが強い。特に「育む」は愛情をかけて育てるという意味を含んでいる。","培う,つちかう","時間をかけて育てること。経験を積んでいくことを「経験を培う」と表現する。意味が似た言葉として「養う」と「育む」があるが「培う」が植物を培養する意味合いが強いのに対し「養う」と「育む」は動物や人間を育てるというニュアンスが強い。特に「育む」は愛情をかけて育てるという意味を含んでいる。",Guess the Word or Reading,Text
"||緩||＊とは、動きがゆっくりしているさま、のろのろと行動するさま、対応が遅く生ぬるい（中途半端である）さま、といった意味で用いられる表現である。読み方は「||か||＊＊＊」である。動きがのろい、という意味では「||緩||＊な動作」というような言い回しで用いられることが多く、「対応が遅く生ぬるい」という意味では「||緩||＊な対応」というような言い回しで用いられることが多い。変化の進み具合が遅々として進まないさまを「||緩||＊な変化」と表現する場合もある。いずれにしても、外部からの刺激にとっさに応じたり機敏に対処したりしないような「鈍さ」の意味合いが見出せる。","緩慢,かんまん","緩慢とは、動きがゆっくりしているさま、のろのろと行動するさま、対応が遅く生ぬるい（中途半端である）さま、といった意味で用いられる表現である。読み方は「かんまん」である。動きがのろい、という意味では「緩慢な動作」というような言い回しで用いられることが多く、「対応が遅く生ぬるい」という意味では「緩慢な対応」というような言い回しで用いられることが多い。変化の進み具合が遅々として進まないさまを「緩慢な変化」と表現する場合もある。いずれにしても、外部からの刺激にとっさに応じたり機敏に対処したりしないような「鈍さ」の意味合いが見出せる。",Guess the Word or Reading,Text
"||煩||＊（||ぼ||＊＊＊）とは、「身心を悩まし煩わせる心のはたらき」を意味する仏教の用語。迷いや苦しみの原因となる心のけがれ。典型的には「貪瞋痴の《三毒》」など。通俗的には、とりわけ「物欲」および「性欲」を指す意味で用いられることが多い。","煩悩,ぼんのう","煩悩（ぼんのう）とは、「身心を悩まし煩わせる心のはたらき」を意味する仏教の用語。迷いや苦しみの原因となる心のけがれ。典型的には「貪瞋痴の《三毒》」など。通俗的には、とりわけ「物欲」および「性欲」を指す意味で用いられることが多い。",Guess the Word or Reading,Text
"||嫉||＊（||し||＊＊）とは、自分より他人の方が優れている、あるいは自分より他人の方に愛情が向けられている、といった認識に伴って生じるネガティブな感情のことである。一般的には、羨望と憎悪が含まれる攻撃的な感情と捉えられる。||嫉||＊の「嫉」および「妬」の字は、どちらも「ねたみ」と「そねみ」という訓読みがあり、それぞれの字が単独で||嫉||＊の感情を指し示している。英語では jealousy が||嫉||＊の意味合いに最も近い語と位置づけられる。また、envy も基本的には羨望と訳されるが、日本語の||嫉||＊に含まれるニュアンスを持った英語である。||嫉||＊の語を使った例文として、「あなたの彼氏は案外||嫉||＊深いのね」「彼女が好きすぎて||嫉||＊してしまう」「||嫉||＊深い男は意外に多い」などが挙げられる。","嫉妬,しっと","嫉妬（しっと）とは、自分より他人の方が優れている、あるいは自分より他人の方に愛情が向けられている、といった認識に伴って生じるネガティブな感情のことである。一般的には、羨望と憎悪が含まれる攻撃的な感情と捉えられる。嫉妬の「嫉」および「妬」の字は、どちらも「ねたみ」と「そねみ」という訓読みがあり、それぞれの字が単独で嫉妬の感情を指し示している。英語では jealousy が嫉妬の意味合いに最も近い語と位置づけられる。また、envy も基本的には羨望と訳されるが、日本語の嫉妬に含まれるニュアンスを持った英語である。嫉妬の語を使った例文として、「あなたの彼氏は案外嫉妬深いのね」「彼女が好きすぎて嫉妬してしまう」「嫉妬深い男は意外に多い」などが挙げられる。",Guess the Word or Reading,Text
"不特定の人物を指す代名詞的表現。","誰か,だれか","不特定の人物を指す代名詞的表現。",Guess the Word or Reading,Text
"||諮||＊（||は||＊＊）とは、他人に意見を求めたり、相談したりすること。「会議に||諮||＊」「役員会に||諮||＊」といった表現で用いられることが多い。「諮」の字は音読みでは「シ」と読む。訓読みが「はか-る」である。「諮」の字を使った語としては「諮問（シモン）」や「諮詢（シジュン）」が挙げられる。「諮問」も「諮詢」も、他の機関（とりわけ専門委員会や有識者会議など）に話を持っていって意見を求める、という意味で用いられる。行政機関が専門家や有識者へ||諮||＊（意見を求める）ために設置した機関を「諮問機関」という。 諮問を行う主体である官庁を「諮問庁」という。「||諮||＊」と同様「||は||＊＊」と読む字には「計る」「図る」「量る」「測る」「謀る」などがある。「計る」や「図る」は「計画を立てる」という意味合いが強い。「計る」には計算・計測の意味もある。「測る」と「量る」は計測・..","諮る,はかる","諮る（はかる）とは、他人に意見を求めたり、相談したりすること。「会議に諮る」「役員会に諮る」といった表現で用いられることが多い。「諮」の字は音読みでは「シ」と読む。訓読みが「はか-る」である。「諮」の字を使った語としては「諮問（シモン）」や「諮詢（シジュン）」が挙げられる。「諮問」も「諮詢」も、他の機関（とりわけ専門委員会や有識者会議など）に話を持っていって意見を求める、という意味で用いられる。行政機関が専門家や有識者へ諮る（意見を求める）ために設置した機関を「諮問機関」という。 諮問を行う主体である官庁を「諮問庁」という。「諮る」と同様「はかる」と読む字には「計る」「図る」「量る」「測る」「謀る」などがある。「計る」や「図る」は「計画を立てる」という意味合いが強い。「計る」には計算・計測の意味もある。「測る」と「量る」は計測・軽量の意味が強い。「量る」には推量（推し量る）の意味もある。「謀る」は、他人を陥れようと策略を練る（はかりごと）という意味がある。",Guess the Word or Reading,Text
"否定語を伴って「||誰||＊～ない」と叙述される場合、該当する人物が皆無であるという意味。nobody 。「||誰||＊-が」の形で用いられる場合は、該当しない人物が皆無であるという意味。everybody 。","誰も,だれも","否定語を伴って「誰も～ない」と叙述される場合、該当する人物が皆無であるという意味。nobody 。「誰も-が」の形で用いられる場合は、該当しない人物が皆無であるという意味。everybody 。",Guess the Word or Reading,Text
"主に指先などで軽く挟むようにして持つ動作を指す表現。","摘む,つまむ","主に指先などで軽く挟むようにして持つ動作を指す表現。",Guess the Word or Reading,Text
"||怠||＊とは、なまけておりだらしないさま、を指す言葉である。||怠||＊の語を構成する「怠」の字も「惰」の字も、共に訓読みで「おこたる」と読める。どちらも「おこたる」「なまける」という字義がある。つまり「||怠||＊」は、「巨大」や「飛翔」などと同様、同義語を併置した構成の語彙である。「||怠||＊」を英語に訳するとすれば「lazy」が訳語の第一候補に挙がる。lazy は（人が）だらだらしているさまを形容する言葉であり、||怠||＊なさまを形容する語である。ただし、lazy は文脈によっては「（雲や川が）ゆっくりと・おだやかに移ろうさま」を表現する語としても用いられる。「||怠||＊」に関する概念としてキリスト教における「七つの大罪」が挙げられる。七つの大罪は、人間を罪に導く可能性があると見做されてきた欲や感情の総称である。具体的には、「《傲慢》の罪」「《憤怒》の罪」「《嫉妬》の..","怠惰,たいだ","怠惰とは、なまけておりだらしないさま、を指す言葉である。怠惰の語を構成する「怠」の字も「惰」の字も、共に訓読みで「おこたる」と読める。どちらも「おこたる」「なまける」という字義がある。つまり「怠惰」は、「巨大」や「飛翔」などと同様、同義語を併置した構成の語彙である。「怠惰」を英語に訳するとすれば「lazy」が訳語の第一候補に挙がる。lazy は（人が）だらだらしているさまを形容する言葉であり、怠惰なさまを形容する語である。ただし、lazy は文脈によっては「（雲や川が）ゆっくりと・おだやかに移ろうさま」を表現する語としても用いられる。「怠惰」に関する概念としてキリスト教における「七つの大罪」が挙げられる。七つの大罪は、人間を罪に導く可能性があると見做されてきた欲や感情の総称である。具体的には、「《傲慢》の罪」「《憤怒》の罪」「《嫉妬》の罪」「《怠惰》の罪」「《強欲》の罪」「《暴食》の罪」「《色欲》の罪」の計7つで構成される。《怠惰》は、わりと消極的な姿勢であって、他の悪徳ほど有害と思えない感もあるが、必要以上の過度の休息（=怠惰）は結果的に他人の尻拭いを必要とするものであり、人に迷惑を",Guess the Word or Reading,Text
"||秀||＊とは、抜きん出て優れている、という意味の表現。他と比べて抜群によくできているということ。「||秀||＊な作品」「||秀||＊なネタ」「||秀||＊な回答」「||秀||＊な演技」というふうに、基本的に「作品」や「言動」の評価に用いられる表現である。（「||秀||＊な人」「彼は||秀||＊だ」というような人物評価には普通は用いられない）。||秀||＊の「秀」の字は「秀でる（ひいでる）」とも読み、ひときわ上手いことを意味する。||秀||＊の「逸」も、「優れている」という意味合いをもつ字である。たとえば「逸品」「逸材」、あるいは「逸早く（いちはやく）といった表現に同じ字義が見いだせる。つまり「||秀||＊」は、同じ（「すぐれる」という）意味の字を並置したタイプの漢語表現である。「優秀」や「卓越」などの語と同様である。「逸」の字はもともと「逃げる兔」を意味する会意文字である。しかし..","秀逸,しゅういつ","秀逸とは、抜きん出て優れている、という意味の表現。他と比べて抜群によくできているということ。「秀逸な作品」「秀逸なネタ」「秀逸な回答」「秀逸な演技」というふうに、基本的に「作品」や「言動」の評価に用いられる表現である。（「秀逸な人」「彼は秀逸だ」というような人物評価には普通は用いられない）。秀逸の「秀」の字は「秀でる（ひいでる）」とも読み、ひときわ上手いことを意味する。秀逸の「逸」も、「優れている」という意味合いをもつ字である。たとえば「逸品」「逸材」、あるいは「逸早く（いちはやく）といった表現に同じ字義が見いだせる。つまり「秀逸」は、同じ（「すぐれる」という）意味の字を並置したタイプの漢語表現である。「優秀」や「卓越」などの語と同様である。「逸」の字はもともと「逃げる兔」を意味する会意文字である。しかし、そこから「秀逸」の意味を「（逃げる兎が）枠の外に出るほど優れている」という解釈に無杉つけるのは無理があるのではないかと思われてならない。",Guess the Word or Reading,Text
"||疲||＊とは、つかれて弱る、経済的に窮乏するさまのことである。||疲||＊の「疲」には、くたびれて力が弱る、つかれる、（経済的に）財力が尽きて苦しむという意味がある。「弊」には、古くなってきれる、ぼろぼろになる、やぶれるという意味がある。どちらも「つかれる」ことを意味する漢字であり、似た単語を重ねることで、語気を強めている。英語では、疲労、消耗、使い尽くすといった意味の exhaustion や impoverishment を用いる。","疲弊,ひへい","疲弊とは、つかれて弱る、経済的に窮乏するさまのことである。疲弊の「疲」には、くたびれて力が弱る、つかれる、（経済的に）財力が尽きて苦しむという意味がある。「弊」には、古くなってきれる、ぼろぼろになる、やぶれるという意味がある。どちらも「つかれる」ことを意味する漢字であり、似た単語を重ねることで、語気を強めている。英語では、疲労、消耗、使い尽くすといった意味の exhaustion や impoverishment を用いる。",Guess the Word or Reading,Text
"||添||＊とは、書かれた文章に足りないものを書き加えたり、不要なものを取り除いたりする作業のことである。||添||＊の「添」には付け加えるという意味があり、「削」には取り除くという意味がある。||添||＊を英語で表現すると correction となる。||添||＊をする場合には、赤色の筆記具を用いるのが一般的である。そのため、||添||＊することを「赤入れ」「朱書き」という言葉で表現することもある。","添削,てんさく","添削とは、書かれた文章に足りないものを書き加えたり、不要なものを取り除いたりする作業のことである。添削の「添」には付け加えるという意味があり、「削」には取り除くという意味がある。添削を英語で表現すると correction となる。添削をする場合には、赤色の筆記具を用いるのが一般的である。そのため、添削することを「赤入れ」「朱書き」という言葉で表現することもある。",Guess the Word or Reading,Text
"「||葛||＊」とは、「互いに対立する感情・意見・欲求を同時に抱え、取捨選択できずに苦悩する心理状態」を意味する表現である。または、「人間関係のもつれ」を指す意味で用いられることもある。||葛||＊の意味をわかりやすく例えれば、「これでいいのだ」と思う一方で「このままでいいのか」「このままではいけない」という気持ちもあって悶々としている状況が||葛||＊であるといえる。「||葛||＊」の読み方は「||か||＊＊＊」である。ただし、植物名としての「||葛||＊」は「つづらふじ」と読む。「||葛||＊（||か||＊＊＊）」は、英語では conflict（コンフリクト）と訳される。conflict は闘争・衝突・対立・利害の不一致・||葛||＊などの意味で用いられる単語。「||葛||＊」の「葛」は「つづら」または「かずら」とも読む。同じく「藤」は「ふじ」とも読む。どちらも蔓植物の名称である..","葛藤,かっとう","「葛藤」とは、「互いに対立する感情・意見・欲求を同時に抱え、取捨選択できずに苦悩する心理状態」を意味する表現である。または、「人間関係のもつれ」を指す意味で用いられることもある。葛藤の意味をわかりやすく例えれば、「これでいいのだ」と思う一方で「このままでいいのか」「このままではいけない」という気持ちもあって悶々としている状況が葛藤であるといえる。「葛藤」の読み方は「かっとう」である。ただし、植物名としての「葛藤」は「つづらふじ」と読む。「葛藤（かっとう）」は、英語では conflict（コンフリクト）と訳される。conflict は闘争・衝突・対立・利害の不一致・葛藤などの意味で用いられる単語。「葛藤」の「葛」は「つづら」または「かずら」とも読む。同じく「藤」は「ふじ」とも読む。どちらも蔓植物の名称である。「葛藤（かっとう）」の語源は仏教にあり、煩悩を捨て去ることの難しさを「葛と藤の蔓が複雑に絡みついて解けないさま」に例えて「葛藤」と表現された。これが「複雑に絡み合い（もつれて）苦悩するさま」を指す意味で用いられるようになった。",Guess the Word or Reading,Text
"||罹||＊とは、病気にかかること、疾病すること。読み方は、「||り||＊＊」。例えば、風邪を引くことを「風邪に||罹||＊する」といい、癌になることを「癌に||罹||＊する」という。","罹患,りかん","罹患とは、病気にかかること、疾病すること。読み方は、「りかん」。例えば、風邪を引くことを「風邪に罹患する」といい、癌になることを「癌に罹患する」という。",Guess the Word or Reading,Text
"||乖||＊（||か||＊＊）とは「離れること」「離れているさま」を意味する語。本来なら近くあるべきもの・近くあってほしいものが、不本意にも互いに遠ざかっている・かけ離れている、というニュアンスを伴うことが多い。もっぱら「数値」や「考え」「予測と現実」などの抽象的な隔たりの表現に用いられる。株や為替の分野では、移動平均線に対する現在の株価の離れ具合（||乖||＊の度合い）を【移動平均線||乖||＊率】または単に【||乖||＊率】という。移動平均線||乖||＊率は買い時・売り時を見定める指標の一つとして重視されている。||乖||＊という言葉は、動詞または名詞として使われる。「||乖||＊する」「||乖||＊している」「||乖||＊が見られる」といった言い回しが多い。","乖離,かいり","乖離（かいり）とは「離れること」「離れているさま」を意味する語。本来なら近くあるべきもの・近くあってほしいものが、不本意にも互いに遠ざかっている・かけ離れている、というニュアンスを伴うことが多い。もっぱら「数値」や「考え」「予測と現実」などの抽象的な隔たりの表現に用いられる。株や為替の分野では、移動平均線に対する現在の株価の離れ具合（乖離の度合い）を【移動平均線乖離率】または単に【乖離率】という。移動平均線乖離率は買い時・売り時を見定める指標の一つとして重視されている。乖離という言葉は、動詞または名詞として使われる。「乖離する」「乖離している」「乖離が見られる」といった言い回しが多い。",Guess the Word or Reading,Text
"||媒||＊（||ば||＊＊＊）は、2つかそれ以上の人や物の間に位置どり、双方が関係を持つために必要な中継地点として機能すること、および、そのような役割をするモノのこと。||媒||＊は「仲立ち（なかだち）」とも言い換えられる。「媒」の字だけで「なかだち」と読む場合もある。||媒||＊の手段として機能するものは「媒体」という。電磁波の伝播などを||媒||＊するものは「媒質」という。「||媒||＊」の語が用いられる例としては「受粉」「伝染病」および「不動産取引」などの話題が挙げられる。「受粉」は「花粉||媒||＊」ともいう。受粉は、植物の花粉が雌蕊（めしべ）に付着して受精することを指すが、花粉そのものは雌蕊まで移動する能力を持たない。そこで植物は、風・虫・鳥などに花粉を運ばせる。この風や虫や鳥が、受粉を||媒||＊する媒体である。植物は花粉||媒||＊の方法によって「風媒花」「虫媒花」「..","媒介,ばいかい","媒介（ばいかい）は、2つかそれ以上の人や物の間に位置どり、双方が関係を持つために必要な中継地点として機能すること、および、そのような役割をするモノのこと。媒介は「仲立ち（なかだち）」とも言い換えられる。「媒」の字だけで「なかだち」と読む場合もある。媒介の手段として機能するものは「媒体」という。電磁波の伝播などを媒介するものは「媒質」という。「媒介」の語が用いられる例としては「受粉」「伝染病」および「不動産取引」などの話題が挙げられる。「受粉」は「花粉媒介」ともいう。受粉は、植物の花粉が雌蕊（めしべ）に付着して受精することを指すが、花粉そのものは雌蕊まで移動する能力を持たない。そこで植物は、風・虫・鳥などに花粉を運ばせる。この風や虫や鳥が、受粉を媒介する媒体である。植物は花粉媒介の方法によって「風媒花」「虫媒花」「鳥媒花」などと呼び分けられる。伝染病に関しては、病原体を保有する生物が「感染症を媒介する」と表現される。ダニは人を刺咬する際に「脳炎」「つつが虫病」「重症熱性血小板減少症候群（SFTS）」などに感染させることがある。このような（ダニが媒介する）感染症を総称して「ダニ媒介感染症」",Guess the Word or Reading,Text
"その方向へゆく・向かって行くことを意味する語。","赴く,おもむく","その方向へゆく・向かって行くことを意味する語。",Guess the Word or Reading,Text
"たるんだようになって緩むこと。緊張していたものの緊張がゆるむこと、緊張がほぐれるさまなどを指す表現。","弛緩,しかん","たるんだようになって緩むこと。緊張していたものの緊張がゆるむこと、緊張がほぐれるさまなどを指す表現。",Guess the Word or Reading,Text
"腕前がたくみであること。物事を素早く上手にこなすさま。または相した腕前。対義語は「鈍腕」で、こちらは鈍臭い様子。","敏腕,びんわん","腕前がたくみであること。物事を素早く上手にこなすさま。または相した腕前。対義語は「鈍腕」で、こちらは鈍臭い様子。",Guess the Word or Reading,Text
"拭い去ること。さっぱりと、きれいに取り除くこと。","払拭,ふっしょく","拭い去ること。さっぱりと、きれいに取り除くこと。",Guess the Word or Reading,Text
"慶事と弔事。慶事は結婚や出産、弔事には葬式などが該当する。","慶弔,けいちょう","慶事と弔事。慶事は結婚や出産、弔事には葬式などが該当する。",Guess the Word or Reading,Text
"干ばつによる農作物の不作などによって食料が極端に不足し、人々が飢えること。干ばつの他にも火山噴火や虫害、霜害など、さまざまな災害によって発生する可能性がある。","飢饉,ききん","干ばつによる農作物の不作などによって食料が極端に不足し、人々が飢えること。干ばつの他にも火山噴火や虫害、霜害など、さまざまな災害によって発生する可能性がある。",Guess the Word or Reading,Text
"「||憤||＊」とは、怒っていること・腹立たしいことなどを意味する表現である。","憤り,いきどおり","「憤り」とは、怒っていること・腹立たしいことなどを意味する表現である。",Guess the Word or Reading,Text
"無言で祈りを捧げること。特に、死者に対し弔いの意をこめて祈りを捧げること。「黙祷する」もしくは「黙祷を捧げる」などの形で用いられる。","黙とう,もくとう","無言で祈りを捧げること。特に、死者に対し弔いの意をこめて祈りを捧げること。「黙祷する」もしくは「黙祷を捧げる」などの形で用いられる。",Guess the Word or Reading,Text
"肉などを小麦粉や片栗粉の薄い衣にまとわせて油で揚げる料理。具や衣に下味をつけることが多い。天ぷらは下味はつけないことが多い。","唐揚げ,からあげ","肉などを小麦粉や片栗粉の薄い衣にまとわせて油で揚げる料理。具や衣に下味をつけることが多い。天ぷらは下味はつけないことが多い。",Guess the Word or Reading,Text
"少しづつ、一歩一歩。次第に。","徐々に,じょじょに","少しづつ、一歩一歩。次第に。",Guess the Word or Reading,Text
"仲介にして、仲立ちにして、紹介者にして、～によって、などといった意味。","介して,かいして","仲介にして、仲立ちにして、紹介者にして、～によって、などといった意味。",Guess the Word or Reading,Text
"(1)広く全体を見渡すことを意味する表現。(2)見つめること、あるいは何もせずに様子を見ていることなどを意味する表現。","眺める,ながめる","(1)広く全体を見渡すことを意味する表現。(2)見つめること、あるいは何もせずに様子を見ていることなどを意味する表現。",Guess the Word or Reading,Text
"「||誰||＊＊言わない」といった形で、特定の人に限定せずどんな人にも、あるいは全ての人に対して、という意味の表現。","誰にも,だれにも","「誰にも言わない」といった形で、特定の人に限定せずどんな人にも、あるいは全ての人に対して、という意味の表現。",Guess the Word or Reading,Text
"どことなく疑わしい、普通と異なった様子であるさま。怪しい感じがするさま。","怪しげ,あやしげ","どことなく疑わしい、普通と異なった様子であるさま。怪しい感じがするさま。",Guess the Word or Reading,Text
"悪いことが起きるのではないか、と不安を抱くこと。他人の将来を考えて、重い気持ちになるときに「行く末を||憂||＊＊」などと表現することがある。同音語としては、「愁える」が挙げられる。「世の中を||憂||＊＊」「愁える」が、物悲しさや寂しさを含んだ感情を表すのに対して、「||憂||＊＊」は、何かに対して心配するときや心を痛めるときに用いられることが多い。","憂える,うれえる","悪いことが起きるのではないか、と不安を抱くこと。他人の将来を考えて、重い気持ちになるときに「行く末を憂える」などと表現することがある。同音語としては、「愁える」が挙げられる。「世の中を憂える」「愁える」が、物悲しさや寂しさを含んだ感情を表すのに対して、「憂える」は、何かに対して心配するときや心を痛めるときに用いられることが多い。",Guess the Word or Reading,Text
"不定・不明な（しかしそう多くはない）数を指し示す言い方。数個程度が念頭に置かれていることが多い。","幾つか,いくつか","不定・不明な（しかしそう多くはない）数を指し示す言い方。数個程度が念頭に置かれていることが多い。",Guess the Word or Reading,Text
"||携||＊＊（||た||＊＊＊＊）とは、事業や事業計画に関与する、参画する、従事する、という意味で用いられる表現。「関わる」よりは積極的な参加のニュアンスがあり、「手掛ける」というほど支配的な意味合いはない。","携わる,たずさわる","携わる（たずさわる）とは、事業や事業計画に関与する、参画する、従事する、という意味で用いられる表現。「関わる」よりは積極的な参加のニュアンスがあり、「手掛ける」というほど支配的な意味合いはない。",Guess the Word or Reading,Text
"危険な目に逢わないで逃れる、免除される、などという意味。「||免||＊＊」と書いて、「まぬかれる」「||ま||＊＊＊＊」どちらの読み方もあるが、より古いのは「まぬかれる」という読み方。","免れる,まぬがれる","危険な目に逢わないで逃れる、免除される、などという意味。「免れる」と書いて、「まぬかれる」「まぬがれる」どちらの読み方もあるが、より古いのは「まぬかれる」という読み方。",Guess the Word or Reading,Text
"手に持つこと。あるいは、人の手を取ること。単に持ち物として身に付けることを指す場合もある。","携える,たずさえる","手に持つこと。あるいは、人の手を取ること。単に持ち物として身に付けることを指す場合もある。",Guess the Word or Reading,Text
"物事を他のものと区別のつかない状態にすること。一時的に忘れること。気分について言うことが多く、「気を||紛||＊＊」「悲しみを||紛||＊＊」「退屈を||紛||＊＊」などのように用いられる。「紛らわす」とも言う。","紛らす,まぎらす","物事を他のものと区別のつかない状態にすること。一時的に忘れること。気分について言うことが多く、「気を紛らす」「悲しみを紛らす」「退屈を紛らす」などのように用いられる。「紛らわす」とも言う。",Guess the Word or Reading,Text
"盆の期間の祭りに催される集団で踊る行事。やぐらの上で太鼓が音頭を取りその周りを踊るのが典型的。","盆踊り,ぼんおどり","盆の期間の祭りに催される集団で踊る行事。やぐらの上で太鼓が音頭を取りその周りを踊るのが典型的。",Guess the Word or Reading,Text
"人を問わない、限定しないさま。「でも」は不定称に付いて意味を強める表現。","誰でも,だれでも","人を問わない、限定しないさま。「でも」は不定称に付いて意味を強める表現。",Guess the Word or Reading,Text
"事に当たる際の充足感や手応え、張り合い。過去に行った事について評価する場合は「||や||＊＊＊があった」の他に「やった甲斐があった」とも表現する。","やり甲斐,やりがい","事に当たる際の充足感や手応え、張り合い。過去に行った事について評価する場合は「やり甲斐があった」の他に「やった甲斐があった」とも表現する。",Guess the Word or Reading,Text
"ゆらゆらと揺らして幼児をあやしたり、安眠できるようにしたりする道具。揺籃とも言う。","揺りかご,ゆりかご","ゆらゆらと揺らして幼児をあやしたり、安眠できるようにしたりする道具。揺籃とも言う。",Guess the Word or Reading,Text
"華やかであるさま、華やかで優れているさま。「花々しい」とも書く。","華々しい,はなばなしい","華やかであるさま、華やかで優れているさま。「花々しい」とも書く。",Guess the Word or Reading,Text
"他人の住居や事務所などに押しかけて乱暴したり暴れまわったりすることを指す表現。","殴り込み,なぐりこみ","他人の住居や事務所などに押しかけて乱暴したり暴れまわったりすることを指す表現。",Guess the Word or Reading,Text
"皆にみっともない姿を見せるさま、醜態をさらすさま、またはそのような人を指す表現。","恥さらし,はじさらし","皆にみっともない姿を見せるさま、醜態をさらすさま、またはそのような人を指す表現。",Guess the Word or Reading,Text
"相手が嫌だと思うことを敢えて行い、困らせたり不快な思いをさせたりすること。||嫌||＊＊＊ること。","嫌がらせ,いやがらせ","相手が嫌だと思うことを敢えて行い、困らせたり不快な思いをさせたりすること。嫌がらせること。",Guess the Word or Reading,Text
"漫才などでボケに対して指摘や合いの手を挟むこと。または、その役割の人、その行為の内容。笑いどころが何処であるか明確にしつつ話を進行する役割を持つ。漫才だけでなく日常でも用いられている語。","突っ込み,つっこみ","漫才などでボケに対して指摘や合いの手を挟むこと。または、その役割の人、その行為の内容。笑いどころが何処であるか明確にしつつ話を進行する役割を持つ。漫才だけでなく日常でも用いられている語。",Guess the Word or Reading,Text
"「||煮||＊＊＊」とは、議論が行き詰まり結論が出せない状態になるという誤った意味での解釈が増えている言葉だが本来は論議が十分に行われて結論が出せるようになった状況のことを意味する表現。煮物を十分に煮込んで水気が減った状態、味の成分が濃縮された状態から転じた表現。ちなみに、「これ以上アイデアが出ない」「議論が進まない」といった意味で「会議が||煮||＊＊＊」などと表現される場合があるが、これは本来は誤りである。","煮詰まる,につまる","「煮詰まる」とは、議論が行き詰まり結論が出せない状態になるという誤った意味での解釈が増えている言葉だが本来は論議が十分に行われて結論が出せるようになった状況のことを意味する表現。煮物を十分に煮込んで水気が減った状態、味の成分が濃縮された状態から転じた表現。ちなみに、「これ以上アイデアが出ない」「議論が進まない」といった意味で「会議が煮詰まる」などと表現される場合があるが、これは本来は誤りである。",Guess the Word or Reading,Text
"物事の程度が激しいさまを意味する語。「||荒||＊＊＊波が打ち付ける」などのように用いる。","荒々しい,あらあらしい","物事の程度が激しいさまを意味する語。「荒々しい波が打ち付ける」などのように用いる。",Guess the Word or Reading,Text
"||鬱||＊＊＊（||う||＊＊＊＊＊）とは、払いのけたくなるような種類の煩わしさ・重苦しさ・不快感を感じているさまを形容する表現。名詞形は「鬱陶しさ」、形容動詞は「鬱陶しげ」。鬱陶しく思っているように振る舞うことを「鬱陶しがる」と表現することもできる。","鬱陶しい,うっとうしい","鬱陶しい（うっとうしい）とは、払いのけたくなるような種類の煩わしさ・重苦しさ・不快感を感じているさまを形容する表現。名詞形は「鬱陶しさ」、形容動詞は「鬱陶しげ」。鬱陶しく思っているように振る舞うことを「鬱陶しがる」と表現することもできる。",Guess the Word or Reading,Text
"振り上げる、掲げる、などの意味の表現。「振り翳す」と書く。","振りかざす,ふりかざす","振り上げる、掲げる、などの意味の表現。「振り翳す」と書く。",Guess the Word or Reading,Text
"相手に対して示す、相手の方向に向ける、などの意味の表現。「突き付ける」「突付ける」と書く。","突きつける,つきつける","相手に対して示す、相手の方向に向ける、などの意味の表現。「突き付ける」「突付ける」と書く。",Guess the Word or Reading,Text
"無念の思いや、つらい苦しい思いなどが晴れない、報われないという情念を表現する語。多くの場合は死霊などの怨めしい思いを表現する際に用いられる。なお、心配事などで気が沈んだ様子などは「浮かない顔」などと表現する。","浮かばれない,うかばれない","無念の思いや、つらい苦しい思いなどが晴れない、報われないという情念を表現する語。多くの場合は死霊などの怨めしい思いを表現する際に用いられる。なお、心配事などで気が沈んだ様子などは「浮かない顔」などと表現する。",Guess the Word or Reading,Text
"目上の人や顧客などの依頼や指示について承ること、承諾すること。","畏まりました,かしこまりました","目上の人や顧客などの依頼や指示について承ること、承諾すること。",Guess the Word or Reading,Text
"主に、よその家などを訪れた際に挨拶文句として用いられる言い方。訪問時の第一声として用いられることが多い。字義通りには相手の許しを請う表現であり、「ごめん下さいませ」のような言い回しで（軽度の）お詫びを示す意味合いで用いられることもある。","ご免ください,ごめんください","主に、よその家などを訪れた際に挨拶文句として用いられる言い方。訪問時の第一声として用いられることが多い。字義通りには相手の許しを請う表現であり、「ごめん下さいませ」のような言い回しで（軽度の）お詫びを示す意味合いで用いられることもある。",Guess the Word or Reading,Text
"シダ植物の多年草。主に山地の日向などに生える。春に若芽を生やし、山菜として食べられる。","蕨,わらび","シダ植物の多年草。主に山地の日向などに生える。春に若芽を生やし、山菜として食べられる。",Guess the Word or Reading,Text
"（1）身体や物の表面にたまったりこびりついたりした汚れを意味する語。（2）「アカウント」の略称として用いられるネットスラング。「アカウント」の「アカ」に漢字を当てたものと推測される。「||垢||」という語は、メインで運用しているアカウントを意味する「本||垢||」や、本||垢||とは別に運用する「裏||垢||」などのように、アカウントの性質を表す語と合わせて用いられることも多い。","垢,あか","（1）身体や物の表面にたまったりこびりついたりした汚れを意味する語。（2）「アカウント」の略称として用いられるネットスラング。「アカウント」の「アカ」に漢字を当てたものと推測される。「垢」という語は、メインで運用しているアカウントを意味する「本垢」や、本垢とは別に運用する「裏垢」などのように、アカウントの性質を表す語と合わせて用いられることも多い。",Guess the Word or Reading,Text
"||橘||（||た||＊＊＊）とは、ミカン科ミカン属の常緑小高木で柑||橘||類の一種。別名はヤマトタチバナ、ニッポンタチバナという。||橘||は日本固有の柑||橘||で、四国・九州・沖縄などの海岸に近い山地に自生している。||橘||は、木の高さが2メートルから4メートルあり、枝は横に広がり繁茂しやすい。楕円形の厚みの葉があり、枝に棘があるのが特徴的である。5?6月に枝先に直径2cmの白い花を咲かせ、果実は秋から冬に黄色に熟し、大きさは直径3cmほどで小さい。果皮は黄色で薄く剥きやすいが、果肉は非常に酸っぱく、種が大きいためそのまま食べるのは向かないと言われている。そのため、ジャムや果実酒、調味料として加工されることが多い。果実は先端が窪む。花や葉には他のミカン類と同じように良い芳香がある。||橘||は、昔から実より花や常緑の葉が注目されている。1937年に制定された文化勲章は||橘..","橘,たちばな","橘（たちばな）とは、ミカン科ミカン属の常緑小高木で柑橘類の一種。別名はヤマトタチバナ、ニッポンタチバナという。橘は日本固有の柑橘で、四国・九州・沖縄などの海岸に近い山地に自生している。橘は、木の高さが2メートルから4メートルあり、枝は横に広がり繁茂しやすい。楕円形の厚みの葉があり、枝に棘があるのが特徴的である。5?6月に枝先に直径2cmの白い花を咲かせ、果実は秋から冬に黄色に熟し、大きさは直径3cmほどで小さい。果皮は黄色で薄く剥きやすいが、果肉は非常に酸っぱく、種が大きいためそのまま食べるのは向かないと言われている。そのため、ジャムや果実酒、調味料として加工されることが多い。果実は先端が窪む。花や葉には他のミカン類と同じように良い芳香がある。橘は、昔から実より花や常緑の葉が注目されている。1937年に制定された文化勲章は橘をデザインされている。章の表面に橘の五弁の花があり、章の上のボタン部分には橘の葉と実がデザインされている。",Guess the Word or Reading,Text
"物事が急に変化・発生するさま。形容動詞「にわか(俄か・俄)」の連用形。","俄に,にわかに","物事が急に変化・発生するさま。形容動詞「にわか(俄か・俄)」の連用形。",Guess the Word or Reading,Text
"何かに足の先が突っかかって転びそうになること。または比喩的に、途中で困難があったり障害があったりしてうまく行かなくなること。","躓く,つまずく","何かに足の先が突っかかって転びそうになること。または比喩的に、途中で困難があったり障害があったりしてうまく行かなくなること。",Guess the Word or Reading,Text
"日の光に当てること、人目に触れるようにすることなどを意味する語。転じて、ネット上において他人のメールアドレスなどの個人情報を無断で掲載したりすることなどを指す場合もある。","晒す,さらす,曝す,さらす","日の光に当てること、人目に触れるようにすることなどを意味する語。転じて、ネット上において他人のメールアドレスなどの個人情報を無断で掲載したりすることなどを指す場合もある。",Guess the Word or Reading,Text
"(1)全体のうちほんの一部しか欠いていないさまを意味する表現。(2)あと少しで完成または終了するさまを意味する表現。(3)ある物事を危うくしてしまいそうであるさまを意味する表現。(4)全体のうちの大多数を指す表現。例えば「||ほ||＊＊＊の人が勘違いをしている」などという形で用いられる。","殆ど,ほとんど","(1)全体のうちほんの一部しか欠いていないさまを意味する表現。(2)あと少しで完成または終了するさまを意味する表現。(3)ある物事を危うくしてしまいそうであるさまを意味する表現。(4)全体のうちの大多数を指す表現。例えば「ほとんどの人が勘違いをしている」などという形で用いられる。",Guess the Word or Reading,Text
"対象をからかって面白おかしく扱うこと、皮肉めいた批判によって嘲笑的に扱うこと、といった意味で用いられる表現。「揶」も「揄」も共に「からかう」という字義の字である。||揶||＊にも軽い「いじり」から痛烈な批判を込めた戯画化までさまざまな程度の扱いが含まれ得る。軽視、けなし、蔑視、嘲弄、愚弄、といった意味合いも多かれ少なかれ含まれる。「風刺」（諷刺）は社会を対象とする反骨の表出を指す場合が多いが、「||揶||＊」は社会に限らず、人物のちょっとした行動や容姿の珍妙さをからかうような意味でも多く用いられる。","揶揄,やゆ","対象をからかって面白おかしく扱うこと、皮肉めいた批判によって嘲笑的に扱うこと、といった意味で用いられる表現。「揶」も「揄」も共に「からかう」という字義の字である。揶揄にも軽い「いじり」から痛烈な批判を込めた戯画化までさまざまな程度の扱いが含まれ得る。軽視、けなし、蔑視、嘲弄、愚弄、といった意味合いも多かれ少なかれ含まれる。「風刺」（諷刺）は社会を対象とする反骨の表出を指す場合が多いが、「揶揄」は社会に限らず、人物のちょっとした行動や容姿の珍妙さをからかうような意味でも多く用いられる。",Guess the Word or Reading,Text
"||躊||＊（||ち||＊＊＊＊）とは、あれこれ考え悩み決心できず行動に移せないこと。「躊」と「躇」それぞれがためらう、ぐずぐずするという意味を持っており、同義語が並置されて成り立っている熟語である。訓読みでは「||躊||＊う（ためらう）」と読む。||躊||＊の類義語には「逡巡（しゅんじゅん）」「迷い」「ためらい」「戸惑い」などがある。「逡巡」にはすべきことを先延ばしにする、複数の選択肢や行動方針に不確かさがあるというニュアンスが含まれる。「迷い」「ためらい」には話や行動が決められないというニュアンスが含まれる。「||躊||＊」は一度決断したことを実行する前に再度いろいろ考えて決心がつかなくなる意味合いがあり、その点が他の語とやや異なる。||躊||＊の対義語としては「決断」が挙げられる。例文：長年勤めた会社を辞めたいが、家族のことを考えると||躊||＊してしまう。独立してビジネスを始..","躊躇,ちゅうちょ","躊躇（ちゅうちょ）とは、あれこれ考え悩み決心できず行動に移せないこと。「躊」と「躇」それぞれがためらう、ぐずぐずするという意味を持っており、同義語が並置されて成り立っている熟語である。訓読みでは「躊躇う（ためらう）」と読む。躊躇の類義語には「逡巡（しゅんじゅん）」「迷い」「ためらい」「戸惑い」などがある。「逡巡」にはすべきことを先延ばしにする、複数の選択肢や行動方針に不確かさがあるというニュアンスが含まれる。「迷い」「ためらい」には話や行動が決められないというニュアンスが含まれる。「躊躇」は一度決断したことを実行する前に再度いろいろ考えて決心がつかなくなる意味合いがあり、その点が他の語とやや異なる。躊躇の対義語としては「決断」が挙げられる。例文：長年勤めた会社を辞めたいが、家族のことを考えると躊躇してしまう。独立してビジネスを始めるか躊躇していた友人の背中を押してあげた。「年上の人にこのようなことを言うのは」と躊躇したが、その人のためと思い伝えた。",Guess the Word or Reading,Text
"||鳳||＊（||ほ||＊＊＊）とは中国の神話に由来する伝説の鳥である。36種の羽を持つ動物の長であり、聖天子が治める平和な世にのみ姿を現わすとされている。全体はクジャクに似ていて、頭は鶏、あごは燕、頸は蛇、背は亀、尾は魚で、黒、白、赤、青、黄の五色からなり、高さは六尺ほどとされる。めったに実を結ばないという竹の実を食し、梧桐（あおぎり）の木にのみ止まると言われる。西洋では、東洋の不死鳥ともみなされ、「中国のフェニックス（英: chinese Phoenix）」と呼ばれることもある。||鳳||＊は民話や伝説で伝えられてきたところによると、人の性格を見定め、親切な人々を祝福するとされる。||鳳||＊の姿形をモチーフにしたデザインは古来、東アジア全般にわたって使用されており、日本では、宇治の平等院||鳳||＊堂や鹿苑寺金閣の屋上にあるものが有名である。なかでも||鳳||＊堂の屋上のものは..","鳳凰,ほうおう","鳳凰（ほうおう）とは中国の神話に由来する伝説の鳥である。36種の羽を持つ動物の長であり、聖天子が治める平和な世にのみ姿を現わすとされている。全体はクジャクに似ていて、頭は鶏、あごは燕、頸は蛇、背は亀、尾は魚で、黒、白、赤、青、黄の五色からなり、高さは六尺ほどとされる。めったに実を結ばないという竹の実を食し、梧桐（あおぎり）の木にのみ止まると言われる。西洋では、東洋の不死鳥ともみなされ、「中国のフェニックス（英: chinese Phoenix）」と呼ばれることもある。鳳凰は民話や伝説で伝えられてきたところによると、人の性格を見定め、親切な人々を祝福するとされる。鳳凰の姿形をモチーフにしたデザインは古来、東アジア全般にわたって使用されており、日本では、宇治の平等院鳳凰堂や鹿苑寺金閣の屋上にあるものが有名である。なかでも鳳凰堂の屋上のものは、2004（平成16）年から使用されている現行の一万円札の裏面にも描かれている。",Guess the Word or Reading,Text
"バラとは、バラ科バラ属の低木およびその花の総称である。観賞用植物の代表格といえる種であり、多くの品種が生み出されている。典型的なバラは幾重もの花びらを持つ重弁（八重咲き）であり、紅色の花を咲かせる。茎や葉にはトゲがあり、「きれいなバラにはトゲがある」という慣用句の元となっている。||薔||＊の花は贈り物の花束に用いる花としても好まれ、園芸用植物としても好まれ、||薔||＊の香りは芳香として好まれる。バラの果実（ヒップ）は茶の香り付けにも用いられる。「バラ」という言葉そのものは日本古来の語彙（和語）である。語源をたどると「い||ば||＊」と同源、「い||ば||＊」が転じた呼び名であり、もともとは「トゲのある低木」を指す呼び名である。漢字の「||薔||＊」という字は中国語から伝わったもので、音読みで「しょうび」と呼ばれることもある。||薔||＊の原産地は北半球の温暖な地域一帯であり、とり..","薔薇,ばら","バラとは、バラ科バラ属の低木およびその花の総称である。観賞用植物の代表格といえる種であり、多くの品種が生み出されている。典型的なバラは幾重もの花びらを持つ重弁（八重咲き）であり、紅色の花を咲かせる。茎や葉にはトゲがあり、「きれいなバラにはトゲがある」という慣用句の元となっている。薔薇の花は贈り物の花束に用いる花としても好まれ、園芸用植物としても好まれ、薔薇の香りは芳香として好まれる。バラの果実（ヒップ）は茶の香り付けにも用いられる。「バラ」という言葉そのものは日本古来の語彙（和語）である。語源をたどると「いばら」と同源、「いばら」が転じた呼び名であり、もともとは「トゲのある低木」を指す呼び名である。漢字の「薔薇」という字は中国語から伝わったもので、音読みで「しょうび」と呼ばれることもある。薔薇の原産地は北半球の温暖な地域一帯であり、とりわけ中国南部の辺りはバラの原種の産地として知られる。バラは古来より美しい観賞用植物として愛でられており、古代ギリシアではすでに今日に通じる「花々の頂点」といった位置づけが確立されていた。バラの品種改良も古くから盛んに行われており、今日では全世界で数万に上",Guess the Word or Reading,Text
"||瑕||＊とは「きず」（傷）のことであり、欠点、欠陥、不足、不具合、といった意味で用いられる語である。とりわけ法律上の概念として、取引や契約における不備、あるいは契約履行における落ち度、を指す用語として用いられる場合が多い。「||瑕||＊」の語を構成する「瑕」と「疵」の2字は、どちらも「きず」を意味するである。「瑕」は玉（宝玉）に付いたキズを意味する字であり、「疵」は生体に付いた創傷やその痕などを指して用いられることが多い字である。つまり「||瑕||＊」の語は「製作」「把握」「火炎」などと同様に類義語を並列的に並べた構成の熟語である。ちなみに現代中国語でも「||瑕||＊」の語は「欠陥」「短所」「不具合」といった意味で一般的に用いられている。「||瑕||＊」は商品などに付いた具体的（物理的）なキズを指すこともあれば、契約・権利・行為あるいは意思表示といった抽象的（概念的）な事柄の中に..","瑕疵,かし","瑕疵とは「きず」（傷）のことであり、欠点、欠陥、不足、不具合、といった意味で用いられる語である。とりわけ法律上の概念として、取引や契約における不備、あるいは契約履行における落ち度、を指す用語として用いられる場合が多い。「瑕疵」の語を構成する「瑕」と「疵」の2字は、どちらも「きず」を意味するである。「瑕」は玉（宝玉）に付いたキズを意味する字であり、「疵」は生体に付いた創傷やその痕などを指して用いられることが多い字である。つまり「瑕疵」の語は「製作」「把握」「火炎」などと同様に類義語を並列的に並べた構成の熟語である。ちなみに現代中国語でも「瑕疵」の語は「欠陥」「短所」「不具合」といった意味で一般的に用いられている。「瑕疵」は商品などに付いた具体的（物理的）なキズを指すこともあれば、契約・権利・行為あるいは意思表示といった抽象的（概念的）な事柄の中に見出される不備・不完全性を指す意味で用いられることもある。民法上の「瑕疵」は、たとえば2004年の東京地方裁判所の判例では、次のように述べられている。《民法570条の「瑕疵」とは、売買の目的物が通常備えるべき性能等を備えていないことをいう(...",Guess the Word or Reading,Text
"文章や言葉を引用する際に、その後の言葉を省略するために使う言葉。また、言葉にしにくい事柄を濁す際にも用いる。他に語句を省略する言葉として「かくかく」があるが、||云||＊が言葉をぼかす意味合いがあるのに対し、かくかくは長い文章をまとめる意味合いがある。同じく省略の意味がある「これこれ」は、いくつかある物事を省略して説明する意味合いが強い。「でんでん」という読み方をする場合があるが、正しい読み方ではない。「云」が部首として含まれる「伝」と誤認していると見られる。","云々,うんぬん","文章や言葉を引用する際に、その後の言葉を省略するために使う言葉。また、言葉にしにくい事柄を濁す際にも用いる。他に語句を省略する言葉として「かくかく」があるが、云々が言葉をぼかす意味合いがあるのに対し、かくかくは長い文章をまとめる意味合いがある。同じく省略の意味がある「これこれ」は、いくつかある物事を省略して説明する意味合いが強い。「でんでん」という読み方をする場合があるが、正しい読み方ではない。「云」が部首として含まれる「伝」と誤認していると見られる。",Guess the Word or Reading,Text
"時々、よく、度々、しょっちゅう、などという意味の表現。「数々（||し||＊＊＊）」とも書く。","屡々,しばしば","時々、よく、度々、しょっちゅう、などという意味の表現。「数々（しばしば）」とも書く。",Guess the Word or Reading,Text
"足を広げ、乗り物を両足の間に挟む形で乗ること。「||跨||＊」と表記する場合もある。「股がる」とも表記するとされる。","跨る,またがる","足を広げ、乗り物を両足の間に挟む形で乗ること。「跨る」と表記する場合もある。「股がる」とも表記するとされる。",Guess the Word or Reading,Text
"事の是非・真偽・事実や真相などを追及すること。問い質す（とい||た||＊＊）こと。「質す（ただ-す）」よりも厳しい追及のニュアンスがある語彙。","糺す,ただす","事の是非・真偽・事実や真相などを追及すること。問い質す（といただす）こと。「質す（ただ-す）」よりも厳しい追及のニュアンスがある語彙。",Guess the Word or Reading,Text
"||杜||＊とは、物事の行い方がいい加減だという意味のこと。書物などに誤りが多いという意味でも使われる。||杜||＊の語源は、「杜」が中国王朝の宋の時代にいた杜黙という詩人、「撰」が詩を作ること。杜黙が作る詩には、格式に合わないものが多かったという故事を由来にしている。英語では、不注意を表す careless やだらしなさを表す sloppy という形容詞が用いられる。","杜撰,ずさん","杜撰とは、物事の行い方がいい加減だという意味のこと。書物などに誤りが多いという意味でも使われる。杜撰の語源は、「杜」が中国王朝の宋の時代にいた杜黙という詩人、「撰」が詩を作ること。杜黙が作る詩には、格式に合わないものが多かったという故事を由来にしている。英語では、不注意を表す careless やだらしなさを表す sloppy という形容詞が用いられる。",Guess the Word or Reading,Text
"||諍||＊（||い||＊＊＊）は、言い合い・言い争いを意味する語。口論。口喧嘩。ちょっとした揉めごと（トラブル）という意味で用いられることも多い。「||諍||＊」は名詞。「諍う」という動詞もある（が使われる機会は多くない）。","諍い,いさかい","諍い（いさかい）は、言い合い・言い争いを意味する語。口論。口喧嘩。ちょっとした揉めごと（トラブル）という意味で用いられることも多い。「諍い」は名詞。「諍う」という動詞もある（が使われる機会は多くない）。",Guess the Word or Reading,Text
"低い声を漏らすさまなどを意味する表現。","唸る,うなる","低い声を漏らすさまなどを意味する表現。",Guess the Word or Reading,Text
"突然に。急に。「俄に」とも書く。急に降り出してすぐ止む雨は「にわか雨」という。","俄かに,にわかに","突然に。急に。「俄に」とも書く。急に降り出してすぐ止む雨は「にわか雨」という。",Guess the Word or Reading,Text
"隅から隅まで余すところのないさまを指す語。掃除や捜索などを徹底して行うさまなどを示す際に用いられる表現。","隈なく,くまなく","隅から隅まで余すところのないさまを指す語。掃除や捜索などを徹底して行うさまなどを示す際に用いられる表現。",Guess the Word or Reading,Text
"自らの言動を反省し謝ること、迷惑をかけた人に許しを求めることなどを意味する表現。","詫びる,わびる","自らの言動を反省し謝ること、迷惑をかけた人に許しを求めることなどを意味する表現。",Guess the Word or Reading,Text
"足を広げ、乗り物を両足の間に挟む形で乗ること。「跨る」と表記する場合もある。「股がる」とも表記するとされる。","跨がる,またがる","足を広げ、乗り物を両足の間に挟む形で乗ること。「跨る」と表記する場合もある。「股がる」とも表記するとされる。",Guess the Word or Reading,Text
"||瑞||＊＊＊とは、若々しく、水を含んだようにつやがあるさま。主に野菜や果物、人間を形容する語として用いるが、考え方に対して使用することもある。「水水しい」「水々しい」という表記を使うこともあるが、誤記だとされる。||瑞||＊＊＊は、英語では fresh and youthful 、 juicy などと表現する。","瑞々しい,みずみずしい","瑞々しいとは、若々しく、水を含んだようにつやがあるさま。主に野菜や果物、人間を形容する語として用いるが、考え方に対して使用することもある。「水水しい」「水々しい」という表記を使うこともあるが、誤記だとされる。瑞々しいは、英語では fresh and youthful 、 juicy などと表現する。",Guess the Word or Reading,Text