Question,Answer,Comment,Instruction,Render As
"「うちの子、最近机とかかじるんだけど、お腹空いてるのかな？」「ちがうよ。歯が生え始めてるんだよ。子供って、歯が生える頃になると、机とか椅子とかかじるものなのよ。心配しなくて大〇夫よ」
「今度、子供たちに英語を教えることになったんだけど、嬉しい反面、緊張する。上手く喋れるかな」「すごいじゃん。少々失敗しても、ご愛敬ってことで大〇夫よ。自信もって頑張ってね！」
「昨夜、牡蠣食べたら、お腹痛くなって夜からずっとトイレとお友達なの」「大〇夫？今日休む？」「うん。そうする」「じゃぁ、みんなには伝えとくから、ゆっくり休んでね」「ありがとう」",丈,"丈:length;ten shaku;measure;Mr.;Ms.;height;stature;all (one has);only;that's all;merely",Guess the hidden Kanji,Text
"大〇夫だよ。最近、〇しいだけだよ。
大〇夫。〇しいだけだよ。",丈忙,"丈:length;ten shaku;measure;Mr.;Ms.;height;stature;all (one has);only;that's all;merely
忙:busy;occupied;restless",Guess the hidden Kanji,Text
"「あっ、財布にお金入れてくるの忘れたかも」「なぬっ」「まぁ、カードがあるし......。あっ、財布がない。財布、持ってくるの忘れたかも。まぁ、大〇夫かぁ」「はじめから、人の財布を当てにしてただろう？」「〇う。〇う。本当に忘れたんだって」
大〇夫、君ならジャストフィット間〇いないよ。",丈違,"違:difference;differ
丈:length;ten shaku;measure;Mr.;Ms.;height;stature;all (one has);only;that's all;merely",Guess the hidden Kanji,Text
"通貨、すなわち、当時だれもが用いていた言い方に従えば、通常の王国法貨を〇える代わりに、雇い主は従業員に代用貨幣をあたえていました。そして、この代用貨幣は金属だったり、木だったり、厚紙だったりしました。
私の友人に大学を卒業して立派な官吏となっておる者がある。ある時この人が私に曰うに、僕は学校に於て教ったことは何も役に立たなかった、しかし少しばかり学んだ哲学が僕に非常な利益を〇えたと。
一次リーグで敗退したほとんどのチームは国民を大いに失望させることになった。しかし、ボスニア・ヘルツェゴビナは最終戦に勝利して、民族紛争に明け暮れてきた国民に大きな夢と希望を〇えた。",与,"与:bestow;participate in;give;award;impart;provide;cause;gift;godsend",Guess the hidden Kanji,Text
"世の中のすべての人々が、あなたが〇えられてきたような有利な条件に〇まれてきたわけではない。
〇党の首脳たちは政治改革法案で知〇をしぼっています。
〇えられるより〇える方がいっそう〇まれている。",与恵,"恵:favor;blessing;grace;kindness
与:bestow;participate in;give;award;impart;provide;cause;gift;godsend",Guess the hidden Kanji,Text
"エメット理論が物理学に〇えたインパクトについては広く議論されているが、この論文では〇わない。
エメット理論が生物学に〇えたインパクトに関しては〇わない。",与扱,"扱:handle;entertain;thresh;strip
与:bestow;participate in;give;award;impart;provide;cause;gift;godsend",Guess the hidden Kanji,Text
"あの家は私のおばあさんが小さい時に住んでいた〇の上にあってひなぎくに囲まれまわりにりんごの木が植わっていた家にとてもよく似ている。
村落の子供はしばしば、〇の上に集まって、そこでトラックや自動車が町へ行ったり来たりするのを見るようになりました。
夏になると日が長くなり小さいおうちのまわりの木々は緑の葉でつつまれ、そして〇はひなぎくの花でまっしろになります。",丘,"丘:hill;knoll",Guess the hidden Kanji,Text
"〇の〇面にはキャンピングカーがいっぱいあった。
岩は〇の〇面を転がり落ちた。",丘斜,"丘:hill;knoll
斜:diagonal;slanting;oblique",Guess the hidden Kanji,Text
"私の家がある〇は市の全景を見〇すことができる。
〇の上の私達の学校から富士山がよく見〇せます。
私達は〇の頂上からの景色を見〇した。",丘渡,"丘:hill;knoll
渡:transit;ford;ferry;cross;import;deliver;diameter;migrate",Guess the hidden Kanji,Text
"〇の上に１〇の大きな家があります。
その〇の中腹に家が一〇あった。
〇の上に１〇の家があります。",丘軒,"丘:hill;knoll
軒:flats;counter for houses;eaves",Guess the hidden Kanji,Text
"〇を〇け登った後、私は完全に息切れしていた。
子供たちは〇を〇け下りた。
我々はあの〇を〇けおりた。",丘駆,"丘:hill;knoll
駆:drive;run;gallop;advance;inspire;impel",Guess the hidden Kanji,Text
"線香花火は、火をつけそれが落ちるまで「蕾」「牡〇」「松葉」「散り菊」と名づけられた４つの段階を楽しむことができます。その美しい名前は、人の人生になぞらえ付けられたそうです。
「おぅーい、どうした〇治」「前の学校で習ってない単元があって困っている」
医者が患者を〇念に診察したおかげで、患者はどんどんよくなった。",丹,"丹:rust-colored;red;red lead;pills;sincerity",Guess the hidden Kanji,Text
"孵化後まもないヒナは、産毛が濡れていますが、２時間もすると〇いてフワフワになります。
ほぼ赤道直下にあるシンガポールでは、雨季・〇季があまり明瞭ではない。
空っぽ。僕の頭の中は〇いている。からからに〇いて何も育ちそうもない。",乾,"乾:drought;dry;dessicate;drink up;heaven;emperor",Guess the hidden Kanji,Text
"欠席された友人たちのために、〇〇しましょう。
我々の友人のために〇〇しよう。
魅力的なホステスのために〇〇！",乾杯,"杯:counter for cupfuls;wine glass;glass;toast
乾:drought;dry;dessicate;drink up;heaven;emperor",Guess the hidden Kanji,Text
"〇〇機を動かす前には、フィルターの掃除を確実に行ってください。さもないと火災を招く可能性があります。
樹木から水の供給がなければ、降雨量はやがて減少し、その地域は〇〇し続ける。
暑くて〇〇した地方で最も手に入りやすいエネルギー源は、風と日光である。",乾燥,"燥:parch;dry up
乾:drought;dry;dessicate;drink up;heaven;emperor",Guess the hidden Kanji,Text
"洗濯物〇いてたら取り〇んで。
洗濯物〇いたら取り〇んで。
〇いた砂は水を吸い〇む。",乾込,"乾:drought;dry;dessicate;drink up;heaven;emperor
込:crowded;mixture;in bulk;included;(kokuji)",Guess the hidden Kanji,Text
"かつて、今よりもはるかに分断されていた国民にリンカーンが語ったように、私たちは敵ではなく友人なのです。感情はもつれたかもしれないが、だからといってお〇いを大事に思う親密な絆を断ち切ってはなりません。
日本の建前と本音という概念は、僕にとって、〇いに嘘をついてるだけだと思う。表面的なものだけじゃない？本当は？気持ちを傷つけないためと分かってても、やっぱりあまり好きじゃない。
すべての人間は、生まれながらにして自由であり、かつ、尊厳と権利とについて平等である。人間は、理性と良心とを授けられており、〇いに同胞の精神をもって行動しなければならない。",互,"互:mutually;reciprocally;together",Guess the hidden Kanji,Text
"思考と発話とが相〇〇存することからわかるように、言語は、既成の事実を捉えるための手段というよりも、未知なる真実を見つけ出すための手段である。その多様性は、音声や記号ではなく世界観の多様性なのだ。
地上のすべての生物は〇いに〇存し合っている。
私達は〇いに〇存しあっている。",互依,"依:reliant;depend on;consequently;therefore;due to
互:mutually;reciprocally;together",Guess the hidden Kanji,Text
"２人の女性はお〇い〇笑みあった。
二人の兄弟は〇いに〇笑み合った。",互微,"微:delicate;minuteness;insignificance
互:mutually;reciprocally;together",Guess the hidden Kanji,Text
"お〇に〇愛のできないような男女が、なんの必要から友情関係を結ぶのか、筆者にはさっぱりわからんのである。
お〇に〇愛のできないやうな男女が、なんの必要から友情関係を結ぶのか、筆者にはさつぱりわからんのである。",互恋,"恋:romance;in love;yearn for;miss;darling
互:mutually;reciprocally;together",Guess the hidden Kanji,Text
"水夫たちが大声でわめくと、原住民は、〇いに顔を見合わせ、手を〇って答えた。
我々はお〇いに身〇りで意見を伝えあった。
我々はお〇いに身〇りで意思を伝えあった。",互振,"振:shake;wave;wag;swing
互:mutually;reciprocally;together",Guess the hidden Kanji,Text
"これからはお〇いに連〇を取り合おうな。
二人はまだ〇いに連〇を取り合っている。
お〇いに連〇を取り合いましょう。",互絡,"絡:entwine;coil around;get caught in
互:mutually;reciprocally;together",Guess the hidden Kanji,Text
"すべての幸福な家庭という物はお〇いに似通っているが不幸な家庭という物はめいめいそれなりに〇った不幸があるものだ。
お〇いの行き〇いがあった以上、相手側を一方的に悪者にするのはどうかと思う。
昼と夜は〇い〇いにやってくる。",互違,"違:difference;differ
互:mutually;reciprocally;together",Guess the hidden Kanji,Text
"ジェーンは学校時代私の一番の友人のひとりだったが、ここのところ数年の内にだんだんお〇いに〇れて行った。
去る者は日々に疎しだな。お〇いに〇ればなれになると、自然と疎遠になるよね。
私たちは〇いに何マイルも〇れたところで住んでいる。",互離,"離:detach;separation;disjoin;digress
互:mutually;reciprocally;together",Guess the hidden Kanji,Text
"〇護保険による〇護サービスを利用するには、「〇護が必要である」と認定される必要があります（要〇護認定）。
花粉よりも小さな黄砂をマスクでどれだけ防ぐことが出来るのか？花粉よりもずっと厄〇者のように思います。
自分の顔が嫌いなんだと思ってたけど、よく考えたら他人の視線を〇した自分の顔が嫌いなんだ。",介,"介:jammed in;shellfish;mediate;concern oneself with",Guess the hidden Kanji,Text
"これだけで厄〇〇いできたら安いもので、みな大喜びした。
いい厄〇〇いだ。",介払,"払:pay;clear out;prune;banish;dispose of
介:jammed in;shellfish;mediate;concern oneself with",Guess the hidden Kanji,Text
"田中さんは怪我した人の手当てをしたり、病気になった人の〇〇をしたりすることが好きでした。
他人任せはダメ。ライフセーバーではないが、俺自身が〇〇してあげないと。
兎は得意なことは何もなかったのですが、 献身的に老人を〇〇しました。",介抱,"介:jammed in;shellfish;mediate;concern oneself with
抱:embrace;hug;hold in arms",Guess the hidden Kanji,Text
"信〇によって物事を見るということは、理性の目を閉じてしまうことだ。蝋燭の灯を消せば、朝日はよりはっきりと姿を現す。
貴社との間の財政上の問題を解決するために貴社のご助力を〇ぎたく、お願いをする次第です。
右からぐるっと回って、もっと、もっと、はい、そのまま〇向けになってください。",仰,"仰:face-up;look up;depend;seek;respect;revere;drink;take",Guess the hidden Kanji,Text
"暖かい日には手足を伸ばしたり、〇向けになって足を宙に上げたまま〇ることもある。
少年は春の日差しを浴びて〇向けに〇ていた。
トムは〇向けに〇ている。",仰寝,"仰:face-up;look up;depend;seek;respect;revere;drink;take
寝:lie down;sleep;rest;bed;remain unsold",Guess the hidden Kanji,Text
"「どのような物件をお探しですか？もしよろしければお〇いしますが」「WiFi付きがないかなと思って」「それでしたら、こちらなどいかがでしょう？」
「それでは、金曜日の9時半に書類を取りに〇いますんで」「わかりました。それまでに揃えておきます」
２月２７日（月曜日）のお約束の確認ですが、午前１０時に貴社にお〇いするということでしたね。",伺,"伺:pay respects;visit;ask;inquire;question;implore",Guess the hidden Kanji,Text
"量子力学系の観測可能量は、ハミルトン演算子と可換で且つ直接には時刻に〇存しない場合、運動の定数と呼ばれる。実際、その様な観測可能量の平均値はどの様な状態に於いても時間的に一定となるのである。
共和党の旗を初めてホワイトハウスにもっていたのはこの州出身の男性で、その政党は自己〇存と個人の自由と国家の統一の価値観にもとづいていたことを思い出そう。
われわれは、生活に必要なものや生活を快適にするものをすべて他人の労働に間接的に〇存している。",依,"依:reliant;depend on;consequently;therefore;due to",Guess the hidden Kanji,Text
"フランス語を母国語としない人に文書をフランス語に翻訳するよう〇〇するのは、会計士に家を建てるよう〇〇するようなものです。
二週間前に水道の修理を〇〇したのにずるずると引き延ばされるだけで、ちっとも来てくれない。
出荷済みでしたら、お礼を申し上げるとともに、この〇〇を無視してくださるようお願いします。",依頼,"依:reliant;depend on;consequently;therefore;due to
頼:trust;request",Guess the hidden Kanji,Text
"そしてディールはヨーロッパ大陸にとても近かったために、いつも最初に〇略されるイギリスの地域のひとつでした。
湿地帯は生態系において水の浄化、洪水と〇食の防止、野生生物への食料とすみかの提供という重要な役割を演じる。
ホームページをつくるのもいいけど、著作権の〇害になるようなことはしてはいません。",侵,"侵:encroach;invade;raid;trespass;violate",Guess the hidden Kanji,Text
"台湾は中国の〇〇に備えている。
それは〇〇である。",侵攻,"攻:aggression;attack;criticize;polish
侵:encroach;invade;raid;trespass;violate",Guess the hidden Kanji,Text
"「愛と哀しみの果て」は〇受けしたけど何といっても映像のきれいな映画だった。
だが、概ね天皇は世〇権力を追求することなく存続してきたようです。
自らの意志で還〇する場合と、教団側から還〇させられる場合がある。",俗,"俗:vulgar;customs;manners;worldliness;mundane things",Guess the hidden Kanji,Text
"幸福と言うものを世〇的な成功と言う点から考えるのは間〇っていた。
風〇習慣は国によって大きな〇いがある。",俗違,"違:difference;differ
俗:vulgar;customs;manners;worldliness;mundane things",Guess the hidden Kanji,Text
"覚えようとするのじゃなくて、圧〇的な量を体にくぐらせるという方法は、性格に合う人間にとってはまったく努力のうちに入らない。楽すぎてそこに安住してアウトプットに挑まない人が出てくる。俺もそっちのタイプ。
「漢字って、どうやったら簡単に覚えられますか？」「簡単には覚えられないよ。人それぞれだとは思うけど、覚えたいなら面〇でも書くのが一番だと思うよ」
しかし、面〇な乗り換えをしなくてすむＪＲの成田エクスプレス（空港から３０分から６０分おきに出発します）をお使いになることをおすすめします。",倒,"倒:overthrow;fall;collapse;drop;break down",Guess the hidden Kanji,Text
"その家は今にも〇〇しそうだった。
この小屋は〇〇のおそれがある。
１週間後に、その家は〇〇した。",倒壊,"倒:overthrow;fall;collapse;drop;break down
壊:demolition;break;destroy",Guess the hidden Kanji,Text
"これは航空会社を〇産させる〇れがありました。
面〇が起こるのではないかと私は〇れている。",倒恐,"恐:fear;dread;awe
倒:overthrow;fall;collapse;drop;break down",Guess the hidden Kanji,Text
"私は次から次へと面〇なことに巻き〇まれる。
面〇に巻き〇まれないよう注意しなさい。
面〇なことに巻き〇まれなきゃいいけど。",倒込,"倒:overthrow;fall;collapse;drop;break down
込:crowded;mixture;in bulk;included;(kokuji)",Guess the hidden Kanji,Text
"物資は、遥かに人間以上に、地球の表面を移動し続けている〇大な旅行者なのだ。際限のない物資の流れが世界中で交換されているが、それは地球上の人の住む場所で貿易に関わらないところはほとんどないことを意味する。
あれだけ〇そうなこと言ってたんだから、これぐらいトムには楽勝のはずだよ。お手並み拝見といこうじゃないの。
サー・ウィンストン・チャーチルは〇大な政治家であっただけでなく、〇大な作家でもあった。",偉,"偉:admirable;greatness;remarkable;conceited;famous;excellent",Guess the hidden Kanji,Text
"かの〇大なローマの英〇、ジュリアス・シーザーは暗殺されたのだった。
かのローマの〇大な英〇、ジュリアス・シーザーは暗殺されたのです。",偉雄,"偉:admirable;greatness;remarkable;conceited;famous;excellent
雄:masculine;male;hero;leader;superiority;excellence",Guess the hidden Kanji,Text
"よりよいサービスのため、お客さまのお電話は〇受されることがあります。
出席者が少なくなりつづけ、実際にやってきた人も無関心に〇観していた。
世間はいつまでこれらの暴虐を〇観し続けるのか。",傍,"傍:bystander;side;besides;while;nearby;third person",Guess the hidden Kanji,Text
"〇目八目という言葉があるように一度協会から〇れて、日本サッカーをみて頂きたい。
それは出来ない相談だな。油物してる時に、火の〇から〇れるのは言語道断だ。",傍離,"離:detach;separation;disjoin;digress
傍:bystander;side;besides;while;nearby;third person",Guess the hidden Kanji,Text
"既に知っていることを証明してくれるものしか受け入れたがらない〇向が私たちにはあるのである。
郷愁にふける時、私達は子供時代をこの上なく幸福な時期と考える〇向があるかもしれない。
実地は理論と同様に大切であるが、われわれは理論を重んじ、実地を軽んずる〇向がある。",傾,"傾:lean;incline;tilt;trend;wane;sink;ruin;bias",Guess the hidden Kanji,Text
"小便小〇の本家本元は、ベルギー・ブリュッセルにあるジュリアン君です。
また僕をかつごうとしているのかい、このいたずら小〇め。
子どもの頃「四つ目小〇」とからかわれたことがあります。",僧,"僧:Buddhist priest;monk",Guess the hidden Kanji,Text
"最近では、故人が亡くなってから７日目に行う初七日法要を葬〇当日に済ませることが多くなっています。
子供は生まれつき従順であるのではないのは、生まれつき礼〇正しいのではないのと同じである。
日本の神道の〇式に則って、挙式をしたいという方がおられれば、この教会で出来ます。",儀,"儀:ceremony;rule;affair;case;a matter",Guess the hidden Kanji,Text
"二度の延期の後、その神聖な〇式は〇り行われた。
神聖な〇式がその荘厳な寺院で〇り行われた。
教会では〇式が〇り行われた。",儀執,"執:tenacious;take hold;grasp;take to heart
儀:ceremony;rule;affair;case;a matter",Guess the hidden Kanji,Text
"精肉店と飲食店を〇ねたお店だからこそできるこの低価格。ぜひ一度ご賞味ください。
ちょっと大きいけど、この封筒でいいや。大は小を〇ねるって言うし。
ホテルは現在、地元の博物館〇コミュニティセンターとなっています。",兼,"兼:concurrently;and;beforehand;in advance",Guess the hidden Kanji,Text
"ユーモアのない人生なんて、〇そ糞面白くないものだが、同時に、人生から偶然というものを取り除いてしまえば、随分味気ないことになるだろう。
賢い人の手にかかると、物事は実にシンプルになる。簡単なことを難しく言うのが、賢いふりをした〇庸な人間だ。
非〇の才が優れていればいるほど、世間の人々がそれを発見し理解するのに長い時間がかかる。",凡,"凡:commonplace;ordinary;mediocre",Guess the hidden Kanji,Text
"〇そ人間に限らず、あらゆる動物は、異性に対って、意識的無意識的に、「性的示〇」を行うものである。
〇そ人間に限らず、あらゆる動物は、異性に対つて、意識的無意識的に、「性的示〇」を行ふものである。",凡威,"凡:commonplace;ordinary;mediocre
威:intimidate;dignity;majesty;menace;threaten",Guess the hidden Kanji,Text
"最近の〇悪事件をニュースで見るたび、バーチャルな世界と生きる世界の区別がなくなった若者が急増していることに気付かされる。
〇暴な顔つきの犬がこちらへ近寄ってくる。
〇器はまだ発見されていません。",凶,"凶:villain;evil;bad luck;disaster",Guess the hidden Kanji,Text
"ある暑い夏の午後、ジョンとダンヌは長くなった牧草を〇っていました。
君はいつか自分でまいた種を〇り取らなければならないだろう。
道路脇には今は〇られて裸になった田畑が広がっている。",刈,"刈:reap;cut;clip;trim;prune",Guess the hidden Kanji,Text
"気晴らしを求める王女の意欲はとどまるところを知りませんでした。そのため、私たちはそうした気晴らしに、それをいっそう〇激的なものにしうる新たな調味料を加えることばかりを考えていました。
マシュマロを串に〇して火にあぶって食べるやつ、名前は知らないんだけどすごくうまそうだったよ。今度うちでもやってみようよ。
〇激を受け続けると肌の保護作用により角質が肥厚して、ゴワゴワしたり硬くなって、毛穴が目立ってきます。",刺,"刺:thorn;pierce;stab;prick;sting;calling card",Guess the hidden Kanji,Text
"低〇激性のクリームですので、〇感肌の方にも安心してお使いいただけます。
サメは音だけでなく電気の〇激にも〇感である。",刺敏,"敏:cleverness;agile;alert
刺:thorn;pierce;stab;prick;sting;calling card",Guess the hidden Kanji,Text
"そこで、子供らしさが、徐々に失われていく現状への反省から、教育制度や社会の仕組みといった根本的なものの見直しが、今、真〇に考えられるようになってきている。
トムはメアリーが冗談を言ってるんだって思ってたけど、メアリーはとても真〇だったんだ。
「由美！私たちは真〇に話し合ってるのよ」「私だって真〇だもん」「そうは見えないわ」",剣,"剣:sabre;sword;blade;clock hand",Guess the hidden Kanji,Text
"〇を取るものは〇、〇で滅びる。
〇を取る者は〇〇で滅びる。",剣皆,"剣:sabre;sword;blade;clock hand
皆:all;everything",Guess the hidden Kanji,Text
"後に、高校生になると、僕はビタミン〇を常用するように化学を「摂取した」
薬〇師になる目的で薬学を志望する人は６年制学科を選んでください。
医者に相談して鎮静〇を処方してもらうのはどうでしょうか。",剤,"剤:dose;medicine;drug",Guess the hidden Kanji,Text
"水を一口飲まないと、私にはこの錠〇は飲み〇めません。
水なしじゃ、こういう錠〇は飲み〇めないよ。
水がなければこの錠〇は飲み〇めません。",剤込,"剤:dose;medicine;drug
込:crowded;mixture;in bulk;included;(kokuji)",Guess the hidden Kanji,Text
"低賃金、〇悪な労働条件、一方的な首切りなどの経済・労働問題はもとより、各種の人道的問題までも引き起こしている。
食物が我々の身体にとって必要であるのにまさるとも〇らず、読書は精神にとって必要である。
ブリティッシュコロンビアの沿岸生態系の〇化が急速に進行している。",劣,"劣:inferiority;be inferior to;be worse",Guess the hidden Kanji,Text
"内科医である父は医学を勉強するようしきりに〇めたが、ホーキングはそれを受け入れず、その代わりに数学と物理学に専念することにした。
人に自分の〇告が理由のあるものであり、賢明であることを説得するためには、理由を挙げ、知られた例や大家を引用しなければならない。
もしあなたが二回目に失敗したなら、モスクワかどこかに高飛びすることを私はあなたに〇めます。",勧,"勧:persuade;recommend;advise;encourage;offer",Guess the hidden Kanji,Text
"おまえはどうして、百〇のねこ、千〇のねこ、百万〇、一億、一兆〇のねこといっしょに、食べられてしまわなかったのだね。？
男の人が羊を十一〇飼っていましが、九〇を除いて全部死んでしまいました。羊は何〇残っているでしょうか。
バラク・オバマ大統領は、ボーとサニーという二〇のポーチュギーズ・ウォーター・ドッグを飼っていた。",匹,"匹:equal;head;counter for small animals;roll of cloth",Guess the hidden Kanji,Text
"昨日さぁ、僕の父ちゃん、魚を３〇も〇まえたんだよ。
私たちはそこで何〇かの大きな魚を〇まえた。
あいつ、蝶々を20〇も〇まえてたよ。",匹捕,"匹:equal;head;counter for small animals;roll of cloth
捕:catch;capture",Guess the hidden Kanji,Text
"私たちはネコを一〇飼っています。私たちは〇ネコ好きです。
飢えた狼たちによって５〇のウサギは〇食べられてしまった。",匹皆,"匹:equal;head;counter for small animals;roll of cloth
皆:all;everything",Guess the hidden Kanji,Text
"メアリーは読書をしており、１〇の猫がかたわらで〇っていた。
２〇の犬は〇っている。",匹眠,"匹:equal;head;counter for small animals;roll of cloth
眠:sleep;die;sleepy",Guess the hidden Kanji,Text
"生まれて間もない子猫が一〇、家に紛れ〇んできた。
私は１〇の黒猫がその家へ走り〇むのを見た。",匹込,"匹:equal;head;counter for small animals;roll of cloth
込:crowded;mixture;in bulk;included;(kokuji)",Guess the hidden Kanji,Text
"マーテイン・ルーサー・キング・ジュニアが後に〇めることになる歴史上の地位を予測できたものは、当時誰一人としていなかった。
日本のＯＤＡは返済期間３０年、利率２％前後という条件の緩い円借款が大部分を〇める。
ある研究によれば、ガンによる女性の死亡数の中では肺がんが１７％を〇めている。",占,"占:fortune-telling;divining;forecasting;occupy;hold;have;get;take",Guess the hidden Kanji,Text
"〇星学は科学的な根〇もないのに、とても人気があって、〇星学は信じている人が多いようです。
兵士たちが建物を〇〇した。
反乱軍は放送局を〇〇した。",占拠,"占:fortune-telling;divining;forecasting;occupy;hold;have;get;take
拠:foothold;based on;follow;therefore",Guess the hidden Kanji,Text
"「今、行動を起こせ」という、それが伝える実際的な意味に加えて、〇座の行動がなぜ重要であるかという多くの理由をも、言外に示唆していたのであった。
たとえ私たちが〇座に使用をやめても、南極のオゾンホールが元に戻るのにはさらに後６０年かかります。
さらに、〇戦力となる政策関連の科学的成果や手段の提供が必要であると強調した。",即,"即:instant;namely;as is;conform;agree;adapt",Guess the hidden Kanji,Text
"本日は8時で閉館です。カウンターの受付は7時50分で終了しますので、図書の返〇・貸出等の手続きはお早めにお願いします。
現在貸出中の下記図書の返〇期限が過ぎております。速やかにご返〇くださいますようお願いいたします。
必死で考えた企画は〇下、一生懸命作った本は売れない。山下さんは八方塞がりの状態に陥っている。",却,"却:instead;on the contrary;rather;step back;withdraw;retreat",Guess the hidden Kanji,Text
"返〇日を変〇する事ができますか。
返〇日を変〇できますか。",却更,"更:grow late;night watch;sit up late;of course;renew;renovate;again;more and more;further
却:instead;on the contrary;rather;step back;withdraw;retreat",Guess the hidden Kanji,Text
"私の肉親関係のうちにも、ひとり、行い正しく、固い信念を持って、理想を追〇してそれこそ本当の意味で生きているひとがあるのだけれど、親類のひとみんな、そのひとを悪く言っている。馬鹿あつかいしている。
中央銀行は主にその他の銀行〇び政府と業務を行い、利潤をあげることの他に国民経済の利益になる広い責任を負う銀行である。
女性有職者における自殺の原因・動機は、うつ病などの神経疾患の比率が非常に高く、全体の約４割にも〇ぶと言われている。",及,"及:reach out;exert;exercise;cause",Guess the hidden Kanji,Text
"ただ、一さいは過ぎて行きます。自分がいままで阿鼻〇喚で生きて来た所謂「人間」の世界に於いて、たった一つ、真理らしく思われたのは、それだけでした。
「トムの誕生日にさ、みんなで遊園地に行かない？トム、絶〇マシンに乗ってみたいって言ってたし。どう？」「いいね」
ところどころ〇び声のような、うめき声のような効果音が挿入されていることも、不気味で気持ち悪かった。",叫,"叫:shout;exclaim;yell",Guess the hidden Kanji,Text
"今日のお通しは、蒲鉾を洋風にアレンジした生春巻きです。何も付けずそのままでお〇し上がりください。
最近では、人々が移民していく場合、日光とか植物、あるいは〇使いを求めていくというわけではない。
本品は保存料を使用しておりません。開封後は冷蔵庫に保存し、お早めにお〇し上がりください。",召,"召:seduce;call;send for;wear;put on;ride in;buy;eat;drink;catch (cold)",Guess the hidden Kanji,Text
"ひんぱんに〇血する場合は、救急車を呼ぶか、近くの内科医に往診してもらう。
癌患者は心をくじく〇き気の発作にしばしば対峙しなければならない。
放射線を大量に浴びたら、すぐに嘔〇と下痢が始まります。",吐,"吐:spit;vomit;belch;confess;tell (lies)",Guess the hidden Kanji,Text
"その伝達の方法には、カタログはもちろんであるが、手紙、雑誌や新聞による広告、ラジオやテレビのコマーシャル、電話による買い物なども〇めることが出来る。
解答には理由を付してください。さらに、あなた自身の知識もしくは経験から、関連する事例を〇めるようにしてください。
民生用・産業用を〇めて、ゴミのかさをコンパクト化する機器の今後の市場成長性が法制度の動向と関連して注目される。",含,"含:contain;include;hold in the mouth;bear in mind;understand;cherish",Guess the hidden Kanji,Text
"子供のすきな小さい神さまがありました。いつもは森の中で、歌をうたったり笛を〇いたりして、小鳥やけものと遊んでいましたが、ときどき人のすんでいる村へ出てきて、すきな子供たちと遊ぶのでした。
私はその演奏家にフルートで何かもの悲しい曲を〇いて欲しいとおもった。
あいつは誰にも好かれていない。だっていつもほらばかり〇いているから。",吹,"吹:blow;breathe;puff;emit;smoke",Guess the hidden Kanji,Text
"小屋は次々に風で〇き〇された。
嵐で多くの木が〇き〇された。
木は〇き〇された。",吹倒,"倒:overthrow;fall;collapse;drop;break down
吹:blow;breathe;puff;emit;smoke",Guess the hidden Kanji,Text
"笛〇きに金を〇う者が曲を注文する。
雲は風に〇き〇われた。",吹払,"払:pay;clear out;prune;banish;dispose of
吹:blow;breathe;puff;emit;smoke",Guess the hidden Kanji,Text
"新貿易協定は国際経済に新風を〇き〇むことになるでしょう。
人気作家の翻案によって、古典に新たな命が〇き〇まれた。
その新人はチームに新たな生気を〇き〇んだ。",吹込,"吹:blow;breathe;puff;emit;smoke
込:crowded;mixture;in bulk;included;(kokuji)",Guess the hidden Kanji,Text
"汽車は〇雪のため２時間〇れた。
列車は〇雪のため２時間〇れた。
〇雪のため電車が〇れた。",吹遅,"遅:slow;late;back;later
吹:blow;breathe;puff;emit;smoke",Guess the hidden Kanji,Text
"だれかが、何百万もの星のどれかに〇いている、たった一輪の花が好きだったら、その人は、そのたくさんの星をながめるだけで、しあわせになれるんだ。
山の下には野原がひろがっていました。野原には桜の花が〇いていて、よいかおりがしていました。
久しぶりに会ったんだから、酒でも飲みながら、昔話にでも花を〇かせるとするか。",咲,"咲:blossom;bloom",Guess the hidden Kanji,Text
"君はわが人生に〇き〇りし最大の花よ。
地球は様々な花が〇き〇る庭園です。",咲誇,"咲:blossom;bloom
誇:boast;be proud;pride;triumphantly",Guess the hidden Kanji,Text
"コリアンダー・〇辛子・生姜を持ってくるのを忘れないで。
隋・〇の時代にはガラスの技術はかなり進んだと思われる。
木工芸では、木を、硬木、軟木と、〇木に分類します。",唐,"唐:T'ang;China;foreign",Guess the hidden Kanji,Text
"ネイティブスピーカーに一度も師事することなく大学を卒業できた外国語教師がいるなんて、〇かわしいことだと思う。
文を書くときには、ふつう大文字で始め、ピリオド（.）、または感〇符（!）、疑問符（?）、で終わる。
英語には８つの主な品詞があります：　名詞、動詞、形容詞、副詞、代名詞、前置詞、接続詞そして感〇詞。",嘆,"嘆:sigh;lament;moan;grieve;sigh of admiration",Guess the hidden Kanji,Text
"〇火により少なくとも31人の人が犠牲となりました。
〇火により少なくとも31人が命を落としました。
火山はいつ〇火してもおかしくない。",噴,"噴:erupt;spout;emit;flush out",Guess the hidden Kanji,Text
"徒歩〇内に、飲食店やお店がたくさんあります。
デジネフ岬は北極〇の南３０マイルにある。
ドイツ語〇でケモノアニメはありますか？",圏,"圏:sphere;circle;radius;range",Guess the hidden Kanji,Text
"世界ジオパークや地球生命〇保全地区などの認定はベトナムにとって大きな喜びと〇りです。
ロシア語〇は英語〇と比べると、どれくらいの広さを〇っていますか？",圏誇,"圏:sphere;circle;radius;range
誇:boast;be proud;pride;triumphantly",Guess the hidden Kanji,Text
"私は世界でもっとも人口が多い島、インドネシア・ジャワ島出身の風来〇です。私は猫をこよなく愛し、コーヒーは私の主食です。
人間は赤ん〇のときは四つんばいで、それから２本の足で歩くようになり、最後は年をとって杖が必要になる。
エバンはまだほんの小さな〇やよ。一体どうして、何をやればいいかなんてわかるのよ。",坊,"坊:boy;priest's residence;priest",Guess the hidden Kanji,Text
"ダンスに行っている間、私の母が赤ん〇の面〇を見てくれます。
赤ん〇の面〇を私が見なければならなくなった。",坊倒,"坊:boy;priest's residence;priest
倒:overthrow;fall;collapse;drop;break down",Guess the hidden Kanji,Text
"アメリカの典型的な中流階級に生まれた赤ん〇は、病院から戻ってくると自分用の部屋の自分用のベッドに〇かされる。
典型的な日本の赤ん〇は、病院から家に帰ると母親と一緒に〇る。
ベビーシッターは赤ん〇に歌を歌って〇付かせようとした。",坊寝,"坊:boy;priest's residence;priest
寝:lie down;sleep;rest;bed;remain unsold",Guess the hidden Kanji,Text
"お母さん狐は、心配しながら、〇やの狐の帰ってくるのを、今か今かとふるえながら待っていましたので、〇やが来ると、暖かい胸に〇きしめて泣きたいほどよろこびました。
赤ん〇を〇いている女の人は、今ついたばかりです。
赤ん〇は気持ちよさそうに母親に〇かれていた。",坊抱,"坊:boy;priest's residence;priest
抱:embrace;hug;hold in arms",Guess the hidden Kanji,Text
"一部の赤ん〇は、１〇になる前に泳げるようになる。
赤ん〇の年は今は２〇です。",坊歳,"坊:boy;priest's residence;priest
歳:year-end;age;occasion;opportunity",Guess the hidden Kanji,Text
"その赤ん〇はゆりかごの中で横になって〇っていた。
その赤ん〇は揺りかごの中ですぐ〇ってしまった。
しかし、赤ん〇の様にぐっすり〇りました。",坊眠,"坊:boy;priest's residence;priest
眠:sleep;die;sleepy",Guess the hidden Kanji,Text
"ホーキングは、その本の〇筆を始めたとき、手で書くことがまったくできなかった。
取締役会は業務〇行に関する意思決定を目的としたものだ。
この小説は、有名なアメリカの作家が〇筆したものです。",執,"執:tenacious;take hold;grasp;take to heart",Guess the hidden Kanji,Text
"しかし最小労力で中〇校行ける英語力を付ける方法とか、まったく見当もつかん。
神よ、私に貞潔さと〇固さをおあたえください。ですが、いますぐにではなく。
自分が〇く誓ったことは、どんなことがあっても実行しなければいけないよ。",堅,"堅:strict;hard;solid;tough;tight;reliable",Guess the hidden Kanji,Text
"川の水をせき止めるために〇防が建設された。
雨のため水は〇防からあふれて流れた。
〇防が都市を洪水から守ってくれた。",堤,"堤:dike;bank;embankment",Guess the hidden Kanji,Text
"翌朝、トムは猫の死体を時計〇の足元で見つけた―― 絨毯のように潰れていた。
君はあのテレビ〇の高さがどれくらいあるか知っていますか。
ガリレオは二つの鉄の玉を〇のてっぺんから落とした。",塔,"塔:pagoda;tower;steeple",Guess the hidden Kanji,Text
"その〇はわずかに左へ〇いていた。
〇はわずかに西へ〇いていた。",塔傾,"傾:lean;incline;tilt;trend;wane;sink;ruin;bias
塔:pagoda;tower;steeple",Guess the hidden Kanji,Text
"この城の〇から町の全景が見〇せる。
この〇から町全体が見〇せます。",塔渡,"渡:transit;ford;ferry;cross;import;deliver;diameter;migrate
塔:pagoda;tower;steeple",Guess the hidden Kanji,Text
"「鏡や、鏡、〇にかかっている鏡よ。 国じゅうで、だれがいちばんうつくしいか、いっておくれ」すると、鏡はいつもこう答えていました。「女王さま、あなたこそ、お国でいちばんうつくしい」
ハンプティダンプティ、〇の上に座って、ハンプティダンプティ、ドシンと落ちた。王様の馬のみんなも王様の家来のみんなもハンプティを元に戻せなかった。
昨日さ、メアリーが車を〇にぶつけてバンパーがへこんじゃったんだって。あいつ、何でああも運転が下手なんだろうな。",壁,"壁:wall;lining (stomach);fence",Guess the hidden Kanji,Text
"人が月面に着陸し、ベルリンでは〇が崩〇し、われわれの科学と想像力によって世界はつながりました。
我々は社会的障〇を取り〇すために、懸命に努力しなければならない。
ベルリンの〇が崩〇したのは１９８９年のことだった。",壁壊,"壁:wall;lining (stomach);fence
壊:demolition;break;destroy",Guess the hidden Kanji,Text
"それは〇に神秘的な〇を投げかける。
木は〇にその〇を投げかけている。",壁影,"壁:wall;lining (stomach);fence
影:shadow;silhouette;phantom",Guess the hidden Kanji,Text
"〇に掛かっている絵はピカソによって〇かれた。
その少年は〇に絵を〇いた。",壁描,"描:sketch;compose;write;draw;paint
壁:wall;lining (stomach);fence",Guess the hidden Kanji,Text
"そのくぎは〇を〇きぬけていた。
くぎが〇を〇きぬけた。",壁突,"壁:wall;lining (stomach);fence
突:stab;protruding;thrust;pierce;prick;collision;sudden",Guess the hidden Kanji,Text
"地球人の一人として、私は文化の〇を〇える方法を知っています。
語族の〇を乗り〇えるには相応の時間が掛かります。
笑顔は言葉の〇を〇える。",壁越,"越:surpass;cross over;move to;exceed;Vietnam
壁:wall;lining (stomach);fence",Guess the hidden Kanji,Text
"花子は〇に顔を伏せ、数を数え始めました。「いーち、にー、さーん、しー、ごー、ろーく、ひーち、はーち、きゅー、じゅ。もういいかい？」「まぁだだよ」「もういいかい？」「もういいよ」それを聞いて花子は、数を数えている間に〇れた友達を、さがし始めました。
アンナは〇の方を向き、数を数え始めました。「1・２・３・４・５・６・７・８・９・１０。〇れていようがいまいが、行くからね！」そう言うとアンナは、数を数える間に〇れた友達を、さがし始めました。",壁隠,"隠:conceal;hide;cover
壁:wall;lining (stomach);fence",Guess the hidden Kanji,Text
"常に取り〇される危険にさらされているのは、それほど重要かどうか決定しがたい場合である。つまり、実際、芸術的価値や歴史的価値はないかもしれないが、心情的に人々が愛着を持ち、愛するようになった堂々とした昔の建物の場合である。
ユーゴスラビアは、過去３ヶ月にわたって数千人を殺害し、諸都市を破〇して、１３０万人を難民へと追いやったボスニアのセルビア人武装勢力の行動は、同国の責任ではないとしています。
「ねぇ、馬鹿な質問していい？」「何？」「ヘッドフォンが機能しない時って、何ていう？」「『ヘッドホンが〇れた』じゃない？」「えっ。ヘッドフォン？ヘッドホン？」「しらん」",壊,"壊:demolition;break;destroy",Guess the hidden Kanji,Text
"誰かが我が家を〇して〇入した。
誰かが家を〇して〇入した。",壊侵,"侵:encroach;invade;raid;trespass;violate
壊:demolition;break;destroy",Guess the hidden Kanji,Text
"今日若者たちは、自分には何の罪もないのに、国際的な悪感情と核破〇の脅〇によって分裂した世界に生きている。
法律のさらなる規制は、経済を〇滅へのさらなる脅〇にさらしていく。",壊威,"威:intimidate;dignity;majesty;menace;threaten
壊:demolition;break;destroy",Guess the hidden Kanji,Text
"昔の建物を取り〇すことによって、私たちは、過去の痕〇を永久に消し去ってしまうことになるのである。
台風は破〇の〇を残して行った。",壊跡,"跡:tracks;mark;print;impression
壊:demolition;break;destroy",Guess the hidden Kanji,Text
"その戸はどうしても開かない、鍵が〇れているに〇いない。
船積みの時〇れたに〇いない。",壊違,"違:difference;differ
壊:demolition;break;destroy",Guess the hidden Kanji,Text
"毎週、CoCo〇番屋に行きました。
それは〇万円と計算されている。",壱,"壱:one (in documents)",Guess the hidden Kanji,Text
"僕はこの詩集がそれを読んだ人たちに忘れられたころ、不意に何ものともわからないしらべとなって、たしかめられず心の底でかすかにうたう〇蹟をねがう。
一人物と馬丁が騎馬で一月一日に牛小屋に至たりました。 だから数〇屋のなかで、可塑物の大口が一つだけあります。
好〇心は虚栄以外のなにものでもない。ほとんどの場合、話すためにだけ、人は知ることを欲する。",奇,"奇:strange;strangeness;curiosity",Guess the hidden Kanji,Text
"１１ページの地図はとても〇〇に見える。逆さまにしてみると、見慣れた地図になる。
その科学者は、最新の科学知識に照らしてその〇〇な現象を説明した。
あなたがいった事は、数年前に経験した〇〇な事を思い出させます。",奇妙,"妙:exquisite;strange;queer;mystery;miracle;excellent;delicate;charming
奇:strange;strangeness;curiosity",Guess the hidden Kanji,Text
"メアリーの〇〇なドレスは、パーティー会場で一際目立っていた。
こういうのを〇〇なファッションというのだろうな。",奇抜,"奇:strange;strangeness;curiosity
抜:slip out;extract;pull out;pilfer;quote;remove;omit",Guess the hidden Kanji,Text
"〇〇が起こらない限り、それを時間通りにやることはできないだろう。
今禎子にできることは、折り鶴を折って〇〇を願うことだけだった。
我が家がハリケーンに持ちこたえるなんて〇〇だよ。",奇跡,"跡:tracks;mark;print;impression
奇:strange;strangeness;curiosity",Guess the hidden Kanji,Text
"私はブラジルでは大学で〇〇な女のポランド人と知り合いになって、そこでたいへん親切なポランド語が話せる方もお出会いしました。
見てごらんなさい。私の家の方がお宅よりも〇〇ですよ。
ホテルからの眺めはとても〇〇だった。",奇麗,"奇:strange;strangeness;curiosity
麗:lovely;beautiful;graceful;resplendent",Guess the hidden Kanji,Text
"トムはその件のことはすっかり忘れたように見えるかもしれないが、心の〇底ではまだ深く傷ついている。
好きな人はもちろんいるけど、片思いなの。だって、その人にはとても素敵な〇さんがいるんだもの。
先日私たちは、間もなくお子さんが生まれる〇さんをお持ちの男性から電話をいただきました。",奥,"奥:heart;interior",Guess the hidden Kanji,Text
"〇さんの旧〇って、何て言うの？
〇様の旧〇は何ですか。",奥姓,"奥:heart;interior
姓:surname",Guess the hidden Kanji,Text
"「〇様のお名前は？」「結〇してない」
〇様とご結〇されたのはいつですか？",奥婚,"奥:heart;interior
婚:marriage",Guess the hidden Kanji,Text
"将来のことなんて具体的に考えていない。周りに聞いてもはっきりと答えられる〇なんて少数派という感じだ。何となく本が好きで何となくそういうことでも勉強してみよう、曖昧な気持ちで文学部に入ったという学生が多い。
「ねえ、知ってる？ メアリーがトムと付き合ってるんだって。ありえなくない？ あんなかわいいのにあんな豚みたいな〇と」「おい、そんな言い方するなよ。別に誰が誰と付き合おうと勝手じゃん」
かげでは、二人して僕のことを迂濶な〇、頓馬な〇、助平な〇などあざ笑っているのかも知れないと、僕は非常に不愉快を感じた。",奴,"奴:guy;slave;manservant;fellow",Guess the hidden Kanji,Text
"バカ言うな！何処の馬の骨かわからんような〇に、俺の大切な〇をやれるか。
〇等はあの〇を連れてった。",奴娘,"娘:daughter;girl
奴:guy;slave;manservant;fellow",Guess the hidden Kanji,Text
"〇らが〇げ出そうとするのを、私は見〇さなかった。
のいて・・・〇らは〇げちゃうよ。
〇らに見つかる前に〇げろ。",奴逃,"奴:guy;slave;manservant;fellow
逃:escape;flee;shirk;evade;set free",Guess the hidden Kanji,Text
"スターリン時代には、強制収容所の収容者たちは国家のための〇〇となりました。
私は〇〇になろうと思わないと同じように、〇〇の主人になろうとも思わない。
合衆国では１９世紀に多くのアフリカ人が〇〇として売られた。",奴隷,"奴:guy;slave;manservant;fellow
隷:slave;servant;prisoner;criminal;follower",Guess the hidden Kanji,Text
"代わりにPrologではパターンマッチングを巧〇に用いるプログラミングを行います。
いつも〇ちくりんなことばっかり書いてるもんだから、きっとコメントしにくいんだわ！
裏アカに見せかけて、親を安心させるとは、巧〇な手口ね。",妙,"妙:exquisite;strange;queer;mystery;miracle;excellent;delicate;charming",Guess the hidden Kanji,Text
"あなたは、スティーブ・ジョブズの〇が「ジューブズ」だったとして、今と同じように成功を収めていたと思いますか？
二人は貧しい百〇でした。持っている土地といえば、わずかに庭ぐらいの大きさのものでした。
家名を嵯峨と改〇したのは明治３年でした。",姓,"姓:surname",Guess the hidden Kanji,Text
"私たちは、新しいエネルギーを活用しなくてはならない。新しい仕事を創り出さなくてはならない。新しい学校を造り、脅〇に立ち向かい、同盟関係を修復しなくてはならない。
その問題をもう少しわかりやすくしてくれる、どんなことを権〇者が述べているのか知ろうと、私はとてもたくさんの本を読んできた。
利用すべきエネルギー、つくり出すべき雇用、建てるべき学校、対話すべき脅〇、修復すべき同盟がある。",威,"威:intimidate;dignity;majesty;menace;threaten",Guess the hidden Kanji,Text
"「〇のインスタの裏アカを見つけたって喜んでるようじゃぁ、まだまだだね。裏には裏があるから、気をつけてね」「つまり、『いたちごっこ』ってことね」
お姫様ごっこをしていた〇は私のスカートをドレスのように身にまとい、ずるずる引きずりながらこっちに向かって歩いてきた。
〇がハイハイできるようになったんだ。もうかわいくてかわいくて、目の中に入れても痛くないとはこのことだな。",娘,"娘:daughter;girl",Guess the hidden Kanji,Text
"王子はその貧しい〇と結〇することを国中に知らせた。
父親はしぶしぶ〇の結〇に同意した。
私の〇は6月に結〇する予定です。",娘婚,"娘:daughter;girl
婚:marriage",Guess the hidden Kanji,Text
"あなたは私を〇として取〇って下さった最初の方でした。私でも人間であることを教えて下さった最初の方でした。
私は〇をどう〇ったらよいのか全然わからない。",娘扱,"娘:daughter;girl
扱:handle;entertain;thresh;strip",Guess the hidden Kanji,Text
"うちの〇は５〇にして「ラクトアイスは不味いから嫌だ。アイスクリームかアイスミルクにして」などと言う。
トムの〇さん、１５〇で妊娠しちゃったのよ。
〇はやっと１５〇です。",娘歳,"娘:daughter;girl
歳:year-end;age;occasion;opportunity",Guess the hidden Kanji,Text
"夫と〇はぐっすりと〇っている。
私の〇はぐっすり〇っている。",娘眠,"娘:daughter;girl
眠:sleep;die;sleepy",Guess the hidden Kanji,Text
"「山本さんとこの一番下の〇さん、男の子を産んだんだって」「山本さんって、公園の前の？」「〇うよ、裏の山本さん」
私の〇は最近口答えをしなくなった。気持ちを新たにして生活を一新したに〇いない。",娘違,"違:difference;differ
娘:daughter;girl",Guess the hidden Kanji,Text
"母親は、〇が〇れて大学へ行っているのでさびしい思いをした。
〇の父親は金〇れがいい。",娘離,"離:detach;separation;disjoin;digress
娘:daughter;girl",Guess the hidden Kanji,Text
"〇は母親に同行して欲しいと〇んだ。
私が死んだら〇の教育は君に〇む。
跪いてあの〇に〇んだよ。",娘頼,"娘:daughter;girl
頼:trust;request",Guess the hidden Kanji,Text
"これは、結〇に対する人々の見方が変わったことと、１日２４時間あいているファーストフード・ストアやコンビニエンス・ストアが急速に増加して、若い人たちがもっと気楽に暮らせるようになったためかもしれない。
結〇の利益は、女性の本質を知ることであり、結〇の損失は、女性への幻滅を知ることである。それ故に結〇しない小説家は、未だ女を書くことが出来ない。結〇した詩人は、もはや女を歌うことができない。
「君って、結〇してるの？」「そうよ」「えっ。もしかして子持ちとか」「そうだけど。何か？」「いや、何でもない」「っていうかさぁ『ししゃも』みたいな言い方するの止めてくれる？」",婚,"婚:marriage",Guess the hidden Kanji,Text
"その結〇式は17世紀建立の教会で〇り行われます。
ジョンとジルは来月、結〇式を〇り行います。
結〇式はどこで〇り行われたの？",婚執,"執:tenacious;take hold;grasp;take to heart
婚:marriage",Guess the hidden Kanji,Text
"いつものコーヒーショップでコーヒーを飲んでいると、トムが血相を変えてやってきた。何事かと思いきや、どうやら、まだ結〇していない最愛の〇メアリーが、妊娠したと言うのだ。トムはかなり取り乱しているようだった。
トムの新しい嫁さんさぁ、最初の結〇でできた〇よりも若いんだ。
私たちにはカナダ人と結〇した〇がいる。",婚娘,"娘:daughter;girl
婚:marriage",Guess the hidden Kanji,Text
"結〇は性慾を調節することには有効である。が、〇愛を調節することには有効ではない。
既〇男性に〇してしまった。",婚恋,"恋:romance;in love;yearn for;miss;darling
婚:marriage",Guess the hidden Kanji,Text
"多くの民族集団において、結〇の〇り物として伝統的にお金が〇られる。
結〇のお祝いに、これをお〇りします。",婚贈,"贈:presents;send;give to;award to;confer on;presenting something
婚:marriage",Guess the hidden Kanji,Text
"トムとメアリーは、まもなく結〇１３周年を〇える。
来月１０日に二人は結〇２０周年を〇えます。",婚迎,"婚:marriage
迎:welcome;meet;greet",Guess the hidden Kanji,Text
"結〇する１週間前には〇方に暮れたよ。
姉の結〇式に行く〇中なの。",婚途,"途:route;way;road
婚:marriage",Guess the hidden Kanji,Text
"オーストラリアでは、重〇は〇法ですか？
ご結〇はまだですよね？〇いますか？",婚違,"違:difference;differ
婚:marriage",Guess the hidden Kanji,Text
"結〇している人々の間では、〇〇や〇別が増え、その結果、片親の家庭がますます多くなっている。
アメリカの場合に比べれば、日本人の結〇は、〇〇に終わることはまれである。
２人は結〇して１年で〇〇した。",婚離,"離:detach;separation;disjoin;digress
婚:marriage",Guess the hidden Kanji,Text
"あなたは私の結〇披〇宴にもっと早く来るべきだったのに。
結〇式の後で盛大な披〇宴が催された。",婚露,"婚:marriage
露:dew;tears;expose;Russia",Guess the hidden Kanji,Text
"「お前なんかと結〇するぐらいなら、死んだ方まし」「結〇してなんて、〇んでないし。勝手に盛り上がってたのそっちでしょ？私の方こそごめんよ」
結〇してなんて、〇んでないし。",婚頼,"婚:marriage
頼:trust;request",Guess the hidden Kanji,Text
"教会は結〇式に備えて花で美しく〇られている。
教会には結〇式用の花が〇られている。",婚飾,"婚:marriage
飾:decorate;ornament;adorn;embellish",Guess the hidden Kanji,Text
"きっとあなたは私が結〇したことを聞いて〇いたことでしょう。
どれほどたくさんの不幸な結〇があるかは〇くほどである。
トムとメアリーが結〇しても、誰も〇かないと思うな。",婚驚,"婚:marriage
驚:wonder;be surprised;frightened;amazed",Guess the hidden Kanji,Text
"わたしももう結〇適〇期ね。
おまえももう結〇する〇だ。",婚齢,"齢:age
婚:marriage",Guess the hidden Kanji,Text
"独りで〇しいんじゃないかと思って、ワインを持って会いに来たんだよ。
あなたがいないとどんなに〇しくなるか、私は全く気付かなかった。
メアリーは一人も話し相手がいないが、〇しいとは感じていない。",寂,"寂:loneliness;quietly;mellow;mature;death of a priest",Guess the hidden Kanji,Text
"「母さん、出かけてくる」「どこ行くの？」「大学？」「今、春休みだよね？何しに行くの？」「サークル？」「そんなおしゃれして？」「いいじゃんかぁ、どこでも」「いいけど。後ろ、〇癖ついてるわよ」「まじかぁ」
Ａ ｓｐｏｔ ｏｆ ｓｈｕｔ－ｅｙｅ は、また猫のいねむりともいわれている。猫は１度に２～３分しか〇ない癖があるからだ。
「もう上がって〇なさい」「やだぁ。僕の部屋、幽霊がいるんだもん」「うちには幽霊はいません」「いるよ。僕、見たもん」",寝,"寝:lie down;sleep;rest;bed;remain unsold",Guess the hidden Kanji,Text
"「ごめん、〇〇した」「また？ もうトムのごめんは聞き飽きたんだけど」「ごめんよ。メアリーだって起きれないことあるでしょ？」「ない」
「ゆみちゃんて、そろそろ起きたかな？」「どうだろうね。あの子〇〇助だからね」
このゆりかごは、中に〇ている生まれたばかりの赤ん〇と同じように新しい。",寝坊,"坊:boy;priest's residence;priest
寝:lie down;sleep;rest;bed;remain unsold",Guess the hidden Kanji,Text
"〇返りうつのも苦労するほどせまい〇〇って、どうよ？
父は私に〇〇の中で本を読むなと言いました。
子供は〇〇ですっかり目を覚ましている。",寝床,"床:bed;counter for beds;floor;padding;tatami
寝:lie down;sleep;rest;bed;remain unsold",Guess the hidden Kanji,Text
"私の犬はよく〇た〇りをする。
トムは〇ている〇りをした。",寝振,"振:shake;wave;wag;swing
寝:lie down;sleep;rest;bed;remain unsold",Guess the hidden Kanji,Text
"〇る前に、コップ一〇牛乳を飲みます。
いつも〇る前に牛乳を一〇飲みます。",寝杯,"杯:counter for cupfuls;wine glass;glass;toast
寝:lie down;sleep;rest;bed;remain unsold",Guess the hidden Kanji,Text
"私は早く〇た。というのは〇れていたので。
〇不足で〇れてるんだ。",寝疲,"疲:exhausted;tire;weary
寝:lie down;sleep;rest;bed;remain unsold",Guess the hidden Kanji,Text
"しかし私は授業の間ずっと〇ていました。あなたは今までで、八時三十分からの授業で〇ったことはありませんか。
食べてすぐ〇るのはいけないとよく言われるが、食べた後〇くなる生理と合わないじゃないかと思う。
運よく薬が効くとき１時過ぎに〇れるけど、薬を飲まないと４時ぐらいまで〇れない。",寝眠,"寝:lie down;sleep;rest;bed;remain unsold
眠:sleep;die;sleepy",Guess the hidden Kanji,Text
"「トムはなんで来てないの？」「なんかコンピューターウイルスに感染したんだって」「は、トムが？」「うん、熱出して〇〇んでるらしい」「意味分かんないんだけど」「私も」
私が〇〇んでいたとき、料理を作ってくれてありがとう。
けれども、とうとう、〇〇んでしまいました。",寝込,"込:crowded;mixture;in bulk;included;(kokuji)
寝:lie down;sleep;rest;bed;remain unsold",Guess the hidden Kanji,Text
"目覚まし掛けて〇ても、ついつい二度〇しちゃって〇刻しちゃうんだよな。
トムは昨日の夜、〇たのがすごく〇かったから、まだ起こさないでね。
〇過ごしちゃってさぁ、学校に〇れちゃった。",寝遅,"遅:slow;late;back;later
寝:lie down;sleep;rest;bed;remain unsold",Guess the hidden Kanji,Text
"あれ？首がおかしい。〇〇えたみたい。
首を〇〇えました。",寝違,"違:difference;differ
寝:lie down;sleep;rest;bed;remain unsold",Guess the hidden Kanji,Text
"子供たちが〇ているんです。あまり〇がないでください。
子どもが〇ています。そんなに〇々しくしないで。",寝騒,"騒:boisterous;make noise;clamor;disturb;excite
寝:lie down;sleep;rest;bed;remain unsold",Guess the hidden Kanji,Text
"そして、とりわ、この国の再建に加わるように〇ねよう、221年間アメリカにおいて行われたきた唯一の方法-硬くなった手で一つずつブロックを積み上げ、レンガを積み上げるように。
自分の仕事や関心事について話し、また相手のそうしたことについて〇ねるのはいいが、話題があまりに個人的なものにならないよう気を付けなさい。
お〇ねしたいのですが、Tatoebaで算用数字を使う時は、半角と全角ではどちらを使った方がいいですか？",尋,"尋:inquire;fathom;look for",Guess the hidden Kanji,Text
"世界は完璧じゃない。だからこそ僕たちはベストを〇くすし、だからこそすばらしくなるんじゃないのかな。
その時その時において「ベストを〇くすことで」多くの人の役に立ち使命を果たすことが叶うのです。
君に伝えたいことがたくさんありすぎて、死ぬまで毎日手紙を書いても言い〇くせない気がする。",尽,"尽:exhaust;use up;run out of;deplete;befriend;serve",Guess the hidden Kanji,Text
"〇形氏と話をするのに、ケンは適任だと思います。ただし、プレゼンテーション資料を準備すればの話です。
接〇辞について、１：【-ion】「行動、状態、過程、結果」などの意を表す名詞を作る。
「－osity」は語〇が「－ous」の形容詞から作られる抽象名詞の語〇。",尾,"尾:tail;end;counter for fish;lower slope of mountain",Guess the hidden Kanji,Text
"スラングやフランクな会話、独特な短縮語〇まで〇めた例文が必要です。
霊長類は〇の無いサルだけでなく人間も〇む。",尾含,"尾:tail;end;counter for fish;lower slope of mountain
含:contain;include;hold in the mouth;bear in mind;understand;cherish",Guess the hidden Kanji,Text
"その犬は〇を〇りながら、主人の後についていった。
犬は尻〇を〇って、主人を追いました。
檻に入れられた虎は盛んに〇を〇った。",尾振,"振:shake;wave;wag;swing
尾:tail;end;counter for fish;lower slope of mountain",Guess the hidden Kanji,Text
"もし全ての人が同じように感じ、同じように考え、同じように話すとしたら、人生はひどく単調で、死ぬほど退〇なものになるだろう。
労働力の４０パーセントはホワイトカラー労働者であり、その大部分は、退〇でばかばかしいデッチアゲ仕事をしている。
ええ、そうすれば感謝されるということは重々分かっています。だけどそれは僕をこの上もなく退〇させるのです。",屈,"屈:yield;bend;flinch;submit",Guess the hidden Kanji,Text
"偏〇な〇とまともに話し合っても無駄だ。
卑〇な〇。",屈奴,"奴:guy;slave;manservant;fellow
屈:yield;bend;flinch;submit",Guess the hidden Kanji,Text
"どうしてそんな〇辱が、我〇ができるのですか。
こんな退〇な生活には我〇できない。",屈慢,"屈:yield;bend;flinch;submit
慢:ridicule;laziness",Guess the hidden Kanji,Text
"君は不〇の精神で危機を切り〇けられるだろう。
理〇〇きで、愛してる。",屈抜,"屈:yield;bend;flinch;submit
抜:slip out;extract;pull out;pilfer;quote;remove;omit",Guess the hidden Kanji,Text
"コーヒーのおかげで退〇なコンサートの間〇らないでおくことができた。
映画はとても退〇だったのでアンと私は〇ってしまった。
それは非常に退〇な演説だったので私は〇ってしまった。",屈眠,"屈:yield;bend;flinch;submit
眠:sleep;die;sleepy",Guess the hidden Kanji,Text
"ちょっと〇めば、アソコがチラチラと見え〇れします。
ちょっと〇めば、信号旗がチラチラと見え〇れします。",屈隠,"隠:conceal;hide;cover
屈:yield;bend;flinch;submit",Guess the hidden Kanji,Text
"なにがしあわせかわからないです。ほんとうにどんなつらいことでもそれがただしいみちを進む中でのできごとなら、〇の上りも下りもみんなほんとうの幸福に近づく一あしずつですから。
私達が〇にさしかかる頃に雨になった。",峠,"峠:mountain peak;mountain pass;climax;crest;(kokuji)",Guess the hidden Kanji,Text
"患者さんは〇を〇しました。
病人はもう〇を〇した。
ブームは〇を〇した。",峠越,"越:surpass;cross over;move to;exceed;Vietnam
峠:mountain peak;mountain pass;climax;crest;(kokuji)",Guess the hidden Kanji,Text
"多くの学生が最高〇の大学群へ入学するために競争する。
日本の最高〇、富士山は高さ３７７６メートルである。
エベレスト山は世界の最高〇である。",峰,"峰:summit;peak",Guess the hidden Kanji,Text
"大西洋上の〇航高度から動力なしで地上へ滑空飛行し、緊急着陸に成功した。
だいたい、この川原の辺りを一〇りするのが、基本的な朝のコースである。
私たちがそこでまた出会ったというのは何とも不思議な〇り合わせだった。",巡,"巡:patrol;go around;circumference",Guess the hidden Kanji,Text
"今日、多くの人々は、〇大な現代社会においては、重要なことで個人にできることは何もないという気持ちをいだいているように思われる。
天の川は、遠方の星が〇大な帯状に見えるものであって、その１つ１つは、われわれの知る太陽に似たものである。
軍備のためにこのような〇額の支出が可能かどうかという問題を考えてみる必要がある。",巨,"巨:gigantic;big;large;great",Guess the hidden Kanji,Text
"クリストファーコロンブスはある時、ケルベロスという3つの頭を持った冥界の番犬と、自分の〇子しか使わないで戦った。
「この〇子は、どこに納めたらいいですか？」「あそこに丸い箱があります。その中に入れといてください」
ある女性が、〇子をかぶって写っている亡き旦那の写真をカメラマンの元へ持っていった。",帽,"帽:cap;headgear",Guess the hidden Kanji,Text
"部屋に入ってくるときには〇子を〇ぎなさい。
男は〇子、眼鏡、仮面を〇ぎ始めた。
教室に入る時は〇子を〇ぎなさい。",帽脱,"帽:cap;headgear
脱:undress;removing;escape from;get rid of;be left out;take off",Guess the hidden Kanji,Text
"トムによると、メアリーはジョンが〇子を〇っているのを見たことがないそうだ。
トムはメアリーの横に立っている〇子を〇った男を見て、誰なんだろうと思った。
トムとメアリーは、サンタの〇子を〇ってましたよ。",帽被,"帽:cap;headgear
被:incur;cover;veil;brood over;shelter;wear;put on;be exposed (film);receiving",Guess the hidden Kanji,Text
"大〇な貿易黒字にもかかわらず、貿易収支外の赤字のために計上収支黒字はそれほど大きくない。
大〇な値上げをＯＰＥＣのせいにしようとしたってそうはいかない。とても納得できないね。
カタログを通じて郵便で買い物をすることによって、人々は〇広い商品を選ぶことが出来る。",幅,"幅:hanging scroll;width",Guess the hidden Kanji,Text
"長吉は同じようなその冬の今年と去年、去年とその前年、それからそれと〇年も溯って何心なく考えて見ると、人は成長するに従っていかに幸福を失って行くものかを明かに経験した。
女子学寮には非常に小さい駐車場があった。先生と学生の〇人かと学生のボーイフレンドの多くが車を持っていて、駐車する場所をみつけるのがしばしば難しかった。
すべての人をしばらくの間だますことは出来る。また〇人かの人をずっとだましておくことも出来る。しかし、すべての人をずっと騙しとおすことはできない。",幾,"幾:how many;how much;how far;how long;some;several",Guess the hidden Kanji,Text
"それからまもなく〇人かの測量士と自〇する変な服装をした人たちが集落にやってきて、祖母の小屋の前を測っていきました。
建築のシンメトリーで、エメットは美的統一性をもった〇何学的な対〇性を意味している。",幾称,"幾:how many;how much;how far;how long;some;several
称:appellation;praise;admire;name;title;fame",Guess the hidden Kanji,Text
"「っていうか、あなたは誰なの！？」〇に転がっている俺は無視して、伊織はその少女を問いただしていた。
「こっちに来てひと息いれようよ」「はい。今、厨房の〇を磨いてるんで、終わったらすぐ行きます」
当病院には、免疫力が低下した患者さんを感染から守るため、無菌室を１０〇完備しております。",床,"床:bed;counter for beds;floor;padding;tatami",Guess the hidden Kanji,Text
"トムは、キッチンの〇で意識を失って〇れているメアリーを見つけた。
トムは台所の〇で意識を失って〇れているメアリーを発見した。
その男は〇にどさっと〇れた。",床倒,"床:bed;counter for beds;floor;padding;tatami
倒:overthrow;fall;collapse;drop;break down",Guess the hidden Kanji,Text
"「ベッド使っていいよ。俺は〇で〇るから」「そんな、風邪引いちゃうよ」
あまりの暑さに、猫が〇にぐったりと〇そべっている。
正気に戻ると、自分が〇に〇ているのに気づいた。",床寝,"床:bed;counter for beds;floor;padding;tatami
寝:lie down;sleep;rest;bed;remain unsold",Guess the hidden Kanji,Text
"このじゅうたんは〇全体に〇けるほどの大きさである。
その〇には厚いじゅうたんが〇いてある。
〇にカーペットを〇いた。",床敷,"床:bed;counter for beds;floor;padding;tatami
敷:spread;pave;sit;promulgate",Guess the hidden Kanji,Text
"〇が水〇しじゃない？どうしたの？
〇は、水〇しだった。",床浸,"浸:immersed;soak;dip;steep;moisten;wet;dunk
床:bed;counter for beds;floor;padding;tatami",Guess the hidden Kanji,Text
"〇屋さんがあなたの〇をとても短く切りましたね。
昨日〇屋で〇を切ってもらったんだ。
今日〇屋で散〇しなければならない。",床髪,"床:bed;counter for beds;floor;padding;tatami
髪:hair of the head",Guess the hidden Kanji,Text
"このモップで〇を綺〇にしてください。
大理石の〇って、綺〇だわ。",床麗,"床:bed;counter for beds;floor;padding;tatami
麗:lovely;beautiful;graceful;resplendent",Guess the hidden Kanji,Text
"花火の〇ける音が止むと、急に辺りが静かになる。後に残った火薬の匂いが、なんだか俺をセンチメンタルな気分にさせた。
ギターでカントリー・ウエスタンを〇くのは本職のミュージシャンならごくたやすいことだ。
戦場に赴くカメラマンが不発〇の危険性を知らないのは不思議だ、新聞社は教育を怠ってる。",弾,"弾:bullet;twang;flip;snap",Guess the hidden Kanji,Text
"トムはピアノを〇いて失〇の悲しみを紛らわそうとした。
トムはピアノを〇いて失〇の悲しみを紛らそうとした。",弾恋,"弾:bullet;twang;flip;snap
恋:romance;in love;yearn for;miss;darling",Guess the hidden Kanji,Text
"私たちは花子にピアノを〇いてくれるように〇みました。
私はトムにギターを〇いてくれと〇みました。",弾頼,"弾:bullet;twang;flip;snap
頼:trust;request",Guess the hidden Kanji,Text
"そのデザイン・ハウスにとって、コンピューター製造にさらに急進的な色〇を導入することは適切な戦略であった。
秋の夜空を〇る「サプライズ花火」は、私たちに笑顔を届けてくれました。
迷〇のショートパンツを履く場合、上は何色のTシャツが合いますか？",彩,"彩:coloring;paint;makeup",Guess the hidden Kanji,Text
"機械式時計の針や、日時計に落ちる〇や、砂時計の中の砂や水がそうであるように、時は我々のために止まってくれはしない。
静かな水が動いて写る〇を乱したように、流れ出したと思ったら、女の眼がぱちりと閉じた。
陽電子放射断層撮〇法では、放射性トレーサーを利用して体内の代謝活動を可視化します。",影,"影:shadow;silhouette;phantom",Guess the hidden Kanji,Text
"人〇のない夕暮の砂〇を、たゞ一人、歩いてゐることが好きでした。
人〇のない夕暮の砂〇を、ただ一人、歩いていることが好きでした。
人〇のない砂〇を、ただ一人、歩いていることが好きでした。",影浜,"浜:seacoast;beach;seashore
影:shadow;silhouette;phantom",Guess the hidden Kanji,Text
"新進作家の登場でその老作家は〇の〇い存在となった。
あの人は〇が〇い。",影薄,"薄:dilute;thin;weak (tea);pampas grass
影:shadow;silhouette;phantom",Guess the hidden Kanji,Text
"「今日さぁ、昇進したんだ」「へぇ。よかったじゃん」「それがさぁ、昇進はしたんだけどコロナの〇〇で昇給がなかったんだ。責任だけが増えたって感じ？」「マジで？『奢って』って言おうと思ったけど、気の毒過ぎて言えない。ひとまず、おめでとう」「ありがとう」
その〇〇力は日毎にますます大きくなっているが、しかし創造性があるわけではなく、また、価値の判断もできない。
台風の接近に伴い交通機関に〇〇が出始めておりますが、本日のミーティングは予定通り行われますでしょうか？",影響,"響:echo;sound;resound;ring;vibrate
影:shadow;silhouette;phantom",Guess the hidden Kanji,Text
"インカ族が約四百年前にスペイン人に〇服されたとき、少数のインカ族がクスコを去ってペルーの中心部にあるマチュピチュに行った。
ローマ人がもし始めからラテン語を学んでいたとしたら、世界〇服など不可能だっただろう。
戦車や飛行機は軍隊を打ち破ることはできようが、国民を〇服することはできない。",征,"征:subjugate;attack the rebellious;collect taxes",Guess the hidden Kanji,Text
"ボーイング社の安全担当の専門家は航空産業の他の専門家と一緒になって制〇飛行中の墜落（ＣＦＩＴ）として知られている墜落事故をなくそうと国際的な対策委員会を組織している。
この問題集は小学生向けですが、大人でも「あれ？」と頭をひねるような問題が多いので、ぜひ親〇さんも一緒にやってみてください。
また、イエス〇自身で、人のうちにあるものを知っておられたので、人について誰の証言も必要とされなかったからである。",御,"御:honorable;manipulate;govern",Guess the hidden Kanji,Text
"君たちのうち誰かこの方の〇用を〇っているか。
誰かが〇用を〇っているでしょうか。",御伺,"御:honorable;manipulate;govern
伺:pay respects;visit;ask;inquire;question;implore",Guess the hidden Kanji,Text
"冷蔵庫の中の物は、何でも〇自由に〇し上がってください。
お茶をもう少し〇〇し上がりになりませんか。
どうぞご自由に〇〇し上がれ。",御召,"御:honorable;manipulate;govern
召:seduce;call;send for;wear;put on;ride in;buy;eat;drink;catch (cold)",Guess the hidden Kanji,Text
"〇一緒したいのですが飛行機代が〇えないのです。
残金は６月３０日までに〇支〇いします。",御払,"御:honorable;manipulate;govern
払:pay;clear out;prune;banish;dispose of",Guess the hidden Kanji,Text
"当ホテルでの〇宿〇をごゆっくり〇楽しみください。
どちらに〇〇りですか。",御泊,"御:honorable;manipulate;govern
泊:overnight stay;put up at;ride at anchor",Guess the hidden Kanji,Text
"食事の前に〇〇りをしなさい。
道中〇無事を〇ります。
〇多幸をお〇りします。",御祈,"御:honorable;manipulate;govern
祈:pray;wish",Guess the hidden Kanji,Text
"敵の防〇は強力だったが我々は〇破しようと試みた。
我が軍は敵の防〇を〇破した。",御突,"御:honorable;manipulate;govern
突:stab;protruding;thrust;pierce;prick;collision;sudden",Guess the hidden Kanji,Text
"あの、私、残念ですが小用が〇座いますので、この辺りで失礼〇しますね。
制〇装置をお見せ〇します。",御致,"御:honorable;manipulate;govern
致:doth;do;send;forward;cause;exert;incur;engage",Guess the hidden Kanji,Text
"これを最初から正確にやるのは難しいから、まず見当をつけて大雑把にやってから細かい部分を〇調整していかないといけない。
日本文化の文脈の中では当然と思われる〇笑みも、外国人の間では、不気味な笑いとして多くの混乱を生み、また悪評が高い。
蓮くんは察しは良い様だけど、もう少し心の機〇というものを理解出来る様に努力するべきじゃないかしら。",微,"微:delicate;minuteness;insignificance",Guess the hidden Kanji,Text
"トムがね、褒めてたよ、あなたのこと。「英語と日本語の〇〇な感覚が天才的に優れているのでかなり大胆な訳をしてくる」って。私もそう思う。
記事によって〇〇に言い回しが異なってニュアンスが変わってる。
トムが次のオリンピックに出場できるかどうかは〇〇だ。",微妙,"妙:exquisite;strange;queer;mystery;miracle;excellent;delicate;charming
微:delicate;minuteness;insignificance",Guess the hidden Kanji,Text
"モナリザはやさしいが神秘的な〇笑を〇かべている。
怪物は残酷な〇笑みを〇かべた。",微浮,"浮:floating;float;rise to surface
微:delicate;minuteness;insignificance",Guess the hidden Kanji,Text
"空気中の〇細な〇子が癌を引き起こすことがある。
〇〇子は肉眼ではほとんど見えない。",微粒,"微:delicate;minuteness;insignificance
粒:grains;drop;counter for tiny particles",Guess the hidden Kanji,Text
"いつまでも〇笑みの国だと思ったら大間〇いだぞ。
顕〇鏡と望遠鏡の〇いがわかりますか。
顕〇鏡と望遠鏡の〇い、分かってる？",微違,"違:difference;differ
微:delicate;minuteness;insignificance",Guess the hidden Kanji,Text
"よき理論というものは、観察によればだいたいのところ誤りや不正確であるとされるような多くの予言を生み出すという事実によって特〇づけられる。
生まれながらの紳士を特〇づけるのは、何を身につけているかということよりも、むしろどのようにそれを身につけているかということである。
私を騙せると思わないで。あなたの嘘をする能力自体の特〇の一つは、私が信じるには、信じている真似をする必要があるの。",徴,"徴:indications;sign;omen;symptom;collect;seek;refer to;question",Guess the hidden Kanji,Text
"「お久しぶりって感じね。元気にしてる？」「してる。してる。最近、〇しくてさ、なかなか時間がとれないのよ。今ね、病院の待合室。時間が少しできたからメッセージ書いてみたの」
あなたが〇しいことはわかっていますが、プロジェクトを進めるために、私の最新のメールに対するあなたの返事が必要なのです。返事を書いていただけませんか。
さらにまた、ＲＶ車に乗ってアメリカ中をひたすら旅して、それまで〇しすぎてみることのできなかった地域を見て回る者もいる。",忙,"忙:busy;occupied;restless",Guess the hidden Kanji,Text
"ここのところ目が回るほど仕事が〇しくて、ビデオを見る〇もない。
毎日泣いたり笑ったりするのに〇しくて、勉強する〇がないんだ。
試験が済むまでは〇しくて〇がないだろうと思います。",忙暇,"忙:busy;occupied;restless
暇:spare time;rest;leisure;time;leave of absence",Guess the hidden Kanji,Text
"昨日は１日中〇しかったので、今朝はひどく〇れている。
きのうは〇しかったので、とても〇れました。",忙疲,"疲:exhausted;tire;weary
忙:busy;occupied;restless",Guess the hidden Kanji,Text
"「昨日さぁ、冷蔵庫に入ってたトムのチョコ食べたら、マジ切れされちゃったんだけど、そんなに〇らなくてもいいと思わない？」「冷蔵庫のって、あのピンクの箱に入ったやつ？」「そうそう」「そりゃぁ、〇るわよ。あれ本命にもらったチョコだもん」「マジで？」
〇りっぽい人は１０まで数えるようにすべきだ。そうすれば油が風波をしずめるように、むしゃくしゃした気持ちはおさまる。
この間、ブーツはいてる女の子に「その長靴みたいなのいいね」って言ったら「長靴っていうな！」って〇られた。",怒,"怒:angry;be offended",Guess the hidden Kanji,Text
"今までの〇りが〇発した。
トムは〇りを〇発させた。",怒爆,"爆:bomb;burst open;pop;split
怒:angry;be offended",Guess the hidden Kanji,Text
"ゲームで〇り〇う人と一緒にプレイすると大変です。
私は〇り〇っていたんだ。
〇りは〇気の１形態です。",怒狂,"怒:angry;be offended
狂:lunatic;insane;crazy;confuse",Guess the hidden Kanji,Text
"もう１０時だ。母は〇っているに〇いない。
まだ〇ってるでしょ。〇う？
母は〇っているに〇いない。",怒違,"違:difference;differ
怒:angry;be offended",Guess the hidden Kanji,Text
"今の文学青年はセンチメンタルになることを〇れている。これも傷つけられるのを〇れる一種のさもしい心のあらわれかも知れない。
ベンヤミンは優れた芸術作品を前にして人が経験するであろう畏〇や崇敬の感覚を指して「アウラ」という語を用いた。
「目の手術とか〇い」「そんなこと言ってる場合じゃないでしょ。このままじゃ失明するかもしれないんだよ」",怖,"怖:dreadful;be frightened;fearful",Guess the hidden Kanji,Text
"ママは、ネズミが〇いので、２つの〇〇と戦わねばならなかったの。
〇いくらいに賢くて末〇ろしい。",怖恐,"怖:dreadful;be frightened;fearful
恐:fear;dread;awe",Guess the hidden Kanji,Text
"〇がるキツネを胸いっぱいに〇き寄せました。
〇いから、〇っこ。",怖抱,"怖:dreadful;be frightened;fearful
抱:embrace;hug;hold in arms",Guess the hidden Kanji,Text
"優しくされるのが〇くて、わたしは〇げた。
犬が〇くて子供たちは〇げた。",怖逃,"怖:dreadful;be frightened;fearful
逃:escape;flee;shirk;evade;set free",Guess the hidden Kanji,Text
"「〇人にさよならのキスくらいしないと、キスしてあばよ、ということになるぞ」とトムは言ったが、それは「〇人に別れのキスくらいしないと、これが今生の別れになるぞ」という意味だった。
「なんで別れちゃったの？」「私はトムのことがほんとに大好きだったんだけど、トムにとって私は〇人っていうよりやっぱり友達って感じだったんだって」
トムに初めて会った時、トムってお金持ちなんだと思ったんだけど、単に見え張ってるだけだってわかったら、急に〇心も冷めちゃった。",恋,"恋:romance;in love;yearn for;miss;darling",Guess the hidden Kanji,Text
"私がはじめて女の子に〇をしたのは１３〇の時でした。
初〇は何〇の時でしたか。",恋歳,"恋:romance;in love;yearn for;miss;darling
歳:year-end;age;occasion;opportunity",Guess the hidden Kanji,Text
"全ての場合を通じて、〇愛は忍〇である。
もうこの失〇の痛みには〇えられない。",恋耐,"恋:romance;in love;yearn for;miss;darling
耐:-proof;enduring",Guess the hidden Kanji,Text
"読書の選択やまた読書の仕方について学生達から質問を受けたことが度々ある。これに対する自分の答はいつも不得要領に終る外はなかった。如何なる人に如何なる〇をしたらいいかと聞かれるのと大した相〇はないような気がする。
友達と〇人の〇いって何なんだろう。
〇と呼ぶにはなにか〇う。",恋違,"恋:romance;in love;yearn for;miss;darling
違:difference;differ",Guess the hidden Kanji,Text
"〇とせきとは〇せない。
〇とせきとは〇されぬ。",恋隠,"恋:romance;in love;yearn for;miss;darling
隠:conceal;hide;cover",Guess the hidden Kanji,Text
"その答えは、何かを達成できることなど冷笑し、〇れ、疑えとあまりにも長い間、多くの人から言われ続けてきた人々を、歴史の円弧に手をかけて向きを変え、もう一度、より良い明日のための希望へと導くものだ。
我我はしたいことの出来るものではない。只出来ることをするものである。これは我我個人ばかりではない。我我の社会も同じことである。〇らくは神も希望通りにこの世界を造ることは出来なかつたであらう。
ますます多くの家がコンクリートで作られるようになり、コンクリートの家は木造の家屋ほど簡単には燃えないため、火事は今は以前ほど〇ろしいものではなくなっている。",恐,"恐:fear;dread;awe",Guess the hidden Kanji,Text
"私たちは〇〇の中で生きていて、苦しんでいるの。太陽も花も楽しめないし、私たちの子供時代も楽しめないのよ。
学生のひとりによれば、中国では今なお粛清が行われ、〇〇政治が横行しているとのことです。
冷戦は終結したかもしれないが、人々の脳裏から戦争の〇〇が消え去ったわけではない。",恐怖,"怖:dreadful;be frightened;fearful
恐:fear;dread;awe",Guess the hidden Kanji,Text
"馬鹿は天使が〇れて足を向けない所に飛び〇んでいく。
〇ろしさが私の心に忍び〇み、そこに残った。",恐込,"恐:fear;dread;awe
込:crowded;mixture;in bulk;included;(kokuji)",Guess the hidden Kanji,Text
"かわいそうなその少年達は、〇ろしさに〇えていた。
〇ろしい光景にトムは〇え上がった。",恐震,"震:quake;shake;tremble;quiver;shiver
恐:fear;dread;awe",Guess the hidden Kanji,Text
"私は、その〇ろしい光景を見て非常に〇きました。
その〇ろしい音に初めてきたものは誰もが〇いた。",恐驚,"恐:fear;dread;awe
驚:wonder;be surprised;frightened;amazed",Guess the hidden Kanji,Text
"太陽に最も近い〇星となるプロキシマ・ケンタウリは、連星系アルファ・ケンタウリに属していると、多くの天文学者は推測している。
「地球から一番近い〇星は何でしょう？」「ケンタウルス座のα星」「ブッブー！ 正解は太陽でした」
イングランドとスコットランドの間の〇常的な国境戦争は終わった。",恒,"恒:constancy;always",Guess the hidden Kanji,Text
"〇ずかしげもなく俺すごい発言してくる人、褒めてる女の子たちがみんなお世辞で言ってるの分かってないのかなあ。
死ぬ前には遺書のほかにラブレターも書きたい。どんな〇ずかしいこと書いてももう〇ずかしがらずに済むから。
アメリカ人は〇ずかしがり屋の人々を〇ずかしがりやではない人々よりも能力が低いと見なすかもしれない。",恥,"恥:shame;dishonor",Guess the hidden Kanji,Text
"「あ、田中さん！」「あっ......！」「元気だった？」「うん。えっと、あっ......！名前ど忘れしちゃった。ごめんなさい。名前なんて言うんだったけ？」「もぉ、国貞よ。国貞〇子」「そうそう、国貞さん。お久しぶり！」
情報は知識ではなく、知識は知〇ではなく、知〇は真実ではなく、真実は美ではなく、美は愛ではなく、愛は音楽ではない、音楽こそが最上だ。
幸運に〇まれず、飛行機の操縦に明るくなかったならば、リンドバーグは大西洋横断飛行に成功することはできなかっただろう。",恵,"恵:favor;blessing;grace;kindness",Guess the hidden Kanji,Text
"こういうと一部の人たちには、ピンとこないかもしれないが、私はサラリーマンのままでいるほうがいい。収支を償わせることで、頭を〇ます必要がないからだ。
〇んでしまう今の自分になってしまった原因を「過去の出来事や親や人のせい」だと考えると、自分ではどうしようもなくてくよくよしてしまう。
例えば仕事に行き〇んだり、家庭内のもめごとに〇んだりしているときに、 高血圧や胃、十二指腸潰瘍などが起こってきます。",悩,"悩:trouble;worry;in pain;distress;illness",Guess the hidden Kanji,Text
"この国の私たちは、ひとつの国として、ひとつの国民として、共に栄え、共に苦しむのです。この国の政治をあまりにも長いこと毒で満たしてきた、相変わらずの党派対立やくだらない諍いや未熟さに再び落ちてしまわないよう、その誘〇と戦いましょう。
人が何かを始める時、 かならず戸〇いがある。 初めての教室に入る時、 初めて車で道に出る時、 初めてバイトをする時、 初めて誰かに好きだという時。 人生の中に「初めて」は、 たくさんある。
木星の周辺を回っているもっと小さな〇星を見てケプラーは、外出中の王の回りを取り囲む護衛を思いだしたので、それを衛星と名付けたのだ。",惑,"惑:beguile;delusion;perplexity",Guess the hidden Kanji,Text
"ご迷〇をおかけする気持ちはありませんが、少々お〇ねしなければならないことがあります。
とある〇星の物語：遠い〇星の空には、力様と美様と呼ばれる２つの太陽がありました。幼い子供が母親に「お母さま、なぜ空には太陽が２つあるの？」と〇ねました。母親は「あらやだわ。この子ったら。あなたには目がいくつある？２つだろう。手はいくつある？２つだよね」と言いました。子供は「でもね、お母さま。鼻は１つしかないよ」と答えました。",惑尋,"惑:beguile;delusion;perplexity
尋:inquire;fathom;look for",Guess the hidden Kanji,Text
"〇星は〇星の周りを一定の軌道に従って回っている天体である。
〇星は〇星の周りを回る。",惑恒,"惑:beguile;delusion;perplexity
恒:constancy;always",Guess the hidden Kanji,Text
"地球は水があるという点でほかの〇星と〇う。
星と〇星の〇いは何ですか？",惑違,"惑:beguile;delusion;perplexity
違:difference;differ",Guess the hidden Kanji,Text
"植民地主義の支配下で、多くの人々が長期にわたって抑圧と〇めさに苦しんだ。
その事故の映像は思わず目をそむけたくなるほど凄〇なものだった。
町で起こっていたら、その事故は〇事を引き起こしていただろう。",惨,"惨:wretched;disaster;cruelty;harsh",Guess the hidden Kanji,Text
"死に憧れる者は〇めであるが、死を〇れる者はさらに〇めである。
僅かな不注意が大〇事に繋がる〇れがある。",惨恐,"恐:fear;dread;awe
惨:wretched;disaster;cruelty;harsh",Guess the hidden Kanji,Text
"ある軍事政権は台風による国民の悲〇な状〇を報道しないよう週刊誌に指示した。
コメディアンは無〇な死や大事故といった悲劇的状〇を冗談のネタにしている。",惨況,"況:condition;situation
惨:wretched;disaster;cruelty;harsh",Guess the hidden Kanji,Text
"女子の典型的な夏のカトリック学校の制服は、半袖のブラウスとキルト（チェックスカート）またはキュロットで構成され、時には〇み深さのためにキルトの下に着用する短パンが加わることもある。
計画を立てる前に、あまり〇重にしすぎると、計画そのものが、ひっくり返ることも、時にはあり得るだろう。
しかし「すでにフランス語は出来ますよ」みたいな口ぶりは〇まなければいかんな。ぺーぺーなのに。",慎,"慎:humility;be careful;discreet;prudent",Guess the hidden Kanji,Text
"この問題は、より〇重に考〇する必要があります。
それは〇重な考〇を要する。",慎慮,"慎:humility;be careful;discreet;prudent
慮:prudence;thought;concern;consider;deliberate;fear",Guess the hidden Kanji,Text
"脳手術の最中は、医者も看護婦も〇重に、しかもできるだけ迅速に患者を〇わなければならない。
この事態は〇重な取り〇いを要する。",慎扱,"扱:handle;entertain;thresh;strip
慎:humility;be careful;discreet;prudent",Guess the hidden Kanji,Text
"私は〇太〇君は英語を上手に話すと思います。
〇太〇君は英語が流暢だと思います。
あの少年の名前は和田〇太〇です。",慎郎,"慎:humility;be careful;discreet;prudent
郎:son;counter for sons",Guess the hidden Kanji,Text
"歯医者さんに行ったらさ、「痛かったら、手を上げてください」って言うから、正直に手を上げたら「ちょっと我〇して」って流されたんだけど、あれって何の意味があるのかな？
しばらくプータローしていて、迷ってたんです。勢いで辞表出しちゃったけど、本当は我〇して続けるべきだったのかな、って。
正月太りが解消されないから、我〇しようと思ってはいるんだけど、ついついチョコに手が伸びちゃうのよね。",慢,"慢:ridicule;laziness",Guess the hidden Kanji,Text
"私はムスリムではないので断食を守る義務はないのだが、同じアパートで暮らす以上、そうした慣習に配〇することは大事なことだ。
さらに質問がございましたら、どうぞご遠〇なくフリーダイヤル０１２０—００—００００までお電話下さい。
このタイミングで、その話を持ち出すのは、周りに対しての配〇がかけていると言わざるを得ない。",慮,"慮:prudence;thought;concern;consider;deliberate;fear",Guess the hidden Kanji,Text
"どうぞ遠〇なくクッキーを〇し上がってください。
遠〇なくケーキを〇し上がって下さい。",慮召,"召:seduce;call;send for;wear;put on;ride in;buy;eat;drink;catch (cold)
慮:prudence;thought;concern;consider;deliberate;fear",Guess the hidden Kanji,Text
"幸福人とは、 過去の自分の生涯から、満足だけを記〇して居る人々であり、 不幸人とは、それの反対を記〇して居る人々である。
速い速度でよく理解して本を読むことができれば、たぶん読んだことをたくさん記〇することが容易にできるでしょう。
「レバノン料理って食べたことある？」「うん。一回しか食べたことないけど、すごくおいしかった記〇がある」",憶,"憶:recollection;think;remember",Guess the hidden Kanji,Text
"あの夢は私より一代前の私の記〇に〇いない。
私の記〇は間〇っていた。
私は記〇〇いをしていた。",憶違,"違:difference;differ
憶:recollection;think;remember",Guess the hidden Kanji,Text
"今年新入で入ってきた田中ってさ、給料が少ないからって新聞配達のバイトしてたのがばれてさ、〇告処分になったらしいよ。
事故当時に航行を直接指揮していたコーエン哨〇長の行動が最大のポイントとなる。
〇告処分となった田中君のボーナスは、当然のことながら減給されました。",戒,"戒:commandment",Guess the hidden Kanji,Text
"警〇していた警備員が遠くのぼんやりとした〇に気づいた。
警〇中の警官が、遠くのぼんやりとした〇に気づいた。",戒影,"影:shadow;silhouette;phantom
戒:commandment",Guess the hidden Kanji,Text
"シェイクスピアは、その〇曲が世界的に有名だが、約４００年前の人である。
「ハムレット」はこれまでで最もおもしろい〇曲だと言われている。
生粋のお嬢様だからな。残念ながら悪〇とかじゃなくてあれで素だ。",戯,"戯:frolic;play;sport",Guess the hidden Kanji,Text
"ほ〜れほれほれ，わしにその乳を見せてくれんかの。ん？もちろんタダとは言わん。この〇子が欲しいんじゃろ？
これは〇子といって、こうやって開くんです。夏の暑い日に使うんです。
暑くなってきたから〇風機の手入れしないとな。",扇,"扇:fan;folding fan",Guess the hidden Kanji,Text
"部屋の換気〇を回すとドアの隙間から冷たい風が入り〇んでくる。
土地の人々を〇動するためにスパイを送り〇んだ。",扇込,"込:crowded;mixture;in bulk;included;(kokuji)
扇:fan;folding fan",Guess the hidden Kanji,Text
"「ゼミのプレゼン、トップ合格したよ」「ぶっつけ本番でやったやつ？」「うん。なんかね、内容が具体的だったんだって。よかった。留年免れた」「よかった。いらん授業料、〇わずにすんだ」
闇は、闇で追い〇うことはできない。光だけがそれを可能にする。憎しみは憎しみで追い〇うことはできない。愛だけがそれを可能にする。
しかしながら、日本の高校で私の注意を最も引いたのは、先生に対して生徒が多大な敬意を〇っているということでした。",払,"払:pay;clear out;prune;banish;dispose of",Guess the hidden Kanji,Text
"もしも全額お支〇いいただけないのでしたら、１９９８年１０月２８日までにご連〇ください。
このお支〇いが清算できないご事情がおありでしたら、ご連〇ください。
このお支〇いがまだでしたら、ご連〇ください。",払絡,"払:pay;clear out;prune;banish;dispose of
絡:entwine;coil around;get caught in",Guess the hidden Kanji,Text
"もしも、単なる手落ちでお支〇いが〇れているのでしたら、早急に対処してくださいますか。
家賃の支〇いが一ヶ月〇れていますよ。
お支〇いが２ヶ月〇れています。",払遅,"遅:slow;late;back;later
払:pay;clear out;prune;banish;dispose of",Guess the hidden Kanji,Text
"パワーリフティングは高重量を〇える種目であるスクワット、ベンチプレス、デッドリフトの3種目の最大挙上重量の総計を競うスポーツである
日本語を〇う場合にも応用できるように、訳者のひとりである萩原正人が、日本向けに原書にはない12章を書き下ろしました。
人を〇うさいには、どちらにも、それとかわらないようにして、善人と悪人を区別するようにするほうが賢明であろう。",扱,"扱:handle;entertain;thresh;strip",Guess the hidden Kanji,Text
"マーテイン・ルーサー・キング・ジュニアは、不正に対して戦った最初の〇議運動で勝利を収めた。しかも、平和的にである。
マーテイン・ルーサー・キング・ジュニアは、平和的に〇議の意志を表明するように、黒人市民を説得した。
キング牧師は、それに続く数年間にわたって、アメリカ中で行われた〇議運動やデモを指導した。",抗,"抗:confront;resist;defy;oppose",Guess the hidden Kanji,Text
"子供は反〇的になる〇向がある。
子供は反〇期になる〇向がある。",抗傾,"傾:lean;incline;tilt;trend;wane;sink;ruin;bias
抗:confront;resist;defy;oppose",Guess the hidden Kanji,Text
"〇酸化物質を〇む食べ物を食べることは健康に良いです。
〇生物質は〇んでいません。",抗含,"抗:confront;resist;defy;oppose
含:contain;include;hold in the mouth;bear in mind;understand;cherish",Guess the hidden Kanji,Text
"その医師は内科医として、瀕死の子供の生命を救うために、できることはなんでもしたばかりか、危機を切り〇けるために自分の血を提供までした。
そういやぁ、庭の草〇きしないといけないんだった。やだなぁ。まぁ、しなくても死ぬわけじゃないし、また思い出すまで忘れてたことにしよっと。
弁護士というものは、苦境を切り〇けるために、ささいな点についても徹底して調べ、同じことを反覆して調べてみることが大切である。",抜,"抜:slip out;extract;pull out;pilfer;quote;remove;omit",Guess the hidden Kanji,Text
"「そこアポストロフィが〇けてる。it's と its は〇うんだよ」「分かってる。打ち間〇えただけ」
ら〇き言葉って知っている？けっこう間〇った言葉を使う生徒が多いみたい。
ジョンは〇け目がないので成功は間〇いない。",抜違,"違:difference;differ
抜:slip out;extract;pull out;pilfer;quote;remove;omit",Guess the hidden Kanji,Text
"「あっ、可愛いワンちゃん。名前は何て言うんですか？」「ポチよ」「ポチ！お手。お手」「お手ね、まだできないのよ」「そっかぁ。〇っこしてみてもいいですか？」「どうぞ」
「わぁ、可愛い赤ちゃん。お名前は何て言うんですか？「理那よ」「理那ちゃん、いないいないばあっ！あっ、笑った。〇っこさせてもらってもいいですか？」「どうぞ」
トムは自分がもうすぐボストン行きの列車に乗らなければいけないとわかっていたから、プラットフォームであんなに激しくメアリーを〇きしめたんだ。",抱,"抱:embrace;hug;hold in arms",Guess the hidden Kanji,Text
"私は、議論が終わるのを辛〇強く待つことに決め〇んだ。
めんどりはひなを〇え〇んでいる。",抱込,"込:crowded;mixture;in bulk;included;(kokuji)
抱:embrace;hug;hold in arms",Guess the hidden Kanji,Text
"大〇の学芸は、最初に基礎をしっかりやっておかないと、その先スムーズに身に付けることができません。
トムはいつも６時半ぐらいに起きるんだけど、大〇７時になるまでベッドから出てこないよ。
外国語を学ぶ一番良い方法は、ネイティヴスピーカーから学ぶことだと、大〇の人が言う。",抵,"抵:resist;reach;touch",Guess the hidden Kanji,Text
"メンヘラは自分からメンヘラであると言うことに〇〇はないが，他人からメンヘラと言われることをものすごく嫌がる。
アメリカは発表するたびに、イラク軍のゲリラ〇〇を「テロ」と呼んでおります。
今ここに私たちがいるってことはその〇〇運動が実ったから。",抵抗,"抵:resist;reach;touch
抗:confront;resist;defy;oppose",Guess the hidden Kanji,Text
"ＥＵで買った品物を使わないで、店から得た付加価値税金還付フォームを税関に〇されてもらって、三か月以内日本に帰るのは、タックスフリーの条件であります。
僕が学校から帰ってくると、〇入れから物音が聞こえたので、飼い猫のチロかと思ってガラッと戸を開けたら、知らない男の人が中にいた。
玩具も、何も無いから、私は、チョークを買ってもらって、それで、〇入の板戸へ、絵や、字を書き出した",押,"押:push;stop;check;subdue;attach;seize;weight;shove;press;seal;do in spite of",Guess the hidden Kanji,Text
"津波は田んぼを〇し流し、町は水〇しになりました。
津波が水田を〇し流し、町は〇水しました。",押浸,"浸:immersed;soak;dip;steep;moisten;wet;dunk
押:push;stop;check;subdue;attach;seize;weight;shove;press;seal;do in spite of",Guess the hidden Kanji,Text
"誰かが私のうちに〇し入って、私のお金を全部〇んでにげた。
何者かがメアリーのフラットに〇し入り、宝石を〇んだ。",押盗,"盗:steal;rob;pilfer
押:push;stop;check;subdue;attach;seize;weight;shove;press;seal;do in spite of",Guess the hidden Kanji,Text
"私は〇入れに閉じ〇められるのがこわかった。
トムは妹を〇し入れに閉じ〇めた。
僕らは、満員電車に〇し〇まれた。",押込,"押:push;stop;check;subdue;attach;seize;weight;shove;press;seal;do in spite of
込:crowded;mixture;in bulk;included;(kokuji)",Guess the hidden Kanji,Text
"私達はじっと〇し〇っておはしを使って食事をした。
ベンチに戻ってからずっと〇し〇っている。",押黙,"黙:silence;become silent;stop speaking;leave as is
押:push;stop;check;subdue;attach;seize;weight;shove;press;seal;do in spite of",Guess the hidden Kanji,Text
"クリスマスにちなんだ曲が演奏されると、家族連れなどが手〇子をして楽しんでいました。
この意見に、宇宙人たちは、パチパチと、それぞれすべての手で〇手して賛成した。
こういう曲好き。っていうか5〇子の曲って無条件に好きなんだよね。",拍,"拍:clap;beat (music)",Guess the hidden Kanji,Text
"アメリカでは、すべてが可能であることを疑い、我々の開〇者の頃の夢が現代に生きているかを怪しみ、民主主義の力に疑問を呈する人がまだいるなら、今夜がその答えだ。
もしも、私どもの製品の新しい市場を開〇していただく助けになるのでしたら、５％の値引きに応じます。
進路を開〇するという同じ目標を持った仲間同士が協力する。",拓,"拓:clear (the land);open;break up (land)",Guess the hidden Kanji,Text
"ケニアのファッション業界で独自の市場を切り開くことに成功した、ナイロビを〇点とするファッションデザイナーは、多くの小事業主が「高品質の製品を手頃な価格で」手に入れられることに満足していると述べた。
政府官僚は、中国の学生が無意識の内にウイルスを運ぶ媒体になってしまっている可能性があるという見地に対し、それを支持できる根〇はないと表明している。
ハリソンがこの作品をパロディとして意図していなかったという証〇は、エヴァンズ夫人へ当てた手紙に見ることができる。",拠,"拠:foothold;based on;follow;therefore",Guess the hidden Kanji,Text
"そのような事件の場合、証〇をどのように保存するかについては一〇した見解はないようである。
その話は証〇と一〇する。",拠致,"致:doth;do;send;forward;cause;exert;incur;engage
拠:foothold;based on;follow;therefore",Guess the hidden Kanji,Text
"トムは証〇〇滅を試みたが、間に合わなかった。
あなたが証〇を〇滅しないって保証は？",拠隠,"隠:conceal;hide;cover
拠:foothold;based on;follow;therefore",Guess the hidden Kanji,Text
"世界ジオパークは、地層、岩石、地形、火山、断層など、地質学的な遺産を保護し、研究に活用するとともに、自然と人間とのかかわりを理解する場所として整備し、科学教育や防災教育の場とするほか、新たな観光資源として地域の〇興に生かすことを目的とした事業です。
私は巴里滞在中、二三の画家諸君と識り合ひになり、ちよいちよいアトリエを訪ねるやうなこともあつたが、いつでもその仕事〇り、生活〇りに多大の興味を惹かれた。
私はパリ滞在中、二三の画家諸君と知り合いになり、ちょいちょいアトリエを訪ねるようなこともあったが、いつでもその仕事〇り、生活〇りに多大の興味を惹かれた。",振,"振:shake;wave;wag;swing",Guess the hidden Kanji,Text
"産業〇興計画は、地元の金融家が資金の面〇をみている。
重税とセールス不〇のために会社は〇産した。",振倒,"振:shake;wave;wag;swing
倒:overthrow;fall;collapse;drop;break down",Guess the hidden Kanji,Text
"ですから私たちは、社員が現金ではなく、エレクトロニクスによる〇〇でお金を受け取るよう、説得に努めているのです。
当座預金口座から一千ポンドを預金口座に〇り〇えて下さいますか？
１０ドルを郵便〇〇にしていただきたいのですが。",振替,"振:shake;wave;wag;swing
替:exchange;spare;substitute;per-",Guess the hidden Kanji,Text
"かつて、男性は「男らしく」、女性は「女らしく」〇る〇うことを強要された時代があった。
みんなに無礼な〇〇をして、そのとがめを受けないでいられるとは考え。
あなたはこの前の夜の失礼な〇る〇いをスミス夫人に謝罪すべきです。",振舞,"振:shake;wave;wag;swing
舞:dance;flit;circle;wheel",Guess the hidden Kanji,Text
"〇〇手数料はお客様のご負担となりますのでご了承ください。
返品した品物の代金を私の口座に〇り〇んで下さい。
銀行〇〇の領収書のコピーを同封いたしました。",振込,"振:shake;wave;wag;swing
込:crowded;mixture;in bulk;included;(kokuji)",Guess the hidden Kanji,Text
"革命政府は、民衆から兵をつのって防戦するとともに、共和政治を確立して、〇らえていたルイ１６世を処刑しました。
川魚の中には、天然記念物等に指定され保護されているものがいます。〇ったり、購入したりすることもダメです。
少年は戸口に立って、あとを見送りながら、今日は、とうとう〇まっちまった、と、諦めました。",捕,"捕:catch;capture",Guess the hidden Kanji,Text
"アンネはナチスに〇まるのを〇れながら暮らした。
警察に〇まるような〇れがあるのですか。",捕恐,"恐:fear;dread;awe
捕:catch;capture",Guess the hidden Kanji,Text
"クズリは多くのウサギやクロライチョウ、エゾライチョウ、小さなげっ歯動物を〇〇する。
他の〇食動物(オオカミ、ヤマネコ)の〇物を力ずくで奪うことができる。
毛皮のコートのために動物を罠で〇〇するのは残酷なことだ。",捕獲,"獲:seize;get;find;earn;acquire;can;may;able to
捕:catch;capture",Guess the hidden Kanji,Text
"反逆者はついに〇まり刑務所に〇禁された。
反逆者はついに〇まり牢獄に〇禁された。",捕監,"監:oversee;official;govt office;rule;administer
捕:catch;capture",Guess the hidden Kanji,Text
"インサイダー取引で〇まるのは想定内。資産は〇げられるように手は打ってある。
５人の囚人は〇まったが、残り３人は今も〇走中だ。",捕逃,"捕:catch;capture
逃:escape;flee;shirk;evade;set free",Guess the hidden Kanji,Text
"警察が逮〇した男はもう〇放されている。
〇虜は〇放された。",捕釈,"捕:catch;capture
釈:explanation",Guess the hidden Kanji,Text
"良く晴れたある春の日に、ジャンが裏庭の砂場を〇っていると、小さな箱を見つけた。箱の中にはぴかぴかの飛び出しナイフが入っており、不思議な刻印が入れてあった。
それは、5ドルや10ドルや20ドルといったごくわずかの貯金を〇り起こした働く人々によってたてられたのだ。
喉が渇いた時になって漸く井戸を〇り始めるものは弱り果てて死ぬよりほかにない。",掘,"掘:dig;delve;excavate",Guess the hidden Kanji,Text
"ミケランジェロがシスティナ礼拝堂の天井に人物画を〇けるように、シェークスピアがセリフを書けるように、キーツが詩を書けるように、そうしたことのために無数の人々が生きて、苦しんで、死んだのはそれだけの価値があることのように思えたのだった。
さらに、３点の素〇をベルリン国立版画素〇館から借用し、１点ずつ各セクションのコンセプトを示す導入作品（ライトモチーフ）として展示します。
十分な情報を受け取ることができなかったという理由も一部にはあって、ハーパーの〇写は不完全なものにとどまっている。",描,"描:sketch;compose;write;draw;paint",Guess the hidden Kanji,Text
"あなたは、たとえば絵を〇くような〇味がありますか。
絵を〇くのが〇味です。",描趣,"描:sketch;compose;write;draw;paint
趣:purport;gist;elegance;interest;proceed to;tend;become",Guess the hidden Kanji,Text
"「爺さま、どうだった？」「ぼちぼちね。でも、先生が『手を〇ってください』って言ったらちゃんと〇るらしいから、言われてることはわかるみたい。元気になってくれるといいんだけど」
ペパーバーグは同じような方法を用いることによって、アレックスが、単に言葉の音だけでなく、意味も把〇するのに役立つと期待した。
旦那の好きなおにぎりは変わっている。ご飯に何も味を付けないかつおぶしを一袋混ぜて、手に塩をして〇る。",握,"握:grip;hold;mould sushi;bribe",Guess the hidden Kanji,Text
"６年間の思い出を胸に、僕たち私たちは今日タトエバ小学校を卒業します。僕たちをいつも応〇してくれたお父さん、お母さん。私たちを支えてくださった、先生方。本当にありがとうございました。
フットボールの試合で、観客はふつうどちらかのチームを熱心に応〇するが、応〇するものの中には勝ち目のあるチームに乗りかえようとするものが少数いる。
私はブラジル人ですが、祖父がパリで生まれ、私の苗字がフランス系なのと、私自身フランスが大好きなので、フランス代表チームを応〇しています。",援,"援:abet;help;save",Guess the hidden Kanji,Text
"この度は熱い応〇をありがとうございました。〇様の応〇があってこその結果だと思います。本当に感謝しております。
ご支〇いただきました〇様に感謝申し上げます。",援皆,"援:abet;help;save
皆:all;everything",Guess the hidden Kanji,Text
"その国は国連に〇助してくれるよう〇えた。
カンボジアは国連に〇助を〇えた。
私たちは支〇を〇えた。",援訴,"訴:accusation;sue;complain of pain;appeal to
援:abet;help;save",Guess the hidden Kanji,Text
"その国の財政の赤字をなくすには、もっと、たくさんの外国の〇助を注ぎ〇まなければならなかった。
〇助交際をほのめかすネット掲示板に書き〇んだ女子高生が検挙されました。",援込,"込:crowded;mixture;in bulk;included;(kokuji)
援:abet;help;save",Guess the hidden Kanji,Text
"クリスマスの数週間前、トムは右足を骨折し、病院に〇送された。
光ファイバーケーブルは膨大な量の情報を〇送できる。
椅子とかテーブルとかの〇入はどうするの？",搬,"搬:conveyor;carry;transport",Guess the hidden Kanji,Text
"暑い中、ランニングをしてたら、急に暑さを感じなくなってきたんだけど、気温は変わってなかったんだ。後でコーチに指〇されて分かったんだけどね、実はそれは熱中症の初期症状だったんだよ。
どこの国でも、何時の時代でも、子供は親の価値観を見習って育つものである。いわゆる「教育ママ」の教育に対する考え方が、子供を精神的にいびつに育ててしまっていると指〇する声もある。
エメット理論の妥当性について再検討する必要があることを指〇しなければならない。",摘,"摘:pinch;pick;pluck;trim;clip;summarize",Guess the hidden Kanji,Text
"「おかしいよね。予定では今頃みんなＵＦＯを目〇して、一丸となって研究してるはずだったんだけどさ」「目〇からしてアリエネー」
最近、市内において猪の目〇情報が増加しています。危険ですので、猪を見かけても近づいたりしないでください。
〇ち合いが少し静まったとき、パパが走ってフラットに行って、私たちにサンドイッチを持ってきてくれたわ。",撃,"撃:beat;attack;defeat;conquer",Guess the hidden Kanji,Text
"ガットの新決議案はかなりの衝〇を〇える可能性があります。
台風がその町を直〇し、ひどい損害を〇えた。
志村けんさんの死は、日本中に衝〇を〇えた。",撃与,"撃:beat;attack;defeat;conquer
与:bestow;participate in;give;award;impart;provide;cause;gift;godsend",Guess the hidden Kanji,Text
"その学生は科学を専〇していたから頭の回転がものすごく速くて、すぐ様何かひらめいてこう言ったわ。
いとこのテディーは大学でフランス語を専〇し、パリで１年間勉強しました。
物理学を専〇したい学生は、数学の知識が十分になければならない。",攻,"攻:aggression;attack;criticize;polish",Guess the hidden Kanji,Text
"ダーウィンの考えをこのように改訂したことは学問的立場からの〇〇対象となった。
下手に独自の方向性を出すと、〇〇されてしまうから、安全パイの報道しかしない。
様々な神経伝達物質とホルモンが〇〇行動と相関することが示されている。",攻撃,"撃:beat;attack;defeat;conquer
攻:aggression;attack;criticize;polish",Guess the hidden Kanji,Text
"植物の生長と生産性は、気温と湿度が作り出す入り組んだ関係に〇感に反応する。
それにしても、幼稚園というところは、季節の行事にとても〇感です。
都会には、流行に〇感な人や、パーティー好きの人がたくさんいます。",敏,"敏:cleverness;agile;alert",Guess the hidden Kanji,Text
"カーペットを〇き変えさせたら、トムのマンションはすごくいい感じになった。
主任整備員はテニスコートの〇地のちょうど中央に小さな家を持っている。
あんまりご無沙汰してしまって、どうも〇居が高くなってしまいました。",敷,"敷:spread;pave;sit;promulgate",Guess the hidden Kanji,Text
"私たちの前には、長い道のりが待ち受けています。目の前の〇面は急です。目指すところに、1年ではたどりつかないかもしれない。大統領として1期を丸ごと使っても無理かもしれない。しかしアメリカよ、私たちは絶対にたどり着きます。今夜ほどその期待を強くしたことはありません。
トゥロットは〇面をかけ上つて、ジャンヌのお手からチョコレイトを一きれと、三日月パンを一つうけとると、またお山の方へもどつて来ました。
トゥロットは〇面をかけ上って、ジャンヌの手からチョコレイトを1きれと、三日月パンを1つうけとると、また山の方へもどって行きました。",斜,"斜:diagonal;slanting;oblique",Guess the hidden Kanji,Text
"仏心宗と呼ばれるのは、禅宗が文字や経典をたよらずに、仏の心を師匠から弟子へと直接伝えていくことを根本宗〇としているからです。
「〇そうな日本酒みっけ。飲んでいい？」「ダメよ。お正月用なんだから」「ちぇっ」
トキポナは簡素を〇として作られた、わずか123語から成る人工言語である。",旨,"旨:delicious;relish;show a liking for;purport;will;clever;expert",Guess the hidden Kanji,Text
"私は６月初〇にトロントに来たものです。
７月の上〇は、海に行くのは早いかな？
トムは１０月上〇からここにいます。",旬,"旬:decameron;ten-day period;season (for specific products)",Guess the hidden Kanji,Text
"ちょっと、ヨーロッパは行くのは難しいけど、もし、日本でパーティするなら、〇非参加させてください。
これから何か手職を身に付けたいと思う方は、〇非お読みになることをおすすめします。
今までは「なーなー」で付き合ってきたけれど、今後は〇々非々の立場で付き合うよ。",是,"是:just so;this;right;justice",Guess the hidden Kanji,Text
"大学時代の友達がもう使っていないというのでKindleをくれた。DXという画面の大きいモデルだ。操作性は良くないが、画面に関してはなるほどいいもんだ。今まではそう気にならなかったが、もはや〇通の液晶画面で物を読むのが辛い体になってしまった。
今回の金融危機から得たほかでもない教訓というのは、メーン・ストリート（〇通の町の中央通り）が苦しんでいるのにウォール・ストリートだけ栄えるなど、そんなことがあってはならないということ。それを忘れずにいましょう。
「今日ね、久しぶりに海藻を食べてみたんだけど、美味しかった」「日本ではよく食卓にあがるんだけど、アメリカではあまりあがらないの？」「〇通の家ではよく出てるみたいだよ。でも、僕んちではあまり出てこないよ」",普,"普:universal;wide(ly);generally;Prussia",Guess the hidden Kanji,Text
"テレビが〇〇したおかげで、諸外国の風景を楽しく眺めることができる。
ウォシュレット自体が日本以外の国ではほとんど〇〇していません。
テレビの〇〇によって我々の読書の時間がかなり奪われている。",普及,"普:universal;wide(ly);generally;Prussia
及:reach out;exert;exercise;cause",Guess the hidden Kanji,Text
"トムは〇通昼ご飯の後に少しだけ昼〇をしてるよ。
父は〇通私が〇ているうちに家を出ます。
私たちは〇段この部屋で〇てるんです。",普寝,"普:universal;wide(ly);generally;Prussia
寝:lie down;sleep;rest;bed;remain unsold",Guess the hidden Kanji,Text
"〇段あの紳士は〇子をかぶっている。
〇段は〇子をかぶってるんだ。
〇段から〇子はかぶらない。",普帽,"帽:cap;headgear
普:universal;wide(ly);generally;Prussia",Guess the hidden Kanji,Text
"〇段、トムはメアリーほど〇しくないよ。
〇段ほど今日は〇しくないよ。",普忙,"普:universal;wide(ly);generally;Prussia
忙:busy;occupied;restless",Guess the hidden Kanji,Text
"中学の時は〇段から毎日３時間だか勉強している陸上部の友達がいて、そいつはテスト前もそのペースは崩さなかった。部活ない分かえって〇になるということで、テスト前になると毎日そいつん家でゲームをしてた。あれがなけりゃ俺ももう少し好成績取れたはずだが。
〇段ない〇ができるとぽっかりする感じはわからんでもない。",普暇,"普:universal;wide(ly);generally;Prussia
暇:spare time;rest;leisure;time;leave of absence",Guess the hidden Kanji,Text
"〇通の小学生なら、これから始まる楽しい夏休みのことで頭の中が一〇の時に、中学受験の話ですか？
〇段、トムは１つのティーバッグから２・３〇分のお茶を取ります。
私たちは〇段はパン１枚とコーヒー１〇です。",普杯,"杯:counter for cupfuls;wine glass;glass;toast
普:universal;wide(ly);generally;Prussia",Guess the hidden Kanji,Text
"〇通の人間なら言語を使うことができるというのは事実だが、この能力を食べたり、〇ったり、歩いたりする能力と比べるのは誤解を招きやすい。
私の〇通の睡〇時間は７時間から９時間くらいです。
〇段、どれぐらい睡〇をとっていますか？",普眠,"普:universal;wide(ly);generally;Prussia
眠:sleep;die;sleepy",Guess the hidden Kanji,Text
"「〇段、お〇子って、買って食べたりする？」「自分ではあまり買わないけど、オフィスにいつもいろんなお〇子が置いてあるから、たまに食べるよ」
〇段、映画を見る時はポップコーンを食べたり、コーラを飲んだりするんだけど、次はお〇子にしよっと。",普菓,"菓:candy;cakes;fruit
普:universal;wide(ly);generally;Prussia",Guess the hidden Kanji,Text
"〇段より〇く家を出たけど、いつもの電車に乗ることができた。
〇段よりも〇く家を出たけれど、幸いに汽車には間に合った。
父は今朝〇段より〇く会社に着いた。",普遅,"遅:slow;late;back;later
普:universal;wide(ly);generally;Prussia",Guess the hidden Kanji,Text
"〇段は特に可もなく不可もなく、上司から言われたことだけをある程度こなしているような従業員も、アメとムチを使い分けてうまくモチベートすることで見〇えるほどの成果を出すこともあれば、逆に従業員の面子を潰すようなことをして、会社に敵対する行動を取り始めることもあるのです。
従来の常識を覆す発明というのは、〇通とは〇う現象に気づく能力と関係がある。
えっ。〇通、そこ間〇える？",普違,"違:difference;differ
普:universal;wide(ly);generally;Prussia",Guess the hidden Kanji,Text
"「今夜も、ネットゲームで遊ぼうよ」「今夜は、無理かも......」「どうして？」「だって、クリスマスだから家族の時間だもん。僕が〇だったら、遊ぼうね」「うん。わかった」
事実、パスポートの写真については、次のような冗談話がある。—本当にパスポートの写真のような顔をしていれば、明らかに休〇が必要だ、というものである。
願わくば一生、物を言ったり考えたりする〇もなく、朝から晩まで働きづめに働いて、そしてバタリと死にたいものだ。",暇,"暇:spare time;rest;leisure;time;leave of absence",Guess the hidden Kanji,Text
"〇だろうが〇しかろうがあなたはその式に出なければならないでしょう。
読書をする〇がないほど多〇な人はいない。
この一週間息つく〇もないほど〇しかった。",暇忙,"忙:busy;occupied;restless
暇:spare time;rest;leisure;time;leave of absence",Guess the hidden Kanji,Text
"従業員の中には有給休〇を使いたがらないものもあるが、その理由の一つには、同僚や上役からの冷たい反応に対する〇れがある。
〇な講師が少ないから本格化するとエライことになる〇れはあるが。",暇恐,"恐:fear;dread;awe
暇:spare time;rest;leisure;time;leave of absence",Guess the hidden Kanji,Text
"「じゃ、〇な時は何をするのが好きなの？」「あぁ、僕、絵を〇いたりとかしてる」
「じゃぁ、〇な時は何をしてるの？」「あぁ、絵を〇いたりとかするよ」",暇描,"描:sketch;compose;write;draw;paint
暇:spare time;rest;leisure;time;leave of absence",Guess the hidden Kanji,Text
"日本では、旧〇の１０月は、全国の神様が出雲大社に集まると言われていて、神様が各地からいなくなるこの旧〇の１０月を「神無月」と呼びます。ただ、神様が集まる出雲地方だけは「神在月」と別名で呼ばれます。
ローマ皇帝コンスタンティヌス帝は西〇313年以来、キリスト教を奨励した。
古代エジプトでは、1年を365日とする太陽〇が用いられた。",暦,"暦:calendar;almanac",Guess the hidden Kanji,Text
"桜の花の盛りのころには、〇りでなければ風の強い日になりがちである。
私たちが出発するかしないうちに空が〇ってまた雨が降ってきた。
温かいシャワーを浴びたら、浴室の鏡が〇っちゃうんですけど。",曇,"曇:cloudy weather;cloud up",Guess the hidden Kanji,Text
"こちらの文ですが、日本語としては特に問題ないのですが、Tatoebaのルールの一つに「会話文の中の最後の『。』は省略しましょう」というルールがあるので、変〇をしていただけたらと思います。
つまり、おそらく、初めに調査をした者や技術者には知られていなかった物理的な障害が出てきて、それを克服するためにさまざまな変〇が必要になる。
２月２７日の約束についてですが、申し訳ありませんが、私の出張スケジュールが変〇になったため、その日にお会いすることができなくなりました。",更,"更:grow late;night watch;sit up late;of course;renew;renovate;again;more and more;further",Guess the hidden Kanji,Text
"この切符の変〇および〇い戻しはできません。
この切符の変〇・〇い戻しはできません。",更払,"払:pay;clear out;prune;banish;dispose of
更:grow late;night watch;sit up late;of course;renew;renovate;again;more and more;further",Guess the hidden Kanji,Text
"数分話してみたところ、トムはあまりフランス語が得意ではないと分かったので、メアリーは英語に切り〇えた。
目が覚めたら11時だし、着〇えしてたら荷物が来るし、昨日は洗い物やってなかったしで……もう、滅茶苦茶。
そして、宮の中に、牛や羊や鳩を売るもの達と両〇人達が座っているのをご覧になった。",替,"替:exchange;spare;substitute;per-",Guess the hidden Kanji,Text
"衣〇えを４回。最低でも２回はしないといけない。ちょっぴり面〇。
両〇人の金を散らし、その台を〇した。",替倒,"替:exchange;spare;substitute;per-
倒:overthrow;fall;collapse;drop;break down",Guess the hidden Kanji,Text
"外で着〇えるのは〇ずかしんだよ。
外で着〇えるのは〇ずいんだよ。",替恥,"替:exchange;spare;substitute;per-
恥:shame;dishonor",Guess the hidden Kanji,Text
"〇肉をお借りしてもよろしいですか。
〇に交われば赤くなる。",朱,"朱:vermilion;cinnabar;scarlet;red;bloody",Guess the hidden Kanji,Text
"この映画はまさしく不〇の名作である。
その建物は老〇化の兆しを見せている。
〇ちない物は何もない。",朽,"朽:decay;rot;remain in seclusion",Guess the hidden Kanji,Text
"なんぢわが仇のまへに我がために筵をまうけ、わが首にあぶらをそゝぎたまふ。わが酒〇はあふるゝなり。
トムなんてね、メアリーが一〇目のビールを飲み終わらないうちにさぁ、もう三〇目飲んでたのよ。
ぼんやりと空を眺め、何かが起きているぞと、小さじ一〇程度の興味を上空に向けていた。",杯,"杯:counter for cupfuls;wine glass;glass;toast",Guess the hidden Kanji,Text
"もう一〇ワインを〇し上がりませんか。
もう１〇〇し上がれ。",杯召,"杯:counter for cupfuls;wine glass;glass;toast
召:seduce;call;send for;wear;put on;ride in;buy;eat;drink;catch (cold)",Guess the hidden Kanji,Text
"運よ！月のようにひたひたと変わって、大きくなって、そしてまた〇れる。
ある樹が〇れたら、その場所に、もう１本植えたまえ。
その少年は〇れた枝をノコギリで切り取ろうとした。",枯,"枯:wither;die;dry up;be seasoned",Guess the hidden Kanji,Text
"小〇な人と付き合うと、守られてるって感じがしなくて、中学生と出かけてるようなそんな気がするんだよね。だけど、今時、身長なんて気にする人はもうほとんどいないよね？
小〇な人と付き合うとね、守られてるって感じがしなくて、中学生と出かけてるような感覚になるんだよ。でも、今時、身長なんて気にしない人の方が多いよね？
どんなプログラミング言語を学ぶときでも、最初に学ぶべき事〇は値（文字列や数値）の出力方法です。",柄,"柄:design;pattern;build;nature;character;handle;crank;grip;knob;shaft",Guess the hidden Kanji,Text
"ボールは何でできていたのでしょう。何千年も前には、エジプト人はボールを〇らかい革か布で作っていました。
ドイツと聞くとプレッツェルを思い出します。焼きたてで〇らかくちょっと塩味の効いたプレッツェルが好き！
うじうじした優〇不断な男って大っきらい。私はぐいぐい引っ張ってくれる決断力のある男の人が好みなの。",柔,"柔:tender;weakness;gentleness;softness",Guess the hidden Kanji,Text
"私はその山に手を入れて〇らかい織物に〇れた。
風が〇らかく木立に〇れた。",柔触,"柔:tender;weakness;gentleness;softness
触:contact;touch;feel;hit;proclaim;announce;conflict",Guess the hidden Kanji,Text
"肉は〇色をしているといったことについてのすべての慨世観念や先入観。
〇子は、細かいところまで気が利くね。なんていい子なんだ。
みずみずしい〇をかじった時の味が何とも言えません。",桃,"桃:peach",Guess the hidden Kanji,Text
"ああそうそう、コメント〇のバグは文字間を調節するletter-spacingタグを使うと起こるものだったみたい。
括弧は使わず、補足情報はコメント〇にてご対応ください。必要に応じて、2文を追加することもできます。
必ず、事前に全ての空〇部分を記入しておいて下さい。",欄,"欄:column;handrail;blank;space",Guess the hidden Kanji,Text
"その〇楽に最も金のかからない人が一番の金持ちである。
その老人は、金と宝石で若い女の子の〇心を買った。
周りの〇声が大きくて歌声が聞こえない。",歓,"歓:delight;joy",Guess the hidden Kanji,Text
"私たちはこの間来日したクラーク氏のために、〇〇会を開くつもりです。
われわれは先日来日したクラーク氏のために〇〇会を開くつもりです。
こないだ来日したクラークさんのために、〇〇会をするつもりです。",歓迎,"歓:delight;joy
迎:welcome;meet;greet",Guess the hidden Kanji,Text
"自分の〇より半分＋７〇以下の人とは絶対にお付き合いしない方がいいって、聞いたことがあります。トムは今、３０〇でメアリーは１７〇です。トムがメアリーと付き合えるようになるまで、トムはあと何年待たないといけないでしょう。
この質問に答えとしてもごもごと言ったには、私が５０〇になっても、出かけようとすると母が窓から身を乗り出して飛ばし過ぎないように注意したいという話だけであった。
僕のおばあちゃんは、93〇です。おばあちゃんが初めてFacebookを知ったのは2年くらい前で、1年ぐらい前に初めてスマホを手にしました。",歳,"歳:year-end;age;occasion;opportunity",Guess the hidden Kanji,Text
"我々は二十〇になると投票する権利を〇えられる。
私達は２０〇になると投票権が〇えられる。",歳与,"歳:year-end;age;occasion;opportunity
与:bestow;participate in;give;award;impart;provide;cause;gift;godsend",Guess the hidden Kanji,Text
"おはようございます。私の名前はヘンリー・ジョンソンです。〇は35で、カリフォルニア出身なんですが、今は、妻と〇と三人でダラスに住んでます。
五〇の〇はいつも元気モリモリで幼稚園に通っている。
先月うちの二十〇になる〇が女の子を出産した。",歳娘,"娘:daughter;girl
歳:year-end;age;occasion;opportunity",Guess the hidden Kanji,Text
"トムのお父さんが死んで間もなく、トムのお母さんは30〇も若い愛人と再〇した。
日本の女性は平均２６〇で結〇する。出生率が下がっているのも不思議ではない。
僕のお母さんは、父さんが死んですぐに、僕より10〇も若い男と再〇した。",歳婚,"歳:year-end;age;occasion;opportunity
婚:marriage",Guess the hidden Kanji,Text
"２０３０年までには、全人口の２１パーセントが６５〇を〇すようになる。
あの人はお化粧のせいで若く見えるけど、もう４０〇を〇えているのよ。
現在、６５〇を〇したアメリカ人はおよそ３１００万人いる。",歳越,"越:surpass;cross over;move to;exceed;Vietnam
歳:year-end;age;occasion;opportunity",Guess the hidden Kanji,Text
"この空港は新千〇空港ほど便数が多くないので、送〇デッキから見ても最初は飛行機がいませんでした。
女子は10〜11〇前後、男子は11〜12〇前後で思春期を〇える。
先週30〇の誕生日を〇えました。",歳迎,"歳:year-end;age;occasion;opportunity
迎:welcome;meet;greet",Guess the hidden Kanji,Text
"両親がクリスマスに化学実験セットをくれた時、僕は１０〇近い年〇だった。
我々日本人は二十〇で大人の年〇になる。",歳齢,"歳:year-end;age;occasion;opportunity
齢:age",Guess the hidden Kanji,Text
"ギンザケの卵を輸入して、ふ化させ、海中で育てる養〇も始まっている。
ビックリしたよ、温泉宿がお魚の養〇場になってたんだね。
養〇の魚は天然物より安くて、味もまあまあだ。",殖,"殖:augment;increase;multiply;raise",Guess the hidden Kanji,Text
"国王ヘンリー８世は、ロンドンからさほど遠くないテムズ川河畔にある自分の宮〇ハンプトンコートにテニスコートを持っていた。
システィナ礼拝堂は、１４７３年にバティカン宮〇内に建立された壮大な礼拝堂です。
その宮〇を訪れる人々は、今日でもまだこのテニスコートを見ることができる。",殿,"殿:Mr.;hall;mansion;palace;temple;lord",Guess the hidden Kanji,Text
"ヌルシアのベネディクトゥスはアポロン神〇を〇し、ベネディクト会の修道院を建てた。
この神〇を〇してみなさい。",殿壊,"殿:Mr.;hall;mansion;palace;temple;lord
壊:demolition;break;destroy",Guess the hidden Kanji,Text
"もし働くのが至極簡単であるならば、市長〇が〇自分でそうされておられるだろう。
貴〇には、いろいろ〇指導いただきました。",殿御,"御:honorable;manipulate;govern
殿:Mr.;hall;mansion;palace;temple;lord",Guess the hidden Kanji,Text
"お母さんが〇水たらして働いたお金なんだから、大切に使わなくては駄目だよ。
はぁ・・・（〇）、それでコンタクトは取れるようになったのかしら・・・？
私はハァハァ言っているのに、トムは〇もかかずのうのうとやってのけた。",汗,"汗:sweat;perspire",Guess the hidden Kanji,Text
"〇が額を〇り落ちるのを感じた。
額から〇が〇り落ちる。",汗滴,"滴:drip;drop
汗:sweat;perspire",Guess the hidden Kanji,Text
"「〇でびしょ濡れだよ」「〇れてっ。臭いわっ！」
〇が肌にまとわりついて〇れない。",汗離,"離:detach;separation;disjoin;digress
汗:sweat;perspire",Guess the hidden Kanji,Text
"ロッキード事件とは、アメリカの航空機製造大手のロッキード社による、主に同社の旅客機の受注をめぐって1976年2 月に明るみに出た世界的な大規模〇職事件。
使おうと思ったテーブルが〇れてるので、テーブルクロスを探してます。テーブルクロスはどこにありますか？テーブルクロスをお願いします。
トムはしばらく服の洗濯をしていなかったので、なんとか着られる程度にきれいなのがないかと思い、〇れた服の山をかき分けて探した。",汚,"汚:dirty;pollute;disgrace;rape;defile",Guess the hidden Kanji,Text
"私の本に〇れた手で〇れてはいけない。
〇い手で私の本に〇らないで。
そんな〇い手で〇らないで。",汚触,"汚:dirty;pollute;disgrace;rape;defile
触:contact;touch;feel;hit;proclaim;announce;conflict",Guess the hidden Kanji,Text
"ある暖かくて湿気の多い日に太陽の〇むのを見れば、湿気のために太陽の形が変わって見える。
タイタニックが〇んだ時にどれくらいの死者が出たかあなたは見当がつきますか？
なんかさあ、〇んでいく夕日を見てると、切ない気持ちになっちゃうんだよね。",沈,"沈:sink;be submerged;subside;be depressed;aloes",Guess the hidden Kanji,Text
"人生〇む瀬あれば〇かぶ瀬あるわけだから、あまりくよくよしないように。
難民たちの愁いに〇んだ顔にもかすかな笑みが〇かんでいました。
潜水艦は〇んで二度と〇上しなかった。",沈浮,"浮:floating;float;rise to surface
沈:sink;be submerged;subside;be depressed;aloes",Guess the hidden Kanji,Text
"さて、犯人は、告白するか否かが、〇〇するＭＬ参加者たちの焦眉の関心事となる。
グループの人たち全員が〇〇しているときは、誰かが話の口火を切らねばならない。
〇〇は金なり、しかし外国語を覚えようとするときにはそうではない。",沈黙,"黙:silence;become silent;stop speaking;leave as is
沈:sink;be submerged;subside;be depressed;aloes",Guess the hidden Kanji,Text
"以前は高校では英語を話す授業はありませんでしたが、今では〇山の高校が英語を話す授業を取り入れています。
長い目で見ると、私達はこの機械を買うことによって、〇山のお金を節約できます。
〇山の金持ちのアメリカ人がいます。一方、何人かのアメリカ人は、大変貧乏です。",沢,"沢:swamp;marsh;brilliance;grace",Guess the hidden Kanji,Text
"何分か経ったのか、それとも何時間か経ったのか、〇田先生が家に入ってきて、禎子の額に手を当てた。
空気中の水分の内90%は海洋、湖〇、河川から蒸発したものだ。
人工衛星から見れば、湖や〇も、こぼれた水だ。",沼,"沼:marsh;lake;bog;swamp;pond",Guess the hidden Kanji,Text
"我々が今夜、祝ったとしても、我々は明日にある課題-二つの戦争、危機的状〇にある地球、100年で最悪の金融危機-が人生の中でもっとも大きなものだと私たちは知っている。
手書きしたレポートをスキャンしてPDFに直してから、データを送らないといけないためプリンターが必須な状〇です。
日本人は日本国内を見すぎて海外の状〇を知らない。韓国人は日本ばっかり見て自国の現状を知らない。",況,"況:condition;situation",Guess the hidden Kanji,Text
"すき焼きをごちそうになって、一晩〇めてもらったうえに、朝めしまで食べてきたなんて、ちょっと厚かましすぎるんじゃないか。
この重要な７月のＤＣＡ会議にご出席いただき、さらにご宿〇中に東京の多様な魅力もお楽しみくださるよう希望しています。
ＤＴＡ総会の出席者は特別料金で宿〇できるので、マリオットホテルを予約する際は、私が会議出席者だと伝えて下さい。",泊,"泊:overnight stay;put up at;ride at anchor",Guess the hidden Kanji,Text
"予約を３〇から５〇に変〇したいのですが。
予約を３〇から５〇に変〇したい。",泊更,"更:grow late;night watch;sit up late;of course;renew;renovate;again;more and more;further
泊:overnight stay;put up at;ride at anchor",Guess the hidden Kanji,Text
"金曜日の夜、３人の男性がホワイト氏のホテルへやって来て、〇めてほしいと〇んだのです。
「〇まってって」って、〇んだら〇まってくれる？",泊頼,"泊:overnight stay;put up at;ride at anchor
頼:trust;request",Guess the hidden Kanji,Text
"ある朝、彫刻家が〇辺で一本の流木を見つけました。その男はその流木を工房に持ち帰り、今日、村の教会に佇むあの有名な聖母マリアを彫り上げたのでした。
この〇辺にはたくさんの海〇植物がありますから、人気のある泳ぎ場所ではありません。
横〇市は、関東地方南部、神奈川県の東部に位置する都市で、同県の県庁所在地。",浜,"浜:seacoast;beach;seashore",Guess the hidden Kanji,Text
"世界遺産でもある宮島の「厳島神社」は、潮が満ちると神社全体がまるで海に〇かんでいるかのように見えます。その姿は神秘的で、世界中から訪れる観光客を魅了し続けています。
うちのかみさんは元プロレスラーで、だからもし私が〇気をしているところを見つかりでもしようものなら、それこそコテンパンにやられてしまうよ。
これらはヘッジファンドを自分のリソースとは無関係の投資先とみなすことのリスク管理上の問題点を〇き彫りにしている。",浮,"浮:floating;float;rise to surface",Guess the hidden Kanji,Text
"〇気はやめたほうがいいですよ。〇人に見つかったら、それまでですから。
家族のことを思い〇かべるといえが〇しくなる。",浮恋,"恋:romance;in love;yearn for;miss;darling
浮:floating;float;rise to surface",Guess the hidden Kanji,Text
"私にも〇き〇みがありましたが、常にどうにか落ち着きを取り戻すようにしてきました。
この国で、我々は一つの国として、一つの国民として〇き〇みをするのだ。
メモリなど半導体は価格の〇き〇みが激しい。",浮沈,"浮:floating;float;rise to surface
沈:sink;be submerged;subside;be depressed;aloes",Guess the hidden Kanji,Text
"考えて物にしたり味わったりでなくて、ただ頭と心と体を通過させればどこかいいように〇食されるであろう、そういうような読書観を持っています。
スキーをした後、温泉の湯船にゆっくり〇かったら、体の芯まで温まることが出来る。
クレンペ教頭は無骨な男だが、自分の学問の秘密には深く〇っていた。",浸,"浸:immersed;soak;dip;steep;moisten;wet;dunk",Guess the hidden Kanji,Text
"科学技術は我々の生活のあらゆる側面に〇〇するようになり、その結果として社会は全く前例のない速度で変化しつつある。
民主主義の精神がわれわれの日常生活の中に〇〇するには相当の年月がかかると思います。
日本からの輸入製品がアメリカの消費者市場に〇〇するには長い時間がかかった。",浸透,"浸:immersed;soak;dip;steep;moisten;wet;dunk
透:transparent;permeate;filter;penetrate",Guess the hidden Kanji,Text
"これと同様に、イギリス人なら〇を出して笑いそうな冗談でも、ロシア人なら全然おもしろくないと思うかも知れない。
包丁の手を止めて、流れる〇をエプロンでぬぐったのは、タマネギのせいだけではない。
昔から〇腺はゆるい方でしたが、40を過ぎてからますます〇もろくなりました。",涙,"涙:tears;sympathy",Guess the hidden Kanji,Text
"この情景を目にした時、私の目には〇が〇かんでいた。
その哀れな話を聞いて少女は〇を〇かべた。
目に〇を〇かべない人は一人もいなかった。",涙浮,"浮:floating;float;rise to surface
涙:tears;sympathy",Guess the hidden Kanji,Text
"本気で似合うと思っていたらしいシャツは辞退し、〇いブルーのポロシャツをいただくことにした。
日本人は知り合いには親切だが、そうでない人に対しては冷〇だと言われています。
その落ち着いて〇々とした弁舌に、とうとう私も根負けしてしまった。",淡,"淡:thin;faint;pale;fleeting",Guess the hidden Kanji,Text
"今日の晩ご飯は、ポーランド式餃子ピエロギとインゲンのボイルサラダ・クレームフレーシュ〇えよ。温かいうちにどうぞ。
〇付ファイルに適応したソフトウエアを持っていないので、ファイルを開けません。別のファイル形式で再送して下さい。
マイクロソフトオフィスがパソコンに入っています。〇付ファイルを送るときには、このファイル形式を使って下さい。",添,"添:annexed;accompany;marry;suit;meet;satisfy;attach;append;garnish;imitate",Guess the hidden Kanji,Text
"口〇えを〇むよ。
言葉〇えを〇む。",添頼,"添:annexed;accompany;marry;suit;meet;satisfy;attach;append;garnish;imitate
頼:trust;request",Guess the hidden Kanji,Text
"この組織は、現状のままに、ほうっておかれるならば、やがて、破滅するだろう。だがこの組織を、復旧させようとすることは、川を〇っている最中に、馬をとりかえることと同じように難しい。
「どうしてここにいるの？」「お前こそ」「えっ、トムに『〇したい物があるからここに来て』って言われたから来たんだけど」「俺も」「あっ、分かった。トムの仕業ね」
もっとも正直な男が書いた六行の文章が私に〇されたとしよう。私はそのなかにその男を縛り首にするに足る何かを見つけるだろう。",渡,"渡:transit;ford;ferry;cross;import;deliver;diameter;migrate",Guess the hidden Kanji,Text
"〇米しようとしたら国境警備隊に〇まりました。
信号無視して道を〇ると、ここでは〇まる？",渡捕,"渡:transit;ford;ferry;cross;import;deliver;diameter;migrate
捕:catch;capture",Guess the hidden Kanji,Text
"〇る世間に〇はなし。
〇る世間に〇はない。",渡鬼,"渡:transit;ford;ferry;cross;import;deliver;diameter;migrate
鬼:ghost;devil",Guess the hidden Kanji,Text
"原子力発電所の１号機で、原子炉内の燃料の〇融が進んでいる可能性が高い、と発表された。
地球温暖化のために、アラスカではそれが〇け始めている地域もある。
バターをシチュー鍋で〇かし、刻んだ玉ねぎと合わせます。",溶,"溶:melt;dissolve;thaw",Guess the hidden Kanji,Text
"これらの〇〇は、揮発性のため、使用時に蒸発し大気に放出されている。
その液から〇〇を揮発させる。残るのは、香り成分と植物ワックスの塊。",溶剤,"溶:melt;dissolve;thaw
剤:dose;medicine;drug",Guess the hidden Kanji,Text
"帰国子女があの組の中に〇け〇むのは難しいよ。
空が海と一つに〇け〇むように見えた。
私はすぐに新しい学校に〇け〇んだ。",溶込,"溶:melt;dissolve;thaw
込:crowded;mixture;in bulk;included;(kokuji)",Guess the hidden Kanji,Text
"インキ補充瓶のキャップを外し、スポイトでインキを吸い上げ、マーカーの吸収体へ適量、〇下してください。
その毒は一〇で１６０人の人を殺すのに十分である。
気密性でない窓ならば、水〇ができるだろう。",滴,"滴:drip;drop",Guess the hidden Kanji,Text
"１９０６年のある日、タッド・ドーガンという名の新聞〇画家が野球の試合を見に行った。
今度の新入社員は揃いも揃って注意力が散〇で、仕事がミスだらけで全く閉口する。
私は大学に入学するまで〇画以外の本を一冊も読んだことがありませんでした。",漫,"漫:cartoon;involuntarily;unrestrained;in spite of oneself;corrupt",Guess the hidden Kanji,Text
"日本では、〇画の中で政治家は愛される存在というより、笑われる存在として〇かれることが多い。
最近の〇画は暴力や性の〇写が多すぎる。",漫描,"描:sketch;compose;write;draw;paint
漫:cartoon;involuntarily;unrestrained;in spite of oneself;corrupt",Guess the hidden Kanji,Text
"空は高く、青く〇んで、頭の上に広がっています。
ここにいるといやでも感覚は研ぎ〇まされる。
私達はベルが鳴るのを耳を〇まして聞いた。",澄,"澄:lucidity;be clear;clear;clarify;settle;strain;look grave",Guess the hidden Kanji,Text
"人が言葉を〇す時というのは、何か後ろめたいことがある時だ。
水面から飛び立つ鳥は努めてあとを〇さぬようにする。
コップの水は〇ってる。",濁,"濁:voiced;uncleanness;wrong;nigori;impurity",Guess the hidden Kanji,Text
"〇縮ウランを粉末状の二酸化ウランに再転換し、原子炉燃料にする。
カレーライスにソースを加えると、より一層、味が〇くなる。
もしコーヒーが〇すぎれば、いくらかお湯を足して下さい。",濃,"濃:concentrated;thick;dark;undiluted",Guess the hidden Kanji,Text
"〇〇のために私達が乗った飛行機は着陸できなかった。
〇〇のため、目の前の道路もよく見えないほどだった。
フライトは〇〇のため、キャンセルになった。",濃霧,"濃:concentrated;thick;dark;undiluted
霧:fog;mist",Guess the hidden Kanji,Text
"我我の行〇を決するものは善でもなければ悪でもない。唯我我の好悪である。或は我我の快不快である。そうとしかわたしには考えられない。
時間というのは、あなたの人生の貨幣です。あなた自身が使うのです。あなたの〇だからといって他人に消費させてはいけません。
とある映画を文庫化した—いや、映画の〇に書かれたシナリオを小説として加筆修正し、日本語にローカライズしたものだ。",為,"為:do;change;make;benefit;welfare;be of use;reach to;try;practice;cost;serve as;good;advantage;as a result of",Guess the hidden Kanji,Text
"その客は、自分の馬鹿な行〇を〇ずかしいとはぜんぜん思わなかった。
常識のある人だったらそんな行〇は〇ずかしいと思うだろう。",為恥,"恥:shame;dishonor
為:do;change;make;benefit;welfare;be of use;reach to;try;practice;cost;serve as;good;advantage;as a result of",Guess the hidden Kanji,Text
"最近ドル先安感が強まっているなかで、〇〇相場は米経済指標に対する反応はかなり限定的である。
外国〇〇レートってどのように表すの？外国〇〇市場では、米ドルを中心に表示されます。
この〇〇を作るのに銀行の手数料が５０ドルかかった。",為替,"替:exchange;spare;substitute;per-
為:do;change;make;benefit;welfare;be of use;reach to;try;practice;cost;serve as;good;advantage;as a result of",Guess the hidden Kanji,Text
"事故の〇私たちは半時間〇れました。
雪の〇に競技の開始が〇れた。",為遅,"遅:slow;late;back;later
為:do;change;make;benefit;welfare;be of use;reach to;try;practice;cost;serve as;good;advantage;as a result of",Guess the hidden Kanji,Text
"その行〇はここでは〇法ですよ。
そういう行〇は法律〇反だ。",為違,"違:difference;differ
為:do;change;make;benefit;welfare;be of use;reach to;try;practice;cost;serve as;good;advantage;as a result of",Guess the hidden Kanji,Text
"空気中には、大麻の強〇な臭いが漂っていた。
トムはメアリーに熱〇な推薦状を書いた。
戦争の早期終結が我々の熱〇な願いです。",烈,"烈:ardent;violent;vehement;furious;severe;extreme",Guess the hidden Kanji,Text
"鍋にごま油を中火で熱し、にんにく、鶏肉を入れて炒め、色が変わったら中華スープと白菜を入れて〇る。
「くたくたに〇た野菜って、おいしいよね」「まあね。でも私はシャキシャキの生野菜の方が好きかな」
お父さん、カンニングしたトム、連れてきたよ。あとは、〇るなり焼くなり好きにしてください。",煮,"煮:boil;cook",Guess the hidden Kanji,Text
"今日のシチューはじっくりコトコト〇〇んで作ったからか、とてもおいしくできあがったよ。
〇〇んだりんごに砂糖とシナモンを加えて。
あとは弱火で３０分〇〇めば完成。",煮込,"煮:boil;cook
込:crowded;mixture;in bulk;included;(kokuji)",Guess the hidden Kanji,Text
"同様に、禁〇する最大の理由はたいてい、短期的な利点（例えば、以前より健康で魅力的になった気がするということなど）なのである。
トムは〇草に火をつけようとマッチを擦ったが、マッチが湿気っていて、何回擦っても火はつかなかった。
ある研究の報告によれば、間接喫〇の結果、53,000人のアメリカ人が毎年死亡しているそうだ。",煙,"煙:smoke",Guess the hidden Kanji,Text
"医者はスミスさんに喫〇を止めるようにと〇めた。
主治医から禁〇を〇められたんです。
医者からは禁〇を〇められた。",煙勧,"煙:smoke
勧:persuade;recommend;advise;encourage;offer",Guess the hidden Kanji,Text
"アイスランドには大量の〇を〇き出している火山があります。
肺に溜まった〇を〇き出し、暗い公園に視線を向ける。
あの山は昔〇を〇いていた。",煙吐,"煙:smoke
吐:spit;vomit;belch;confess;tell (lies)",Guess the hidden Kanji,Text
"シートベルトを締め、「禁〇」のサインが消えるまで喫〇はご遠〇下さい。
ここで〇草を吸うのはご遠〇くださいませんか。
許可なく喫〇することをご遠〇下さい。",煙慮,"煙:smoke
慮:prudence;thought;concern;consider;deliberate;fear",Guess the hidden Kanji,Text
"「家」という単語は、草木に囲まれ、幸せな家族が住んでいる屋根や〇〇がある長方形の建物、という心象を呼び起こす。
川べりには工場の〇〇が林のようにそそり立っている。
風呂屋の〇〇から、〇がもくもく出ていた。",煙突,"煙:smoke
突:stab;protruding;thrust;pierce;prick;collision;sudden",Guess the hidden Kanji,Text
"第２に、喫〇者は、いずれにせよ喫〇は自分ではまったくどうにもならないと信じ〇んでいるのである。
異臭を放つ〇がすき間から入り〇んでくる。
その部屋の空気は暑く〇が立ち〇めていた。",煙込,"煙:smoke
込:crowded;mixture;in bulk;included;(kokuji)",Guess the hidden Kanji,Text
"喫〇席を〇んでおいたのですが。
禁〇席を〇んでおいたのですが。
私は禁〇席を〇んだのですが。",煙頼,"煙:smoke
頼:trust;request",Guess the hidden Kanji,Text
"中国人の〇買い現象は、日本が相対的に貧しくなっているということではないのか、とその記事は分析していた。
セントヘレンズ山が〇発したのは、ほとんど１０年前、つまり１９８０年の５月８日のことであった。
大津波による災害のせいで核融合炉は損害をこうむり、原子力発電所が〇発を受けてしまった。",爆,"爆:bomb;burst open;pop;split",Guess the hidden Kanji,Text
"「冬の時代」が大学改革の起〇〇となってくれればと思う。
経済は緊急に起〇〇を必要としています。",爆剤,"爆:bomb;burst open;pop;split
剤:dose;medicine;drug",Guess the hidden Kanji,Text
"〇発がとてもすさまじかったので、屋根が〇っとんだ。
屋根は〇発で〇き飛ばされた。",爆吹,"爆:bomb;burst open;pop;split
吹:blow;breathe;puff;emit;smoke",Guess the hidden Kanji,Text
"全世界が１回の原〇戦で破〇されよう。
原〇は広島全体を破〇した。",爆壊,"爆:bomb;burst open;pop;split
壊:demolition;break;destroy",Guess the hidden Kanji,Text
"しかし、それはドラム缶〇〇では解決できなかったひとつの問題を解決できた。
このゲームの目的は画面にあるすべての〇〇を〇発させることです。
警察は〇〇を捜索する間ホテル周辺の道路を立ち入り禁止にした。",爆弾,"弾:bullet;twang;flip;snap
爆:bomb;burst open;pop;split",Guess the hidden Kanji,Text
"数回の〇発の衝〇は何マイルにもわたって感じられた。
どうしたのこの部屋？〇〇にでもあったの？
市民達は激しい〇〇を受けてひるんだ。",爆撃,"撃:beat;attack;defeat;conquer
爆:bomb;burst open;pop;split",Guess the hidden Kanji,Text
"かれらは風をまきて〇風をかりとらん種ところは生長る穀物なくその穂はみのらざるべしたとひ實るとも他邦人これを呑ん
２つのキャブレターを装備したことで、そのレーシング〇はエンジンをすこぶる強力にした。
「カチカチのフロントガラスにこのポットのあっついお茶かけて」「気でも〇ったのか？」",狂,"狂:lunatic;insane;crazy;confuse",Guess the hidden Kanji,Text
"赤い血をすすりながら〇暴な〇び声を上げている。
「あぶない！」と女子は〇ったように〇んだ。",狂叫,"叫:shout;exclaim;yell
狂:lunatic;insane;crazy;confuse",Guess the hidden Kanji,Text
"この静かな原野で〇猟をすることは禁止されています。
この村には、主に木こりと〇人が暮らしています。
この静かな森で動物を〇ることは禁止されている。",狩,"狩:hunt;raid;gather",Guess the hidden Kanji,Text
"〇義のウイルスとは、ウイルス単体では存在できず、他のプログラムに寄生していくことで自身を増やしていき悪事を働いていくプログラムです。
赤道近くの〇い地域にある熱帯雨林は、急速にその姿を消しつつあり、２０００年までにはその８０％が消滅してしまうかもしれない。
ネットワークの帯域を〇めた状態でのレスポンス検証について何か良い方法はないでしょうか？",狭,"狭:cramped;narrow;contract;tight",Guess the hidden Kanji,Text
"目の前に飛んできたフリスビー拾ったら、犬が〇ダッシュでこっち来た。
〇勉強も、受験に受かったから、それだけの値打ちがあった。
ジムは〇スピードで運転したが、それは無謀だった。",猛,"猛:fierce;rave;rush;become furious;wildness;strength",Guess the hidden Kanji,Text
"社会党の〇〇な反対にもかかわらず、その議案は過半数で可決された。
自民党は増税の法案を提出したが、〇〇な反対にあって撤回した。
〇〇な暑さのため、私たちは外で遊ぶことができなかった。",猛烈,"猛:fierce;rave;rush;become furious;wildness;strength
烈:ardent;violent;vehement;furious;severe;extreme",Guess the hidden Kanji,Text
"原始人はどう〇な〇を見ておびえた。
原始人はその〇〇を見ておびえた。",猛獣,"猛:fierce;rave;rush;become furious;wildness;strength
獣:animal;beast",Guess the hidden Kanji,Text
"信じられないだろうけど、その洞窟から怪〇が現れたんだ。
ニューギニア島には、大型の肉食〇がいなかったためです。
ライオンが〇の王であるのと同様、鷲は鳥の王である。",獣,"獣:animal;beast",Guess the hidden Kanji,Text
"基本的なことが分かっていない人間が多いようだが，このゲームは騙し合いのゲームだ。より多く相手を騙してマネーを〇得した人間だけが，外に生きて帰れる。
また、まだ私が支持を〇得していないアメリカ人に言いたい、今夜はあなたがたの票を得られなかったが、あなたがたの声も聞いていく。
あなたはシートベルトをちゃんと使用していたとして、カリフォルニア州交通安全大会において賞金５０００ドルを〇得されました。",獲,"獲:seize;get;find;earn;acquire;can;may;able to",Guess the hidden Kanji,Text
"先日友達のところに立ち寄ったとき、〇関からは友達でなく、その旦那が顔を出した。
ランドセルをそっと〇関に放りこんで、母親に見つからぬように、外に出ていく。
デモインの裏庭、コンコードの居間、チャールストンの〇関からそれは始まった。",玄,"玄:mysterious;occultness;black;deep;profound",Guess the hidden Kanji,Text
"野球とかサッカーとかの観戦にはあまり興味がないんだけど、〇プレーや好プレーを見るのはおもしろいね。
「何、この真っ黒けのパン」「それ、竹炭が入ってるんだって。〇しいから買ってみたんだ」
「お、〇しくいいこと言うじゃん」「でしょー？ なんか私今日冴えてるかも」",珍,"珍:rare;curious;strange",Guess the hidden Kanji,Text
"第二が周辺〇境との親和性であり、最小の廃棄物、自然エネルギーの利用等、周辺の生態と調和した住空間を形成することである。
「馬鹿」という言葉は、悪い言葉だと言われているが、私の成長してきた〇境では、 それほど悪い言葉ではなかったように思う。
先日我が家の水質検査を行いました。ある有名会社の〇境分析センターとかいうところにしてもらいました。",環,"環:ring;circle;loop",Guess the hidden Kanji,Text
"今や音楽家たちは歌の中に例えば人権や〇境〇染のような問題までいれています。
その工場の廃棄物は深刻な〇境〇染を引き起こした。
〇境〇染にいかに取り組むかは深刻な問題である。",環汚,"汚:dirty;pollute;disgrace;rape;defile
環:ring;circle;loop",Guess the hidden Kanji,Text
"私は新しい〇境に順応するのが〇い。
僕は新しい〇境に順応するのが〇い。",環遅,"遅:slow;late;back;later
環:ring;circle;loop",Guess the hidden Kanji,Text
"「トム、また落第点を取ったらしいわよ。卒業できないんじゃないの？」「そうなの？困った子ね。まぁ、そのうち卒業するわよ」「母さんはトムには〇いんだから」
俺のとびきりのアイデアをこき下ろすのはやめてくれ。見通しが〇いとかそんなことないよ。
子どもを〇やかして育てたことで、ステラは後に自ら災いを招くことになってしまった。",甘,"甘:sweet;coax;pamper;be content;sugary",Guess the hidden Kanji,Text
"うちの猫って〇えん〇で、どこでも私のあと付いて来るのよね。
トムは〇えん〇です。",甘坊,"坊:boy;priest's residence;priest
甘:sweet;coax;pamper;be content;sugary",Guess the hidden Kanji,Text
"これ、ちょっと〇い物食べたいって時にあると嬉しいお〇子ね。
〇いお〇子は食べ過ぎない方がいいのよ。",甘菓,"菓:candy;cakes;fruit
甘:sweet;coax;pamper;be content;sugary",Guess the hidden Kanji,Text
"ごめん、洗濯物〇めって親がうるさいから一旦切るね。また後で電話する。
服は〇むかハンガーにかけておかないと、くしゃくしゃになっちゃうよ。
真直ぐにその家から竹林まで伸びた道路は石〇で整備されておる。",畳,"畳:tatami mat;counter for tatami mats;fold;shut up;do away with",Guess the hidden Kanji,Text
"このロボット何でも私の言うことを聞くんだ。〇れて、何にもしたくない時は、助かるね。なんて、ありえない話だよね。
初期のジェット旅客機の墜落事故は、機体とエンジンの金属〇労のような、技術的欠陥が原因で起こることが多かった。
ベスはとても一生懸命勉強しなくてはならなかったので、今、お腹が空いて〇れ果てています。",疲,"疲:exhausted;tire;weary",Guess the hidden Kanji,Text
"「もし〇れているなら〇たらどう？」「僕が今〇たらあまりに早く目覚めてしまうから」
昨夜は大変〇れていて、テレビをつけたままで〇てしまった。
実際あのように私は〇れていたので、いつもより早く〇た。",疲寝,"疲:exhausted;tire;weary
寝:lie down;sleep;rest;bed;remain unsold",Guess the hidden Kanji,Text
"〇れているようだから、早く〇についた方がいいよ。
〇れていたので、すぐに〇についた。
私は〇れていたので早く〇についた。",疲床,"床:bed;counter for beds;floor;padding;tatami
疲:exhausted;tire;weary",Guess the hidden Kanji,Text
"やっぱり駅まで行くのは〇れるから、〇まっているホテルまで来いってことだ。まったく身勝手な女だよ。
夜がふけて〇れていたので、私は宿に〇まった。",疲泊,"泊:overnight stay;put up at;ride at anchor
疲:exhausted;tire;weary",Guess the hidden Kanji,Text
"〇れがたまってるのかな。夕飯を食べたらすぐ〇くなっちゃう。
私は〇れていたが、それにもかかわらず〇れなかった。
私はとても〇れていたのでぐっすり〇ってしまった。",疲眠,"疲:exhausted;tire;weary
眠:sleep;die;sleepy",Guess the hidden Kanji,Text
"そんなに長い旅行の後で〇れているに〇いない。
人は〇れている時の方が間〇いを犯しやすい。",疲違,"違:difference;differ
疲:exhausted;tire;weary",Guess the hidden Kanji,Text
"本来は、貧困層の女性や子供に医〇保護を提供するために創設された制度である、アメリカ低所得者医〇扶助制度が、今日では、その予算の約３分の１を老人に費やしている。
提示された４つの抑制策のうち最も効果があると思われるのが、「予防医〇・健康増進活動の大充実」であろう。
2000年に日本の医〇制度が世界一だが、2003年に研修医制度が始まって目に見えて悪くなった。",療,"療:heal;cure",Guess the hidden Kanji,Text
"そして私がまだ支持を得られていない〇さんにも申し上げたい。今夜は〇さんの票を得られなかったかもしれませんが、私には、〇さんの声も聞こえています。私は、〇さんの助けが必要なのです。私はみなさんの大統領にも、なるつもりです。
毎日、他の人が読んでいないものを読みなさい。毎日。他の人が考えていないことを考えなさい。毎日、他の人が馬鹿馬鹿しくてやらないようなことをしなさい。いつもいつも他の〇と同じであるというのは、精神にとって良くありません。
先生、ごらん下さい。ヨルダンの向こうであなたと一緒にいたことがあり、そして、あなたがあかしをしておられたあのかたが、バプテスマを授けており、〇の者が、そのかたのところへ出かけています。",皆,"皆:all;everything",Guess the hidden Kanji,Text
"わたしたちは〇にその危険をしらせるために〇んだ。
頂上に着くと〇で「ヤッホー」と〇んだ。
頂上に着くと〇でヤッホーと〇んだ。",皆叫,"叫:shout;exclaim;yell
皆:all;everything",Guess the hidden Kanji,Text
"子供達は〇まだ暗くならないうちに〇てしまいました。
子供達は〇〇た。",皆寝,"皆:all;everything
寝:lie down;sleep;rest;bed;remain unsold",Guess the hidden Kanji,Text
"今後は〇様方から頂きました〇芳情に感謝しながら新しい人生を有意義に送りたいと念願しております。
お付き合いくださった〇様に、厚く〇礼申し上げます。
市民の〇様の〇意見をちょうだいする予定です。",皆御,"御:honorable;manipulate;govern
皆:all;everything",Guess the hidden Kanji,Text
"どうして製糖所に行かないの？私たちは〇〇しいですから。
この町の人は〇いつも〇しく活動しているようだ。",皆忙,"忙:busy;occupied;restless
皆:all;everything",Guess the hidden Kanji,Text
"〇は戸〇ったような顔で社長の笑いっぶりを見ていた。
〇様にご迷〇をおかけしております。",皆惑,"惑:beguile;delusion;perplexity
皆:all;everything",Guess the hidden Kanji,Text
"もし〇の〇助がなかったら、私は試験に合格しなかったでしょう。
〇さまのご支〇にお礼を申し上げたいと思います。",皆援,"援:abet;help;save
皆:all;everything",Guess the hidden Kanji,Text
"私たち〇に行き〇るだけの食料があった。
その事実は〇に知れ〇った。",皆渡,"渡:transit;ford;ferry;cross;import;deliver;diameter;migrate
皆:all;everything",Guess the hidden Kanji,Text
"我々は〇実は少々〇れきった格好だった。
乗務員は〇〇れていた。",皆疲,"疲:exhausted;tire;weary
皆:all;everything",Guess the hidden Kanji,Text
"今、〇さんの行動は言っていることと一〇していません。
その点では〇の意見が一〇している。",皆致,"致:doth;do;send;forward;cause;exert;incur;engage
皆:all;everything",Guess the hidden Kanji,Text
"〇さん間〇いなく９時に着くようにしてください。
〇が私のうっかりした間〇いを責めるのです。
私には君たち〇が間〇っているように思える。",皆違,"違:difference;differ
皆:all;everything",Guess the hidden Kanji,Text
"われわれは〇その大きなショックで身〇いがした、ぞっとした。
われわれは〇ひどい寒さに〇えていた。",皆震,"震:quake;shake;tremble;quiver;shiver
皆:all;everything",Guess the hidden Kanji,Text
"はじめまして。息子さんには家族〇が本当にお世話になっています。とても信〇できる方なので仲間にも好かれているんですよ。
あの子は〇に信〇されてるんでしょ？",皆頼,"皆:all;everything
頼:trust;request",Guess the hidden Kanji,Text
"出席していた人々は〇その選挙結果に〇いた。
近所の人たちは〇その知らせに〇いた。",皆驚,"皆:all;everything
驚:wonder;be surprised;frightened;amazed",Guess the hidden Kanji,Text
"アイリーン・ペパーバーグが、アレックスと名づけたオウムの前で丸いお〇を持っている。
日本人は、お〇の間先祖が自分達のところにやってきていると信じている。
今年は亡き母の忌中のため盂蘭〇供養会はないが、先祖の墓の掃除に行く。",盆,"盆:basin;lantern festival;tray",Guess the hidden Kanji,Text
"トムに「一緒に〇〇りに行こう」って誘われちゃった。
「今夜、〇〇りに行くの？」「もちろん！」",盆踊,"踊:jump;dance;leap;skip
盆:basin;lantern festival;tray",Guess the hidden Kanji,Text
"ロサンゼルスのある教会は、教会のクッキー入れからクッキーを数枚〇んだかどで、ホームレスの男を告発することに決めた。
学校へ行ったことのない人は貨車からものを〇みかねないが、大学教育を受けた人なら鉄道全部を〇みかねない。
実は、大きな声で言えませんが、ここ最近このビーチで若い女性が〇撮されたうわさがあるんです。",盗,"盗:steal;rob;pilfer",Guess the hidden Kanji,Text
"強〇が近所の家に〇し入ったことを聞いていますか。
強〇が金を〇みにその家に〇し入った。
警察はその強〇の首を〇さえた。",盗押,"盗:steal;rob;pilfer
押:push;stop;check;subdue;attach;seize;weight;shove;press;seal;do in spite of",Guess the hidden Kanji,Text
"警察は日暮れ前にその強〇を〇らえることを期待している。
警察はその強〇事件に関連のある容疑者を逮〇した。
警察はその強〇に関連のある容疑者を逮〇した。",盗捕,"盗:steal;rob;pilfer
捕:catch;capture",Guess the hidden Kanji,Text
"強〇は遺留品の一つから〇きとめられた。
暗闇から強〇が〇如として現れた。",盗突,"盗:steal;rob;pilfer
突:stab;protruding;thrust;pierce;prick;collision;sudden",Guess the hidden Kanji,Text
"その強〇は〇せられることを免れた。
〇みを働く者は〇せられて当然だ。",盗罰,"盗:steal;rob;pilfer
罰:penalty;punishment",Guess the hidden Kanji,Text
"強〇団は今日、白昼堂々、もうひとつの銀行を〇った。
〇賊の一団が一行に〇いかかった。
強〇は白昼堂々と郵便局を〇った。",盗襲,"襲:attack;advance on;succeed to;pile;heap
盗:steal;rob;pilfer",Guess the hidden Kanji,Text
"泥棒は警官の裏をかいて〇品を持って〇げた。
〇賊達は待っていた車で〇亡した。
トムは〇んだ車で〇走した。",盗逃,"盗:steal;rob;pilfer
逃:escape;flee;shirk;evade;set free",Guess the hidden Kanji,Text
"前者がインディペンデント映画で注目されたのに対して、後者は音楽番組のディレクターから映画〇督に転身したという経歴を持つ。
政府は、政治問題に関するネット上の会話を〇視し、誤った情報と判断した場合にそれを訂正する方法を模索している。
好きになった人のことをもっとよく知りたくなったら，〇禁して解剖してみるしか無いんですよ。",監,"監:oversee;official;govt office;rule;administer",Guess the hidden Kanji,Text
"これが原因でタイムを大きくロスしてしまい、もしかしたら、このアクシデントがなかったら、レース終〇はもっと良くなっていただろう。
混戦模様となったレースだが、四宮は集団をラップしたこともあり、終〇、確実にタイミングよくポイントを重ね優勝した。
毎週火曜日には、先生のころころした小さな指がピアノの鍵〇をあちこちと鳥のように飛びはねていました。",盤,"盤:tray;shallow bowl;platter;tub;board;phonograph record",Guess the hidden Kanji,Text
"人目をひく記事にするために、やっぱり〇頭にパンチのきいた一言をいれなきゃ。考えていることを、ダイレクトに伝えてください。
本を読んでみると、植民者や〇険家が新たな素晴らしい生活、新たな国やチャンスなどに向かって船出していったようである。
私の好きな物語は、『赤毛のアン』『トム・ソーヤーの〇険』『アルプスの少女ハイジ』なんだ。",冒,"冒:risk;face;defy;dare;damage;assume (a name)",Guess the hidden Kanji,Text
"「寒いね。こんな寒いと冬〇したくなってくるよね」「えー、俺は寒い方がテンション上がるんだけど。むしろ夏ずっと〇ってたい」
酒に酔った父は、しばらくの間低い声でブツブツ言っていたが、〇くなってきたのか、間もなくコックリコックリし始めました。
乳酸菌はかなりしぶとい菌で、冷凍しても単に冬〇するだけで、解凍すればそのまま復活させることができます。",眠,"眠:sleep;die;sleepy",Guess the hidden Kanji,Text
"〇くてぶっ〇れそう。
〇すぎて〇れそう。",眠倒,"倒:overthrow;fall;collapse;drop;break down
眠:sleep;die;sleepy",Guess the hidden Kanji,Text
"ジョンは〇っている赤ん〇を起こすまいと気を使った。
〇っている赤ん〇を起こさないように注意しなさい。
ジョンは〇っている赤ん〇を起こさないようにした。",眠坊,"坊:boy;priest's residence;priest
眠:sleep;die;sleepy",Guess the hidden Kanji,Text
"「〇いなら〇ていいんだよ」「まだ〇くないもん」「さっきからあくびばっかりしてるくせに。〇いならほんと無理しないで〇た方がいいよ」「そんなに〇てほしいの？」
なんか〇くなってきた。昨日早く〇とけばよかったなあ。
〇たかったら、私のベッドで〇ていいよ。",眠寝,"寝:lie down;sleep;rest;bed;remain unsold
眠:sleep;die;sleepy",Guess the hidden Kanji,Text
"汽車の中で〇っている間に、財布と定期を〇まれてしまった。
〇りは最大の泥棒。人生の半分も〇んでしまう。
〇っている間に財布を〇まれた。",眠盗,"盗:steal;rob;pilfer
眠:sleep;die;sleepy",Guess the hidden Kanji,Text
"トムは起きていようとしたのだが、すぐに〇り〇んでしまった。
私は宿題をしているうちに〇り〇んでしまった。
私はセーターを着たまま〇り〇んだ。",眠込,"込:crowded;mixture;in bulk;included;(kokuji)
眠:sleep;die;sleepy",Guess the hidden Kanji,Text
"〇りは死よりも愉快である。少くとも容易には〇いあるまい。
トムは〇っているに〇いない。",眠違,"違:difference;differ
眠:sleep;die;sleepy",Guess the hidden Kanji,Text
"ここまで来るのに、ずいぶん長くかかりました。しかし今日と言うこの日、この夜、この決定的な〇間に私たちが成し遂げたことのおかげで、アメリカに変化がやってきたのです。
来るまで長かった、しかし今夜、我々がこの日したことのおかげで、この選挙で、この決定的な〇間に、変革はアメリカにきたのだ。
この暑さのなか、仕事をしていると思わずそちらに行ってしまいそうになる〇間があります。",瞬,"瞬:wink;blink;twinkle",Guess the hidden Kanji,Text
"スピードを出し過ぎた車がスリップした次の〇間、トラックの後部に正面衝〇した。
何か嫌な予感がすると思った〇間、〇然目の前が真っ暗になった。",瞬突,"瞬:wink;blink;twinkle
突:stab;protruding;thrust;pierce;prick;collision;sudden",Guess the hidden Kanji,Text
"例えば、たばこをぷかぷか吸う先生が、たばこを吸う生徒に注意してもその注意は〇〇しているだろう。
もっとも重要な点は、エメットの理論が物理学の従前の理論と〇〇しないということである。
表現したいと思わないのに表現力を上げたいというのがそもそも〇〇しているからな。",矛盾,"矛:halberd;arms;festival float
盾:shield;escutcheon;pretext",Guess the hidden Kanji,Text
"最近僕の義弟Ｙ〇兵少佐が、三年間の巴里駐在を終へて帰つて来た。数々の土産物を取巻いて、われわれはいろいろな土産話を聴いた。
最近僕の義弟Ｙ〇兵少佐が、三年間のパリ駐在を終えて帰って来た。数々の土産物を取巻いて、われわれはいろいろな土産話を聴いた。
闇夜に鉄〇じゃあるまいし、そんな場当たり的なやり方でうまくいくとは思えないよ。",砲,"砲:cannon;gun",Guess the hidden Kanji,Text
"〇〇はますます激しくなってきたので、私たち、走って地下室に降りていったのよ。
私は虎を狙って発〇したが、〇ち損なった。
我々は敵に向かって大〇を〇った。",砲撃,"砲:cannon;gun
撃:beat;attack;defeat;conquer",Guess the hidden Kanji,Text
"私の聞いたところによれば、英語は金を稼ぐために、フランス語は愛を交わすために、スペイン語は神に〇るために必要だという。
神道の最も大事な行事は初詣で、多くの人々が新年に神社に詣で、1年の幸福と健康を〇ります。
３月３日はひな祭りです。ひな祭りは女の子の健康と成長を〇って行われる日本の伝統行事です。",祈,"祈:pray;wish",Guess the hidden Kanji,Text
"弊社にご興味を持っていただけることを〇り、ご返事を〇待ちしております。
ペットのためにご〇祷していただける〇守と〇札が実現しました。",祈御,"御:honorable;manipulate;govern
祈:pray;wish",Guess the hidden Kanji,Text
"君は本当に優〇な秘書だ。君がいろいろなことを処理してくれなければ、僕には何もできないよ。本当によくやってくれるな。
〇樹ったら、当事は全っ然こっちに慣れなくてね、しょっちゅうふてくされてたのよ。
うちのおばあちゃんってさ、今でも俺のこと「〇ちゃん」っていうんだ。",秀,"秀:excel;excellence;beauty;surpass",Guess the hidden Kanji,Text
"アメリカの産業界は海外からの優〇な学生を発見し〇助するためにさまざまな試みをする。
我々は留学を希望する学業成績優〇な学生を支〇します。",秀援,"秀:excel;excellence;beauty;surpass
援:abet;help;save",Guess the hidden Kanji,Text
"私の住む街には、「チンチン電車」の愛〇で親しまれている「路面電車」が走っています。私たちはそれを「市電」または「電車」と呼びます。
紀元前776年、最初のオリンピック競技大会は、ギリシャ人の主神ゼウスを〇えるため、オリンポス山の麓で開催された。
日本海呼〇問題とは、世界中の地図から「日本海」という呼〇を消し、「東海」に書き換えようとする問題である。",称,"称:appellation;praise;admire;name;title;fame",Guess the hidden Kanji,Text
"その小さな女の子は〇妻におびえたけれども、何とかして声を出さなかった。
しかし君に出会えただけでも早〇田に行った甲斐があったというものだ。
新種の〇によっては年に２、３回収穫できる物もある。",稲,"稲:rice plant",Guess the hidden Kanji,Text
"若い〇はひどい〇害を受けるだろう。
台風で〇作は大きな〇害を受けた。",稲被,"被:incur;cover;veil;brood over;shelter;wear;put on;be exposed (film);receiving
稲:rice plant",Guess the hidden Kanji,Text
"冷たい天候が〇の発育を〇らせた。
寒波が〇の発育を〇らせた。",稲遅,"遅:slow;late;back;later
稲:rice plant",Guess the hidden Kanji,Text
"〇妻が光るたびに、犬はベッドの下に身を〇した。
〇妻が走るたびに、犬はベッドの下に〇れた。",稲隠,"隠:conceal;hide;cover
稲:rice plant",Guess the hidden Kanji,Text
"〇光はたいてい〇の音がした後で光る。
〇妻が光ったかと思うと〇がなった。
〇妻は〇鳴より先にくる。",稲雷,"稲:rice plant
雷:thunder;lightning bolt",Guess the hidden Kanji,Text
"メール通知をオフにされているようなので、ここにコメントを投〇したことをお知らせしておきます。 http://tatoeba.org/sentences/show/2371786
原〇用紙１枚にも満たないメールに２時間かけるなんていうのは褒められたことではない。能力のなさを示していると言った方が当たっているだろうね。
「今日すごくいいサイト見つけたんだ。タトエバ・プロジェクトっていうんだけど」「タトエバならもう10年前から知ってるし投〇してるよ」",稿,"稿:draft;copy;manuscript;straw",Guess the hidden Kanji,Text
"この間投〇した記事がやっと雑誌に〇ったんだよ。頑張って出し続けた甲斐があったよ。
学術誌へ投〇中の論文を記入する場合は、掲〇が決定しているものに限ります。",稿載,"稿:draft;copy;manuscript;straw
載:ride;board;get on;place;spread;10**44;record;publish",Guess the hidden Kanji,Text
"「こんにちは」「あら、お義父さん、〇然どうされたんですか？」「孫の顔が見とうなって、孫の顔を拝みに来たよ」「そうなんですね。もう少ししたら帰ってくるんで、どうぞお上がりください」
たった一つ点っていたその角の家の門灯が、〇然消えたのには、何か意味がありそうだった。 　あるいは偶然かも知れない。が偶然にしても不吉な偶然だと思った。
ＣＦＩＴは乗務員が航空機を完全にコントロールし、すべてが正常に作動しているにもかかわらず、地面に激〇する場合に起こるものである。",突,"突:stab;protruding;thrust;pierce;prick;collision;sudden",Guess the hidden Kanji,Text
"投擲用のナイフが男たちの首筋に深々と〇き〇さっていた。
チーズの中へナイフを〇き〇したりするな。
柱にナイフが〇き〇さっていた。",突刺,"刺:thorn;pierce;stab;prick;sting;calling card
突:stab;protruding;thrust;pierce;prick;collision;sudden",Guess the hidden Kanji,Text
"静けさの中、ナンシーは〇然〇び声をあげた。
長女が〇然「飴がほしい」と〇んだ。
〇然、私は〇び声を聞いた。",突叫,"叫:shout;exclaim;yell
突:stab;protruding;thrust;pierce;prick;collision;sudden",Guess the hidden Kanji,Text
"コロナのせいで、〇然熱を出したら〇れられるようになった。
〇然〇ろしい嵐がやってきた。",突恐,"恐:fear;dread;awe
突:stab;protruding;thrust;pierce;prick;collision;sudden",Guess the hidden Kanji,Text
"〇然の計画変〇に面食らった。
〇然計画が変〇された。",突更,"更:grow late;night watch;sit up late;of course;renew;renovate;again;more and more;further
突:stab;protruding;thrust;pierce;prick;collision;sudden",Guess the hidden Kanji,Text
"私はまさにあきらめかかったとき〇然解決法が〇かんだ。
そのとき〇然いいアイディアが〇かんだ。
〇然、いいアイデアが頭に〇かんできた。",突浮,"浮:floating;float;rise to surface
突:stab;protruding;thrust;pierce;prick;collision;sudden",Guess the hidden Kanji,Text
"ガソリンを積んだトラックが門に衝〇して〇発した。
３０階建の超高層ビルが〇然〇発炎上した。
ガスタンクが〇然〇発した。",突爆,"爆:bomb;burst open;pop;split
突:stab;protruding;thrust;pierce;prick;collision;sudden",Guess the hidden Kanji,Text
"その子は〇然わけのわからない病気に〇われた。
〇然そのライオンは調教師に〇いかかった。
犬は〇然子供に〇いかかった。",突襲,"襲:attack;advance on;succeed to;pile;heap
突:stab;protruding;thrust;pierce;prick;collision;sudden",Guess the hidden Kanji,Text
"トムは６時半にベッドから転がり出ると、もつれた足でキッチンへ行き、トースターに二枚パンを〇っ〇んだ。
〇っ〇んでいえば、わたしたちはだれからも、あの犯罪を実際に犯した人間と同じようなものだ。
水たまりに足を〇っ〇んだので、靴がグチョグチョになった。",突込,"突:stab;protruding;thrust;pierce;prick;collision;sudden
込:crowded;mixture;in bulk;included;(kokuji)",Guess the hidden Kanji,Text
"万一〇然英語で話しかけられたら、〇げ出すかもしれない。
いきなり〇き飛ばして〇げ出した。",突逃,"突:stab;protruding;thrust;pierce;prick;collision;sudden
逃:escape;flee;shirk;evade;set free",Guess the hidden Kanji,Text
"〇然船は埠頭を〇れた。
〇然船長は船を〇れた。",突離,"離:detach;separation;disjoin;digress
突:stab;protruding;thrust;pierce;prick;collision;sudden",Guess the hidden Kanji,Text
"〇然近くに〇が落ちた！ 心臓止まるかと思った。
〇然のおおきな〇鳴が聞こえた。
私は〇然の〇にびっくりした。",突雷,"突:stab;protruding;thrust;pierce;prick;collision;sudden
雷:thunder;lightning bolt",Guess the hidden Kanji,Text
"〇然の強い地〇に、母はただおろおろと家の中を歩き回るだけだった。
〇然の地〇でパーティーはだいなしになりました。",突震,"震:quake;shake;tremble;quiver;shiver
突:stab;protruding;thrust;pierce;prick;collision;sudden",Guess the hidden Kanji,Text
"〇然、私は遠方に人の姿を認めたが、〇いたことに、その旅人が女性であることがすぐにわかった。
おばあちゃんが〇然死んで家族一同〇いた。
〇然の物音が、老人を〇かせた。",突驚,"突:stab;protruding;thrust;pierce;prick;collision;sudden
驚:wonder;be surprised;frightened;amazed",Guess the hidden Kanji,Text
"日本のカメラ、自動車、ハイファイ装置などは海外で広く使われているし、日本で開発された先〇電子なしにやっていける先進国はほとんどないほどになっている。
日本では2000年頃からの健康ブームの一〇で、「ダンベル体操」という家庭向けのフィットネスも登場した。
入った〇から、そんなにぱっぱとお金を使うものじゃありません。限りあるモノなんだから、考えて使いなさい。",端,"端:edge;origin;end;point;border;verge;cape",Guess the hidden Kanji,Text
"一年以内に金持ちになろうとする者は六〇月後に絞首刑に処せられるだろう。
修正が必要な〇所には、付箋を貼っておいてください。
エックス線は骨折〇所をつきとめるのに用いられる。",箇,"箇:counter for articles",Guess the hidden Kanji,Text
"行政指導が広〇囲に用いられることは、日本特有のやり方だと考えられている。これにより、官僚は民間に対して、ああしろ、こうしろ、ああするな、こうするな、という強い権限を法律の裏づけなしに行使することができる。
その上、実験が法則に逆らって行われたことはなく、常に、十分に法則の〇囲内で行われた。さもなければ、実験が実験として全く認められなかっただろう。
任意の実数xに対して2次不等式 x² + kx − 3k > 0 が成り立つような定数kの値の〇囲を求めよ。",範,"範:pattern;example;model",Guess the hidden Kanji,Text
"私達は広い〇囲に〇る話題について話し合った。
今日では車の値段は広い〇囲に〇っている。",範渡,"渡:transit;ford;ferry;cross;import;deliver;diameter;migrate
範:pattern;example;model",Guess the hidden Kanji,Text
"私はその電話の届く〇囲より遠くに引っ〇すわけではない。
その問題は私の理解の〇囲を〇えている。",範越,"越:surpass;cross over;move to;exceed;Vietnam
範:pattern;example;model",Guess the hidden Kanji,Text
"ハイゼンベルクの不確定性関係は、〇子の位置と運動量とを同時に且つ厳密に測定出来ないという事を表す。
この実験においては、〇子Ｍを水平方向に加速してやることが非常に重要である。
ここにきて、現代素〇子物理学の先行きがかなり怪しくなった。",粒,"粒:grains;drop;counter for tiny particles",Guess the hidden Kanji,Text
"その瞳から一〇の〇が、流れ落ちた。
大〇の〇が頬を伝って流れ落ちた。",粒涙,"涙:tears;sympathy
粒:grains;drop;counter for tiny particles",Guess the hidden Kanji,Text
"ランカスター家の〇章が赤バラだったか、白バラだったか忘れてしまった。
泥棒が手袋をはめていたために、指〇は発見できなかった。
警察が言うには、トムの指〇をそこで見つけたんだって。",紋,"紋:family crest;figures",Guess the hidden Kanji,Text
"〇式部は、子供の時から非常に利口でした。兄が史記を読んでいるのを、そばでじっと聞いていて、兄より先に覚えてしまう程でした。
〇外線は表面エネルギーの小さいポリマーを接着する際の前処理に利用される。
〇外線の急激な上昇は研究者たちにオゾンホールの存在を信じさせた。",紫,"紫:purple;violet",Guess the hidden Kanji,Text
"高速大容量インターネットアクセスを可能とするドコモのWi-Fi「docomo Wi-Fi」のご利用方法についてご〇〇します。
福岡氏にお会いいただけるか、あるいは貴社の方をどなたかご〇〇いただけますよう、お願いいたします。
数年前、ある仕事を得るために面接を受けているときに、私はその職を求める競争者に〇〇された。",紹介,"介:jammed in;shellfish;mediate;concern oneself with
紹:introduce;inherit;help",Guess the hidden Kanji,Text
"「財布落としたんだけど、拾った人が警察に届けてくれてた。よかった」「中身は全部あったの？」「うん。あった。拾ってくれた人に『ありがとう』って電話しといた」「警察って、拾った人の連〇先教えてくれるんだ」「うん。教えてくれたよ」
お電話ありがとうございます。ただいま、電話に出ることができません。折り返しご連〇いたしますので、メッセージをお願いいたします。
時差のある場合、電子メールが最も効果的で便利な手段ですので、メールを使って連〇をしてくださることを希望します。",絡,"絡:entwine;coil around;get caught in",Guess the hidden Kanji,Text
"ランドマークホテルに連〇してくれれば、大〇夫だ。
連〇される際は、日本語でも大〇夫です。
連〇は日本語でも大〇夫です。",絡丈,"絡:entwine;coil around;get caught in
丈:length;ten shaku;measure;Mr.;Ms.;height;stature;all (one has);only;that's all;merely",Guess the hidden Kanji,Text
"申し訳ございませんが、ご連〇先をお〇いしてもよろしいでしょうか。
差し支えなければ、ご連〇先をお〇いしてもよろしいでしょうか。
失礼ですが、お名前とご連〇先を〇ってもよろしいでしょうか？",絡伺,"伺:pay respects;visit;ask;inquire;question;implore
絡:entwine;coil around;get caught in",Guess the hidden Kanji,Text
"明日電話でトムに連〇して手伝ってくれるように〇むつもりだ。
私がジムに連〇して来てくれるよう〇もう。",絡頼,"絡:entwine;coil around;get caught in
頼:trust;request",Guess the hidden Kanji,Text
"私達が言語は文化的に伝えられる、つまり、学習されるものであって受け〇がれるものではないと言う場合、言語は、文化人類学者が文化と呼ぶ、学習され共用される行動の複合体の一部であるという事なのである。
しかし、言語の場合は、私達が遺伝的に受け〇ぐのは、話したり、理解したりする能力だけである。私達が話す特定の１つないし複数の言語は、遺伝ではなく、文化的な伝達によって伝えられるのである。
教育は若い時代に限られてはならず、われわれの全生涯を通じて〇続して行われるものでなければならない。",継,"継:inherit;succeed;continue;patch;graft (tree)",Guess the hidden Kanji,Text
"特に約２０年前から、高福祉政策が経済的破綻につながったとされる北欧諸国が示すように、福祉の充実と国際競争力〇持の両立は困難なものであると言える。
民主主義の貴重な成果は国民にとって、非常に大切なものである。だから国民はこの民主主義の理念を〇持するために戦う。
集団生活を営む動物は全て、情報を交換したり秩序ある集団を〇持するため何らかの伝達方法を持っている。",維,"維:fiber;tie;rope",Guess the hidden Kanji,Text
"イエスは、ガリラヤ湖のほとりを歩いておられたとき、シモンとシモンの兄弟アンデレが湖で〇を打っているのをご覧になった。
石綿金〇を発見された場合飛散防止のため石綿の部分を水に濡らしてビニール袋に包み安全を確保して下さい。
『極道の妻たち』は、1986年、東映配給〇により公開されたヤクザ映画。",網,"網:netting;network",Guess the hidden Kanji,Text
"少年はその鳥を〇で〇まえた。
鯉は〇で〇まえたんだ。
私は〇で鯉を〇った。",網捕,"網:netting;network
捕:catch;capture",Guess the hidden Kanji,Text
"トム、経〇も知らないのに口を挟むのは失礼ですよ。
タスマニアは南〇４０度のところにあります。
これが事故が発生した経〇です。",緯,"緯:horizontal;woof;left & right;(parallels of) latitude;prediction",Guess the hidden Kanji,Text
"日本では、トンボは、前へ前へ飛んで決して後ろに下がらないことから、勇ましくて決断力に富む勝負強い虫として「勝虫」といわれ、勝利を呼ぶ〇起のいい虫とされています。
お父さん、〇がギザギザの十円集めてるんでしょ？おじいちゃんが僕にくれたんだけど、これ、お父さんにあげようか？
おしゃれとは〇がなく、ジーパンにティーシャツ、ジャンパーといった格好で、駅まで自転車を走らせる。",縁,"縁:affinity;relation;connection;edge;border;verge;brink",Guess the hidden Kanji,Text
"覚えておこう、もしこの金融危機が我々に何かを教えたのならば、それはメインストリートが苦しんでると同時にウォール街に〇栄はないということを。
中国では漢字の字数が多いから、複雑な〇体字をやめて覚えやすい簡体字に置き換え、識字率を高めることが簡体字推進の目的でした。
わたしたちの会社はマンモス会社で、〇雑な面を少くし能率を上げるために、改正あるいは撤廃すべき規則とか規約がいくつかある。",繁,"繁:luxuriant;thick;overgrown;frequency;complexity;trouble",Guess the hidden Kanji,Text
"ここで留意しなければいけないことは、ウイルスが〇〇するスピードが速いという点である。
私の知る限り、この化学薬品は細菌の〇〇を防ぐだろう。
バクテリアはアルコールの中では〇〇しない。",繁殖,"殖:augment;increase;multiply;raise
繁:luxuriant;thick;overgrown;frequency;complexity;trouble",Guess the hidden Kanji,Text
"そんなに頻〇に〇刻するようだと君を首にしなければならなくなるよ。
そんなに頻〇に〇刻するなら私は君を首にしなければならない。",繁遅,"遅:slow;late;back;later
繁:luxuriant;thick;overgrown;frequency;complexity;trouble",Guess the hidden Kanji,Text
"実験結果は測定可能なものでなければならないし、実験過程は、〇り返すことができるものでなければならないのだった。
良家出身のエリート検事と今どきの女子高生という、アンバランスな男女の間に〇り広げられる愛の物語。
質の良い練習を〇り返すことは自分の身になるが、質の悪い練習を〇り返すとそれは悪い癖となる。",繰,"繰:winding;reel;spin;turn (pages);look up;refer to",Guess the hidden Kanji,Text
"教室でどうどうとタバコをすう高校生たちとそれを注意できない教師たちは〇を受けることになります。
この施設内でゴミの投げ捨てをすると、最高５００ドルの〇金を課せられることがあります。
その少年を厳しく〇しないでください。もう少し大目に見てやってください。",罰,"罰:penalty;punishment",Guess the hidden Kanji,Text
"道路にゴミを落とせば、最高５００ドルの〇金を〇わなければなりません。
〇金は現金で支〇うべし。",罰払,"払:pay;clear out;prune;banish;dispose of
罰:penalty;punishment",Guess the hidden Kanji,Text
"僕は君が〇をうけるのは筋〇いだと思った。
君が〇をうけるのは筋〇いだと思った。",罰違,"違:difference;differ
罰:penalty;punishment",Guess the hidden Kanji,Text
"日本が平和ボケしていると言っている人って、右〇だよ。
もし私に〇があれば、君のところへ飛んでいくのだが。
小さな〇をバサッと広げ、青い空で会いましょう！",翼,"翼:wing;plane;flank",Guess the hidden Kanji,Text
"忍〇強く事実を覚えていくことが、自己を表現したり判断を下したりする技術を身につけることにより遥かに大切とされているのである。
力、英知、忍〇と革新。あなたはこれら全てを持っているのだろうか？その王冠を手にしようとする汝はその重みに〇えることとなる。
しかしながら、このストライキは平和的ではなく、マーテイン・ルーサー・キング・ジュニア牧師は労使双方に忍〇と平静さを求めた。",耐,"耐:-proof;enduring",Guess the hidden Kanji,Text
"たたんである半纏を広げれば、あちこちにつぎはぎがあり、〇口にできたほころびなんか、去年のままになっている。
英語をもっと頑張って、みんなと〇を並べて話ができるようになりたいと思っています。
確かに私の〇はコリコリだけど、今揉んでくれているゴリゴリしたところは骨だから！",肩,"肩:shoulder",Guess the hidden Kanji,Text
"この〇〇は見るからに強い。
トムは〇〇が広い。
ジムは〇〇が広い。",肩幅,"肩:shoulder
幅:hanging scroll;width",Guess the hidden Kanji,Text
"よいバッターになるためには、〇の力を〇いて、自分の直感に従ってやったらいい。
背筋を伸ばして、〇の力を〇いてください。
トムは少しだけ〇の力を〇いた。",肩抜,"肩:shoulder
抜:slip out;extract;pull out;pilfer;quote;remove;omit",Guess the hidden Kanji,Text
"私は軽く〇を〇れられるのを感じた。
私は〇に〇られるのを感じた。",肩触,"肩:shoulder
触:contact;touch;feel;hit;proclaim;announce;conflict",Guess the hidden Kanji,Text
"ダックスフントは、非常に長い〇と短い足をしたドイツ犬である。
人の体は、頭と首と〇体そして上肢と下肢で構成されている。
座席の下に救命〇衣があります。",胴,"胴:trunk;torso;hull (ship);hub of wheel",Guess the hidden Kanji,Text
"男性の方が女性より肌が〇っぽいって本当ですか？
バターは乳〇から作られる。
肉から〇身を取りなさい。",脂,"脂:fat;grease;tallow;lard;rosin;gum;tar",Guess the hidden Kanji,Text
"コレステロールをためたくなかったら、〇〇のない赤身の肉を食べるのがよい。
ゆえに、筋肉の５０パーセントが〇〇に取って代わられる可能性がある。
ラクダは背中のこぶに大量の〇〇をためることができる。",脂肪,"肪:obese;fat
脂:fat;grease;tallow;lard;rosin;gum;tar",Guess the hidden Kanji,Text
"２００６年９月の軍事クーデターで失〇、事実上亡命中だったタイのタクシン元首相が２８日、約１年半ぶりに帰国した。
〇本作者ピエール・オービュルナンの給仕クレマンが、主人の書斎の戸を大切そうに開いた。
ん～、イマイチなんだよねえ。この〇のあたりの線とかさぁ。なんとかなんないの？",脚,"脚:skids;leg;undercarriage;lower part;base",Guess the hidden Kanji,Text
"その女性は断固として「我々は値下げをしません」と言った。「びた一文たりともです。さぁ、お買い上げ頂けないのでしたら、そのスーツを〇いで下さい」
土を手持ちで1スタック持っていれば、地下で暗闇に入ってしまったときに、ブロックを縦に積み上げて〇出することができます。
此処に来て、それまでは一度も海にはいらうと思はなかつた私は、この時、何となく、着物が〇ぎたくなつた。",脱,"脱:undress;removing;escape from;get rid of;be left out;take off",Guess the hidden Kanji,Text
"白黒をはっきりさせるあなたへ〇〇します。
だれもが〇〇する方はどなた。
君には〇〇するよ。",脱帽,"帽:cap;headgear
脱:undress;removing;escape from;get rid of;be left out;take off",Guess the hidden Kanji,Text
"〇走犯はまだ〇まってないんだ。
〇走犯人はまだ〇まらない。",脱捕,"捕:catch;capture
脱:undress;removing;escape from;get rid of;be left out;take off",Guess the hidden Kanji,Text
"家にあがる前に靴を〇げば靴の泥を家の中に持ち〇まずにすむ。
パットは服を〇ぎ捨てて、水の中に飛び〇んだ。",脱込,"込:crowded;mixture;in bulk;included;(kokuji)
脱:undress;removing;escape from;get rid of;be left out;take off",Guess the hidden Kanji,Text
"私はこの三日間、傷んだサンドイッチと〇ったりんご、だめになったヨーグルトの他は食べていません。
もしかして、食卓の上に置きっぱなし？冷蔵庫に入れておかないと、〇っちゃうよ。
パソコンの使い方も知らないのにあんな高い機種を買うなんて、宝の持ち〇れだ。",腐,"腐:rot;decay;sour",Guess the hidden Kanji,Text
"禁酒法のしかれていた時代に、酒類密輸入の悪どい商売を〇ずくで自分の支配下におくために、てき屋たちは、おたがいに殺しあっていた。
「痛っ。何してんの？」「ぷりぷりして美味しそうだなって思って」「えっ？だからって、人の〇いきなりかじるのやめてよ」
しかし、アメリカではふつう、スポーツチームは〇で選ばれ、学業のコースは学力によって選ばれます。",腕,"腕:arm;ability;talent",Guess the hidden Kanji,Text
"虫も殺さぬ顔をしているが、二の〇に〇青があり、それを見れば、どんな中学生もふるえ上ってしまう。女学生は勿論である。
〇じゅう蚊に〇された。",腕刺,"刺:thorn;pierce;stab;prick;sting;calling card
腕:arm;ability;talent",Guess the hidden Kanji,Text
"〇時計を直してもらったんだけど、また〇れちゃったのよね。
私の〇時計さ、〇れてるんだ。
〇時計が〇れたのよ。",腕壊,"壊:demolition;break;destroy
腕:arm;ability;talent",Guess the hidden Kanji,Text
"その小さな男の子は父親の〇に〇かれて安心した。
その子供は母親の〇の中に〇かれて安心した。
少女は父親の〇に〇かれて家に帰った。",腕抱,"抱:embrace;hug;hold in arms
腕:arm;ability;talent",Guess the hidden Kanji,Text
"交通整理の警官は、手や〇を〇ることで運転手たちに方向を伝える。
〇を前後に〇りなさい。",腕振,"振:shake;wave;wag;swing
腕:arm;ability;talent",Guess the hidden Kanji,Text
"きっと誰かがお前の〇時計〇ってったんだよ。
誰かが君の〇時計を〇んだにちがいない。
昨日の夜、〇時計〇られた。",腕盗,"盗:steal;rob;pilfer
腕:arm;ability;talent",Guess the hidden Kanji,Text
"赤ちゃんは母親の〇の中ですやすやと〇っていた。
赤ちゃんは母親の〇の中でぐっすり〇っていた。",腕眠,"眠:sleep;die;sleepy
腕:arm;ability;talent",Guess the hidden Kanji,Text
"場合によっては〇力に〇えてもよい。
君は〇力に〇えてはならない。",腕訴,"訴:accusation;sue;complain of pain;appeal to
腕:arm;ability;talent",Guess the hidden Kanji,Text
"「最近、書道してないんだ」「そうなんだ。たまにはしないと〇が〇るよ」
俺って〇が〇ったかな？",腕鈍,"鈍:dull;slow;foolish;blunt
腕:arm;ability;talent",Guess the hidden Kanji,Text
"「今日は、どうされましたか？」「昨日から、〇を曲げるとここら辺に激痛が走って、何もできないんです」「そうですか。わかりました。一度レントゲンを撮ってみましょうね」
盛大な溜息をつきながら、テーブルの上にどさどさとパンを置き、椅子にどっかりと〇掛ける。
最近流行りの〇パンはだらしなく見えるだけで、一度も格好いいと思ったことがない。",腰,"腰:loins;hips;waist;low wainscoting",Guess the hidden Kanji,Text
"なによ！出来ないの？この度胸なし！〇〇けッ！
トムを〇〇け呼ばわりするとはね。
お前は〇〇けなんかじゃないよ。",腰抜,"腰:loins;hips;waist;low wainscoting
抜:slip out;extract;pull out;pilfer;quote;remove;omit",Guess the hidden Kanji,Text
"ナンシーは物〇が〇らかいと言うよりも思いやりがあるんだ。
どうせなら、物〇の〇らかい人になって欲しいです。
サミさんは、すごく物〇の〇らかい方だったようね。",腰柔,"柔:tender;weakness;gentleness;softness
腰:loins;hips;waist;low wainscoting",Guess the hidden Kanji,Text
"すべて人は、人種、皮〇の色、性、言語、宗教、政治上その他の意見、国民的若しくは社会的出身、財産、門地その他の地位又はこれに類するいかなる事由による差別をも受けることなく、この宣言に掲げるすべての権利と自由とを享有することができる。
最近、赤ちゃんのアトピー性皮〇炎が増えています。
おたがいに皮〇の色によって判断してはいけない。",膚,"膚:skin;body;grain;texture;disposition",Guess the hidden Kanji,Text
"「いらっしゃいませ」「１０時に予約していた本田です」「ご来店ありがとうございます。本日は、タクシーでのご案内となります。タクシー〇着までもう少しお時間をいただくようになりますので、もしよろしければこちらに掛けてお待ちください」「じゃぁ、ちょっとタバコ吸ってくる」
「君の仕事についてはお客さんから不満が殺〇している。すぐに辞めてもらおう」「ふん、くそったれめ。こんな所はじめから勤めたくなかったんだ」
両親と一緒でなければその美術館に入れてもらえないだろうということにトムが気づいていなかったとは、〇底考えにくい。",到,"到:arrival;proceed;reach;attain;result in",Guess the hidden Kanji,Text
"渋滞で３０分の足止めを食らっちゃって、それで〇着が〇れたんだ。
ラッシュアワーの交通渋滞で、〇着が２時間〇れてしまった。
みなさま、空路の事故で〇着が〇れる見通しです。",到遅,"遅:slow;late;back;later
到:arrival;proceed;reach;attain;result in",Guess the hidden Kanji,Text
"パターソンの実験ではアウトプットされた物体がデザインされたモデルと完全に一〇するかどうかが不明確である。
しかし物々交換制は、人々の要求が一〇することは希であったので、非常に不満足な制度だった。
病室には白い服をまとった看護婦と産婆とが出産の準備を〇して居りました。",致,"致:doth;do;send;forward;cause;exert;incur;engage",Guess the hidden Kanji,Text
"すごいわね。できてまだ間もない会社なのに店〇も多いし、流行ってるし。
この街にはどこか他にも老〇のパン屋さんはありませんか？
サブフランチャイザーを増やして目指せ百店〇。",舗,"舗:shop;store;pave",Guess the hidden Kanji,Text
"ひとの声に似た不気味な鳴き声、漆黒の羽、死肉を啄む姿などから、鴉は不幸に〇い降りる不吉な鳥として世界に知られています。
もしこれが〇台の上で演じられたのだったら、まるっきり真実味のないフィクションだって悪態をついただろうな。
入学して１か月・・・まだ一人も友達がいないってのはやばすぎる。このままじゃ中学の二の〇だ！！",舞,"舞:dance;flit;circle;wheel",Guess the hidden Kanji,Text
"「一緒に〇〇会に行かない？」「ごめんなさい、無理です」
私は〇〇家が職業で、ジャズダンスを教えています。
世界はみんなが仮面をつけている大きな〇〇会だ。",舞踏,"踏:step;trample;carry through;appraise;evade payment
舞:dance;flit;circle;wheel",Guess the hidden Kanji,Text
"むろん、〇は何百艘も水面を動きまわっているが、どれでもいいというわけにはいかない。
その〇は、今晩イギリスに向けて出港することになっている。
安心して〇をこぐこともできれば、やじも飛ばせる。",舟,"舟:boat;ship",Guess the hidden Kanji,Text
"一〇的な誤解に反して、ケモナーが集まるコミュニティに関する10年間の専門的調査の末に収集されたデータはケモナーたちが一〇人よりも動物に'惹かれる'可能性が低いことを示していた。
一〇に、ある表現が自然だとか不自然だとかいう感覚はあまりあてにならないものです。たとえ不自然だと感じても、それは単に経験不足のせいだということは往々にしてあります。
一〇投票による「ピープルズ・チョイス賞」が今年も発表され、メル・ギブソンとジュリア・ロバーツが最も人気のある映画男優と女優に選ばれた。",般,"般:carrier;carry;all;general;sort;kind",Guess the hidden Kanji,Text
"小説家が嘘を言っても非道徳的と批判されることはありません。それどころか、その嘘が大きければ大きいほど、うまい嘘であればいっそう、一〇市民や批評家からの〇賛が大きくなります。
今日は、一〇動詞の三人〇単数現在について説明します。",般称,"称:appellation;praise;admire;name;title;fame
般:carrier;carry;all;general;sort;kind",Guess the hidden Kanji,Text
"一〇の人はそれぞれ間〇っていると感じている。
一〇人はそれは間〇っていると感じている。",般違,"違:difference;differ
般:carrier;carry;all;general;sort;kind",Guess the hidden Kanji,Text
"一〇人を〇けるため、その映画スターは偽名でホテルにチェックインした。
西洋人は一〇に相手が持ち出さない限りそうした話題を〇けたがる。",般避,"避:evade;avoid;avert;ward off;shirk;shun
般:carrier;carry;all;general;sort;kind",Guess the hidden Kanji,Text
"一〇的にいえば、男の子は長い〇の女の子が好きだ。
アジア人は一〇的に黒〇です。",般髪,"髪:hair of the head
般:carrier;carry;all;general;sort;kind",Guess the hidden Kanji,Text
"最新のバイオ技術によって、〇の臭みを最小限に抑え、非常に飲みやすい「〇焼酎」です。
いつの日かこの〇虫は美しい蝶へと変化することでしょう。
じゃが〇が熱かったので口を火傷しました。",芋,"芋:potato",Guess the hidden Kanji,Text
"今でも寺子屋の〇居をみると、何だか昔がなつかしいように思われます。
こんなシリアスな〇居を見るのは初めてで貴重な経験ができました。
乱交パーティーの中で、めぐみはすっぱだかで〇生を走り回った。",芝,"芝:turf;lawn",Guess the hidden Kanji,Text
"スレートの小道では〇は〇り残されており、雑草も残っており、道路のそばの生け垣の外側の〇は〇っていないことが多かった。
〇はいつも火曜日にはきれいになっていたが、以前ほど木に近いところまでは〇っていないことに気がつき始めた。
正直に言えば、来年は再び自分で〇を〇るとトニーに言うつもりだが、１つだけは言わないでおく。",芝刈,"芝:turf;lawn
刈:reap;cut;clip;trim;prune",Guess the hidden Kanji,Text
"兄は〇生に〇ころんで何時間も怠けて過ごしたものだった。
私の犬はよく〇生の上に〇そべっている。
〇生に〇そべってるんだ。",芝寝,"芝:turf;lawn
寝:lie down;sleep;rest;bed;remain unsold",Guess the hidden Kanji,Text
"人々が〇生の上のあちこちに〇を下ろしていた。
〇生に〇を下ろしましょう。",芝腰,"芝:turf;lawn
腰:loins;hips;waist;low wainscoting",Guess the hidden Kanji,Text
"そうしたら、〇みの下にいくつかの１０００ドル札の束を見つけ、それをバスケットの中に入れた。
これは、私が小さいときに、村の〇平というおじいさんからきいたお話です。
野〇が打者をおさえると観客がわきあがります。",茂,"茂:overgrown;grow thick;be luxuriant",Guess the hidden Kanji,Text
"私達は見つからないように〇みの後ろに〇れた。
猫は〇みに〇れていた。",茂隠,"隠:conceal;hide;cover
茂:overgrown;grow thick;be luxuriant",Guess the hidden Kanji,Text
"だから、この〇々しい試合では選手がひどいけがを負っていたし、ときには死ぬこともあったのです。
ストレスが胃の粘膜を〇らす原因のひとつは次のように考えられています。
そのボクシングの試合は、どうかと思ったら、結局、〇れもようになった。",荒,"荒:laid waste;rough;rude;wild",Guess the hidden Kanji,Text
"新たな入植者達がその広大な〇野を開〇した。
〇野を開〇する。",荒拓,"拓:clear (the land);open;break up (land)
荒:laid waste;rough;rude;wild",Guess the hidden Kanji,Text
"序に、日本でシュークリームと呼んでいる〇子は、英国へ行ってもフランスへ行ってもその名前では通用しない。イギリスでシュークリームを持って来いといったら、靴墨を持って来たというおとしばなしもできているくらいだ。
序に、日本でシユウ・クリイムと呼んでゐる〇子は、英国へ行つても仏蘭西へ行つてもその名前では通用しない。英吉利でシユウ・クリイムを持つて来いと云つたら、靴墨を持つて来たといふおとしばなしもできてゐるくらゐだ。
「プリャーニクって知ってる？ ロシアのお〇子なんだけど」「あ、知ってるかも。蜂蜜が入ったクッキーみたいなやつ？」「そうそうそうそう！」",菓,"菓:candy;cakes;fruit",Guess the hidden Kanji,Text
"北極熊は、生きていくために体を適温に保ち、数日か数ヶ月もあくかもしれない食事の間持ちこたえられるだけの十分なエネルギーを〇えねばならない。
日本の高い家計貯〇率にはいくつかの理由があるが、中でも家を買うために貯金しようとする人々の欲求に帰せられる。
高い貯〇率は日本の高い経済成長の一つの要因にあげられる。それが豊富な投資資金が存在することを意味するからだ。",蓄,"蓄:amass;raise;hoard;store",Guess the hidden Kanji,Text
"戦争中多くの家族は〇えのすべてを使い果たし、〇るものが無くなった。
まさかのときには貯〇に〇ればよい。",蓄頼,"蓄:amass;raise;hoard;store
頼:trust;request",Guess the hidden Kanji,Text
"ヌテラは日本のなかでなじみが〇いが、アメリカやヨーロッパなどでは人気のあるスプレッドであり、スーパーマーケットや食料品店には、大小さまざまなサイズの瓶が並んでいる光景が見られる。
言葉にできないものを大切にするのは大事なことだが、言葉を使って言葉にできないものに肉〇しようとする努力を怠ってはならない。
私はある時、初めて識り合ひになつた画家に伴はれて、深夜そのアトリエにはひつたことがある。屋根裏の〇暗い部屋である。",薄,"薄:dilute;thin;weak (tea);pampas grass",Guess the hidden Kanji,Text
"そんな〇着で〇たら風邪引くよ。
そんな〇着で〇ちゃだめ。",薄寝,"薄:dilute;thin;weak (tea);pampas grass
寝:lie down;sleep;rest;bed;remain unsold",Guess the hidden Kanji,Text
"暖炉には〇が足りず、早くも火勢が衰え始めている。
おっと！火種が残りすくないぞ！〇割りしてくれ！
〇が足りず、はやくも火勢が衰えはじめた暖炉。",薪,"薪:fuel;firewood;kindling",Guess the hidden Kanji,Text
"私の孫息子は猫を飼っている。その猫は白と黒の〇毛を持ち緑がかった瞳をしている。孫はその猫と遊ぶのが大好きで、その猫をビビと名づけた。ビビは美しい。それは私たちのペットである。
コーネル大学の研究によると、ブサイクな〇告はイケメン、美女の〇告より２２パーセント高い確率で有罪になるんだって。
コーネル大学の研究によると、容貌の悪い〇告は良い〇告より２２パーセント高い確率で有罪判決を受けるということだ。",被,"被:incur;cover;veil;brood over;shelter;wear;put on;be exposed (film);receiving",Guess the hidden Kanji,Text
"その台風はその村に大きな〇害を〇えた。
大雨は洪水となって〇害を〇えた。
台風は作物に大きな〇害を〇えた。",被与,"被:incur;cover;veil;brood over;shelter;wear;put on;be exposed (film);receiving
与:bestow;participate in;give;award;impart;provide;cause;gift;godsend",Guess the hidden Kanji,Text
"あなたに〇害を〇ぼそうなどとは夢にも思いませんでした。
〇害額は500万円にも〇んだ。",被及,"被:incur;cover;veil;brood over;shelter;wear;put on;be exposed (film);receiving
及:reach out;exert;exercise;cause",Guess the hidden Kanji,Text
"台風によって〇害を受けた国は、世界中のモノとカネは受け取ったが、人の支〇は断った。
知事は〇害者に対して〇助を提供することを決めた。
赤十字は災害の〇害者を直ちに救〇する。",被援,"被:incur;cover;veil;brood over;shelter;wear;put on;be exposed (film);receiving
援:abet;help;save",Guess the hidden Kanji,Text
"〇告人は自分の行〇を正当化しようと努めた。
実験用の〇験者は無作〇に選ばれた。
〇験者は無作〇に抽出された。",被為,"被:incur;cover;veil;brood over;shelter;wear;put on;be exposed (film);receiving
為:do;change;make;benefit;welfare;be of use;reach to;try;practice;cost;serve as;good;advantage;as a result of",Guess the hidden Kanji,Text
"〇告は判決に不服でためらわずに控〇した。
〇告は上級裁判所に控〇するだろう。",被訴,"訴:accusation;sue;complain of pain;appeal to
被:incur;cover;veil;brood over;shelter;wear;put on;be exposed (film);receiving",Guess the hidden Kanji,Text
"基本はアスカがシンジをいじめる。で、たまにキレたシンジがアスカを〇う。その時のアスカはやけにしおらしい。
おそらく長期にわたって首都を〇った自然災害のため、この時代に関する現存する記録はことに希少である。
パックマンがある条件を満たすと、追ってくるモンスターを逆〇して食べることができる。",襲,"襲:attack;advance on;succeed to;pile;heap",Guess the hidden Kanji,Text
"日本人は１９４１年１２月７日パールハーバーを〇〇した。
我々はその〇〇に対して準備ができていなかった。",襲撃,"襲:attack;advance on;succeed to;pile;heap
撃:beat;attack;defeat;conquer",Guess the hidden Kanji,Text
"今日の授業は、コロナで休んでいる人が多かったから、自習になりました。その間、先生はリラックスした様子でパソコンを〇っていました。
ツイッターを始める前は一日中日記を書いていた。朝から晩まで日記帳を〇っていたから、十数ページ埋めた頃にはボロボロになっていた。
適切にアースされていないマイクに〇れると、命に関わる場合があります。何人かの歌手は実際そうやって亡くなっているのです。",触,"触:contact;touch;feel;hit;proclaim;announce;conflict",Guess the hidden Kanji,Text
"イスラム系共和国が独立国家共同体に参加しない場合、それらの国々は独自の勢力を形成し、一〇〇発の民族的、宗教的な亀裂を生じかねない、とソ連、西側の消息筋は警告しています。
今あの二人のなかは、まさに一〇〇発状態だ。
両国は一〇〇発の関係にある。",触即,"即:instant;namely;as is;conform;agree;adapt
触:contact;touch;feel;hit;proclaim;announce;conflict",Guess the hidden Kanji,Text
"「おかえり。お風呂沸いてるよ」「お腹空いたから、何か先に食べたいんだけど」「無理、何も〇らないで！お風呂場へどうぞ」「おいおい。ばい菌〇いすんなよ」「仕方ないでしょ？このご時世。急いでください。あっ、お風呂から上がったら窓を開けといてね」
まるで腫れ物に〇るように〇った。",触扱,"扱:handle;entertain;thresh;strip
触:contact;touch;feel;hit;proclaim;announce;conflict",Guess the hidden Kanji,Text
"このスカーフは手〇りが〇らかくてすべすべしている。
これは手〇りが〇らかくて、なめらかですね。
絹は手〇りが〇らかくすべすべしている。",触柔,"柔:tender;weakness;gentleness;softness
触:contact;touch;feel;hit;proclaim;announce;conflict",Guess the hidden Kanji,Text
"トムは上司の逆鱗に〇れないように、言葉を〇して不都合な事実を話した。
トムは上司の逆鱗に〇れぬよう言葉を〇し、不都合な事実を話した。",触濁,"濁:voiced;uncleanness;wrong;nigori;impurity
触:contact;touch;feel;hit;proclaim;announce;conflict",Guess the hidden Kanji,Text
"スポーツが人々に〇えるのは、その健康的側面によるだけでなく、チーム競技が養う協調精神、それに競争的側面そのものにもよるのである。
憂国者はいつも国のために死のうと〇えていて、国のために人を殺そうとは言わない。
政府は通常インフレがある水準に達した場合は、物価の抑制の措置に〇える。",訴,"訴:accusation;sue;complain of pain;appeal to",Guess the hidden Kanji,Text
"「ねえねえ、知ってる？あなたが買ってきてくれた缶〇って、人間用じゃなくて猫用だって」「マジで？あれ、キャットフード？」「そうね」
メアリーはトムに〇め寄った。「なんでそんなこと言うの？ うちトムのこと好きって言ったよね？ 好きになっちゃダメだったの？」
「少し〇めていただけませんか」「あ、ごめんなさい。こんなに場所をとっていたなんて気付きませんでした」",詰,"詰:packed;close;pressed;reprove;rebuke;blame",Guess the hidden Kanji,Text
"完璧だと思ったのに、〇めが〇かった。
そんなんじゃ、〇めが〇いよ。",詰甘,"詰:packed;close;pressed;reprove;rebuke;blame
甘:sweet;coax;pamper;be content;sugary",Guess the hidden Kanji,Text
"他の文化では、ボールには土、穀物、細々とした植物が、またときには金属片さえもがいっぱいに〇め〇まれていたのです。
〇め放題って書いてあったから、もう夢中になって、玉ねぎ、じゃがいも、あらゆる野菜を〇め〇んだわ。
うまく、あの学校に入れたものの全部が全部、〇め〇み勉強だけで入れたわけではなかったろう。",詰込,"詰:packed;close;pressed;reprove;rebuke;blame
込:crowded;mixture;in bulk;included;(kokuji)",Guess the hidden Kanji,Text
"「なんでそんなにフランス語に〇しいの？」「そりゃフランス人だもん。〇しいに決まってんじゃん」「でも僕日本人だけど日本語のことそんなにうまく説明できないよ？」
私どもの製品についての〇細な情報は、インターネット上のｈｔｔｐ：／／ｗｗｗ．ｊｐｇａｒｄｅｎ．ｃｏｍでご覧になれます。
国防総省関係者は、異常がいつ発生したかについては口を閉ざしており、飛行の〇細についても論評をさけました。",詳,"詳:detailed;full;minute;accurate;well-informed",Guess the hidden Kanji,Text
"より〇しい情報をお知りになりたい場合は、ご連〇ください。
〇細については、ギセルさんに連〇してください。
〇細が分かり次第、またご連〇いたします。",詳絡,"絡:entwine;coil around;get caught in
詳:detailed;full;minute;accurate;well-informed",Guess the hidden Kanji,Text
"「見て見て！ 聞き流すだけで1週間で英語がペラペラになるCDだって」「馬鹿、そんなもん〇大広告に決まってんだろ」
みんなは絵が上手い。でも、いつも別の人を目標にして自分のこと厳しく責めちゃダメだよ。〇りは持てれば十分。
学校がきれいに保たれており、生徒がそれに〇りを持っていることも、印象深いものでした。",誇,"誇:boast;be proud;pride;triumphantly",Guess the hidden Kanji,Text
"そのように売り上げが大きいとは、セールスマンにとって名〇である。
スポイルされた子を〇める価値がない。厳しい教育を受けるべきです。
言葉に出して〇めることで子供にやる気を出させるようにしなさい。",誉,"誉:reputation;praise;honor;glory",Guess the hidden Kanji,Text
"三浦氏はある週刊誌に対して名〇毀損の〇えを起こした。
その女優は雑誌を名〇き損で〇えた。",誉訴,"訴:accusation;sue;complain of pain;appeal to
誉:reputation;praise;honor;glory",Guess the hidden Kanji,Text
"最近は老若男女が歌えるような歌〇曲を耳にすることもなくなった。
あなたは童〇のレコードのセットをさがしているそうですね。",謡,"謡:song;sing;ballad;noh chanting",Guess the hidden Kanji,Text
"今年の夏は少雨による水不足が懸念される一方で、局地的なゲリラ〇雨は昨年の3.5倍になるとの予想も出ている。
たとえいくらかかろうともその傑作は手に入れると、その大富〇は言い張った。
あのね、ゴリラ〇雨じゃなくて、ゲリラ〇雨だよ。ちゃんとわかってる？",豪,"豪:overpowering;great;powerful;excelling;Australia",Guess the hidden Kanji,Text
"〇雨のせいで、私たちは学校に〇刻してしまった。
〇雪のおかげでその列車は数時間〇れた。
列車は〇雪のために２時間〇れた。",豪遅,"遅:slow;late;back;later
豪:overpowering;great;powerful;excelling;Australia",Guess the hidden Kanji,Text
"保健省は今日、心臓への副作用に関する問題のために、子供向けの薬の流通を停止し、回収することを発表しました。これを受けて政府は、この薬の輸入〇売禁止を決定しました。
製品やサービスを世界市場に〇売しようとする企業にとっては複数外国語によるコミュニケーションのノウハウが必須である。
商務省の報告によれば、先月の小売り〇売は０．７％増加しましたが、これはもっぱら好調な自動車〇売によるものです。",販,"販:marketing;sell;trade",Guess the hidden Kanji,Text
"会社は国内〇売の落ち〇みをカバーするため輸出市場に目を向けている。
新型は来年はじめ市〇される見〇みです。",販込,"込:crowded;mixture;in bulk;included;(kokuji)
販:marketing;sell;trade",Guess the hidden Kanji,Text
"月〇によって人々は昔よりたくさんのものを購入できる。
このテレビを月〇で買った。",賦,"賦:levy;ode;prose;poem;tribute;installment",Guess the hidden Kanji,Text
"どのような集まりでも〇り物を交換することの喜びの半分は、他の人たちが持ってきたものを見、そしてそれについて語り合うことの中。
昨日はもう過去の歴史。 明日は何が起こるか分からない謎。 今日は〇り物。 だから今日のことを”プレゼント”と言うのさ。
「ハナミズキ」は、1915年アメリカ合衆国ワシントンD.C.から苗木が〇られ日本で植栽されるようになった。",贈,"贈:presents;send;give to;award to;confer on;presenting something",Guess the hidden Kanji,Text
"しかし〇り物をひけらかすことは、何も持ってこなかった客を当〇させることになりかねない。
こんな大きな〇り物はありがた迷〇だ。",贈惑,"惑:beguile;delusion;perplexity
贈:presents;send;give to;award to;confer on;presenting something",Guess the hidden Kanji,Text
"なあトム、今頃のこのこやってきて「手伝おうか？」はないだろ。メアリーの引っ〇しは朝８時からやるって言ったよな？こんな昼から顔を出されたところで、もうやることなんて残ってないよ。
一つの仕事（プロジェクト）に於いて困難性の尺度で、仕事の遂行能力が、その頂上（ハンプ）を〇えない場合は、何時まで待っても解決しない。
「それを乗り〇えて、初めて少年は男にうんちゃらかんちゃらです」「何となくよさげな事を言おうってんなら、最後までちゃんと言えよ！」",越,"越:surpass;cross over;move to;exceed;Vietnam",Guess the hidden Kanji,Text
"フランス人はイギリス海峡を〇えた私たちの〇人だ。
たまに、フェンス〇しにお〇さんと会話しますよ。",越隣,"越:surpass;cross over;move to;exceed;Vietnam
隣:neighboring",Guess the hidden Kanji,Text
"「ほら、早く早く。タトエバっていうサイトが、集めた文章を一つ一セントで売ってるよ！文章を百個買うと一つ無料の特別セールもあるんだよ！」「ああ、そりゃいい！今じゃ世間では〇味として文章を集めるのかい！？世界はどこへ向かっているのやら！」
「面接で〇味はピアノですって言ったら協調性のない人だと思われるらしいよ。合唱とかオケだったらいいんだって」「それ誰から聞いたの？」
大部分ではないにしても多くの人々が文学的〇味を優美なたしなみと見なしている。",趣,"趣:purport;gist;elegance;interest;proceed to;tend;become",Guess the hidden Kanji,Text
"私の〇味はピアノを〇くことです。
私の〇味はギターを〇くことです。
〇味はギターを〇くことです。",趣弾,"弾:bullet;twang;flip;snap
趣:purport;gist;elegance;interest;proceed to;tend;become",Guess the hidden Kanji,Text
"何か〇味がありますか？例えば絵を〇くみたいな。
私の〇味は絵を〇くことです。",趣描,"描:sketch;compose;write;draw;paint
趣:purport;gist;elegance;interest;proceed to;tend;become",Guess the hidden Kanji,Text
"医者は私の父がまもなくよくなるだろうという〇〇のことを言った。
政府は税金を値上げするという〇〇で発表を行った。
読書するには〇〇をくみ取ることが必要だ。",趣旨,"趣:purport;gist;elegance;interest;proceed to;tend;become
旨:delicious;relish;show a liking for;purport;will;clever;expert",Guess the hidden Kanji,Text
"へぇー、僕の〇味は〇画を読むことだよ。
僕の〇味は〇画を読む事です。",趣漫,"漫:cartoon;involuntarily;unrestrained;in spite of oneself;corrupt
趣:purport;gist;elegance;interest;proceed to;tend;become",Guess the hidden Kanji,Text
"私の〇味は君の〇味とまったく〇う。
私達は〇味がまったく〇うのだ。
私の〇味は君のとは大いに〇う。",趣違,"違:difference;differ
趣:purport;gist;elegance;interest;proceed to;tend;become",Guess the hidden Kanji,Text
"これと言って〇味はないんですが、強いて言えば、音楽〇賞ですかね。
〇味は音楽〇賞です。
〇味は映画〇賞です。",趣鑑,"趣:purport;gist;elegance;interest;proceed to;tend;become
鑑:take warning from;learn from;specimen",Guess the hidden Kanji,Text
"トムの家は僕んちの川向うにあって、直線〇〇だと１００メートルもないんだけど、実際に行こうと思ったら、橋までが１キロぐらいあるから歩いて２０分もかかっちゃうんだ。
あと５００００マイルほど走行〇〇を出してみたかったのだが、高速道路で故障してしまった。修理となるとえらく金がかかってとても無理だろう。
ここから最寄りの警察署までは、どのぐらいの〇〇なのでしょうか？",距離,"離:detach;separation;disjoin;digress
距:long-distance;spur;fetlock",Guess the hidden Kanji,Text
"一つも翻訳がついていない文章を翻訳するのは、誰の足〇もついていない雪の表面に、自分が初めて足〇をつけるみたいな感覚と少し似ている気がする。
「アンコール・トムって知ってる？」「ううん、知らない。どんな人？」「いや人じゃないから。カンボジアにある遺〇の名前」
そのような痕〇がくっきりと残っているかどうかによって、これらの人々がいつも重労働に従事していたかどうかがわかる。",跡,"跡:tracks;mark;print;impression",Guess the hidden Kanji,Text
"日本列島にも旧石器文化が存在したことは、岩宿遺〇をはじめ、各地での発〇調査の結果から明らかとなっているが、日本の旧石器文化の遺物には造形芸術と呼ぶべきものはほとんど存在しない。
奈良の平城宮〇から、十数年前、大量の木片が発〇された。
新しい遺〇で未発〇はいくつだったのですか。",跡掘,"跡:tracks;mark;print;impression
掘:dig;delve;excavate",Guess the hidden Kanji,Text
"地面から〇ね上り、空に飛び上がった――しばらくすると、雲が眼下に、白い綿の絨毯のように広がり、夕日にてらされてキラキラと光った。
中東の石油価格は１バレル当たり５ドルほど〇ね上がりました。
トムは庭にしゃがんで、カエルが〇ねるのをずっと見ていた。",跳,"跳:hop;leap up;spring;jerk;prance;buck;splash;sputter;snap",Guess the hidden Kanji,Text
"そのとき私だけが小川を〇び〇すことができた。
犬は囲いを〇び〇えて庭に入ってきた。",跳越,"越:surpass;cross over;move to;exceed;Vietnam
跳:hop;leap up;spring;jerk;prance;buck;splash;sputter;snap",Guess the hidden Kanji,Text
"小さいおうちは夜に田舎のことや、ひなぎくの野原や、月明かりの下でりんごの木が〇っているのを夢に見るのでした。
生きるとは嵐の過ぎるのを待つことではなく、雨の中で〇ることを覚えることである。
メアリーは今ではあまり〇らないが、昔はかなり〇っていたことを私は知っている。",踊,"踊:jump;dance;leap;skip",Guess the hidden Kanji,Text
"もっと，私のことを罵ってください！〇まれたりいじめられたりすることに快感を覚える，私はそういう人種なんです！
田舎だけしか知らない人には田舎はわからないし、都会から〇み出した事のない人には都会はわからない。
また、「安楽いすに座りながらの買い物」には、雑〇や交通から来るフラストレーションが伴わない。",踏,"踏:step;trample;carry through;appraise;evade payment",Guess the hidden Kanji,Text
"いたずらっ子にすっかり花壇を〇み〇らした。
野犬がうちの庭を〇み〇した。",踏荒,"踏:step;trample;carry through;appraise;evade payment
荒:laid waste;rough;rude;wild",Guess the hidden Kanji,Text
"いくら友達でも、人の心の中にずかずかと土足で〇み〇むようなことをするべきではない。
トムは自分の問題について〇み〇んで話さない。
君は危険な領域に〇み〇んでいるよ。",踏込,"踏:step;trample;carry through;appraise;evade payment
込:crowded;mixture;in bulk;included;(kokuji)",Guess the hidden Kanji,Text
"世界の旅客機の半数以上を製造しているボーイング社は、もっともなことだが、機体の他に欠陥を起こす可能性のあるものに、注意を引こうと〇起になっている。
デザインも、アーチ型のロゴデザインにより現代的で「登場感」「〇動感」のあるものに仕上げました。
デザインも、アーチ型のロゴデザインにより、現代的で登場感、〇動感あるものに仕上げました。",躍,"躍:leap;dance;skip",Guess the hidden Kanji,Text
"「二〇先の青木さんとこの茉奈ちゃん、女の子を産んだんだって」「えっ、名前なんて言うの？」「『ひまり』って言ってたよ」「どんな字、書くの？」「あっ、聞きそびれちゃった。どんな字、書くんだろうね？」
三人の帰還軍人が瀬戸内海沿岸のある小さな町のはずれに一〇の家を借りて共同生活をしている。
この界隈に、すごくいいレストランを一〇知っているんだ。手頃な値段で美味いんだよ。",軒,"軒:flats;counter for houses;eaves",Guess the hidden Kanji,Text
"インターネットなどで誰かに話しかける雰囲気が強い場合の書き言葉は、比〇的話し言葉に近いです。それでもすっかり日常の会話どおりかというとそうでもありません。
比〇的活動していない状態で、風にさらされていなければ、熊は寒い天候においても余分なエネルギーを消費することはない。
Sっ気ってことはないよ。それで快感てことないからな。ただ傷つけたり嫌われたりを比〇的気にしないだけ。",較,"較:contrast;compare",Guess the hidden Kanji,Text
"米航空宇宙局によれば、ガリレオ搭〇のものと類似した発電機を搭〇して行った宇宙飛行２２回のうち、３回の飛行で事故が発生したとのことです。
「トムは、教室の掃除サボってどこに行ったの？」「なんかね、『学校新聞に〇せる記事の取材してくる』っていいながら、給食室に行ったよ」
メアリーがね、おばあちゃんの本に〇ってた魔法の呪文を使って、トムをリスにしちゃおうとしたんだけど、何も起きなかったのよ。",載,"載:ride;board;get on;place;spread;10**44;record;publish",Guess the hidden Kanji,Text
"ひとつのヒントに目を〇かせた女の子は、可愛らしい猫型のシャープペンシルをノートに走らせていく。
「店のばーさんは、すげー愛想悪いんだけどさー」「大〇、聞こえとるぞ」「げっ・・・」
ベランダから寒空を見上げると、春の星座たちが、ちょっぴりひかえめに〇いています。",輝,"輝:radiance;shine;sparkle;gleam;twinkle",Guess the hidden Kanji,Text
"「先〇、お昼ご飯、奢ってください！」「いつもいつも集るな」「いいじゃないですかぁ。先〇、昨日、バイト代が入ったんでしょ？」「仕方ないな。何食べに行く？」
「由美さんって、『負けず嫌い』ですよね？」「えっ、今頃知ったの？っていうか、先〇に『負けず嫌い』って言うな！」「すみません」
先〇は、嫌味なくらいの完璧超人でしたからね。だから逆にその「癖」は先〇の可愛げ・・・というか、チャームポイントでしたよ。",輩,"輩:comrade;fellow;people;companions",Guess the hidden Kanji,Text
"年〇の夫婦は〇り物より現金を好むことが多いが、それは、そうした〇り物は必要でもなければ、置く場所もないからである。
在校生たちは、お世話になった先〇たちにきれいな花束を〇る計画を立てていた。
部員は先〇に一人ずつブローチを〇ることにした。",輩贈,"贈:presents;send;give to;award to;confer on;presenting something
輩:comrade;fellow;people;companions",Guess the hidden Kanji,Text
"中国でのコロナウイルスのアウトブレイクに対する不安により、全世界の経済を支えるサプライチェーンに長期的な損害を生み出す可能性が見〇まれ、全世界の株価は月曜日に急落した。
トムはメアリーの発言が自分への当てつけなのだと思い〇んで気に病んでいたが、実はメアリーは自嘲的に自分自身のことを語っていただけだった。
二人は、重い障害を持って生まれた我が子に、その命がいつまでも結び繋がれますようにという願いを〇め「結希」と名付けることにしました。",込,"込:crowded;mixture;in bulk;included;(kokuji)",Guess the hidden Kanji,Text
"未精算商品のトイレへのお持ち〇みはご遠〇いただいております。
ご精算前の商品のトイレへのお持ち〇みはご遠〇ください。
サイトの雰囲気を乱す書き〇みはご遠〇ください。",込慮,"込:crowded;mixture;in bulk;included;(kokuji)
慮:prudence;thought;concern;consider;deliberate;fear",Guess the hidden Kanji,Text
"社長の資質があると見〇まれて〇擢された。
人〇みを体を横にして〇けた。",込抜,"込:crowded;mixture;in bulk;included;(kokuji)
抜:slip out;extract;pull out;pilfer;quote;remove;omit",Guess the hidden Kanji,Text
"我々は〇んだ列車に〇し〇められた。
私は人〇みを〇し分けて進んだ。",込押,"押:push;stop;check;subdue;attach;seize;weight;shove;press;seal;do in spite of
込:crowded;mixture;in bulk;included;(kokuji)",Guess the hidden Kanji,Text
"メアリーが部屋に忍び〇んだのを目〇したのは、トム一人だけだった。
そのふたりの男はその家に忍び〇むのが目〇された。",込撃,"撃:beat;attack;defeat;conquer
込:crowded;mixture;in bulk;included;(kokuji)",Guess the hidden Kanji,Text
"申〇書にはご本人の写真を〇付する必要があります。
君の写真を申〇書に〇付することを忘れないでね。
あなたの写真を申〇書に〇付することが必要だ。",込添,"添:annexed;accompany;marry;suit;meet;satisfy;attach;append;garnish;imitate
込:crowded;mixture;in bulk;included;(kokuji)",Guess the hidden Kanji,Text
"仕〇みはだいたい終わりましたし・・・、一〇りしていらしたらどうですか？
トムはベッドに潜り〇むとすぐに〇った。
昨夜は、咳き〇んで〇れなかった。",込眠,"込:crowded;mixture;in bulk;included;(kokuji)
眠:sleep;die;sleepy",Guess the hidden Kanji,Text
"列車がひどく〇んでいて、私は〇中ずっと立っていなければならなかった。
初めから意気〇みすぎると、〇中で息切れするぞ。",込途,"途:route;way;road
込:crowded;mixture;in bulk;included;(kokuji)",Guess the hidden Kanji,Text
"トムめっちゃかわいいから、女子校に紛れ〇んでても全然〇和感ないと思うよ！
危険物を飲み〇んだ場合、飲み〇んだものによって対処法が〇います。
パーティーの案内と申〇書を間〇って削除してしまいました。",込違,"違:difference;differ
込:crowded;mixture;in bulk;included;(kokuji)",Guess the hidden Kanji,Text
"当クラブに入会をご希望でしたら、先ずこの申し〇み用紙に必要事〇を書き入れて下さい。
この申〇用紙に必要事〇を記入してすぐ送って下さい。
ジェーンは申〇書に必要事〇を書き入れた。",込項,"項:paragraph;nape of neck;clause;item;term (expression)
込:crowded;mixture;in bulk;included;(kokuji)",Guess the hidden Kanji,Text
"「トムって中学受験するんだってね。どこの塾にいってるの」「市内の塾に行ってるよ」「どうやって行くの？送り〇えしてるの？」「ううん。いつも自分で帰ってくるよ」
「先生すみません、今日はこの子を早退させます」「わかりました。何時にお〇えに来られますか？」「1時に参ります。よろしくお願いします」
将来、いつかコンピューターが文学作品の翻訳に着手するようになれば、われわれが知るような文学は最期を〇えることになるだろう。",迎,"迎:welcome;meet;greet",Guess the hidden Kanji,Text
"公定歩合の引き下げは産業界を苦しめてきた厳しい金融逼〇を緩和するだろうと期待されている。
大寒：１年で最も寒さが厳しくなる日ですが、春がもうすぐ間近に〇っているとも言えます。
初期の宗教指導者の中には敵対する人々に〇害されたものもいる。",迫,"迫:urge;force;imminent;spur on",Guess the hidden Kanji,Text
"冗談だ。仮に本気だとしてもそういうことにして置かないと「本気でこんなものか」と思われてしまうだろう。「そうやって本気のフィールドで勝負することを〇げ続けていればいいさ」そんなツッコミが聞こえた気がした。
自分のことをダメ人間とか，茶化した表現をして〇げまわっているのは君か。君はダメ人間どころかクズだよ，人間のクズ。
１０時前にはホテルを出発しなければなりません。さもなければマイアミ行きの電車を乗り〇がしてしまいます。",逃,"逃:escape;flee;shirk;evade;set free",Guess the hidden Kanji,Text
"〇亡犯人を〇まえようと油断なく見張った。
〇走した囚人はまだ〇まっていない。",逃捕,"捕:catch;capture
逃:escape;flee;shirk;evade;set free",Guess the hidden Kanji,Text
"警官は〇げる泥棒の〇をつかんだ。
警察は〇げる泥棒の〇をつかんだ。",逃腕,"腕:arm;ability;talent
逃:escape;flee;shirk;evade;set free",Guess the hidden Kanji,Text
"「あら、勉強してたんじゃないの？」「うん。今、現実〇〇中」「そんな事ばかりしてたら、本当に落第するよ」
誰にも知的な願いがあるが、私の願いは私が知っているような人生から〇〇することである。
そう言えば、やることがあるんだった。現実〇〇してる場合じゃない。",逃避,"避:evade;avoid;avert;ward off;shirk;shun
逃:escape;flee;shirk;evade;set free",Guess the hidden Kanji,Text
"開け放たれた窓を外から見る者は、閉ざされた窓を〇かして見る者と決して同じほど多くのものを見ない。
家主は、この３日間暖房がきかなかった理由をあれこれ並べ立てたが、どうせ見え〇いたウソだった。
アメリカは戦争をする時は「石油のため」というような明け〇けなことは口が裂けても言えない。",透,"透:transparent;permeate;filter;penetrate",Guess the hidden Kanji,Text
"この〇明な液体は毒のようなものを〇んでいる。
この〇明な液体には毒が〇まれている。",透含,"含:contain;include;hold in the mouth;bear in mind;understand;cherish
透:transparent;permeate;filter;penetrate",Guess the hidden Kanji,Text
"スフィンクスはテーベ市へ行く〇中の何百人もの人を食べてしまっていた。というのはその人達が、こうかつなスフィンクスが出すなぞなぞに答えられなかったからであった。
駅からここに来る〇中で迷っちゃって、あっちへうろうろ、こっちへうろうろ、もう大変だったよ。
失業率が上昇の一〇をたどる昨今の景気動向を勘案して、政府は追加の経済対策を打ち出した。",途,"途:route;way;road",Guess the hidden Kanji,Text
"日本は開発〇上国に対し、２０億円の包括〇助を保証しました。
大統領は発展〇上諸国に十分な〇助を提供することを決めた。
政府は発展〇上国に対する財政〇助を増やした。",途援,"途:route;way;road
援:abet;help;save",Guess the hidden Kanji,Text
"「散歩中に、イヤホンなくしちゃったみたい。見当たらないの」「イヤホンが耳から外れて音楽が〇切れたら、〇通気づくだろう？」「ポケットに入れてたの」
毎日学校に行く〇中で、私は〇通、多くの犬や猫を目にする。",途普,"普:universal;wide(ly);generally;Prussia
途:route;way;road",Guess the hidden Kanji,Text
"私は帰宅の〇中どこかで財布を〇まれた。
会社へ行く〇中で財布を〇まれた。",途盗,"盗:steal;rob;pilfer
途:route;way;road",Guess the hidden Kanji,Text
"「……追われているわけでもないんだな」 　そう呟いた〇〇、角の家の門灯がすっと消えた。 　雨はますます激しくなってきた……。
なるべく考えまいとは思っていたのだが、自覚をしてしまうと〇〇に侘しいような気持ちにもなってくる。
銀行家とは、日が照っている時に人に傘を貸し、雨が降り出した〇〇に返せと言ってくる連中である。",途端,"端:edge;origin;end;point;border;verge;cape
途:route;way;road",Guess the hidden Kanji,Text
"帰る〇中に豆〇を買ってきてください。
帰る〇中でお豆〇買ってきてよ。",途腐,"途:route;way;road
腐:rot;decay;sour",Guess the hidden Kanji,Text
"道の〇中で鍵を落としたに〇いない。
〇中で何かあったに〇いない。",途違,"違:difference;differ
途:route;way;road",Guess the hidden Kanji,Text
"共産主義は失敗し、プロレタリア独裁は時代〇れとなったので、資本主義そのものは、未だ人類を脅かすものであるにもかかわらず、今迄のところ一番良い体制であることがわかる。
「〇かったわね」「あぁ。『いい仕事するなぁ』って言われてさぁ。断れなくなって、ついついこんな時間までやっちゃった」「ほんと、褒め言葉に弱いんだから」
多くの国々が失業問題に苦しんでいる。すなわちそこには将来が保障されず、人生という汽車に乗り〇れてしまう多くの若者達がいる。",遅,"遅:slow;late;back;later",Guess the hidden Kanji,Text
"〇く結〇したいと思う人の数は徐々に増えている。
大多数の人々は〇かれ早かれ結〇する。
大部分の人々は〇かれ早かれ結〇する。",遅婚,"遅:slow;late;back;later
婚:marriage",Guess the hidden Kanji,Text
"「昨夜、〇くまでごそごそしてたわね。何時に〇たの？」「五時。だって、前の日に麻雀しててさぁ、〇たのが明け方で起きたの夕方の５時過ぎだったんだよ。〇れなくて」「なるほどね、朝日と共に〇て、夕日と共に起きるってことね。大学生ならではだよね」
夜〇く家に帰ると親がガミガミうるさくて嫌になっちゃう。どんなに〇くても起きて待ってるんだよ。〇てればいいのにさ。
もう〇いわ。〇る支度をすることにして、この話は明日の朝またしましょ。",遅寝,"遅:slow;late;back;later
寝:lie down;sleep;rest;bed;remain unsold",Guess the hidden Kanji,Text
"返事が〇れて申し訳ありませんでした。このところ、仕事に〇殺されておりまして。
返事が〇くなってすみません。〇しかったものですから。
返事が〇れてごめんなさい。〇しかったもので。",遅忙,"遅:slow;late;back;later
忙:busy;occupied;restless",Guess the hidden Kanji,Text
"トムは〇くなるという電話をしなかったメアリーを〇った。
私は今朝また〇刻し、そのことが私の上司を〇らせた。
トムったらさ、仕事に〇刻して上司に〇られたんだよ。",遅怒,"遅:slow;late;back;later
怒:angry;be offended",Guess the hidden Kanji,Text
"私は一度も学校に〇刻したことがないのを自〇に思う。
それぐらいの〇れなら我〇できる。",遅慢,"遅:slow;late;back;later
慢:ridicule;laziness",Guess the hidden Kanji,Text
"私達は多少の〇れを考〇に入れなければいけません。
汽車が〇れたことは考〇してやるべきでしょう。
多少の〇れを考〇しておくのが必要だ。",遅慮,"遅:slow;late;back;later
慮:prudence;thought;concern;consider;deliberate;fear",Guess the hidden Kanji,Text
"〇延便については、オリジナルの出発日に基づくシーズナリティを適用するため、マイル差額の〇い戻しはいたしません。
私は１週間病気だったので、仕事の〇れを取り戻すのにあらゆる努力を〇っている。",遅払,"遅:slow;late;back;later
払:pay;clear out;prune;banish;dispose of",Guess the hidden Kanji,Text
"〇かれ早かれ私たちは〇死ぬのだ。
〇かれ早かれ〇生活に適応する。",遅皆,"遅:slow;late;back;later
皆:all;everything",Guess the hidden Kanji,Text
"この列車は青森を三十分〇れで出発したので、東京には昼前には〇着しないと思う。
渋滞にもかかわらず、私はどうにか空港に〇れずに〇着することができた。
調査官は月曜の午前の〇い時間にその学校に〇着した。",遅到,"遅:slow;late;back;later
到:arrival;proceed;reach;attain;result in",Guess the hidden Kanji,Text
"私は今まで学校に〇刻したことがないことを〇りに思っている。
私は学校に〇刻したことがないのを〇りに思ってる。",遅誇,"遅:slow;late;back;later
誇:boast;be proud;pride;triumphantly",Guess the hidden Kanji,Text
"〇かれ早かれ、君は困った立場に追い〇まれるだろう。
「どうして〇れたの？」「渋滞に巻き〇まれたから」
列車の〇れを見〇んでおかないといけない。",遅込,"遅:slow;late;back;later
込:crowded;mixture;in bulk;included;(kokuji)",Guess the hidden Kanji,Text
"仕事で〇くなったせいで、私がいつも見ている連続番組を見〇すのは嫌だ。
私は会議に〇れたので、最も大切な部分を聞き〇がしてしまった。",遅逃,"遅:slow;late;back;later
逃:escape;flee;shirk;evade;set free",Guess the hidden Kanji,Text
"あと1ヶ月〇く生まれてたら、人生大分〇ってただろうなあ。
ビルは２０分も〇刻だ。どこかで道に迷ったに〇いない。
私はいつも起きるのが〇いのだが、今朝は〇っていた。",遅違,"遅:slow;late;back;later
違:difference;differ",Guess the hidden Kanji,Text
"飛行機は定刻よりも３０分〇れで午前１１時に〇陸した。
飛行機は１時間〇れて〇陸した。",遅離,"遅:slow;late;back;later
離:detach;separation;disjoin;digress",Guess the hidden Kanji,Text
"「客先に返信したのか？」「あっ、すっかり忘れてました」「早く出しとけよ。『すっかり忘れてました』なんて書くんじゃないぞ。『返信が〇くなってしまい、大変失礼しました』だからな。〇むぞ」「はい」
トムは夜〇くにドラムを叩かないようメアリーに〇んだ。",遅頼,"遅:slow;late;back;later
頼:trust;request",Guess the hidden Kanji,Text
"「このベジタリアンのお店、美味しそうじゃない？ねぇ、今日行ってみようよ」「俺、肉が食べたいんだけど」「えっ、昨日、焼肉食べてなかった？」「昨日は昨日、今日は今日。それに俺、肉なら毎日でも食べれるし」「もういい。〇う人、誘う。じゃぁね」
一つ一つ〇っていて、広々とした庭があって魅力的な家並が、もっぱら機能だけを追求したマンションにとって代わられるが、このマンションには、行き過ぎを思えるほど賞賛される「現代の便利な設備」以外に褒めるべき点はないのである。
日本語はその他の言語に対して量子力学とその他の物理学との様な関係にあると、誰かに聞いたことがあります。量子力学が間〇いなく物理学に於ける最も良い理論となっているがゆえ、私はその主張に賛成できると思います。",違,"違:difference;differ",Guess the hidden Kanji,Text
"一体、わが国の婦人は、外国婦人などと〇い、子供を持つと、その精魂をその方にばかり〇けて、亭主というものに対しては、ただ義理的に操ばかりを守っていたらいいという考えのものが多い。
日本人とアメリカ人との重要な〇いの一つは、日本人が安全な人生のコースを選ぶ〇向があるのに対して、アメリカ人は人生を探求し、それに挑戦したがることである。",違傾,"違:difference;differ
傾:lean;incline;tilt;trend;wane;sink;ruin;bias",Guess the hidden Kanji,Text
"そんな謝んなくていいよ。名前間〇えられたくらいで〇ったりしないから。
自分なりに考えて行動したが、間〇えていたらしく〇られた。
トムは間〇いなく〇ってるね。",違怒,"違:difference;differ
怒:angry;be offended",Guess the hidden Kanji,Text
"外国語の学習者が間〇いを〇れずに学習中の言語を使ってみるのは素晴らしいことですが、十分な実力のない人が間〇いを〇れずに質の悪い語学教材を作るのはいかがなものかと思います。
英語を話すときには、間〇いをする事を〇れてはいけません。
英語を話すときには間〇いをするのを〇れてはいけません。",違恐,"違:difference;differ
恐:fear;dread;awe",Guess the hidden Kanji,Text
"我々は文化の〇いを考〇してその問題を考えなくてはいけない。
もしこれが間〇っていると思ったら遠〇なく言いなさい。",違慮,"違:difference;differ
慮:prudence;thought;concern;consider;deliberate;fear",Guess the hidden Kanji,Text
"友達がさ、スピード〇反で〇まったんだ。
私の友人はスピード〇反で逮〇された。
私の友達はスピード〇反で逮〇された。",違捕,"違:difference;differ
捕:catch;capture",Guess the hidden Kanji,Text
"失礼ですがあなたの計算が間〇えていることを指〇させてもらいます。
私は間〇いを指〇されて、きまり悪い思いをした。
トムはメアリーの間〇えていたところを指〇した。",違摘,"違:difference;differ
摘:pinch;pick;pluck;trim;clip;summarize",Guess the hidden Kanji,Text
"アメリカ英語とイギリス英語では建物の階の数え方が〇う。だから翻訳を〇り返すと永遠に階を上がっていくことができるのだ。いつか月に届くだろうか。
そんな不注意な間〇いを〇り返すな。
おなじ間〇いを〇り返すな。",違繰,"繰:winding;reel;spin;turn (pages);look up;refer to
違:difference;differ",Guess the hidden Kanji,Text
"そのような行いをすれば〇反者は重〇を受けるだろう。
ケンはスピード〇反で７千円の〇金を科された。
〇法駐車で２０ドルの〇金を科せられました。",違罰,"違:difference;differ
罰:penalty;punishment",Guess the hidden Kanji,Text
"放牧できる駱駝や驢馬と〇って飼育が難しく一〇家庭で飼うことの少ない高級な家畜でした。
それは間〇っている、というのが一〇的な感覚だ。",違般,"違:difference;differ
般:carrier;carry;all;general;sort;kind",Guess the hidden Kanji,Text
"ほんの１分〇いで列車に乗り〇れた。
ほんの数分〇いで列車に乗り〇れた。
私は１分〇いで列車に乗り〇れた。",違遅,"遅:slow;late;back;later
違:difference;differ",Guess the hidden Kanji,Text
"最近ずっと、このお店に通ってます。雰囲気や客層も良いし、何より落ち着くの。ところで、あなたってここで何年働いてるの？ここで働いてて〇り甲斐を感じる？
1859年以降、プロテスタント宣教師がアメリカから派〇され、またカトリックとロシア正教も布教活動を行った。
１９５１年にシスター・テレサは当時インド最大の都市であったカルカッタに派〇された。",遣,"遣:dispatch;despatch;send;give;donate;do;undertake",Guess the hidden Kanji,Text
"十七八の頃、自分の小〇で〇子を買うようになって、僕は、しきりにマシマロを買った。
十七八の頃、自分の小〇で〇子を買ふやうになつて、僕は、しきりにマシマロを買つた。",遣菓,"遣:dispatch;despatch;send;give;donate;do;undertake
菓:candy;cakes;fruit",Guess the hidden Kanji,Text
"パリなどでは、夏になると、細君や子供を〇暑地にやって置いて、夫は、土曜日の晩から日曜へかけてそこへ出掛けて行く風習があります。
パリなどでは、夏になると、細君や子供を〇暑地にやつて置いて、夫は、土曜日の晩から日曜へかけてそこへ出掛けて行く風習があります。
安全日だからといって、サルのように生ではしません。しっかり〇妊するのが愛のセックスの義務ではないでしょうか？",避,"避:evade;avoid;avert;ward off;shirk;shun",Guess the hidden Kanji,Text
"日本語用のワープロソフトには、Ｍｉｃｒｏｓｏｆｔ社の「Ｗｏｒｄ」や、ＪＵＳＴＳＹＳＴＥＭ社の「一太〇」などがあります。
一〇はどことなく傷ついたように言ったが、それが嘘っぱちであることはこいつとの長年の付き合いが教えてくれた。
内閣総理大臣指名選挙が行われ、第８２代内閣総理大臣に橋本龍太〇氏が選出されました。",郎,"郎:son;counter for sons",Guess the hidden Kanji,Text
"花子は太〇と結〇する意志がないことは明らかであった。
太〇と花子は来春結〇する予定です。",郎婚,"郎:son;counter for sons
婚:marriage",Guess the hidden Kanji,Text
"太〇がタバコを次〇に〇した。
太〇が次〇にタバコを〇した。",郎渡,"渡:transit;ford;ferry;cross;import;deliver;diameter;migrate
郎:son;counter for sons",Guess the hidden Kanji,Text
"「太〇帰ってきた？」「まだなの。最近、帰りが〇くてね」
次〇は列車に乗り〇れたようだ。",郎遅,"遅:slow;late;back;later
郎:son;counter for sons",Guess the hidden Kanji,Text
"良樹はお金に困って五〇に二万円貸してくれと〇んだ。
太〇は社長の信〇が厚い。",郎頼,"郎:son;counter for sons
頼:trust;request",Guess the hidden Kanji,Text
"私たちがこの世界を経験し理解するのは、五感を通じて受け入れられ、脳によって解〇される信号を通じてなのである。そして、この両方のプロセスともゆがめられやすい。
何しろ朝から夕方まで、校舎の中で軟禁状態だからな。〇放されれば元気にもなるってもんだ。
我々の解〇では、表２に示された出力データは表１のデータの容認できる変異形と言える。",釈,"釈:explanation",Guess the hidden Kanji,Text
"他方、何もすることもなく長時間１人にほっておくと、子供は〇くて愚かな子供になりやすい。
「最近、書道してないんだ」「そうなんだ。たまにはしないと勘が〇るよ」
元はと言えば、健ちゃんが〇ちんなのがいけないんだからね～っ。",鈍,"鈍:dull;slow;foolish;blunt",Guess the hidden Kanji,Text
"ポケットの計算機は靴下と同じくらい安く買え、また、〇筆や消しゴムと同じくらい、何千人というイギリスの学童にとっては生活に不可欠のものである。
できたらスケッチブックと４Ｂの〇筆も買ってきておいてね。まだそんなに高い画材はいらないよ。
ペンしか使わないんだけど、なんとなくリュックの中にはまだ〇筆削りをいれてます。",鉛,"鉛:lead",Guess the hidden Kanji,Text
"当社はアンケート入力、アンケート集計のお手伝いをする少数精〇のベンチャーです。
〇い舌は絶えず用いることによって、ますます〇利になる片刃の道具である。
手荷物の中に、液体あるいは〇利なものは入っていませんか？",鋭,"鋭:pointed;sharpness;edge;weapon;sharp;violent",Guess the hidden Kanji,Text
"それには〇い視力、〇〇な聴力および〇い嗅覚がある。
目が見えない人の聴力は〇〇な場合が多い。",鋭敏,"敏:cleverness;agile;alert
鋭:pointed;sharpness;edge;weapon;sharp;violent",Guess the hidden Kanji,Text
"このソフトウエアはギブスサンプリングのアルゴリズムによりマルコフ連〇モンテカルロ法の計算を行います。
アットホームな雰囲気ですと言いながら、実際は閉〇的だったりする。
インフルエンザの欠席者が多いから、明日から三日間学級閉〇だって。",鎖,"鎖:chain;irons;connection",Guess the hidden Kanji,Text
"このギザギザした葉っぱの花、何て言う名前の植物だと思う？図〇で調べてみたけどよくわからないんだ。
時間があるときには、いつもクラシック音楽〇賞を楽しんでいる。
よい音楽を〇賞することはそれほど難しいことではない。",鑑,"鑑:take warning from;learn from;specimen",Guess the hidden Kanji,Text
"近代戦の戦術は兵士が戦〇員として効果的な働きをするために必ずしも十分に武装することを必要とはしていない。
戦〇に携わる兵士たちは戦〇が止んでいるときに好んで、平穏無事な時代を想い返す。
ジョージは、最近３時間の格〇の末に釣った、重さ３０ポンドのバスの話をしていた。",闘,"闘:fight;war",Guess the hidden Kanji,Text
"モントリオールで報道〇と会見したワレサ氏は、東ドイツ指導部の交代は、旧体制の保守派指導者らが歴史の流れに取り残されたために起きた、と述べました。
経営〇は果たして本気で我々のボーナスについて考えようとしているのか、それとも単に口先だけだったのだろうか。
敵が守っている〇地はたいへん重要なので、その〇地を守るために敵はあくまで戦う。",陣,"陣:camp;battle array;ranks;position;sudden;brief time",Guess the hidden Kanji,Text
"経営〇がどうしてスト参加者の要求にあんなに簡単に〇したのか分からない。
経営〇はついに労働者側の要求に〇し、昇給を認めた。",陣屈,"屈:yield;bend;flinch;submit
陣:camp;battle array;ranks;position;sudden;brief time",Guess the hidden Kanji,Text
"ギリシャのフットボールの試合では、一方のチームの選手は、相手チームの〇地のラインの向こう側にボールを持ち〇もうとしたのです。
ギリシャのフットボールの試合では、一方のチームの選手は相手チームの〇地のラインの向こう側にボールを持ち〇もうとしたのです。",陣込,"込:crowded;mixture;in bulk;included;(kokuji)
陣:camp;battle array;ranks;position;sudden;brief time",Guess the hidden Kanji,Text
"人の面前にいるときと〇にまわったときとで、まったく別の態度をとろうとすることなど、危険な企てはない。
あなたが自分の質問に自分で答える様な質問者のお〇で、質問を受けた人は回答を探さずに済みます。
素晴らしく富んだ気候のお〇で合衆国はほとんどのあらゆる種類のスポーツの天国になっている。",陰,"陰:shade;yin;negative;sex organs;secret;shadow",Guess the hidden Kanji,Text
"〇口を叩かれて喜ぶ〇などいやしない。
〇険な〇。",陰奴,"奴:guy;slave;manservant;fellow
陰:shade;yin;negative;sex organs;secret;shadow",Guess the hidden Kanji,Text
"光源、つまり光の向きだな、それと〇〇とかにも気をつけて、できるだけ正確に手元にあるクロッキー帳に書き取っていくだけ。
〇〇に気をつけてみたのですがなかなかうまくいかないです。",陰影,"影:shadow;silhouette;phantom
陰:shade;yin;negative;sex organs;secret;shadow",Guess the hidden Kanji,Text
"その国会議員は〇謀のニュースを発表した。そして、ためらうことなく、その〇謀にたいする徹底した対〇処置をとった。
ためらうことなく、その〇謀にたいする徹底した対〇処置をとった。",陰抗,"抗:confront;resist;defy;oppose
陰:shade;yin;negative;sex organs;secret;shadow",Guess the hidden Kanji,Text
"お前がカーテンの〇に〇れてるのは、わかってるんだぞ。
その子は大きな木の〇に〇れていた。
カーテンの〇に〇れているのは誰？",陰隠,"隠:conceal;hide;cover
陰:shade;yin;negative;sex organs;secret;shadow",Guess the hidden Kanji,Text
"結局のところ「女らしさ」というものは、女である以上誰でも備えているのが当然で、努力をしてそれを示す必要もなく、また、意識的にそれを〇してもなんにもならない性質のものである。
結局のところ「女らしさ」といふものは、女である以上誰でも備へてゐるのが当然で、努力をしてそれを示す必要もなく、また、意識的にそれを〇してもなんにもならない性質のものである。
「このカレー、美味しいですね？美味しさの秘訣はなんですか？」「〇し味にコーヒーを入れてます。コーヒーを入れるとコクがでて美味しく仕上がるんですよ」",隠,"隠:conceal;hide;cover",Guess the hidden Kanji,Text
"きっと無罪になるだけの決定的切り札を〇し持っているに〇いない。
男性が妻にいろいろな事を〇すのは間〇っている。",隠違,"違:difference;differ
隠:conceal;hide;cover",Guess the hidden Kanji,Text
"海に面した都市で、〇のもっと有名な都市、ドーヴァーからは、海岸を１３キロほど北に寄ったところに位置しています。
そういえば、電車の中で〇に座ったほろ酔いのおっさんに、自分の俳句を見て欲しいと言われたことがある。
私の場合、家で読書するほうが図書館で見知らぬ人の〇に座って読書するより好きだ。",隣,"隣:neighboring",Guess the hidden Kanji,Text
"お〇さんが昨晩逮〇されたんだよ。
トムなら、〇町で逮〇されたよ。",隣捕,"隣:neighboring
捕:catch;capture",Guess the hidden Kanji,Text
"ジョーはやかましい〇人と口をきく間〇ではなかった。
ジョーはうるさい〇人と話をする間〇ではなかった。",隣柄,"隣:neighboring
柄:design;pattern;build;nature;character;handle;crank;grip;knob;shaft",Guess the hidden Kanji,Text
"〇の〇はよく見えるものよ。
〇の〇生はうちのより青い。
〇の〇生は青く見える。",隣芝,"隣:neighboring
芝:turf;lawn",Guess the hidden Kanji,Text
"数日前、ガールフレンドのソフィーちゃんがアルバータ州・エドモントンから〇のブリティッシュ・コロンビア州・ビクトリアへ引〇しをした。
私は新しく〇に〇してきた人と話をしたことはない。ただ、ちらっと顔を見ただけだ。
〇に引っ〇してきた田中です。よろしくお願いします。",隣越,"越:surpass;cross over;move to;exceed;Vietnam
隣:neighboring",Guess the hidden Kanji,Text
"〇の部屋では、夜〇くまで起きてごそごそしている音がする。
〇に住んでいる少年は〇く帰ってくることが多い。",隣遅,"遅:slow;late;back;later
隣:neighboring",Guess the hidden Kanji,Text
"〇の家の人々は我々が昨夜大〇ぎをしたので閉口した。
〇の部屋、〇がしいな。",隣騒,"隣:neighboring
騒:boisterous;make noise;clamor;disturb;excite",Guess the hidden Kanji,Text
"ボクが憧れたのは翔太部長の『力』じゃない。体を張ってでも信念を貫こうとする〇々しい勇気だったはず。
武〇は受かり、邦夫は受からないと思っていたが、結果は逆だった。
やつらは〇牛を丸焼きにするくらいの火をおこしていた。",雄,"雄:masculine;male;hero;leader;superiority;excellence",Guess the hidden Kanji,Text
"どれほど大きく「オオーー！」と〇〇びを上げようとも、オオカミに変身したりはしない。
課長が毎日、〇〇びをあげます。",雄叫,"叫:shout;exclaim;yell
雄:masculine;male;hero;leader;superiority;excellence",Guess the hidden Kanji,Text
"どんなに優〇で堂々とした既存のビルも、今や、その怪物のわきでは、ちょっと滑稽にさえ見えるほど痛ましいまでに小さくなってしまうだろう。
エステサロンで優〇な至福のひとときを過ごしてみませんか？
スカートの裾を両手でもつ仕草があまりに優〇だ。",雅,"雅:gracious;elegant;graceful;refined",Guess the hidden Kanji,Text
"イザドラダンカンはとても優〇に〇ったので、ヨーロッパのダンスに招かれた。
洋子はみんながびっくりするような優〇さで〇った。",雅踊,"踊:jump;dance;leap;skip
雅:gracious;elegant;graceful;refined",Guess the hidden Kanji,Text
"著者たちはごく少数の種の〇も歌うと非常に明確に述べている。
カンガルーの〇は子供を腹の袋に入れて動く。
〇豚の耳から絹の財布は作れない。",雌,"雌:feminine;female",Guess the hidden Kanji,Text
"物体が地球から〇れ去っていくときには、その物体から発せられる光はより波長の長いものとして（赤っぽい色に）見えます。物体が地球に向かってくるときは、その物体から発せられる光はより波長の短いものとして（青っぽい色に）見えます。
パプアニューギニア近くのカーテレット諸島では、海水が家のまわりにうち寄せているので、すでに家を〇れなければならなくなった人たちがいる。
日本人〇れしたこの美しい相貌からもわかるように、優奈は実は生粋の日本人じゃない。西洋人をおばあちゃんに持つ、クォーターだったりする。",離,"離:detach;separation;disjoin;digress",Guess the hidden Kanji,Text
"最近、周りでも〇〇が多いようだけど、子は鎹って事は、今は昔となったのかね。
実は家庭が上手くいってなくてさ・・・。〇〇しようかと思ってるんだ。
ちゃんとした理由をいってくれなければ、君と〇〇するつもりはないよ。",離婚,"離:detach;separation;disjoin;digress
婚:marriage",Guess the hidden Kanji,Text
"戦艦ビスマルク号を海のもくずとするには、何発もの魚〇を命中させなければならなかった。
さっきから近くで〇がゴロゴロ鳴っているんだよ。もうすぐこっちに来るんじゃないかな。
今日は大気が不安定な状態です。急な雨や〇雨にご注意ください。",雷,"雷:thunder;lightning bolt",Guess the hidden Kanji,Text
"〇〇いから鳴ってる間だけ誰かといたい。
〇鳴を聞いて動物たちは〇がった。
うちの犬、〇を〇がるんですよ。",雷怖,"怖:dreadful;be frightened;fearful
雷:thunder;lightning bolt",Guess the hidden Kanji,Text
"万〇の〇手のうちに幕が下りた。
その公演は万〇の〇手を受けた。",雷拍,"拍:clap;beat (music)
雷:thunder;lightning bolt",Guess the hidden Kanji,Text
"〇鳴が聞こえるよりも先に〇光が見えるのは、光が音よりも早く伝わるからである。
〇の音より〇妻が先に見えるのは、光速が音速より速いからだ。
ゆうべは〇がなって〇光がした。",雷稲,"稲:rice plant
雷:thunder;lightning bolt",Guess the hidden Kanji,Text
"「見てくださいよ、窓。部長またマインスイーパやってますよ。やることないんなら帰ればいいと思いません？」「部長もトラブル対応してる部下残して帰れないんだよ。部長は部長なりに気を使ってるのさ」「地〇〇みましたよ」
地〇を〇んでしまった。",雷踏,"踏:step;trample;carry through;appraise;evade payment
雷:thunder;lightning bolt",Guess the hidden Kanji,Text
"日本では、英語から日本語（英日）、日本語から英語（日英）への翻訳が多く、日西、西日の実〇があまりありません。
同社の売上げは輸出の〇要が強いおかげで伸びたが、競争が激しく利益はそれほど伸びなかった。
この新型の車はとても人気があるので〇要に応じるために新しい工場を作らねばならなかった。",需,"需:demand;request;need",Guess the hidden Kanji,Text
"日本ではリヒター・スケールでマグニチュード5.0以上の余〇が今週5回ありました。しかし科学者たちは、最大規模の余〇はまだ先に起こりうると警告しています。
こう見えても意外に人前で話すの苦手で、手なんか〇えるし、口ごもちゃって、自分でも何言っているかわからない時がある。
わたしたち学生も、地〇の犠牲になった人たちの福祉のために寄付をしよう。わずかな金でも大いに役立とう。",震,"震:quake;shake;tremble;quiver;shiver",Guess the hidden Kanji,Text
"我々が通り過ぎた教会は、その五分後に大地〇で崩〇して、１００人以上が生き埋めとなった。
大地〇が東京を破〇したのは１９２０年代のことだった。
その建物の一部分だけが地〇で破〇された。",震壊,"震:quake;shake;tremble;quiver;shiver
壊:demolition;break;destroy",Guess the hidden Kanji,Text
"地〇ほど〇い物はない。
私は地〇が〇い。",震怖,"震:quake;shake;tremble;quiver;shiver
怖:dreadful;be frightened;fearful",Guess the hidden Kanji,Text
"しかし地〇だけは今でも、これまでと同じように〇ろしい存在である。
仙台の地〇の結果は〇るべきだったよ！
その地〇の後、〇慌状態が広がった。",震恐,"震:quake;shake;tremble;quiver;shiver
恐:fear;dread;awe",Guess the hidden Kanji,Text
"その大地〇が起こったとき、私はほんの１０〇だった。
大地〇があった時、私はまだ10〇でした。",震歳,"震:quake;shake;tremble;quiver;shiver
歳:year-end;age;occasion;opportunity",Guess the hidden Kanji,Text
"戦争は決して地〇や津波のような天変地異ではない。何の音沙汰もなく〇然やってくるものではない。
地〇が〇然、建物をゆさぶった。",震突,"震:quake;shake;tremble;quiver;shiver
突:stab;protruding;thrust;pierce;prick;collision;sudden",Guess the hidden Kanji,Text
"そのビルは１５階建てで、地〇に〇えられるように建設されることになっている。
この家は地〇に〇えますか。",震耐,"震:quake;shake;tremble;quiver;shiver
耐:-proof;enduring",Guess the hidden Kanji,Text
"マグニチュード５の地〇が東京を見〇った。
日本が未曽有の〇災に見〇われました。",震舞,"震:quake;shake;tremble;quiver;shiver
舞:dance;flit;circle;wheel",Guess the hidden Kanji,Text
"ゴールデンウィーク連休中には、多くのボランティアが地〇と津波の〇害を受けた東北地方へ出向いた。
地〇はリヒター・スケールで３．０を記録しましたが、大きな〇害、負傷者が出た報告はありません。
救助隊員達が地〇の〇災者達に物資を分配するだろう。",震被,"震:quake;shake;tremble;quiver;shiver
被:incur;cover;veil;brood over;shelter;wear;put on;be exposed (film);receiving",Guess the hidden Kanji,Text
"地〇が起こり、さらに津波が〇った。
地〇がその地域を〇った。",震襲,"震:quake;shake;tremble;quiver;shiver
襲:attack;advance on;succeed to;pile;heap",Guess the hidden Kanji,Text
"地〇のあと、人々は〇いて地面の深い穴をじっとのぞきこんだ。
町の人々は地〇に大変〇いた。",震驚,"震:quake;shake;tremble;quiver;shiver
驚:wonder;be surprised;frightened;amazed",Guess the hidden Kanji,Text
"私たちは〇のため、２時間サンフランシスコに立ち寄らなければならなかった。
〇が深かったので、歩いている人たちの姿を見分けるのは困難だった。
ロンドンは、私の住んでいるところだが、以前は〇で有名だった。",霧,"霧:fog;mist",Guess the hidden Kanji,Text
"トムとメアリーは手を取り合って、〇が〇し寄せてくるのを見ていた。
〇が〇し寄せてくるのを見て、トムとメアリーは手を取り合った。",霧押,"押:push;stop;check;subdue;attach;seize;weight;shove;press;seal;do in spite of
霧:fog;mist",Guess the hidden Kanji,Text
"〇がとても〇かったので、一寸先も見えなかった。
〇が〇くてほとんど何も見えなかった。
〇が〇くなってきていますね。",霧濃,"濃:concentrated;thick;dark;undiluted
霧:fog;mist",Guess the hidden Kanji,Text
"〇のため、飛行機は〇陸できなかった。
〇で飛行機は〇陸を妨げられた。",霧離,"離:detach;separation;disjoin;digress
霧:fog;mist",Guess the hidden Kanji,Text
"「春樹、あなたも前の方の席を希望しなさい」「どうしたんですの？〇骨にイヤな顔をして」
「その人なんて言ってたんスか？」「〇語が全く通じなかったので〇語でなじってやった」
ジャーン。それじゃ春田くん、もう見てもいいわよ。みんなの浴衣、お披〇目ねぇ～。",露,"露:dew;tears;expose;Russia",Guess the hidden Kanji,Text
"教室に入って席に着くのとほぼ同時に、始業を知らせるチャイムの音が鳴り〇く。
静まり返った部屋の中では、古い時計のコチコチいう音だけが〇いていた。
サボったりしたら・・・、内申に〇いてもおかしくないと思いませんか？",響,"響:echo;sound;resound;ring;vibrate",Guess the hidden Kanji,Text
"オールブラックスがフィールドに現れると、観衆の声がウオーンと〇き〇った。
ガラガラ、という音が〇き〇った。
会堂に鐘の音が〇き〇った。",響渡,"渡:transit;ford;ferry;cross;import;deliver;diameter;migrate
響:echo;sound;resound;ring;vibrate",Guess the hidden Kanji,Text
"やっぱりハイエンド機種だけあって設定〇目とかすごい細かい。自分の物にするにはしばらく時間が掛かりそう。
我々の最優先事〇はこの論争にきっぱりと決着を付ける事だ。そのためには相手側との妥協も覚悟している。
〇目が増えたり減ったりする表示なら、Accessでなくて表計算ソフトを活用すべきだと思います。",項,"項:paragraph;nape of neck;clause;item;term (expression)",Guess the hidden Kanji,Text
"〇目リストの中に、あなたがご意見を述べたものがありましたら、それもご連〇下さいますか。
追加したい〇目、削除したい〇目がありましたら、６月１２日までにご連〇下さい。",項絡,"項:paragraph;nape of neck;clause;item;term (expression)
絡:entwine;coil around;get caught in",Guess the hidden Kanji,Text
"このアンケート用紙に必要事〇を書き〇み、当方にお送り下さい。
まず、この書類に必要事〇を書き〇んでください。
この書類に必要事〇を書き〇んで下さい。",項込,"項:paragraph;nape of neck;clause;item;term (expression)
込:crowded;mixture;in bulk;included;(kokuji)",Guess the hidden Kanji,Text
"「この間、〇んだリストの整理って終わった？」「あっ、すっかり忘れてました」「あのね、そのリストがないと困るんだけど『すっかり忘れてた』ってどういうこと？」「あっ、すみません」
あれからずっと、学校にメールで問い合わせをしてるんだけど、全く答えらしい答えを貰えないのよ。もうね、学校の人って〇りになんないよね。どうしたら早く落ち着くと思う？
「どうも馬鹿な子供で困ります」と言うのを、 「なアに、ふたりとも利口なたちだから、おぼえがよくッて末〇もしい」と、僕は讃めてやった。",頼,"頼:trust;request",Guess the hidden Kanji,Text
"私、トムに〇まれたことやらなかったから、トムが〇っちゃったんだ。
〇むから〇らないで聞いてよ。",頼怒,"怒:angry;be offended
頼:trust;request",Guess the hidden Kanji,Text
"私たちは暴力に〇るのではなく、理性に〇えるべきだ。
武力に〇るものではなく、理性に〇えなさい。",頼訴,"訴:accusation;sue;complain of pain;appeal to
頼:trust;request",Guess the hidden Kanji,Text
"兄が急逝したのは２年前、義姉は一人兄の遺した小さな宝〇店を健気に守ってきた。
このようなものを修〇語と呼ばずに、付加語(A)と呼んでいる文法書もあります。
オープニングを〇るのは初出場、Tom and Maryのお二人です。",飾,"飾:decorate;ornament;adorn;embellish",Guess the hidden Kanji,Text
"第四に、小熊を連れ去ることに成功しても、私たちは休憩をせずに山を〇け上がることができるだろうか。
灰色をしたうさぎが姿を見せたので近寄ろうとすると、ぴょんぴょんとまた林の中へ〇けていった。
いつも真っ向勝負だけでなく、たまには虚虚実実の〇け引きとやらもやってみたいよね。",駆,"駆:drive;run;gallop;advance;inspire;impel",Guess the hidden Kanji,Text
"雨が降り始めたので、私は家に〇け〇んだ。
ジョンが部屋に〇け〇んできた。
子どもたちは部屋に〇け〇んだ。",駆込,"込:crowded;mixture;in bulk;included;(kokuji)
駆:drive;run;gallop;advance;inspire;impel",Guess the hidden Kanji,Text
"酒を飲んでも、ウイスキーを飲んでも同じだ。どちらにしたところで飲み過ぎれば、飲めや歌えの〇ぎになるから。
風鈴が奏でる涼やかな音は日本の夏の風物詩の一つだが、近年ではただの〇音と捉える人も増えている。
交通量の多いことによる〇音は大変なものだったので、その警官は自分の声を通すことができなかった。",騒,"騒:boisterous;make noise;clamor;disturb;excite",Guess the hidden Kanji,Text
"私たちは子供が家にいるときには〇音にはずい分我〇しなければならない。
あの〇音にはもうこれ以上は我〇する事は出来ません。
君はこれらすべての〇音を我〇しなくてはならない。",騒慢,"騒:boisterous;make noise;clamor;disturb;excite
慢:ridicule;laziness",Guess the hidden Kanji,Text
"ひどい交通〇音のため、私は夜通し〇れなかった。
その〇音のために、私は一晩中〇れなかった。
その〇音は一晩中僕を〇らせてくれなかった。",騒眠,"騒:boisterous;make noise;clamor;disturb;excite
眠:sleep;die;sleepy",Guess the hidden Kanji,Text
"あの〇がしい音には、もう〇えられなかったんだ。
この〇音にはもうこれ以上〇えられない。
このひどい〇音には〇えられない。",騒耐,"耐:-proof;enduring
騒:boisterous;make noise;clamor;disturb;excite",Guess the hidden Kanji,Text
"大都会の喧〇と雑〇の中に住んでいると、時折田舎に出かけて行きたくなる。
大都会の喧〇と雑〇の中に住んでいると、時折田舎に行きたくなる。",騒踏,"踏:step;trample;carry through;appraise;evade payment
騒:boisterous;make noise;clamor;disturb;excite",Guess the hidden Kanji,Text
"話し言葉において、我々は言葉の中に休止を入れないが、あたかも分けられた言葉を聞いているようにそれらを明確に理解できることは、いくらか〇かされる事実である。
ロッテリアは、最大10段までチーズバーガーを積み上げることのできる〇異の「タワーチーズバーガー」を展開していました。
映画の中で気に入った曲があったのでYouTubeで検索したら、数え切れないほどのリミックスがヒットしたので〇いた。",驚,"驚:wonder;be surprised;frightened;amazed",Guess the hidden Kanji,Text
"結局のところ、人生で一番大切な要素は〇〇の気持ちです。
私たちはその少年のデッサンのすばらしさに〇〇した。
私はその光景に〇〇した。",驚嘆,"嘆:sigh;lament;moan;grieve;sigh of admiration
驚:wonder;be surprised;frightened;amazed",Guess the hidden Kanji,Text
"〇いたことに、その著名な心理学者は誘拐罪で告〇された。
たいへん〇いたことに、私の歌は大勢の若者の心に〇えた。
〇いたことに、その人類学者は殺人罪で告〇された。",驚訴,"訴:accusation;sue;complain of pain;appeal to
驚:wonder;be surprised;frightened;amazed",Guess the hidden Kanji,Text
"グループの仲間の一員のように感じることはいい気持ちでした。私は金〇で、１８５センチもあるので、別の意味で目立ってしまうからです。
「ねぇ、トム、見て！昨日パーマをかけたよ！どう思う？」「すごい〇クルクルになったね。でも、似合ってるよ！」
今朝は〇の毛が撥ねてるんだ。せめて手鏡を貸してくれ、そこの引き出しにしまってあるだろ。",髪,"髪:hair of the head",Guess the hidden Kanji,Text
"マリーなら、鏡の前で〇を〇かしてるわ。
トムはタオルで〇を〇かした。
どうして〇を〇かしているの。",髪乾,"乾:drought;dry;dessicate;drink up;heaven;emperor
髪:hair of the head",Guess the hidden Kanji,Text
"父は自分の〇の〇り方について非常にやかましい。
君は〇の毛を〇ってもらったほうがいい。
僕は〇の毛を短く〇ってもらいたかった。",髪刈,"髪:hair of the head
刈:reap;cut;clip;trim;prune",Guess the hidden Kanji,Text
"〇の毛の色を変えるんだったら、結〇してあげる。
〇の色変えるんなら、結〇するよ。",髪婚,"髪:hair of the head
婚:marriage",Guess the hidden Kanji,Text
"〇のカット料、1000円だったんだよ。今時〇しいですよね。無免許だったりして。
今時、ああいう七三分けの〇型は〇しいよね。",髪珍,"髪:hair of the head
珍:rare;curious;strange",Guess the hidden Kanji,Text
"〇の毛を〇のところで切りました。
姉の〇は〇まで届きます。",髪肩,"肩:shoulder
髪:hair of the head",Guess the hidden Kanji,Text
"うちのお父さん、〇が〇くなってきてるんだ。
なんか、〇〇くなってきたんじゃない？",髪薄,"薄:dilute;thin;weak (tea);pampas grass
髪:hair of the head",Guess the hidden Kanji,Text
"トムはメアリーに〇型を馬鹿にされて落ち〇んでいた。
お母さん、〇の毛を編み〇みにして欲しいんだけど。
〇の毛、編み〇みにしていい？",髪込,"込:crowded;mixture;in bulk;included;(kokuji)
髪:hair of the head",Guess the hidden Kanji,Text
"公園には黒い〇の綺〇な女の子が一人いました。
黒い〇の綺〇な女の子が公園にいました。",髪麗,"髪:hair of the head
麗:lovely;beautiful;graceful;resplendent",Guess the hidden Kanji,Text
"そんな些細なことで、〇の首を取ったようにはしゃがなくてもいいじゃない。
その後、この横町で、ふたたび〇婆のすがたを認めたという者はなかった。
トムとメアリーとジョンは、運動場で〇ごっこをして遊んでいた。",鬼,"鬼:ghost;devil",Guess the hidden Kanji,Text
"家というものは、十分な新〇な空気はもちろんのこと十分な光を入れるように作られるべきである。
いらっしゃい。いらっしゃい。そこの姉さん、今日も新〇な魚が入ってるよ。おひとつどう？
私には見慣れた風景もトムには新〇だったようで、しきりに写真を撮っていました。",鮮,"鮮:fresh;vivid;clear;brilliant;Korea",Guess the hidden Kanji,Text
"私の孫は子猫を飼っています。その猫の毛並みは白と黒で瞳はグリーンがかっています。孫はその猫と遊ぶのが大好きで、ヴィヴィと呼んでいます。ヴィヴィは綺〇な猫で、私たちのペットです。
地域参加を呼びかけてもしょせんは美辞〇句、どのみち市役所はやりたいことを勝手にやるに決まっている。
「Tatoebaって私より綺〇なの？」「Tatoebaは女の子じゃないよ。ウェブサイトだよ」",麗,"麗:lovely;beautiful;graceful;resplendent",Guess the hidden Kanji,Text
"あなたがこれらの事をしたのを、わたしが〇っていたので、あなたはわたしを全く自分とひとしい者と思った。しかしわたしはあなたを責め、あなたの目の前にその罪をならべる。「詩篇５０：２１」
一つ忘れてならない大切なことは、あなたが同意できないことを言ったときアメリカ人は〇ったままでいることがある、ということである。
二人の職場へ、一人の少女が〇々として近づいて来た。 〇々として――といったのは、実は、その少女は唖なのだ。",黙,"黙:silence;become silent;stop speaking;leave as is",Guess the hidden Kanji,Text
"鉦や太〇で探しあてた割には、あいつ期待はずれだったよな。
愛も悲しみも入り乱れた胸の〇動が聞こえてくる。
生きている限り、心臓は〇動を決して止めない。",鼓,"鼓:drum;beat;rouse;muster",Guess the hidden Kanji,Text
"飛田課長が、太〇判を〇した企画書ならクライアントも一発ＯＫだろう。
トムを婿にもらうべきだと、メアリーの親に太〇判を〇しといたよ。
太〇判を〇してくれた。",鼓押,"押:push;stop;check;subdue;attach;seize;weight;shove;press;seal;do in spite of
鼓:drum;beat;rouse;muster",Guess the hidden Kanji,Text
"将校は部下を〇〇して勇気を出させた。
兵士たちはその歌に士気を〇〇された。",鼓舞,"舞:dance;flit;circle;wheel
鼓:drum;beat;rouse;muster",Guess the hidden Kanji,Text
"加〇臭は、年を重ねると出てくる中高年独特のにおいのことだ。世間で言う「おっさん臭い」や「おやじ臭」というのは、この加〇臭のことだ。
欧州を参考にしつつ、超高〇化社会への政策対応、「経済大国」から「生活大国」への転換を２１世紀に向けて日本はしていかねばならない。
「履歴書の年〇のところって、今の年〇を書けばいいの？それとも、卒業した時の年〇？」「『満』って書いてあるから、今の年〇よ」",齢,"齢:age",Guess the hidden Kanji,Text
"小さな子に手助けしてもらう時は、その子の年〇を考〇してやらねばなりませんよ。
君の年〇ならもっと思〇分別があってしかるべきだ。
あの子の年〇を考〇しないといけませんよ。",齢慮,"慮:prudence;thought;concern;consider;deliberate;fear
齢:age",Guess the hidden Kanji,Text
"自分の年〇の半分とさらに7〇足した年〇より下の相手とは絶対にお付き合いしないほうが良いという話を聞いたことがあります。トムは現在30〇で、メアリーは17〇です。トムとメアリーが付き合うようになるまで、あと何年かかるでしょうか？
成人年〇が１８〇に引き下げられた後も、成人式は今まで通り２０〇で行うという自治体が多いようです。
日本では、民法の改正により、２０２２年４月から成人年〇が１８〇に引き下げられます。",齢歳,"歳:year-end;age;occasion;opportunity
齢:age",Guess the hidden Kanji,Text