Question,Answer,Comment,Instruction,Render As
"量子力学系の観測可能量は、ハミルトン演算子と可換で〇つ直接には時刻に依存しない場合、運動の定数と呼ばれる。実際、その様な観測可能量の平均値はどの様な状態に於いても時間的に一定となるのである。
ハイゼンベルクの不確定性関係は、粒子の位置と運動量とを同時に〇つ厳密に測定出来ないという事を表す。",且,"且:moreover;also;furthermore",Guess the hidden Kanji,Text
"私の妻が、貧〇の最中、子供を産んで、寝ている時、私が、幾日か、飯菜を作って、その料理の種類の豊富さと味のよさとに、びっくりさせたものである。
皆さんは、皮膚がんになる危険性が大いにあり、体を弱りきらせ、食料の〇しい、動植物の減少した未来の世界を私たちにつくるつもりですか。
いろいろできるし、みんなから重宝されるのはいいけれど、気がついたら器用貧〇といわれないようにな。",乏,"乏:destitution;scarce;limited",Guess the hidden Kanji,Text
"「お前、見かけによらず変態だな」「変態じゃないし。私は清純派の〇女よ」「はいはい、よく言うよ」
彼女のしかめた顔は、他の〇女の微笑みより遥かに美しい。
ベェーだっ！〇女のことを嗤った罰よ！",乙,"乙:the latter;duplicate;strange;witty;fishhook radical (no. 5)",Guess the hidden Kanji,Text
"彼女は奴隷制終〇のちょうど一世代後に生まれました。時は道に車もなく、そらに飛行機もなく時代です。その時彼女のような人は二つの理由で投票できませんでした。つまり、彼女が女性であったことと彼女の肌の色からです。
セーブされたゲームは破損しているようで、利用できません。ゲームを終〇した後、セーブデータを消去してからやり直してください。
本日は8時で閉館です。カウンターの受付は7時50分で終〇しますので、図書の返却・貸出等の手続きはお早めにお願いします。",了,"了:complete;finish",Guess the hidden Kanji,Text
"「〇佐美先輩が、ヒロシくんが真田先輩とキスした～って泣き喚いていたので」「な、泣き喚いてないよ～」
あの〇弓って子、まだ１３歳だけど５つのときから子役として映画や舞台に出演。
毎月曜日にエバンスさんはすべての家族の服を〇鉛のお風呂で洗いました。",亜,"亜:Asia;rank next;come after;-ous",Guess the hidden Kanji,Text
"すべて人は、人種、皮膚の色、性、言語、宗教、政治上その他の意見、国民的若しくは社会的出身、財産、門地その他の地位又はこれに類するいかなる事由による差別をも受けることなく、この宣言に掲げるすべての権利と自由とを〇有することができる。
私は既に何度も結婚生活というものを経験したが、その中のどれ一つとして私が〇受すべき幸福を与えてくれるものではなかった。
われわれはお返しに何かを与えないで、それらのものを〇受することは当然できないのである。",享,"享:enjoy;receive;undergo;answer (phone);take;get;catch",Guess the hidden Kanji,Text
"一体、わが国の婦人は、外国婦人などと違い、子供を持つと、その精魂をその方にばかり傾けて、〇主というものに対しては、ただ義理的に操ばかりを守っていたらいいという考えのものが多い。
女房が映画に行きたがっていることがよくわかったので、いじわるな〇主は一計を案じ、くるあてもない来客を家で待つことにした。
あの夫婦は共かせぎしている。だが〇主の給料のほうが女房の給料よりも低い。〇主が女房の尻にしかれるのも当然だ。",亭,"亭:pavilion;restaurant;mansion;arbor;cottage;vaudeville;music hall;stage name",Guess the hidden Kanji,Text
"世捨て人となり〇人のように山中をさまよい自給自足で誰とも接触せず野垂れ死にをしない方法とは絶対ある。
雲〇はとてもすばらしいところなので多くの人々が訪れます。
私は東京に来るまでに１０年間〇台に住んでいました。",仙,"仙:hermit;wizard;cent",Guess the hidden Kanji,Text
"新型コロナウイルスの感染拡大防止のために、ライブイベントの自粛が相次ぐ中、あるエンタテインメント〇業は、エンタテインメントの力で少しでも楽しい時間を過ごしてもらえるようにと、所属アーティストのライブ映像コンテンツを期間限定で無料配信すると発表した。
〇業社会が彼女らの活躍の場をどう用意できるか、も大きな課題だが、一方でこれからの日本社会が必要とする創造性豊かな人材を、教育産業がどう育成し、提供していけるかも重要だ。
あなたは、公開〇業でも私〇業でもよいがイタリアの会社に務めていて、高いレベルの責任を負う管理職の地位にある女性を何人知っていますか？",企,"企:undertake;scheme;design;attempt;plan",Guess the hidden Kanji,Text
"もし「〇業内腐敗との闘い」についてのセミナーに出席したくないなら、２００フリヴニャ払いさえすれば修〇証が貰えるよ。
その〇画を完〇するため彼らは大変骨を折ったそうだ。",企了,"了:complete;finish
企:undertake;scheme;design;attempt;plan",Guess the hidden Kanji,Text
"花子は壁に顔を〇せ、数を数え始めました。「いーち、にー、さーん、しー、ごー、ろーく、ひーち、はーち、きゅー、じゅ。もういいかい？」「まぁだだよ」「もういいかい？」「もういいよ」それを聞いて花子は、数を数えている間に隠れた友達を、さがし始めました。
彼は電動タイプライターが欲しかったが、友人は彼を説き〇せてワープロを買わせた。
あの男を説き〇せようとするのは、オオカミに道理を説いて聞かせるようなものだ。",伏,"伏:prostrated;bend down;bow;cover;lay (pipes)",Guess the hidden Kanji,Text
"その熱帯林を農耕地や燃料にするために木を〇採したり焼いたりします。
マダガスカルの熱帯林の９０％以上が〇採されました。
彼は木の〇採をしている。",伐,"伐:fell;strike;attack;punish",Guess the hidden Kanji,Text
"実力が〇仲したチーム同士の対戦なので面白い試合になりそうだ。
大学を卒業したら何になるつもりかと私は〇父に聞かれた。
私の〇父は幸せな人生を送り、穏やかな死を迎えました。",伯,"伯:chief;count;earl;uncle;Brazil",Guess the hidden Kanji,Text
"私はある時、初めて知り合いになった画家に〇われて、深夜そのアトリエにはいったことがある。屋根裏の薄暗い部屋である。
私はある時、初めて識り合ひになつた画家に〇はれて、深夜そのアトリエにはひつたことがある。屋根裏の薄暗い部屋である。
台風の接近に〇い交通機関に影響が出始めておりますが、本日のミーティングは予定通り行われますでしょうか？",伴,"伴:consort;accompany;bring with;companion",Guess the hidden Kanji,Text
"信じる人々には次のような印が〇います。すなわち、私の名によって悪〇を追い出し、新しい言葉を語り、蛇をもつかみ、たとい毒を飲んでも決して害を受けず、また、病人に手を置けば病人は癒やされます。
信じる者には次のような印が〇う。彼らは私の名によって悪〇を追い出し、新しい言葉を語る。手で蛇をつかみ、また、毒を飲んでも決して害を受けず、病人に手を置けば治る。",伴霊,"伴:consort;accompany;bring with;companion
霊:spirits;soul",Guess the hidden Kanji,Text
"女性は沈黙させられ、女性の希望は否定されていた時代にあって、クーパーさんは生き続け、女性が立ち上がり、声を上げ、そしてついに投票権に手を〇ばすのを目撃したのです。Yes we can。私たちにはできるのです。
３人のうちの１人が芝刈り機で私の庭を大雑把にさっと刈り、もう一人が妻の庭の端の〇びた雑草をさっと２、３回刈り、残りの一人はトラックに上がってタバコをすっていた。
書く話すの力は〇びているのは実感してないが、読むのがキリッとシャープに切れる感じになって来たような気がしてる。",伸,"伸:expand;stretch;extend;lengthen;increase",Guess the hidden Kanji,Text
"青河氏は講談社児童文学新人賞〇作を受賞する。
〇子ががりがり勉強している。
才子多病、〇人薄命。",佳,"佳:excellent;beautiful;good;pleasing;skilled",Guess the hidden Kanji,Text
"武士はいざと云う時には飽食はしない。〇し又空腹で大切な事に取り掛かることも無い。
企業の顧問弁護士団は合〇手続きを完了するために、２４時間通しで働いています。
インスティテュートで、リデュースの話と〇せて、ルデュックの話も聞いた。",併,"併:join;get together;unite;collective",Guess the hidden Kanji,Text
"『うぐいす〇』人間愛とユーモア溢れる〇物語。
現代の日本に忍者や〇はいません。
太郎には〇の血が流れている。",侍,"侍:waiter;samurai;wait upon;serve",Guess the hidden Kanji,Text
"日本に駐留していた米軍人と日本人女性の間に生まれた子供のことを、〇蔑の意図を込めて、「あいのこ」と呼んでいました。
家では赤味がかった髪とそばかすのせいで、母が〇蔑を込めて「にんじん」と名付け、皆にもそう呼ばせています。
〇り難いぜ、地元の遊園地。カップルやら家族やら・・・見渡す限り人、人、人。",侮,"侮:scorn;despise;make light of;contempt",Guess the hidden Kanji,Text
"拗音（ゃ　ゅ　ょ）と〇音（っ）の出し方も、加えていただけると参考になるかもしれません。
学際的研究を〇進するのにカリキュラム改革が不可欠であることは明らかである。
日本は世界平和を〇進するのに重要な役割を演じているでしょう。",促,"促:stimulate;urge;press;demand;incite",Guess the hidden Kanji,Text
"〇夫くんはとても上手に英語を話すことが出来る。
私が不在の間は〇が私の仕事を引き継ぎます。
〇敏に反応する。",俊,"俊:sagacious;genius;excellence",Guess the hidden Kanji,Text
"「『ミーム』ってなぁに？『ムーミン』のこと？」「違うって。『ある情報がヒトからヒトへ模〇されながら人類の文化を形成していくもの』のこと」「何て？さっぱり分からない」
宮廷では、平安初期には中国文化の模〇一辺倒でしたが、平安中期には日本的な美意識に基づいた文化が花開きました。
特別な技能を必要とする分野を除けば、彼らは彼のスタイルをあらゆる点で模〇した。",倣,"倣:emulate;imitate",Guess the hidden Kanji,Text
"〇理の点から言うと、技術関連の大原則は「現在への責任」だが、「未来への責任」という新しい考え方が出てきた。
そうですね。下手にでてばかりもなんだし。かつ、〇理的ですね。
〇理の面で、たくさんの人々が遺伝子治療に反対している。",倫,"倫:ethics;companion",Guess the hidden Kanji,Text
"彼はかなり裕福だが〇約家だ。その点では父親に似てる。
生活費は高い、だから私たちは〇約しなければならない。
家の支払いのため僕らは〇約しなければならないだろう。",倹,"倹:frugal;economy;thrifty",Guess the hidden Kanji,Text
"〇頭痛がおこったときに対処するだけではなく、普段の生活のなかで、〇頭痛をなるべく防いでいくのも大事なことです。
不〇不党の精神で、などとかっこ付けているけど、結局のところ自分の意見を持っていないだけじゃないの。
あなたが立派な世界市民になろうとするのなら、〇見は持たないように努力すべきである。",偏,"偏:partial;side;left-side radical;inclining;biased",Guess the hidden Kanji,Text
"私立探〇たちがその変わった事件を調査するために雇われた。
有能な探〇がその悲劇の原因を調査する任務に当てられた。
彼はよく探〇小説を読んで何時間も座っていたものだ。",偵,"偵:spy",Guess the hidden Kanji,Text
"「今日さぁ、転校していった友達と〇然会ったんだ」「そうなんだ」「うん。そしたら、映画の話になってさ、『今度一緒に観に行こう！』って言われたんだけど、行ってきていい？」「まぁ、いいけど、その友達って、男の子なの？女の子なの？」「......」
きれいな黄昏の色である。生徒は、〇然のように Crépuscule という単語を思い出す。二、三度、口に出して呟いてみて、この空の色もこの言葉ほど美しくないと思うのである。
「ねぇこれ、美味しいと思わない？どうしてだと思う？」「〇然の産物だから」「ピンポン！二度とこの味は出せないわ」",偶,"偶:accidentally;even number;couple;man & wife;same kind",Guess the hidden Kanji,Text
"たった一つ点っていたその角の家の門灯が、突然消えたのには、何か意味がありそうだった。 　あるいは〇然かも知れない。が〇然にしても不〇な〇然だと思った。
渋谷駅で〇然〇行さんに会ってね。",偶吉,"吉:good luck;joy;congratulations
偶:accidentally;even number;couple;man & wife;same kind",Guess the hidden Kanji,Text
"私は列車の中で〇然彼に〇いました。
私たちは〇然彼女に〇った。",偶遭,"偶:accidentally;even number;couple;man & wife;same kind
遭:encounter;meet;party;association;interview;join",Guess the hidden Kanji,Text
"「見てみて。この一万円札、999999のゾロ目よ。すごくない？」「それは、〇札だよ」「えっ、どうして？」「日本のお札は、000001から900000までって決まってるからね」
イエスはナタナエルが自分の方に来るのを見て、彼について言われた「見よ、あの人こそ、ほんとうのイスラエル人である。その心には〇りがない」。
アリバイの〇装工作したところで、絶対どこかでボロが出るってわからないのかな。",偽,"偽:falsehood;lie;deceive;pretend;counterfeit;forgery",Guess the hidden Kanji,Text
"〇りの姿を愛されるくらいなら、〇われた方がましだ。
〇善は〇いだ。",偽嫌,"偽:falsehood;lie;deceive;pretend;counterfeit;forgery
嫌:dislike;detest;hate",Guess the hidden Kanji,Text
"現実面では、エメット理論の応用によっていくつかの〇出したデザインが生み出されている。
サルマン・ラシュディの『悪魔の詩』は、近代文学の〇作の一つと見なされている。
さすがは、王子様ですわね。きっとただならない〇物の素質をお持ちなのですわ。",傑,"傑:greatness;excellence",Guess the hidden Kanji,Text
"この折りたたみ〇、すごく軽くて小さいから持ち運ぶのにちょうどいいな。少し値段が高いけど買っちゃおうかな。
銀行家とは、日が照っている時に人に〇を貸し、雨が降り出した途端に返せと言ってくる連中である。
なんだか今にも雨がザーッと降り出しそうな天気だよ。〇を持って出かけた方がいいみたいだね。",傘,"傘:umbrella",Guess the hidden Kanji,Text
"ドイツでは今日、いくつかの都市で襲撃に反対する抗議行動が〇されましたが、その都市の中には、月曜日の放火による襲撃でトルコ人３人が殺害されたハンブルク近くの都市も含まれています。
多くの人々が首を長くして待っていたショッピング・フェスティバルが、今日開〇されます。このため治安部隊は、来場者の安全を守る対策が万全である事を確認しました。
初めて〇眠に入る人の場合、とても浅い〇眠状態から、覚醒してもらって、〇眠状態と普通に覚醒した状態とを比べてもらうことがよくあります。",催,"催:sponsor;hold (a meeting);give (a dinner)",Guess the hidden Kanji,Text
"〇〇がましくて恐縮ですが、先日お貸ししたお金を返していただけませんか。
まさかリアルに借金の〇〇だったの？
しびれを切らして借金の〇〇をした。",催促,"促:stimulate;urge;press;demand;incite
催:sponsor;hold (a meeting);give (a dinner)",Guess the hidden Kanji,Text
"長期信用銀行は資金を調達するために〇券発行することが法によって認可されるが、彼らは普通銀行がのような方法で預金を取ることができない。
第一次世界大戦後、イタリアは密約を結んだにもかかわらず、外国領土に対して〇権を全て行使することができなかった。
国〇収支危機が発生し、政府は経済にブレーキをかけることを余儀なくされた。",債,"債:bond;loan;debt",Guess the hidden Kanji,Text
"行政指導が広範囲に用いられることは、日本特有のやり方だと考えられている。これにより、官〇は民間に対して、ああしろ、こうしろ、ああするな、こうするな、という強い権限を法律の裏づけなしに行使することができる。
私と、同〇とが、山の崖っぷちに立っている小屋に等しい二間の家ーー二間と云っても、上り口と、その次と、六畳に二畳の家に住んでいた。食べるものは、芋、干魚、豆腐、寒い山の上なので、冬になると芋が凍っている。
そして、そういいながら、自分を誘惑した男、戯談のようにいい寄った夫の同〇の一人、手を握った会社の課長、酔って接吻をしようとした親族の男などを、くだけた鏡に写っている記憶のように、きらきらと、閃かせた。",僚,"僚:colleague;official;companion",Guess the hidden Kanji,Text
"私は同〇と一〇に海外旅行をしたい。
彼は同〇と一〇にその計画を作った。",僚緒,"僚:colleague;official;companion
緒:thong;beginning;inception;end;cord;strap;mental or emotional state",Guess the hidden Kanji,Text
"こういうと一部の人たちには、ピンとこないかもしれないが、私はサラリーマンのままでいるほうがいい。収支を〇わせることで、頭を悩ます必要がないからだ。
イラク戦争に費やした4560億ドルは、世界中の子供たちに一年間の無〇の教育を提供できる。
平和を勝ち取るために、これからどれだけの代〇を払わなければならぬか、予想もつかぬ。",償,"償:reparation;make up for;recompense;redeem",Guess the hidden Kanji,Text
"国債の〇〇は、国民の平均所得の減少を意味することになるでしょう。
ギリシャはもはや自分の国債を〇〇することができない。",償還,"還:send back;return
償:reparation;make up for;recompense;redeem",Guess the hidden Kanji,Text
"父は４語でそうしたことを〇分すぎるくらいやり遂げていたのであり、それによってシェイクスピアの引用はビジネスのアドバイザーが望み得る限りの効果性を得たのであった。
こうした引用は友人に込み入った内容の連絡を行うのに効果的であった。彼の時代では理解してもらえることを〇分に期待してそうした作家から引用できたからである。
特に約２０年前から、高福祉政策が経済的破綻につながったとされる北欧諸国が示すように、福祉の〇実と国際競争力維持の両立は困難なものであると言える。",充,"充:allot;fill",Guess the hidden Kanji,Text
"つまり、おそらく、初めに調査をした者や技術者には知られていなかった物理的な障害が出てきて、それを〇服するためにさまざまな変更が必要になる。
彼らの研究では患者たちがセラピーの期間中にこのシンドロームを〇服したかどうかが明確に述べられていない。
システム全体を抜本的に変えなければ、この欠点を〇服することは困難である。",克,"克:overcome;kindly;skillfully",Guess the hidden Kanji,Text
"「ゼミのプレゼン、トップ合格したよ」「ぶっつけ本番でやったやつ？」「うん。なんかね、内容が具体的だったんだって。よかった。留年〇れた」「よかった。いらん授業料、払わずにすんだ」
「そういえば、車の〇許取りに行くって言ってたよね？取れた？」「取れた。取れた。仮〇3回落ちたけど、なんとかね」
彼らは秘密に投票し、公職をめざしてもよいし、また不適切な行為をする公職老の〇職を要求してもよい。",免,"免:excuse;dismissal",Guess the hidden Kanji,Text
"〇談だ。仮に本気だとしてもそういうことにして置かないと「本気でこんなものか」と思われてしまうだろう。「そうやって本気のフィールドで勝負することを逃げ続けていればいいさ」そんなツッコミが聞こえた気がした。
「アイス買ったんだけど、食べたい？」「何アイス？」「えっとねぇ、ココナッツ・チョコかラムレーズン」「じゃぁ、俺、ココナッツ・チョコで」「毎度あり、250円ね」「は？」「〇談よ。どうぞ」
事実、パスポートの写真については、次のような〇談話がある。—本当にパスポートの写真のような顔をしていれば、明らかに休暇が必要だ、というものである。",冗,"冗:superfluous;uselessness",Guess the hidden Kanji,Text
"我々は教授のお決まりの〇談には〇き〇きしている。
彼の〇談にはもう〇き〇きしている。
あいつの〇談には〇き〇きした。",冗飽,"冗:superfluous;uselessness
飽:sated;tired of;bored;satiate",Guess the hidden Kanji,Text
"「『ひまり』って、どんな字書くの？」「えっとね、太陽の『陽』に『万』。一万、二万のね。『莉』は草〇に『利』」「草〇に『り』？」「のぎへんにりっとう」「ああっ！ジャスミンの！」「ジャスミン？」「なんでもない。気にしないで」
力、英知、忍耐と革新。あなたはこれら全てを持っているのだろうか？その王〇を手にしようとする汝はその重みに耐えることとなる。
いつも男の子は、彼女のところで、彼女の葉っぱで、王〇を作って森の王様ごっこをしてあそんだ。",冠,"冠:crown;best;peerless",Guess the hidden Kanji,Text
"仮にも世界のリーダーを気取ってるくらいなら、京都議定書ぐらい批〇してほしい。
ヘレブラント博士はそのすぐれた大学の〇教授である。",准,"准:quasi-;semi-;associate",Guess the hidden Kanji,Text
"私と、同僚とが、山の崖っぷちに立っている小屋に等しい二間の家ーー二間と云っても、上り口と、その次と、六畳に二畳の家に住んでいた。食べるものは、芋、干魚、豆腐、寒い山の上なので、冬になると芋が〇っている。
〇死しそうな乞食が手当てのため、病院に運び込まれた。だが、その乞食は治療費を清算するような金は一文も、もってなかった。
ペットボトルのジュースをカチンカチンに〇らせてきたんだよ。これでお昼には冷たいジュースが山頂で飲めるって段取りさ。",凍,"凍:frozen;congeal;refrigerate",Guess the hidden Kanji,Text
"車が〇てついた路面を〇った時は「ひやっ」とした。
冬は道路が〇結するので、よく〇って転びます。
〇った斜面を〇り降りる時そりは加速した。",凍滑,"滑:slippery;slide;slip;fail exam
凍:frozen;congeal;refrigerate",Guess the hidden Kanji,Text
"彼はテニスに〇っているが、彼の兄はフットボールと野球にもっと〇っている。
彼女は大勢の少年たちに〇視されているのを意識していたと思う。
一日中パソコンに向かってると、肩が〇ってしょうがない。",凝,"凝:congeal;freeze;stiff;be absorbed in",Guess the hidden Kanji,Text
"あの長剣は〇った〇刻のしてある鞘に収まった。
〇った〇刻のしてある鞘に収まった長剣。",凝彫,"彫:carve;engrave;chisel
凝:congeal;freeze;stiff;be absorbed in",Guess the hidden Kanji,Text
"ひたすらに法隆寺へと憧れる私の心を乗せて、乗合自動車は〇〇の道をかなり快く走った。
この道路は未舗装で〇〇している。",凸凹,"凹:concave;hollow;sunken
凸:convex;beetle brow;uneven",Guess the hidden Kanji,Text
"いくつになったら、オレは、何かに傷ついたり、〇んだり、あがいたりしなくなるんだ。
お友達ブロガーさんがブログ閉鎖を決心されて〇み気味です。
車、〇んでるよ。",凹,"凹:concave;hollow;sunken",Guess the hidden Kanji,Text
"〇にぎざぎざが付いているので、このナイフはパンのようなものを切り分けるのに最適だ。
鋭い舌は絶えず用いることによって、ますます鋭利になる片〇の道具である。
長年愛用してきた包丁の〇が欠けてしまった。",刃,"刃:blade;sword;edge",Guess the hidden Kanji,Text
"アメリカでは、犯罪人を収容する〇務所のための場所以上に犯罪人がいるのでいつも〇務所は定員オーバーの状態である。
革命政府は、民衆から兵をつのって防戦するとともに、共和政治を確立して、捕らえていたルイ１６世を処〇しました。
裁判官はその未決囚の行動に対する嫌悪の念をためらうことなくあからさまにして、できるだけ過酷な〇を下した。",刑,"刑:punish;penalty;sentence;punishment",Guess the hidden Kanji,Text
"この例文は、書き方のサンプルなので必要に応じて内容を追加〇除をしてからお使いください。
丁寧に添〇してくださってありがとうございます。自分の間違いがとてもよく分かりました。
ペンしか使わないんだけど、なんとなくリュックの中にはまだ鉛筆〇りをいれてます。",削,"削:plane;sharpen;whittle;pare;shave",Guess the hidden Kanji,Text
"もっとも重要なことは、脳にはこれらの解〇学的組織を結合する全体的な再入経路が必要である。
好きになった人のことをもっとよく知りたくなったら，監禁して解〇してみるしか無いんですよ。
私たちは内臓器官を調べるためにカエルを解〇した。",剖,"剖:divide",Guess the hidden Kanji,Text
"見た目には優しそうだけど、彼って皆から外柔内〇の結構なタフネゴシエータと言われているよ。
ホイールに〇性があると、・・・の安定性は増す。
彼女は１０マイル競争を走るほど〇健だった。",剛,"剛:sturdy;strength",Guess the hidden Kanji,Text
"その問題の根本原因は、現代の世界において、賢明な人々が猜疑心に満ちている一方で、愚かな人々が自信過〇であるということである。
誰もが賛辞を耳にするのは好きであるが、過〇な賛辞は誠実さを感じさせないという逆の効果をもつ。
人に過〇なまでの対抗心を燃やすのは、結局自分の身を滅ぼすことに繋がります。",剰,"剰:surplus;besides",Guess the hidden Kanji,Text
"あなたの激〇がなかったら、この計画は諦めていたでしょうね。
ウオーッ、みんなの〇ましをもらって俄然やる気が出てきたぞ！
たくさんの人々が私に野望を実現させるように〇ましてくれた。",励,"励:encourage;be diligent;inspire",Guess the hidden Kanji,Text
"「トムさんて、背が高くて逞しいのね。こっちにきてキスしてくださらない？」「すんません、〇弁してください。自分、結婚してるんで」
男はにやりと笑うと、〇定を払った。そしてコップに残っているビールを、立ったまま、ぐいと飲みほした。
他国の人には、少し理解しづらい日本語かもしれません。トムさんも最初は〇違いしてたし。",勘,"勘:intuition;perception;check;compare;sixth sense",Guess the hidden Kanji,Text
"似たところでは、〇金活動に従事する学生が自らで稼いだ金を殆ど〇金しようとしないことが挙げられる。
フランス人と文通するかも。俺が〇集をかけてひとりから反応があってそれに返事したところ。
１２歳から１８歳にわたるたくさんの少年少女たちがそのコンテストに応〇した。",募,"募:recruit;campaign;gather (contributions);enlist;grow violent",Guess the hidden Kanji,Text
"将軍は勇者に「君は〇章に値する」と言った。
その勇敢な行為で彼は〇章を貰った。
〇さんが来てくれて本当に嬉しいわ。",勲,"勲:meritorious deed;merit",Guess the hidden Kanji,Text
"仏心宗と呼ばれるのは、禅宗が文字や経典をたよらずに、仏の心を師〇から弟子へと直接伝えていくことを根本宗旨としているからです。
この美術館はオランダの巨〇が描いた作品がたくさんある。
この包丁・・・有名な刀〇が作ったものなんです。",匠,"匠:artisan;workman;carpenter",Guess the hidden Kanji,Text
"〇名の情報源はいくつかの、おそらく誤っている文書もメディアに配布した。
〇名でも、詳細な情報を書いて頂いても、どちらでも結構です。
〇名だからといって、何やってもいいわけじゃないよ。",匿,"匿:hide;shelter;shield",Guess the hidden Kanji,Text
"トムは辞書で見つけた〇猥な例文をノートに写して暗記している。
君はそのような〇劣な行いなど出来るような人ではないはずだ。
彼を好きな人がいないのは当然だ。本当に〇劣な奴だから。",卑,"卑:lowly;base;vile;vulgar;despise",Guess the hidden Kanji,Text
"「今日ね、久しぶりに海藻を食べてみたんだけど、美味しかった」「日本ではよく食〇にあがるんだけど、アメリカではあまりあがらないの？」「普通の家ではよく出てるみたいだよ。でも、僕んちではあまり出てこないよ」
フォークは裕福な人々の食〇に入ってきたが、イギリスのエリザベス１世やフランスのルイ１４世など、王家の人たちの多くは指で食事をしていた。
もしかして、食〇の上に置きっぱなし？冷蔵庫に入れておかないと、腐っちゃうよ。",卓,"卓:eminent;table;desk;high",Guess the hidden Kanji,Text
"いく層もの〇業者の存在が特色である日本の流通機構は、複雑でコストもかかる。
〇売り業者は取引から手を引こうとするかもしれません。
今朝、山羽さんが〇で胡桃を３０キロ買いました。",卸,"卸:wholesale",Guess the hidden Kanji,Text
"花粉よりも小さな黄砂をマスクでどれだけ防ぐことが出来るのか？花粉よりもずっと〇介者のように思います。
さらに〇介なことに、彼は近所の人に迷惑をかけていることにさえ気づいていない。
裏切り者の素性を追ってみれば、その裏切り者が家族の〇介者だとわかるでしょう。",厄,"厄:unlucky;misfortune;bad luck;disaster",Guess the hidden Kanji,Text
"彼の打率は３割４分３〇で、ホームランは５４本であった。
銭〇を大切にすれば大金はおのずとたまる。",厘,"厘:rin;1/10 sen;1/10 bu",Guess the hidden Kanji,Text
"この恋の莟は皐月の風に育てられて、〇逢うまでには美しゅう咲くであろう。
この大分類には、金融業〇は保険業を営む事業所が分類される。
この情報は〇聞きで知ったので、間違っているかもしれません。",又,"又:or again;furthermore;on the other hand",Guess the hidden Kanji,Text
"「トムとジョンって一卵性〇生児とは聞いてたけど、本当によく似てるよね？」「似てる似てる。親にも時々間違えられるって言ってたよ。あの二人はほんと、已己巳己だよ」
運命の人に会えたとしても，幸せになれるとは限らない。彼なんて結婚して子供は〇子が生まれてバラ色の人生かと思った矢先に家族がみんな夜盗に殺された。
しかしながら、このストライキは平和的ではなく、マーテイン・ルーサー・キング・ジュニア牧師は労使〇方に忍耐と平静さを求めた。",双,"双:pair;set;comparison;counter for pairs",Guess the hidden Kanji,Text
"彼がパブロと結婚するつもりだと公に宣言したとき、彼の祖母は心臓が止まりそうになったし、彼の〇母は目玉が飛び出してしまいそうだった。でも彼の妹は鼻高々だった。
あなたの〇母さんのくれた有難迷惑なあのプレゼントだけど、どうしたものかしらね。みっともなくてとても壁にはかけられないし。
私の〇父さんの農場の七面鳥たちは非常にやかましい。誰かにさっさと食べられたらいいのにと心底願っています。",叔,"叔:uncle;youth",Guess the hidden Kanji,Text
"私の〇母は生〇健康に恵まれた。
〇母は幸せな生〇を送った。",叔涯,"叔:uncle;youth
涯:horizon;shore;limit;bound",Guess the hidden Kanji,Text
"不定詞の形容詞的用法には２種類あり、①限定用法、②〇述用法。②はもちろん主格補語です。
彼の自〇伝が今日発売され、午前中に完売した。
私は〇事詩よりも〇情詩の方が好きだ。",叙,"叙:confer;relate;narrate;describe",Guess the hidden Kanji,Text
"長〇は同じようなその冬の今年と去年、去年とその前年、それからそれと幾年も溯って何心なく考えて見ると、人は成長するに従っていかに幸福を失って行くものかを明かに経験した。
僕が昼飯を喰っている時、〇弥は僕のところへやって来て、飯の給仕をしてくれながら太い指にきらめいている宝石入りの指輪を嬉しそうにいじくっていた。
ひとの声に似た不気味な鳴き声、漆黒の羽、死肉を啄む姿などから、鴉は不幸に舞い降りる不〇な鳥として世界に知られています。",吉,"吉:good luck;joy;congratulations",Guess the hidden Kanji,Text
"理論をより詳しく〇味する前に、いくつかの指摘をしておきたい。
うちは、安手の居酒屋じゃないんですからね、放歌高〇はお断り。
社の弁護士に暫定合意の内容を〇味してもらおう。",吟,"吟:versify;singing;recital",Guess the hidden Kanji,Text
"アメリカでは、すべてが可能であることを疑い、我々の開拓者の頃の夢が現代に生きているかを怪しみ、民主主義の力に疑問を〇する人がまだいるなら、今夜がその答えだ。
昔気質な祖父が近ごろの女子の服装について苦言を〇しています。
ウイルス学の専門家が政府の感染予防対策に対して苦言を〇した。",呈,"呈:display;offer;present;send;exhibit",Guess the hidden Kanji,Text
"ドジャースとジャイアンツが〇越同舟でやってきた。
山羽さんが乞食に胡桃を〇れてやりました。",呉,"呉:give;do something for;kingdom of Wu",Guess the hidden Kanji,Text
"「トム、腹が鳴ってるぞ」「うん、わかってるよ。一日ずっと、何も口にしてないんだ」「〇れな奴め！」
この雪の降る中に坐っているのは可〇そうだったから、小銭を投げてやって来た。
「愛と〇しみの果て」は俗受けしたけど何といっても映像のきれいな映画だった。",哀,"哀:pathetic;grief;sorrow;pathos;pity;sympathize",Guess the hidden Kanji,Text
"「大学では何勉強してるの？」「〇学」「〇学？ そんなの勉強して何の役に立つの？」「役に立たないことの大切さを学べるんだよ」
ヘーゲルの弁証法の秘密は究極的に次のポイントにだけ存在する；神学を経て〇学を否定するために〇学を経て、神学を否定します。
ラッセルは、ずば抜けた〇学者であったが、日常的なことは、ごく単純なことさえ全然出来なかった。",哲,"哲:philosophy;clear",Guess the hidden Kanji,Text
"その著名な〇学者に敬意を表して、巨大な石〇が建てられた。
その著名な〇学者に敬意を表して記念〇が建てられた。",哲碑,"碑:tombstone;monument
哲:philosophy;clear",Guess the hidden Kanji,Text
"「今、行動を起こせ」という、それが伝える実際的な意味に加えて、即座の行動がなぜ重要であるかという多くの理由をも、言外に示〇していたのであった。
アントレの書物の事実誤認の数は、アベルが示〇した数よりも相当に少ない。
彼は私の示〇に単に肩をすくめて無視した。",唆,"唆:tempt;seduce;instigate;promote",Guess the hidden Kanji,Text
"「ちょっと目つぶってて」とトムが囁いた。メアリーが目をつぶると、トムはメアリーの〇にそっとキスをした。
ゴリラは話すのに〇や舌を使うことができないが、別の方法で人々とコミュニケーションができるのである。
「〇が切れてるけど、どうしたの？」「弟とふざけ合ってたらさぁ、口蹴られちゃったんだ」",唇,"唇:lips",Guess the hidden Kanji,Text
"〇一、人生に意味を与えてくれるような芸術作品の中に美しい人生と言うものも含めて考える事によって、私は後にこの途方もない考えを修正したのだが、それでも私が尊重していたのはやはり美であった。
長年の間、私は美だけが人生に意義を与えてくれるものであり、このごみごみした地上で次々と引き継がれる世代に課せられる〇一の目的とは、時々芸術家を生み出すことだと思っていた。
そして、とりわ、この国の再建に加わるように尋ねよう、221年間アメリカにおいて行われたきた〇一の方法-硬くなった手で一つずつブロックを積み上げ、レンガを積み上げるように。",唯,"唯:solely;only;merely;simply",Guess the hidden Kanji,Text
"〇介さんは、このお屋敷で、ずっとお勉強しているんです。いわゆるホームスクーリングという形ですね。
憤せずんば〇せず。非せずんば発せず。一隅を挙げて三隅を以って反らざれば、則ち復せざるなり。
というわけで、人材を〇発するためのセンターが日本に作られるべきであろう。",啓,"啓:disclose;open;say",Guess the hidden Kanji,Text
"恐〇のその犠牲者は、ここ何年間というもの口止め料を払ってきた。だが、今では、それは愚かなことだと悟り、もうびた一文払わないことに決めた。
友人がトロフィーを手渡されたとき、私は〇采せずにはいられなかった。
早稲田大学における彼の最後の講義は、万雷の拍手〇采を浴びた。",喝,"喝:hoarse;scold",Guess the hidden Kanji,Text
"ただ、一さいは過ぎて行きます。自分がいままで阿鼻叫〇で生きて来た所謂「人間」の世界に於いて、たった一つ、真理らしく思われたのは、それだけでした。
だから我々は新しい愛国心とを〇起して、我々一人ひとりが援助して、一生懸命働き、我々自身ではなく互いに面倒を見る決心する責任を呼び起こそう。
「亜佐美先輩が、ヒロシくんが真田先輩とキスした～って泣き〇いていたので」「な、泣き〇いてないよ～」",喚,"喚:yell;cry;call;scream;summon",Guess the hidden Kanji,Text
"彼の記憶〇失は物理的な記憶障害というよりは心理的な障害である。
最近は何をやっても旨く行かないから、自信〇失だよ。
戦意を〇失させるのが勝利への近道。",喪,"喪:miss;mourning",Guess the hidden Kanji,Text
"〇煙者は、他の皆と同様に、自分達の趣味の欠点に気づいてはいるのだが、２つの理由から、そうしたことを知っていても何とか気にしないようにしているのである。
〇煙による短期的な影響には、体調が悪いこと、ぜいぜい息をすること、病気に対する抵抗力の全般的な低下、口臭、肌荒れなどが含まれる。
第２に、〇煙者は、いずれにせよ〇煙は自分ではまったくどうにもならないと信じ込んでいるのである。",喫,"喫:consume;eat;drink;smoke;receive (a blow)",Guess the hidden Kanji,Text
"公共の場で〇煙は〇えてください。
〇煙をお〇え下さい。",喫控,"喫:consume;eat;drink;smoke;receive (a blow)
控:withdraw;draw in;hold back;refrain from;be moderate",Guess the hidden Kanji,Text
"あれはただの威〇射撃だったんです。
私は彼の威〇をぜんぜん怖くない。",嚇,"嚇:menacing;dignity;majesty;threaten",Guess the hidden Kanji,Text
"国際アムネスティは、政治〇への支援として一般市民による抗議活動を組織することがしばしばある。
ここから逃げたって同じ、死刑〇はどこにも居るし誰もが犠牲者。
その〇人が有罪であることは、否定することができない。",囚,"囚:captured;criminal;arrest;catch",Guess the hidden Kanji,Text
"システィナ礼拝堂は、１４７３年にバティカン宮殿内に建立された〇大な礼拝堂です。
気宇〇大な計画もいいけれど、まずは自分の足元を固めることから始めてほしいよ。
この〇大な大聖堂の建立は中世にまでさかのぼる。",壮,"壮:robust;manhood;prosperity",Guess the hidden Kanji,Text
"スレートの小道では芝は刈り残されており、雑草も残っており、道路のそばの生け〇の外側の芝は刈っていないことが多かった。
言葉ではうまく表現できないけど、日本とアメリカの文化や生活スタイルの違いを〇間見た気がした。
折角なお天気な日なので、今日は〇を塗り替えた方がいいと思います。",垣,"垣:hedge;fence;wall",Guess the hidden Kanji,Text
"しかしね、他の人は知らないけれど俺の場合、時間があったらあっただけやりたいことで〇まってしまう。必要も欲求も感じないことをやるひまはないな。
ツイッターを始める前は一日中日記を書いていた。朝から晩まで日記帳を触っていたから、十数ページ〇めた頃にはボロボロになっていた。
あなたがメールの山に〇もれているのは知っていますが、私が先週送ったメールの返事をお願いできませんでしょうか。",埋,"埋:bury;be filled up;embedded",Guess the hidden Kanji,Text
"損失の〇め合わせをするためには何でもする覚〇でおります。
私は日本に骨を〇める覚〇でやってきた。",埋悟,"悟:enlightenment;perceive;discern;realize;understand
埋:bury;be filled up;embedded",Guess the hidden Kanji,Text
"彼女の遺体は公共の集団墓に〇〇され、彼女の所持品は焼かれました。
彼女の級友達は３５６羽の鶴を折り、千羽が彼女と一緒に〇〇された。
その聖者が〇〇されている聖堂を多くの人々が訪れた。",埋葬,"埋:bury;be filled up;embedded
葬:interment;bury;shelve",Guess the hidden Kanji,Text
"体育の日は10月の第2月曜日です。スポーツに親しみ、健康な心身を〇うための日です。
組織〇養の視点からは、この実験の環境はもっと厳密に規定されるべきである。
友情を〇うのにスポーツは効果的だ。",培,"培:cultivate;foster",Guess the hidden Kanji,Text
"彼は私が出会った〇落した人たちの中でもっともひどい人の１人だ。
たいてい本当に〇落した感じだね。
妻が〇落するのは夫が悪いのだ。",堕,"堕:degenerate;descend to;lapse into",Guess the hidden Kanji,Text
"うちの息子ね、ナメクジが大好きなの。彼曰く、ナメクジのねばねば、ぬるぬるが〇らないんだって。
自由は山巓の空気に似ている。どちらも弱い者には〇えることは出来ない。
散歩をしながら、トムは鮮やかな赤とオレンジ色の紅葉を〇能しました。",堪,"堪:withstand;endure;support;resist",Guess the hidden Kanji,Text
"ハンプダンプティは〇の上；ハンプダンプティは落っこった；王様の馬と王様の家来を連れてくる；ハンプダンプティを元通りにできなかった。
その頃は自転車の流行り出した始めで、下手な素人がそこでも此処でも人を轢いたり、〇を突き破ったりした。
彼はきたない通りにある高い〇の中の古い学校について話してくれました。",塀,"塀:fence;wall;(kokuji)",Guess the hidden Kanji,Text
"９回裏でツーアウト満〇だよ。ここで逆転サヨナラホームランが出ればいいんだけど。
バッターのイチローは、目の覚めるような２〇打を打った。
彼も、初球を本〇打して、劇的なサヨナラ勝ちを収めた。",塁,"塁:bases;fort;rampart;walls;base(ball)",Guess the hidden Kanji,Text
"高松〇古墳は、奈良県明日香村に存在する古墳。
手〇治虫の本を１週間くらい貸してくれますか。
宝〇でショーを見物しましたか。",塚,"塚:hillock;mound",Guess the hidden Kanji,Text
"ただの本なら、宇宙警察がでしゃばりはしないわ、問題はこれがオーバーテクノロジーの〇だってこと。
銀河系は、お互いの重力によって引きつけ合っている星や塵そしてガスの〇です。
その液から溶剤を揮発させる。残るのは、香り成分と植物ワックスの〇。",塊,"塊:clod;lump;chunk;clot;mass",Guess the hidden Kanji,Text
"一人物と馬丁が騎馬で一月一日に牛小屋に至たりました。 だから数奇屋のなかで、可〇物の大口が一つだけあります。
彼は柔らかい粘土で小さな〇像を作った。",塑,"塑:model;molding",Guess the hidden Kanji,Text
"日焼け止めを〇りたくないならそれは君の問題だからいいけれど、でも日焼けしたからって僕に不満を言うのは止めてくれよ。
そのアパートは古くなっていってる。外観を刷新するために私たちはどうして〇りなおしたりしないのだ？
トムはフェンスのペンキ〇りの最中、シャツにペンキをつけてしまった。",塗,"塗:paint;plaster;daub;smear;coating",Guess the hidden Kanji,Text
"テスト前にわざわざ自習に来る気持ちがわからなかったが、家にいても勉強しろとうるさく言われ、部屋に入って来られたりして鬱陶しいので、〇に来て自分のペースでのんびり勉強したいという感じらしい。
「トムって中学受験するんだってね。どこの〇にいってるの」「市内の〇に行ってるよ」「どうやって行くの？送り迎えしてるの？」「ううん。いつも自分で帰ってくるよ」
「山田くん、こんなところで何してるの？」「バイトだよ」「〇のバイトもしてるんだよね？それなのに居酒屋のバイトもしてるの？」「助っ人として時々ね」",塾,"塾:cram school;private school",Guess the hidden Kanji,Text
"序に、日本でシュークリームと呼んでいる菓子は、英国へ行ってもフランスへ行ってもその名前では通用しない。イギリスでシュークリームを持って来いといったら、靴〇を持って来たというおとしばなしもできているくらいだ。
室町時代には禅宗寺院の枠を越えて水〇画が展開し、日本に定着します。
イカ〇を初めて料理に使った人は何を思ってそんなことしたんだろう。",墨,"墨:black ink;India ink;ink stick;Mexico",Guess the hidden Kanji,Text
"ボーイング社の安全担当の専門家は航空産業の他の専門家と一緒になって制御飛行中の〇落（ＣＦＩＴ）として知られている〇落事故をなくそうと国際的な対策委員会を組織している。
過去６年間でＣＦＩＴは〇落事故の３分の１を若干越えるくらいの割合を占めているが、死亡件数の５３％の原因となっている。
現在の飛行機〇落は２週間ごとにほぼ１件の割合で、あらゆる重大事故があらゆるタイプの輸送用ジェット機に起こっている。",墜,"墜:crash;fall (down)",Guess the hidden Kanji,Text
"直径23m(下段)及び18m(上段)、高さ5ｍの二段式の円〇である。
中国でも戦国時代の〇墓からガラスが出土している。
高松塚古〇は、奈良県明日香村に存在する古〇。",墳,"墳:tomb;mound",Guess the hidden Kanji,Text
"「大切な人が笑っている写真が祭〇や仏〇に飾られていれば、手を合わせたときに故人の声が聞こえてくると思うんです」と彼は話す。
文〇の大家ともあろう人が、まさか金銭トラブルを起こして晩節を汚すことになろうとは思いもよらなかった。
この運動は、フェミニストたちが女性問題について論じるための話の広場ないし演〇のようなものである。",壇,"壇:podium;stage;rostrum;terrace",Guess the hidden Kanji,Text
"農業は穀物を育てるための土〇の耕作と定義される。
良い収穫を得る為には、肥沃な土〇が不可欠だ。
この土〇では何も育たないように思われる。",壌,"壌:lot;earth;soil",Guess the hidden Kanji,Text
"その社会〇仕家はスチブンソン家に関する情報をあくまでも追跡するよう求められた。
私の兄は、未婚なので、所帯を持たず、〇公人と一緒によその家で食事をしていた。
科学技術は人類に〇仕しなければ、それ自体では無意味である。",奉,"奉:observance;offer;present;dedicate",Guess the hidden Kanji,Text
"自由〇放に生きることを目標にしているんですが、あまりできていません。
さすが、お嬢様。自由〇放な生活をしていたわけじゃないんだ。
日本人からが、アメリカ人は不安定で、自由〇放に見える。",奔,"奔:run;bustle",Guess the hidden Kanji,Text
"会場に着くと早速担当者に「この絵は将来必ず値が上がる」などとしつこく言われ、〇約書にサインしてしまった。
彼らが最終〇約について協議している際、ある裏工作が進んでいた。賄賂が渡されたのだ。
その政治家は平然と賄賂を受け取り、全ての〇約の５％が濡れ手に粟で彼の懐に入った。",契,"契:pledge;promise;vow",Guess the hidden Kanji,Text
"私達は地震によって〇約の破〇を余儀なくされた。
〇約は破〇されたものとみなします。
女優は怒って〇約を破〇した。",契棄,"棄:abandon;throw away;discard;resign;reject;sacrifice
契:pledge;promise;vow",Guess the hidden Kanji,Text
"誰かが、この〇約書をフランス語に〇訳する必要があります。
その〇約書をフランス語に〇訳しました。",契翻,"翻:flip;turn over;wave;flutter;change (mind)
契:pledge;promise;vow",Guess the hidden Kanji,Text
"景気の減退が始まると、短期〇約社員達は次々に一時解〇を言い渡された。
短期〇約社員達は予告なしに解〇された。",契雇,"契:pledge;promise;vow
雇:employ;hire",Guess the hidden Kanji,Text
"ローマ皇帝コンスタンティヌス帝は西暦313年以来、キリスト教を〇励した。
あの〇学金がもらえなかったら、今でもあたふたしていたかもね。
学問は強いられるべきではない。学問は〇励されるべきだ。",奨,"奨:exhort;urge;encourage",Guess the hidden Kanji,Text
"私達の平和で幸せに満ちた日々を、一瞬で〇い去るこのテロリズムという行為は、まさに全人類にとっての敵と言えるでしょう。
豪雨災害で多数の命が〇われた要因の一つとして、行政が避難勧告の発令に踏み切れず先送りしたことが指摘されている。
世継ぎのいない王は発狂し、一族は毒に倒れた今、将軍が王座を〇うチャンスがついにやって来た。",奪,"奪:rob;take by force;snatch away;dispossess;plunder;usurp",Guess the hidden Kanji,Text
"中学校の時に、あるセラピストの女性の方と話した後、すごく話が弾んだから突〇「これは脈あり」って思って、キスしようとしたんだ。そしたら「やめなさい」って怒られた。その後、次の授業に向かいながら、すごく恥ずかしくなった。
我らの頭上に荒れ狂う砂と剣の煌きは、まるで夜空に降り注ぐ流星の〇し。
その像は本当に素晴らしい。まるで生きているかの〇く、我々を見ている。",如,"如:likeness;like;such as;as if;better;best;equal",Guess the hidden Kanji,Text
"楊貴〇は、花も恥じらうほどの美貌の持ち主だったと言われています。
イギリスのキャサリン〇が男の子を出産した。
宮殿には国王と王〇が住んでいる。",妃,"妃:queen;princess",Guess the hidden Kanji,Text
"誇大〇想狂というのはナルシストと違って、魅力的というよりも力強くありたいと願っており、愛されるよりも恐れられる存在になりたいと考えている。このタイプには多くの狂人と、歴史的偉人のほとんどが属している。
真理は真理です、真理に逆らって悪意に隠しても、そうする企みが白昼夢をみると同じ、　ただ〇想に過ぎないです 。
小さいころは、自分が死ねば世界は消えると思っていた。幼稚な〇想！自分はいないのに世界が続くのは許せなかった。",妄,"妄:delusion;unnecessarily;without authority;reckless",Guess the hidden Kanji,Text
"安全日だからといって、サルのように生ではしません。しっかり避〇するのが愛のセックスの義務ではないでしょうか？
そのワンピース、よく似合ってるけど、なんだか〇婦さんみたいだよ。あ、いや、体型じゃなくて、その、デザインが。
日本ではリング状のものが早くから普及したため「避〇リング」と呼ばれることも多い。",妊,"妊:pregnancy",Guess the hidden Kanji,Text
"いつものコーヒーショップでコーヒーを飲んでいると、トムが血相を変えてやってきた。何事かと思いきや、どうやら、まだ結婚していない最愛の娘メアリーが、〇〇したと言うのだ。トムはかなり取り乱しているようだった。
下北沢で買った高校生の女の子をうっかり〇〇させてしまったが，そもそも売春をしているような奴の方に非があるんだよね。
ただし、安全日だからって、中出ししても〇〇しないというわけではないらしいです。",妊娠,"娠:with child;pregnancy
妊:pregnancy",Guess the hidden Kanji,Text
"女性ホルモン分泌の乱れが不〇〇の大きな原因です。
不〇〇です。",妊症,"症:symptoms;illness
妊:pregnancy",Guess the hidden Kanji,Text
"我々の至上命題はこの紛争にすっぱりと終止符を打つことであって、そのために〇協点を探ることも辞さない。
我々の最優先事項はこの論争にきっぱりと決着を付ける事だ。そのためには相手側との〇協も覚悟している。
エメット理論の〇当性について再検討する必要があることを指摘しなければならない。",妥,"妥:gentle;peace;depravity",Guess the hidden Kanji,Text
"日本語のむずかしさが、一握りの外国人を除いてすべての外国人が、原語で日本文学に近づくのを〇げている。
何かをせざるをえないという場合、それを〇げたり避けたりできないという意味である。
テレビはしばしば家庭内の意思の疎通を〇げるという事実はすでによく知られている。",妨,"妨:disturb;prevent;hamper;obstruct",Guess the hidden Kanji,Text
"お〇様ごっこをしていた娘は私のスカートをドレスのように身にまとい、ずるずる引きずりながらこっちに向かって歩いてきた。
自分がどの求婚者と結婚したいかわからず、ある者を挙げたりまたある者を挙げたりしてお〇様は迷っていた。
赤坂あたりのホテルにステイして、おいしい食事ができれば、さぞかしお〇様気分だろうな。",姫,"姫:princess",Guess the hidden Kanji,Text
"配偶者を殺すのは、婚〇関係を終わらせる一つの方法です。ただし、良しとされることではありません。
我々の文化においては、あなたは同時に二人の女性と婚〇することはできない。
２人は２月５日に婚〇届を出した。",姻,"姻:matrimony;marry",Guess the hidden Kanji,Text
"彼女には大好きな彼女の〇楽に夢中になる時間があった。
彼には大好きな自分の〇楽に夢中になる時間があった。
〇楽という点ではほとんど何もありませんでした。",娯,"娯:recreation;pleasure",Guess the hidden Kanji,Text
"時々大家の〇さんが見にきて 「泣かない子ね」 と云ったが、私の子守は天才的に上手であった。
この辺の意地悪〇さんが雷に打たれて頓死したらしい。まさに天罰覿面だとうちの母さんが言う。
いずれにしても、この雪のふる宵に、ひとりの老〇が路ばたに坐っていたのは事実である。",婆,"婆:old woman;grandma;wet nurse",Guess the hidden Kanji,Text
"ダビデ、サウルに言ひけるは我は誰ぞ我が命はなんぞ我が父の家はイスラエルに於いて何なる者ぞや我いかでか王の〇となるべかんと。
トムを〇にもらうべきだと、メアリーの親に太鼓判を押しといたよ。
彼の娘〇がその莫大な財産の相続人になるだろう。",婿,"婿:bridegroom;son-in-law",Guess the hidden Kanji,Text
"ますます多くの人が、その〇体の双方向的な性質を利用しようと躍起になっている。
有効な触〇がないので、その装置を改良することは困難であろう。
テレビは情報を与えるための非常に重要な〇体である。",媒,"媒:mediator;go-between",Guess the hidden Kanji,Text
"「キツネの〇入りですね」「はぁ？」「今日は81パーセントの確率で晴れますが、ところによっては天気雨です」
アメリカでは杯やコーヒーメーカーを結婚式で花〇にプレゼントすることがよくあります。
取りあえず、トムはオーストラリア、〇さんはニュージーランドで暮らしてるんだ。",嫁,"嫁:marry into;bride",Guess the hidden Kanji,Text
"「『~たら』形なんか、大〇いだ。意味が分からないよ」「if ... then とか when とか after とか、そんな感じだよ」「あっ。分かった。でも、まだ好きじゃない」「何が〇なの？」「何でもない」
「さっきの授業、寝てたでしょ」「うん。我慢できなくてね。先生気づいてそうだった？」「それは、大丈夫そうだったけど、思いっきり船漕いでるから、男の子たち笑ってたよ」「うわっ。その方が〇かも」
「なんでそんなにトムのこと〇いなの？ めっちゃいい人なのに」「いや、悪い人じゃないのは分かるんだけど、生理的に無理なんだよね」",嫌,"嫌:dislike;detest;hate",Guess the hidden Kanji,Text
"ニコラス〇は８時間５８分かけて英国側のドーバーからフランスに向かって泳ぎ、次に向きを変えて英国へ戻ってきた。
お気づきかどうかは存じませんが、トムはどうやらお宅のお〇さんと恋に落ちてしまったようなのです。
この映画は貧しい女性が、列車事故による混乱で富豪の令〇と人違いされてしまう物語です。",嬢,"嬢:lass;girl;Miss;daughter",Guess the hidden Kanji,Text
"アザラシは夜にいっそう頻繁に浮上してくるのだから、熊がアザラシを呼吸〇のところで捕まえる可能性は夕暮れ以降により高くなるのである。
〇雀だよ。いま鳴いたのは〇雀だよ。
〇子の言説は有名である。",孔,"孔:cavity;hole;slit;very;great;exceedingly",Guess the hidden Kanji,Text
"学生は音楽をかけながら勉強をすることが多いし、家の中で仕事をしている人は〇独にならぬようにテレビやラジオをつけるのが普通である。
去年は、他人とどうやってコミュニケーション取ればいいか忘れてしまいかけるくらい、それほど長い間僕は〇独に過ごした。
私の議論はある意味では、『〇独な群集』でデビュド・リースマンが行った議論を変形したものである。",孤,"孤:orphan;alone",Guess the hidden Kanji,Text
"すなわち、その路線が通る土地の所有者の意向、他の町や村の便〇をはかるために、あるいは他の路線との接続をはかるために迂回することのメリットなどである。
全角文字を含むファイル名の場合、一部のＯＳでは文字化けが生じることがありますので、ダウンロードの際に適〇ファイル名を変更してください。
普通は、id属性とname属性に同じ値を割り当てます。（訳注：異なっていても構わないが便〇上同じ値を割り当てるという事）",宜,"宜:best regards;good",Guess the hidden Kanji,Text
"第６条議長は全会議を主〇するものとする。
太〇ってなんか読んだことないんだわ。
太〇治は３９歳の時に自殺した。",宰,"宰:superintend;manager;rule",Guess the hidden Kanji,Text
"さあ、今汲みなさい。そして〇会の世話役の所に持っていきなさい。
フィリップス氏は友人や隣人と一緒になって祝〇を計画している。
あなたは私の結婚披露〇にもっと早く来るべきだったのに。",宴,"宴:banquet;feast;party",Guess the hidden Kanji,Text
"彼らはその著名な科学者に敬意を表して〇会を〇した。
結婚式の後で盛大な披露〇が〇された。
彼らは祝〇を〇した。",宴催,"催:sponsor;hold (a meeting);give (a dinner)
宴:banquet;feast;party",Guess the hidden Kanji,Text
"いずれにしても、この雪のふる〇に、ひとりの老婆が路ばたに坐っていたのは事実である。
みなさん、今〇はたくさん飲んで食べて盛り上がりましょう！
私もそうだが、ＩＴ業界には〇っ張りの人が多いに違いない。",宵,"宵:wee hours;evening;early night",Guess the hidden Kanji,Text
"「もう俺たちの邪魔をしないなら、今までのことは水に流してやってもいいけど？」「やけに〇大なんだな・・・」
我々は、誰であろうとテロ活動に携わるものに〇容でいるつもりはない。
彼の〇容さは、難点が無いわけではないが、とても良い性向である。",寛,"寛:tolerant;leniency;generosity;relax;feel at home;be at ease;broadminded",Guess the hidden Kanji,Text
"孤軍奮闘したけれど、衆〇敵せず、彼のビジネスプランは受け入れられなかったよ。
かつての彼は〇黙な男だった。
父は〇黙な人です。",寡,"寡:widow;minority;few",Guess the hidden Kanji,Text
"「こちらの席は空いていますか？」は「ここの席座ってもいいですか？」よりもさらに自然で丁〇な表現だと私は思います。
「ここの席座ってもいいですか？」は、初対面の人に対して使います。怒ってる表現ではなく、丁〇な聞き方です。
サッパリ意味が分からない場合には、そこで丁〇に、もう一度その方に確認することが必要ですけれどね。",寧,"寧:rather;preferably;peaceful;quiet;tranquility",Guess the hidden Kanji,Text
"ある時代の最も洗練された〇美眼によって美しいと考えられたものが美術館にはたくさんあるのだが、それは今の私たちには価値のないものに見えるのである。
〇判の方をちらりと睨むが、〇判は涼しい顔して鼻クソをほじっていやがった。「ちくしょう、八百長かよ・・・」
その学生は、自分の弁論に対して〇査員が批判的に述べたことをひどく気にした。",審,"審:hearing;judge;trial",Guess the hidden Kanji,Text
"女子学〇には非常に小さい駐車場があった。先生と学生の幾人かと学生のボーイフレンドの多くが車を持っていて、駐車する場所をみつけるのがしばしば難しかった。
「ちょっと、〇生相手にアンケートでもとってみる？」「あっ、いわゆるひとつのマーケティングリサーチだな」
学〇長のベイカーさんは、それゆえに自分の所有する小さい車のために、駐車場に特別なスペースを設けた。",寮,"寮:dormitory;hostel;villa;tea pavillion",Guess the hidden Kanji,Text
"食わず嫌いで〇司を敬遠する人もいますが、何度か食べるうちに「〇司の虜になった」という人も結構多いですよ。
王を得た麒麟もまた〇命を持たない生き物だが、この病ばかりは治癒の方法がない。
「何食べたい？」「カレーとラーメンとお〇司」「炭水化物ばっかりじゃん」",寿,"寿:longevity;congratulations;one's natural life",Guess the hidden Kanji,Text
"最近の研究によれば、日本人の平均〇命はまだ〇びているそうだ。
日本人の平均〇命は大いに〇びた。",寿伸,"寿:longevity;congratulations;one's natural life
伸:expand;stretch;extend;lengthen;increase",Guess the hidden Kanji,Text
"人間の心は昔から数々の宝を隠し持っており、それは秘かに保持され、沈黙のうちに〇じ込まれている。
本品は保存料を使用しておりません。開〇後は冷蔵庫に保存し、お早めにお召し上がりください。
私の家からほど近い場所にある何軒かのホテルの名前と料金設定を同〇しました。",封,"封:seal;closing",Guess the hidden Kanji,Text
"ロナルドホープ大〇が大将のマンションへ急行しました。
その大〇はうまく部隊を指揮している。
従軍記者は大〇相当の待遇を受ける。",尉,"尉:military officer;jailer;old man;rank",Guess the hidden Kanji,Text
"提案された行動に対するおきまりの時期〇早論。
今その計画を実施するのは、時期〇早である。
期待していたので、〇更がっかりした。",尚,"尚:esteem;furthermore;still;yet",Guess the hidden Kanji,Text
"「今日は何の日でしょう」「世界糖〇病デー」「他には？」「アポロ12号が打ち上げられた日」「トム、もっと大事なの忘れてない？」「え、他に何かあったっけ？」「私の誕生日」「それ明日じゃん」「うそ」「今日14日だよ」
Abderhalden が記載したシスチン〇症によると思われる21月幼児の死亡例においてさえ〇における合併症の他には組織におけるシスチンの沈殿が病理解剖のときに見られた顕著な病変であった。
検〇をマシンに入れるだけで、具合が悪いとこを診断して、対処法を教えてくれるんだ。",尿,"尿:urine",Guess the hidden Kanji,Text
"「お母さん、おじいちゃんの『トレーニングパンツ』買ってきたよ」「それは『トレーニングパンツ』じゃなくて『リハビリパンツ』」「？？」「『トレパン』は赤ちゃんが〇くやつで、『リハパン』は大人用」「なるほどね」
「〇歴書の年齢のところって、今の年齢を書けばいいの？それとも、卒業した時の年齢？」「『満』って書いてあるから、今の年齢よ」
〇歴書書くのって初めてだから、どうやって書けばいいか分からないんだけど、教えてくれない？",履,"履:perform;complete;footgear;shoes;boots;put on (the feet)",Guess the hidden Kanji,Text
"学生たちはめいめい個人用の上〇き〇がある。
あなたが〇いている〇はかなり高そうだ。",履靴,"靴:shoes
履:perform;complete;footgear;shoes;boots;put on (the feet)",Guess the hidden Kanji,Text
"木曜島はオーストラリア最北端ヨーク〇とニューギニア島の間のトレス海峡に位置する。
デジネフ〇は北極圏の南３０マイルにある。
そこでは〇が海に突き出している。",岬,"岬:headland;cape;spit;promontory",Guess the hidden Kanji,Text
"山〇は、岩の毛布の下で巨人が寝ているように、かすんだ地平線に休んでいた。
ついに病気で疲れた男たちは彼が待っている山〇都市に到着した。
この犬は山〇地で人を救助するよう訓練されています。",岳,"岳:point;peak;mountain",Guess the hidden Kanji,Text
"泳者のシンディー・ニコラスは、へとへとになって泳ぎ切った後、ドーバーでかろうじて陸に上がってきたが、海〇水泳協会のスポークスマンは、彼女がとても元気であると発表した。
泳者のシンディ・ニコラスは、へとへとになって泳ぎ切った後、ドーバーでかろうじて陸に上がってきたが、海〇水泳教会のスポークスマンは彼女がとても元気であると発表した。
ある１９歳のカナダ人が先月、イギリス海〇をノンストップで往復泳ぎ切って世界記録を破った。",峡,"峡:gorge;ravine",Guess the hidden Kanji,Text
"トーテムポールと呼ばれるこれらの柱は、〇拝の対象として、あるいは敵を驚かせるために作られたと考えられている。
ベンヤミンは優れた芸術作品を前にして人が経験するであろう畏怖や〇敬の感覚を指して「アウラ」という語を用いた。
絵文字は、１９９９年に日本の芸術家である栗田穣〇さんによって紹介されたのが始まりです。",崇,"崇:adore;respect;revere;worship",Guess the hidden Kanji,Text
"中学の時は普段から毎日３時間だか勉強している陸上部の友達がいて、そいつはテスト前もそのペースは〇さなかった。部活ない分かえって暇になるということで、テスト前になると毎日そいつん家でゲームをしてた。あれがなけりゃ俺ももう少し好成績取れたはずだが。
この神社の巫女は男どもにひどい目に合わされて精神が〇壊してしまうほどに心も身体も限界まで痛みつけられていた。
日本の消費者は、外国品の輸入に対する様々な規制を取り〇そうとするアメリカ政府の努力を注意深く見守っている。",崩,"崩:crumble;die;demolish;level",Guess the hidden Kanji,Text
"日本のいわゆるバブル経済〇壊により、国際市場にまで〇撃波が及んだ。
日本のいわゆるバブル経済の〇壊は、国際市場に〇撃波を広げました。",崩衝,"衝:collide;brunt;highway;opposition (astronomy);thrust;pierce;stab;prick
崩:crumble;die;demolish;level",Guess the hidden Kanji,Text
"扉の傍に、精〇な、軽金属製のロボット——侵入者を防ぐためのロボットが、冷かに立っていた。
代わりにPrologではパターンマッチングを〇妙に用いるプログラミングを行います。
トムの作った切り紙のクワガタは、今にも動き出しそうなほど精〇な出来上がりだった。",巧,"巧:adroit;skilled;ingenuity",Guess the hidden Kanji,Text
"ジブの裏〇とラダーを使って、バックしながら船首を進みたい方向に向けました。
もしも時間が無限にあったら、ボートを造ってフィジーに向けて〇を上げる。
階段のつきあたり、屋上へと続く扉の前が、真〇の指定席だった。",帆,"帆:sail",Guess the hidden Kanji,Text
"シチリア島にある5世紀頃ローマ〇国時代のモザイクには、ビキニに似た服で運動する女性が描かれている。
ファッション業界に強い影響力をおよぼした田中は、一部の人から女〇と呼ばれていた。
イギリス式の朝食はイギリス〇国の建設者たちによって流行らせたものだ。",帝,"帝:sovereign;the emperor;god;creator",Guess the hidden Kanji,Text
"通貨、すなわち、当時だれもが用いていた言い方に従えば、通常の王国法貨を与える代わりに、雇い主は従業員に代用貨〇をあたえていました。そして、この代用貨〇は金属だったり、木だったり、厚紙だったりしました。
時間というのは、あなたの人生の貨〇です。あなた自身が使うのです。あなたの為だからといって他人に消費させてはいけません。
この代用貨〇では、会社の直営店に行き、その店で食料品や衣料を買うことしかできませんでした。",幣,"幣:cash;bad habit;humble prefix;gift;Shinto offerings of cloth;rope;cut paper",Guess the hidden Kanji,Text
"他の点では分別のある人が、この同じ屋根、あの殆ど〇想になりつつある商品が荷造りをして別の国へ行くだけで自由に手に入ると信じるようになるのはどうしてなのか、ということである。
時間が現実のものでなければ、この世界と永遠、苦しみと喜び、善と悪を分かつ境界線も〇想に過ぎない。
フェイスブックでの絶対的なプライバシーは〇想であり、実際には存在しない。",幻,"幻:phantasm;vision;dream;illusion;apparition",Guess the hidden Kanji,Text
"結婚の利益は、女性の本質を知ることであり、結婚の損失は、女性への〇〇を知ることである。それ故に結婚しない小説家は、未だ女を書くことが出来ない。結婚した詩人は、もはや女を歌うことができない。
その限られた性能のために私はコンピューターに〇〇を感じている。
彼の結婚生活を見て〇〇を感じた。",幻滅,"滅:destroy;ruin;overthrow;perish
幻:phantasm;vision;dream;illusion;apparition",Guess the hidden Kanji,Text
"「もう上がって寝なさい」「やだぁ。僕の部屋、〇〇がいるんだもん」「うちには〇〇はいません」「いるよ。僕、見たもん」
「なんか〇〇でも出そうな雰囲気だね」「おい、変なこと言うなよ」「あれ、トム〇〇怖いの？」
「なんで〇〇って夜にしか出ないんだろうね」「え、俺昼間に見たことあるよ」「マジで？」",幽霊,"幽:seclude;confine to a room;deep;profound;secluded;faint;dark;tranquil;calm
霊:spirits;soul",Guess the hidden Kanji,Text
"賢い人の手にかかると、物事は実にシンプルになる。簡単なことを難しく言うのが、賢いふりをした凡〇な人間だ。
人気者になるためには、凡〇でなくてはならない。
都会と田舎の生活の中〇を見つけるのは難しい。",庸,"庸:commonplace;ordinary;employment",Guess the hidden Kanji,Text
"信じられないような文化的退〇、驚くほどの無知、理想ばかりのガラクタ、真実を隠蔽する政策がアメリカの保守層のあいだでもっとも根強い支持を得ているのだ。
「メアリーは部長に立候補しないの？」「したいんだけどさ、規約上部長は男性しかなれないんだよ」「そんなウン十年前の規約、とっとと〇止しようぜ」
第二が周辺環境との親和性であり、最小の〇棄物、自然エネルギーの利用等、周辺の生態と調和した住空間を形成することである。",廃,"廃:abolish;obsolete;cessation;discarding;abandon",Guess the hidden Kanji,Text
"「学園の〇下で、濃厚なキスシーン・・・聞いたぞ聞いたぞ」「濃厚じゃなーい！話に尾ひれ付いてるって・・・」
〇下から居間、台所、トイレに行けます。また階段を上がれば、寝室と浴室があります。
ジョニー君は〇下で座っていましたが、どうしても笑いが止まりません。",廊,"廊:corridor;hall;tower",Guess the hidden Kanji,Text
"清〇潔白できこえた彼が、汚職なんかに手を染めるわけない。
破〇恥な人間は自分の母さえも裏切るだろう。
彼女は殺人の〇で牢屋に入れられてしまった。",廉,"廉:account;purity;honest;low price;cheap;rested;contented;peaceful;bargain;reason;charge;suspicion;point",Guess the hidden Kanji,Text
"宮〇では、平安初期には中国文化の模倣一辺倒でしたが、平安中期には日本的な美意識に基づいた文化が花開きました。
シェークスピアの時代に、つまり１６世紀に、テニスはイギリスの宮〇でとても人気があった。
法〇弁護士達はマフィアのボスの用いる黙秘戦術をかわすことができなかった。",廷,"廷:courts;imperial court;government office",Guess the hidden Kanji,Text
"ドミトリー様、おはようございます。情報のご提供ありがとうございます。一度〇社の技術担当に見せて、対応可能かどうか相談してみますので少々お時間を下さい。ちなみにこの案件は、どちらの案件ですか？ロシアの話ですか？
〇社のエンジニアが日本国内で販売されている同様の製品と仕様を比較した結果、非常に競合力があると判断いたしました。
〇社はこの新製品を、新しい商品のジャンルを創り、新しい客層の創出を目標として位置づけています。",弊,"弊:abuse;evil;vice;breakage",Guess the hidden Kanji,Text
"ドヴォルザークの『スラヴ舞曲集』はもともとピアノ連弾曲として作られたが、後に作曲者自身の手で管〇楽用にも編曲された。
このギター、〇が一本足りないよ。
このギター、〇が一本切れてるよ。",弦,"弦:bowstring;chord;hypotenuse",Guess the hidden Kanji,Text
"その答えは、何かを達成できることなど冷笑し、恐れ、疑えとあまりにも長い間、多くの人から言われ続けてきた人々を、歴史の円〇に手をかけて向きを変え、もう一度、より良い明日のための希望へと導くものだ。
括〇は使わず、補足情報はコメント欄にてご対応ください。必要に応じて、2文を追加することもできます。
括〇を含む式を括〇を含まない式に変形する。",弧,"弧:arc;arch;bow",Guess the hidden Kanji,Text
"ある朝、美術家が海岸で流木を見つけました。彼はそれを自分の作業場に持っていき、現在、村の教会に立っている有名な聖母マリア像を〇り上げました。
これらはヘッジファンドを自分のリソースとは無関係の投資先とみなすことのリスク管理上の問題点を浮き〇りにしている。
産科医に加え、助産師も不足と我が国の産科医療が極めて深刻な状況にあることが改めて浮き〇りになった。",彫,"彫:carve;engrave;chisel",Guess the hidden Kanji,Text
"彼は最新の宇宙物理学の知見を下乳の揺れ方に応用させた博士論文で大学の学長から表〇された。
浅田〇の『構造と力―記号論を超えて』を読んだことがありますか？
表〇式？表〇台？のポディウムの綴りを教えてください。",彰,"彰:patent;clear",Guess the hidden Kanji,Text
"そこで、子供らしさが、〇々に失われていく現状への反省から、教育制度や社会の仕組みといった根本的なものの見直しが、今、真剣に考えられるようになってきている。
だが、〇々に生活水準が高まるようになるにつれて、ますます大勢の人が我が家に浴室を持つようになった。
駅にもどるには遠い道のりであったが、〇々にその古い荷馬車は近づいて行った。",徐,"徐:gradually;slowly;deliberately;gently",Guess the hidden Kanji,Text
"現在の需給のアンバランスは〇環的な現象というより、需要側の構造的変化を反映するものと考えられている。
肺、心臓、静脈、動脈、毛細血管により〇環器系が形成されています。
景気〇環とは好況時と不況時が交互に繰り返し起こることである。",循,"循:sequential;follow",Guess the hidden Kanji,Text
"大学出たての新人は資料を作ったり、コピーをとったりと裏方仕事に〇するのだろうと、勝手に想像していたのですが見事に裏切られました。
弁護士というものは、苦境を切り抜けるために、ささいな点についても〇底して調べ、同じことを反覆して調べてみることが大切である。
その国会議員は陰謀のニュースを発表した。そして、ためらうことなく、その陰謀にたいする〇底した対抗処置をとった。",徹,"徹:penetrate;clear;pierce;strike home;sit up (all night)",Guess the hidden Kanji,Text
"彼は社会を〇避して自分の中に閉じこもるというよりは、社会に対して常に攻撃的な態度をとり続けた。
真っ赤な手紙を〇々しげに見つめ、これが悪名高い赤紙ってヤツなのか？
どう思うって・・・それじゃあ〇憚のない意見を言わせてもらうけどね。",忌,"忌:mourning;abhor;detestable;death anniversary",Guess the hidden Kanji,Text
"〇耐強く事実を覚えていくことが、自己を表現したり判断を下したりする技術を身につけることにより遥かに大切とされているのである。
『カムイの剣』は、1868年の徳川将軍時代の崩壊と、明治天皇下での日本の復興という変革期を舞台にした、一種の侍/〇者物語だ。
しかしながら、このストライキは平和的ではなく、マーテイン・ルーサー・キング・ジュニア牧師は労使双方に〇耐と平静さを求めた。",忍,"忍:endure;bear;put up with;conceal;secrete;spy;sneak",Guess the hidden Kanji,Text
"言葉にできないものを大切にするのは大事なことだが、言葉を使って言葉にできないものに肉薄しようとする努力を〇ってはならない。
〇惰だから自分で芝を刈れないという理由だけでたくさんのお金を使うように思われたが、その仕事をすっかり彼に任した。
２０歳を過ぎたらお肌の曲がり角って知らないの？毎日のお手入れを〇ったらだめよ。",怠,"怠:neglect;laziness",Guess the hidden Kanji,Text
"青春時代を〇けて過ごすな。さもないと後で後〇するぞ。
彼はその前の学期に〇けてしまったことを後〇した。
今そんなに〇けていては、将来きっと後〇するよ。",怠悔,"悔:repent;regret
怠:neglect;laziness",Guess the hidden Kanji,Text
"〇け〇がなかったら彼は金持ちになっていたかもしれない。
彼の〇け〇は我慢の限界を越える。",怠癖,"怠:neglect;laziness
癖:mannerism;habit;vice;trait;fault;kink",Guess the hidden Kanji,Text
"〇慢な労働者は全員解〇しなければならない。
彼は〇け者であるという理由で解〇された。
彼女は職務を〇ったため解〇された。",怠雇,"怠:neglect;laziness
雇:employ;hire",Guess the hidden Kanji,Text
"オニは巨人の〇物です。その皮膚の色はいろいろで、青かったり赤かったりです。鬼は頭に二つの角があるほか、長い爪と牙をがあります。鬼は虎皮の腰巻を身につけ棍棒で武装しており、若い女性をさらうのを好みます。
アメリカでは、すべてが可能であることを疑い、我々の開拓者の頃の夢が現代に生きているかを〇しみ、民主主義の力に疑問を呈する人がまだいるなら、今夜がその答えだ。
そのボクシング試合は完全に一方的だった。一方のボクサーはひどく打たれて〇我したので、そのマネージャーは敗北を認めなければならなかった。",怪,"怪:suspicious;mystery;apparition",Guess the hidden Kanji,Text
"実はその夜盗をけしかけたのは私でしてな・・・グフフフフ。なあに，あんたも彼には〇みがあったんだろ？悪い取引じゃなかったってことでござんすよ。
この部屋には遺〇がたくさんありますが、好意はほとんどありません。
そのカルトへの彼の積年の〇みが、前総理の射殺となって暴発した。",恨,"恨:regret;bear a grudge;resentment;malice;hatred",Guess the hidden Kanji,Text
"もし〇介が訪ねてきても、私は家にいないって言ってよ。もうあいつの顔なんか見たくないの。
あのさ〇平、この問題・・・食塩水のやつなんだけど・・・。
〇子は鼻歌を歌いながら行ってしまった。",恭,"恭:respect;reverent",Guess the hidden Kanji,Text
"「電動自転車に乗ってる奴ってずるいよな」「どうしたの？」「だって、こっちは一生懸命汗水たらして漕いでるのに、涼しい顔して勝ち誇ったように横を追い抜いてくんだよ。めっちゃ〇しい」
過ぎたことを〇やんでも、しょうがないじゃないか。目はどうして前についていると思う？前向きに進んでいくためだよ。
高校時代について最も後〇することを人々に尋ねると大抵の人は決まってこう言う。時間を無駄にしすぎていた、と。",悔,"悔:repent;regret",Guess the hidden Kanji,Text
"我々の最優先事項はこの論争にきっぱりと決着を付ける事だ。そのためには相手側との妥協も覚〇している。
トムと飲みに行くんだったら、突拍子もないホラを吹くだろうから、覚〇した方がいいよ。
この件については彼が間違っているということを、私は彼にはっきり〇らせねばならない。",悟,"悟:enlightenment;perceive;discern;realize;understand",Guess the hidden Kanji,Text
"結愛と〇真は朝から終電まで1日中歩き続けた。
俺の師匠は〇々自適の生活をしている。
決して〇長な仕事ではない。",悠,"悠:permanence;distant;long time;leisure",Guess the hidden Kanji,Text
"医療行為により〇者が死亡している場合、その医療行為に過失があれば、過失の程度を問わず、直ちに「異状死」に法的に該当しない。
女性有職者における自殺の原因・動機は、うつ病などの神経疾〇の比率が非常に高く、全体の約４割にも及ぶと言われている。
複数の呼吸器疾〇による衰弱のため、彼は先週、指揮者としての仕事を断念する旨の発表を余儀なくされたばかりでした。",患,"患:afflicted;disease;suffer from;be ill",Guess the hidden Kanji,Text
"〇者の〇状は日ごとに変化する。
〇者の〇状は全く絶望的だ。",患症,"症:symptoms;illness
患:afflicted;disease;suffer from;be ill",Guess the hidden Kanji,Text
"厚生労働省の方針に合わせ、一部の医療機関では、慢性疾〇等を有する定期受〇者に対し「電話〇療による処方箋の発行」の取り扱いを始めた。これは重篤化しやすい慢性疾〇者に対しての感染予防のための処置である。
新しい調査では、６５歳以上の病院〇者の〇察記録には誤りが多く、重大な〇察ミスにつながりかねない、ということです。
医者が〇者を丹念に〇察したおかげで、〇者はどんどんよくなった。",患診,"患:afflicted;disease;suffer from;be ill
診:checkup;seeing;diagnose;examine",Guess the hidden Kanji,Text
"オーナーはお気に入りの選手が出てご満〇中です。
彼は私の失敗にご満〇の体でそこに座っていた。",悦,"悦:ecstasy;joy;rapture",Guess the hidden Kanji,Text
"ロシア：人質事件の犠牲となった方々に哀〇の意を表す。
私たちは皆事故による死者に哀〇の意を表した。
人々は彼の突然の死を深く〇んだ。",悼,"悼:lament;grieve over",Guess the hidden Kanji,Text
"多くの実業家たちは政府の役人にとり入るために、進物や金を〇しげもなくあたえる。
話題の本とかは全然知らないな。読み逃しても不味いとも〇しいとも思わない。
あなたほどの才能の持ち主が世間に知られずにいるのは〇しいことです。",惜,"惜:pity;be sparing of;frugal;stingy;regret",Guess the hidden Kanji,Text
"幼少の時、父が死んで、その弟が、時代の衰勢と、自分の怠〇とから、すっかり、身代をつぶしてしまったらしく、後に、筆墨行商人になって、私の家へ、よく来たが、くると、母に叱られて、よわっていた。
怠〇だから自分で芝を刈れないという理由だけでたくさんのお金を使うように思われたが、その仕事をすっかり彼に任した。
高校時代からつきあっている彼氏はいるものの、つきあいが〇性になっていると感じ、不満をつのらせている。",惰,"惰:lazy;laziness",Guess the hidden Kanji,Text
"チーズの中で、私が好きなのはカマンベール、香りがより好きです、なぜならば私に郷〇を感じさせるから。
郷〇にふける時、私達は子供時代をこの上なく幸福な時期と考える傾向があるかもしれない。
「このたびはご〇傷さまでございます」とひとことお悔みの挨拶をします。",愁,"愁:distress;grieve;lament;be anxious",Guess the hidden Kanji,Text
"もしあなたが、誰かに期待したほほえみが得られなかったら不〇快になる代わりに、あなたの方からほほえみをかけてごらんなさい。実際ほほえみを忘れたその人ほどあなたからのほほえみを必要としてる人はいないのだから。
私は彼の振る舞いがそんな不〇快なレベルにまで成り下がっているとは思わなかった。
真夜中の電話には、びっくりさせられたり不〇快な思いをさせられる。",愉,"愉:pleasure;happy;rejoice",Guess the hidden Kanji,Text
"男性が女性よりすぐれているとか、女性が男性よりすぐれているとか考えるのは、〇かであるばかりでなく、こっけいなことである。
「ああ、これが〇息のタカシね」「え、は・はい。〈故〉タカシ君ですね！」「フーちゃんまだ死んでないよ！たぶん」
口を開いて〇かさについて疑問を解消するより、口を閉じたままで〇かに見られる方がまだいい。",愚,"愚:foolish;folly;absurdity;stupid",Guess the hidden Kanji,Text
"わずか６ヶ月後に最初の仕事を止めるとしたら、〇かとは言わないまでも〇いとは言えない。
〇行なしに生きている人は、その人が考えているほど〇明ではない。",愚賢,"愚:foolish;folly;absurdity;stupid
賢:intelligent;wise;wisdom;cleverness",Guess the hidden Kanji,Text
"お前の〇痴は、聞き〇きたよ。
彼女の〇痴は聞き〇きた。",愚飽,"愚:foolish;folly;absurdity;stupid
飽:sated;tired of;bored;satiate",Guess the hidden Kanji,Text
"「なぜ物乞いなんかしてるんだね、ディオゲネスよ」「〇悲深さというのを教えてやってるんだ」
〇善事業にそのような多額の寄付をすることは、彼を名士になったような気分にさせた。
その〇善団体には、およそ２０億円の寄付をした人物の名前が付けられている。",慈,"慈:mercy",Guess the hidden Kanji,Text
"彼は持っていた金を全部〇善〇設に寄付した。
彼は自分の金をすべて〇善〇設に寄付した。",慈施,"慈:mercy
施:give;bestow;perform;alms",Guess the hidden Kanji,Text
"そんなに〇てて運転して、一体、どこへ行こうってんだよ。時間はあるんだから、安全運転してくれよ。
恵子はいつもグースカ寝てるじゃないか。食事を楽しんで貰いたい気持ちは分かるが、そんな〇てるな。
不動産市場が低迷しているため、東京の土地所有者たちは恐〇をきたしています。",慌,"慌:disconcerted;be confused;lose one's head",Guess the hidden Kanji,Text
"それ金を愛するは諸般の惡しき事の根なり、ある人々これを〇ひて信仰より迷ひ、さまざまの痛をもて自ら己を刺しとほせり。
トムはメアリーをお姉ちゃんのように〇ってるんだ。
その飄々とした人柄が老若男女に〇われている。",慕,"慕:pining;yearn for;love dearly;adore",Guess the hidden Kanji,Text
"事実は明白だ。それを混乱は憤〇するだろう、無知は嘲笑するだろう、悪意は曲げようとするだろう、しかしそれが事実なのだ。
肉は桃色をしているといったことについてのすべての〇世観念や先入観。
うそをついているぞと私が言うと、彼女は憤〇していた。",慨,"慨:rue;be sad;sigh;lament",Guess the hidden Kanji,Text
"彼がちょっとした仕事のミスのことでくよくよしているので、偉人の失敗のエピソードを引き合いに出して〇めてあげた。
たとひわれ死のかげの谷をあゆむとも禍害をおそれじ、なんぢ我とともに在せばなり。なんぢの笞なんぢの杖われを〇む。
昔は、母親たちが自分の息子に対して、自〇行為をすると目が見えなくなるかもしれないぞ、と言った。",慰,"慰:consolation;amusement;seduce;cheer;make sport of;comfort;console",Guess the hidden Kanji,Text
"私ね、結婚する前は「田中」っていう名字で「田中〇子」だったんだけど、結婚した相手が「小池」っていう名前でさぁ、気づいたら上から読んでも下から読んでも同じ名前になってた。
貴社におかれましては益々ご隆昌のこととお〇び申し上げます。
田中〇子（２５歳）にはどんなあだ名が最適だと思いますか？",慶,"慶:jubilation;congratulate;rejoice;be happy",Guess the hidden Kanji,Text
"〇国者はいつも国のために死のうと訴えていて、国のために人を殺そうとは言わない。
来る途中、お店に寄って食材を買って来たんです。備えあれば〇いなし、です。
表面的な物事に一喜一〇する人が人を管理する立場につくべきではない。",憂,"憂:melancholy;grieve;lament;be anxious;sad;unhappy",Guess the hidden Kanji,Text
"人を許すことを覚え、身につけなければいけません。許す力量のない者には、愛する力もありません。最悪の人間にもどこか取り柄があるように、最高の人間にも悪い面はあります。これがわかれば、敵を〇む気持ちが薄れます。
闇は、闇で追い払うことはできない。光だけがそれを可能にする。〇しみは〇しみで追い払うことはできない。愛だけがそれを可能にする。
わざわざ〇まれ役を買って出るようだが、でも一つ聞きたいね。期待しているような客がもし一人もいなかったらどうすればいいんだ。",憎,"憎:hate;detest",Guess the hidden Kanji,Text
"事実は明白だ。それを混乱は〇慨するだろう、無知は嘲笑するだろう、悪意は曲げようとするだろう、しかしそれが事実なのだ。
たまには酒にでも酔ってはじけて日頃の鬱〇晴らしたほうがいいんじゃないか。
うそをついているぞと私が言うと、彼女は〇慨していた。",憤,"憤:aroused;resent;be indignant;anger",Guess the hidden Kanji,Text
"私の学校は大きな学校なので、私は５分の休〇時間の間に教室から別の教室に行くために走らなければなりません。
第四に、小熊を連れ去ることに成功しても、私たちは休〇をせずに山を駆け上がることができるだろうか。
十分間の休〇を与えられ、乱れた髪を結い直し、肩の汗をぬぐって、支度部屋で呼吸を整える。",憩,"憩:recess;rest;relax;repose",Guess the hidden Kanji,Text
"今では交通機関が発達したため、歩く人が少ないのは遺〇である。
遺〇ながら、２月２７日のお約束を守ることが出来ません。
大変遺〇ながら彼女が亡くなったことをお知らせします。",憾,"憾:remorse;regret;be sorry",Guess the hidden Kanji,Text
"芸術に没頭しているとてもたくさんの人たちとも〇意にしてきた。
ミーティングを持つ機会を再びくださるよう〇願しております。
彼の妻は彼に危険を冒さないでね、と〇願した。",懇,"懇:sociable;kind;courteous;hospitable;cordial",Guess the hidden Kanji,Text
"「お電話ありがとうございます。〇石はなや、フロントマネージャーの山田でございます」「すみません、予約をしたいんですけど」「お食事ですか？ご宿泊ですか？」「食事です。2月12日なんですけど」「かしこまりました。確認致しますので少々お待ち頂けますか」「はい」
さよなら！さよなら！ああ、別れというものは悲し〇かしいものじゃ。夜が明くるまで、こうしてさよならを言うていたい。
極端に言うと、彼は、自己のテーゼに完全に自信を持っているものが発揮できる虚心坦〇さで書いてはいないのである。",懐,"懐:feelings;heart;yearn;miss someone;become attached to;bosom;breast;pocket",Guess the hidden Kanji,Text
"バイキンマンはいつもこてんぱんにやられているのに、〇りずに悪いことばかり繰り返している。
ついに、彼はその暴力犯罪を犯したことで〇役５年の判決を言い渡された。
このドラマは単純な勧善〇悪もので、今一つ深みに欠けて物足りない。",懲,"懲:penal;chastise;punish;discipline",Guess the hidden Kanji,Text
"だから我々は新しい愛国心とを喚起して、我々一人ひとりが援助して、一生〇命働き、我々自身ではなく互いに面倒を見る決心する責任を呼び起こそう。
彼は初めてヘルスクラブに行ったときには一所〇命だったが、何ヶ月後、まじめな態度を失って、結局、ヘルスクラブを辞めた。
一生〇命作られたゲームには、一生〇命に取り組むのが礼儀なんだよ？ポーズボタンなんて押したらゲームに失礼だもん。",懸,"懸:state of suspension;hang;depend;consult;distant;far apart",Guess the hidden Kanji,Text
"母国語が日本語ではない方々が、一生〇命〇張って書いておられる日本語は、多少違っていても頭の中で補正して読んでしまいます。
一生〇命〇張ったことのある人や〇張っている人同士の会話は、深みがあって面白いです。
それは、たとえ間違いをおかしたとしても、一生〇命に〇張るということです。",懸頑,"懸:state of suspension;hang;depend;consult;distant;far apart
頑:stubborn;foolish;firmly",Guess the hidden Kanji,Text
"私たちはその石を〇命に押してみたが無〇だった。
彼は一生〇命努力したが無〇だった。
彼は一生〇命やったが無〇だった。",懸駄,"懸:state of suspension;hang;depend;consult;distant;far apart
駄:burdensome;pack horse;horse load;send by horse;trivial;worthless",Guess the hidden Kanji,Text
"其の日は一日淋しいペンの音を聞いて暮した。其の間には折々千代々々と云う声も聞えた。文鳥も淋しいから鳴くのではなかろうかと考えた。然し縁側へ出て見ると、二本の留り木の間を、彼方へ飛んだり、此方へ飛んだり、絶間なく行きつ〇りつしている。少しも不平らしい様子はなかった。
勉強する子ども、仕事につく大人、病を克服して健康を取り〇した人、その一人一人が、祭壇にささげられたろうそくのように、信じる人すべての希望を明るくします。
ハンプティダンプティ、壁の上に座って、ハンプティダンプティ、ドシンと落ちた。王様の馬のみんなも王様の家来のみんなもハンプティを元に〇せなかった。",戻,"戻:re-;return;revert;resume;restore;go backwards",Guess the hidden Kanji,Text
"あなたは遅れを取り〇すために、もっと一生〇命に働かなければならない。
私は遅れを取り〇すために一生〇命勉強しなくてはならない。",戻懸,"懸:state of suspension;hang;depend;consult;distant;far apart
戻:re-;return;revert;resume;restore;go backwards",Guess the hidden Kanji,Text
"女〇が映画に行きたがっていることがよくわかったので、いじわるな亭主は一計を案じ、くるあてもない来客を家で待つことにした。
あの夫婦は共かせぎしている。だが亭主の給料のほうが女〇の給料よりも低い。亭主が女〇の尻にしかれるのも当然だ。
暖〇と同様に、冷〇時の消費電力量を測定し、旧型と省エネ型（２００１年製）のエアコンを比較しました。",房,"房:tassel;tuft;fringe;bunch;lock (hair);segment (orange);house;room",Guess the hidden Kanji,Text
"厨〇の床を〇除してます。
厨〇の〇除がまだだわ。",房掃,"掃:sweep;brush
房:tassel;tuft;fringe;bunch;lock (hair);segment (orange);house;room",Guess the hidden Kanji,Text
"〇の傍に、精巧な、軽金属製のロボット——侵入者を防ぐためのロボットが、冷かに立っていた。
大聖堂は西の〇にロマネスク様式の名残があり、半円状のアーチを見ることができる。
「立入禁止」という表示を無視して、彼女は〇を押し開けて中に立ち入った。",扉,"扉:front door;title page;front page",Guess the hidden Kanji,Text
"本来は、貧困層の女性や子供に医療保護を提供するために創設された制度である、アメリカ低所得者医療〇助制度が、今日では、その予算の約３分の１を老人に費やしている。
あなたには〇養しなければならない大きな家族がある。だが危険をおかしてまで大きな利益を得ようとするな。
２回目の人工内耳移植への低所得者医療〇助制度の適用不許可を取り下げる。",扶,"扶:aid;help;assist",Guess the hidden Kanji,Text
"トムの学校では、タトエバが大流行して学業に支障が出ているため、緊急職員会議が開かれて、生徒の例文の投稿は一日30文までとする措置が取られることになったが、学校側で生徒のアカウントを〇握しきれていないこともあり、対策は難航している。
３人のうちの１人が芝刈り機で私の庭を大雑〇にさっと刈り、もう一人が妻の庭の端の伸びた雑草をさっと２、３回刈り、残りの一人はトラックに上がってタバコをすっていた。
ペパーバーグは同じような方法を用いることによって、アレックスが、単に言葉の音だけでなく、意味も〇握するのに役立つと期待した。",把,"把:grasp;faggot;bunch;counter for bundles",Guess the hidden Kanji,Text
"日本では「自制心を凌駕する」という言い方がなされることは一切なく、「〇えきれない」「こらえられない」などと言います。
「お父さん、質問してもいい？」と彼女は経験を積んだ親なら誰でもおなじみの、我慢強く苛立ちを〇えた調子で口火を切った。
健康であれば、当然医療費を〇制できる。健康であれば働くことが出来、年金支給開始年齢の引き上げと支給額の〇制に役立つ。",抑,"抑:repress;well;now;in the first place;push;shove;press;seal;do in spite of",Guess the hidden Kanji,Text
"彼らは〇〇のない声で５０まで数えた。
彼の話し方には〇〇が欠けている。",抑揚,"揚:raise;elevate;hoist;praise;extol;fry in deep fat
抑:repress;well;now;in the first place;push;shove;press;seal;do in spite of",Guess the hidden Kanji,Text
"彼らは南ローデシアに着くと、共同給水設備のある泥でできた簡易住宅からなる移民キャンプか、ホテルを選〇しなければならなかった。そこで彼らは資産家として知られていたのでホテルを選んだ。
教育システムにおいて、本当の学びよりも受験での点数の方がより重要視されるのがわけわからない。こんなの、システムを実行しやすいだけで、ベストな選〇じゃないと思うな。
視覚そのものも選〇的になり、実際に存在するものの一部を無視することがあるし、脳もまた実際にはまったく存在しないものを見たと判断する場合があるのである。",択,"択:choose;select;elect;prefer",Guess the hidden Kanji,Text
"ジャーン。それじゃ春田くん、もう見てもいいわよ。みんなの浴衣、お〇露目ねぇ～。
メアリーは歌が上手だけど、それを〇露する機会はめったにない。
あなたは私の結婚〇露宴にもっと早く来るべきだったのに。",披,"披:expose;open",Guess the hidden Kanji,Text
"「なんでもかんでも、〇茶味にすればいいってもんじゃないよ」「思う。思う」
なぜその政治家は大多数の意見を〇殺しようとするのか。
なんでも〇茶味にすればいいってもんじゃないよ。",抹,"抹:rub;paint;erase",Guess the hidden Kanji,Text
"アンケートにお答えいただいた方の中から、毎月〇選で30名様に1万円分の商品券をプレゼントいたします。
批評家はこれまでに述べた特徴づけはすべて非常に〇象的であると反論するかもしれない。
「－osity」は語尾が「－ous」の形容詞から作られる〇象名詞の語尾。",抽,"抽:pluck;pull;extract;excel",Guess the hidden Kanji,Text
"しかし、その貸金庫に預けているものを狙った男達に、ハナを誘〇されてしまう。その誘〇犯達とは、実は刑事だった。
しかし、これではまるで私が誘〇しましたと自首して出るようなもので、そんな馬鹿なことをするやつはあるまい。
それで中央郵便局が焼けて、やつらが私たちの大統領を誘〇したことを知ったの。",拐,"拐:kidnap;falsify",Guess the hidden Kanji,Text
"それに彼女はそれを受け入れることを〇否したのでずいぶん不快な状態で生活してきたのである。「なんで自分のいやな場所に自分を縛りつけることで貯められるお金を全部使わなきゃならないの？」と文句を言いながら。
ガンの末期にあった彼は、輸血をきっぱりと〇絶したためにニューヨーク市のある退役軍人の病院から三度追い出されました。
彼女は白人のすぐ後に座り、彼女の後から乗ってきた白人の乗客に自分の席を譲るのを〇否した。",拒,"拒:repel;refuse;reject;decline",Guess the hidden Kanji,Text
"彼女があなたに話しかけるのを〇否するのも当然だ。なぜなら彼女はとても機〇が悪いからだ。
彼女は彼の助言どおりにすることをたぶん〇むだろう、というのは彼が〇いなので。
彼女は彼の忠告に従うことを〇みそうだ、というのは彼が〇いなので。",拒嫌,"拒:repel;refuse;reject;decline
嫌:dislike;detest;hate",Guess the hidden Kanji,Text
"極端な食事制限をする〇食〇の女子高生が増えている。
彼女は10代のころ〇食〇になった。
トムは高校生のころ〇食〇になった。",拒症,"拒:repel;refuse;reject;decline
症:symptoms;illness",Guess the hidden Kanji,Text
"若者は無気力だという神話を〇絶した若者たちが、給料の少ない、そして〇眠時間のもっと少ない仕事に自分を捧げるため、家と家族から離れて参加してくれた。だからこの選挙戦はますます力をつけたのです。
それは、無関心層の神話を〇否した若者-家と家族から離れ、賃金が安く、〇眠時間も短い仕事をする-からの強さを育てた。",拒睡,"拒:repel;refuse;reject;decline
睡:drowsy;sleep;die",Guess the hidden Kanji,Text
"その象達は大層大きな耳を二つ持っているにも〇らず、君の言う事を理解していないというのを知っているのかい。
君が一つの形式に〇っている限り、素晴らしい考えを思い付くことはできない。
生活苦であったにも〇らず、彼ほど良い生き方をした人を私は見たことがない。",拘,"拘:arrest;seize;concerned;adhere to;despite",Guess the hidden Kanji,Text
"君のメールは巧〇を見て取るには短すぎるな。
〇者にときめいてもらうでござる。",拙,"拙:bungling;clumsy;unskillful",Guess the hidden Kanji,Text
"〇弧は使わず、補足情報はコメント欄にてご対応ください。必要に応じて、2文を追加することもできます。
最も広い意味では、意思伝達は、人々の間の考えや感情を伝達するあらゆる形を包〇する。
日本は開発途上国に対し、２０億円の包〇援助を保証しました。",括,"括:fasten;tie up;arrest;constrict",Guess the hidden Kanji,Text
"何人も、〇問又は残虐な、非人道的な若しくは屈辱的な取扱若しくは刑罰を受けることはない。
大戦後、オランダは最も多くの日本人を〇問・処刑したが、中には無実の人もいた。
〇問にかけられて彼は犯していない罪を認めた。",拷,"拷:torture;beat",Guess the hidden Kanji,Text
"覚えようとするのじゃなくて、圧倒的な量を体にくぐらせるという方法は、性格に合う人間にとってはまったく努力のうちに入らない。楽すぎてそこに安住してアウトプットに〇まない人が出てくる。俺もそっちのタイプ。
日本人とアメリカ人との重要な違いの一つは、日本人が安全な人生のコースを選ぶ傾向があるのに対して、アメリカ人は人生を探求し、それに〇戦したがることである。
医者は、そのひん死の男は、数時間前に普通なら死んでしまっているところだといっているが、その男は、いぜん、死に〇んでいる。",挑,"挑:challenge;contend for;make love to",Guess the hidden Kanji,Text
"これ以上ここでもたついてると、後ろの第二関門からも増援が来て、〇撃されるかも知れねーんだぜ。
奥歯に物の〇まった言い方をせず、ズバリ直球で言ってあげる事をお勧めします。
・・・言いたいことは色々あるのだが、ここで口を〇むのは野暮というもの。",挟,"挟:pinch;between",Guess the hidden Kanji,Text
"ところどころ叫び声のような、うめき声のような効果音が〇入されていることも、不気味で気持ち悪かった。
このままでは熾烈な情報戦に勝てない。ＣＩＯの首を〇げ替えよう。
著者は自分の本に多くの〇し絵を入れた。",挿,"挿:insert;put in;graft;wear (sword)",Guess the hidden Kanji,Text
"二日も三日も〇しあるいて、いかにしても見つからぬというのが神隠しで、これに対しては右のごとき別種の手段が、始めて必要であったのだが、前代の人たちは久しい間の経験によって、子供がいなくなれば最初からこれを神隠しと推定して、それに相応する処置を執ったものである。
定住してる生活するほとんどのイタチ科と違って、クズリは、絶えず餌食を〇して、1500-2000平方キロまでを占める自分の土地の上で歩き回る。
私たちはその２人の少年をくまなく〇したが、２人とも見つからなかった。",捜,"捜:search;look for;locate",Guess the hidden Kanji,Text
"調査官は、証拠物件をもとめて残るくまなく〇〇した。調査官がその場を去る時、そこはまったく目茶苦茶だった。
警察は爆弾を〇〇する間ホテル周辺の道路を立ち入り禁止にした。
言うまでもないことだが〇〇は徒労に終わった。",捜索,"索:cord;rope;searching;inquiring
捜:search;look for;locate",Guess the hidden Kanji,Text
"私たちはいなくなった子犬を〇したが無〇だった。
群衆の中に彼を〇そうとしても無〇だ。",捜駄,"駄:burdensome;pack horse;horse load;send by horse;trivial;worthless
捜:search;look for;locate",Guess the hidden Kanji,Text
"わたしは近眼のせいもありましょうが、机は明るいところに〇えなければ、読むことも書くことも出来ません。
我々は将来を見〇えつつ、今そこにある危機を乗り越えていかねばならない。
招待もしていないのに息子の友達がおしかけてきて二週間も居〇わった。",据,"据:set;lay a foundation;install;equip;squat down;sit down",Guess the hidden Kanji,Text
"「トムは、教室の〇除サボってどこに行ったの？」「なんかね、『学校新聞に載せる記事の取材してくる』っていいながら、給食室に行ったよ」
彼は、清〇の仕事に従事する人たちが平和的に賃金と労働条件の改善を要求するストライキをするのを支援するためにそこに行っていた。
乾燥機を動かす前には、フィルターの〇除を確実に行ってください。さもないと火災を招く可能性があります。",掃,"掃:sweep;brush",Guess the hidden Kanji,Text
"「とりあえず店の前、〇除しといてくれ」「〇解！」「打ち水も頼む」
よし！〇討完〇！",掃了,"掃:sweep;brush
了:complete;finish",Guess the hidden Kanji,Text
"積極的な姿勢があれば、解決できる問題はそのやり方を求め、〇握できない事柄からは手を引くことになる。
先生はクラスを〇握しており、ふつうは、クラスの前に立って、授業の間じゅう生徒に講義をしています。
暴力団の組長は団員全部に規則を守らせ、恐怖感によって、団員を〇握した。",掌,"掌:manipulate;rule;administer;conduct;palm of hand",Guess the hidden Kanji,Text
"アメリカは世界の１／４の二酸化炭素を〇出しており、一人当たりの〇出量も世界で最も多いのです。
これらの人々がコミュニティから〇除されたのだと考えることは非合理的だとは言えない。
植民地時代には、外国人居住者に限定されたかなり〇他的な場所でした。",排,"排:repudiate;exclude;expel;reject;line up;arrange",Guess the hidden Kanji,Text
"初期の自覚症状としては、〇〇障害がありますが、多くの場合、はっきりとした症状がありません。
〇〇の終わり頃に痛みがあります。
〇〇の後、痛みがあります。",排尿,"尿:urine
排:repudiate;exclude;expel;reject;line up;arrange",Guess the hidden Kanji,Text
"「いらっしゃいませ」「１０時に予約していた本田です」「ご来店ありがとうございます。本日は、タクシーでのご案内となります。タクシー到着までもう少しお時間をいただくようになりますので、もしよろしければこちらに〇けてお待ちください」「じゃぁ、ちょっとタバコ吸ってくる」
「トムってさ、年がら年中同じ服着てるよね」「そうなんだよ、あいつの家に行ったら同じ服がズラッとハンガーに〇かってた。でもブランドにはこだわりがあるらしいよ」
発音し分けられない音はなかなか聞き分けられないから、コミュる気はなくても発音は重要だよ。あと発音はつづりを覚える手〇かりにもなるし。",掛,"掛:hang;suspend;depend;arrive at;tax;pour",Guess the hidden Kanji,Text
"彼は性については割と〇えめに語った。それは自身の性的悩みについて語るのを避ける彼流の方法だった。
ラマダン中って、ムスリムさんは日中に食べること、飲むこと、性行為を〇えなきゃいけないのよ。
クリスマスを２、３週間後に〇えていた頃、トムは右足を骨折し、病院へかつぎ込まれた。",控,"控:withdraw;draw in;hold back;refrain from;be moderate",Guess the hidden Kanji,Text
"日本がそれらの不当な関税を撤廃しなければ、アメリカは制裁〇置を取るだろう。
日本が不公平な関税を撤廃しなければ、米国は制裁〇置をとるだろう。
日本がそれらの障壁を撤廃しなければ米国は制裁〇置を取るだろう。",措,"措:set aside;give up;suspend;discontinue;lay aside;except",Guess the hidden Kanji,Text
"そして今夜、彼女がアメリカで100年にわたって見てきた全てのものについて考えています。悲嘆や希望、もがきや前進、出来やしないと言われた回数、そしてあのアメリカ的信条を〇げて前進した人々、そう我々はできる、という。
一方、全国紙の一社だけが夕刊に日米交渉は実質合意に至ったという見出しを〇げて、政府関係者を含め多くの人を驚かせた。
ネットワーク誌１１月号に〇載されていたあなたのレポートを７０部コピーし、私どもの代理店に配ってよろしいですか。",掲,"掲:put up (a notice);put up;hoist;display;hang out;publish;describe",Guess the hidden Kanji,Text
"どうやったらカラッと〇がったおいしい天ぷらができるんだろう。何かコツでもあるのかな。
小太郎が、大きい〇羽の蝶を見つけて、草原の中へ十間ばかり追いかけて行った。
人の〇げ足を取るばかりじゃなく、もっと建設的な意見を言ってくれないかな。",揚,"揚:raise;elevate;hoist;praise;extol;fry in deep fat",Guess the hidden Kanji,Text
"物資は、遥かに人間以上に、地球の表面を移動し続けている偉大な旅行者なのだ。際限のない物資の流れが世界中で交〇されているが、それは地球上の人の住む場所で貿易に関わらないところはほとんどないことを意味する。
量子力学系の観測可能量は、ハミルトン演算子と可〇で且つ直接には時刻に依存しない場合、運動の定数と呼ばれる。実際、その様な観測可能量の平均値はどの様な状態に於いても時間的に一定となるのである。
しかし、面倒な乗り〇えをしなくてすむＪＲの成田エクスプレス（空港から３０分から６０分おきに出発します）をお使いになることをおすすめします。",換,"換:interchange;period;change;convert;replace;renew",Guess the hidden Kanji,Text
"言い〇えれば、トムは〇け者ってことだよ。
〇言すれば彼は〇け者だ。",換怠,"怠:neglect;laziness
換:interchange;period;change;convert;replace;renew",Guess the hidden Kanji,Text
"彼はお金と引〇に切〇を受け取った。
乗り〇え切〇をもらえますか。",換符,"符:mark;tally;charm;token;sign
換:interchange;period;change;convert;replace;renew",Guess the hidden Kanji,Text
"アメリカの光がまだ輝きとして燃えているどうかを疑う人へ、今夜、我々の国の真の強さは軍隊の力や富の規模からではなく、民主主義、自由、機会、不屈の希望といった我々の理想への〇るぎない力から来るともう一度証明した。
私は、この旅で心底共に戦った、スクラントン通りで育ち、デラウエアの自宅へ帰る電車に〇られるような人々に演説をしてきたパートナーに感謝したい。合衆国副大統領のジョー・バイデン氏だ。
「トム地震のとき起きてた？」「え、地震あったの？」「うん、1時半すぎ。けっこう大きな〇れだったよ」「まじか。普通に爆睡してたわ」",揺,"揺:swing;shake;sway;rock;tremble;vibrate",Guess the hidden Kanji,Text
"米航空宇宙局によれば、ガリレオ〇載のものと類似した発電機を〇載して行った宇宙飛行２２回のうち、３回の飛行で事故が発生したとのことです。
大容量のＲＡＭが〇載されていると、メモリ不足を示すエラーメッセージが表示される。
またのご〇乗を乗務員一同、心よりお待ち申し上げております。ごきげんよう。",搭,"搭:board;load (a vehicle);ride",Guess the hidden Kanji,Text
"「もしもし、田中さんのお宅ですか？」「はい」「〇帯の方に何度かおかけしたのですが、繋がらなかったのでご自宅の方へご連絡させていただきました」「ははは。ごめんごめん。〇帯料金払ってないんだ」
インターネットや〇帯電話、デジタル化といった技術の進歩は、人々の意識や行動、政治への関心にどのような影響を与えているのだろうか。
「トム〇帯何台持ってる？」「何台って、〇帯ってそんな何台も持つもんなの？」「私は4台持ってるよ」「何のために？」",携,"携:portable;carry (in hand);armed with;bring along",Guess the hidden Kanji,Text
"〇帯で写真を〇ってください。
トムの〇帯は写真も〇れる。",携撮,"携:portable;carry (in hand);armed with;bring along
撮:snapshot;take pictures",Guess the hidden Kanji,Text
"資本主義とは人間による人間の〇取である。共産主義はその真逆だ。
僕はたまにオレンジを〇ってジュースを作る事がある。
彼女はたくさんのオレンジから果汁を〇り出した。",搾,"搾:squeeze",Guess the hidden Kanji,Text
"日本では、諸外国と比較して食生活におけるトランス脂肪酸の平均〇取量は少なく、相対的に健康への影響は少ないと主張する説もある。
後に、高校生になると、僕はビタミン剤を常用するように化学を「〇取した」
栄養をきちんと〇ることは、幼児の発育には極めて重要なことです。",摂,"摂:vicarious;surrogate;act in addition to;take in;absorb",Guess the hidden Kanji,Text
"その〇天楼はまわりの他の建物の上方にそびえていた。
いわゆる貿易〇擦はいつの日か避けることができよう。
現在の日米貿易〇擦の原因は何であると思いますか。",摩,"摩:chafe;rub;polish;grind;scrape",Guess the hidden Kanji,Text
"私の方が認識不足だったかもしれません。あゆみさんに失礼なことを言ってしまった上の文は、〇回します。
自民党は増税の法案を提出したが、猛烈な反対にあって〇回した。
ソ連軍はアフガニスタンからの〇退を開始した。",撤,"撤:remove;withdraw;disarm;dismantle;reject;exclude",Guess the hidden Kanji,Text
"わたしたちの会社はマンモス会社で、繁雑な面を少くし能率を上げるために、改正あるいは〇〇すべき規則とか規約がいくつかある。
日本がそれらの不当な関税を〇〇しなければ、アメリカは制裁措置を取るだろう。
日本が不公平な関税を〇〇しなければ、米国は制裁措置をとるだろう。",撤廃,"廃:abolish;obsolete;cessation;discarding;abandon
撤:remove;withdraw;disarm;dismantle;reject;exclude",Guess the hidden Kanji,Text
"「昨日ね、お好み焼き食べに行ってきた」「いいね！羨ましいな〜」「写真も〇ったよ。見る？」「うん！あー、おいしそう」「この白いのはね、ダブルチーズ焼きよ。一緒に行ったら、これにしようね」
「今日は、どうされましたか？」「昨日から、腰を曲げるとここら辺に激痛が走って、何もできないんです」「そうですか。わかりました。一度レントゲンを〇ってみましょうね」
芸術のためといえばどんなことでも許されるのですね。ではハメ〇りも芸術ですから，それを展示するというのはどうですか。",撮,"撮:snapshot;take pictures",Guess the hidden Kanji,Text
"ジェーンは以前に相〇を見た事があったかのように相〇のことを知っていました。
相〇はとてもおもしろい。そうでなければ彼女は相〇に興味を持たないだろう。
ジェーンはイギリスで相〇を見る事ができればよいのにと思っています。",撲,"撲:slap;strike;hit;beat;tell;speak",Guess the hidden Kanji,Text
"ロブソンの提案は、大義名分があるからといってテロリストを〇護するようなものである。
彼は人の自己尊厳のほうが重要だという理由で、自殺を〇護する。
肌の色のいかんを問わず、彼は万人の言論の自由を〇護した。",擁,"擁:hug;embrace;possess;protect;lead",Guess the hidden Kanji,Text
"「どうしたの？」「靴〇れしちゃった」「だから、新しい靴はやめときって、言ったでしょ？絆創膏あるよ」「ありがとう」
シンと静まった部室。響くのは、クロッキー帳に〇れる鉛筆の音だけ。
この〇り切れたカーペットを取り除かねばならないでしょう。",擦,"擦:grate;rub;scratch;scrape;chafe;scour",Guess the hidden Kanji,Text
"なるほど、言われてみれば確かに、田中さんは模〇戦で一度も被弾していませんでしたね。
模〇試験に何回も失敗して、実際に受けてみたら思わぬ結果が出た。
〇声語的表現については、ホピ語に興味深い例がある。",擬,"擬:mimic;aim (a gun) at;nominate;imitate",Guess the hidden Kanji,Text
"罪を〇された者、清い者として見做して下さって、天国への道を歩めるようにして下さるのです。
重大な罪については、指導者に告白しなければ〇しを受けることができないとも教えています。
皆〇し合って仲よく暮らすことだよ。人間は皆不幸なのだからな。皆墓場に行くのだからな。",赦,"赦:pardon;forgiveness",Guess the hidden Kanji,Text
"よいものを読んだ後、何も書くな、何も言うな、お前は、その美しい恍惚を、お前の汚れた言葉で汚す恥知らずを〇てするな。
成功する人は、普通の人なら無理だと思うようなことにも果〇に挑戦する傾向にあります。
神を信じ、〇然と敵に向かった、そのクリスチャンの剣闘士は、たくさんの敵を倒した。",敢,"敢:daring;brave;bold;sad;tragic;pitiful",Guess the hidden Kanji,Text
"「ワンワンッ！」「ニャーニャー！」「コケコッコー！」と、動物たちが一〇に鳴き始めた。
市長の人気が落ち目になった途端に、一〇に彼に対する批判が噴き出してきた。
お彼岸が近くなると、不思議と彼岸花が一〇に咲き始めます。",斉,"斉:adjusted;alike;equal;similar variety of",Guess the hidden Kanji,Text
"「もしもし、営業部です」「〇藤くんいるかね？」「〇藤部長ですか？」「そうだ」「失礼ですが.......」「田中だよ。田中」「失礼しました。部長、田中常務からお電話です」
建築は……そんなことはあんまり考えない。ただ、書〇と寝室はコンフオルタブルなものが欲しい。
建築は……そんなことはあんまり考へない。たゞ、書〇と寝室はコンフオルタブルなものが欲しい。",斎,"斎:purification;Buddhist food;room;worship;avoid;alike",Guess the hidden Kanji,Text
"伝説によるとフランスの作曲家アルカンは、自宅の書〇でユダヤ教の聖典タルムードを取ろうとして、倒れてきた本〇の下敷きになって亡くなったという。
書〇にもう一つ本〇が欲しいんだけど、置くスペースがないんだよ。",斎棚,"斎:purification;Buddhist food;room;worship;avoid;alike
棚:shelf;ledge;rack;mount;mantle;trellis",Guess the hidden Kanji,Text
"「お母さんのしゃべり方って、おばあちゃんにそっくりだよね？」「そりゃそうよ。おばあちゃんに育てられたんだから。優〇だって、お父さんの話し方にそっくりよ」
星座は全然詳しくないな。オリオン座とカシオペア座くらいしか見てもわからない。あと北〇七星もわかる。
北〇七星は簡単に見つかる。",斗,"斗:Big Dipper;ten sho (vol);sake dipper;dots and cross radical (no. 68)",Guess the hidden Kanji,Text
"パンを一〇買わなければいけなかったのを思い出した。
私は朝食用に食パンを一〇買った。
馬の〇量を測る。",斤,"斤:axe;1.32 lb;catty;counter for loaves of bread;axe radical (no. 69)",Guess the hidden Kanji,Text
"商売をやめるところも多くなった。しかし浴場の所有者の中には、客集めをねらって、サウナとか運動のための器具など新しい設備を備え、〇設に改善を加えた者もあった。
国土安全保障省の主要業務は、米国内のテロ攻撃を未然に防ぎ、万一、発生した場合は、被害を最小限に食い止め、速やかな復旧を実〇することにある。
今回は事前に日程を決めていないので都合がつかない人もいるかもしれませんが、可能な人だけでも参加してもらって実〇したいと思います。",施,"施:give;bestow;perform;alms",Guess the hidden Kanji,Text
"君は全部のドアを〇〇するか、せめて閉じるべきだった。
ドアが〇〇されていて、私達は中へ入れなかった。
この扉は内側から〇〇されている。",施錠,"錠:lock;fetters;shackles
施:give;bestow;perform;alms",Guess the hidden Kanji,Text
"この重役のポストに適当な人物を見つけるには、人材斡〇業者に依頼する必要がある。
彼女はきっと東京のファッション界に〇風を巻き起こすことでしょう。
聞える〇律は美しいが、聞えない〇律はさらに美しい。",旋,"旋:rotation;go around",Guess the hidden Kanji,Text
"今日の夕方から20時にかけ、日本の広い範囲で部分月食が起こります。今回の部分月食は、月の直径の98%が隠れるため、ほぼ皆〇月食に近い状態になります。「ほぼ皆〇に近い部分月食」は、日本では140年ぶりのことです。お見逃しなく。
思考と発話とが相互依存することからわかるように、言語は、〇成の事実を捉えるための手段というよりも、未知なる真実を見つけ出すための手段である。その多様性は、音声や記号ではなく世界観の多様性なのだ。
日本人には、見知らぬ人と会話を始めてまだくつろいだ気分にならないうちに、相手の、年齢や地位、〇婚か未婚かなどの個人的な事柄を知りたがる傾向がある。",既,"既:previously;already;long ago",Guess the hidden Kanji,Text
"雨林は地表のわずか２％をしめるに過ぎないが、世界の野生の動植物、及び〇虫の半分以上の種類がそこで生息している。
巣は複雑そうに見えるが、クモが巣を作って〇虫を捕るのに時間はほとんどかからない。
クモはそこで、チョウとかトンボといった小さな〇虫が罠にかかるのを待つ。",昆,"昆:descendants;elder brother;insect",Guess the hidden Kanji,Text
"「今日さぁ、〇進したんだ」「へぇ。よかったじゃん」「それがさぁ、〇進はしたんだけどコロナの影響で〇給がなかったんだ。責任だけが増えたって感じ？」「マジで？『奢って』って言おうと思ったけど、気の毒過ぎて言えない。ひとまず、おめでとう」「ありがとう」
日本人は出来るだけ自分と同じような結婚相手を選んだり、安定と、ゆっくりではあるが着実な〇進とを保証する職業を探したり、銀行に貯金したりすることを好むように見える。
暖かい軽い空気は山越えすると上空に上〇し、地上には下りてこないことなど、風は地形によって変わります。",昇,"昇:rise up",Guess the hidden Kanji,Text
"先進諸国では出生率の上〇が図られる一方で、発展途上国では出生率の〇制が叫ばれる。これは先進国側のエゴととらえられ、発展途上国側との合意形成は極めて難しいことになろう。
政府は物価の上〇を〇えた。",昇抑,"抑:repress;well;now;in the first place;push;shove;press;seal;do in spite of
昇:rise up",Guess the hidden Kanji,Text
"僕は、黄色い粉末を白い粉末と混ぜて茶色の粉末にしたり、結〇を粉末と混ぜてほこりにしたり、液体を固体と結合させて、泥を作ったりなどあれこれやってみたのだ。
江本勝は氷の結〇に人類へのメッセージが読みとれると思っています。
２月の誕生石は、アメジストです。和名は「紫水〇」と言います。",晶,"晶:sparkle;clear;crystal",Guess the hidden Kanji,Text
"退職した〇には全ての時間をタトエバに捧げよう。
ニワトリは〇に鳴く。
オンドリは〇に鳴く。",暁,"暁:daybreak;dawn;in the event",Guess the hidden Kanji,Text
"娘は〇らく黙っていたが、やがてちょっとかすれた上ずった声で、 「小沢さんはあたしが嫌いなんでしょう？」 　と、言った。
「直る見込みは？」「システム開発チームのシュバイシェン博士が現在闘病中のため、もう〇くはかかるかと・・・」
われわれはその会合を〇定的に月曜日ときめています。それは変更することがあります。",暫,"暫:temporarily;a while;moment;long time",Guess the hidden Kanji,Text
"重〇は必ず食品用を使ってください。
塩と重〇を水に加えてください。",曹,"曹:office;official;comrade;fellow",Guess the hidden Kanji,Text
"代表的なコンピュータシステムにはどのようなものがあるのか等の素〇な質問に答えることを目標にしている。
素〇な疑問なんだけど、・・・トラとライオンはどっちが強いの？
マリーは素〇な学生だ。",朴,"朴:crude;simple;plain;docile",Guess the hidden Kanji,Text
"〇本夫人はいつもこぎれいな着物を着ている。
小〇さんにお目にかかりたいのですが。
私は、上〇憲信が好き。",杉,"杉:cedar;cryptomeria",Guess the hidden Kanji,Text
"東京大学理学部生物化学科・生物情報科学科3年生の学生実習を担当します。修飾siRNAによるオフターゲット効果を調べるため、マイクロアレイのデータを情報基盤センターのiMac端末で解〇します。
その分〇によって、ボーイング社は、他にも問題があったかもしれないが、乗務員が彼らの任務を正しくやっていれば、事故を回避することができただろうと、言いたいのである。
安全性が改善されない限り、２０１０年までにジェット旅客機は週に１度の割合で空から落ちる事態になっている可能性があると、ボーイング社の分〇は予測している。",析,"析:chop;divide;tear;analyze",Guess the hidden Kanji,Text
"〇が出来上がると、クモはちょうど自転車の車輪のやのように、それに絹の糸をかける。
ここでの問題は、社会のトレンドを概観できるような〇組みを創出することである。
イノベーションを起こす人は、いったん今までの〇組みから外に出て考える。",枠,"枠:frame;framework;spindle;spool;bounding-box;(kokuji)",Guess the hidden Kanji,Text
"私はもっと敵の抵抗があると踏んでたんだけど、むしろ中〇に進むほど敵が減ってきてる・・・。おかしいと思わないかしら？
国家の文化とアイデンティティという〇要な問題から切り離された時点で、比較文化はその方向性を失う。
東京は今や世界経済の中〇だ。",枢,"枢:hinge;pivot;door;center of things",Guess the hidden Kanji,Text
"人間としてお生まれ下さった主キリストは、全人類の罪を負われ、十字〇で死なれました。
20世紀の後半、アルノー・デジャルダンは東洋と西洋の精神性の間に〇け橋を作った。
そのうち、小さな村落の真上を高〇線が行ったり来たりするようになりました。",架,"架:erect;frame;mount;support;shelf;construct",Guess the hidden Kanji,Text
"あやうく〇業者の甘言に騙され、大損するところでした。
我々は〇氏からそれを聞いたのだ。",某,"某:so-and-so;one;a certain;that person",Guess the hidden Kanji,Text
"花火のフィナーレを飾った「しだれ〇」は、夜空に華やかに舞い上がり、緩やかな弧を描きながらゆっくりと垂れ下がって、やがてその可憐な姿を消していった。
あいつにはまいったよ。どんなに厳しく怒っても、〇に風と受け流すだけだよ。
〇の枝に雪折れなし。",柳,"柳:willow",Guess the hidden Kanji,Text
"いつも〇の下に〇鰌は居らぬ。
〇の下の〇鰌。",柳泥,"泥:mud;mire;adhere to;be attached to
柳:willow",Guess the hidden Kanji,Text
"ネコがひっくり返すといけないから、ビンに〇をしなさい。
洗面所の〇を抜くと、水がガバガバ流れ出した。
お風呂の〇を抜くから、お湯が減ったでしょ。",栓,"栓:plug;bolt;cork;bung;stopper",Guess the hidden Kanji,Text
"北朝鮮が６か国協議の合意に基づき〇開発計画を申告した２６日、米国が「テロ支援国」の指定解除手続きに入ったことで、拉致被害者の家族らには「拉致問題が置き去りにされるのでは」という不安が広がった。
お宅のお子さまは、破傷風、百日咳、ジフテリア、はしか、結〇、ポリオ、水ぼうそう、風疹、肝炎、その他の疾病の予防接種はお済みですか？
広島平和資料館内には、「広島への原爆投下からの日数」および「最後の〇実験からの日数」を刻む『地球平和監視時計』が設置されています。",核,"核:nucleus;core;kernel",Guess the hidden Kanji,Text
"我々はすべての〇兵器を〇止しなければならない、なぜならば人類に死をもたらすからである。
米国の〇〇棄物、テロ攻撃の標的になりうる。
私達は〇兵器の〇絶を願っている。",核廃,"核:nucleus;core;kernel
廃:abolish;obsolete;cessation;discarding;abandon",Guess the hidden Kanji,Text
"そんな折、重い結〇を〇ったヒンドゥー教の僧侶が運ばれました。 マザー・テレサは、他の人と同じく僧侶を介抱しました。
最近、肺結〇を〇う人はほとんどいない。",核患,"核:nucleus;core;kernel
患:afflicted;disease;suffer from;be ill",Guess the hidden Kanji,Text
"その物理学者は〇〇合の潜在的な危険性に気づいていた。
原子力は原子〇分裂と〇〇合反応で作られている。
〇〇合の実用化には巨額の費用と時聞がかかる。",核融,"核:nucleus;core;kernel
融:dissolve;melt",Guess the hidden Kanji,Text
"「ハナミズキ」は、1915年アメリカ合衆国ワシントンD.C.から苗木が贈られ日本で植〇されるようになった。
この盆〇鋏は、包丁とはさみを扱う鍛冶屋で作られました。
私のね、桜の盆〇が咲き始めたんだ。",栽,"栽:plantation;planting",Guess the hidden Kanji,Text
"私はハーブの〇〇に熱中しており、あなたのホームページはとても参考になります。
無農薬〇〇とは、農薬を使わずに穀物、野菜、果物などの植物を〇〇する方法です。
永続的な家をもたなかったから、食糧のための作物を〇〇することがなかった。",栽培,"培:cultivate;foster
栽:plantation;planting",Guess the hidden Kanji,Text
"コンクリート〇橋なのですが、途中何カ所か崩壊しています。
昔ここには〇橋があったんだ。",桟,"桟:scaffold;cleat;frame;jetty;bolt (door)",Guess the hidden Kanji,Text
"宗教にハマっている人たちを見てると，なんかイヤになっちゃうよね。どうしてああいう風に理性的に考えることをやすやすと放〇できるんだろう。
第二が周辺環境との親和性であり、最小の廃〇物、自然エネルギーの利用等、周辺の生態と調和した住空間を形成することである。
ß はとても美しい文字なので、あんなに多くの単語でこれを〇てて ss と書く気にはなれないのです。",棄,"棄:abandon;throw away;discard;resign;reject;sacrifice",Guess the hidden Kanji,Text
"司教は、自暴自〇になった移民たちを〇れんで助けを与えた。
宗教は、自暴自〇になった移民達を〇れんで助けを与えた。",棄哀,"哀:pathetic;grief;sorrow;pathos;pity;sympathize
棄:abandon;throw away;discard;resign;reject;sacrifice",Guess the hidden Kanji,Text
"西洋将〇盤の最初の升目に一粒、二升目に二粒、三升目に四粒の小麦を置き、この通りに最後の升目まで続けてゆけば、全部で１８４４京６７４４兆７３７億９５５万１６１５粒となる。これは大雪山の百倍の高さの山を作るのに充分な量である。
若い〇士が多少、尊大な感じになるのはよくあることで、 そういうことは将〇界に限った話ではないでしょう。
将〇の〇譜には著作権があるのか、といったことはいろいろなところで議論されています。",棋,"棋:chess piece;Japanese chess;shogi",Guess the hidden Kanji,Text
"そのうち読もうと思って買い揃えた世界文学全集も、結局ほとんど読まないまま本〇に飾ってあり、宝の持ち腐れになっている。
「ジュースが欲しい人は？」アンナは食器〇のジューサーを取り出しながら尋ねました。
「ジュースが飲みたい人！」アンナは戸〇からジューサーを取り出しながら聞きました。",棚,"棚:shelf;ledge;rack;mount;mantle;trellis",Guess the hidden Kanji,Text
"その本を読み終えたら本〇に〇しておきなさい。
この本を本〇に〇しておきなさい。
これらの本を書〇へ〇しなさい。",棚戻,"戻:re-;return;revert;resume;restore;go backwards
棚:shelf;ledge;rack;mount;mantle;trellis",Guess the hidden Kanji,Text
"この県営住宅は、五階建てで、一〇に五つの階段があり、一つの階段に十世帯、一〇で計五十世帯が住めるように設計されています。
集会所から二十号〇までの道は昔と変わっていなかった。
美術館の東の陳列〇は清掃のため閉鎖されていた。",棟,"棟:ridgepole;ridge",Guess the hidden Kanji,Text
"その摩天〇はまわりの他の建物の上方にそびえていた。
そのビルはニューヨークの摩天〇と比べると小さい。
君の計画は砂上の〇閣に過ぎないよ。",楼,"楼:watchtower;lookout;high building",Guess the hidden Kanji,Text
"フランツ・リストは「交響詩」という〇念を創始した。交響詩とは、音楽外の内容を音楽によって描写するオーケストラ作品のことである。そこでは人々、伝説上の人物、風景、絵画などが描写される。
日本の建前と本音という〇念は、僕にとって、互いに嘘をついてるだけだと思う。表面的なものだけじゃない？本当は？気持ちを傷つけないためと分かってても、やっぱりあまり好きじゃない。
知覚は、大部分、〇念のモデルに基づいているのである。だが、そのモデルは常に不十分であり、多くの場合、不完全であり、時にはひどく間違っている場合もある。",概,"概:outline;condition;approximation;generally",Guess the hidden Kanji,Text
"〇して、真理が基〇的なものであればあるほど、その実用の可能性も大きくなる。
〇して言えば、親子の関係は本質的には教えることを基〇としている。",概礎,"概:outline;condition;approximation;generally
礎:cornerstone;foundation stone",Guess the hidden Kanji,Text
"最近いった歯医者で「歯〇膿漏がありますね」と言われ悩んでいます。
赤ちゃんが浴〇の中でバシャバシャと水しぶきをあげていた。
スイッチ一つで浴〇に自動的にお湯が入るので、便利です。",槽,"槽:vat;tub;tank",Guess the hidden Kanji,Text
"そうか，今の時間帯まともな〇米の人は眠っているから全然返信が来ないんだな。明日まで待ってみよう。
信仰の問題を考えると、３０年代、および西〇の共産主義との恋愛ということに向かわざるをえない。
日本文学は、その美しさと豊かさにもかかわらず、西〇ではまだ不十分にしか知られていない。",欧,"欧:Europe",Guess the hidden Kanji,Text
"我我の自然を愛する所以は、――少くともその所以の一つは自然は我我人間のように妬んだり〇いたりしないからである。
騙されやすい人はたえず生れてくるといった人があるが、詐〇師は、いずれも、このことを承知している。
あの詐〇師と金髪のコールガールは下宿のおかみさんを怒らせるには申分のない取り合わせだ。",欺,"欺:deceit;cheat;delude",Guess the hidden Kanji,Text
"日本のＯＤＡは返済期間３０年、利率２％前後という条件の緩い円借〇が大部分を占める。
定〇が完成したら公証役場に行って、作成した定〇の認証を受ける必要があります。
国際通貨基金は同国に対する新たな借〇も認めませんでした。",款,"款:goodwill;article;section;friendship;collusion",Guess the hidden Kanji,Text
"三人寄れば文〇の知恵って言うだろ。みんなで考えれば、いい案が浮かぶかもしれないよ。
特〇能力があるかどうかは分かりませんが、普通の人間以上の力はあった事でしょう。
ｎａｍｅにはページの識別名（日本語や特〇な文字は使用できません）を与えます。",殊,"殊:particularly;especially;exceptionally",Guess the hidden Kanji,Text
"どんなことでも許されたのです。つまり、相手を蹴っても、つまずかせても、〇っても、あるいはかんでも良かったのです。
保安官は容疑者を相手が死んでしまうのではないかと思われるまで何回も〇りつけた。
貴様、俺の自転車を盗みやがったな。いまから、顔をぶん〇ってやるぞ。",殴,"殴:assault;hit;beat;thrash",Guess the hidden Kanji,Text
"連中は彼を〇り倒して、彼から時計を〇い取った。
不良たちは彼を〇り倒して財布を〇った。",殴奪,"奪:rob;take by force;snatch away;dispossess;plunder;usurp
殴:assault;hit;beat;thrash",Guess the hidden Kanji,Text
"みんなにとって苦手なことってないか？そしてあたなも自分の〇を破ってみないか？
ゆで卵の〇をむくのって、どうやったらきれいにできるの？何かコツとかあるの？
「食堂はもぬけの〇だったよ」「もぬけの〇？誰もいないの？」「人っ子一人ね」",殻,"殻:husk;nut shell",Guess the hidden Kanji,Text
"テーブルに広げたレシピの本を見ながら、メアリーは「このお味噌〇をもう一度作りたいの……だけどね、このワカメが必要で……」と言うと、トムは「それなら手に入るよ」と答えました。
今年は、リンゴの果〇を吸うカメムシが大量に発生し、りんご農家は深刻な被害を受けました。
ハチミツ、レモン果〇、ローストアーモンドとすりおろしたリンゴを加えます。",汁,"汁:soup;juice;broth;sap;gravy;pus",Guess the hidden Kanji,Text
"入り〇には、小さいヨットよりもキャビン付きの大きめのヨットの方がたくさんあるんだ。
〇戸の街並みを再現したオープンセットでは、ちょうど映画の撮影が行われていた。
〇戸っ子にとってこの初鰹は借金しても食べるべきものだったようです。",江,"江:creek;inlet;bay",Guess the hidden Kanji,Text
"さらにインド洋のモルジブ諸島の中には、完全に水〇する島も出ることが予想される。
問題に〇頭すれば、油が風波をしずめるように、かんたんに、その問題がとける。
彼はその経歴の絶頂にあった時、スキャンダルが起こって彼を〇落させた。",没,"没:drown;sink;hide;fall into;disappear;die",Guess the hidden Kanji,Text
"お湯が〇くまで時間がかかるから、その間に洗い物を済ませちゃいましょう！
私はお湯も〇かせない、まして七面鳥など焼くことができない。
ジェシーはコーヒーを入れる為にお湯を〇かしている。",沸,"沸:seethe;boil;ferment;uproar;breed",Guess the hidden Kanji,Text
"でーきた！あとはみんなが来るまで、〇〇しないように弱火にしてっと。
ふたをして始めは強火、〇〇したら中火にして約７分間煮ます。
お湯が〇〇し始めるとすぐに彼女は材料を加えた。",沸騰,"沸:seethe;boil;ferment;uproar;breed
騰:leaping up;jumping up;rising;advancing;going",Guess the hidden Kanji,Text
"女性ホルモン分〇の乱れが不妊症の大きな原因です。
乳首から分〇液が出ます。",泌,"泌:ooze;flow;soak in;penetrate;secrete",Guess the hidden Kanji,Text
"一番大きなお鍋、小麦粉、バター、牛乳、お砂糖、ボールと〇立て器、エプロンを二枚、マッチ、リュックサックを取った。
ビールは麦芽の含有量によって課税されるから、発〇酒の方が安いんだよ。
洗顔料を良く〇立ててから顔を洗うと、皮脂の汚れが良く落ちます。",泡,"泡:bubbles;foam;suds;froth",Guess the hidden Kanji,Text
"彼らは南ローデシアに着くと、共同給水設備のある〇でできた簡易住宅からなる移民キャンプか、ホテルを選択しなければならなかった。そこで彼らは資産家として知られていたのでホテルを選んだ。
公園で酔っ払いが騒いでいると近隣住民から通報があり、警察官が駆けつけたところ、〇酔し全裸になった草彅が一人でいた。
「まがりなりにも通じている」ということと「正しい英語を使っている」ということには雲〇の差があります。",泥,"泥:mud;mire;adhere to;be attached to",Guess the hidden Kanji,Text
"三村・〇之氏（みむら・やすゆき＝コニチカ株式会社取締役）三日、心不全で死去。４５歳。
日本は一見天下〇平だが、実はいろいろな根深い問題を抱えている。
彼女に目をかけられれば、あなたは安〇でいられますよ。",泰,"泰:peaceful;calm;peace;easy;Thailand;extreme;excessive;great",Guess the hidden Kanji,Text
"ある朝〇穴から子どもの狐が　出ようとしましたが、「あっ。」と叫んで眼をおさえながら母さん狐のところへころげてきました。「母ちゃん、眼になにか刺さった、ぬいてちょうだい早く早く。」といいました。
親子の銀狐は〇穴から出ました。子供の方はお母さんのお腹の下へはいりこんで、そこからまんまるな眼をぱちぱちさせながら、あっちやこっちを見ながら歩いて行きました。
「〇穴の中で何が起こっているんだろう？すごく知りたいなあ」「見当もつかないよ」",洞,"洞:den;cave;excavation",Guess the hidden Kanji,Text
"ゴールデンウィーク連休中には、多くのボランティアが地震と〇波の被害を受けた東北地方へ出向いた。
戦争は決して地震や〇波のような天変地異ではない。何の音沙汰もなく突然やってくるものではない。
この周辺は海抜２．5メートルです。〇波の際は、速やかに高い所に避難してください。",津,"津:haven;port;harbor;ferry",Guess the hidden Kanji,Text
"米国の多くの地域で、〇水の危険性の高まりが人々の安全、健康、財産、インフラ、経済、環境に影響を及ぼしている。
一部の住民が様子見の態度を取る一方で他の者は大〇水に備えた。
〇水のおそれがあって町の全員の避難が必要になった。",洪,"洪:deluge;flood;vast",Guess the hidden Kanji,Text
"大〇水がその地域の交通網を〇痺させた。
大〇水で現地の交通網が〇痺した。",洪麻,"洪:deluge;flood;vast
麻:hemp;flax;numb",Guess the hidden Kanji,Text
"平安後期から鎌倉時代にかけては末法思想と〇土教の興隆を背景として、やがて鎌倉新仏教といわれる諸宗派が誕生しました。
この空気清〇機、買ったとき結構いい値段したんだけど、マイナスイオンって科学的には怪しいんだってね。
勝手に水質検査を行ったあげく〇水器を売りつけるなど、悪質な訪問販売が多発しています。",浄,"浄:clean;purify;cleanse;exorcise;Manchu Dynasty",Guess the hidden Kanji,Text
"三〇氏はある週刊誌に対して名誉毀損の訴えを起こした。
見渡せば花も紅葉もなかりけり〇の苫屋の秋の夕暮。
三〇容疑者の拘置中の過ごし方が明らかになった。",浦,"浦:bay;creek;inlet;gulf;beach;seacoast",Guess the hidden Kanji,Text
"彼女は、数ペニーを節約するために半時間を〇費するなと、彼を説得できなかった。
彼女にはその夜は退屈でおもしろくなかった。早い話が、時間の〇費であった。
彼女は、その夕べを退屈でおもしろくないと、要するに時間の〇費だと思った。",浪,"浪:wandering;waves;billows;reckless;unrestrained",Guess the hidden Kanji,Text
"〇費なければ欠〇なし。
〇費は欠〇のもと。",浪乏,"乏:destitution;scarce;limited
浪:wandering;waves;billows;reckless;unrestrained",Guess the hidden Kanji,Text
"一方、全国紙の一社だけが夕刊に日米交〇は実質合意に至ったという見出しを掲げて、政府関係者を含め多くの人を驚かせた。
ほとんどの報道機関は交〇の成果について、進展はあったものの時間切れで物別れに終わったと報じた。
この論文では交〇における仲介者の立場に関する困難点は何かという問題をとりあげる。",渉,"渉:ford;go cross;transit;ferry;import;involve",Guess the hidden Kanji,Text
"幸福人とは、 過去の自分の生〇から、満足だけを記憶して居る人々であり、 不幸人とは、それの反対を記憶して居る人々である。
教育は若い時代に限られてはならず、われわれの全生〇を通じて継続して行われるものでなければならない。
恥の多い生〇を送って来ました。自分には、人間の生活というものが、見当つかないのです。",涯,"涯:horizon;shore;limit;bound",Guess the hidden Kanji,Text
"審判の方をちらりと睨むが、審判は〇しい顔して鼻クソをほじっていやがった。「ちくしょう、八百長かよ・・・」
猛暑日となった今日、公園では水遊びをする子どもや木陰で〇む人の姿がみられました。
氷の入ったグラスにサイダーを注ぐとシュワシュワと〇しげな音がしました。",涼,"涼:refreshing;nice and cool",Guess the hidden Kanji,Text
"彼女は〇女であり、そのように待遇されるべきである。
彼女は〇女であり、〇女としての扱いを期待している。
彼女はどこから見てもイギリスの〇女だ。",淑,"淑:graceful;gentle;pure",Guess the hidden Kanji,Text
"のどが〇いているなら、おじいちゃんが持ってきてくれたばかりのオレンジでオレンジジュースを作ってあげるよ。
遠く離れたところにある水は、あなたの急な喉の〇きを潤してはくれません。
今日はなんだか喉が〇いてしょうがない。朝から水ばっかり飲んでるよ。",渇,"渇:thirst;dry up;parch",Guess the hidden Kanji,Text
"「花札のやり方ってわかる？」「小さい頃、お父さんに教えてもらって何回かしたことはあるけど、忘れちゃったな。どうして？」「子供が花札したいって言うんだけど、やり方がよく分からなくて」「美紀の子って、相変わらず〇いわね」
「〇谷駅まで歩いてどれぐらいかかる？」「〇谷駅なら、ここから目と鼻の先だよ。ほら、あそこに見えるのが〇谷駅だよ」
私は車で通勤していますが、交通〇滞に巻き込まれないようにできるだけ早くに家を出るようにしています。",渋,"渋:astringent;hesitate;reluctant;have diarrhea",Guess the hidden Kanji,Text
"まぁ実際問題、そんな噂が〇巻く中でよく部活が存続してると思うぜ。
トムとメリーがデートしているという噂が数週間〇巻いている。
ボートが〇潮にのまれ、ひっくり返りました。",渦,"渦:whirlpool;eddy;vortex",Guess the hidden Kanji,Text
"この国の〇に爆弾が落下し、独裁が世界を支配しようとしたとき、時の国民が立ち上がり、偉業を達成し、そして民主主義を救うのをクーパーさんは見ていました。Yes we can。私たちにはできるのです。
メキシコ〇で使われた大量のオイルフェンスは、リサイクルされて電気自動車のパーツになっている。
城からそのふもとをゆるやかに〇曲して流れる川全体が見えました。",湾,"湾:gulf;bay;inlet",Guess the hidden Kanji,Text
"台〇料理はインド料理ほど〇くはないよ。
台〇料理はインド料理ほど〇くない。",湾辛,"湾:gulf;bay;inlet
辛:spicy;bitter;hot;acrid",Guess the hidden Kanji,Text
"この保〇クリーム、本当にコスパがいいの。余裕で半年以上もつし、これだけの大容量で千円もしないんなんて、すごくない？
〇地帯は生態系において水の浄化、洪水と侵食の防止、野生生物への食料とすみかの提供という重要な役割を演じる。
空気の場合、大気中には常にある程度の〇気があるが、その量が大幅に増えると光の波に影響してくる。",湿,"湿:damp;wet;moist",Guess the hidden Kanji,Text
"5月18日、1歳になる彼らの子供がプラスティック袋に包まれて排水〇に棄てられているのが見つかり、若い日本人カップルが逮捕された。
ロンドンの地下鉄には、プラットホームから地下鉄に乗る際の「〇に注意」という警告がある。
そのいさかいは両家の間に深い〇を残した。",溝,"溝:gutter;ditch;sewer;drain;10**32",Guess the hidden Kanji,Text
"この組織は、現状のままに、ほうっておかれるならば、やがて、破〇するだろう。だがこの組織を、復旧させようとすることは、川を渡っている最中に、馬をとりかえることと同じように難しい。
赤道近くの狭い地域にある熱帯雨林は、急速にその姿を消しつつあり、２０００年までにはその８０％が消〇してしまうかもしれない。
ワニは暑い天候ではオスの子供しか生まないので、子供を産むメスがいなくなるという理由で、これもまた絶〇するかもしれない。",滅,"滅:destroy;ruin;overthrow;perish",Guess the hidden Kanji,Text
"会社での人間関係を円〇にするには、同僚ももちろん大切ですが、やはり自分の直属の上司とうまくやっていくことが一番のポイントになってきます。
僕ならスープ皿を持ってきて、グラスを充分に注意しながらテーブルの端まで〇らせて水をそのスープ皿に流し込むな。水は床にはこぼれない。
パーティーの終わりがけに、まだ病院のことでぶつぶつと何かを言っていたとき、彼は氷のかけらで足を〇らせて、左足を折ってしまった。",滑,"滑:slippery;slide;slip;fail exam",Guess the hidden Kanji,Text
"ロジャーは氷で〇って脚に〇我をした。
ロジェは氷で〇って脚に〇我をした。",滑怪,"滑:slippery;slide;slip;fail exam
怪:suspicious;mystery;apparition",Guess the hidden Kanji,Text
"トムは〇の近くの小さな小屋にたった一人で住んでいる。
ナイアガラの〇は世界有数の観光地として名高い。
真夏に運動すると、〇のように汗が流れます。",滝,"滝:waterfall;rapids;cascade",Guess the hidden Kanji,Text
"私は巴里〇在中、二三の画家諸君と識り合ひになり、ちよいちよいアトリエを訪ねるやうなこともあつたが、いつでもその仕事振り、生活振りに多大の興味を惹かれた。
私はパリ〇在中、二三の画家諸君と知り合いになり、ちょいちょいアトリエを訪ねるようなこともあったが、いつでもその仕事振り、生活振りに多大の興味を惹かれた。
ＡＢＣ社のガードナー氏は、２月２０日から２７日までマリオットホテルに〇在中で、ぜひあなたに会いたいとのことです。",滞,"滞:stagnate;be delayed;overdue;arrears",Guess the hidden Kanji,Text
"今夜ここにこうして立つ今も、私たちは知っています。イラクの砂〇でいま目覚めようとする勇敢なアメリカ人たちがいることを。アフガニスタンの山岳で目覚めるアメリカ人たちがいることを。彼らが、私たちのために命を危険をさらしていることを。
今夜、ここにたったとしても、自らの命を危険に晒してアフガニスタンの山やイラクの砂〇の中で起きているアメリカ人がいることを我々は知っている。
彼は私たちに自分のアフリカへの旅、特にサハラ砂〇横断とナイル川沿いの旅を、熱を込めて話して聞かせた。",漠,"漠:vague;obscure;desert;wide",Guess the hidden Kanji,Text
"先の時間に居眠りした分も合わせて、今度の試験はどうも一筋縄ではいかない感じが〇っている。
駅を降りて南へ３分も歩くと、すでにエキゾチックな雰囲気が〇ってくる。
私は彼の葉巻から煙の輪が空中に〇っていくのをじっと見つめていた。",漂,"漂:drift;float (on liquid)",Guess the hidden Kanji,Text
"ひとの声に似た不気味な鳴き声、〇黒の羽、死肉を啄む姿などから、鴉は不幸に舞い降りる不吉な鳥として世界に知られています。
黒い天使は、その〇黒の翼を大きく広げて、空へと舞い上がる。",漆,"漆:lacquer;varnish;seven",Guess the hidden Kanji,Text
"ドキュメントをフランス語に訳すのにフランス語を母国語としない人に頼むのは、水〇れする蛇口の修理を大工に頼むようなものだよ。
その後、カードを引き抜いた。空気はまったく入っていないので水は〇れない。グラスの縁はぴったりテーブルに接しているから。
自分のブログがGoogleにどうインデックスされているか調べてみたが、５つのエントリーが〇れていた。",漏,"漏:leak;escape;time",Guess the hidden Kanji,Text
"〇物を〇けたいけど、〇物石がないという時は、わざわざ買わなくてもペットボトルやビニール袋・鍋などに水を入れて代用することができます。
普段あまり食べないのに、お茶〇けをさらさらと食べているコマーシャルを見ると、無性に食べたくなってしまう。
星印の調味料を混ぜて野菜を〇けるだけで、美味しいピクルスができあがります。試してみてね。",漬,"漬:pickling;soak;moisten;steep",Guess the hidden Kanji,Text
"初恋というものは、〇進的なものである。
〇く、私は何が起きたのか分かった。
〇く目が覚めました。",漸,"漸:steadily;gradually advancing;finally;barely",Guess the hidden Kanji,Text
"ロッククライミングも、海で深く〇ることもしたし、インドネシアの熱帯雨林で眠ったこともある。
従業員の提案や懸念事項に注意深く耳を傾けることは、〇在的な危機を回避するのに役立つ。
もし臓器の販売を合法化したら、〇在的な健康問題が生じるかも知れません。",潜,"潜:submerge;conceal;hide;lower (voice);hush",Guess the hidden Kanji,Text
"「愛にお金は関係ないよね？」「そうか？お金が全てとは思わないけど、お金があると愛は〇うよ」「現実的ね」「君が非現実的過ぎるんだよ」
中央銀行は主にその他の銀行及び政府と業務を行い、利〇をあげることの他に国民経済の利益になる広い責任を負う銀行である。
遠く離れたところにある水は、あなたの急な喉の渇きを〇してはくれません。",潤,"潤:wet;be watered;profit by;receive benefits;favor;charm;steep",Guess the hidden Kanji,Text
"お茶は仕事をスムーズに運ばせるための〇〇油のようなもの。
コミュニケーションは組織の〇〇油だと思います。
大会が〇〇に運営されます。",潤滑,"潤:wet;be watered;profit by;receive benefits;favor;charm;steep
滑:slippery;slide;slip;fail exam",Guess the hidden Kanji,Text
"国産品のように見えて、実は外国産という食品が、氾〇している。
川が氾〇して広い地域が水浸しになった。
この川は雪解けの後氾〇することがある。",濫,"濫:excessive;overflow;spread out",Guess the hidden Kanji,Text
"トムはしばらく服の洗〇をしていなかったので、なんとか着られる程度にきれいなのがないかと思い、汚れた服の山をかき分けて探した。
この洗〇機は発表時にはエポックメイキングな商品と目されたが、後発の新技術によってすっかりかすんでしまった。
課長の奥さん、今旅行中なんだって。それで、鬼のいぬ間の洗〇とばかり、毎日飲み歩いているんだ。",濯,"濯:laundry;wash;pour on;rinse",Guess the hidden Kanji,Text
"洗〇するのはいいんだけど、洗〇物をたたむのが〇なんだ。
洗〇をすることは構わないのだが、服を畳むことが〇いだ。
私は掃除や洗〇をするのが〇です。",濯嫌,"濯:laundry;wash;pour on;rinse
嫌:dislike;detest;hate",Guess the hidden Kanji,Text
"三人の帰還軍人が〇戸内海沿岸のある小さな町のはずれに一軒の家を借りて共同生活をしている。
次第にふけてゆくおぼろ夜に、沈黙の人二人を載せた高〇舟は、黒い水の面をすべって行った。
人生沈む〇あれば浮かぶ〇あるわけだから、あまりくよくよしないように。",瀬,"瀬:rapids;current;torrent;shallows;shoal",Guess the hidden Kanji,Text
"ハワイってさ、暖〇つきの家が多いじゃない？あっちも朝夕は冷えるから、寒がりの人は暖〇を焚くんだ。
大津波による災害のせいで核融合〇は損害をこうむり、原子力発電所が爆発を受けてしまった。
原子力発電所の１号機で、原子〇内の燃料の溶融が進んでいる可能性が高い、と発表された。",炉,"炉:hearth;furnace;kiln;reactor",Guess the hidden Kanji,Text
"お米をお鍋で〇く時は、「始めちょろちょろ、中ぱっぱ、赤子泣いてもふた取るな」って覚えておくといいよ。美味しく〇けるよ。
私は、新居へ移ると共に、私の部屋へ引っ込んで、自分で〇事できるだけの道具ーー土釜、土鍋、七輪の類をととのえた。
日本にいたときは、お米を〇く専用の「〇飯器」っていう機械を使っていたから、鍋で〇くのには慣れてないの。",炊,"炊:cook;boil",Guess the hidden Kanji,Text
"のどの手術は彼の肺〇の回復には役だったが、手術の結果、彼の声は出なくなってしまった。
私たちは、爆発の音を聞き、その家が急に〇に包まれるのを見た。
４年ほど前にアキレス腱が痛くなりアキレス腱〇といわれました。",炎,"炎:inflammation;flame;blaze",Guess the hidden Kanji,Text
"どんなに焦っても〇務的な仕事がどんどん溜まってきて追いつかない。
〇民はまるで羊のように独裁者の後ろにしたがった。
〇民の身から、ジョンは世界的な名声を勝ち取った。",庶,"庶:commoner;all;bastard",Guess the hidden Kanji,Text
"アマゾンから「アカウントへの不正なアクセスがありました」ってメールが来て〇ったんだけど、よくよく考えると、アマゾンにアカウント持ってないんだよね。
しかし、ほとんどの研究はエメットの理論がコンピューター・グラフィックに与えた影響については〇点を当てていない。
電車に乗り遅れた時は遅刻するんじゃないかと〇ったけど、なんとかぎりぎりセーフで間にあったよ！",焦,"焦:char;hurry;impatient;irritate;burn;scorch;singe",Guess the hidden Kanji,Text
"〇位があるから、貴族だというわけにはいかないんだぜ。〇位が無くても、天〇というものを持っている立派な貴族のひともあるし、おれたちのように〇位だけは持っていても、貴族どころか、賤民にちかいのもいる。
これは、あの殺人的な公〇に復讐しようという彼の願いを強めただけだ。
フランクス陸軍大将がナイト〇位の名誉称号を授かりました。",爵,"爵:baron;peerage;court rank",Guess the hidden Kanji,Text
"農業科学の発達のおかげで、世界の食料生産はなんとか人口増加に遅れずに済んだ。ただし未来を〇〇にしてである。
〇〇を楽しみと見なせることは、他人を思いやり思いやることのできる人で、永遠に楽しく、有意義に生きられる。
経験というものは、大きな〇〇を払って得た場合は、決して忘れてしまうことはないものだ。",犠牲,"犠:sacrifice
牲:animal sacrifice;offering",Guess the hidden Kanji,Text
"いけすかないボスだけど、仕事の悩みを相談したら案外、窮鳥懐に入れば〇師も殺さず、てなことになるかもね。
市内の川に禁〇区があって、カモ類を見るならそこがいいです。
ウィリーは誤って父親の〇銃を発砲し、壁に穴を開けた。",猟,"猟:game-hunting;shooting;game;bag",Guess the hidden Kanji,Text
"「ゆみ先輩って、今日はどうしてお休みなんですか？」「あっ、〇が家出したらしいよ」「えっ？それって、ＯＫなんですか？」「ＯＫだよ。彼女の有休だから。彼女にお願いしようと思ってた資料があるんだけど、今日中によろしくね」「はい」
私の孫は子〇を飼っています。その〇の毛並みは白と黒で瞳はグリーンがかっています。孫はその〇と遊ぶのが大好きで、ヴィヴィと呼んでいます。ヴィヴィは綺麗な〇で、私たちのペットです。
私の孫息子は〇を飼っている。その〇は白と黒の被毛を持ち緑がかった瞳をしている。孫はその〇と遊ぶのが大好きで、その〇をビビと名づけた。ビビは美しい。それは私たちのペットである。",猫,"猫:cat",Guess the hidden Kanji,Text
"黒い小〇がぴょんぴょんと水溜をさけて、隣の生〇の下をくぐった。
〇が〇根の下を腹ばいになって進む。
〇は生け〇を通り抜けた。",猫垣,"猫:cat
垣:hedge;fence;wall",Guess the hidden Kanji,Text
"太った白い〇が〇に座って、眠そうな目で二人を見ていました。
白い太った〇が〇の上に座って、彼を疲れた目で見た。
〇が颯爽と〇をよじ登った。",猫塀,"猫:cat
塀:fence;wall;(kokuji)",Guess the hidden Kanji,Text
"〇が生理的に水を〇うと言う現象は、水に対して自然に〇悪感を感じると言う事。
〇が生理的に水を〇うと言う意味は、水に対する〇の自然な反応だ。
その〇は魚が好きなんだけど、足が濡れるのが〇なのよ。",猫嫌,"猫:cat
嫌:dislike;detest;hate",Guess the hidden Kanji,Text
"「昨夜、〇の鳴き声がうるさくて寝れなかったよ」「一〇一〇。私も、目が覚めたよ」「隣のおっちゃん、我慢できなかったんだろうね。『うるさい！』って叫んだから、〇は逃げってったんだけど、今度はその声にびっくりして寝れなくなってさ、参ったよ」
その少年たちはかわいい〇と一〇に２人きりで暮らしていた。",猫緒,"猫:cat
緒:thong;beginning;inception;end;cord;strap;mental or emotional state",Guess the hidden Kanji,Text
"だれがその〇に〇をつけられるか。
問題は誰が〇に〇をつけるかだ。
誰が〇の首に〇をつけるか。",猫鈴,"猫:cat
鈴:small bell;buzzer",Guess the hidden Kanji,Text
"日本語をどのように処理するかという点に加えて、さらに学ぶために、日本語の処理に関する、もしくは日本語で書かれた参考文〇を幅広く紹介しています。
彼が平等を勝ち取るための運動に〇身していた期間に、いくつかの新しい法律が議会を通過していた。
真のパートナーシップと真の進歩のためには、たゆみない努力と絶え間ない〇身が必要だ。",献,"献:offering;counter for drinks;present;offer",Guess the hidden Kanji,Text
"事態は一刻の〇予も許さない。
一刻の〇予も許されなかった。
期限までの〇予はありません。",猶,"猶:furthermore;still;yet",Guess the hidden Kanji,Text
"山から里の方へ遊びにいった〇が一本の赤い蝋燭を拾いました。赤い蝋燭は沢山あるものではありません。それで〇は赤い蝋燭を花火だと思い込んでしまいました。〇は拾った赤い蝋燭を大事に山へ持って帰りました。
「お前の彼女、類人〇で言うと何に似てる？」「何ちゅう質問だ・・・。うーん・・・オランウータンかな」
あの犬〇の仲だったトムとメアリーが結婚するなんて、もうびっくり仰天だよ。",猿,"猿:monkey",Guess the hidden Kanji,Text
"その法律には今後フットボールをしてはならず、そしてこの法律を破ったものはだれであれ投〇されると書かれていました。
しかし城にたどりつくなり、近衛兵を率いた人によって、わたしはこの牢〇に勾引されてしまった。
結婚生活は夫婦仲が良ければ天国であり、夫婦仲が悪ければこの世の地〇である。",獄,"獄:prison;jail",Guess the hidden Kanji,Text
"地〇はもぬけの空だ。すべての悪〇はここ地上に来ているから。
地〇は空っぽだ、悪〇はみんなここにいる。
地〇は空で、すべての悪〇はここにいる。",獄魔,"獄:prison;jail
魔:witch;demon;evil spirit",Guess the hidden Kanji,Text
"修道士のように頭巾をかぶった雲は、ポツリポツリと落ちる雨を数〇のようにつまぐっている。
母は嫁入り道具の一つとして、真っ白な真〇のネックレスを持たせてくれました。
妻を元気付けようとして、トムは美しい真〇のネックレスを買ってやった。",珠,"珠:pearl;gem;jewel",Guess the hidden Kanji,Text
"お〇の魅力を分かってもらえて嬉しいです。ありがとう。
彼女は〇を弾くことがとても好きだ。
〇の魅力を知ってもらえて良かった。",琴,"琴:harp;koto",Guess the hidden Kanji,Text
"ヌテラは日本のなかでなじみが薄いが、アメリカやヨーロッパなどでは人気のあるスプレッドであり、スーパーマーケットや食料品店には、大小さまざまなサイズの〇が並んでいる光景が見られる。
黄道十二星座は次の通りです：牡羊座・牡牛座・双子座・蟹座・獅子座・乙女座・天秤座・蠍座・射手座・山羊座・水〇座・魚座。
メアリーがうっかり落として割ってしまった花〇は、トムのひいおばあさんのものでした。それは家宝でした。",瓶,"瓶:bottle;vial;jar;jug;vat;urn",Guess the hidden Kanji,Text
"ほ乳〇を煮〇消毒しなさい。
哺乳〇は煮〇消毒すること。",瓶沸,"沸:seethe;boil;ferment;uproar;breed
瓶:bottle;vial;jar;jug;vat;urn",Guess the hidden Kanji,Text
"一体、友情といふものは、それ自身〇だ曖昧なもので、同性間の友情でさへ、様々な動機によつて、様々な形態を取るものである。
一体、友情というものは、それ自身〇だ曖昧なもので、同性間の友情でさえ、様々な動機によって、様々な形態を取るものである。
授賞理由として、国際外交の推進や各国国民の間の協力関係強化に〇大な努力を示していると評価した。",甚,"甚:tremendously;very;great;exceedingly",Guess the hidden Kanji,Text
"最近ずっと、このお店に通ってます。雰囲気や客層も良いし、何より落ち着くの。ところで、あなたってここで何年働いてるの？ここで働いてて遣り〇斐を感じる？
この間投稿した記事がやっと雑誌に載ったんだよ。頑張って出し続けた〇斐があったよ。
結婚するまでの腰かけ仕事のつもりだったのに、早15年。今や、仕事が生き〇斐です。",甲,"甲:armor;high (voice);A grade;first class;former;instep;carapace",Guess the hidden Kanji,Text
"愛は百人を愛すれば百分されるような量的なものではない。〇を愛しているから、〇を愛されないというのは真の愛ではない。
「どっちの訳がいいと思う？」「どっちも自然な訳で、〇〇つけがたいね」
〇を除いて〇ではない。",甲乙,"乙:the latter;duplicate;strange;witty;fishhook radical (no. 5)
甲:armor;high (voice);A grade;first class;former;instep;carapace",Guess the hidden Kanji,Text
"国王ヘンリー８世は、ロンドンからさほど遠くないテムズ川河〇にある自分の宮殿ハンプトンコートにテニスコートを持っていた。
私たちは、湖〇に佇むホテル、「レイクサイド・ホテル」に泊まる予定だ。
英国の首都ロンドンはテムズ川の河〇にある。",畔,"畔:paddy ridge;levee",Guess the hidden Kanji,Text
"星空を見上げると、音もしないで何匹も蝙蝠が飛んでいる。その姿は見えないが、瞬間瞬間光を消す星の工合から、気味の悪い〇類の飛んでいるのが感じられるのである。
放牧できる駱駝や驢馬と違って飼育が難しく一般家庭で飼うことの少ない高級な家〇でした。
中米では森林が家〇の牧場に取って代わられている。",畜,"畜:livestock;domestic fowl and animals",Guess the hidden Kanji,Text
"飢饉のために、家〇が〇死した。
家〇が〇死した。",畜餓,"畜:livestock;domestic fowl and animals
餓:starve;hungry;thirst",Guess the hidden Kanji,Text
"「今日はタトエバが過〇ってるね。天気がすごくいいせいかな」とトムが言うと、「そんなわけないじゃん」とメアリーは答えた。「天気なんて場所によって全然違うんだよ」
教養のある、一般のアメリカ人はもはや理解しあえる素養を共有していないという事実が、彼らが効果的に意志〇通できない主な理由なのである。
下戸だから、飲みに誘われても行くのに気が引けちゃうんだ。のん兵衛の中だと〇外感しかないじゃん。",疎,"疎:alienate;rough;neglect;shun;sparse;penetrate",Guess the hidden Kanji,Text
"この地域社会に住む一人一人は、健康な人間が持つ免〇機構の細胞のようなものだ。
これらの対策は、その〇病の感染拡大を防止することができます。
その〇病で現在までに１００人もの人が亡くなった。",疫,"疫:epidemic",Guess the hidden Kanji,Text
"女性有職者における自殺の原因・動機は、うつ病などの神経〇患の比率が非常に高く、全体の約４割にも及ぶと言われている。
抗生物質がウイルス性〇患に対して効果がないということはあまり知られていない。
遺伝子解析は癌やその他の〇患の可能性を予測するのに役立てることができます。",疾,"疾:rapidly",Guess the hidden Kanji,Text
"暑い中、ランニングをしてたら、急に暑さを感じなくなってきたんだけど、気温は変わってなかったんだ。後でコーチに指摘されて分かったんだけどね、実はそれは熱中〇の初期〇状だったんだよ。
私はテレビ番組のために会った医者にギクリとさせられた。彼は、今アレルギーの〇状がないからといって気楽に構えていてはいけないと警告したのだ。
薬を飲み始めると、すぐに痛みなどの〇状はとれてきますが、すぐに潰瘍がなおるわけではありません。",症,"症:symptoms;illness",Guess the hidden Kanji,Text
"生化学的には、熱烈な恋愛と強迫神経〇の疾〇とは区別できないようだ。
パリ〇候群というくだらない精神疾〇がある。
私の祖母は骨粗鬆〇を〇っている。",症患,"症:symptoms;illness
患:afflicted;disease;suffer from;be ill",Guess the hidden Kanji,Text
"その結果、５月下旬に不安神経〇や不眠〇と〇断された。
〇状が悪くなったら医者に〇てもらった方がいいよ。",症診,"症:symptoms;illness
診:checkup;seeing;diagnose;examine",Guess the hidden Kanji,Text
"〇痕も笑窪。
〇痕も靨。",痘,"痘:pox;smallpox",Guess the hidden Kanji,Text
"今ではみんな天然〇には〇疫になっている。
私は天然〇に〇疫になっている。
私は天然〇に〇疫があります。",痘免,"免:excuse;dismissal
痘:pox;smallpox",Guess the hidden Kanji,Text
"難しい食事療法から、下〇の世話まで、二十四時間介護の日々が続いた。
放射線を大量に浴びたら、すぐに嘔吐と下〇が始まります。
海外に行くと必ず、時差ぼけと下〇に悩まされる。",痢,"痢:diarrhea",Guess the hidden Kanji,Text
"電車の中で目の前におっぱいが見えても触ってはいけません。触ると〇漢として通報され，逮捕されるからです。
デジカメの使い方もわからないなんて、どんだけ機械音〇なんだよ。シャッター押せばいいだけだろ。
最近〇漢が多発しています。できるだけ明るく人通りの多い道を選んで歩きましょう。",痴,"痴:stupid;foolish",Guess the hidden Kanji,Text
"彼女、あれだけ吐き気と頭痛があったのに、一晩寝たら治っちゃったんだって。半端ない自然治〇力の持ち主だよね。
王を得た麒麟もまた寿命を持たない生き物だが、この病ばかりは治〇の方法がない。
最初辛かったけど、花や園芸が好きだったから、失意が〇やされないこともない。",癒,"癒:healing;cure;quench (thirst);wreak",Guess the hidden Kanji,Text
"僕には、食べすぎる〇があるんで、ちょっと肥満なんだ。それで、体重を減らすために、同じ経験のあるパパが僕にダイエットを始めさせたんだ。このダイエットでは、パパも僕も朝ご飯を食べない。最初はやっぱり難しかったけどでも頑張ったら慣れて、ちゃんとできる。
「母さん、出かけてくる」「どこ行くの？」「大学？」「今、春休みだよね？何しに行くの？」「サークル？」「そんなおしゃれして？」「いいじゃんかぁ、どこでも」「いいけど。後ろ、寝〇ついてるわよ」「まじかぁ」
Ａ ｓｐｏｔ ｏｆ ｓｈｕｔ－ｅｙｅ は、また猫のいねむりともいわれている。猫は１度に２～３分しか寝ない〇があるからだ。",癖,"癖:mannerism;habit;vice;trait;fault;kink",Guess the hidden Kanji,Text
"恋で〇目になっていようとも自分の人生を破滅させる方向に突き進むな。
その〇目のピアニストが奏でる曲は、私の心にずっしりと響いた。
愛は〇目であるが、嫉妬は存在しないものまで見せることがある。",盲,"盲:blind;blind man;ignoramus",Guess the hidden Kanji,Text
"ぽかんと花を〇めながら、人間も、本当によいところがある、と思った。花の美しさを見つけたのは、人間だし、花を愛するのも人間だもの。
私が信号機だったら、あなたが側を通るたびに赤くなっちゃうから、あなたのこともう少し〇めていられるのにな。
いわゆる高層マンションに住んではいるものの、2階の部屋なのであまり〇望は良くない。",眺,"眺:stare;watch;look at;see;scrutinize",Guess the hidden Kanji,Text
"「トム地震のとき起きてた？」「え、地震あったの？」「うん、1時半すぎ。けっこう大きな揺れだったよ」「まじか。普通に爆〇してたわ」
ご存知のとおり、私は〇眠の問題を抱えていますので、昨日の夜は３回も目覚めてしまいました。 おかげで、今朝は眠かったです。
トムさんは背の低い人は背の高い人より長く〇眠をとらなければならないとどこかの読み物で読みました。",睡,"睡:drowsy;sleep;die",Guess the hidden Kanji,Text
"トムは〇眠時無呼吸〇候群です。
〇眠の問題は不眠〇と言います。",睡症,"症:symptoms;illness
睡:drowsy;sleep;die",Guess the hidden Kanji,Text
"前者がインディペンデント映画で注目されたのに対して、後者は音楽番組のディレクターから映画監〇に転身したという経歴を持つ。
アニメーション監〇の今敏さんが２０１０年８月２４日、膵臓がんのため４７歳の誕生日を前にして死去した。
４８歳の川勝良一監〇はことし６月に福岡を引き継いだが、４６歳の松田監〇とは因縁浅からぬ関係だ。",督,"督:coach;command;urge;lead;supervise",Guess the hidden Kanji,Text
"歯並びがガタガタで格好悪いから、〇正しようと思う。
歯並びがガタガタだから、〇正治療することにしたの。
強い乱視はコンタクトレンズのほうが〇正できます。",矯,"矯:rectify;straighten;correct;reform;cure;control;pretend;falsify",Guess the hidden Kanji,Text
"大衆は子供のようなので、中に何が入っているかを見る為には、何でもかでも粉〇せずにはおかぬ。
調べを進めるうちに、頭蓋骨が、何か重い一撃を受けて打ち〇かれているのが明らかになった。
ピックは硬い地表を〇くために用いられる長い取っ手の道具だ。",砕,"砕:smash;break;crush;familiar;popular",Guess the hidden Kanji,Text
"〇酸は、緑礬油として中世の錬金術師達に既に知られていた。
〇酸は、吸湿性の液体、即ち水分を吸収する液体である。
〇酸は古くは「緑礬油」と呼ばれていた。",硫,"硫:sulphur",Guess the hidden Kanji,Text
"だが私たちが無礼のないように、湖に行って，つり針を投げ，最初に釣れた魚を取りなさい。その口を開くと，４ドラクマ〇貨を見つけるだろう。それを取って，わたしとあなたの税として彼らに与えなさい。
そして、とりわ、この国の再建に加わるように尋ねよう、221年間アメリカにおいて行われたきた唯一の方法-〇くなった手で一つずつブロックを積み上げ、レンガを積み上げるように。
模範的な人は樹の美徳を真似るべきである。育てば育つほど、綺麗で柔らかくなるが、内面的には〇くて強くなるであろう。",硬,"硬:stiff;hard",Guess the hidden Kanji,Text
"プロの囲〇棋士になるには、どうすればいいですか？
おじいちゃんね、最近囲〇クラブに通い始めたのよ。
いつの頃からか、父は囲〇をかじるようになった。",碁,"碁:Go",Guess the hidden Kanji,Text
"〇を打つことが私の〇一の楽しみだ。
〇を打つのが私の〇一の娯楽だ。",碁唯,"唯:solely;only;merely;simply
碁:Go",Guess the hidden Kanji,Text
"その高潔な愛国者に敬意を表して、巨大な記念〇が建てられた。
故人を記念する記念〇を建設するために基金を開始した。
記念〇の一番上で禎子が頭の上に金の鶴をかざしている。",碑,"碑:tombstone;monument",Guess the hidden Kanji,Text
"知人が「女子高出身の子って女を見る目が厳しそうで怖い」と言っていた。もちろん個人差はあるけど、異性に媚びることなく同性だらけの環境で育ったからこそ、女を見る目が〇かれてしまうのかも。
「身長があと10cm高かったら、窓のガラス〇きが楽なんだけどな」「ないものねだりしても仕方ないよ。椅子持ってきてあげたよ」
それを乗り越えてこそ確かな信念となるのでしょうし、何事も〇かれて実力となるのではないでしょうか。",磨,"磨:grind;polish;scour;improve;brush (teeth)",Guess the hidden Kanji,Text
"彼らの結婚生活は暗〇に乗り上げ、近く離婚届を出すらしい。
国会はその法案をめぐって暗〇に乗り上げてしまいました。
船は暗〇に乗り上げて難破した。",礁,"礁:reef;sunken rock",Guess the hidden Kanji,Text
"そしてこの国の次のファーストレディ、ミシェル・オバマ。彼女が絶え間なく私を支えてくれなければ、16年前からずっと最高の親友でいてくれた彼女が、〇となって家族を支えてくれた彼女が、私にとって最愛の彼女がいなければ、私は今夜ここに立っていません。
普通科目の他に機械についての基〇的な事柄を学習し、各種の機械の使用法や技術を身につける実習などを行います。
大抵の学芸は、最初に基〇をしっかりやっておかないと、その先スムーズに身に付けることができません。",礎,"礎:cornerstone;foundation stone",Guess the hidden Kanji,Text
"例えば、中国の公共交通は疑いようもなくイギリスのそれより優れているが、イギリスの公共福〇は中国のそれより優れているかもしれない。
彼女は精神保健福〇士を目指していて、大学では特に精神障害者のインテグレーションについて勉強している。
世界一の高齢化社会にあって、老人福〇は早急に解決しなければならない課題だ。",祉,"祉:welfare;happiness",Guess the hidden Kanji,Text
"問題となっている決定要因は、この社会福〇計画が移民の流入を〇進するかどうかということである。
政府は公共福〇を〇進するべきである。",祉促,"促:stimulate;urge;press;demand;incite
祉:welfare;happiness",Guess the hidden Kanji,Text
"特に約２０年前から、高福〇政策が経済的破綻につながったとされる北〇諸国が示すように、福〇の充実と国際競争力維持の両立は困難なものであると言える。
日本の福〇も北〇に負けてないよ。",祉欧,"欧:Europe
祉:welfare;happiness",Guess the hidden Kanji,Text
"バレンシアはスペイン第3の都市で、パエリア発〇の地としても知られている。
相次ぐ不〇事にも関わらず、警察はオメオメ違反切符を切っている。
トムはその不〇事に関わってなかったと思うんだけど。",祥,"祥:auspicious;happiness;blessedness;good omen;good fortune",Guess the hidden Kanji,Text
"仏心宗と呼ばれるのは、〇宗が文字や経典をたよらずに、仏の心を師匠から弟子へと直接伝えていくことを根本宗旨としているからです。
鎌倉時代に〇宗とともに中国からもたらされたのが水墨画です。
私は京都へ行くと必ず南〇寺を訪れる。",禅,"禅:Zen;silent meditation",Guess the hidden Kanji,Text
"たとひわれ死のかげの谷をあゆむとも〇害をおそれじ、なんぢ我とともに在せばなり。なんぢの笞なんぢの杖われを慰む。
あなたには〇の前兆である壁上の書きものが読めるかもしれないが、私にはちんぷんかんぷんだ。
政治家たちは「口は〇のもと」という言葉を知らないのだろうか。",禍,"禍:calamity;misfortune;evil;curse",Guess the hidden Kanji,Text
"自分が集めた事実をもとにして、科学者は、その事実に意味と〇序と価値を与える論理の模様すなわち理論を織りあげるのである。
集団生活を営む動物は全て、情報を交換したり〇序ある集団を維持するため何らかの伝達方法を持っている。
社会の〇序は自然から生じたものではない。社会の〇序は慣習の上に基礎付けられている。",秩,"秩:regularity;salary;order",Guess the hidden Kanji,Text
"小さいころは、自分が死ねば世界は消えると思っていた。幼〇な妄想！自分はいないのに世界が続くのは許せなかった。
よっくんのおとうさんね、幼〇園の若い先生とかけおちしたらしいわよ。
幼〇園のころからの幼なじみだから、何から何まで知り尽くしている。",稚,"稚:immature;young",Guess the hidden Kanji,Text
"私の聞いたところによれば、英語は金を〇ぐために、フランス語は愛を交わすために、スペイン語は神に祈るために必要だという。
トムはメアリーがいくら〇いでいるか知っているつもりでいるが、メアリーはトムが考えるよりはるかにたくさん〇いでいる。
似たところでは、募金活動に従事する学生が自らで〇いだ金を殆ど募金しようとしないことが挙げられる。",稼,"稼:earnings;work;earn money",Guess the hidden Kanji,Text
"彼は金を〇ごうと一生〇命働いたが結局は失敗だった。
彼は金をたくさん〇ぐために一生〇命働いた。",稼懸,"懸:state of suspension;hang;depend;consult;distant;far apart
稼:earnings;work;earn money",Guess the hidden Kanji,Text
"〇木を台木に差し込む際、形成層を重ね合わせるようにします。
果樹栽培者がリンゴの接ぎ〇を台木に接ぎ木しました。
私が美〇を訪ねたとき、彼女は居間にいた。",穂,"穂:ear;ear (grain);head;crest (wave)",Guess the hidden Kanji,Text
"若きマーテインは、ジョージア州アトランタで、比較的平〇な子供時代を過ごした。
人生の危機を無事、通り抜けてはじめて、平〇な時期を迎えることができる。
結婚して不幸になるより、独身で平〇無事に暮らした方がいい。",穏,"穏:calm;quiet;moderation",Guess the hidden Kanji,Text
"気候の違いのため、同種の穀物が国の北部、東部においては収〇されていない。
このくらいの収〇量では、そこの経済を支えるのに十分ではありません。
収〇高が少なかったため、小麦の値段が、ここ６か月で値上がりした。",穫,"穫:harvest;reap",Guess the hidden Kanji,Text
"出典を明示しない引用は引用ではなく剽〇です。
あの物乞いが〇盗犯であることが判明した。
目撃者は警察の面通しで〇盗犯を特定した。",窃,"窃:stealth;steal;secret;private;hushed",Guess the hidden Kanji,Text
"注意！〇息する危険があります。これらのバックは乳幼児の近くに放置しないでください。
小さな子どもは、たった５ｃｍの深さの水で溺れ〇息してしまう可能性があります。
もちを食べている時にのどに詰まらせて〇息死する老人がたくさんいる。",窒,"窒:plug up;obstruct",Guess the hidden Kanji,Text
"人間楽ばかりしてるとダメになる。たまには、自分で自分の首をしめるくらい〇地に追い込むのもありだと思う。
我々は彼らの店は失敗だと思っていたが、今や〇地を脱して、商売を拡張するまでになっている。
大統領は国民に貧〇や病気との戦いで団結するように呼びかけた。",窮,"窮:hard up;destitute;suffer;perplexed;cornered",Guess the hidden Kanji,Text
"あいつ追いつめられたら何するか分からないぞ。〇鼠〇を噛むってこともあるからな。気を付けるに越したことはない。
「そんなに舐められた相手じゃないけどなぁ・・・」「そうだよ、〇鼠〇を噛むって言うじゃないか」
〇鼠〇を噛む。",窮猫,"猫:cat
窮:hard up;destitute;suffer;perplexed;cornered",Guess the hidden Kanji,Text
"〇崎が私たちのアパートを焼き払ったので、〇崎に対する私の主人の憎しみは一層ひどくなりました。
いろいろな説はあるものの、恐〇がなぜ突然絶滅してしまったのかはまだ謎のままである。
あの影はまるで、長い首と歯の無い大顎を持った、巨大な恐〇のように見えた。",竜,"竜:dragon;imperial",Guess the hidden Kanji,Text
"私たちのことについての、あなたの激しい口調は私たちの親しい関係に終止〇を打ってしまったようにみえる。
文を書くときには、ふつう大文字で始め、ピリオド（.）、または感嘆〇（!）、疑問〇（?）、で終わる。
それは、アンソニー卿の８０歳の誕生日でのコンサートであり、みんな切〇を手に入れたがっていました。",符,"符:mark;tally;charm;token;sign",Guess the hidden Kanji,Text
"返事が欲しい時は、宛先を記載した封〇に切手を貼って同封してください。
ちょっと大きいけど、この封〇でいいや。大は小を兼ねるって言うし。
返信が必要な場合は、返信用封〇に切手を貼って同封してください。",筒,"筒:tube;gun barrel;sleeve;cylinder;pipe",Guess the hidden Kanji,Text
"看護婦は、患者が危〇状態なので、病室に入らないようにと私たちに言った。
首相は危〇だとささやかれている。
病気の少年は危〇状態だ。",篤,"篤:fervent;kind;cordial;serious;deliberate",Guess the hidden Kanji,Text
"「何してるの？」「家計〇をね。うちの家計カチカチだから、こういう所からちゃんとしないと」
長年の練習のおかげで、私は簡単に〇記ができるようになった。
私たちの先生は、たびたび名〇にある彼の名前を見落とした。",簿,"簿:register;record book",Guess the hidden Kanji,Text
"またプロジェクト・グーテンベルクでは、多くの書〇を様々なフォーマットで探すことができます。
明の一訓詁学者は、宋代典〇の一つにあげてある茶せんの形状を思い起こすに苦しんでいる。
これはおそらく戸〇上の出生年月日を調べた上で修正したのではないかと思います。",籍,"籍:enroll;domiciliary register;membership",Guess the hidden Kanji,Text
"日本人離れしたこの美しい相貌からもわかるように、優奈は実は生〇の日本人じゃない。西洋人をおばあちゃんに持つ、クォーターだったりする。
今年度の入学式の前日に、昨年度入学式ができなかった新２年生の為の入学式をするなんて、〇な計らいだね。
純〇に、ミクシィユーザーが言うところの「変な人」ってどんな人なのか、私にはいまいちわからないのだ。",粋,"粋:chic;style;purity;essence;pith;cream;elite;choice",Guess the hidden Kanji,Text
"柔らかいウールの方が〇いウールより高価で、そのどちらともナイロン製の人工繊維より上等である。
フキノトウはかたくて黒い外皮を取り除き、2分塩ゆでして冷水につけ、〇熱をとります。
少し気になる…まで含めると７０％を越える方が毛穴や肌理の〇さを気にしています。",粗,"粗:coarse;rough;rugged",Guess the hidden Kanji,Text
"「ちょっとカタいかな～」「カタい？」「〇度が高すぎるってことさ」
トムはマラソン大会で最後まで〇るも、ライバルに敗れた。
どうぞ、皆様も最後の一瞬まで〇り抜いてください。",粘,"粘:sticky;glutinous;greasy;persevere",Guess the hidden Kanji,Text
"最近息子がこそこそしてると思ったら、どうやらお化〇して女装した写真をブログにアップしているらしい。
湯あがりの化〇をした顔には、ほんのりと赤みを帯びて、見ちがえるほど美しかった。
私は彼女の洋服のセンスが好きです。彼女の服とお化〇はいつもすてき。",粧,"粧:cosmetics;adorn (one's person)",Guess the hidden Kanji,Text
"我らに今日も日々の〇をお与えください。我らの負い目をお許しください。我々も、我らに負い目のある者たちを許します。
何世代も過ぎて、そしてイギリスに人が増えてくると、人々は食〇の供給が大きな問題であることがわかった。
現在の静かなる食〇危機は、食〇を市場取引される商品として投機の対象にするようになったからだ。",糧,"糧:provisions;food;bread",Guess the hidden Kanji,Text
"一次リーグで敗退したほとんどのチームは国民を大いに失望させることになった。しかし、ボスニア・ヘルツェゴビナは最終戦に勝利して、民族〇争に明け暮れてきた国民に大きな夢と希望を与えた。
小学校低学年の頃、僕は父に俳句を教えられ、俳人に憧れた。七夕の願い事も「はい人になれますように」と書いた。あれから３０年、願いはかなった。今や僕は〇れもない廃人だ。
アメリカの方法はしばしばうまくいっていますが、識字率の世界一高い人々を育てている日本の教育制度は、〇れもなくアメリカに教えてくれる面があります。",紛,"紛:distract;be mistaken for;go astray;divert",Guess the hidden Kanji,Text
"我々の至上命題はこの〇争にすっぱりと終止〇を打つことであって、そのために妥協点を探ることも辞さない。
外交的な対話によって、その〇争に終止〇を打つことができた。
外交対話のおかげでその〇争に終止〇を打つ事が出来た。",紛符,"紛:distract;be mistaken for;go astray;divert
符:mark;tally;charm;token;sign",Guess the hidden Kanji,Text
"私はおばあちゃんがするのを見てウールの〇ぎ方を覚えました。
おばあちゃんのやり方を見ながら、羊毛の〇ぎ方を覚えました。",紡,"紡:spinning",Guess the hidden Kanji,Text
"ビーチボーイズの来日公演、あるんだろうとは思っていたが別に行く気もなかったんだけど、ふと検〇してみたらちょうど盆休み中で暇だし行くことにした。最新のアルバムも買ってなかったのでちゃんと買って予習して行こう。
新しい文を追加するまえに、その文によって当サイトに新しい語彙がもたらされるかどうか、キーワード検〇してご確認ください。
自分の名前をネットで検〇したら、初めの５ページは私のことじゃないのよ。それって誇りに思うべきか恥ずべきか。悩ましいわ。",索,"索:cord;rope;searching;inquiring",Guess the hidden Kanji,Text
"アメリカ人が貿易赤字を〇積したのは、限度を超えたぜいたくをしたからですよ。
彼は〇進課税は不公平で、人頭税がいいと言っている。
彼はその後、〇進して社長にまで進んだ。",累,"累:accumulate;involvement;trouble;tie up;continually",Guess the hidden Kanji,Text
"生まれながらの〇士を特徴づけるのは、何を身につけているかということよりも、むしろどのようにそれを身につけているかということである。
彼の身なりは〇士のそれだが、その言葉づかいと振る舞いはいないか者のそれである。
あんな失礼なことを言うなんて、彼は〇士であるはずがない。",紳,"紳:sire;good belt;gentleman",Guess the hidden Kanji,Text
"メアリーは、濃〇のスカートを身に着けていました。
ニューヨーク市の警官は濃〇の制服を着ている。
ニューヨーク市の警官は〇色の制服を着ている。",紺,"紺:dark blue;navy",Guess the hidden Kanji,Text
"もし、ネイティブ・スピーカーのように発音したければ、「１つの方言」に〇り、練習をしましょう。ネイティブは、たくさんの方言を日常会話で使いこなすことはありません。
自分がかつてテロ集団の一員であったことをメアリーに打ち明けるのに、トムはありったけの勇気を振り〇らなくてはならなかった。
以前ブログをやっていたことがある。特にテーマを〇ったものではなく日々の諸々を記事にしていた。",絞,"絞:strangle;constrict;wring",Guess the hidden Kanji,Text
"小羊を盗んで〇首〇になるくらいなら親羊を盗んで〇首〇になるほうがましだ。
一年以内に金持ちになろうとする者は六箇月後に〇首〇に処せられるだろう。
彼は殺人罪で〇首〇に処せられた。",絞刑,"絞:strangle;constrict;wring
刑:punish;penalty;sentence;punishment",Guess the hidden Kanji,Text
"あの人によって、大統領が戯画化され、政権の権威と〇紀が乱されてはなるまい。
「委員長、後は何を運ぶんだっけ？」「得点板と大玉もう一個、〇引きの〇」
国会の動きはこの問題をめぐる与野党間の政治的〇引きとなった。",綱,"綱:hawser;class (genus);rope;cord;cable",Guess the hidden Kanji,Text
"「今度、子供たちに英語を教えることになったんだけど、嬉しい反面、〇張する。上手く喋れるかな」「すごいじゃん。少々失敗しても、ご愛敬ってことで大丈夫よ。自信もって頑張ってね！」
この〇急な事態において、人事や制度を改革し、清新な雰囲気と新しい観念を、われわれの組織の中に注入する以外に方策はない。
彼女はいつも〇張した面持ちをしているが、物を食べる時に限ってはリラックスして見える。",緊,"緊:tense;solid;hard;reliable;tight",Guess the hidden Kanji,Text
"あの子の顔も性格も俺好みでさぁ、一目ぼれしちゃって、ずっと一〇にいたいって思ったんだ。で、どうしたらあの子と結ばれるかとか、どうしたら他の奴らがちょっかいを出さなくなるかとかマジ悩んでてさぁ。頼むからさぁ、この恋を成就させるために力になってくれない？
「今日さぁ、転校していった友達と偶然会ったんだ」「そうなんだ」「うん。そしたら、映画の話になってさ、『今度一〇に観に行こう！』って言われたんだけど、行ってきていい？」「まぁ、いいけど、その友達って、男の子なの？女の子なの？」「......」
サーシャとマリーア。君たちにはちょっと想像もつかないほど、お父さんは君たちを愛しているよ。君たちふたりもがんばったから、約束した通り、ホワイトハウスには、新しく飼う子犬を一〇に連れて行けるよ。",緒,"緒:thong;beginning;inception;end;cord;strap;mental or emotional state",Guess the hidden Kanji,Text
"「トムとメアリーはただの友達だけど、一〇に住んでるのよ」「どうしてただの友達だってわかるの？」「だって、トムもメアリーも別の人と付き合ってるもの」「へっ、それって微妙ね。私が彼女だったら、絶対に〇」
一〇に来てくれないんなら、行くの〇だ。
周りと一〇は〇というのが理由。",緒嫌,"緒:thong;beginning;inception;end;cord;strap;mental or emotional state
嫌:dislike;detest;hate",Guess the hidden Kanji,Text
"トムと一〇にオーストラリアに〇ることにしました。
トムと一〇にボストンに〇ることにしました。",緒戻,"戻:re-;return;revert;resume;restore;go backwards
緒:thong;beginning;inception;end;cord;strap;mental or emotional state",Guess the hidden Kanji,Text
"忙しくなければ今週末に一〇に魚〇りに行きませんか。
子供の頃、よく彼と一〇に〇りに行ったものだ。
あの人達とは、よく一〇に〇りに行くんですよ。",緒釣,"緒:thong;beginning;inception;end;cord;strap;mental or emotional state
釣:angling;fish;catch;allure;ensnare",Guess the hidden Kanji,Text
"今日は由美の誕生日よ。由美にとって最高の一日になるように、皆で一〇に〇張ろう！
一〇に協力して、さらに〇張ろう。",緒頑,"緒:thong;beginning;inception;end;cord;strap;mental or emotional state
頑:stubborn;foolish;firmly",Guess the hidden Kanji,Text
"Ｋさんの内〇にしていただくとの約束のもとに前回「左右」後日談なる〇文をお送りしましたが、今回はその後日談です。
あいつらと一〇にそこへ行っちゃ〇目だ。",緒駄,"緒:thong;beginning;inception;end;cord;strap;mental or emotional state
駄:burdensome;pack horse;horse load;send by horse;trivial;worthless",Guess the hidden Kanji,Text
"私は図書館の職員に金曜日〇め切りのレポートのためにその本が必要だと言った。そうしたら彼女は借りている人に返却を求めるように言うと言った。
ルーチンワークは向いてるけど、〇め切りがあってそれまでに時間見つけてやってね、てのはダメだな。
ちょっと遊びすぎたから、仕事がたまってきちゃった。〇め切りまでに間に合うか心配だよ。",締,"締:tighten;tie;shut;lock;fasten",Guess the hidden Kanji,Text
"今後は、新事業創造による経済の活性化という観点から、国民のコンセンサスに基づいた早急な内圧型規制〇和が推進されなければなるまい。
その実現もユーザーニーズを考えたアプリケーションの開発と行政による規制〇和が大きなポイントとなると考えられる。
公定歩合の引き下げは産業界を苦しめてきた厳しい金融逼迫を〇和するだろうと期待されている。",緩,"緩:slacken;loosen;relax;lessen;be moderate;ease",Guess the hidden Kanji,Text
"それに彼女はそれを受け入れることを拒否したのでずいぶん不快な状態で生活してきたのである。「なんで自分のいやな場所に自分を〇りつけることで貯められるお金を全部使わなきゃならないの？」と文句を言いながら。
もっとも正直な男が書いた六行の文章が私に渡されたとしよう。私はそのなかにその男を〇り首にするに足る何かを見つけるだろう。
時間に〇られた社会では、時は線のように、つまり過去から現在を通って未来に向かって延びる１本の直線と見られている。",縛,"縛:truss;arrest;bind;tie;restrain",Guess the hidden Kanji,Text
"「そのスーツいいね」「ありがとう。母さんが〇ってくれのよ」「母さんやるね」「うん。洋裁の先生してたからね」
〇い物をする時の糸や針は、長ければ長いほどいいというわけではありません。
我ながら、見よう見まねで〇った浴衣は、なかなかの仕上がりでした。",縫,"縫:sew;stitch;embroider",Guess the hidden Kanji,Text
"マイクロファイバークロスは、髪の毛の１００分の１という細さの〇維で編みあげられたクロスです。
柔らかいウールの方が粗いウールより高価で、そのどちらともナイロン製の人工〇維より上等である。
苔は、倒れた丸太や岩の上の〇細な緑の柔毛だと私は心の中で思う。",繊,"繊:slender;fine;thin kimono",Guess the hidden Kanji,Text
"一見してその空家には修〇が大いに必要であるのがわかった。
おまえのジーンズの綻びを彼女に〇ってもらいなさい。
近隣の家は壊れたが、自宅は少しの修〇費ですんだ。",繕,"繕:darning;repair;mend;trim;tidy up;adjust",Guess the hidden Kanji,Text
"自動販売機で〇コーヒーを一本買って飲もうとしたら、ガタンと音がしてもう一本〇コーヒーが出てきた。
〇詰を〇切りで開けた後はふちがギザギザになっているから、手を切らないように気をつけてね。
自動販売機で〇コーヒーというものに出会いしかも暖かいのと冷たいのを選べるのは驚いた。",缶,"缶:tin can;container;jar radical (no. 121)",Guess the hidden Kanji,Text
"エリザベス２世が身〇ったため、妻がとめどなく涙を流している。
このスキャンダルで一部の高官が〇免される可能性がある。",罷,"罷:quit;stop;leave;withdraw;go",Guess the hidden Kanji,Text
"彼の日記は出来事の〇列に近かった。もっとも時には、長々と記述することもあった。
宗教なき社会は、〇針盤のない船のようなものである。
トムは、就職の面接に一張〇のスーツを着ていった。",羅,"羅:gauze;thin silk;Rome;arrange;spread out",Guess the hidden Kanji,Text
"中学校高校では英語を直訳する作業をたくさんやらされるので、そういった〇訳調で本来の日本語とは離れた独特の言語が生徒たちに染み付いてしまい、それが使われることで一般化していくという現象が見られました。
私は例文の作成や〇訳作業を、母国語で行うことをおすすめします。それは、多くの人が信用できる自然な言い方や表現を使った例文を作成したり、例文を自然に〇訳することができるためです。
実際、デンマーク語からノルウェー語に〇訳するのにたいした才能は必要ありません。私だってできるんですから。しかしデンマーク語をしゃべるのは確かに容易ではありませんが。",翻,"翻:flip;turn over;wave;flutter;change (mind)",Guess the hidden Kanji,Text
"その男の子の世話で彼女は非常に精力を消〇する。
簡単そうに見えるけど、結構体力消〇するなぁ。
プリンターは、消〇品ですか？",耗,"耗:decrease",Guess the hidden Kanji,Text
"息子ですか？クラシックは興味ないみたいです。テクノだかエレクトリックだか知りませんが大きな音でいつも〇いてますね。
これは、他人はあなたがたの言うことを〇いて初めてあなたがたを理解できるようになり、好きになれる、ということなのだ。
メアリーはピアノが上手だとトムから聞いてはいたが、実際に演奏を〇くまで私は信じていなかった。",聴,"聴:listen;headstrong;naughty;careful inquiry",Guess the hidden Kanji,Text
"何回も〇いてると、どんなにお気に入りでも〇きが来る。
彼の演説は〇衆を〇かせなかった。",聴飽,"聴:listen;headstrong;naughty;careful inquiry
飽:sated;tired of;bored;satiate",Guess the hidden Kanji,Text
"新型コロナウイルスの感染拡大防止のために、ライブイベントの自〇が相次ぐ中、あるエンタテインメント企業は、エンタテインメントの力で少しでも楽しい時間を過ごしてもらえるようにと、所属アーティストのライブ映像コンテンツを期間限定で無料配信すると発表した。
学生のひとりによれば、中国では今なお〇清が行われ、恐怖政治が横行しているとのことです。
人々が我々について言っていることが真実であることを反省してみると〇然とせざるをえない。",粛,"粛:solemn;quietly;softly",Guess the hidden Kanji,Text
"彼女は奴隷制終了のちょうど一世代後に生まれました。時は道に車もなく、そらに飛行機もなく時代です。その時彼女のような人は二つの理由で投票できませんでした。つまり、彼女が女性であったことと彼女の〇の色からです。
「おじいちゃん、〇着姿でどこいくの？」「ちょっとそこの自販機まで」「おじいちゃん、ここは自分ちじゃないのよ。〇着姿でウロチョロしてたら怒られるから服着てね」
私には夢がある。それは、いつの日か、私の４人の幼い子どもたちが、〇の色によってではなく、人格そのものによって評価される国に住むという夢である。",肌,"肌:texture;skin;body;grain",Guess the hidden Kanji,Text
"〇像画を書く準備として、私の友達は対象をよく観察するために写真を沢山撮る。
ボブは装飾された額にその〇像画を収めたけれど、上下さかさまだった。
私が特に気に入っているのは、この鮮やかな色彩の〇像画です。",肖,"肖:resemblance",Guess the hidden Kanji,Text
"所謂頭のいい人は、云わば脚の早い旅人のようなものである。人より先きに人の未だ行かない処へ行き着くことも出来る代りに、途中の道傍或は一寸した脇道にある〇心なものを見落す恐れがある。
主人は晩酌が楽しみなので、発泡酒を６缶以上は空けていますし、日本酒の燗が５本も６本も空いていて、たまに休〇日ということで飲まない日もあるのですが２日以上続いたことはありません。
なるほど君の計画はもっともらしく聞こえるが、〇心なのは、それで取り引きが増えるのかどうかということだ。",肝,"肝:liver;pluck;nerve;chutzpah",Guess the hidden Kanji,Text
"通信商用サービスは2000年、ネットユーザーの有力な選択〇に躍り出そうな気配だ。
前者の選択〇を支持している人が多いが、私は後者のほうが好きだ。
トムは、自分に他の選択〇があまりないということを知っている。",肢,"肢:limb;arms & legs",Guess the hidden Kanji,Text
"このような形を二重否定といいますが、結果として〇定を表すこととなります。
ディベートとは〇定側と否定側で交わされる知的ゲームである。
〇定文と疑問文を並べても付加疑問文にはなりません。",肯,"肯:agreement;consent;comply with",Guess the hidden Kanji,Text
"トムがね、褒めてたよ、あなたのこと。「英語と日本語の微妙な感覚が天才的に優れているのでかなり大〇な訳をしてくる」って。私もそう思う。
ある朝、食事のときに、私たち子どもは、もうこれからはしたい放題のことをして暮らすことは許されなくなると知らされて、すっかり落〇した。
彼女の大〇な計画は難しすぎるように思われたが、間もなくそれは実現できることがわかった。",胆,"胆:gall bladder;courage;pluck;nerve",Guess the hidden Kanji,Text
"私達は彼の大〇な〇てにびっくりした。
私達は彼の大〇な〇てに舌を巻いた。",胆企,"胆:gall bladder;courage;pluck;nerve
企:undertake;scheme;design;attempt;plan",Guess the hidden Kanji,Text
"僕は、僕の母の〇内にいるとき、お臍の穴から、僕の生れる家の中を、覗いてみて、 「こいつは、いけねえ」 　と、思った。
ジエチルスチルベストロールの〇児暴露は女児に性器の発癌の影響などに繋がるだと報告されています。
もう一度、母の〇に入って生れる事が出来ましょうか。",胎,"胎:womb;uterus",Guess the hidden Kanji,Text
"すべての人間は、生まれながらにして自由であり、かつ、尊厳と権利とについて平等である。人間は、理性と良心とを授けられており、互いに同〇の精神をもって行動しなければならない。
世界の同〇諸君、アメリカ合衆国が諸君のために何をしてくれるかを求めず、人類の自由のためにともに何ができるかを求めよう。
アメリカ合衆国の同〇諸君、国家が諸君のために何をしてくれるかを求めず、諸君が国家のために何をできるかを求めよう。",胞,"胞:placenta;sac;sheath",Guess the hidden Kanji,Text
"共産主義は失敗し、プロレタリア独裁は時代遅れとなったので、資本主義そのものは、未だ人類を〇かすものであるにもかかわらず、今迄のところ一番良い体制であることがわかる。
私たちは、新しいエネルギーを活用しなくてはならない。新しい仕事を創り出さなくてはならない。新しい学校を造り、〇威に立ち向かい、同盟関係を修復しなくてはならない。
彼の見地によれば、英語による支配は人類の遺産を〇かす。「単一の言語」は、カネと消費主義に取り憑かれた「単一の考え方」に導くという、より悪しき危険をもたらす。",脅,"脅:threaten;coerce",Guess the hidden Kanji,Text
"トムは夜道で見知らぬ男にナイフで〇され、現金を強〇された。
暴力や〇しによって金品を〇い去る事件も多発している。",脅奪,"奪:rob;take by force;snatch away;dispossess;plunder;usurp
脅:threaten;coerce",Guess the hidden Kanji,Text
"プライヤー氏はパリでの公演のリハーサル中にくも〇下出血で倒れ、市内の病院に運ばれましたが午後４時２３分息を引き取りました。
冷たい牛乳は好きだけど、温めた牛乳はあまり好きじゃない。あの白い〇と匂いが苦手なんだ。
私は１４歳のときに、父をくも〇下出血で亡くした。",膜,"膜:membrane",Guess the hidden Kanji,Text
"子宮内〇〇は、細菌が子宮内に入り、内〇に〇症を起す病気である。
結〇〇のせいで目が痒い。
よく結〇〇を起こします。",膜炎,"炎:inflammation;flame;blaze
膜:membrane",Guess the hidden Kanji,Text
"性能的には問題なかったんだけど、一体あたりにかかる費用があまりにも〇大で、コストパフォーマンスが悪いということでね。
ヘリウムガスでパンパンの風船のように、期待と楽しみで頭の中が〇らんでいる時のことだった。
抜本的に事業の再構築を行ったおかげで、当社の黒字は３倍に〇らんだ。",膨,"膨:swell;get fat;thick",Guess the hidden Kanji,Text
"箱を開けると、様々な夢が中から飛び出した。見えなくなるインクで書かれた秘密とか、ものすごい〇いといったものについての夢が飛び出したのだった。
加齢〇は、年を重ねると出てくる中高年独特のにおいのことだ。世間で言う「おっさん〇い」や「おやじ〇」というのは、この加齢〇のことだ。
例のスキャンダルはそういつまでも〇いものにフタというわけにはいくまい。いずれ人は嗅ぎつけてしまうさ。",臭,"臭:stinking;ill-smelling;suspicious looking;odor;savor;fragrance;be fragrant;stink;glow;be bright",Guess the hidden Kanji,Text
"ガーリックの〇いが〇なの。
ニンニクの〇いが〇いなの。",臭嫌,"臭:stinking;ill-smelling;suspicious looking;odor;savor;fragrance;be fragrant;stink;glow;be bright
嫌:dislike;detest;hate",Guess the hidden Kanji,Text
"その運河は、150,000重量トンの船〇を収容することができます。
〇来品は何でも国産品より優れていると思っている人が少なくない。
首相自ら、国民一人一人、百ドル、〇来品を買うようにすすめた。",舶,"舶:liner;ship",Guess the hidden Kanji,Text
"〇長はボートレースの最後のラップで、乗組員をおだてて、レースを勝ち取るため、スパートをかけた。
全員が無事で救助〇にいると聞いて、私は非常にうれしい。
ボーイング社は海上自衛隊用の飛行〇を開発しました。",艇,"艇:rowboat;small boat",Guess the hidden Kanji,Text
"戦〇ビスマルク号を海のもくずとするには、何発もの魚雷を命中させなければならなかった。
その大砲8門を備えた軍〇の船級は「クイーンエリザベス」です。
私はこれまで黄色い潜水〇を見たことがない。",艦,"艦:warship",Guess the hidden Kanji,Text
"今後は皆様方から頂きました御〇情に感謝しながら新しい人生を有意義に送りたいと念願しております。
今後は皆様方からいただきましたご〇情に感謝しながら毎日を有意義に送りたいと念願しております。
お母さんはいつも〇樹ばっかりかわいがって、私のことなんてどうでもいいんでしょ？",芳,"芳:perfume;balmy;favorable;fragrant",Guess the hidden Kanji,Text
"私はブラジル人ですが、祖父がパリで生まれ、私の〇字がフランス系なのと、私自身フランスが大好きなので、フランス代表チームを応援しています。
「ハナミズキ」は、1915年アメリカ合衆国ワシントンD.C.から〇木が贈られ日本で植栽されるようになった。
彼の名前、 〇字は日本人でしたが、名はカタカナでした。",苗,"苗:seedling;sapling;shoot",Guess the hidden Kanji,Text
"台風の日は〇が折れる危険性があるので補強する必要があります。
歯〇に当たるところはないですか。
２、３分で歯〇がしびれてきます。",茎,"茎:stalk;stem",Guess the hidden Kanji,Text
"歯〇が炎〇を起こしているようなのですが。
歯〇が炎〇を起こしています。",茎症,"症:symptoms;illness
茎:stalk;stem",Guess the hidden Kanji,Text
"かつて、〇子は蝶になる夢を見たが、目を覚ました時には、それが蝶になる夢を見た〇子だったのか、それとも目下〇子になった夢を見ている蝶だったのか、確信がもてなかった。
彼はサマセットの小さな別〇で彼女と週末を過ごすのを楽しみにしていた。
彼の別〇はこぎれいで快適。その上、１０人も泊まることができる。",荘,"荘:villa;inn;cottage;feudal manor;solemn;dignified",Guess the hidden Kanji,Text
"「ついお宅のバラに見とれてしまってまして。本当に〇やかですこと」「まあ、お上手ねえ。それはどうも」
結婚の後、アランは黴だらけの小さいアパートを出て、生活が〇美に流れた。
今あまりお金がなくて困っているので、そんな豪〇な食事はできない。",華,"華:splendor;flower;petal;shine;luster;ostentatious;showy;gay;gorgeous",Guess the hidden Kanji,Text
"線香花火は、火をつけそれが落ちるまで「蕾」「牡丹」「松葉」「散り〇」と名づけられた４つの段階を楽しむことができます。その美しい名前は、人の人生になぞらえ付けられたそうです。
彼女はチューリップ、パンジーやひな〇のような花を育てている。
ホウレンソウと春〇から放射性物質が検出されました。",菊,"菊:chrysanthemum",Guess the hidden Kanji,Text
"乳酸〇はかなりしぶとい〇で、冷凍しても単に冬眠するだけで、解凍すればそのまま復活させることができます。
収量が多いからといって尊いとは思わないが、ドカンと発生していると、毒〇でもうれしいもんだ。
私の知る限り、この化学薬品は細〇の繁殖を防ぐだろう。",菌,"菌:germ;fungus;bacteria",Guess the hidden Kanji,Text
"最近では、故人が亡くなってから７日目に行う初七日法要を〇儀当日に済ませることが多くなっています。
彼女は〇儀に参加するだけでなく、すべての段取りをつけなくてはならない。
どんな音楽家も〇式にその音楽を演奏しようと思わなかったであろうに。",葬,"葬:interment;bury;shelve",Guess the hidden Kanji,Text
"昨日トムと話してて、プログラミングに興味あるって言ったら Python っていう言語〇められたんだけど、メアリー知ってる？
美しいということは、無視することがほとんど不可能な推〇状のようなものである。
ビザの一連の手続きをお願いしている方がこの学校を〇めてくれました。",薦,"薦:recommend;mat;advise;encourage;offer",Guess the hidden Kanji,Text
"〇、今のところおまえが一番のリアクション、大賞だよ。
〇さんはアメリカに行っています。",薫,"薫:send forth fragrance;fragrant;be scented;smoke (tobacco)",Guess the hidden Kanji,Text
"俺は急いで立ち上がろうと〇掻いた。
海〇は身体にいいですか？",藻,"藻:seaweed;duckweed",Guess the hidden Kanji,Text
"ケモナーが集まるコミュニティに属すメンバーは一般的な人よりも子供扱いされることによって、イジメや〇待を受ける可能性が高い。
自〇趣味とは、他者からの攻撃を予め想定した上で、心理的ダメージを最小化しようとする防衛機制の一種ではないだろうか。
彼の論文は核家族における幼児〇待という問題に対処しようとするものである。",虐,"虐:tyrannize;oppress",Guess the hidden Kanji,Text
"誰もが夢を見ますが皆が同じようにというわけではありません。夜にほこりにまみれた心の奥底で夢を見る者は目が覚め夢は〇栄でしかなかったと知ります。しかし昼に夢を見る者は危険です。なぜなら彼らは影響を受けやすく、目を開き、夢を実現するために行動を起こすからです。
民主党が大勝利を納めたが、我々の前進を疎外してきた分断を癒す決断と謙〇さをもって我々は対処しなければならない。
極端に言うと、彼は、自己のテーゼに完全に自信を持っているものが発揮できる〇心坦懐さで書いてはいないのである。",虚,"虚:void;emptiness;unpreparedness;crack;fissure;untruth",Guess the hidden Kanji,Text
"遅かれ早かれ捕〇達は釈放されるだろう。
彼女の美しさは彼をすっかり〇にした。
サミはレーラの魅力の〇になりました。",虜,"虜:captive;barbarian;low epithet for the enemy",Guess the hidden Kanji,Text
"〇が羽を上下にばたつかせると、ブーンという特有の羽音が立つ。
〇が羽を上下にバタバタすると、ブーンという独特の音がする。
〇に刺されたところをかいちゃだめだよ。はれちゃうから。",蚊,"蚊:mosquito",Guess the hidden Kanji,Text
"私は〇が大っ〇いなんだけど、〇は私のことが大好きみたいね。
〇が〇い。",蚊嫌,"蚊:mosquito
嫌:dislike;detest;hate",Guess the hidden Kanji,Text
"信じる者には次のような印が伴う。彼らは私の名によって悪霊を追い出し、新しい言葉を語る。手で〇をつかみ、また、毒を飲んでも決して害を受けず、病人に手を置けば治る。
文書をフランス語に翻訳するためにフランス語を母国語としない人を雇うのは、水が漏れる〇口を修理するために大工を雇うのに似ている。
ドキュメントをフランス語に訳すのにフランス語を母国語としない人に頼むのは、水漏れする〇口の修理を大工に頼むようなものだよ。",蛇,"蛇:snake;serpent;hard drinker",Guess the hidden Kanji,Text
"母は〇はもちろんのこと、毛虫をも〇ってました。
ウナギは〇みたいだからといって〇う人がいる。
母は〇はいうまでもなく、毛虫も〇いでした。",蛇嫌,"蛇:snake;serpent;hard drinker
嫌:dislike;detest;hate",Guess the hidden Kanji,Text
"〇光灯がチカチカしてるな。新しいのと交換しないとダメかな。
〇がヒキガエルに食べられちゃったよ。
そこの〇光灯を交換しないといけない。",蛍,"蛍:lightning-bug;firefly",Guess the hidden Kanji,Text
"俺は青二才の頃は〇カラぶって真夏に二週間ほど、お風呂に入らなかったこともあった。
復讐において、恋愛において、女は男よりも野〇である。
野〇な男がわたしの高価な宝石をうばって逃走した。",蛮,"蛮:barbarian",Guess the hidden Kanji,Text
"宇宙飛行士は重力を感じないので、どんな方向にも寝ることができる。しかし、体が浮き上がって何かに〇突してしまわないように自分の身を固定しなくてはいけない。
「女の子とキスしてみたいとか思わないの？」「うん。そういう〇動にかられたことないんだよな」「えっ、男の子としてみたいとかってこと？」「違います！」
アメリカ同時多発テロ事件に〇撃を受けて、世界各国の政治家がテロリストの不埒千万な行為をしっかりと責めました。",衝,"衝:collide;brunt;highway;opposition (astronomy);thrust;pierce;stab;prick",Guess the hidden Kanji,Text
"これは一介の負けだけじゃない。一生保った平〇を失って、何もかもが崩れ始めている。
アメリカには憲法上の抑制と均〇という入念な制度がある。
いたる所で自然の均〇が破られようとしている。",衡,"衡:equilibrium;measuring rod;scale",Guess the hidden Kanji,Text
"簡潔に言うと、ホブボームの論点は２０世紀の歴史は文化〇退の歴史であるということだ。
このまま行くと、５年後日本が〇退しているのは、火を見るより明らかである。
このまま町が〇退していくのを指をくわえて見ているわけにはいかない。",衰,"衰:decline;wane;weaken",Guess the hidden Kanji,Text
"イエス、ナタナエルの己が許に來たるを見、これを指して言ひ給ふ「視よ、眞にイスラエル人なり、その〇に噓僞なし」。
彼は和洋折〇の家に住んでいる。",衷,"衷:inmost;heart;mind;inside",Guess the hidden Kanji,Text
"人間はね、相手が狐だと解ると、手〇を売ってくれないんだよ、それどころか、掴まえて檻の中へ入れちゃうんだよ、人間ってほんとに恐いものなんだよ。
漬物を漬けたいけど、漬物石がないという時は、わざわざ買わなくてもペットボトルやビニール〇・鍋などに水を入れて代用することができます。
ただでさえ奴は普段から仕事に遅れて来るくせに、酒まで飲んで来るなんて堪忍〇の緒が切れた。もう会社を辞めてもらうしかない。",袋,"袋:sack;bag;pouch",Guess the hidden Kanji,Text
"イスラム系共和国が独立国家共同体に参加しない場合、それらの国々は独自の勢力を形成し、一触即発の民族的、宗教的な亀〇を生じかねない、とソ連、西側の消息筋は警告しています。
フレッドには忍耐心というものがまるでないから、彼のカンシャク玉を破〇させるのはわけもない。
アメリカは戦争をする時は「石油のため」というような明け透けなことは口が〇けても言えない。",裂,"裂:split;rend;tear",Guess the hidden Kanji,Text
"「よし、7人だからトムに7等分してもらおう」「なんで俺？ 7等分とか無理に決まってんじゃん」「お前数学科だろ？ 1桁の自然数くらい余〇じゃねえの？」「数学科でケーキの切り分け方とか習わねえし」
フォークは〇福な人々の食卓に入ってきたが、イギリスのエリザベス１世やフランスのルイ１４世など、王家の人たちの多くは指で食事をしていた。
う～ん、わからんか。まあこれはあまり簡単な問題ばかりだったら失礼だから、君用に出しただけだから。余〇があったら覚えといて。",裕,"裕:abundant;rich;fertile",Guess the hidden Kanji,Text
"女性が下半身が見える状態で公道を歩いていると公然猥褻罪となり、上半身〇で歩いていると軽犯罪法第１条第２０号の罪となります。
何はともあれ、小沢は着ていたレインコートをあわてて脱いだ。 そして、娘の〇の体へぱっと着せてやった。
でも、ジェンの家のベランダにいたヴィンスは上半身〇。いやー、もしかしたらすっぽんぽんだったかもッ！",裸,"裸:naked;nude;uncovered;partially clothed",Guess the hidden Kanji,Text
"「ママ、〇色矮星ってどれくらいの大きさなの？」「〇色矮星はね、木星とおんなじくらい。でも重さは木星よりずうっと重たいのよ」
そのピアノは美しい、濃い〇色の木で作られていました。",褐,"褐:brown;woollen kimono",Guess the hidden Kanji,Text
"一つ一つ違っていて、広々とした庭があって魅力的な家並が、もっぱら機能だけを追求したマンションにとって代わられるが、このマンションには、行き過ぎを思えるほど賞賛される「現代の便利な設備」以外に〇めるべき点はないのである。
「遅かったわね」「あぁ。『いい仕事するなぁ』って言われてさぁ。断れなくなって、ついついこんな時間までやっちゃった」「ほんと、〇め言葉に弱いんだから」
原稿用紙１枚にも満たないメールに２時間かけるなんていうのは〇められたことではない。能力のなさを示していると言った方が当たっているだろうね。",褒,"褒:praise;extol",Guess the hidden Kanji,Text
"「着物の〇合わせって、右が上？左が上？」「左が上よ。相手から見てｙの字になればいいのよ」「ありがとう」
本当に悪いんだけど、君の〇巻き、どっかに置いてきてしまったらしいんだよ。
酒に酔った男が私の〇をつかんで汚い言葉を吐いた。",襟,"襟:collar;neck;lapel;one's inner feelings",Guess the hidden Kanji,Text
"弁護士というものは、苦境を切り抜けるために、ささいな点についても徹底して調べ、同じことを反〇して調べてみることが大切である。
地球は内部の高温の液体金属の中心核とともに高速回転するので、地球全体を〇うような磁場を発生させる。
美しい富士山の景色が見えるかと期待していたが、あいにくと雲がすっぽりと山を〇っていた。",覆,"覆:capsize;cover;shade;mantle;be ruined",Guess the hidden Kanji,Text
"この地域に〇権を主張した国家がなかったという事実に注意を払わねばならない。
ホントにどうしたんですか？いつもの〇気がないですよ。
ついに全文制〇へのカウントダウンが始まってしまった。",覇,"覇:hegemony;supremacy;leadership;champion",Guess the hidden Kanji,Text
"政府は、政治問題に関するネット上の会話を監視し、誤った情報と判断した場合にそれを〇正する方法を模索している。
ダーウィンの考えをこのように改〇したことは学問的立場からの攻撃対象となった。
私のエッセイをお読みになってもし誤りがあれば〇正して下さいませんか。",訂,"訂:revise;correct;decide",Guess the hidden Kanji,Text
"女性が安心して働くためには、生涯の仕事の機会を増やし、フレックスタイム、サテライトオフィス、〇児所の充実などが必要である。
希望という言葉は、人々がそれぞれにその思いを仮〇して使う言葉です。
チーム再建を〇された監督が脱税でクビだってよ。",託,"託:consign;requesting;entrusting with;pretend;hint",Guess the hidden Kanji,Text
"住民たちは原発建設の環境アセスメントのやり直しを求め訴〇を起こした。
裁判官は非常にすばやくその訴〇を片づけた。
私は訴〇に変わるものがあればなんでもいい。",訟,"訟:sue;accuse",Guess the hidden Kanji,Text
"貴婦人は、とても恥ずかしくて説明できなかったので、とにかく〇察してください、と頼んだ。
初〇の方は問〇票にご記入いただきますので、予約時間より10分ほど早めにご来院ください。
検尿をマシンに入れるだけで、具合が悪いとこを〇断して、対処法を教えてくれるんだ。",診,"診:checkup;seeing;diagnose;examine",Guess the hidden Kanji,Text
"彼の〇療所は、そのスキャンダル以来多くの〇者を失った。
医師がよく〇てくれたおかげで、〇者は直ちに回復した。
医者がよく〇てくれたおかげで、〇者は直ちに回復した。",診患,"患:afflicted;disease;suffer from;be ill
診:checkup;seeing;diagnose;examine",Guess the hidden Kanji,Text
"医者に〇てもらわないと〇目だよ。
医者に〇てもらわなきゃ〇目よ。",診駄,"駄:burdensome;pack horse;horse load;send by horse;trivial;worthless
診:checkup;seeing;diagnose;examine",Guess the hidden Kanji,Text
"騙されやすい人はたえず生れてくるといった人があるが、〇欺師は、いずれも、このことを承知している。
あの〇欺師と金髪のコールガールは下宿のおかみさんを怒らせるには申分のない取り合わせだ。
私をだますのも一度なら許す。だが、二度私をだましたら君は〇欺師だぞ。",詐,"詐:lie;falsehood;deceive;pretend",Guess the hidden Kanji,Text
"トムとメアリーは昼の間じゅう樫の木陰で俳句を〇み交わしていた。
食事の前に感謝の言葉を〇唱します。
その詩は無名の著者が〇んだ。",詠,"詠:recitation;poem;song;composing",Guess the hidden Kanji,Text
"そうです。日本語ではウェートレスは英語の'waitress'と'weightless'にも〇当する。でも'waitress'という意味が普通だね。
医療行為により患者が死亡している場合、その医療行為に過失があれば、過失の程度を問わず、直ちに「異状死」に法的に〇当しない。
ATMコンソールで 〇当する項目は見つかりませんでした。",該,"該:above-stated;the said;that specific",Guess the hidden Kanji,Text
"結婚生活がうまく行っていない方は結婚式の時におごそかに神の前に〇った、夫婦の〇約を思い出してみましょう。
メアリーはトムとの恋愛で痛い目に遭って、もう二度とアメリカ人とは付き合うまいと心に〇った。
タバコを止めるという〇いは、毎年、新年の抱負ランキングのトップ10に入っている。",誓,"誓:vow;swear;pledge",Guess the hidden Kanji,Text
"「このベジタリアンのお店、美味しそうじゃない？ねぇ、今日行ってみようよ」「俺、肉が食べたいんだけど」「えっ、昨日、焼肉食べてなかった？」「昨日は昨日、今日は今日。それに俺、肉なら毎日でも食べれるし」「もういい。違う人、〇う。じゃぁね」
この国の私たちは、ひとつの国として、ひとつの国民として、共に栄え、共に苦しむのです。この国の政治をあまりにも長いこと毒で満たしてきた、相変わらずの党派対立やくだらない諍いや未熟さに再び落ちてしまわないよう、その〇惑と戦いましょう。
私は切手のコレクションを持ってないけど、日本の葉書きのコレクションを持っている。それを口実として、彼を私の家に〇うことができると思う。",誘,"誘:entice;lead;tempt;invite;ask;call for;seduce;allure",Guess the hidden Kanji,Text
"子供たちが眠ったあと、自分たちはまんじりともせず、どうやって住宅ローンを払ったらいいのか、病院の〇求書をどう払ったらいいのか、子供の大学進学費をどうやって貯めたらいいのか、途方にくれている母親や父親があちこちにたくさんいる。
私どもは、再三にわたり未払いになっている〇求書１１１１のお支払いをしていただくようにお願いしてまいりました。
外国人が日本に上陸する時は、到着した空港等で上陸許可の申〇を行わなければなりません。",請,"請:solicit;invite;ask",Guess the hidden Kanji,Text
"日本には、お見合い結婚と恋愛結婚とがあります。お見合い結婚の場合、お互いの家族に釣書を見せ、承〇を得なければなりません。そのような結婚は、まるでビジネス上の取引関係のようです。
彼は彼女に結婚してくれと言い、彼女はその申し込みを承〇した。
私がこの退院承〇書にサインしたら、もう帰ってもいいですか。",諾,"諾:consent;assent;agreement",Guess the hidden Kanji,Text
"女王と〇見出来る日がくるなんて夢のようだ。
そのニュースキャスターは国王に拝〇した。",謁,"謁:audience;audience (with king)",Guess the hidden Kanji,Text
"福沢〇吉は日本に西洋思想を広めた。
先生は生徒たちに不注意を〇した。",諭,"諭:rebuke;admonish;charge;warn;persuade",Guess the hidden Kanji,Text
"その国会議員は陰〇のニュースを発表した。そして、ためらうことなく、その陰〇にたいする徹底した対抗処置をとった。
彼は絶対にその〇議に加担していなかった。反政府の悪だくみがあったのは、彼ではなくて、その兄だった。
その陰〇を画策してる人たちを必要以上に大きく見てしまうことは、まさに彼らの思うツボだと思います。",謀,"謀:conspire;cheat;impose on;plan;devise;scheme;have in mind;deceive",Guess the hidden Kanji,Text
"「トム、お家建てたんだってね」「あっ、はい。『うさぎ小屋』ですけど」「またまた、〇遜しちゃって」
クリスはとても魅力的だし、お金も持っています。でも、少しばかり〇虚さが足りません。
日本の論者にはこういう〇遜な態度が少ないのが残念だと思います。",謙,"謙:self-effacing;humble oneself;condescend;be modest",Guess the hidden Kanji,Text
"Synology はお客様を〇んでカンファレンスイベントへご招待いたします
彼は口を〇んで何も語らなかった。
聴衆は〇聴の姿勢で立っていた。",謹,"謹:discreet;reverently;humbly",Guess the hidden Kanji,Text
"私の頭は楽〇を読むようにはよく慣らされて居りますが、どうも暗号を読むには適しません。
将棋の棋〇には著作権があるのか、といったことはいろいろなところで議論されています。
トムはベートーヴェンのピアノ・ソナタ全曲を暗〇で演奏できる。",譜,"譜:musical score;music;note;staff;table;genealogy",Guess the hidden Kanji,Text
"ご乗車の皆様、車内ではマナーを守りましょう。お年寄りやお体の不自由なお客様に席をお〇りください。
きっと、ふたりが少しずつ〇り合えば、「このプロジェクトは大成功を果たす」そんな気がする。
彼女は白人のすぐ後に座り、彼女の後から乗ってきた白人の乗客に自分の席を〇るのを拒否した。",譲,"譲:defer;turnover;transfer;convey",Guess the hidden Kanji,Text
"「ねえ、知ってる？ メアリーがトムと付き合ってるんだって。ありえなくない？ あんなかわいいのにあんな〇みたいな奴と」「おい、そんな言い方するなよ。別に誰が誰と付き合おうと勝手じゃん」
養〇関連産業への配慮から、「〇インフルエンザ」の呼称は「インフルエンザＡ（Ｈ１Ｎ１）」に改められた。
からだは、その娘とは違って、丈が低く、横にでぶでぶ太って、〇の体に人の首がついているようだ。",豚,"豚:pork;pig",Guess the hidden Kanji,Text
"「あ、田中さん！」「あっ......！」「元気だった？」「うん。えっと、あっ......！名前ど忘れしちゃった。ごめんなさい。名前なんて言うんだったけ？」「もぉ、国〇よ。国〇恵子」「そうそう、国〇さん。お久しぶり！」
「あ、田中さん！」「あっ......！」「元気だった？」「あ、はい。えっと、すみません。名前が出てこないですが、お名前お伺いしていいですか？」「もう、国〇よ。国〇恵子」「あっ、国〇先輩。お久しぶりです！」
神よ、私に〇潔さと堅固さをおあたえください。ですが、いますぐにではなく。",貞,"貞:upright;chastity;constancy;righteousness",Guess the hidden Kanji,Text
"ジェーンの夢は、〇いでくれる金持ち男をみつける事だった。
ついに年〇の納め時が来たか。",貢,"貢:tribute;support;finance",Guess the hidden Kanji,Text
"「俺なんか生きてたって地球温暖化にしか〇〇できないんだ」「そんな悲しいこと言わないで。トムは私を幸せにしてくれる。それが無意味だって言うの？」
自然環境の回復を宣伝する組織がリサイクルに力を入れて、植林に〇〇しないのは何故か。
もしスペンサーが文を足して訳し続けなければ、他の〇〇者がきっと彼を追い抜くだろう。",貢献,"貢:tribute;support;finance
献:offering;counter for drinks;present;offer",Guess the hidden Kanji,Text
"もし高い丘がＡからＢの間にあれば、路線が丘を越えて行くようにさせるか、トンネルで丘を〇いて行くようにさせるか、あるいは丘を避けて迂回路をとるようにさせるか決めるのが重要となる。
一〇した行動指針というものが無い人もいます。彼らはただ、その時々で自分に都合の良い指針があれば、何でも受け入れるのです。
返事を待つアリスに向けられたのは突然の咆哮。それは耳を〇かんばかりに鋭く、天に届かんばかりに大きく響くものでした。",貫,"貫:pierce;8 1/3lbs;penetrate;brace",Guess the hidden Kanji,Text
"彼らが最終契約について協議している際、ある裏工作が進んでいた。〇賂が渡されたのだ。
法案通過を推進しているロビイストは、運動資金に〇賂の金をまぎれこませました。
残念ながら、あのオフィスでは〇賂を使わない限り何事もうまくいかないよ。",賄,"賄:bribe;board;supply;finance",Guess the hidden Kanji,Text
"彼がその〇賂を〇否したのは非常に賢明なことだった。
私がその〇賂を〇否したのは非常に賢明な事だった。
彼は〇賂の受け取りを〇否した。",賄拒,"拒:repel;refuse;reject;decline
賄:bribe;board;supply;finance",Guess the hidden Kanji,Text
"このドクロマークは17世紀後半にイギリスで活動した世界的に有名な海〇キャプテン・キッドにちなんでつけられた。
日本の官僚達は国家が破綻するまで天下りを続けて税金をむさぼる国〇に過ぎない！
僕のひいひいひいおじいちゃんは、海〇だったんだよ。",賊,"賊:burglar;rebel;traitor;robber",Guess the hidden Kanji,Text
"次には、主〇がそれらを開き、品定めをするのである。
今夜の主〇に乾杯しよう。",賓,"賓:V.I.P.;guest",Guess the hidden Kanji,Text
"浅学非才の私ではありますが、何とぞ皆様のお力を〇りたく、ここにお願い申し上げる次第です。
なにとぞ今後とも一層のご指導ご支援を〇りますようお願い申し上げます。
今回〇りましたご意見につきましては、真摯に受け止めざるを得ません。",賜,"賜:grant;gift;boon;results",Guess the hidden Kanji,Text
"裁判所は、私に損害〇〇として10万ドルの支払いを命じた。
彼らは国を相手取って損害〇〇の訴えを起こした。
スミス氏は損害〇〇を請求して彼らを告訴した。",賠償,"賠:compensation;indemnify
償:reparation;make up for;recompense;redeem",Guess the hidden Kanji,Text
"人に自分の勧告が理由のあるものであり、〇明であることを説得するためには、理由を挙げ、知られた例や大家を引用しなければならない。
人を扱うさいには、どちらにも、それとかわらないようにして、善人と悪人を区別するようにするほうが〇明であろう。
〇い人の手にかかると、物事は実にシンプルになる。簡単なことを難しく言うのが、〇いふりをした凡庸な人間だ。",賢,"賢:intelligent;wise;wisdom;cleverness",Guess the hidden Kanji,Text
"その問題の根本原因は、現代の世界において、〇明な人々が猜疑心に満ちている一方で、〇かな人々が自信過剰であるということである。
人は生まれながら〇かったり〇かだったりするのか、それとも知性は生き方の結果なのか。
彼はいわば〇い〇か者だ。",賢愚,"愚:foolish;folly;absurdity;stupid
賢:intelligent;wise;wisdom;cleverness",Guess the hidden Kanji,Text
"彼らは〇明な選〇が出来るように充分な教育を受けていなければならない。
あなたは〇い選〇をしたと思います。
君は〇い選〇をした。",賢択,"択:choose;select;elect;prefer
賢:intelligent;wise;wisdom;cleverness",Guess the hidden Kanji,Text
"川魚の中には、天然記念物等に指定され保護されているものがいます。捕ったり、〇入したりすることもダメです。
職場でOutlookのスケジュールを使用していますが、ＰＤＡを〇入しシンクロさせたいと考えています。
この年齢層の人々は、〇買力はものすごくあるが、働いておらず、したがって、何も生産はしないのである。",購,"購:subscription;buy",Guess the hidden Kanji,Text
"今流行の、単身〇任族の淋しさを、ちょっぴり味わわせてもらったのも、有意義な体験だ。
しばしば、彼女は自ら〇かねばならなかった。",赴,"赴:proceed;get;become;tend",Guess the hidden Kanji,Text
"「語学が上達する1番の方法はその言葉で恋愛することだ」とかよく言うけど、トムの場合は彼女から日本語習ったせいでオネェみたいになってるのが〇うけるよね！
「100年私の墓の傍で待っていてください」「分かった。待っている」女は〇常的な条件を突きつけ、男はただそう答えた。
エメットの建築スタイルを形成している全ての要素を記述することは、この研究の範囲を〇えている。",超,"超:transcend;super-;ultra-",Guess the hidden Kanji,Text
"トーテムポールには、動物、鳥、魚、神話上の動物、それに〇自然的動物と言った一団の〇り物がある。
死亡事例が19件と全体の20％を〇えており、過労死の深刻な実態が浮き〇りになった。",超彫,"彫:carve;engrave;chisel
超:transcend;super-;ultra-",Guess the hidden Kanji,Text
"病院における感染制御策を実〇する上で、消毒薬の有効活用は重要な課題です。
身命をかけて職務を実〇し、すべての警察官の心に火をともしてくれました。
あなたが結婚し子供を持ったら、言葉より実〇ということを悟るでしょう。",践,"践:tread;step on;trample;practice;carry through",Guess the hidden Kanji,Text
"溶け続ける氷河を監視するために、人工衛星が〇道に打ち上げられた。
惑星は恒星の周りを一定の〇道に従って回っている天体である。
地球を回る〇道上にはいくつの衛星が打ち上げられてますか。",軌,"軌:rut;wheel;track;model;way of doing",Guess the hidden Kanji,Text
"VISUACTは、お客様の多様な環境やニーズにも柔〇に対応し、さまざまな運用方法をご提供します。
何しろ朝から夕方まで、校舎の中で〇禁状態だからな。釈放されれば元気にもなるってもんだ。
氷が〇らかくなってきたので、アイススケートの会を中止せざるをえなかった。",軟,"軟:soft",Guess the hidden Kanji,Text
"放物線 y=x²−4x+7 をx〇方向に3，y〇方向に−2だけ平行移動して得られる放物線の方程式を求めよ。
地球は地〇を中心として回転している。
彼は〇のような重要な役割を演じた。",軸,"軸:axis;pivot;stem;stalk;counter for book scrolls",Guess the hidden Kanji,Text
"さらに、個人の属する国又は地域が独立国であると、信託統治地域であると、非自治地域であると、又は他のなんらかの主権制限の下にあるとを問わず、その国又は地域の政治上、管〇上又は国際上の地位に基づくいかなる差別もしてはならない。
いったんポストに入れたものは、郵便局の所〇になる。
これらの問題を総〇して取り扱わねばならない。",轄,"轄:control;wedge",Guess the hidden Kanji,Text
"日本では甘党〇党などと称し、酒好きと菓子好きとを対立させているが、これはどうも理屈に合わないらしい。ババ・オオ・ロムのごとく、酒入りの菓子があることはその不合理を証明している。
社会で働くことには〇いことも多いが、仕事を達成したときの喜びも多く、家庭での仕事にはそういう達成感があまりない。
彼は暑さで卒倒し気を失ってしまったが、奥さんの〇抱強い看病のおかげで正気を取り戻すことができた。",辛,"辛:spicy;bitter;hot;acrid",Guess the hidden Kanji,Text
"彼はとてもプライドが高かったので、その侮〇を無視する気にはなれなかった。
彼はプライドが高かったので、その屈〇を無視する気にはなれなかった。
パーティーの席上にて政敵の一人が、大勢の招待客の前で彼を侮〇した。",辱,"辱:embarrass;humiliate;shame",Guess the hidden Kanji,Text
"公職選挙法の「百日裁判」は、選挙違反の判決を議員任期の浅いうちに下すべく、〇速な審理を促すルールだ。
下記の指示に従いさえすれば、すぐに白票と同様に容易かつ〇速にフルカラーの書類を印刷することができる。
粗大ごみの回収なら当社にお任せください。どこよりも安く〇速に対応いたします。",迅,"迅:swift;fast",Guess the hidden Kanji,Text
"私たちは〇語的な直訳ではなく自然に聞こえる翻訳が欲しいと思います。
彼らは日本品を市場から駆〇しようとしている。
その事件の進展について〇一知らせてください。",逐,"逐:pursue;drive away;chase;accomplish;attain;commit",Guess the hidden Kanji,Text
"兄が急〇したのは２年前、義姉は一人兄の遺した小さな宝飾店を健気に守ってきた。
祖父は祖母がぽっくり〇ってから急に老け込みました。
ああ、彼女は若くして〇ってしまった。",逝,"逝:departed;die",Guess the hidden Kanji,Text
"リクルート事件は、値上がり確実であったリクルートコスモス社の未公開株を賄賂として受け取ったとして、政治家や官僚らが次々に〇捕された日本の汚職事件である。
電車の中で目の前におっぱいが見えても触ってはいけません。触ると痴漢として通報され，〇捕されるからです。
２人の警官は夜盗を〇捕した。２人は夜盗がミラー夫人宅にしのび込もうとした現場を押さえたのだ。",逮,"逮:apprehend;chase",Guess the hidden Kanji,Text
"好機〇すべからず。この機に一気に仕事を仕上げてしまおう。
瑞西は仏蘭西・伊太利・墺太利・独〇に囲まれている。
彼はまずユーモアのある〇話を話して講義を始めた。",逸,"逸:elude;parry;diverge;deviate;idleness;leisure;miss the mark;evade",Guess the hidden Kanji,Text
"ここまで来るのに、ずいぶん長くかかりました。しかし今日と言うこの日、この夜、この決定的な瞬間に私たちが成し〇げたことのおかげで、アメリカに変化がやってきたのです。
父は４語でそうしたことを充分すぎるくらいやり〇げていたのであり、それによってシェイクスピアの引用はビジネスのアドバイザーが望み得る限りの効果性を得たのであった。
一つの仕事（プロジェクト）に於いて困難性の尺度で、仕事の〇行能力が、その頂上（ハンプ）を越えない場合は、何時まで待っても解決しない。",遂,"遂:consummate;accomplish;attain;commit (suicide)",Guess the hidden Kanji,Text
"幸せは境〇そのものよりもむしろ自分の境〇をいかに見るかにかかっている。
そのような境〇であったにもかかわらず、彼は自分一人で道を切り開いた。
そうね。彼は家に来てから家族で一番の待〇を受けているわね。",遇,"遇:meet;encounter;interview;treat;entertain;receive;deal with",Guess the hidden Kanji,Text
"爪を切るのとアイロンがけは、一〇にはできないよ。
それには絶対的で普〇的な意味はない。
お〇路さんの一行は四国に向かった。",遍,"遍:everywhere;times;widely;generally",Guess the hidden Kanji,Text
"初の海外で、一緒に旅行にいったうちの一人がスリに〇ってもう大変だったんだ。だから、あまりいい印象が残ってないのだと思う。
10時の約束なのに、未だに何の連絡もないのはおかしいな。どこかで事故にでも〇ったんじゃないだろうか。
メアリーはトムとの恋愛で痛い目に〇って、もう二度とアメリカ人とは付き合うまいと心に誓った。",遭,"遭:encounter;meet;party;association;interview;join",Guess the hidden Kanji,Text
"クズリは非常に有害な野獣であるので、熊さえ、クズリに〇〇するのを回避しようとする。
この前学校の帰りに古本屋に寄ったら長い間探してた本に〇〇した。
私たちは多くの困難に〇〇した。",遭遇,"遇:meet;encounter;interview;treat;entertain;receive;deal with
遭:encounter;meet;party;association;interview;join",Guess the hidden Kanji,Text
"彼女は私の口に人差し指を当てて、私の言葉を〇ってしまった。
工事の音でたびたびテレビの音声が〇られる。
インターネットの接続が〇断された。",遮,"遮:intercept;interrupt;obstruct",Guess the hidden Kanji,Text
"生徒たちは厳しい規則を〇守することになっている。
すべての会員は本規則を〇守しなければならない。
法は〇守せねばならない。",遵,"遵:abide by;follow;obey;learn",Guess the hidden Kanji,Text
"12月24日から10日間、たいていの日本人はキリスト教、仏教、神道と教えを変〇していく。
孟母三〇の教えなど持ち出して、子供のお受験での引っ越しを正当化しないでよ。
表面上、本書の大部分は一連の事例の変〇を記録したものである。",遷,"遷:transition;move;change",Guess the hidden Kanji,Text
"ＥＵで買った品物を使わないで、店から得た付加価値税金〇付フォームを税関に押されてもらって、三か月以内日本に帰るのは、タックスフリーの条件であります。
三人の帰〇軍人が瀬戸内海沿岸のある小さな町のはずれに一軒の家を借りて共同生活をしている。
自らの意志で〇俗する場合と、教団側から〇俗させられる場合がある。",還,"還:send back;return",Guess the hidden Kanji,Text
"〇夫は自分の下品なテーブルマナーをあらためようとしなかったので、我々はがまんしなければならなかった。
連〇議会がその法案を可決した結果、それまで以上に多くの国旗が焼き捨てられたに違いありません。
有能な連〇捜査局員はちゅうちょすることなく、自分の義務を実行する。",邦,"邦:country;Japan;home country",Guess the hidden Kanji,Text
"トムは子どもの近くにいるのを好まない。というのは、そのうちの一人から風〇をうつされることをいつも恐れているからだ。
その男には別に不都合なところはなかったが、彼は何か〇悪なものを感じとった。
学校の帰り道でさ、夕立にあってさ、びしょびしょになって風〇引いちゃったよ。",邪,"邪:wicked;injustice;wrong",Guess the hidden Kanji,Text
"風〇が治るように彼はアスピリンを二〇飲んだ。
寝る前に風〇薬を3〇飲んだ。",邪錠,"錠:lock;fetters;shackles
邪:wicked;injustice;wrong",Guess the hidden Kanji,Text
"役に立つ面会の最も大切な条件は、医師と親がくつろいで、他人に〇〇されずに当事者だけで座ることのできる静かな部屋だ。
「もう俺たちの〇〇をしないなら、今までのことは水に流してやってもいいけど？」「やけに寛大なんだな・・・」
せっかく集めたものだけど、〇〇になるばかりだから、売るなり誰かにあげた方がいい。",邪魔,"邪:wicked;injustice;wrong
魔:witch;demon;evil spirit",Guess the hidden Kanji,Text
"幸せって小さな中にあるの。ちっちゃいヨット、こぢんまりとした〇宅、わずかな財産......。
もし私の家が大〇宅だったら私の誕生日のパーティーには知人をみんな招待するのだが。
幸福は小さな物の中にある。小さなヨット、小さい〇宅、少ない財産......。",邸,"邸:residence;mansion",Guess the hidden Kanji,Text
"小沢は外地から復員して、今夜やっと故郷の大阪へ帰って来たばかしだが、終戦後の都会や近〇の辻強盗の噂は、汽車の中できいて知っていた。
都会は〇外よりも暖かく、夜でも明るくて物をしっかりと見ていられるので、カラスは東京を好む。
横浜近〇にご在住の方、ご都合がよろしければ、お出で下さいませ。",郊,"郊:outskirts;suburbs;rural area",Guess the hidden Kanji,Text
"彼はその機械の輪〇をスケッチします。
霧のため山の輪〇がぼんやりしていた。",郭,"郭:enclosure;quarters;fortification;red-light district",Guess the hidden Kanji,Text
"あの個性豊かな５人が酒を〇み交わしているところを想像すると、楽しいね。
その女の人は赤ん坊が健康でないことを斟〇してくれるように頼まれた。
彼を雇うときは、彼が若いのだということを〇量してやらねばならない。",酌,"酌:bar-tending;serving sake;the host;draw (water);ladle;scoop;pump",Guess the hidden Kanji,Text
"酒に〇った父は、しばらくの間低い声でブツブツ言っていたが、眠くなってきたのか、間もなくコックリコックリし始めました。
何度も「やめましょうよ」と言ったのに、何杯もワインを飲み干し－－ご覧の通り、〇っ払ってハイになってしまったのである。
そういえば、電車の中で隣に座ったほろ〇いのおっさんに、自分の俳句を見て欲しいと言われたことがある。",酔,"酔:drunk;feel sick;poisoned;elated;spellbound",Guess the hidden Kanji,Text
"お〇が安くて買いだめしたから、〇の物を毎日作ろう。
米〇と穀物〇の使い分けをあまり気にしてなかった。
〇酸やクエン酸は酸っぱいが、酸素は酸っぱくない。",酢,"酢:vinegar;sour;acid;tart",Guess the hidden Kanji,Text
"アメリカ企業のトップは日本企業のトップに比べ何倍もの報〇をもらっている。
今までにない高報〇を期待できる新しいアフィリエイトサービスです。
その仕事はあまりおもしろくなかったが、他方で報〇が良かった。",酬,"酬:repay;reward;retribution",Guess the hidden Kanji,Text
"樽はワインやウイスキーを発〇させ熟成させる目的で、液体を貯蔵するために用いられる。
味噌、納豆などの発〇食品は健康にいい。
イーストはビールを発〇させる。",酵,"酵:fermentation",Guess the hidden Kanji,Text
"第一次世界大戦が終わった直後、人々はそのように恐ろしく残〇な戦争が再び起こるだろうとは、夢にも思わなかった。
「こないだは言いすぎてごめんな」「いいよ。トムに〇いこと言われるのにはもう慣れてるから」
苛〇な価格競争の中で、Ａ社は我々をけしかけてＢ社と戦わせて漁夫の利を得ようとしている。",酷,"酷:severe;atrocious;unjust;cruel",Guess the hidden Kanji,Text
"あのコメンテーターは物議を〇すこともあるが、いつも正直な発言をすることで知られている。
ビールは麦芽から〇造される。",醸,"醸:brew;cause",Guess the hidden Kanji,Text
"だが私たちが無礼のないように、湖に行って，つり針を投げ，最初に〇れた魚を取りなさい。その口を開くと，４ドラクマ硬貨を見つけるだろう。それを取って，わたしとあなたの税として彼らに与えなさい。
日本には、お見合い結婚と恋愛結婚とがあります。お見合い結婚の場合、お互いの家族に〇書を見せ、承諾を得なければなりません。そのような結婚は、まるでビジネス上の取引関係のようです。
「368円です」「すみません。大きいのしかないんです」「大丈夫ですよ。お〇り9,632円です。お確かめください」",釣,"釣:angling;fish;catch;allure;ensnare",Guess the hidden Kanji,Text
"もう辺りが暗くなってきた。秋の日は〇〇落としだね。
朝顔に〇〇とられて、貰ひ水。",釣瓶,"瓶:bottle;vial;jar;jug;vat;urn
釣:angling;fish;catch;allure;ensnare",Guess the hidden Kanji,Text
"「もしもし、田中さんのお宅ですか？」「はいそうです」「舞さんいらっしゃいますか？」「失礼ですが......」「あっ、〇木です。〇木拓哉です」「あっ、拓哉君？ちょっと待ってね」
うちのワンちゃんは女の子で、呼び〇が鳴る時以外はほとんど吠えないし、散歩にもこだわってないみたいで、一切手がかからないお利口さんなんだ。
〇木先生の授業はおもしろいんだけど、いつも話が脱線しちゃって、なかなか教科書通りに進まないんだよね。",鈴,"鈴:small bell;buzzer",Guess the hidden Kanji,Text
"トムって、風〇の音が大〇いなんだよ。
トムは風〇の音を〇っている。",鈴嫌,"嫌:dislike;detest;hate
鈴:small bell;buzzer",Guess the hidden Kanji,Text
"庭にあった〇植えをどけたら、小さな虫がうじゃうじゃといて、思わず悲鳴をあげてしまった。
見上げるフジもいいが、路地植え、また、〇植えの花もきれいです。
このような木製の〇を作る技術はすっかりすたれてしまった。",鉢,"鉢:bowl;rice tub;pot;crown",Guess the hidden Kanji,Text
"宇宙塵はあまり危険そうに思えないかもしれないが、ごく小さな粒であっても、〇弾の何倍もの速度で飛んでくるので、怪我をしかねない。
つまり、いくつかの〇は、暴発（例えば落とされた時）を防ぐために優れた安全機構を持っていますがそうでない〇も多いのです。
背の高い男が〇を持って戸口に立っているのを見た瞬間、彼女は思わず後ずさりした。",銃,"銃:gun;arms",Guess the hidden Kanji,Text
"就活でよく聞かれる「座右の〇」は、だんだん、画一的、かつ無個性になっているように見える。
Wikipediaにかかれてることが真であるとは限らないと常に肝に〇じる必要がある。
日の出のグランドキャニオンは、私がそれまでに見たこともないほど感〇深い光景でした。",銘,"銘:inscription;signature (of artisan)",Guess the hidden Kanji,Text
"人間は〇型に入れて作るわけにはいかない。
その像はブロンズで〇造されていた。
〇物が金型からすっぽりとれた。",鋳,"鋳:casting;mint",Guess the hidden Kanji,Text
"僕がおばあさんの家に急いで行ってみると、家には〇がかかっていなかった。そこで僕は家の中に入った。
〇そのものは普通のシリンダー〇ですから、ドアを閉めたらオートロックするということはありません。
常人なら一生かかっても無理だろうが、本気になった蓮の前では、普通のシリンダー〇と大差ない。",錠,"錠:lock;fetters;shackles",Guess the hidden Kanji,Text
"現代の日本で〇金術といえば、比喩的にしか使われない。モラルや羞恥心と無縁の政治屋や宗教家が、不正な手段でカネもうけをするときに。
アイザック・ニュートンは近代科学の祖とたびたび言われるが、彼の晩年はもっぱら〇金術を研究していた。
トムは百戦〇磨の兵だよ？誰に何と言われようが、ぶれないよ。",錬,"錬:tempering;refine;drill;train;polish",Guess the hidden Kanji,Text
"ネット時代の怖いところは、世界レベルで意味のあることにしか意味がないと〇覚しそうになるところ。
エロチックな描写が倒〇的過ぎてこの人の本は俺には合わない。
今はフレッドの〇乱が治まって静かに眠っています。",錯,"錯:confused;mix;be in disorder",Guess the hidden Kanji,Text
"何十年も〇え続けた強者が、ほんの一瞬の油断で弱者に倒されることがあるんですの。それが武術の世界というものですわ。
別にムキムキになれって言うんじゃないけど、ある程度は筋肉〇えとかないとそのうち寝たきりになっちゃうよ。
トムは、英語力を〇えるために、言語サイトの tatoeba.org に何時間も費やした。",鍛,"鍛:forge;discipline;train",Guess the hidden Kanji,Text
"消防士たちはその工業プラントにおける火災を〇火させることができなかった。
これまでアメリカは世界の警察と称して武力に頼った〇圧を続けてきました。
医者に相談して〇静剤を処方してもらうのはどうでしょうか。",鎮,"鎮:tranquilize;ancient peace-preservation centers",Guess the hidden Kanji,Text
"映画「ノートルダムのせむし男」は題名変更され、今は「ノートルダムの〇」と言われます。
近くの教会からカーンカーンという〇の音がしてきた。
大きな振り子時計の〇の音を聞くのが大好きなんです。",鐘,"鐘:bell;gong;chimes",Guess the hidden Kanji,Text
"どーすんの、このお店！完ッ全に〇古鳥が鳴いちゃってるじゃない。
どーすんの、このお店。完ッ全に〇古鳥が鳴いちゃってるじゃない。
その通りは１０時を過ぎると〇散としていた。",閑,"閑:leisure",Guess the hidden Kanji,Text
"遅れて発達した資本主義国であった日本は、財〇形成などに見られるように、国力を一部に集中させ、国家による資本形成を行った。
彼の要望は聞き入れられ、他の派〇の権利は保護されました。
派〇内の抗争が審議に支障をきたしました。",閥,"閥:clique;lineage;pedigree;faction;clan",Guess the hidden Kanji,Text
"この校〇力の弱さは人手が足らないとしか考えられませんね。
インターネットの〇覧にYahooを使っている。
ジュネーブ大学の図書館には、いい〇覧室がある。",閲,"閲:review;inspection;revision",Guess the hidden Kanji,Text
"仕事が等しければ給料も等しくなければならず、そうでない場合には、その悪習をどんなにしてでも〇止しなければならない。
「つわり」は軽く考えられがちですが、重症化すると「妊娠悪〇」と呼ばれ、点滴などの治療が必要になります。
もし何か自分で決意したら、何も、誰にも彼自身の夢の達成を〇止することは出来ない。",阻,"阻:thwart;separate from;prevent;obstruct;deter;impede",Guess the hidden Kanji,Text
"あなたの寄〇は小児病院を建設する補助として、大いに役立つでしょう。
亡くなったスミスさんによって病院に３０００ドル寄〇された。
ささやかながら持ち合わせのお金を全部寄〇させてください。",附,"附:affixed;attach;refer to;append",Guess the hidden Kanji,Text
"クレオパトラの鼻が曲っていたとすれば、世界の歴史はその為に一変していたかも知れないとは名高いパスカルの警句である。しかし恋人と云うものは滅多に実相を見るものではない。いや、我我の自己欺瞞は一たび恋愛に〇ったが最後、最も完全に行われるのである。
あの腕の立つ若い棋士は、なかなか大胆だ。わざと、どこからも攻撃されやすいように、しかも〇落されやすいようにみせかけて、相手が最も予期しない時に王手を決める。
世界の旅客機の半数以上を製造しているボーイング社は、もっともなことだが、機体の他に欠〇を起こす可能性のあるものに、注意を引こうと躍起になっている。",陥,"陥:collapse;fall into;cave in;fall (castle);slide into",Guess the hidden Kanji,Text
"今朝、〇〇の件で呼ばれて〇〇員をやることになったんだ。
やがて〇〇員は合議をするために法廷を出て行った。
〇〇員たちは被告の年齢を考慮するよう求められた。",陪審,"審:hearing;judge;trial
陪:obeisance;follow;accompany;attend on",Guess the hidden Kanji,Text
"〇さんは今年留学するということだったが、コロナウイルスで取り消された。
トムが自慢げに持ち出すアイデアは、いつも〇腐なものばかりだ。
キャビネットは集めたものを〇列するための食器棚である。",陳,"陳:exhibit;state;relate;explain",Guess the hidden Kanji,Text
"テスト前にわざわざ自習に来る気持ちがわからなかったが、家にいても勉強しろとうるさく言われ、部屋に入って来られたりして鬱〇しいので、塾に来て自分のペースでのんびり勉強したいという感じらしい。
紀元前508年にアテネの指導者となったクレイステネスは、僭主の出現を防止するために〇片追放の制度を始めた。
彼が棚にぶつかって、とても高価な〇器が落ちて粉々に割れてしまった。",陶,"陶:pottery;porcelain",Guess the hidden Kanji,Text
"その〇磁器は特別な棚に〇列されていた。
有名な〇器が〇列されている。",陶陳,"陳:exhibit;state;relate;explain
陶:pottery;porcelain",Guess the hidden Kanji,Text
"平安後期から鎌倉時代にかけては末法思想と浄土教の興〇を背景として、やがて鎌倉新仏教といわれる諸宗派が誕生しました。
ひたすらに法〇寺へと憧れる私の心を乗せて、乗合自動車は凸凹の道をかなり快く走った。
貴社におかれましては益々ご〇昌のこととお慶び申し上げます。",隆,"隆:hump;high;noble;prosperity",Guess the hidden Kanji,Text
"床を掃除するので、お願いですからいすをあの〇の方に移動してもらえませんか。
その学校は、中・高一貫校だということを頭の片〇にでも入れておいて下さい。
私たちはそれぞれテーブルの端を持ち、テーブルを部屋の〇へ運んだ。",隅,"隅:corner;nook",Guess the hidden Kanji,Text
"最近では、「この辺で失礼します」という言葉は〇分丁寧な表現になってしまいましたね。
「今、日本は夜の９時なんだけど、そこは何時？」「朝の４時だよ」「〇分、早起きね」
論文だなんて・・・私が書いてるのは、ただの〇想、エッセイみたいなもんですよ。",随,"随:follow;though;notwithstanding;while;during;both;all;obey;submit to;comply;at the mercy of (the waves)",Guess the hidden Kanji,Text
"みんな手があり、足があり、頭があるんだし、みんな歩きもするし、話もするんだもの。でも、今や、これらの人たちを分け〇てようとする何かがあるわ。
いずれにせよ、その〇たりは現実のものであり、実際に役に立つものではあるのだが、同時にそれは誤解を招くおそれのあるものでもある。
七夕祭りは、星祭とも呼ばれ、天の川に〇てられた恋人同士である星が、年に1回会えるとされる7月7日に行われます。",隔,"隔:isolate;alternate;distance;separate;gulf",Guess the hidden Kanji,Text
"３〇の船が女王から彼に与えられた。
一〇の船に全部を積む冒険をするな。
〇腕剣士の活躍が注目を集めました。",隻,"隻:vessels;counter for ships;fish;birds;arrows;one of a pair",Guess the hidden Kanji,Text
"通貨、すなわち、当時だれもが用いていた言い方に従えば、通常の王国法貨を与える代わりに、〇い主は従業員に代用貨幣をあたえていました。そして、この代用貨幣は金属だったり、木だったり、厚紙だったりしました。
そして、だからこそ、ほぼ百年にわたって、従業員はだれでも〇用者のところに行って、現金による賃金支給を要求できるようになったのです。
事は百年前、多くの〇い主が従業員に賃金を支給していた方法にさかのぼる、と人事課職員のポーラ・グレイソンさんは話してくれました。",雇,"雇:employ;hire",Guess the hidden Kanji,Text
"利用すべきエネルギー、つくり出すべき〇用、建てるべき学校、対話すべき〇威、修復すべき同盟がある。
被〇用者たちはストライキを起こすと〇しをかけた。
支配人は彼を解〇するぞと〇した。",雇脅,"脅:threaten;coerce
雇:employ;hire",Guess the hidden Kanji,Text
"インターネットなどで誰かに話しかける〇囲気が強い場合の書き言葉は、比較的話し言葉に近いです。それでもすっかり日常の会話どおりかというとそうでもありません。
最近ずっと、このお店に通ってます。〇囲気や客層も良いし、何より落ち着くの。ところで、あなたってここで何年働いてるの？ここで働いてて遣り甲斐を感じる？
「面とむかって顔と顔を合わせて」といったように相手がその言葉の〇囲気を察しにくいのではないかと考えられる時には、説明的な表現を使っています。",雰,"雰:atmosphere;fog",Guess the hidden Kanji,Text
"代数学の基本定理とは、複素係数の全ての非定数多項式には〇点があるという定理である。
風速冷却指数を考慮に入れると、気温は〇下３０度以下であったに違いない。
深海魚は明かりを見ることはなくて、一生上から来た〇れを食い続ける。",零,"零:zero;spill;overflow;nothing;cipher",Guess the hidden Kanji,Text
"人が肉体を持ち、地上に生まれたからといって、地上のことを全て理解するわけではないのと同様に、死んだからといって〇的世界を全て理解しているわけでもないのです。
〇はこの世のどこにもいらっしゃいます。この学園はお社の跡地に作られていますので、特にお集まりになる傾向があります。
聖〇がある方の上に下って、その上にとどまられるのが見えたなら、その方こそ聖〇によってバプテスマを授ける方である。",霊,"霊:spirits;soul",Guess the hidden Kanji,Text
"秋になると日はだんだん短くなり夜はさむくなってきました。彼女は初〇が木の葉を黄色や赤に変えていくのをみていました。
〇が早く降りたために作物はひどい災害を受けた。
今朝は、フロントガラスに〇が降りてたよ。",霜,"霜:frost",Guess the hidden Kanji,Text
"序に、日本でシュークリームと呼んでいる菓子は、英国へ行ってもフランスへ行ってもその名前では通用しない。イギリスでシュークリームを持って来いといったら、〇墨を持って来たというおとしばなしもできているくらいだ。
序に、日本でシユウ・クリイムと呼んでゐる菓子は、英国へ行つても仏蘭西へ行つてもその名前では通用しない。英吉利でシユウ・クリイムを持つて来いと云つたら、〇墨を持つて来たといふおとしばなしもできてゐるくらゐだ。
ポケットの計算機は〇下と同じくらい安く買え、また、鉛筆や消しゴムと同じくらい、何千人というイギリスの学童にとっては生活に不可欠のものである。",靴,"靴:shoes",Guess the hidden Kanji,Text
"新しい〇を〇いてきたのはいいけど、〇ずれで歩くとすごく痛いんだ。多分水ぶくれになってるんじゃないかな。
その少年は運動〇を〇くと、外へ走って出て行った。
この〇を試しに〇いて、あうかどうかみてください。",靴履,"靴:shoes
履:perform;complete;footgear;shoes;boots;put on (the feet)",Guess the hidden Kanji,Text
"さっき歩道を歩いてたら、車に水をかけられたの。見てよ、スカートも〇も〇だらけ！
家にあがる前に〇を脱げば〇の〇を家の中に持ち込まずにすむ。
彼女は足踏みをして〇の〇を落とした。",靴泥,"泥:mud;mire;adhere to;be attached to
靴:shoes",Guess the hidden Kanji,Text
"この〇、かかとが〇り減ってきたから、そろそろ買い替えなきゃ。
お客が雑な作りのスタンドに座って〇を〇いてもらっている。
パーティーに行く前に君の〇を〇くべきですよ。",靴磨,"靴:shoes
磨:grind;polish;scour;improve;brush (teeth)",Guess the hidden Kanji,Text
"脱いだ〇は下〇箱にお入れください。
上がる前に〇を脱がなきゃ〇目よ。",靴駄,"靴:shoes
駄:burdensome;pack horse;horse load;send by horse;trivial;worthless",Guess the hidden Kanji,Text
"頭〇の例を収集するために、シェークスピア・コンコーダンスを調べた。
言葉による詩とは、要約して言えば、〇律的美の創造であるとしたい。
英語には奇妙な音〇論と奇妙な正書法があります。",韻,"韻:rhyme;elegance;tone",Guess the hidden Kanji,Text
"マウスとキーボードを行ったりきたりするのが〇雑なので、キーボードのみで操作できるようショートカットキーはないのでしょうか？
「百八といえば〇悩の数だ」「お兄ちゃんはどんな〇悩があるの？」「言ってもいいが、検閲削除になるぞ」
あ、とりあえず包帯しているけど、もし〇わしかったら、家に帰ってからバンドエイドに代えても大丈夫よ。",煩,"煩:anxiety;trouble;worry;pain;ill;annoy;nuisance;irksome",Guess the hidden Kanji,Text
"「何見てるの？」「これ」「なになに。『努力の先に見える景色がある』かぁ」「うん。どんな景色なのかなって思って。あと、１ヶ月〇張ろうっと」「そうね。自分の目で確かめないとね」「うん」
「今度、子供たちに英語を教えることになったんだけど、嬉しい反面、緊張する。上手く喋れるかな」「すごいじゃん。少々失敗しても、ご愛敬ってことで大丈夫よ。自信もって〇張ってね！」
「やっと着いた」「おかえり。すごい汗ね」「うん。電動自転車に乗ってる奴に追い越されそうになったから、ちょっと〇張ってみた」「で、どうだったの？」「負けた」",頑,"頑:stubborn;foolish;firmly",Guess the hidden Kanji,Text
"〇固一〇のボスだと思っていたけれど、結構かわいいところもあるじゃない。
父ちゃんは仕事に〇固一〇な人間です。",頑徹,"徹:penetrate;clear;pierce;strike home;sit up (all night)
頑:stubborn;foolish;firmly",Guess the hidden Kanji,Text
"アザラシは夜にいっそう〇繁に浮上してくるのだから、熊がアザラシを呼吸孔のところで捕まえる可能性は夕暮れ以降により高くなるのである。
布団は嵩張るので、客布団など使用〇度の低い布団は、圧縮袋に入れて圧縮して保管するのもいいでしょう。
パリが１７８９年の革命以前ですら〇繁な暴動の拠点であったという見解には十分な根拠がある。",頻,"頻:repeatedly;recur",Guess the hidden Kanji,Text
"ラテン語が世界最初の「国際語」として何百年以上もの間使われてきたことがわかると、英語との類似点はよりいっそう〇著になってくる。
禁煙による健康上の利点は、〇著であり、すぐに現れ、着実に増加していくのである。
攻撃性のもっとも〇著なタイプは捕食者と被食者間によく見られる。",顕,"顕:appear;existing",Guess the hidden Kanji,Text
"テクトロニクスの新ソフトウェアは、ロジック・アナライザを使う〇客のニーズにまさしく応えるものです。
それは、〇客関係管理、サプライチェーン管理、および資産管理などのアプリケーションを提供した。
以上のように、実にシンプルな誰でも出来るノウハウで十分な利益と〇客は確保できるのです！",顧,"顧:look back;review;examine oneself;turn around",Guess the hidden Kanji,Text
"世界には、神がパン以外の形をとって彼らの前に現れることが不可能なほど、〇えている人たちがいます。
その影響は広範囲にわたり、世界中で季節外れの天候、作物の不作、〇饉を引き起こしました。
彼にとって、〇えというのは抽象的な概念であった。彼には常に十分な食料があったからだ。",飢,"飢:hungry;starve",Guess the hidden Kanji,Text
"すべての芸術作品の中で最高の作品の中にはあらゆる事が実現されており、私は何も与える事ができず、私の落ちつかない心は、ただ受動的に見つめる事に〇きて仕舞うのだった。
今晩は、「ひよこ豆」の代わりに「金時豆」を使ってカレーを作ってみたんだけど、「ひよこ豆」に〇き〇きしてた母さんからは、めっちゃ好評でした。
「ごめん、寝坊した」「また？ もうトムのごめんは聞き〇きたんだけど」「ごめんよ。メアリーだって起きれないことあるでしょ？」「ない」",飽,"飽:sated;tired of;bored;satiate",Guess the hidden Kanji,Text
"その頃、泥棒、他殺、〇死についての話ばっかり聞いていたんだ。
豊かさの中にあっても〇死する人がいるのは残念なことである。
その頃、泥棒、他殺、〇死についてばっかり聞いていたんだ。",餓,"餓:starve;hungry;thirst",Guess the hidden Kanji,Text
"「高校ん時、学校の前の〇菓子屋でよく買い食いしてたよね。あの〇菓子屋ってまだあるのかな？」「今は、コンビニになってるかもね」
外に出る時は洋服、家の中では和服に限るとは誰もいうことだが、雨上りのぬかるみを高下〇でこねゆく風情もまた一興である。
外に出る時は洋服、家の中では和服に限るとは誰も云ふことだが、雨上りのぬかるみを高下〇でこねゆく風情もまた一興である。",駄,"駄:burdensome;pack horse;horse load;send by horse;trivial;worthless",Guess the hidden Kanji,Text
"無〇にした時間を取り〇したらどうなの。
無〇にした時間を取り〇しさえすれば。",駄戻,"戻:re-;return;revert;resume;restore;go backwards
駄:burdensome;pack horse;horse load;send by horse;trivial;worthless",Guess the hidden Kanji,Text
"ベイカーさんは若い男がすぐに去っていくと確信した。それで彼女は、寝る前までに自分の車を本来の場所に〇車できるように、若い男に少し車を動かすように頼もうと思った。
女子学寮には非常に小さい〇車場があった。先生と学生の幾人かと学生のボーイフレンドの多くが車を持っていて、〇車する場所をみつけるのがしばしば難しかった。
しかしながらある夜ベイカーさんが、学生全員が学寮に戻っていなければいけない時刻に戻ってきたとき、彼女は自分の〇車スペースに別の車があるのを見つけた。",駐,"駐:stop-over;reside in;resident",Guess the hidden Kanji,Text
"最近僕の義弟Ｙ砲兵少佐が、三年間のパリ〇在を終えて帰って来た。数々の土産物を取巻いて、われわれはいろいろな土産話を〇いた。
最近僕の義弟Ｙ砲兵少佐が、三年間の巴里〇在を終へて帰つて来た。数々の土産物を取巻いて、われわれはいろいろな土産話を〇いた。",駐聴,"駐:stop-over;reside in;resident
聴:listen;headstrong;naughty;careful inquiry",Guess the hidden Kanji,Text
"一人物と馬丁が〇馬で一月一日に牛小屋に至たりました。 だから数奇屋のなかで、可塑物の大口が一つだけあります。
いつも、いつも員数合わせなどと言われないで、たまには嘘でも良いから一〇当千の兵と言ってほしいよ。
光速の異名を持ち重力を自在に操る高貴なる女性〇士が登場するゲームをしたい。",騎,"騎:equestrian;riding on horses;counter for equestrians",Guess the hidden Kanji,Text
"ここ最近、原油価格が高〇していて、ガソリン代が鰻登りです。
長年勤めたが、彼は市場が高〇するのに出会ったことはない。
ここ最近、ガソリンの価格がうなぎ上りに高〇している。",騰,"騰:leaping up;jumping up;rising;advancing;going",Guess the hidden Kanji,Text
"自由こそまさに我々の民主主義の神〇だ。
実はこれこそが科学の神〇なのである。
彼は骨の〇まで腐りきっている。",髄,"髄:marrow;pith;essence",Guess the hidden Kanji,Text
"今回の金〇危機から得たほかでもない教訓というのは、メーン・ストリート（普通の町の中央通り）が苦しんでいるのにウォール・ストリートだけ栄えるなど、そんなことがあってはならないということ。それを忘れずにいましょう。
我々が今夜、祝ったとしても、我々は明日にある課題-二つの戦争、危機的状況にある地球、100年で最悪の金〇危機-が人生の中でもっとも大きなものだと私たちは知っている。
覚えておこう、もしこの金〇危機が我々に何かを教えたのならば、それはメインストリートが苦しんでると同時にウォール街に繁栄はないということを。",融,"融:dissolve;melt",Guess the hidden Kanji,Text
"一体、わが国の婦人は、外国婦人などと違い、子供を持つと、その精〇をその方にばかり傾けて、亭主というものに対しては、ただ義理的に操ばかりを守っていたらいいという考えのものが多い。
〇なき肉体が人間でないのと同様に、愛なき家庭は決して家庭ではない。
〇のない肉体が人間でないのと同様に、愛のない家庭は家庭ではない。",魂,"魂:soul;spirit",Guess the hidden Kanji,Text
"〇は不〇だとプラトンは考えた。
人の〇は不〇だ。",魂滅,"滅:destroy;ruin;overthrow;perish
魂:soul;spirit",Guess the hidden Kanji,Text
"今日はトムがやけに親切だけど、何か〇〇でもあるのかしら。
お前の〇〇見え見えなんだよ。",魂胆,"胆:gall bladder;courage;pluck;nerve
魂:soul;spirit",Guess the hidden Kanji,Text
"一つ一つ違っていて、広々とした庭があって〇力的な家並が、もっぱら機能だけを追求したマンションにとって代わられるが、このマンションには、行き過ぎを思えるほど賞賛される「現代の便利な設備」以外に褒めるべき点はないのである。
誇大妄想狂というのはナルシストと違って、〇力的というよりも力強くありたいと願っており、愛されるよりも恐れられる存在になりたいと考えている。このタイプには多くの狂人と、歴史的偉人のほとんどが属している。
後には、その他の多くの国から米国になだれ込んだが、彼らは経済的可能性や宗教的及び政治的自由が大きいという噂に〇せられてやって来たのだった。",魅,"魅:fascination;charm;bewitch",Guess the hidden Kanji,Text
"世界遺産でもある宮島の「厳島神社」は、潮が満ちると神社全体がまるで海に浮かんでいるかのように見えます。その姿は神秘的で、世界中から訪れる観光客を〇〇し続けています。
トムの講演は人を〇〇し、衆を率いることができるほどの力を持っている。
ある映画監督が一目見てケイトに〇〇されました。",魅了,"了:complete;finish
魅:fascination;charm;bewitch",Guess the hidden Kanji,Text
"コーネル大学の調査によると、〇い被告人は甘いマスクの持ち主より２２％以上有罪判決が下される可能性がある。
間近から見ると、ものごとはその欠点や本来備わる〇さを露わにする傾向がある。
死は自然が隠すべき〇い事実であり、自然はそれを良く隠している。",醜,"醜:ugly;unclean;shame;bad looking",Guess the hidden Kanji,Text
"メアリーがね、おばあちゃんの本に載ってた〇法の呪文を使って、トムをリスにしちゃおうとしたんだけど、何も起きなかったのよ。
「なに、アンタ疑ってんの」「だ、だってそんな、いきなり〇界とか〇族とか、信じろという方がおかしいよ」
〇力(Ｍａｇｉｃ)：〇法を使うために必要な能力値。 〇法を使うと減少するが、時間で回復する。",魔,"魔:witch;demon;evil spirit",Guess the hidden Kanji,Text
"彼女の〇女集会は悪〇を召〇する。
〇女集会で悪〇を召〇する。",魔喚,"喚:yell;cry;call;scream;summon
魔:witch;demon;evil spirit",Guess the hidden Kanji,Text
"〇を保護しすぎて、魚が減っているので、〇に食べられる魚も保護されるべきだ。
半分近い、六業者が、密輸品とみられる、〇肉の売買を持ちかけられた。
〇が今世紀の終わりに死に絶える可能性は五分五分である。",鯨,"鯨:whale",Guess the hidden Kanji,Text
"テレビから流れる映像が目まぐるしく変わった。風見〇のようにぐるぐると回った。
お父さんがさぁ、〇がトウモロコシ食ってるような打ち方するって言うのよ。
なんですぐ使うってわかってるのに〇肉こんな取りにくいとこに入れるのよ？",鶏,"鶏:chicken",Guess the hidden Kanji,Text
"この〇の唐〇げをそのままにしておくのですか。
この〇肉はよく〇げられている。",鶏揚,"揚:raise;elevate;hoist;praise;extol;fry in deep fat
鶏:chicken",Guess the hidden Kanji,Text
"「昨夜、遅くまでごそごそしてたわね。何時に寝たの？」「五時。だって、前の日に〇雀しててさぁ、寝たのが明け方で起きたの夕方の５時過ぎだったんだよ。寝れなくて」「なるほどね、朝日と共に寝て、夕日と共に起きるってことね。大学生ならではだよね」
ドイルの研究で提出されている議論は、最初、〇薬に関連する犯罪に関する白書として出版されたものである。
「〇衣ちゃんって、どの子だっけ？」「目がくりっとした、天パの子よ」「あっ、わかった」",麻,"麻:hemp;flax;numb",Guess the hidden Kanji,Text