Question,Answer,Comment,Instruction,Render as
"close","仕舞う,事,乱立,すぐ側,くっ付く,側近,低い,丁寧,密集,危ない,密林,仲良し,丸刈り,収める,差す,側,手元,塞ぐ,幕,厳密,打ち切る,密着,微妙,吟味,終了,差し控える,打ち上げる,密接,末,接戦,深い,寄る,終結,打ち切り,控える,引っ付く,耳元,擦れ擦れ,眠る,幕切れ,結ぶ,接近,暮れ,惜しい,被る,畳む,脇,接する,締まる,精密,目前,打ち上げ,見送る,終局,親友,潰す,閉まる,系","仕舞う close(business,);bring close;close
事 inflectable word,creates noun phrase indicating 
乱立 standing close together disorderly way(building
すぐ側 close
くっ付く keep close
側近 close aide;close associate
低い close ground
丁寧 close
密集 close formation
危ない close(call)
密林 close thicket
仲良し close friendship;close friend
丸刈り close crop
収める bring close
差す close
側 close
手元 close hand
塞ぐ close;close(eyes,mouth)
幕 close
厳密 close
打ち切る close
密着 close adhesion
微妙 close(decision)
吟味 close examination;close inspection
終了 close
差し控える close
打ち上げる close
密接 close proximit",Guess Vocab related to Keyword,Text
"change","変更,交代,お釣り,乗り換える,動かす,１８０度,お返し,両替,思いとどまる,変わる,人事異動,乗換え,化ける,崩す,乗り換え,乗換,改定,変換,化成,入れ替え,塗り替える,持ち合い,動き,交替,異状,変移,崩れる,変,変革,振替,動く,代わる,眼,変質,急変,改訂,換算,改まる,変わり,変化,釣り,変遷,移り変わり,更迭,政変,改める,変動,変更届,着替える,寝返る,翻す,替わる,移す,激変","変更 change
交代 change
お釣り change(purchase)
乗り換える change(another ideology,party,company,);chan
動かす change;change position
１８０度 radical(change)
お返し change(cash transaction)
両替 change
思いとどまる change mind
変わる change
人事異動 personnel change
乗換え change
化ける change radically
崩す change
乗り換え change
乗換 change
改定 change
変換 change
化成 change
入れ替え change
塗り替える change completely
持ち合い change
動き change
交替 change
異状 change
変移 change
崩れる change worse;break money small change
変 change
変革 change
振替 change
動く change
代わる change(places)
眼 point(change)
変質 change quality
急変 ",Guess Vocab related to Keyword,Text
"service","取り扱い,儀式,勤務,取扱,公共,仕出し,サービス業,件,古参,労務,慰霊祭,口コミ,勤める,便,事業,供養,品質,務め,用途,召集,奉公,奉仕,休憩所,功績,執行,務める,兵役,宅配便,定期便,専任,勤め,勤労,寄与,勤続,取り扱,寿命,役,流し,就航,口先,折り返し,取扱い,年功序列,服役,従軍,礼拝,福祉,基本料金,直通,法要,運航,退役,手柄,社会事業,風俗,定年,葬儀,請求,水道,運","取り扱い service
儀式 service
勤務 service
取扱 service
公共 public(facilities,service,)
仕出し food delivery service
サービス業 service industry;service sector
件 counter accounts(website,email service,)
古参 long service
労務 service
慰霊祭 memorial service
口コミ comments written online(product,service,)
勤める conduct religious service
便 service
事業 service
供養 memorial service dead;holding service
品質 quality(product service)
務め service
用途 service
召集 call-up(military service)
奉公 live-in domestic service;public service
奉仕 service;providing service free
休憩所 service area(next hi",Guess Vocab related to Keyword,Text
"plan","押す,企画,原案,図る,企てる,仕組み,実行,地図,狙う,工夫,壊れる,引く,企む,寸法,掲げる,思い付き,穴,志す,提示,得策,作成,思いつき,方針,成案,素案,温める,方策,思いとどまる,暖める,抱負,流す,机上,試案,立つ,潰れる,思う,立案,施行,略,案,趣向,立て直す,狂う,青写真,策定,構える,画する,棚上げ,設計,策,移す,骨抜き,講ずる,構想,立ち消え,沿う,練る,要綱,考え,","押す advance(plan)
企画 plan
原案 original plan
図る plan
企てる plan
仕組み plan
実行 execution(plan)
地図 plan
狙う plan own
工夫 plan
壊れる fall through(plan,deal,)
引く draw(line,plan,)
企む plan
寸法 plan
掲げる tout(principle,plan,)
思い付き plan
穴 hole(theory,plan,)
志す plan
提示 presentation(plan,response,)
得策 best plan
作成 making(report,plan,contract,)
思いつき plan
方針 plan(action)
成案 definite plan
素案 rough plan
温める sit(idea,plan,)
方策 plan
思いとどまる give(idea plan)
暖める sit(idea,plan,)
抱負 plan
流す cancel(plan,meeting,)
机上 armchair(plan)
試案 draft plan;tentative plan
立つ established(poli",Guess Vocab related to Keyword,Text
"city","大都市,同市,丁目,埼玉,市中,中心部,下町,出身,市内,貫く,京都,市民,市外,区,倉敷,北九州,市役所,都市計画,仙台,町外れ,市立,山手,市,大阪,沖縄,静岡,古都,都会,市議会,市街,日光,山形,都,鳴門,名古屋,都市ガス,浜松,広島,札幌,川崎,神戸,市営,奈良,市議,鎌倉,敷く,福岡,新潟,岐阜,渋谷,都市,用水,市道,目黒,横浜,落ちる,郊外,近郊,都心,陥落,長崎,首都","大都市 large city
同市 same city
丁目 city block(irregular size)
埼玉 Saitama(city,prefecture)
市中 city
中心部 heart(city,)
下町 low-lying part city(usu. containing shops,facto
出身 origin(city,country,parentage,)
市内 city;within city
貫く run through(river through city)
京都 Kyoto(city,prefecture)
市民 city inhabitant
市外 outside city
区 city(Tokyo)
倉敷 Kurashiki(city)
北九州 Kitakyushu(city)
市役所 city hall
都市計画 city planning
仙台 Sendai(city Miyagi)
町外れ just outside city limits
市立 city
山手 hilly section city(Yamate area Kōbe)
市 city
大阪 Osaka(city,prefecture)
沖縄 Okinawa(city,p",Guess Vocab related to Keyword,Text
"post","事後,便,兼任,書留,公募,兼務,几帳面,私書箱,収まる,張り出す,勇退,立札,役職,就任,宿駅,立つ,局,書き込む,固定,貼り付ける,持ち回り,投稿,席,現職,張る,柱,地位,進退,突っ張る,掲示,役,行き違い,空席,立て札,留任,追伸,郵便,野,椅子,逓信,要職,長者,管理職,開局,駅伝,駅,納まる,速達便,襲う,職場,貼る,解任,転出,部署,郵便局,重役,飛ばす","事後 post;ex post
便 post
兼任 holding additional post
書留 registered post
公募 public advertisement(post)
兼務 additional post;holding additional post
几帳面 wooden post has been carved rounded corner gro
私書箱 post office box
収まる take(post)
張り出す post
勇退 resigning post(way others)
立札 sign post(usu. wooden small roof,containing inf
役職 post
就任 taking(post)
宿駅 post station
立つ take(position,post,)
局 office(post,telephone)
書き込む post message(bulletin-board)
固定 user(online forum like 2ch where majority users
貼り付ける post
持ち回り rotation(post,role,)
投稿 post(blog,social ",Guess Vocab related to Keyword,Text
"force","勢力,兵力,勢揃い,押す,勢ぞろい,主力,割り込む,力点,合力,押し付ける,売る,本隊,大手,勢い,力,原動力,引きずる,機動,強要,突き上げる,奪う,実力,力作,命,武力,求心力,生命,部隊,強いて,引き裂く,労働力,実力行使,自衛隊,無理やり,空軍,寄せる,航空自衛隊,押し入る,徹す,強いる,通す,落とす,施行,総当たり,陸上自衛隊,押し切る,暴行,迫力,風力,詰める,潰す,追い込む,駆動","勢力 force
兵力 force arms;military force
勢揃い assembling(full force)
押す force
勢ぞろい assembling(full force)
主力 main force
割り込む force(crowd)
力点 point lever where force applied
合力 resultant force
押し付ける force against
売る force
本隊 main force
大手 force attacking front castle
勢い force
力 force
原動力 driving force
引きずる forcealong
機動 maneuver(usu. military force)
強要 force
突き上げる force
奪う take(force)
実力 force
力作 tour de force
命 life force
武力 force
求心力 unifying force;centripetal force
生命 life force
部隊 force
強いて force
引き裂く force apart
労働力 working force
実力行使 use force",Guess Vocab related to Keyword,Text
"rice","刺し,ご飯,具,お握り,丼,俵,御飯,日本酒,新田,上田,散らし,炊出し,早乙女,握り,握る,水稲,玄米,新米,炊く,稲作,焼酎,枚,焼きもち,煎餅,赤飯,炊飯器,牛丼,米価,焼もち,研ぐ,田畑,稲田,稲,田,米倉,精米,米飯,米穀,結び,食糧,膳,田植え,配給,締め,苗,茶碗,餅,茶わん,飯,米,雑煮,青田買い","刺し sharpened tube testing rice bags
ご飯 cooked rice
具 ingredients(added soup,rice,)
お握り rice ball(often triangular,sometimes filling w
丼 bowl meat,fish,served rice
俵 counter sacks(rice,potatoes,coal,)
御飯 cooked rice
日本酒 sake(rice wine)
新田 newly developed rice field;new rice field;waste
上田 rice field;very fertile rice field
散らし sushi rice box bowl variety ingredients sprink
炊出し food distribution(cooked rice)
早乙女 young female rice planter
握り rice ball
握る (nigirizushi,rice ball,)
水稲 wet-land rice
玄米 unmilled rice;unpolished rice;brown rice
新米 new r",Guess Vocab related to Keyword,Text
"spread","伸び,伸ばす,回る,広まり,広がる,広げる,乗り,伝わる,張る,拡大,掛ける,散らす,広める,広まる,乗る,伸びる,蔓延る,点差,散る,移る,波及,延ばす,広がり,塗る,行渡る,転移,敷く,立つ,飛び火,延びる,流す,徹す,通じる,飛ばす,普及,触れる,行き渡る,流れる,浸透,施す,通る,流行る,貼る,通す,開ける,走る,開く","伸び (ability)spread(paint,cream,)
伸ばす spread evenly(dough,cream,)
回る spread
広まり spread
広がる spread
広げる spread;spread around
乗り spread(paints)
伝わる spread(rumour,news,)
張る spread
拡大 spread
掛ける spread
散らす spread
広める spread
広まる spread
乗る spread
伸びる spread(paint,cream,)
蔓延る spread
点差 point spread
散る spread
移る spread(fire)
波及 spread
延ばす spread evenly(dough,cream,)
広がり spread
塗る spread
行渡る spread throughout
転移 spread
敷く spread
立つ spread(rumour,reputation,)
飛び火 spread fire(due leaping flames)
延びる spread(paint,cream,)
流す spread
徹す spread throughout
通じる sp",Guess Vocab related to Keyword,Text
"figure","位,中堅,図版,中枢,中軸,図,仏,人物,大物,体つき,形態,人影,体型,柄,体,体形,大家,兄さん,数字,偉人,容姿,概算,体付き,大丈夫,第一人者,形,新人,像,長身,模様,切れる,影,痩身,紋,図形,数,美容,有名人,図表,規定,姿,格好,後ろ姿,象,思い描く,格","位 position figure(tens,thousands)
中堅 key figure
図版 figure
中枢 central figure
中軸 central figure
図 figure
仏 figure Buddha
人物 figure
大物 influential figure
体つき figure
形態 figure
人影 figure
体型 figure
柄 figure
体 figure
体形 figure
大家 leading figure
兄さん brother(older-brother figure friendly work rel
数字 figure
偉人 eminent figure
容姿 face figure
概算 ballpark figure
体付き figure
大丈夫 fine figure man
第一人者 foremost figure
形 figure
新人 new figure
像 figure
長身 tall figure
模様 figure
切れる drop under(certain figure)
影 figure
痩身 slim figure
紋 figure
図形 figure
数 figure
美容 good",Guess Vocab related to Keyword,Text
"colour","明るい,差す,彩る,斑,オレンジ色,暗い,オリーブ色,濃淡,肌色,彩り,温かい,金色,土地柄,染める,塗り替える,異色,色調,柔らか,濃い,黄金,暖かい,染色,注す,艶,藍,移る,色彩,落ちる,赤,橙色,特色,褐色,色気,赤色,玉虫色,音色,銀色,浅い,移す,銀,黒色,色合い,色,顔色,軟らか","明るい bright(colour)
差す colour
彩る colour
斑 unevenness(colour,paint,)
オレンジ色 orange(colour,color)
暗い dark(colour)
オリーブ色 olive(colour)
濃淡 shade(colour,color)
肌色 flesh colour;skin colour
彩り colour scheme;(touch)colour;coordination(colour
温かい warm(colour)
金色 gold(colour,color);gold(colour,color)
土地柄 local colour
染める colour
塗り替える paint(different colour)
異色 different color(colour)
色調 colour tone
柔らか soft(colour,light,)
濃い deep(colour)
黄金 gold colour(color)
暖かい warm(colour)
染色 dyed colour(color)
注す colour
艶 colour
藍 indigo(colour)
移る permeated colour sce",Guess Vocab related to Keyword,Text
"stand","弁慶,仕方がない,乗り場,仕方ない,屋台,忍ぶ,堪える,並ぶ,目立つ,企てる,乗場,出店,構える,改まる,空気,仕様がない,立つ,塞ぐ,台,眺める,露店,案,立ち止まる,売店,当たる,座,表す,掛け,敵わない,浮かび上がる,表わす,見張る,立ち上がる,態度,連なる,現す,立て直す,現わす,耐える,立てる,踏ん張る,踏む,際立つ","弁慶 bamboo tube holes drilled(stand kitchen utensil
仕方がない cannot stand
乗り場 taxi stand
仕方ない cannot stand
屋台 stand
忍ぶ stand
堪える stand
並ぶ stand line
目立つ stand
企てる stand tip-toes
乗場 taxi stand
出店 food stand
構える stand ready
改まる stand ceremony
空気 doesn't stand
仕様がない cannot stand
立つ stand(evidence);stand(position;stand(election);
塞ぐ stand way
台 stand
眺める stand watch
露店 stand
案 stand
立ち止まる stand still
売店 stand
当たる stand relationship
座 stand
表す stand
掛け stand
敵わない cannot stand
浮かび上がる stand(against dark background)
表わす stand
見張る stand guard;stand watch
立ち",Guess Vocab related to Keyword,Text
"practice","働く,定例,事にする,常習,商法,営む,実地,例,架橋,実習,実施,弊害,実務,在野,実行,常識,真剣,習慣,恒例,廃業,実際,実践,修行,打ち込む,訓練,慣習,慣例,本番,慣行,演習,慣れ,開業医,鉄砲,遣る,模擬試験,稽古,練習,開業,腐る,道場","働く practice
定例 regular practice
事にする practice
常習 common practice
商法 business practice
営む practice(law,medicine,)
実地 practice(opposed theory);actual practice
例 practice
架橋 bridging(gap between theory practice)
実習 practice(field)
実施 putting practice
弊害 evil practice
実務 business practice
在野 private practice
実行 (putting)practice
常識 common practice;accepted practice
真剣 real sword(opposed wooden practice weapon)
習慣 practice
恒例 established practice
廃業 giving(practice)
実際 practice(opposed theory)
実践 putting practice;practice
修行 practice
打ち込む practice h",Guess Vocab related to Keyword,Text
"problem","懸案,問題,取り組む,他人事,問題ない,引っ掛かる,人事,南北問題,相対,提起,引っ掛る,命題,引っかかる,解決方法,処分,問題点,設定,根っこ,急所,攻略,根っ子,難題,思い当たる,宿題,良い,鍵,扱う,悩み,方程式,難しい,故障,持ち込む,片付ける,格闘,難問,環境問題,社会問題,課題,降参,題","懸案 unresolved problem
問題 problem;problem(societal,political)
取り組む tackle(problem)
他人事 else's problem
問題ない problem
引っ掛かる entangled(problem)
人事 else's problem
南北問題 North-South problem
相対 facing(problem)
提起 posing(problem)
引っ掛る entangled(problem)
命題 problem
引っかかる entangled(problem)
解決方法 way solving(problem)
処分 dealing(problem)
問題点 problem(issue);problem
設定 posing(problem)
根っこ root(problem,)
急所 crux(problem)
攻略 attacking(problem)strategically
根っ子 root(problem,)
難題 difficult problem
思い当たる seize crux problem
宿題 unresolved problem
良い problem
鍵 key(pro",Guess Vocab related to Keyword,Text
"station","テレビ局,宿駅,入場券,消防署,乗り越し,警察署,局,乗越し,停留所,投票所,測候所,身の上,終着駅,部署,次,交番,始発,駅弁,牧場,配る,普通,休憩所,派出所,出場,署員,同局,試験場,発電所,警察,見送る,給油所,駅前,開局,駅員,貼り付ける,通過,駅,駅長","テレビ局 television station
宿駅 post station;relay station
入場券 ticket allowing non-traveller access railway s
消防署 fire station
乗り越し riding past(station)
警察署 police station
局 broadcasting station(television,radio)
乗越し riding past(station)
停留所 station
投票所 polling station
測候所 weather measurement station
身の上 station life
終着駅 terminal station
部署 station
次 station
交番 small neighborhood police station
始発 departing home station(train,bus,)
駅弁 boxed lunch bought station(often local specialt
牧場 station;station
配る station
普通 train stops every station
休憩所 servi",Guess Vocab related to Keyword,Text
"shop","商店,回す,店名,喫茶店,お店,１００均,店員,喫茶,店長,店舗,看板,小売り店,専門店,八百屋,老舗,床屋,旦那,来店,花屋,店頭,小売店,同店,買い出し,酒屋,水揚げ,店,購買,畳む,店主,潰す,買い付け,閉店,暖簾,薬局,難民,酒店,開店","商店 shop
回す operate(business,shop)
店名 shop
喫茶店 coffee shop
お店 shop
１００均 100 yen shop
店員 shop assistant
喫茶 coffee shop
店長 shop manager
店舗 shop
看板 reputation(shop)
小売り店 retail shop
専門店 specialist shop;shop specializing particular t
八百屋 fruit vegetable shop
老舗 old shop;long-established shop;shop long standi
床屋 barber shop
旦那 master(house,shop,)
来店 coming store(restaurant,bar,shop,)
花屋 flower shop
店頭 (near)shop entrance
小売店 retail shop
同店 same shop
買い出し going shop
酒屋 bottle shop;wine shop
水揚げ sales(shop)
店 shop;shop
購買 tuck shop
畳む close(shop,busine",Guess Vocab related to Keyword,Text
"lose","凹む,倒れる,落ちる,汚れる,死ぬ,伸びる,切らす,亡くす,切れる,敗れる,逃がす,無くす,泳ぐ,別れる,失う,崩れる,損する,腐る,顔を潰す,見失う,溺れる,擦る,痩せる,延びる,狂う,落とす,苛々,負ける,逸れる,萎える,離れる,迷う,飽きる,騒ぐ,逆上せる","凹む lose
倒れる lose
落ちる lose(contest,election,)
汚れる lose chastity
死ぬ lose vigor;lose spirit
伸びる lose elasticity
切らす lose(patience,concentration,)
亡くす lose(through death
切れる lose temper
敗れる lose
逃がす lose
無くす lose
泳ぐ lose balance
別れる lose(mother)
失う lose;lose(loved)
崩れる lose shape
損する lose(money,)
腐る lose bet
顔を潰す lose face
見失う lose sight
溺れる lose head
擦る lose(match)
痩せる lose weight
延びる lose elasticity
狂う lose mind
落とす lose;lose(match)
苛々 lose patience
負ける lose
逸れる lose sight(companions)
萎える lose strength;lose interest
離れる lose connection
迷う lose co",Guess Vocab related to Keyword,Text
"Buddhist","住職,丸太,お坊さん,不動,僧,仏像,家出,勤め,道場,小僧,仏,務め,入室,坊主,彼岸,寺,営む,経,仏壇,法要,座,神主,博士,法師,竜,道,坊さん,浄土,願書,邪魔,寺院,礼拝,西方,観音","住職 chief priest(Buddhist temple)
丸太 prostitute dressed Buddhist nun
お坊さん Buddhist priest
不動 fierce Buddhist deity
僧 sangha(Buddhist community)
仏像 Buddhist statue;Buddhist image
家出 becoming Buddhist monk
勤め Buddhist religious services
道場 manda(place Buddhist practice meditation,place 
小僧 young Buddhist monk
仏 Buddhist image
務め Buddhist religious services
入室 studying under Buddhist teacher
坊主 Buddhist priest
彼岸 equinoctial week(when Buddhist services are hel
寺 temple(Buddhist)
営む hold(Buddhist Shinto ceremony)
経 Buddhist scriptures
仏壇 Buddhist(ho",Guess Vocab related to Keyword,Text
"firm","公司,商店,引き締まる,強硬,同社,厳重,不動,固い,即戦力,堅い,断固,緩い,強気,商会,法律事務所,固まる,大手企業,堅調,踏ん張る,強調,締まる,強固,頑丈,硬い,強い,弊社,要求,確固,当社,確か,手堅い,閉まる,日本企業,確約","公司 firm
商店 firm
引き締まる become firm(body)
強硬 firm
同社 said firm
厳重 firm
不動 firm
固い firm(viscous easily moved)
即戦力 immediate asset(team firm)
堅い firm(viscous easily moved)
断固 firm
緩い firm
強気 firm
商会 firm
法律事務所 law firm
固まる become firm
大手企業 major firm
堅調 firm(market)
踏ん張る stand firm
強調 firm tone
締まる firm(body,face,)
強固 firm
頑丈 firm
硬い firm(viscous easily moved)
強い firm
弊社 our firm
要求 firm request
確固 firm
当社 firm
確か firm
手堅い firm
閉まる firm(body,face,)
日本企業 company(business,firm)
確約 firm promise",Guess Vocab related to Keyword,Text
"near","側,下町,それ等,差し掛かる,寄る,引きつける,密接,その辺,添える,引き付ける,明日,接近,店頭,引付ける,山手,寄せる,詰まる,直ぐ,目先,近い,近く,身近,近付く,近づける,近付ける,近々,脇,近寄る,近親,近寄せる,迫る,間近","側 near
下町 Shitamachi(low-lying area eastern Tokyo near To
それ等 those(near second)
差し掛かる come near
寄る draw near;come near
引きつける draw near
密接 near
その辺 near there
添える draw near
引き付ける draw near
明日 near future
接近 near(age,skill,)
店頭 (near)shop entrance
引付ける draw near
山手 place near mountains
寄せる bring near;come near
詰まる hit ball near handle bat
直ぐ right(near)
目先 near future
近い near
近く near
身近 near
近付く draw near
近づける near;come near;bring near
近付ける bring near;come near;near
近々 near future;near
脇 near
近寄る draw near
近親 near relative
近寄せる bring near
迫る dra",Guess Vocab related to Keyword,Text
"labour","人件費,仕事,労使,手分け,労連,働き,労働運動,懲役,働く,力作,労働,労働党,禁固,労組,労力,分業,労働力,稼ぐ,禁錮,労,労働省,苦労,陣痛,労作,労務,苦心,勤労,労働組合,手間,総括","人件費 labour cost;indirect labour costs
仕事 labour
労使 labour management
手分け division labour
労連 labour union
働き labour
労働運動 labour movement
懲役 imprisonment hard labor(hard labour)
働く labour
力作 labour
労働 Labour Party;manual labour
労働党 Labour Party
禁固 imprisonment(forced labour)
労組 labour union
労力 labour
分業 division labour
労働力 labour
稼ぐ labour
禁錮 imprisonment(forced labour)
労 labour
労働省 Ministry Labour(now Ministry Health,Labour Wel
苦労 labour
陣痛 labour pains
労作 labour
労務 labour
苦心 labour
勤労 labour
労働組合 labour union
手間 labour
総括 review(labour politica",Guess Vocab related to Keyword,Text
"skin","皮,荒れ,剥く,生地,刺激,吹き出物,染み,剥がす,食い込む,褐色,剥ぐ,美白,皮膚,毛皮,気触れ,脱皮,馴染む,肌,引きつる,袋,筋,身,皮肉,色,肌色,荒れる,艶,黒い","皮 skin
荒れ chaps(skin)
剥く skin
生地 skin make-up
刺激 irritation(body,skin,eyes)
吹き出物 (skin)eruption
染み spot(skin,chloasma,liver spot)
剥がす skin
食い込む bite(rope skin)
褐色 colour tanned skin
剥ぐ skin
美白 beautifully white(skin);whitening(skin,teeth,)
皮膚 skin
毛皮 skin
気触れ eruption(response skin irritant)
脱皮 shedding(skin)
馴染む agree(skin)
肌 skin
引きつる shrink(skin,due scar)
袋 skin orange(other like fruits)
筋 gristly fish paste(made muscle,tendons,skin,)
身 meat(opposed bone,skin,)
皮肉 skin bone
色 skin color;skin colour
肌色 skin colour;skin color;skin tone
荒れる bec",Guess Vocab related to Keyword,Text
"hot","お絞り,売れ筋,天然温泉,沸く,暑い,掛け,吹く,焼ける,もつ鍋,温泉,締め,辛い,暖かい,温かい,暑中見舞,激戦,暑中見舞い,話題,熱い,猫舌,熱気,短気,熱々,湯,蒸す,濃厚,鍋","お絞り hot,moistened hand towel
売れ筋 hot sellers
天然温泉 natural hot spring
沸く grow hot(water)
暑い hot
掛け hot noodles broth
吹く blow(hot tea,candles,)
焼ける become hot(sun)
もつ鍋 hot pot stew made offal,vegetables(often)miso
温泉 hot spring spa;hot spring;hot spring resort
締め dish made eating hot pot adding rice noodles le
辛い hot
暖かい (pleasantly)hot
温かい (pleasantly)hot
暑中見舞 inquiry health hot season
激戦 hot contest
暑中見舞い inquiry health hot season
話題 hot
熱い hot(temper);hot(topic);hot(gaze);hot(touch)
猫舌 inability take hot food;dislike very hot food d
熱気 hot air",Guess Vocab related to Keyword,Text
"aim","図る,目標,志向,心がける,宛,向ける,前提,主眼,目当て,当て,旨,狙い,心掛ける,意図,志,照準,矛先,見当,狙う,目指す,為,趣旨,目安,目処,突破,目的","図る aim
目標 aim
志向 aim
心がける aim
宛 aim
向ける aim
前提 aim
主眼 chief aim
目当て aim
当て aim
旨 aim
狙い aim
心掛ける aim
意図 aim
志 aim
照準 aim
矛先 aim
見当 aim
狙う aim;aim(weapon,)
目指す aim(,,become)
為 aim
趣旨 aim
目安 aim
目処 aim
突破 accomplishing(aim)
目的 aim",Guess Vocab related to Keyword,Text
"purpose","商用,に向けて,為,二人三脚,使い道,意思,好んで,主眼,固める,用途,思わく,専用,宛,使途,旨,間に合う,役立つ,当て,生き甲斐,汎用,意図的,目当て,用,目的,鏡,駄目","商用 business purpose
に向けて purpose
為 purpose
二人三脚 cooperation singleness purpose(between compan
使い道 purpose
意思 purpose
好んで purpose
主眼 main purpose
固める wear specific purpose(armor,coat,)
用途 purpose
思わく purpose
専用 use particular purpose
宛 purpose
使途 purpose which money spent
旨 main purpose
間に合う serve(suit,meet)purpose
役立つ serve purpose
当て purpose
生き甲斐 purpose life
汎用 general purpose
意図的 purpose
目当て purpose
用 purpose
目的 purpose
鏡 page added beginning document mentioning purpose
駄目 serving purpose",Guess Vocab related to Keyword,Text
"connection","乗換,因縁,接続,取引先,連絡,乗換え,交渉,乗り換え,結び付き,渡り,係,因みに,切る,連関,関連,神宮,離れる,脈絡,密接,連なる,結びつき,挨拶,連結,連鎖,関係","乗換 connection
因縁 connection
接続 connection
取引先 business connection
連絡 connection(train,bus,);connection(between matte
乗換え connection
交渉 connection
乗り換え connection
結び付き connection
渡り connection
係 connection
因みに connection
切る cut(connection between two groups)
連関 connection
関連 connection
神宮 high-status Shinto shrine connection imperial f
離れる lose connection
脈絡 logical connection
密接 close(relationship,connection,)
連なる connection
結びつき connection
挨拶 connection
連結 connection
連鎖 connection
関係 connection",Guess Vocab related to Keyword,Text
"emotion","作る,圧倒,情,催す,恋愛,掛ける,含む,創る,勃起,思い,感情,造る,感慨,燃やす,差す,爆発,感動,物,感激,籠もる,響き,情感,炎,情緒,込める","作る put show emotion
圧倒 fill emotion;overwhelm(emotion)
情 emotion
催す feel(sensation,emotion,call nature,)
恋愛 emotion
掛ける hold emotion(pity,hope,)
含む express(emotion,)
創る put show emotion
勃起 welling(emotion)
思い emotion
感情 emotion
造る put show emotion
感慨 deep emotion
燃やす burn(emotion,feeling)
差す felt(i.e. emotion)
爆発 outburst(emotion)
感動 deep emotion
物 emphasize emotion,judgment,
感激 deep emotion
籠もる filled(emotion,enthusiasm,)
響き emotion feeling inspired heard read
情感 emotion
炎 flames(intense emotion,love,jealousy,anger)
情緒 emotion;emotion
込める put(",Guess Vocab related to Keyword,Text
"plot","企み,仕組み,図る,地面,玉,企てる,事件,敷地,区画,構想,土地,巧み,首謀,畑,筋,陰謀,袋,筆,展開,発覚,術,露顕,趣向,筋書き,間口","企み plot
仕組み plot
図る plot
地面 plot
玉 item,funds part plot
企てる plot
事件 plot
敷地 plot
区画 plot
構想 plot
土地 plot land
巧み plot
首謀 leader(plot)
畑 vegetable plot
筋 plot
陰謀 plot
袋 plot land surrounded water
筆 plot
展開 (plot)twist
発覚 detection(plot,fraud,)
術 plot
露顕 discovery(plot,misdeed,)
趣向 plot
筋書き plot
間口 width(building,plot land,)",Guess Vocab related to Keyword,Text
"collapse","壊れる,伸びる,崩れる,倒れ,倒れる,砕ける,凹む,抜ける,没落,崩れ,崩落,破綻,参る,滅亡,切れる,落ちる,潰れる,延びる,崩壊,破れる,陥落,破局,陥没","壊れる collapse
伸びる collapse
崩れる collapse
倒れ collapse
倒れる collapse;destroyed(collapse)
砕ける collapse
凹む collapse
抜ける collapse
没落 collapse
崩れ collapse
崩落 collapse
破綻 collapse
参る collapse
滅亡 collapse
切れる collapse
落ちる collapse
潰れる collapse;collapse(project)
延びる collapse
崩壊 collapse
破れる collapse
陥落 collapse
破局 collapse(relationship)
陥没 collapse",Guess Vocab related to Keyword,Text
"weight","抑え,痩せる,両,太る,押し,痩身,体重,移行,減量,落とす,比重,重し,肥える,貫,威張る,軽量,補助,重み,目減り,預ける,重さ,重量,目方","抑え weight(paperweight)
痩せる reduceweight;lose weight
両 unit weight under ritsuryō,1/16 kin,42-43 g;trad
太る gain weight;put weight
押し weight
痩身 weight reduction
体重 (body)weight
移行 transfer(powers,weight,)
減量 weight reduction;loss weight(body weight)
落とす lessen(production body weight)
比重 weight
重し stone weight(pickle-tub covers);weight(balances
肥える gain weight;put weight
貫 kan(obs. unit weight,approx. 3.75 kg,8.3 lb)
威張る throw weight
軽量 light weight
補助 spotting(weight training)
重み weight;weight(words)
目減り loss(weight volume,transit)
預ける put weight",Guess Vocab related to Keyword,Text
"fill","広がる,満ちる,務める,書き込む,満たす,籠もる,埋める,勤める,飽きる,圧倒,塞ぐ,補う,盛り込む,詰める,張る,貼る,飽食,盛る,注ぐ,満喫,突き上げる,閉ざす","広がる fill(space)
満ちる fill
務める fill(position)
書き込む fill(field,entry,);fill(form)
満たす fill(cup)
籠もる fill room(gas,smell,)
埋める fill(form,sheet);fill(seat,vacant position);fi
勤める fill(position)
飽きる fill
圧倒 fill emotion
塞ぐ fill
補う fill(vacancy)
盛り込む fill(vessel)
詰める fill
張る fill
貼る fill
飽食 eating fill
盛る fill;fill(bowl)
注ぐ fill(cup,bowl,)
満喫 fill(food drink)
突き上げる fill heart
閉ざす fill(sadness)",Guess Vocab related to Keyword,Text
"loan","借りる,利子,借入金,借り,借款,財政投融資,出向,借金,貸与,融通,貸し出す,貸し,債,貸金,利息,貸借,奨学金,貸す,里帰り,融資,限度額,貸付","借りる loan
利子 interest(deposit,loan,)
借入金 loan;loan payable
借り loan
借款 (international)loan
財政投融資 Fiscal Investment Loan Program
出向 loan
借金 loan
貸与 loan
融通 loan
貸し出す loan
貸し loan
債 loan
貸金 loan
利息 interest(loan,deposit)
貸借 loan
奨学金 student loan
貸す loan
里帰り been loan,abroad)
融資 loan
限度額 limit(amount,credit card,loan,expenditure)
貸付 loan",Guess Vocab related to Keyword,Text
"meat","実,丼,焼肉,挽肉,焼きそば,お好み焼き,鶏,食肉,桜,焼き肉,肉食,面,縁側,切り,骨抜き,香ばしい,部位,肉,鶏肉,鳥,青柳,身","実 (broth)pieces meat,vegetable,
丼 bowl meat,fish,served rice
焼肉 roasted meat;dish grilled meat similar Korean b
挽肉 minced meat;ground meat
焼きそば fried noodles,usu. vegetables meat
お好み焼き savoury pancake fried iron griddle vegetable
鶏 chicken meat
食肉 meat(consumption)
桜 horse meat
焼き肉 dish grilled meat similar Korean barbecue;roas
肉食 eating meat;meat diet;meat eating
面 cheek meat
縁側 meat base fin
切り counter cuts(fish,meat,)
骨抜き boning(fish meat)
香ばしい savory-smelling(barbecued meat)
部位 cut(meat)
肉 meat
鶏肉 chicken meat;bird meat
鳥 bird meat(chicken ",Guess Vocab related to Keyword,Text
"standard","規格,尺度,以下,目安,偏差値,本格的,楷書,型,共通語,程度,反旗,素直,基準,標準,水準,定番,基軸,落第,本位,規準,節度,規範","規格 standard
尺度 standard
以下 below(standard,level,)
目安 standard
偏差値 standard score;deviation value(usu. scaled mea
本格的 standard
楷書 standard style
型 (standard)form
共通語 standard language(language variety understood 
程度 standard
反旗 standard revolt
素直 standard
基準 standard
標準 standard
水準 standard
定番 standard item;standard procedure
基軸 standard
落第 falling short standard
本位 standard
規準 standard
節度 standard
規範 standard",Guess Vocab related to Keyword,Text
"solid","強い,無地,固い,丈夫,強固,固体,大地,物体,手堅い,立派,確実,固形,立体,堅い,重い,着実,純金,堅実,重厚,硬い,頑丈","強い solid
無地 solid(color)
固い solid
丈夫 solid
強固 solid
固体 solid(body);solid matter
大地 solid earth
物体 solid
手堅い solid
立派 solid
確実 solid
固形 solid(body)
立体 solid body
堅い solid
重い solid
着実 solid
純金 solid gold
堅実 solid
重厚 solid
硬い solid
頑丈 solid",Guess Vocab related to Keyword,Text
"stay","込む,実刑,居る,残す,乗る,止まる,引っ込む,執行猶予,駐在,支柱,投じる,疎遠,泊まり,泊まる,滞在,起きる,滞在中,添う,籠もる,里帰り,留める","込む stay
実刑 prison sentence(stay execution)
居る stay
残す stay(ring)
乗る stay(track)
止まる stay(place)
引っ込む stay;stay indoors
執行猶予 stay execution
駐在 stay
支柱 stay
投じる stay(lodging)
疎遠 neglecting stay contact
泊まり overnight stay
泊まる stay(hotel)
滞在 stay
起きる stay awake
滞在中 during stay
添う stay side
籠もる stay inside(shell)
里帰り visiting parents(prolonged stay)
留める stay(night)",Guess Vocab related to Keyword,Text
"gun","構える,撃つ,引金,引き金,充填,発砲,筒,込める,脅し,砲,響き,照準,大砲,銃,放つ,鉄砲,機関銃,銃声,空砲,発火","構える ready(gun)
撃つ shoot(gun,,)
引金 trigger(gun,)
引き金 trigger(gun,)
充填 loading(gun ammunition,camera film,)
発砲 discharge gun
筒 gun;gun barrel
込める load(gun,)
脅し bird-scaring device(scarecrow,gun,)
砲 gun
響き sound(distinctive sound object activity,rain,gu
照準 sight(gun)
大砲 gun
銃 gun
放つ fire(gun,arrow,questions,)
鉄砲 gun
機関銃 machine gun
銃声 report gun
空砲 gun loaded blanks;empty gun
発火 discharge gun bullets",Guess Vocab related to Keyword,Text
"ill","不幸せ,病む,悪意,寝付く,不機嫌,発病,得る,反感,悪気,不運,悪口,見舞い,罵る,患う,抱く,煩う,起こす,毒,煙たい,陰口","不幸せ ill luck
病む fall ill
悪意 ill will
寝付く ill bed
不機嫌 ill humor;ill humour
発病 falling ill
得る (ill)
反感 ill feeling
悪気 ill will
不運 ill luck;ill fortune
悪口 speaking ill;speaking ill;speaking ill
見舞い visiting ill distressed
罵る speak ill
患う ill
抱く bear(grudge,ill will,)
煩う ill
起こす fall ill
毒 ill will
煙たい ill ease
陰口 speaking ill behind",Guess Vocab related to Keyword,Text
"lost","無くなる,落とし物,敗戦,再生,消える,戻る,失点,忘れ物,遺品,行方不明,迷う,暮れる,遺失物,潰れる,欠ける,拾得,迷子,絶句,紛れる,逃げる","無くなる lost(dream,confidence);lost(luggage)
落とし物 lost property
敗戦 lost battle
再生 regeneration(lost damage tissue)
消える lost(tradition);become lost
戻る recover(lost)
失点 lost point(game)
忘れ物 lost article
遺品 lost item;lost property
行方不明 lost
迷う lost
暮れる lost(thought)
遺失物 lost article;lost property
潰れる lost(face,composure,);lost(voice,eyesight,sens
欠ける become lost
拾得 finding(lost property)
迷子 lost child;lost
絶句 lost words
紛れる lost
逃げる lost(flavor)",Guess Vocab related to Keyword,Text
"quick","機動,迅速,小刻み,慌ただしい,速い,早い,速やか,安易,目印,早急,追っかけ,短気,足早,素早い,急ピッチ,簡単,早,速報,機敏,速攻","機動 quick respond
迅速 quick
小刻み trembling,quick steps)
慌ただしい quick
速い quick
早い quick
速やか quick
安易 quick
目印 mark(quick identification recognition)
早急 quick
追っかけ (quick)succession
短気 quick temper
足早 quick;quick(passing)
素早い quick(understanding,judgement,);quick
急ピッチ quick pace
簡単 quick
早 quick
速報 quick announcement
機敏 quick
速攻 quick attack",Guess Vocab related to Keyword,Text
"rapid","迅速,快速,急成長,急速,慌ただしい,急増,急,足早,連発,急進,早い,速やか,早口,躍進,急激,早,高速,早急,速い,飛躍","迅速 rapid
快速 rapid train
急成長 rapid growth
急速 rapid(progress)
慌ただしい rapid
急増 rapid increase
急 rapid
足早 rapid
連発 firing rapid succession
急進 rapid progress
早い rapid
速やか rapid
早口 rapid talking
躍進 making rapid progress
急激 rapid
早 rapid
高速 rapid
早急 rapid
速い rapid
飛躍 rapid progress",Guess Vocab related to Keyword,Text
"square","平方キロメートル,合,原稿用紙,怒る,角,眼,堂々,広場,正方形,怒らせる,四角い,真四角,面積,色紙,平方,方,坪,目,斗,楷書","平方キロメートル square kilometre;square kilometer
合 traditional unit area,approx 0.33 metres square
原稿用紙 writing paper(lined square grid,square per ch
怒る square
角 square
眼 square(chessboard)
堂々 square
広場 square;public square
正方形 square
怒らせる square(shoulders)
四角い square
真四角 square
面積 square measure
色紙 square fancy cardboard,autographs,poetry,
平方 square(metre)
方 length(each side square)
坪 traditional unit fabric paper area,approx. 9.18 
目 square(chessboard)
斗 square bearing block(top pillar)
楷書 square style",Guess Vocab related to Keyword,Text
"extreme","悲痛,余り,非常,至る,極度,大層,極右,強度,甚だしい,劇的,激しい,極まる,酷い,超,熱い,極端,対極,物凄い,過激","悲痛 extreme sadness
余り extreme;extreme
非常 extreme
至る extreme case
極度 extreme
大層 extreme
極右 extreme right
強度 extreme
甚だしい extreme
劇的 extreme
激しい extreme
極まる reach extreme
酷い extreme
超 extreme
熱い extreme
極端 extreme
対極 other(opposite)extreme
物凄い extreme
過激 extreme",Guess Vocab related to Keyword,Text
"foot","身軽,拾う,俊足,麓,徒歩,行脚,尾,左足,軽い,足,右足,歩兵,歩む,裾,脚,踏む,逃げ足,遠足,駆けっこ","身軽 light(foot)
拾う foot
俊足 swiftness foot
麓 foot(mountain hill)
徒歩 going foot
行脚 travelling(foot)
尾 slope foot mountain
左足 left foot
軽い light(i.e. foot)
足 foot
右足 right foot
歩兵 foot soldier
歩む foot
裾 foot(mountain)
脚 foot
踏む set foot(foreign soil)
逃げ足 escaping foot
遠足 excursion(foot)
駆けっこ (foot)race",Guess Vocab related to Keyword,Text
"Introduction","登場,初めに,手引,投入,顔合わせ,世話,入門,導入,概論,手引き,前置き,振り,誘い,始めに,提出,枕,誘導,紹介,輸入","登場 introduction
初めに Introduction
手引 introduction
投入 introduction
顔合わせ introduction
世話 introduction
入門 introduction
導入 introduction;introduction(story,lecture,)
概論 introduction
手引き introduction
前置き introduction
振り going restaurant,hotel reservation introduction
誘い introduction
始めに Introduction
提出 introduction(bill)
枕 introduction(rakugo story)
誘導 introduction
紹介 introduction
輸入 introduction",Guess Vocab related to Keyword,Text
"smile","笑い,微笑む,創る,笑み,作り笑い,崩す,綻びる,作り,零れる,浮かべる,笑う,造り,苦笑い,笑顔,紛らす,作る,苦しい,微笑,造る","笑い smile
微笑む smile
創る feign(smile,)
笑み smile
作り笑い forced smile
崩す smile;break smile
綻びる smile broadly;break smile
作り forced(smile,)
零れる escape(smile,tear,)
浮かべる show face(smile,sadness,)
笑う smile
造り forced(smile,)
苦笑い wry smile;forced smile;bitter smile
笑顔 smile
紛らす conceal(grief smile)
作る feign(smile,)
苦しい forced(smile)
微笑 smile
造る feign(smile,)",Guess Vocab related to Keyword,Text
"actor","名優,主役,二枚目,再演,仕出し,代役,子役,大根,役者,俳優,男優,化ける,星,女優,見せ場,振る,脇役,花形","名優 famous actor;great actor
主役 leading actor
二枚目 actor love scene
再演 playing same role again(i.e. actor)
仕出し background actor
代役 substitute(actor)
子役 child actor
大根 ham actor
役者 actor
俳優 actor
男優 (male)actor
化ける improve unexpectedly dramatically(actor,artist
星 star(actor,player,)
女優 female actor
見せ場 show-off scene(actor play)
振る cast(actor)
脇役 supporting role(actor)
花形 star(actor,player,)",Guess Vocab related to Keyword,Text
"gate","門前,正門,木戸,入口,改札,袖,大手,入門,扉,遮断機,改札口,校門,裏門,門扉,門,口,関,門前払い","門前 gate;front gate
正門 main gate
木戸 wicket gate
入口 gate
改札 ticket gate
袖 wing(stage,desk,gate,)
大手 front castle gate
入門 entering through gate
扉 gate
遮断機 (railway)crossing gate
改札口 ticket gate
校門 gate
裏門 gate
門扉 door(s)gate
門 gate
口 gate
関 gate
門前払い turning another away gate front door",Guess Vocab related to Keyword,Text
"waste","廃棄物,勿体ない,収集,損する,暇つぶし,廃材,不燃物,原野,荒廃,衰える,暇潰し,消耗,荒らす,無駄遣い,浪費,箱,潰す,費やす","廃棄物 waste matter;waste
勿体ない waste
収集 waste collection
損する waste(,)
暇つぶし waste
廃材 waste wood;waste;waste material
不燃物 incombustible(usu. waste)
原野 waste land
荒廃 waste
衰える waste away
暇潰し waste
消耗 waste
荒らす lay waste
無駄遣い waste(money,,)
浪費 waste
箱 receptacle human waste
潰す waste(talents)
費やす waste",Guess Vocab related to Keyword,Text
"abandon","切り捨てる,見限る,思い切る,投げ出す,委ねる,振る,投げる,放る,思いとどまる,止める,投じる,捨てる,見放す,諦める,見合わせる,見捨てる,転ぶ","切り捨てる abandon
見限る abandon
思い切る abandon
投げ出す abandon
委ねる abandon(pleasure)
振る abandon
投げる abandon
放る abandon
思いとどまる abandon
止める abandon
投じる abandon
捨てる abandon
見放す abandon
諦める abandon(hope,plans)
見合わせる abandon
見捨てる abandon
転ぶ abandon Christianity(convert Buddhism)",Guess Vocab related to Keyword,Text
"apart","別に,他,かけ離れる,綻びる,取り除く,分解,別れる,兎も角,別居,平行線,壊れる,離れる,解体,引き裂く,引き離す,離す,退ける","別に apart
他 apart
かけ離れる far apart
綻びる come apart seams
取り除く set apart
分解 taking apart
別れる apart
兎も角 apart
別居 living apart
平行線 remaining far apart(discussions)
壊れる fall apart
離れる apart
解体 taking apart
引き裂く tear apart;force apart
引き離す pull apart
離す keep apart
退ける keep apart",Guess Vocab related to Keyword,Text
"block","封じる,斗,塞ぐ,区画,貸し切り,丁目,町,拒む,楷書,貸切り,潰す,殺す,町内,版,詰まらせる,遮る,閉ざす","封じる block
斗 square bearing block(top pillar)
塞ぐ block
区画 block
貸し切り block reservation
丁目 city block(irregular size)
町 block
拒む block
楷書 block style
貸切り block reservation
潰す block
殺す block
町内 block
版 block
詰まらせる block
遮る block(light,wind,)
閉ざす block(street,entrance,)",Guess Vocab related to Keyword,Text
"dark","浮かび上がる,暗闇,真っ暗,暗い,暗やみ,暮れる,惑星,暗雲,穴,黒っぽい,蜜,眼,濃い,褐色,裏面,黒い,闇","浮かび上がる stand(against dark background)
暗闇 dark
真っ暗 pitch dark
暗い dark;dark(past);dark(colour);dark(mood)
暗やみ dark
暮れる grow dark;dark
惑星 dark horse
暗雲 dark clouds
穴 dark horse
黒っぽい dark
蜜 sorbitol(when visible dark patches inside apple)
眼 pupil(dark)iris eye
濃い dark
褐色 dark brown
裏面 dark side(society)
黒い dark
闇 dark",Guess Vocab related to Keyword,Text
"dry","乾かす,乾く,乾季,川原,乾物,干す,乾杯,切れる,搾取,乾期,乾電池,拭く,枯葉,河原,辛口,呉服,枯れ葉","乾かす dry(clothes,)
乾く dry
乾季 dry season
川原 dry riverbed
乾物 dry provisions
干す dry
乾杯 drinking glass dry
切れる dry
搾取 bleeding dry;squeezing dry
乾期 dry season
乾電池 dry cell
拭く dry
枯葉 dry leaves
河原 dry riverbed
辛口 dry taste(sake,wine)
呉服 dry goods
枯れ葉 dry leaves",Guess Vocab related to Keyword,Text
"gas","引く,気体,天然ガス,拡散,毒ガス,排気,都市ガス,凝縮,発,燃費,籠もる,逃げる,軽油,漏洩,流れ,濁る,風船","引く lay(electricity,gas,)
気体 gas
天然ガス natural gas
拡散 diffusion(light,gas)
毒ガス poison gas
排気 emission(gas engine)
都市ガス gas supplied buildings via pipes;mains gas;ci
凝縮 condensation(vapour gas)
発 counter gunshots,bursts gas,
燃費 gas mileage
籠もる fill room(gas,smell,)
逃げる escape(heat,gas,)
軽油 gas oil
漏洩 leak(gas,liquid,);escape(gas)
流れ flow(fluid gas)
濁る become impure(liquid gas)
風船 balloon(hot-air gas)",Guess Vocab related to Keyword,Text
"project","事業,推進,企画,区切り,張り出す,廃案,息切れ,打ち上げ,映し出す,案件,持ち込む,飛び出す,映す,潰れる,明るい,社会事業,計画","事業 project
推進 promotion(policy,project,movement,)
企画 project
区切り milestone(project)
張り出す project
廃案 rejected bill(project)
息切れ running steam(economy,project,)
打ち上げ end(project,theatrical run,);party celebrate 
映し出す project
案件 project
持ち込む propose(project)
飛び出す project
映す project
潰れる collapse(project)
明るい encouraging(future project,)
社会事業 social project
計画 project",Guess Vocab related to Keyword,Text
"relation","折り合い,連絡,怪しい,結びつき,義理,当たる,仲,位置付ける,連関,結び付き,親類,身寄り,間柄,親族,関係,親戚,関連","折り合い relation
連絡 relation
怪しい suspicious(potential amorous relation)
結びつき relation
義理 relation marriage
当たる relation
仲 relation
位置付ける place(relation whole)
連関 relation
結び付き relation
親類 relation
身寄り relation
間柄 relation
親族 relation
関係 relation
親戚 relation
関連 relation",Guess Vocab related to Keyword,Text
"spare","替え,余力,取る,割く,余計,予備,余暇,隙間,助ける,任せる,暇,裂く,空き,余す,合間,控え,補欠","替え spare
余力 money spare
取る spare
割く spare(,money,)
余計 spare
予備 spare
余暇 spare
隙間 spare;spare moment
助ける spare
任せる use(money,strength,spare,)full
暇 spare
裂く spare(,money,)
空き spare
余す spare
合間 spare moment
控え spare
補欠 spare",Guess Vocab related to Keyword,Text
"wide","大差,剥く,大口,広範囲,広域,大空,博物,小幅,広範,敬遠,大幅,腹,開く,広い,幅広い,施す,見張る","大差 wide margin
剥く open wide(eyes)
大口 mouth opened wide
広範囲 wide scope
広域 wide view(digitally displayed map);wide area
大空 wide open sky
博物 wide learning
小幅 single-breadth cloth(approx. 36 cm wide)
広範 wide
敬遠 giving wide berth
大幅 full-width cloth(approx. 72 cm wide traditional
腹 wide middle part
開く wide(gap,)
広い wide
幅広い wide
施す spread far wide
見張る open(eyes)wide",Guess Vocab related to Keyword,Text
"core","中核,基軸,命,本業,主体,中心,心,核,虫,炉心,根幹,骨,芯,核心,軒,眼","中核 core
基軸 core
命 core
本業 core business
主体 core
中心 core
心 core;core(character)
核 core(organization,team,);core;(planetary)core
虫 valve core
炉心 nuclear reactor core
根幹 core
骨 core
芯 core
核心 core
軒 narrow aisle surrounding core temple building
眼 core",Guess Vocab related to Keyword,Text
"rush","飛び出す,跳ぶ,急かす,急いで,急ぐ,大急ぎ,突っ込む,慌てる,駆けつける,突進,飛ぶ,殺到,走る,躍進,駆け込み,逆上せる","飛び出す rush
跳ぶ rush
急かす rush
急いで rush
急ぐ rush
大急ぎ rush
突っ込む rush
慌てる rush
駆けつける rush(someplace)
突進 rush
飛ぶ rush
殺到 rush
走る rush
躍進 rush
駆け込み last-minute rush
逆上せる blood rush head",Guess Vocab related to Keyword,Text
"thin","すき焼き,希薄,潮,飛ぶ,跳ぶ,筋,伸ばす,枚,何処までも,綱渡り,痩せる,薄い,延ばす,空く,揚げ,細い","すき焼き thin slices beef,cooked various vegetables ta
希薄 thin(air)
潮 thin soup fish shellfish boiled seawater
飛ぶ thin
跳ぶ thin
筋 counter long thin things
伸ばす thin
枚 counter thin,flat objects(sheets paper,plates,co
何処までも through thick thin
綱渡り walking thin ice
痩せる become thin
薄い thin
延ばす thin
空く thin
揚げ thin deep-fried slices tofu
細い thin",Guess Vocab related to Keyword,Text
"arm","上手投げ,差す,回す,脇,右腕,抱える,左腕,手,脚,腕,腕力,指す,足,科,突っ張る","上手投げ throw using outside arm
差す carry under arm;insert arm under opponent's arm
回す put(arm)around(waist)
脇 under arm
右腕 right arm
抱える carry under arm
左腕 left arm
手 arm
脚 arm(octopus,squid,)
腕 arm
腕力 arm strength
指す extend arm straight ahead(dance)
足 arm(octopus,squid,)
科 arm
突っ張る stretch(arm against wall)",Guess Vocab related to Keyword,Text
"everyone","各位,全員,誰にでも,皆,誰でも,方々,各自,行き渡る,誰にも,独走,皆さん,誰も,皆様,行渡る,諸君","各位 everyone
全員 everyone
誰にでも everyone
皆 everyone;everyone
誰でも everyone
方々 everyone
各自 everyone
行き渡る reach everyone
誰にも everyone
独走 far ahead(everyone else)
皆さん everyone
誰も everyone
皆様 everyone
行渡る reach everyone
諸君 everyone",Guess Vocab related to Keyword,Text
"relative","親類,当たる,肉親,身寄り,不幸,親戚,相対,比,近親,相対的,血縁,比重,親族,長短,難易","親類 relative
当たる relative
肉親 blood relative
身寄り relative
不幸 death(usu. relative)
親戚 relative
相対 relative
比 relative
近親 near relative
相対的 relative
血縁 blood relative
比重 relative importance;relative density
親族 relative
長短 (relative)length
難易 (relative)difficulty",Guess Vocab related to Keyword,Text
"response","手応え,対応,対する,反響,共感,返事,答え,反応,答,応酬,気触れ,応答,挨拶,提示,答弁","手応え response(felt hands);response
対応 response
対する response
反響 response
共感 response
返事 response
答え response
反応 response
答 response
応酬 response
気触れ eruption(response skin irritant)
応答 response
挨拶 response
提示 presentation(plan,response,)
答弁 response",Guess Vocab related to Keyword,Text
"strain","緊迫,応える,絞る,張る,引き締める,力む,緊張,新型,搾る,系統,株,詰める,調子,貼る,過労","緊迫 strain
応える strain
絞る strain(voice)
張る strain
引き締める strain
力む strain
緊張 strain
新型 new strain(infectious disease)
搾る strain(voice)
系統 strain(bacterial)
株 strain(bacteria,)
詰める strain
調子 strain
貼る strain
過労 strain",Guess Vocab related to Keyword,Text
"tough","可愛がる,堅い,強い,固い,硬派,偉い,厳格,強硬,苦しい,手ごわい,辛い,硬い,突っ張る,苛める,強敵","可愛がる tough
堅い tough
強い tough
固い tough
硬派 tough boy
偉い tough
厳格 tough
強硬 tough
苦しい tough
手ごわい tough
辛い tough;tough
硬い tough
突っ張る act tough
苛める tough(body)
強敵 tough enemy",Guess Vocab related to Keyword,Text
"cloth","巻,地合い,裁つ,切れ,匹,小幅,呉服,大幅,布地,布,麻布,生地,雑巾,風呂敷","巻 roll(cloth)
地合い texture(cloth,fabric,paper)
裁つ cut(cloth)
切れ cloth
匹 roll cloth;counter rolls cloth(two han size)
小幅 single-breadth cloth(approx. 36 cm wide)
呉服 cloth(clothes)
大幅 full-width cloth(approx. 72 cm wide traditional
布地 cloth
布 cloth
麻布 hemp cloth
生地 cloth
雑巾 dust cloth
風呂敷 wrapping cloth;cloth wrapper",Guess Vocab related to Keyword,Text
"perfect","完全,完了,無傷,文句なし,典型,優勝,赤,絶好調,完璧,完全試合,絶好,満点,真ん丸,絶妙","完全 perfect
完了 perfect(tense,form,aspect)
無傷 perfect(record);perfect(condition)
文句なし perfect
典型 perfect example
優勝 perfect contentment
赤 perfect
絶好調 perfect form
完璧 perfect
完全試合 perfect game
絶好 perfect
満点 perfect score
真ん丸 perfect circle
絶妙 perfect",Guess Vocab related to Keyword,Text
"tear","破れる,切る,千切る,剥がす,涙,裂く,破る,割く,裂ける,引き裂く,剥ぐ,破綻,崩す,零れる","破れる tear
切る tear(stub)
千切る tear;tear shreds;tear pieces
剥がす tear
涙 tear
裂く tear
破る tear
割く tear
裂ける tear
引き裂く tear;tear pieces;tear apart
剥ぐ tear
破綻 tear(clothing,)
崩す tear
零れる escape(smile,tear,)",Guess Vocab related to Keyword,Text
"online","通信販売,再生,祭,固定,通販,炎上,口コミ,張る,落ちる,祭り,釣り,枠,貼る","通信販売 online shopping service(delivery mail)
再生 views(online video)
祭 online shaming
固定 user(online forum like 2ch where majority users
通販 online shopping
炎上 stirring storm criticism online(article,tweet,s
口コミ online reviews;comments written online(product
張る post(link,online)
落ちる log(online game,chat room,)
祭り online shaming
釣り writing deliberately inflammatory posts online
枠 live(online)broadcast
貼る post(link,online)",Guess Vocab related to Keyword,Text
"smoke","籠もる,吹く,遣る,吸う,飲む,煙,喫する,吹き出す,噴き出す,噴煙,立つ,煙る,黒煙","籠もる heavy(smoke)
吹く emit(smoke,fire,)
遣る smoke
吸う smoke
飲む smoke(tobacco)
煙 smoke
喫する smoke
吹き出す blow(smoke,)
噴き出す blow(smoke,)
噴煙 (eruption)smoke
立つ rise(smoke,waves,)
煙る smoke(fire);billow smoke
黒煙 black smoke",Guess Vocab related to Keyword,Text
"sphere","玉,分野,世界,圏内,範囲,縄張り,方面,場,区域,天地,畑,球,舞台","玉 sphere
分野 sphere
世界 sphere
圏内 within sphere(influence,)
範囲 sphere
縄張り sphere influence
方面 sphere
場 sphere
区域 sphere
天地 sphere
畑 sphere
球 sphere
舞台 sphere(activity)",Guess Vocab related to Keyword,Text
"taken","取れる,引かれる,捕らわれる,潰れる,塞がる,路線,剥ける,お世話になる,捕われる,軌跡,足取り,乗る,苦肉の策","取れる taken
引かれる taken
捕らわれる taken prisoner
潰れる taken
塞がる taken(accommodation)
路線 line(taken group,organization,)
剥ける taken
お世話になる taken care
捕われる taken prisoner
軌跡 path has taken
足取り trace(route taken hunted criminal)
乗る taken
苦肉の策 desperate measure taken under pressure necess",Guess Vocab related to Keyword,Text
"broken","砕ける,壊れる,失恋,切れる,駄目,折れる,欠片,破片,潰れる,欠損,破れる,解ける","砕ける broken
壊れる broken
失恋 broken heart
切れる broken(relationship)
駄目 broken
折れる broken
欠片 broken piece
破片 broken piece
潰れる broken(heart);broken;broken(courage)
欠損 partially broken
破れる broken(negotiations,)
解ける broken(spells,curses,)",Guess Vocab related to Keyword,Text
"gloomy","暗い,不景気,鬱陶しい,悲観的,重い,薄暗い,湿っぽい,悲観,曇る,難しい,重たい,陰気","暗い gloomy
不景気 gloomy
鬱陶しい gloomy(mood)
悲観的 gloomy
重い gloomy
薄暗い gloomy
湿っぽい gloomy
悲観 (taking)gloomy view
曇る gloomy
難しい gloomy
重たい gloomy
陰気 gloomy",Guess Vocab related to Keyword,Text
"priest","お坊さん,布施,住職,坊さん,僧,坊主,僧侶,先住,法師,神主,神父,管長","お坊さん Buddhist priest
布施 offerings(usu. money)priest(reading sutras,)
住職 chief priest(Buddhist temple)
坊さん Buddhist priest
僧 priest
坊主 Buddhist priest
僧侶 priest
先住 previous priest
法師 layman dressed like priest;Buddhist priest
神主 Shinto priest;chief Shinto priest(shrine)
神父 Catholic priest
管長 superintendent priest",Guess Vocab related to Keyword,Text
"span","程,広がり,に渡って,伸びる,渡る,全長,通す,延びる,徹す,貼る,張る,範囲","程 (span)
広がり span
に渡って span
伸びる prolonged(meeting,life span,)
渡る span
全長 span
通す span whole
延びる prolonged(meeting,life span,)
徹す span whole
貼る span
張る span
範囲 span",Guess Vocab related to Keyword,Text
"troublesome","骨,難しい,不味い,煩わしい,仕方がない,煩雑,不都合,仕方ない,煩い,偉い,仕様がない,鬱陶しい","骨 troublesome
難しい troublesome
不味い troublesome
煩わしい troublesome
仕方がない troublesome
煩雑 troublesome
不都合 troublesome
仕方ない troublesome
煩い troublesome
偉い very troublesome
仕様がない troublesome
鬱陶しい troublesome",Guess Vocab related to Keyword,Text
"useful","役に立つ,有用,引出し,便利,寿命,引き出し,有益,実用的,重宝,成る,役立つ,有意義","役に立つ useful
有用 useful
引出し variety knowledge experience useful handling t
便利 useful
寿命 end object's(useful)life
引き出し variety knowledge experience useful handling 
有益 useful
実用的 useful
重宝 finding useful;useful
成る useful
役立つ useful
有意義 useful",Guess Vocab related to Keyword,Text
"courage","勇気,胆,着ける,潰れる,付ける,奮う,義勇,空,度胸,肝,腹","勇気 courage
胆 courage
着ける give(courage)
潰れる broken(courage)
付ける give(courage)
奮う muster(courage)
義勇 loyalty courage
空 put-on(cheeriness,courage,)
度胸 courage
肝 courage
腹 courage",Guess Vocab related to Keyword,Text
"depression","陥る,うつ病,不況,凹み,不振,低気圧,不景気,鬱,憂鬱,陥没,低迷","陥る fall(chaos,depression,dilemma,illness,)
うつ病 depression
不況 depression
凹み depression;depression
不振 depression
低気圧 depression
不景気 depression
鬱 depression
憂鬱 depression
陥没 depression(skull)
低迷 depression",Guess Vocab related to Keyword,Text
"flavor","持ち味,味わい,匂い,含める,風味,味,逃げる,濃厚,塩梅,味付け,濃淡","持ち味 inherent flavor
味わい flavor
匂い flavor
含める permeate flavor
風味 flavor
味 flavor
逃げる lost(flavor)
濃厚 rich(flavor,color,)
塩梅 flavor
味付け flavor
濃淡 strength weakness(flavor);depth(flavor)",Guess Vocab related to Keyword,Text
"glow","夕焼け,光,焼ける,彩り,臭う,白熱,明かり,灯り,輝く,匂う,映える","夕焼け evening glow
光 glow
焼ける glow red(i.e. sky sunset)
彩り glow
臭う glow
白熱 white glow
明かり glow
灯り glow
輝く glow
匂う glow
映える glow",Guess Vocab related to Keyword,Text
"neighbourhood","付近,町内,周り,近く,辺り,近隣,近所,里,町,隣人,近辺","付近 neighbourhood
町内 neighbourhood
周り neighbourhood
近く neighbourhood
辺り neighbourhood
近隣 neighbourhood
近所 neighbourhood
里 neighbourhood(under ritsuryō
町 neighbourhood
隣人 neighbourhood
近辺 neighbourhood",Guess Vocab related to Keyword,Text
"healthy","健全,健康,丈夫,達者,健やか,忠実,好況,健康的,元気,強い","健全 healthy
健康 healthy
丈夫 healthy
達者 healthy
健やか healthy
忠実 healthy
好況 healthy economy
健康的 healthy
元気 healthy
強い healthy",Guess Vocab related to Keyword,Text
"illegal","不法,非合法,薬,裏口,地下,闇,密入国,決める,談合,違法","不法 illegal
非合法 illegal
薬 (illegal)drug
裏口 illegal
地下 illegal
闇 illegal channels
密入国 illegal immigration
決める take illegal drugs
談合 (illegal)price-fixing agreement
違法 illegal",Guess Vocab related to Keyword,Text
"pocket","捜す,小遣い,弄る,探す,電卓,懐,傷める,手帳,手元,痛める","捜す search(house,pocket,)
小遣い pocket money
弄る feel around(pocket,bag,)
探す search(house,pocket,)
電卓 pocket calculator
懐 (breast)pocket
傷める hurt pocket
手帳 (pocket)diary
手元 pocket money
痛める hurt pocket",Guess Vocab related to Keyword,Text
"trace","影,欠片,蒸発,写す,帯びる,跡,遡る,痕跡,面影,足取り","影 trace
欠片 trace
蒸発 vanishing trace
写す trace
帯びる trace
跡 trace
遡る trace
痕跡 trace
面影 trace
足取り trace(route taken hunted criminal)",Guess Vocab related to Keyword,Text
"scent","手掛かり,手がかり,匂い,移る,香水,逃げる,漂う,放つ,香り","手掛かり scent
手がかり scent
匂い scent
移る permeated colour scent
香水 scent
逃げる leak(scent)
漂う waft(scent)
放つ give(scent)
香り scent",Guess Vocab related to Keyword,Text
"affix","着ける,張る,押す,付ける,貼る,貼り付ける,履く,送る","着ける affix
張る affix
押す affix(gold leaf)
付ける affix
貼る affix
貼り付ける affix
履く affix(bowstring bow);affix(sword hip)
送る affix okurigana",Guess Vocab related to Keyword,Text
"bloom","咲く,綻びる,開花,満開,盛り,花,開く,花盛り","咲く bloom
綻びる begin bloom
開花 coming bloom
満開 full bloom(cherry blossom)
盛り full bloom;bloom
花 bloom
開く bloom
花盛り flowers full bloom;year which flowers are full",Guess Vocab related to Keyword,Text
"composure","余裕,冷静,安定,冷やす,潰れる,度,沈着,落ち着き","余裕 composure
冷静 composure
安定 composure
冷やす regain composure
潰れる lost(face,composure,)
度 composure
沈着 composure
落ち着き composure",Guess Vocab related to Keyword,Text
"dust","雑巾,取れる,粉,掛かる,被る,立てる,払う,袖","雑巾 dust cloth
取れる come(dust)
粉 dust
掛かる covered(dust,table-cloth,)
被る covered(dust,snow,)
立てる raise(cloud dust,)
払う dust
袖 flap(dust jacket)",Guess Vocab related to Keyword,Text
"Korean","在日,朝鮮半島,板門店,東海,焼き肉,韓国語,焼肉,韓国","在日 North South Korean national permanent residency
朝鮮半島 Korean peninsula
板門店 Joint Security Area(Korean Demilitarized Zone)
東海 East Sea(Korean Sea)
焼き肉 dish grilled meat similar Korean barbecue
韓国語 Korean(language)
焼肉 dish grilled meat similar Korean barbecue
韓国 Korean Empire(1897-1910)",Guess Vocab related to Keyword,Text
"make-up","体質,作り,生地,化粧,直す,造り,彩る,素顔","体質 make-up;physical make-up
作り appearance(attire,make-up,)
生地 skin make-up
化粧 make-up
直す tidy(hair,make-up,)
造り appearance(attire,make-up,)
彩る apply make-up
素顔 face make-up",Guess Vocab related to Keyword,Text
"OK","了解,大丈夫,宜しい,結構,大事,平気,良い,順調","了解 OK
大丈夫 OK
宜しい OK
結構 OK
大事 OK
平気 OK
良い OK
順調 OK",Guess Vocab related to Keyword,Text
"tooth","眼,入れ歯,根,虫歯,充填,歯,歯磨き,目","眼 tooth(saw,comb,)
入れ歯 false tooth
根 root(tooth,hair,)
虫歯 tooth decay;decayed tooth
充填 filling(tooth)
歯 tooth;tooth(comb,saw,)
歯磨き tooth powder
目 tooth(saw,comb,)",Guess Vocab related to Keyword,Text
"worn","潰れる,切れる,冠,浴衣,白衣,剥げる,襟巻き,疲れる","潰れる worn(pen nib,saw teeth,)
切れる worn
冠 traditional cap worn Shinto clergy courtiers
浴衣 yukata(light cotton kimono worn summer bathrobe
白衣 white gown(worn doctors,chemists,)
剥げる worn
襟巻き scarf(worn warmth)
疲れる become worn(well-used object)",Guess Vocab related to Keyword,Text
"occupy","納まる,乗っ取る,占める,代目,収まる,取る,塞ぐ","納まる occupy(role)
乗っ取る occupy
占める occupy
代目 nth(occupy position,president)
収まる occupy(role)
取る occupy
塞ぐ occupy",Guess Vocab related to Keyword,Text
"servant","奴隷,公務員,使用人,地方公務員,下部,里帰り,主","奴隷 servant
公務員 public servant;civil servant
使用人 servant
地方公務員 local civil servant
下部 good faithful servant
里帰り temporarily returning home(servant)
主 master(servant)",Guess Vocab related to Keyword,Text
"spp.","象,白鳥,松,綿,胡桃,鯨,蜜柑","象 elephant(Elephantidae spp.)
白鳥 swan(Cygnus spp.)
松 pine tree(Pinus spp.)
綿 cotton plant(Gossypium spp.)
胡桃 walnut(Juglans spp.,Juglans regia)
鯨 whale(Cetacea spp.)
蜜柑 citrus(Citrus spp.)",Guess Vocab related to Keyword,Text
"stamp","切手,押す,判,使用済み,印鑑,印紙,蹴る","切手 stamp(postage)
押す stamp(i.e. passport)
判 stamp
使用済み (ticket,stamp,)
印鑑 stamp
印紙 (revenue)stamp
蹴る stamp(ground)",Guess Vocab related to Keyword,Text
"staple","止める,米,針,主食,定番,芯,食糧","止める staple
米 staple(product,)
針 staple(stapler)
主食 staple food
定番 staple;staple goods
芯 staple(stapler)
食糧 food(staple food such rice wheat)",Guess Vocab related to Keyword,Text
"camera","充填,絞り,構える,開口,防犯,防犯カメラ","充填 loading(gun ammunition,camera film,)
絞り aperture(camera,iris eye)
構える hold preparation(camera)
開口 aperture(camera)
防犯 security(device,camera,)
防犯カメラ security camera",Guess Vocab related to Keyword,Text
"erect","築く,勃起,掛ける,真っ直ぐ,立てる,起き上がる","築く erect
勃起 becoming erect
掛ける erect(makeshift building)
真っ直ぐ erect
立てる erect
起き上がる erect",Guess Vocab related to Keyword,Text
"charge","主任,事務当局,係,一番乗り,主治医,上乗せ,任,主幹,受け持つ,代金,立ち上がる,持ち,幹事,司る,係員,係官,委任,委託,立ち合い,料金,引受ける,基本料金,取る,保管,専務,引き受ける,起訴猶予,無実,担い手,手数料,受託,公使,持つ,担当者,問う,立ち,担当,担任,役員,公共料金,無償,方,突進,襲撃,被せる,料,責任者,出足,調書,着せる,込める,追い込み,認める,無料,追徴,受け持","主任 charge
事務当局 officials charge
係 charge
一番乗り first rider charge
主治医 physician charge
上乗せ tacking(charge)
任 charge
主幹 charge
受け持つ takecharge
代金 charge
立ち上がる initial charge
持ち charge
幹事 charge making arrangements
司る charge
係員 charge
係官 official charge
委任 charge
委託 putting charge
立ち合い rising crouch charge;initial charge
料金 charge
引受ける take charge
基本料金 basic charge
取る charge
保管 charge
専務 sole charge duty
引き受ける take charge
起訴猶予 leaving charge file
無実 false charge
担い手 charge
手数料 charge(cancellation)
受託 taking charge
公使 diplomat below rank ambassador",Guess Vocab related to Keyword,Text
"official","事務官,代官,公務,公示,公定歩合,公,公邸,係員,係,係官,公文,公約,公布,公私,出張,公式,公報,公定,公文書,官報,公用,公舎,式部,官邸,公式戦,公式サイト,国家公務員,役人,公的,建前,検定,役員,公認,公然,執務,役職,公館,自衛官,規程,公表,助役,表彰,官僚,戸籍謄本,建て前,署員,親書,職権,正式,表向き,年寄り,正式名称,高官,表立つ,接見,財務官,本当,本職,発令,通達","事務官 administrative official
代官 deputy official(Middle Ages)
公務 official business
公示 official notice
公定歩合 official discount(bank)rate
公 official
公邸 official residence
係員 official
係 official
係官 official charge
公文 official document
公約 official vow
公布 official proclamation
公私 official personal
出張 official trip
公式 official;official(social media)account(company,
公報 official bulletin
公定 official(rate,price,)
公文書 official document
官報 official daily gazette;official telegram
公用 official business
公舎 official residence
式部 (Meiji era)official responsible c",Guess Vocab related to Keyword,Text
"common","並み,一般的,一通り,共通語,人情,共立,並,共通,大同,人並み,公,共闘,共用,多い,人口,同じ,通念,塩,共同,周知,共通点,生臭い,唯,風邪,兵,当たり前,決まる,四捨五入,協同,慣習,市民権,平凡,呼び名,物,常識,裏,常用漢字,申し合わせ,当り前,西暦,常習,転がる,普通,通常,接点,通用,庶民,通称,系統,病気,通行,紀元,通俗的,非常識","並み common
一般的 common
一通り common
共通語 common language
人情 common sense
共立 common
並 common
共通 common;common
大同 uniting common goal
人並み common
公 common
共闘 common(united)front
共用 common use
多い common
人口 common talk
同じ common(origin)
通念 common wisdom;common idea
塩 common salt
共同 common possession
周知 common knowledge
共通点 point common;common feature
生臭い common
唯 common
風邪 (common)cold
兵 (common)soldier
当たり前 common
決まる common knowledge
四捨五入 converging common opinion
協同 common possession
慣習 common practice
市民権 common use
平凡 common
呼び名 common
物 indicate co",Guess Vocab related to Keyword,Text
"organization","体力,一枚岩,体制,機構,公式,お宅,創立,体質,在籍,制,制度,解体,出身者,内,団体,前身,外郭団体,創価学会,創設,解散,整理,体系,機関,加入,暴力団,名門,母体,協会,生え抜き,細胞,身内,地位,演出,教団,親,弱体,部,組み立て,連ねる,所属,総裁,核,脱退,活動,置く,編成,構成,課,配属,路線,構造,歯車,組織,首長","体力 strength organization(profitability,productivit
一枚岩 unity(group,organization,)
体制 organization
機構 organization
公式 official(social media)account(company,organizat
お宅 your organization
創立 organization
体質 character(group,organization,)
在籍 member(team,organization,)
制 organization
制度 organization
解体 dissolution(organization,company,)
出身者 former member organization
内 our organization
団体 organization
前身 predecessor organization
外郭団体 fringe organization;auxiliary organization(or
創価学会 Soka Gakkai(lay organization based Nichiren B
創設 organization
解散 ",Guess Vocab related to Keyword,Text
"match","回戦,併せる,リーグ戦,打ち合せ,公式戦,中堅,割,並ぶ,東方,初戦,出陣,打ち合わせ,取り組み,似合う,割り,休場,番,前哨戦,前半戦,西方,合わせる,出場,勝負,共演,落ち着く,勝ち越す,打合わせ,釣り合う,混戦,戦国,匹敵,及ぶ,投じる,合う,対戦,合わす,敵わない,擦る,戦い,大将,落とす,打合せ,決める,接戦,比,本番,預かり,決戦,組み合わせる,競技,馴染む,食い違う","回戦 nth-round match(knockout tournament)
併せる match(rhythm,speed,)
リーグ戦 league match
打ち合せ making match exactly
公式戦 official match;formal match
中堅 athlete competing middle-number match team comp
割 match
並ぶ match
東方 eastern fighter match(sumo wrestling)
初戦 first match(series)
出陣 appearing(match)
打ち合わせ making match exactly
取り組み match
似合う match
割り match
休場 absence(performance,match,)
番 match
前哨戦 warm-up match(final)
前半戦 first half match
西方 western fighter match(sumo)
合わせる match(rhythm,speed,)
出場 participation(tournament,match,race,)
勝負 match
共演 playi",Guess Vocab related to Keyword,Text
"support","背景,助け,ご協力,一辺倒,お蔭様で,力,呼ぶ,推す,過ごす,助ける,扶養,加担,お陰様で,台,声援,突っ張り,厄介,協賛,擁立,協力,固める,地盤,底辺,裏付け,堪える,後援,支持,援助,対応,応援,票田,養う,後ろ盾,扶助,突っ張る,援護,掛ける,支柱,耐える,擁する,支援,擁護,柱,歯,添える,育英,支える,補助,賛成","背景 support(behind scenes)
助け support
ご協力 support
一辺倒 unvarying support
お蔭様で thanks your support
力 support
呼ぶ garner(support,)
推す support
過ごす support
助ける support(financially)
扶養 support(dependents)
加担 support
お陰様で thanks your support
台 support
声援 support
突っ張り support
厄介 support
協賛 support
擁立 giving support
協力 support
固める support
地盤 support(electoral)
底辺 base(support)
裏付け support(argument)
堪える support
後援 support
支持 support
援助 support
対応 support
応援 support
票田 area strong electoral support
養う support
後ろ盾 support
扶助 support
突っ張る support
援護 support
掛",Guess Vocab related to Keyword,Text
"military","内幕,侍,軍用,従軍,兵力,基地,個,作戦,召集,兵員,遠征,徴兵,所属,戦力,占領,兵役,服役,参謀,工兵,武将,軍備,安全保障,戦績,戦車,軍事,機動,文,演習,軍属,武力,武道,軍,軍隊,軍人,軍医,観戦,軍政,陣営,軍機,軍服,軍拡,軍需,軍部,退役,遊撃","内幕 inner curtain(military encampment);inner curtai
侍 warrior(military retainers daimyos Edo)
軍用 military use
従軍 military service
兵力 military force
基地 base(military,expedition,)
個 counter military units
作戦 military operation
召集 call-up(military service)
兵員 military personnel;military strength
遠征 (military)campaign
徴兵 (military)draft
所属 serving(military,congress,)
戦力 military strength
占領 military occupation
兵役 military service
服役 military service
参謀 military staff
工兵 military engineer;military engineering
武将 military commander
軍備 military prepara",Guess Vocab related to Keyword,Text
"love","失恋,乗り換える,初恋,同性愛,博愛,参る,命,好意,女房,二枚目,恋,告白,可愛がる,愛,好き,思い,恋愛,寄せる,愛国,恋する,愛する,抱く,愛好,愛情,渇き,情,愛犬,悲しみ,愛着,情け,熱々,打ち込み,慕う,濃い,決まり,愛す,歌う,色,盲目,炎,片思い,落ちる,艶,飢える","失恋 disappointed love;unrequited love
乗り換える move(new love interest)
初恋 first love;puppy love
同性愛 homosexual love
博愛 love fellow man;(love)humanity;brotherly love
参る madly love
命 paired tattoos life kanji upper arms man woman(i
好意 love
女房 woman(love interest)
二枚目 actor love scene
恋 (romantic)love
告白 declaration love
可愛がる show love
愛 love
好き love
思い love
恋愛 love
寄せる feelings(love,goodwill,trust,)
愛国 love country
恋する love;fall love
愛する love
抱く love
愛好 love
愛情 love
渇き thirst(love,knowledge,)
情 love
愛犬 love dogs
悲しみ love
愛着 love
情け love
熱々 passionate",Guess Vocab related to Keyword,Text
"department","内科,デパ地下,県,局,文科,国務省,移る,同局,学科,医科,部署,相,法学部,売り場,耳鼻科,婦人科,本省,工学部,部門,科,消防,外科,理学部,学部,理工学部,教室,総務部,寮,課,州,部,弁,産婦人科,理科,情報部,百貨店,精神科,農学部,開発部,部内,警視庁,部局,部長","内科 department internal medicine
デパ地下 basement department store(where foodstuffs ar
県 department(France)
局 department
文科 department literature
国務省 State Department
移る transfer(department)
同局 same bureau(office,department,broadcasting stat
学科 department(university,)
医科 medical department
部署 department
相 minister(government department)
法学部 law department
売り場 department
耳鼻科 ear,nose,throat department
婦人科 gynecology department
本省 department
工学部 departmenttechnology,engineering science
部門 department
科 department
消防 fire department
外科 department surge",Guess Vocab related to Keyword,Text
"help","お世話になる,一人歩き,世話,ひとり歩き,仕様がない,ご協力,お手伝い,よろしくお願いします,心配,協力,仕方ない,介助,手伝い,乗り込む,よろしくお願いいたします,助け,救う,援護,差し伸べる,仕方がない,救済,助け合い,乗せる,募る,補助,補佐,手,応援,頼る,合力,力,堪らない,無人,手伝う,助ける,引き起こす,手助け,引き起す,扶助,救い,独り歩き,申し訳ありません,申し訳ない","お世話になる receive help
一人歩き able walk help
世話 help
ひとり歩き able walk help
仕様がない cannot help(,feeling)
ご協力 help
お手伝い help
よろしくお願いします please help
心配 help
協力 help
仕方ない cannot help(,feeling)
介助 help
手伝い help
乗り込む help
よろしくお願いいたします please help
助け help
救う help
援護 help
差し伸べる offer(aid,help,)
仕方がない cannot help(,feeling)
救済 help
助け合い mutual aid(help)
乗せる help board
募る solicit help,participation,
補助 help
補佐 help
手 help
応援 help
頼る turn(help)
合力 help
力 help
堪らない cannot help
無人 lack help
手伝う help
助ける help
引き起こす help(fallen)
手助け help
引き起す help(fallen)
扶助 help
救い ",Guess Vocab related to Keyword,Text
"method","お支払方法,利用方法,お支払い方法,一通り,ケーソン工法,乗り換え,やり方,取る,仕様,支払い方法,商法,方法,乗り換える,手法,新法,手立て,工法,支払方法,新手,方程式,乗換,握り,決済方法,採る,方,治療法,方式,方角,乗換え,貸し,格,本格,筋道,道,秩序,様,仕方,法,使う,風,式,秘訣,製法","お支払方法 payment method
利用方法 method using
お支払い方法 payment method
一通り method
ケーソン工法 caisson method
乗り換え switch(another ideology,party,,method,)
やり方 method
取る adopt(method,proposal,)
仕様 method
支払い方法 payment method
商法 business method
方法 method
乗り換える switch(different,method,)
手法 method
新法 new method
手立て method
工法 method construction
支払方法 payment method
新手 new method
方程式 method solving problem
乗換 switch(another ideology,party,,method,)
握り method determine player colors
決済方法 payment method
採る adopt(method,proposal,)
方 method;method
治療法 method treatment
方",Guess Vocab related to Keyword,Text
"agreement","了解,取り決め,取決め,合致,契約,加盟,協定,同感,呼応,賛成,受け,同調,承知,同意,成り立つ,契約書,密約,承認,合意,平行線,構築,条約,折り合い,承諾,平行,満場一致,妥結,規約,決め,物別れ,接点,特約,申し合わせ,約束,徹す,納得,調和,陰謀,成立,決まり,談合,通す","了解 agreement
取り決め agreement
取決め agreement
合致 agreement
契約 agreement
加盟 joining(association,agreement,)
協定 agreement
同感 agreement
呼応 agreement
賛成 agreement
受け agreement
同調 agreement
承知 agreement
同意 agreement
成り立つ concluded(agreement)
契約書 agreement
密約 secret agreement
承認 agreement
合意 (coming)agreement
平行線 reaching agreement
構築 architecture(systems,agreement,)
条約 agreement
折り合い agreement(business,dispute)
承諾 agreement
平行 reaching agreement(debate)
満場一致 unanimous agreement
妥結 agreement
規約 agreement
決め agreement
物別れ failure reach agreement
接点 point ",Guess Vocab related to Keyword,Text
"expression","敬語,上手い,句,引きつる,展開,巧い,発想,旨い,曇る,冷める,表示,目つき,式,涼しい,見舞い,色,表れ,文句,現れ,美味い,表情,満面,言い方,現われ,談話,緩む,言い回し,顔,表明,漏れる,話し言葉,言論,顔付き,表記,険悪,表現,顔つき,言葉,面持ち,言葉遣い,陰,顔色","敬語 polite expression
上手い clever(expression,trick,)
句 expression
引きつる stiffen(face,expression)
展開 expansion(algebraic expression)
巧い clever(expression,trick,)
発想 expression
旨い clever(expression,trick,)
曇る clouded(expression)
冷める cold(eyes,expression,)
表示 expression
目つき expression(eyes)
式 expression
涼しい composed(facial expression)
見舞い expression sympathy;expression concern
色 expression
表れ expression
文句 expression
現れ expression
美味い clever(expression,trick,)
表情 facial expression;expression(vocal,)
満面 (wearing expression)face
言い方 expression
現われ expr",Guess Vocab related to Keyword,Text
"ability","付く,上達,実力,器,伸び,手腕,互角,働き,切れ味,学力,腕,器物,力,集中力,努めて,力量,力試し,才,思いっきり,手,性能,手際,思い切り,極力,地力,持ち味,戦力,発揮,技能,本領,才能,精一杯,物心,演技力,職能,腕前,技術力,能力,物覚え,目覚める,輪切り","付く acquired(habit,ability,)
上達 improvement(skill,ability)
実力 (real)ability
器 ability
伸び (ability)spread(paint,cream,)
手腕 ability
互角 equal(ability)
働き ability
切れ味 cutting ability
学力 scholarly ability;literary ability
腕 ability
器物 ability
力 ability;ability
集中力 ability concentrate
努めて best ability
力量 ability
力試し test ability
才 ability
思いっきり best ability
手 ability cope
性能 ability
手際 ability
思い切り best ability
極力 best ability
地力 real ability
持ち味 special ability
戦力 ability(compete)
発揮 show(power,ability,)
技能 ability
本領 real ability
才能 ability
精一杯 best",Guess Vocab related to Keyword,Text
"bill","証券,勘定,不成立,会計,壊す,不渡り,愛想,千円札,崩す,廃案,代金,手形,払い,付け,提出,原案,紙幣,議案,光熱費,法案,請求書,強行採決,落ちる,通過,起草,払う,可決,草案,見送る,掛け金,引っ掛ける,骨抜き,振り出し,札,掛け,案,流す,空,献立,発案,通る","証券 bill
勘定 bill;payment(bill)
不成立 failure(bill,motion)
会計 bill(restaurant);settlement(bill,fee,),payment
壊す break(bill,)
不渡り dishonouring(bill)
愛想 bill(restaurant);bill(restaurant)
千円札 1,000 yen bill
崩す break(bill)
廃案 rejected bill(project)
代金 bill
手形 bill
払い bill
付け bill;bill sale
提出 introduction(bill)
原案 original bill
紙幣 bill
議案 legislative bill
光熱費 energy bill
法案 bill(law)
請求書 bill
強行採決 forced passage bill
落ちる honoured(bill)
通過 passage(bill,through parliament)
起草 drafting(bill)
払う pay(money,bill)
可決 adoption(motion,bill,)
草案 draft(speech,bil",Guess Vocab related to Keyword,Text
"exchange","交通,市場,応酬,やり取り,交換,両替,ダウ平均株価,上場,休場,相互交流,打ち合い,交える,円相場,取り替える,円建て,交わす,局,外貨,見合わせる,代わり,切り替え,替え,引き換え,交流,引換え,為替相場,引替え,換算,立会い,留学生,贈答,代える,現物,文通,引き替え,立ち会い,換える,替える,替わり,東京証券取引所,為替","交通 exchange(ideas,)
市場 exchange
応酬 exchange(words,views,punches,cups,)
やり取り exchange(letters);(conversational)exchange
交換 exchange
両替 money exchange
ダウ平均株価 Dow-Jones average(New York Stock Exchange)
上場 listing(stock exchange,)
休場 closure(stock exchange)
相互交流 mutual exchange
打ち合い exchange blows
交える exchange(words,fire,)
円相場 yen exchange rate
取り替える exchange
円建て yen basis(trade,exchange,)
交わす exchange(messages,greetings,arguments,)
局 exchange
外貨 foreign exchange
見合わせる exchange glances
代わり exchange
切り替え exchange
替え rate exchange
引き換え exchange
交流 ex",Guess Vocab related to Keyword,Text
"political","党,両党,公明,政情,政見,亡命,政敵,姓,入党,国政,公明党,有権者,選挙運動,圧力,政権,復党,冷却,政争,同党,派,問題,政変,草の根,新党,政党,政治力,揺さぶる,野,政治的,政治犯,政局,総括,舞台,政界,権力,政策,立てる,相乗り,結党,硬派,離党","党 party(political)
両党 both political parties
公明 Komeito(political party)
政情 political situation;political affairs
政見 political views
亡命 becoming(political)refugee;emigration(political
政敵 political opponent
姓 hereditary title(ancient denote rank political s
入党 joining political party
国政 political situation
公明党 Komeito(political party)
有権者 political clout
選挙運動 political campaign
圧力 pressure(political)
政権 political power;(political)administration
復党 rejoining political party
冷却 cooling(political conflict,)
政争 political strife
同党 same(political)par",Guess Vocab related to Keyword,Text
"art","剣道,受身,作柄,受け身,収集,人為,最高峰,医,床の間,心得る,民芸,壇,点,作,生け花,折紙,技術,文芸,画廊,最先端,画商,奥,美術,生花,遊び,秘訣,鑑賞,版画,技,美術展,芸人,絵文字,折り紙,美術館,芸術,芸,芸術祭,術,陶芸","剣道 martial art using bamboo swords
受身 ukemi(art falling safely)
作柄 quality(art)
受け身 ukemi(art falling safely)
収集 collection(art,stamps,insects,)
人為 art
最高峰 pinnacle(art)
医 healing art
床の間 tokonoma(alcove where art flowers are displaye
心得る knowledge(skill,art,)
民芸 folk art
壇 world(haiku,art,)
点 counter goods,items,articles clothing,works art,
作 work(art)
生け花 art flower arrangement
折紙 art paper folding
技術 art
文芸 art literature
画廊 art gallery(artworks sale)
最先端 state art
画商 commercial art gallery
奥 mysteries(art)
美術 art
生花 art flower arrangement
遊",Guess Vocab related to Keyword,Text
"personal","人間関係,人脈,人柄,人的,一騎打ち,主観,個人差,器物,専用,個別,内緒,個人,個人的,個性的,流出,公私,身の上,手記,体験,履歴,特色,持ち物,私用,直接,自家,独自,履歴書,親書,認め印,略歴,私見,私的,身なり,蔵書,横顔,身の回り,生い立ち,長持ち,経歴","人間関係 personal relationships
人脈 personal connections
人柄 personal appearance
人的 personal
一騎打ち personal combat
主観 personal opinion
個人差 personal equation
器物 personal property
専用 personal use
個別 personal
内緒 personal enlightenment
個人 personal
個人的 personal
個性的 personal
流出 leak(personal information)
公私 official personal
身の上 personal history
手記 personal account
体験 personal experience
履歴 personal history
特色 personal colour
持ち物 personal effects
私用 personal use;personal business
直接 personal
自家 personal
独自 personal
履歴書 personal history
親書 personal message
認",Guess Vocab related to Keyword,Text
"agency","代理,仲介,人為,国土庁,出張所,宇宙開発事業団,宮内庁,科学技術庁,力,庁,代理店,環境庁,北海道開発庁長官,消防庁,気象庁,機関,国際協力事業団,特許庁,国税庁,経企庁,文化庁,警察庁,社会保険庁,経済企画庁,旅行会社,金融庁,官庁,防衛施設庁,林野庁,通信社,水産庁,業,資源エネルギー庁,食糧庁,相談所,派遣,防衛庁","代理 agency
仲介 agency
人為 human agency
国土庁 National Land Agency
出張所 agency
宇宙開発事業団 National Space Development Agency
宮内庁 Imperial Household Agency
科学技術庁 Science Technology Agency(1956-2001)
力 agency
庁 agency
代理店 agency
環境庁 Environment Agency
北海道開発庁長官 Director General Hokkaido Development Age
消防庁 Fire Disaster Management Agency
気象庁 Meteorological Agency
機関 agency
国際協力事業団 International Cooperation Agency(1974)
特許庁 Patent Agency
国税庁 national taxation agency(IRS);National Tax Age
経企庁 Economic Planning Agency(defunct 2001)
文化庁 Agency Cultural Affairs
警",Guess Vocab related to Keyword,Text
"article","品物,商品,乗せる,信条,品名,上品,取材,品,忘れ物,必需品,小品,偽物,拾い物,忘れる,掲げる,物,本物,掲載,文章,切り抜き,粗品,新品,条項,物件,遺失物,新聞記事,売り物,炎上,記事,登載,貴重品,社説,現物,種,論文,穴埋め,論説","品物 article
商品 article commerce
乗せる publish(article)
信条 article faith
品名 article
上品 first-class article
取材 gathering material(article,novel,)
品 article;article
忘れ物 lost article
必需品 necessary article
小品 small article
偽物 spurious article
拾い物 found article
忘れる forget(article)
掲げる carry(article)
物 article
本物 genuine article
掲載 publication(article newspaper)
文章 article
切り抜き clipping(newspaper article,)
粗品 low-quality article
新品 brand-new article
条項 article
物件 article
遺失物 lost article
新聞記事 newspaper story(article,account)
売り物 article sale
炎上 stirring ",Guess Vocab related to Keyword,Text
"development","整備,宇宙開発,動き,促す,宇宙開発事業団,制作,伸び,北海道開発庁長官,生育,成り行き,歩み,啓発,発育,展開,成長,土壌,発達,早熟,途上,経過,造成,発展,推移,現像,進歩,街づくり,生い立ち,開発部,行方,発生,開拓,進化,飛躍,電源開発,養成,進展,開発","整備 development
宇宙開発 space development
動き development
促す hasten(development)
宇宙開発事業団 National Space Development Agency
制作 development
伸び development
北海道開発庁長官 Director General Hokkaido Development Age
生育 development
成り行き development
歩み development
啓発 development
発育 development
展開 development;development(three-dimensional shape
成長 development
土壌 foundation(development)
発達 development
早熟 premature development
途上 process(development,construction,)
経過 development
造成 development(land)
発展 development;development(situation,story,)
推移 development
現像 deve",Guess Vocab related to Keyword,Text
"management","公営,取締まり,取り扱い,労使,取り扱,取扱,主管,使い方,取り締まり,扱い,取締り,取扱い,幹部,消防庁,操縦,制御,取り締り,民営,国営,県営,直営,議院運営委員会,経営,市営,合弁,管理,始末,首脳部,都営,管理職,治水,運営,操作,運用,支配,重役,運転","公営 public management
取締まり management
取り扱い management
労使 labor management;labour management
取り扱 management
取扱 management
主管 management
使い方 management
取り締まり management
扱い management
取締り management
取扱い management
幹部 management
消防庁 Fire Disaster Management Agency
操縦 management
制御 management
取り締り management
民営 private management
国営 government management;state management
県営 (under)prefectural management
直営 direct management
議院運営委員会 Standing Committee House Management
経営 management
市営 (under)municipal management(transport,housing,)
合弁 joint management",Guess Vocab related to Keyword,Text
"sea","南海,上越,北海,内海,カスピ海,荒れる,カリブ海,日本海,外洋,戸惑い,沖合い,沖,地中海,東海,海,機雷,掃海,標高,海上,海中,沖合,洋上,海抜,海水浴,海道,海洋,海面,船出,航海,海賊,船便,海難,航路,深海,黒海,潮,陸海","南海 southern sea
上越 area Sea side,including Niigata
北海 North Sea;northern sea
内海 inland sea
カスピ海 Caspian Sea
荒れる become rough(sea)
カリブ海 Caribbean Sea
日本海 Sea
外洋 open sea
戸惑い sea
沖合い sea
沖 open sea
地中海 Mediterranean Sea;Mediterranean sea(oceanograp
東海 East Sea(Korean Sea)
海 sea
機雷 (sea)mine
掃海 sweeping sea mines
標高 height above sea level
海上 sea;surface sea
海中 sea
沖合 sea
洋上 sea
海抜 height above sea level
海水浴 sea bathing
海道 sea route
海洋 sea
海面 sea level;(surface)sea
船出 putting sea
航海 (sea)voyage
海賊 sea robber
船便 sea mail
海難 sea disaster;accident sea",Guess Vocab related to Keyword,Text
"catch","収穫,受け止める,付く,引っ掛ける,飲み込む,止め金,取り返す,受ける,取れる,漁,刺す,捕える,大物,追い付く,把握,押さえる,漁獲,水揚げ,取る,挟む,獲物,点く,逃がす,捕まえる,風邪をひく,留め金,引く,捕らえる,捕る,見受ける,採る,掛ける,詰める,請ける,追いつく,釣る","収穫 catch(fishing)
受け止める catch
付く catch fire
引っ掛ける catch
飲み込む catch
止め金 catch
取り返す catch
受ける catch(ball)
取れる able catch
漁 catch(fish)
刺す catch(limed pole)
捕える catch hold;catch
大物 big catch
追い付く catch
把握 catch
押さえる catch
漁獲 catch
水揚げ catch(fish)
取る catch;catch(fish)
挟む catch(finger door)
獲物 catch
点く catch fire
逃がす fail catch
捕まえる catch;catch hold
風邪をひく catch cold
留め金 catch
引く catch(cold)
捕らえる catch;catch hold
捕る catch(wild animal,fish,insect,baseball,)
見受ける catch sight
採る catch(insects)
掛ける catch(trap,)
詰める catch(finger door,)
請ける catch(ball)
追いつ",Guess Vocab related to Keyword,Text
"responsibility","務め,荷,任,担う,仕切り,免責,抱える,勤め,義務,負担,引責,被る,心得る,問う,罪,負う,重い,責任,着る,責任を持つ,押し付ける,引き受ける,背負う,重荷,担い手,引受ける,請け負う,逃げる,担当,役,預かる,転嫁,知る,責任感,身軽,重責","務め responsibility
荷 responsibility
任 responsibility
担う bear(burden,responsibility,)
仕切り taking responsibility
免責 exemption responsibility
抱える take(responsibility)
勤め responsibility
義務 responsibility
負担 responsibility;bearing(cost,responsibility,)
引責 taking responsibility
被る assume(responsibility)
心得る (understand)accept(responsibility)
問う pursue(question responsibility)
罪 responsibility
負う take(responsibility)
重い important(position,responsibility,)
責任 responsibility(incl. supervision staff)
着る take(blame,responsibility)
責任を持つ bear responsibility",Guess Vocab related to Keyword,Text
"attack","仕掛け,先駆け,攻略,付け,押す,持ち堪える,攻撃,奇襲,突く,浴びる,発熱,出撃,挟み撃ち,持堪える,特攻隊,援護,飛ばす,追撃,討つ,猛攻,攻める,攻め,進攻,襲撃,発作,遊撃,鋭い,見舞う,矛先,矢先,迫撃,襲う,速攻,電撃,非難","仕掛け attack
先駆け leading attack
攻略 attack
付け direct attack enemy stone
押す attack
持ち堪える hold(against attack)
攻撃 attack
奇襲 surprise attack
突く attack
浴びる suffer(attack)
発熱 (attack)fever
出撃 attack
挟み撃ち attack both sides
持堪える hold(against attack)
特攻隊 special attack unit
援護 covering(enemy attack)
飛ばす attack(leg manoeuvre)
追撃 follow-up attack
討つ attack
猛攻 fierce attack
攻める attack
攻め attack
進攻 attack
襲撃 (surprise)attack
発作 attack
遊撃 military attack mobile unit;hit-and-run attack
鋭い fierce(attack)
見舞う attack
矛先 focus(attack,criticism,)
矢先 brunt(attack)
迫撃",Guess Vocab related to Keyword,Text
"cold","冷や汗,冷ややか,冷汗,冷める,冷水,落ちる,冷える,冷たい,冷戦,埋める,冷え込む,塩,冷淡,寒冷,凍える,冷凍,寝冷え,寒波,寝付く,冷夏,引く,疎外,応える,冷蔵,病気,風邪,木枯らし,厳しい,風邪をひく,寒い,風邪薬,寒気,木枯し,辛い,風","冷や汗 cold sweat
冷ややか cold(attitude,stare,);cold
冷汗 cold sweat;cold sweat
冷める cold;cold(eyes,expression,)
冷水 cold water
落ちる move deeper water(fish cold weather)
冷える grow cold(room temperature,refrigerator)
冷たい cold(touch);(emotionally)cold
冷戦 Cold War
埋める put cold water(bath)
冷え込む feel very cold(body);(very)cold
塩 cold
冷淡 cold
寒冷 cold
凍える become numb(cold)
冷凍 cold storage
寝冷え indisposition(cold)caused getting chilled whil
寒波 cold wave
寝付く laid(cold)
冷夏 cold summer
引く catch(cold)
疎外 giving cold shoulder
応える hard(heat,cold,work,illness,)
冷蔵 cold st",Guess Vocab related to Keyword,Text
"gift","商品券,お歳暮,お祝い,お土産,お中元,中元,お年玉,お礼,寄贈,天才,お返し,包む,収める,祝う,祝儀,能,年賀,才,添える,土産,礼,贈呈,祝い,贈り物,景品,歳暮,粗品,志,納める,配り物,贈る,珍しい,目録,贈りもの,贈物","商品券 gift certificate
お歳暮 year-end gift
お祝い congratulatory gift
お土産 unwelcome gift;local specialty souvenir bought
お中元 mid-year gift;summer gift
中元 summer gift;mid-year gift
お年玉 New Year's gift(usu. money given child relativ
お礼 gift
寄贈 gift
天才 natural gift
お返し return gift
包む wedding gift,funeral offering,)
収める accept(gift money)
祝う present(gift)celebration
祝儀 congratulatory gift
能 gift
年賀 New Year's gift
才 gift
添える accompany(card does gift)
土産 unwelcome gift;local specialty souvenir bought 
礼 gift
贈呈 presentation(gift,prize,)
祝い congratulatory g",Guess Vocab related to Keyword,Text
"too","偏重,勿体ない,乱立,やり切れない,力む,し過ぎる,やり過ごす,余計,大概,又,今更,余りに,紛れる,余り,安売り,手遅れ,差し控える,惜しい,早い,無理,速い,余る,沢山,済みません,扱う,既に,行き過ぎ,過言,過ぎ,遅い,沈没,行き過ぎる,過大,過ぎる,過ごす","偏重 making too much;attaching too much importance
勿体ない too good
乱立 (too many candidates)competing each other
やり切れない too much
力む try(too)hard
し過ぎる too much
やり過ごす too much
余計 too many;too much
大概 going too far
又 too
今更 now(when already much too late)
余りに too(much)
紛れる too absorbed
余り too much;too much
安売り giving(too)readily
手遅れ too late
差し控える too much
惜しい too good
早い too soon;too early
無理 work too hard;try too hard
速い too soon;too early
余る too many
沢山 too much;too many
済みません it's too much
扱う too much
既に too late
行き過ぎ going too far
過言 saying too mu",Guess Vocab related to Keyword,Text
"different","別人,塗り替える,かけ離れる,相乗り,他,乗り換える,他面,一味違う,別名,変わった,切り口,転出,変わる,併設,別々,等しい,別問題,接近,別,見合い,異なる,使い分け,別個,移す,同然,断然,言い換える,異色,赴任,皮肉,異質,異論,違う,裏","別人 different
塗り替える paint(different colour)
かけ離れる very different
相乗り backing same candidate different political par
他 different
乗り換える switch(different,method,)
他面 different angle
一味違う somewhat different(,others,)
別名 different
変わった different
切り口 (different)perspective
転出 moving different place
変わる different
併設 joint establishment(schools different levels di
別々 different
等しい different
別問題 different thing;different case
接近 much different
別 different
見合い two different options such if player takes,oth
異なる different
使い分け using(different things)differe",Guess Vocab related to Keyword,Text
"health","体調,保健所,保養,元気,健保,前文,健康,体,保健,塩梅,健康食品,公衆衛生,無事,国民健康保険,全快,保健婦,健在,病弱,健診,厚生省,加減,健康保険,具合,労働省,暑中見舞,暑中見舞い,厚生,機嫌,検診,調子,弱る,達者,見舞う,衛生","体調 state health
保健所 health care center;health care center;health c
保養 health preservation
元気 good health
健保 health insurance
前文 opening part letter(season's greetings,asking h
健康 health
体 health
保健 preservation health;health education(subject)
塩梅 (state)health
健康食品 health foods
公衆衛生 public health
無事 good health
国民健康保険 national health insurance
全快 complete recovery health
保健婦 district health nurse;public health nurse
健在 good health
病弱 poor health
健診 health checkup;health screening
厚生省 (former)Ministry Health Welfare
加減 (health)condition;state he",Guess Vocab related to Keyword,Text
"throw","下手投げ,威張る,乱す,切り捨てる,上手投げ,倒す,崩す,寝転ぶ,冷ます,覚ます,投げ出す,引っ掛ける,吐く,打つ,負ける,振る,反す,挟む,投げ込む,戻す,転がす,返す,捨てる,費やす,打ち込む,投げる,掛ける,振り出し,投げ,放る,投じる,遊ぶ,砕ける,行程","下手投げ underhand throw;underarm throw
威張る throw weight
乱す throw disorder
切り捨てる cut throw away;throw wolves
上手投げ overhand throw;throw using outside arm
倒す throw
崩す throw balance
寝転ぶ throw
冷ます throw damper
覚ます throw damper
投げ出す throw;start throw
引っ掛ける throw(clothes)
吐く throw;throw
打つ throw
負ける throw(extra)free
振る throw(dice)
反す (speak,throw)
挟む throw(joke)
投げ込む throw
戻す throw
転がす throw
返す (speak,throw)
捨てる throw away
費やす throw away
打ち込む throw
投げる throw;throw away
掛ける throw(water)onto
振り出し throw(dice)
投げ throw
放る throw
投じる throw
遊ぶ intentionally thr",Guess Vocab related to Keyword,Text
"Bank","ゆうちょ銀行,総裁,世界銀行,土手,倒れる,公定歩合,口座,同行,岸,西側,世銀,振込み,振込,北側,口座番号,堤,日本銀行,預貯金,岸辺,残高,堤防,輸銀,相互銀行,東側,振り込み,行員,振り込む,預金,河川敷,銀,貯金,頭取,銀行","ゆうちょ銀行 JP Bank(former Postal Savings Bank,created 
総裁 governor(central bank)
世界銀行 World Bank
土手 bank
倒れる bankrupt(company,bank,)
公定歩合 official discount(bank)rate
口座 account(bank)
同行 said bank;same bank
岸 bank
西側 west bank
世銀 World Bank
振込み payment made via bank deposit transfer
振込 payment made via bank deposit transfer
北側 north bank
口座番号 account number(bank,)
堤 bank
日本銀行 Bank
預貯金 bank account
岸辺 bank(body water)
残高 (bank)balance
堤防 bank
輸銀 import-export bank
相互銀行 mutual savings bank
東側 east bank
振り込み payment made via bank deposit transfer
行員 ba",Guess Vocab related to Keyword,Text
"labor","労働運動,労働力,労組,労働,人件費,労使,働き,労働党,労連,労務,手分け,労働基準法,仕事,労相,働く,労力,春闘,勤労,結晶,服役,分業,懲役,力作,陣痛,稼ぐ,省力,労,苦心,労作,労働組合,手間,苦労,闘争","労働運動 labor movement
労働力 labor
労組 labor union
労働 manual labor
人件費 indirect labor costs;labor cost
労使 labor management
働き labor
労働党 Labor Party
労連 labor union
労務 labor
手分け division labor
労働基準法 Labor Standards Act
仕事 labor
労相 Labor Minister
働く labor
労力 labor
春闘 spring labor offensive
勤労 labor
結晶 fruits(labor,union,)
服役 forced labor
分業 division labor
懲役 imprisonment hard labor(hard labour)
力作 labor
陣痛 labor pains
稼ぐ labor
省力 reduction labor;labor saving
労 labor
苦心 labor
労作 labor
労働組合 labor union
手間 labor
苦労 labor
闘争 (labor)dispute",Guess Vocab related to Keyword,Text
"rule","中央集権,原則,凡そ,世,事にする,一概に,改定,主義,天理,格,従う,司る,当てはまる,統治,決め,破る,規則,多数決,政,尺度,支配,帝政,犯す,決まる,規定,準じる,治める,決まり,緩める,法則,約束,準ずる,通例","中央集権 centralised authoritarian rule;centralized au
原則 general rule;rule
凡そ rule
世 rule
事にする rule
一概に rule
改定 revision(rule,price,)
主義 rule
天理 rule heaven
格 rule
従う abide(rule,custom,)
司る rule
当てはまる apply(rule)
統治 rule
決め rule
破る violate(rule)
規則 rule
多数決 majority rule
政 rule
尺度 (measuring)rule
支配 rule
帝政 monarchical rule
犯す break(rule)
決まる fixed rule
規定 rule
準じる follow(rule,precedent,)
治める rule
決まり rule
緩める relax(rule)
法則 rule
約束 rule
準ずる follow(rule,precedent,)
通例 general rule;rule",Guess Vocab related to Keyword,Text
"contest","中原,合戦,争奪,戦い,混戦,大会,予選,勝負,入賞,歌合,参戦,比べ,熱戦,競演,争い,激戦,持ち,決勝,対戦,組合せ,組合わせ,競争,争う,棄権,組み合わせ,落ちる,接戦,競技,苦戦,紅白,相手取る,競う","中原 field contest
合戦 contest
争奪 contest
戦い contest
混戦 close contest
大会 contest
予選 preliminary contest
勝負 contest
入賞 contest)
歌合 poetry contest
参戦 taking part competition contest
比べ contest
熱戦 close contest
競演 contest(between performers)
争い contest
激戦 hot contest
持ち draw(,poetry contest,)
決勝 decision contest
対戦 contest
組合せ matching(contest)
組合わせ matching(contest)
競争 contest
争う contest
棄権 withdrawal(contest)
組み合わせ matching(contest)
落ちる lose(contest,election,)
接戦 close contest
競技 contest
苦戦 tight contest
紅白 annual contest between male female popula",Guess Vocab related to Keyword,Text
"limit","下限,上限,定年,切り,果て,成り行き,枠,境界,制限,極限,極まる,切る,限度,定員,歯止め,切れる,収める,時限,留める,実際,限度額,限界,限定,度,垣根,期限,頭打ち,程,限り限り,納める,限り,限る","下限 lower limit
上限 upper limit
定年 age limit
切り limit
果て limit
成り行き order limit
枠 limit
境界 limit
制限 limit
極限 limit
極まる reach limit
切る set(limit)
限度 limit
定員 numerical limit
歯止め (imposed)limit
切れる expire(limit,)
収める keep(within limit)
時限 limit
留める limit
実際 bhutakoti(limit reality)
限度額 limit(amount,credit card,loan,expenditure)
限界 limit
限定 limit
度 limit
垣根 limit
期限 limit
頭打ち reaching limit
程 limit
限り限り very limit
納める keep(within limit)
限り limit
限る limit",Guess Vocab related to Keyword,Text
"picture","受像,挿絵,切り抜き,絵葉書,写す,プロフィール画像,像,描く,名画,絵本,画像,肖像,姿,原画,写真,映像,実像,図鑑,画廊,素顔,思い描く,画商,図,絵画,掛ける,画面,絵,映画,絵を描く,絵巻,額","受像 receiving(picture)
挿絵 picture
切り抜き cut-out(picture,coloured paper,)
絵葉書 picture postcard
写す picture
プロフィール画像 profile picture
像 picture
描く picture mind
名画 famous picture
絵本 picture book
画像 picture
肖像 picture
姿 picture
原画 original picture
写真 picture;moving picture
映像 mental picture;picture(TV)
実像 true picture
図鑑 picture book
画廊 picture gallery
素顔 true picture
思い描く picture
画商 picture dealer
図 picture
絵画 picture
掛ける hang(coat,picture wall)
画面 picture;surface painting(picture,drawing,)
絵 picture
映画 motion picture
絵を描く paint(draw)picture
絵巻 pictur",Guess Vocab related to Keyword,Text
"trick","図る,巧み,仕掛け,引っ掛る,落ちる,十八番,上手い,小手先,狂言,手品,企み,手,鎌,引っかかる,種,手口,策略,旨い,企む,美味い,詐欺,秘訣,要領,術,呼吸,細工,通用,巧い,引っ掛かる,悪戯,欺く","図る trick
巧み trick
仕掛け trick
引っ掛る fall(trick)
落ちる fall(trick)
十八番 favourite party trick(favorite)
上手い clever(expression,trick,)
小手先 cheap trick
狂言 trick
手品 magic trick;conjuring trick
企み trick
手 trick
鎌 trick question
引っかかる fall(trick)
種 mechanism(magic trick,)
手口 trick
策略 trick
旨い clever(expression,trick,)
企む play trick
美味い clever(expression,trick,)
詐欺 trick
秘訣 trick;secret(method,trick,)
要領 trick
術 trick
呼吸 trick
細工 trick
通用 work(excuse,trick,)
巧い clever(expression,trick,)
引っ掛かる fall(trick)
悪戯 trick
欺く trick",Guess Vocab related to Keyword,Text
"ball","切る,お握り,実弾,丸まる,拾う,詰まる,握り,送球,受ける,変化球,玉,切れ味,直球,引っ掛ける,流す,引っ張る,打ち込む,見送る,見逃す,打球,打点,請ける,結び,投球,遊ぶ,握る,飛球,球,球技,逸らす","切る curl(ball)
お握り rice ball(often triangular,sometimes filling w
実弾 ball cartridge
丸まる roll ball
拾う (just manage)return(ball)
詰まる hit ball near handle bat
握り rice ball
送球 throwing ball
受ける catch(ball)
変化球 breaking ball(pitch);curve ball
玉 ball;ball(i.e. testicle);ball(sports)
切れ味 peppiness(ball)
直球 straight ball(pitch)
引っ掛ける hit ball end bat
流す hit(ball)opposite field
引っ張る pull ball
打ち込む hit(ball,)
見送る watch batted ball stands
見逃す (good ball)
打球 struck ball;hitting(ball bat,racket,golf club,)
打点 position ball when struck(tennis,volleyball)
請ける ",Guess Vocab related to Keyword,Text
"operation","作用,動作,働き,施行,作動,演算,作業,手動,操業,操縦,否定,運営,作戦,稼働,増発,手術,経営,開通,発動,扱い,実施,掛ける,工程,操作,常時,現行,運航,運転,運用,運行","作用 operation
動作 operation(machine,software,)
働き operation
施行 putting operation
作動 operation
演算 operation
作業 operation
手動 manual(operation)
操業 operation(machine,factory,fishing boat,)
操縦 operation
否定 operation
運営 operation
作戦 military operation;naval operation
稼働 operation(machine)
増発 increasing number(trains,planes,)operation
手術 operation
経営 operation
開通 going operation(telephone communication)
発動 putting operation
扱い operation
実施 operation
掛ける multiply(arithmetic operation)
工程 operation
操作 operation
常時 24-hour(operation,care,)
現行 operation
運航 ",Guess Vocab related to Keyword,Text
"plain","単純,平たい,地味,原,粗末,不味い,簡素,容易,原野,平ら,淡々,原っぱ,平地,私服,素,明白,平野,無地,荒野,河川敷,明らか,草原,明瞭,端的,易しい,質素,歴然,野原,露骨,野","単純 plain
平たい plain(language,words,)
地味 plain
原 plain
粗末 plain
不味い plain
簡素 plain
容易 plain
原野 plain
平ら plain
淡々 plain
原っぱ plain
平地 plain
私服 plain clothes
素 plain
明白 plain
平野 plain
無地 plain
荒野 vast plain;vast plain
河川敷 flood plain
明らか plain
草原 grass-covered plain
明瞭 plain
端的 plain
易しい plain
質素 plain
歴然 plain
野原 plain
露骨 plain
野 plain",Guess Vocab related to Keyword,Text
"race","同種,人種,競泳,二人三脚,出場,出走,出足,遅れる,民族,着,行程,接戦,完走,混血,単,障害,滑降,駆けっこ,辞退,番手,競争,競走,許す,順位,競歩,走る,駅伝,競艇,競馬場,駆ける","同種 same kind(race)
人種 race
競泳 swimming race
二人三脚 three-legged race
出場 participation(tournament,match,race,)
出走 entry race
出足 start(race,campaign,business,)
遅れる fall behind(race,studies,)
民族 race
着 nth place(race)
行程 leg(journey,relay race,)
接戦 close race
完走 finishing(race)
混血 mixed race
単 win bet(bet which predicts winner race)
障害 obstacle race
滑降 downhill(race)
駆けっこ (foot)race
辞退 pulling(race)
番手 nth place(race)
競争 race
競走 race
許す give(points game,distance race,)
順位 position(race)
競歩 race walking;walking race
走る race
駅伝 long-distance relay rac",Guess Vocab related to Keyword,Text
"establishment","制,お店,事業所,併設,創設,在外公館,教室,施設,成立,仮設,創業,創立,店舗,新設,確立,発足,研究所,制定,店,茶屋,確定,建設,私立,設立,開設,樹立,設定,設置,開局","制 establishment
お店 establishment
事業所 establishment
併設 joint establishment(schools different levels di
創設 establishment
在外公館 overseas diplomatic establishment
教室 teaching establishment
施設 establishment
成立 establishment
仮設 temporary establishment
創業 establishment(business)
創立 establishment
店舗 establishment
新設 establishment
確立 establishment
発足 establishment
研究所 research establishment
制定 establishment
店 establishment
茶屋 establishment where patrons are entertained gei
確定 establishment
建設 establishment
私立 private(establishment)
設立 establishment
開設 es",Guess Vocab related to Keyword,Text
"opposite","対峙,真正面,反対,併せる,合わす,反対側,対岸,向こう側,流す,逆,裏,合わせる,向かい,反面,相手方,対,異性,鈍い,裏腹,正反対,裏返し,向い,逆効果,色気,向こう,裏目,対向,対極,真っ向","対峙 standing opposite each other
真正面 directly opposite
反対 opposite
併せる opposite
合わす opposite
反対側 opposite side
対岸 opposite shore
向こう側 opposite side
流す hit(ball)opposite field
逆 opposite
裏 opposite(prediction,common sense,);opposite side
合わせる opposite
向かい opposite
反面 opposite side
相手方 opposite party
対 opposite
異性 opposite sex
鈍い indulgent(opposite sex)
裏腹 opposite
正反対 exactly opposite
裏返し opposite
向い opposite
逆効果 opposite effect
色気 interest opposite sex
向こう opposite direction;opposite side
裏目 opposite(expected)
対向 opposite
対極 opposite;other(oppos",Guess Vocab related to Keyword,Text
"balance","余り,不均衡,釣り合い,加減,兼ね合い,余剰,地合い,中心,収まり,危うい,釣合い,呼吸,均整,安定,差し引き,崩す,取れる,均斉,差額,見合い,平均,棚上げ,重心,泳ぐ,均衡,釣り合う,残高,釣合","余り balance;balance
不均衡 lack balance
釣り合い balance
加減 balance
兼ね合い good balance
余剰 balance
地合い balance between position white black stones
中心 balance
収まり balance
危うい perilous(state,balance,)
釣合い balance
呼吸 balance
均整 balance
安定 balance
差し引き balance
崩す throw balance
取れる attained(balance,harmony,)
均斉 balance
差額 balance
見合い balance
平均 balance
棚上げ keeping(goods)market(adjust supply-demand bala
重心 balance
泳ぐ lose balance
均衡 balance
釣り合う balance
残高 (bank)balance
釣合 balance",Guess Vocab related to Keyword,Text
"build","作り,渡す,建てる,体付き,作り上げる,体,体つき,創る,作る,体型,踏まえる,体形,売り込む,巨体,築く,造り,小柄,柄,蓄える,造る,構える,為す,養う,築き上げる,立ち上がり,組み立てる,骨格,興す","作り build
渡す build across
建てる build
体付き body build
作り上げる build
体 build
体つき body build
創る build
作る build
体型 build
踏まえる build
体形 build
売り込む build market
巨体 large build
築く build(reputation,position,fortune,);build
造り build
小柄 small build
柄 body build
蓄える build(experience)
造る build
構える build
為す build
養う build
築き上げる build(fortune,reputation,enterprise,);build
立ち上がり build
組み立てる build
骨格 build
興す build",Guess Vocab related to Keyword,Text
"disease","末期,伝染病,心臓病,引受ける,引き受ける,感染症,ハンセン病,大病,難病,体力,新型コロナウイルス感染症,病,流行る,水俣病,体質,疑似,疾患,持病,新型,病む,病死,流行,病名,病気,進行,疾病,防疫,難しい","末期 terminal stage(disease)
伝染病 infectious disease;communicable disease;contag
心臓病 heart disease
引受ける contract(disease)
引き受ける contract(disease)
感染症 infectious disease
ハンセン病 Hansen's disease
大病 dangerous disease
難病 incurable disease
体力 resistance disease
新型コロナウイルス感染症 coronavirus disease 2019
病 disease
流行る spread widely(disease)
水俣病 Minamata disease
体質 predisposition(disease)
疑似 suspected(case,disease)
疾患 disease
持病 chronic disease
新型 new strain(infectious disease)
病む suffer(disease)
病死 death disease
流行 prevalence(disease)
病名 disease
病気 disease
進行",Guess Vocab related to Keyword,Text
"hall","会館,会場,講堂,場外,式場,場内,役場,殿堂,公民館,公会堂,議事堂,寄席,埋める,舎,退場,舞台,本館,堂,棋院,市役所,玄関,迎賓館,町役場,試験場,道場,斎場,議場,食堂","会館 assembly hall;meeting hall
会場 assembly hall
講堂 lecture hall
場外 outside hall(stadium,market,)
式場 hall ceremonies;ceremonial hall(wedding,funeral
場内 hall
役場 town hall
殿堂 hall fame;hall
公民館 public hall
公会堂 town hall;public hall
議事堂 congress hall;assembly hall
寄席 music hall;entertainment hall(rakugo,manzai,mag
埋める fill(audience fills hall)
舎 residence hall
退場 leaving(hall,meeting,stadium,)
舞台 stage(theatre,concert hall,)
本館 hall
堂 hall
棋院 hall
市役所 city hall
玄関 entry hall
迎賓館 reception hall(visiting state dignitaries)
町役場 town hall
試験場 examinatio",Guess Vocab related to Keyword,Text
"program","放送,予定,常駐,段取り,テレビ番組,実行,学部,冠,日程,代わり,抜ける,財政投融資,予定表,次第,演目,提供,替わり,千秋楽,献立,曲目,視聴率,番付,番組,帯,走行,組む,目玉,計画","放送 program
予定 program
常駐 resident(program,file,)
段取り program
テレビ番組 TV program;television program
実行 execution(program)
学部 undergraduate(course,program,)
冠 named sponsorship program,event,team,
日程 program
代わり upcoming program
抜ける exit(program loop)
財政投融資 Fiscal Investment Loan Program
予定表 program
次第 program
演目 program(musical,concert,theatrical,)
提供 sponsoring(TV program)
替わり upcoming program
千秋楽 concluding program
献立 program
曲目 (musical)program
視聴率 ratings(television program)
番付 program(theatre)
番組 program(TV)
帯 radio television program broadca",Guess Vocab related to Keyword,Text
"total","員数,制圧,真っ暗,全滅,全額,一辺倒,全廃,全量,計,全,見事,合計,延長,全面的,締め,合,計上,延べ,締める,完封,赤,総力,都合,通算,累計,総,総数,総額","員数 (total)number(things)
制圧 gaining total control(counties)
真っ暗 total darkness
全滅 total destruction
全額 total
一辺倒 total commitment
全廃 total repeal;total abolition
全量 total amount;total quantity
計 total;total
全 total
見事 total
合計 total amount;sum total
延長 (total)length
全面的 total
締め total
合 total
計上 including(cost)total calculation
延べ total(preceding counter,unit,)
締める total
完封 total blockage
赤 total
総力 total energy
都合 total
通算 total
累計 accumulated total;total now;cumulative total
総 total
総数 total(number)
総額 total amount;sum total",Guess Vocab related to Keyword,Text
"treatment","優遇,処遇,療法,同列,使い方,加工,処理,取扱い,取り扱い,取り扱,処置,手当て,扱い,取扱,医療,早期治療,美容,同一,愛想,最優遇,治療法,待遇,診療,通院,均等,手当,治療,療養","優遇 good treatment;favourable treatment;favorable t
処遇 treatment
療法 treatment
同列 same treatment
使い方 treatment
加工 treatment
処理 treatment
取扱い treatment
取り扱い treatment
取り扱 treatment
処置 medical treatment
手当て treatment
扱い treatment
取扱 treatment
医療 medical treatment
早期治療 early treatment
美容 beauty treatment
同一 equal treatment
愛想 special treatment;special treatment
最優遇 most favourable treatment;most favorable treat
治療法 method treatment
待遇 treatment
診療 diagnosis treatment
通院 going hospital regular treatment
均等 equal(distribution,treatment,level,)
手当 trea",Guess Vocab related to Keyword,Text
"heat","当たる,夏バテ,保温,加わる,予選,加熱,暑さ,沸かす,応える,夏ばて,光熱費,炎天,発熱,残暑,避暑,起こす,暖める,熱,熱する,焼く,白熱,温める,熱気,猛暑,発生,逃げる,盛り","当たる stricken(food poisoning,heat,)
夏バテ summer heat fatigue;suffering summer heat
保温 heat insulation;keeping heat
加わる applied(heat,pressure);increase(heat)
予選 heat
加熱 application heat
暑さ heat(weather)
沸かす heat
応える hard(heat,cold,work,illness,)
夏ばて summer heat fatigue;suffering summer heat
光熱費 cost heat electricity
炎天 blazing heat
発熱 generation heat
残暑 late summer heat;lingering summer heat
避暑 escaping summer heat
起こす generate(heat,electricity)
暖める heat
熱 heat
熱する heat
焼く heat
白熱 white heat
温める heat
熱気 heat
猛暑 fierce heat;heat wave
発生 generation(",Guess Vocab related to Keyword,Text
"industry","商工,漁業,実業,合理化,重工業,事業,実業家,サービス業,風俗,畜産,情報産業,産業,興業,業界,水産業,内職,通産相,立地,進出,鉱業,零細,興行,商工会議所,通産省,工業,業種,興す","商工 commerce industry
漁業 fishing industry
実業 industry
合理化 rationalization(company,industry,)
重工業 heavy industry
事業 industry
実業家 captain industry
サービス業 service industry
風俗 sex industry
畜産 livestock industry
情報産業 information industry
産業 industry
興業 promotion industry
業界 industry
水産業 fisheries industry
内職 home industry
通産相 Minister International Trade Industry
立地 choosing site(industry)
進出 advance(new market,industry,)
鉱業 mining industry
零細 cottage(industry)
興行 entertainment industry
商工会議所 Chamber Commerce Industry
通産省 (former)Ministry Internationa",Guess Vocab related to Keyword,Text
"machine","洗濯機,扱う,コピー機,制御,器械,動作,機械,回す,縫製,筐体,設置,扱い,自販機,取り扱う,機種,操業,歯車,工作機械,爆音,操る,運転,本体,機材,給油,機関銃,自動販売機,稼働","洗濯機 washing machine
扱う operate(machine)
コピー機 copy machine
制御 control(machine,device,)
器械 machine
動作 operation(machine,software,)
機械 machine
回す turn(turns has rotating part,washing machine)
縫製 sewing(machine)
筐体 case(machine,computer,)
設置 installation(machine equipment)
扱い handling(machine,tool,)
自販機 vending machine
取り扱う operate(machine,)
機種 model(machine,device)
操業 operation(machine,factory,fishing boat,)
歯車 cog machine
工作機械 machine tool
爆音 roar(machine)
操る operate(machine)
運転 operation(machine)
本体 body(machine)
機材 machine parts
給油 lubricating(",Guess Vocab related to Keyword,Text
"movement","働き,労働運動,仕草,動向,動態,動作,地下,地殻変動,微動,進行,停止,挟み撃ち,台頭,攻勢,落ちこぼれ,推進,手振り,社会運動,動き,通じ,楽章,進退,新劇,運行,抗日,移動,運動","働き movement
労働運動 labor movement;labour movement
仕草 movement
動向 movement
動態 movement
動作 movement(body)
地下 underground(activities,movement,)
地殻変動 diastrophism(movement deformation earth's cru
微動 slight movement
進行 onward movement
停止 ceasing(movement,activity,)
挟み撃ち pincer movement
台頭 rise(movement)
攻勢 offensive(movement)
落ちこぼれ dropout(,society,movement,)
推進 promotion(policy,project,movement,)
手振り movement hand
社会運動 social movement
動き movement
通じ bowel movement
楽章 movement
進退 movement
新劇 new-drama(movement)
運行 movement(heavenly body)
抗日 anti-Japan",Guess Vocab related to Keyword,Text
"staff","人事異動,抱える,職員,主任,乗務員,参謀,増員,幕僚,駅員,教員,官房長官,局員,事務員,教職員,幹部,販売員,削る,部内,減員,課員,関係者,責任,署員,責任者,部員,配る,陣容","人事異動 (annual)staff reassignment
抱える (staff)
職員 staff member
主任 senior staff
乗務員 transport staff(driver,conductor,)
参謀 military staff;staff officer
増員 increasing number staff
幕僚 staff officer;staff
駅員 station staff
教員 teaching staff
官房長官 Chief Staff(President,Prime Minister,)
局員 (bureau,post-office)staff
事務員 office staff
教職員 teaching staff
幹部 (executive)staff
販売員 sales staff
削る cut(budget,expenses,staff,,)
部内 staff
減員 reduction staff
課員 section staff
関係者 staff
責任 responsibility(incl. supervision staff)
署員 staff member
責任者 charge(including superv",Guess Vocab related to Keyword,Text
"town","市場,同町,閑散,横断,同郷,市街地,州都,丁目,町長,町内,廃墟,町議会,地元,公会堂,町,街づくり,評判,市街,町外れ,開ける,都市,役場,町役場,通過,都市計画,長者,集落","市場 (town)market
同町 same town;town
閑散 deserted(store,market,town,streets)
横断 cutting through(river through town)
同郷 same town
市街地 town area
州都 county town
丁目 district town
町長 town mayor
町内 town
廃墟 ruins(building,town,)
町議会 town council
地元 home town
公会堂 town hall
町 town
街づくり town planning
評判 talk(town)
市街 town
町外れ edge(town);outskirts(town)
開ける develop(town,civilization,)
都市 town
役場 town hall
町役場 town hall
通過 passing through(tunnel,station,town,)
都市計画 town planning
長者 chief post town;female owner whorehouse post to
集落 town",Guess Vocab related to Keyword,Text
"again","今更,やり直す,再,反す,もう一度,二度と,再度,改めて,再び,仲直り,再三,振り,再会,返す,度々,直す,再生,立て直す,又,再演,更に,繰り返す,塗り替える,始まる,続く,見直す","今更 again
やり直す again
再 again
反す again
もう一度 again
二度と never again
再度 again
改めて again;once again
再び again
仲直り friends again
再三 again again
振り again(meeting again year)
再会 meeting again
返す again
度々 again again;again
直す again
再生 coming life again
立て直す again(plan,policy,)
又 again;once again
再演 playing same role again(i.e. actor)
更に again
繰り返す again
塗り替える paint again
始まる happen(again)
続く occur again again
見直す look again",Guess Vocab related to Keyword,Text
"authority","権威,全権,人事院,威力,分権,最高峰,国王,威勢,精通,力,専門家,抑え,勢い,権限,押し,行使,地方自治体,有識者,権,行政,大家,通,権力,根拠,重鎮,職権","権威 authority;authority
全権 full authority
人事院 National Personnel Authority
威力 authority
分権 decentralization authority;decentralisation aut
最高峰 greatest authority
国王 Crown(focus authority UK,)
威勢 authority
精通 authority
力 authority
専門家 authority
抑え exercising authority
勢い authority
権限 authority
押し authority
行使 exercise(right,authority,power,)
地方自治体 local authority
有識者 authority(subject)
権 authority
行政 authority
大家 authority
通 authority
権力 authority
根拠 authority
重鎮 authority
職権 ex-officio authority;(official)authority",Guess Vocab related to Keyword,Text
"difficult","大変,兼ねる,手ごわい,辛い,厳しい,緩い,微妙,不都合,峠,難題,羽目,難い,気難しい,苦境,苦しい,拾う,抜け出す,難しい,至難,難解,難問,難航,難局,詰める,難点,骨","大変 difficult
兼ねる find difficult(unpleasant,awkward,painful)
手ごわい difficult
辛い difficult;difficult(emotionally);difficult
厳しい difficult
緩い difficult
微妙 difficult
不都合 difficult
峠 most difficult part
難題 difficult problem
羽目 difficult situation
難い difficult
気難しい difficult
苦境 difficult situation
苦しい (psychologically)difficult;difficult
拾う return(difficult shot)
抜け出す through(difficult situation)
難しい difficult
至難 most difficult
難解 difficult understand
難問 difficult problem;difficult question
難航 difficult voyage
難局 difficult situation
詰める force difficul",Guess Vocab related to Keyword,Text
"product","地雷,品質,新商品,品名,専門店,不良品,紹介,口コミ,製品,商品名,新製品,成果,帯,名物,産物,目玉商品,引き合い,投入,新発売,物産,国民総生産,積,売り込む,米,年度,発売","地雷 seems fine first turns very bad(product,busines
品質 quality(product service)
新商品 new product
品名 product
専門店 shop specializing particular type product
不良品 defective product
紹介 showcase(product)
口コミ comments written online(product,service,)
製品 product
商品名 product
新製品 new product
成果 product
帯 obi(strip paper looped around book,CD,containing
名物 special product;famous product
産物 product
目玉商品 featured product
引き合い inquiry(product,business deal,)
投入 launching(product market)
新発売 putting(new product)sale
物産 product
国民総生産 gross national product
積 prod",Guess Vocab related to Keyword,Text
"residence","転居,住宅,公館,住居,公邸,住所,居住,住まい,官邸,屋敷,引っ越す,公舎,幕府,住民票,皇居,永住,舎,御所,私邸,家,帝,駐在,邸,引っ越し,邸宅,雑居","転居 changing residence
住宅 residence
公館 official residence
住居 residence
公邸 official residence
住所 residence
居住 residence
住まい residence
官邸 official residence(prime minister)
屋敷 residence
引っ越す change residence
公舎 official residence
幕府 residence Imperial Guards commander
住民票 certificate residence
皇居 imperial residence
永住 permanent residence
舎 residence hall
御所 residence shogun,minister,;imperial residence
私邸 private residence
家 residence
帝 (gates)imperial residence
駐在 residence
邸 residence
引っ越し changing residence
邸宅 residence
雑居 mixed residence",Guess Vocab related to Keyword,Text
"simple","単なる,かき氷,早い,単,容易い,容易,手軽,簡素,単一,地味,氷,単純,易しい,楽,渋い,素朴,安易,淡々,訳がない,質素,簡単,簡略,無造作,速い,平たい,軽い","単なる simple
かき氷 shaved ice(usually served flavored simple syru
早い simple
単 simple
容易い simple
容易 simple
手軽 simple
簡素 simple
単一 simple
地味 simple
氷 shaved ice(usually served flavored simple syrup)
単純 simple
易しい simple
楽 simple
渋い quiet(simple)
素朴 simple
安易 simple
淡々 simple
訳がない simple
質素 simple
簡単 simple
簡略 simple
無造作 simple
速い simple
平たい simple
軽い simple",Guess Vocab related to Keyword,Text
"victory","優勝,勝敗,全勝,刻,勝訴,勝因,勝負,勝ち,大勝,快勝,勝ち負け,勝利,穴,拾う,圧勝,勝つ,戦勝,味,必勝,白星,決める,味わう,金星,道,稼ぐ,飾る","優勝 overall victory
勝敗 victory defeat
全勝 complete victory
刻 victory
勝訴 victory(legal case)
勝因 cause victory
勝負 victory defeat
勝ち victory
大勝 great victory;landslide victory;overwhelming vi
快勝 sweeping victory;easy victory
勝ち負け victory defeat
勝利 victory
穴 upset victory(large payoff)
拾う snatch(unexpected victory)
圧勝 overwhelming victory;sweeping victory;landslide
勝つ gain victory
戦勝 victory
味 taste(victory)
必勝 certain victory
白星 victory mark
決める clinch(victory)
味わう taste(victory)
金星 dazzling victory
道 road(victory)
稼ぐ score(points,victory)
飾る mark(v",Guess Vocab related to Keyword,Text
"aid","介助,共済,補助,助ける,力,心配,援助,世話,差し伸べる,助け合い,補聴器,支援,加点,手伝う,添える,互助,救済,救い,救助,助け,協賛,応援,扶助,救急,補佐","介助 aid
共済 mutual aid
補助 aid
助ける provide aid
力 aid
心配 aid
援助 aid
世話 aid
差し伸べる offer(aid,help,)
助け合い mutual aid(help)
補聴器 hearing aid
支援 aid
加点 addition marks symbols classical Chinese text a
手伝う aid
添える accompany(aid,guide,translator,)
互助 mutual aid
救済 aid
救い aid
救助 aid
助け aid
協賛 mutual aid
応援 aid
扶助 aid
救急 emergency(aid)
補佐 aid",Guess Vocab related to Keyword,Text
"railway","敷く,乗り場,連絡,乗場,地下鉄,国鉄,鉄,全線,線路,入場券,鉄橋,列車,沿線,私鉄,電鉄,横断,踏切り,踏切,開ける,海岸線,阪神,遮断機,開通,鉄道,駅","敷く lay(railway tracks)
乗り場 railway platform
連絡 joining(railway line,)
乗場 railway platform
地下鉄 underground(railway)
国鉄 national railway
鉄 railway enthusiast;railway
全線 whole(railway)line
線路 railway;railway track;railway line
入場券 ticket allowing non-traveller access railway s
鉄橋 railway bridge
列車 railway train
沿線 places alongside railway line,bus route,major t
私鉄 private railway
電鉄 electric railway
横断 intersecting(railway track)
踏切り railway crossing
踏切 railway crossing
開ける open(new road,railway,)
海岸線 coastal railway
阪神 Hanshin(company name: railw",Guess Vocab related to Keyword,Text
"statement","左記,命令,玉虫色,温和,文,口上,盛る,言,明細,明言,綱領,聴取,明示,声明,趣旨,言葉,発表,穏和,陳述,申し立て,炎上,総決算,発言,申告,記載","左記 undermentioned(statement)
命令 statement
玉虫色 equivocal(reply,statement,)
温和 moderate(statement,measure,)
文 statement
口上 statement
盛る put(information report,meaning statement)
言 statement
明細 detailed statement
明言 statement
綱領 mission statement
聴取 hearing(statement,opinion,explanation,)
明示 explicit statement
声明 statement
趣旨 point(statement)
言葉 statement
発表 statement
穏和 moderate(statement,measure,)
陳述 statement
申し立て statement
炎上 stirring storm criticism online(article,tweet,s
総決算 complete financial statement
発言 statement
申告 statement
記載 statement",Guess Vocab related to Keyword,Text
"wish","思い,念願,悲願,お願い,意思,志望,望む,声,願望,欲求,求める,希望,祈る,欲しがる,考え,御願い,願い,意向,祝う,望み,願う,遺言,遺志,願わくは,願","思い wish
念願 dearest wish
悲願 dearest wish
お願い wish
意思 wish
志望 wish
望む wish
声 wish
願望 wish
欲求 wish
求める wish
希望 wish
祈る wish
欲しがる indicate wish
考え wish
御願い wish
願い wish
意向 wish
祝う wish(happy future,good fortune,)
望み wish
願う wish
遺言 dying wish
遺志 dying wish
願わくは wish
願 wish",Guess Vocab related to Keyword,Text
"written","令状,筆,文語,申込書,字,口語,報告書,口コミ,契約書,調書,書取,論説,書き取り,念書,書き言葉,封じ手,表記,送り仮名,筆記試験,文体,著書,段,願い,赤字,願書","令状 written order
筆 written word
文語 classical(formal)written style based Heian-peri
申込書 (written)application
字 written text
口語 written style based(modern)spoken
報告書 (written)report
口コミ comments written online(product,service,)
契約書 (written)contract
調書 written evidence
書取 writing other written material
論説 (written)argument
書き取り writing other written material
念書 written pledge
書き言葉 written word;written language
封じ手 next move written kept sealed envelope until g
表記 written representation
送り仮名 kana written kanji complete full(usually kun)
筆記試験 writt",Guess Vocab related to Keyword,Text
"appeal","味わい,働き掛ける,公募,働きかける,味,上告,艶,色,呼びかけ,魅力,呼び掛ける,呼びかける,要請,飛ばす,運動,迫力,呼び掛け,陳情,抗告,願い,訴える,控訴,破棄,色気","味わい appeal
働き掛ける appeal
公募 public appeal(contributions)
働きかける appeal
味 appeal
上告 final appeal highest court
艶 appeal
色 physical appeal
呼びかけ appeal
魅力 appeal
呼び掛ける appeal
呼びかける appeal
要請 appeal
飛ばす issue(appeal)
運動 appeal
迫力 appeal
呼び掛け appeal
陳情 appeal
抗告 appeal
願い appeal
訴える appeal(reason,emotions,)
控訴 appeal higher court;intermediate appeal
破棄 reversal(original ruling appeal)
色気 sex appeal(women)",Guess Vocab related to Keyword,Text
"lack","不孝,ガラス張り,湿る,不明,不足,不均衡,欠く,不備,運動不足,不信任,甘え,無策,難民,欠乏,罪,無断,非常識,手放し,貧困,白紙,無人,腐る,欠如,親不孝","不孝 lack filial piety
ガラス張り lack secrecy
湿る lack energy
不明 lack wisdom;lack insight
不足 lack
不均衡 lack balance
欠く lack
不備 lack
運動不足 lack physical exercise
不信任 lack confidence
甘え lack self-reliance
無策 lack policy
難民 inconvenienced(lack,)
欠乏 lack
罪 lack consideration
無断 lack permission;lack notice
非常識 lack common sense
手放し lack restraint;lack reserve(expressing emotion
貧困 lack
白紙 lack prior opinion,positions,
無人 lack help
腐る weaken(lack practice)
欠如 lack
親不孝 lack filial piety",Guess Vocab related to Keyword,Text
"science","学問,理学部,科学,医学,文部,理工学部,理学,学術,文科,理科,理工,医科,文部省,科学技術,社会科学,日本学術会議,理系,商学,自然科学,栄養学,工学部,文相,文部科学省,科学技術庁","学問 science
理学部 department science
科学 science
医学 medical science
文部 Ministry Education,Science Culture(1871-2001)
理工学部 department science engineering
理学 physical science;natural science
学術 science
文科 social science
理科 science(subject);natural science;science course
理工 science technology
医科 medical science
文部省 Ministry Education,Science Culture(1871-2001)
科学技術 science technology
社会科学 social science
日本学術会議 Science Council
理系 science
商学 commercial science
自然科学 natural science
栄養学 nutritional science
工学部 departmenttechnology,engineering science
文相 M",Guess Vocab related to Keyword,Text
"settlement","和解,入植,妥結,会計,確定,定住,仕切り,整理,始末,勘定,決算,収まり,折り合い,決着,集落,植民地,確立,弁済,清算,後始末,示談,決まり,解決,決済","和解 amicable settlement;court-mediated settlement
入植 enteringsettlement;settlement
妥結 settlement
会計 settlement(bill,fee,),payment
確定 settlement
定住 settlement
仕切り settlement accounts
整理 settlement
始末 settlement
勘定 settlement(account)
決算 settlement accounts
収まり settlement
折り合い settlement
決着 settlement
集落 settlement
植民地 settlement(Brazil)
確立 settlement
弁済 settlement(debt)
清算 (financial)settlement
後始末 settlement(matter)
示談 private settlement;settlement court
決まり settlement
解決 settlement
決済 settlement(account)",Guess Vocab related to Keyword,Text
"application","出願,使用,加熱,利用,受け付ける,申し出,志願,申し込む,申請,反映,提出,申込書,請求,応募,応用,運用,活用,申込,申し込み,願書,申込み,破壊,願い","出願 filing application;application
使用 application
加熱 application heat
利用 application
受け付ける receive(application)
申し出 application
志願 application
申し込む application
申請 application
反映 application(update,changes,)
提出 submission(application,report,)
申込書 application form;(written)application
請求 application
応募 application
応用 (practical)application
運用 application
活用 application
申込 application
申し込み application
願書 (written)application
申込み application
破壊 (application)crash
願い (written)application",Guess Vocab related to Keyword,Text
"assistance","手伝い,お世話になる,支援,お手伝い,手引,心配,世話,お蔭様で,生保,お陰様で,助け,介助,援助,合力,応援,力,手助け,手引き,扶助,加担,補佐,助成,補助","手伝い assistance
お世話になる receive assistance
支援 assistance
お手伝い assistance
手引 giving assistance
心配 assistance
世話 assistance
お蔭様で thanks your assistance
生保 public assistance
お陰様で thanks your assistance
助け assistance
介助 assistance
援助 assistance
合力 assistance
応援 assistance
力 assistance
手助け assistance
手引き giving assistance
扶助 assistance
加担 assistance
補佐 assistance
助成 assistance
補助 assistance",Guess Vocab related to Keyword,Text
"association","会,付き合い,クラブ活動,協同,同窓会,相応,会合,共同,信用組合,往来,交際,団体,加盟,組合,連合会,連合,協同組合,医師会,結社,協会,連想,年寄り,青年団","会 association
付き合い association
クラブ活動 club activities(usu. clubs association)
協同 association
同窓会 graduates' association;alumni association
相応 association
会合 association
共同 association
信用組合 credit association
往来 association
交際 association
団体 association
加盟 joining(association,agreement,)
組合 association
連合会 association
連合 association
協同組合 association
医師会 medical association
結社 association
協会 association
連想 association(ideas)
年寄り trustee Sumo Association
青年団 young persons' association",Guess Vocab related to Keyword,Text
"competition","参戦,無得点,争い,体操,応募,商戦,中堅,大会,競演,大将,出品,引分け,敗退,対抗,引き分け,比べ,競り合い,懸賞,戦い,競争,戦争,進出,競合","参戦 taking part competition contest
無得点 scoreless(game competition)
争い competition
体操 gymnastics competition
応募 entry(competition,raffle,)
商戦 business competition
中堅 athlete competing middle-number match team comp
大会 competition
競演 competition between theatres putting same show
大将 athlete competes last match team competition(ke
出品 entering(work competition)
引分け draw(competition)
敗退 eliminated(competition)
対抗 competition
引き分け draw(competition)
比べ competition
競り合い competition
懸賞 prize competition
戦い competition
競争 competition;competition(between o",Guess Vocab related to Keyword,Text
"difference","大差,別,小差,変わり,枚数,埋める,凸凹,行き違い,格差,差,回り,時差,点差,差額,幅,相違,食い違い,差異,違い,格段,落差,距離,隔たり","大差 great difference;big difference
別 difference
小差 slight difference
変わり difference
枚数 win-loss difference which influences ranking wr
埋める bridge(difference,gap)
凸凹 difference
行き違い difference opinion
格差 qualitative difference
差 difference
回り 12-year age difference
時差 difference
点差 point difference
差額 difference(price,cost)
幅 difference(price)
相違 difference
食い違い difference
差異 difference
違い difference
格段 remarkable(difference)
落差 difference elevation(between two points body wa
距離 difference(opinion)
隔たり difference",Guess Vocab related to Keyword,Text
"director","理事,専務,医長,常務,監修,北海道開発庁長官,役員,園長,重役,総長,取締役,社長,総務,局長,院長,監督,指揮者,部長,次長,長官,演出家,総裁,館長","理事 director
専務 senior managing director;executive director
医長 medical director
常務 executive director;managing director
監修 supervising director
北海道開発庁長官 Director General Hokkaido Development Age
役員 director
園長 park director;zoo director
重役 (company)director
総長 director
取締役 company director
社長 director
総務 director
局長 bureau director
院長 director(hospital,institution,academy,)
監督 director
指揮者 director
部長 head(chief,director)section department
次長 assistant director
長官 director
演出家 director
総裁 director general
館長 director",Guess Vocab related to Keyword,Text
"document","墨付き,公文,創る,作る,書面,文面,証書,原書,紙面,文書,鏡,公文書,本文,文献,記載,書類,空白,私文書,資料,古文書,記録,身分証明書,造る","墨付き certified document
公文 official document
創る draw(document)
作る draw(document)
書面 document
文面 contents document(letter)
証書 document(proof)
原書 original document(copy adaptation)
紙面 document
文書 document;document addressed
鏡 page added beginning document mentioning purpose
公文書 official document
本文 text(book,document,);text(book,document,)
文献 document
記載 mention(document)
書類 document
空白 blank space(document)
私文書 private document
資料 document
古文書 historical document;pre-Meiji era document add
記録 document
身分証明書 identity document
造る draw(document)",Guess Vocab related to Keyword,Text
"doubt","不審,危うい,懐疑,問う,疑心,抱く,挟む,危ぶむ,問題,疑惑,投げる,正に,疑念,疑義,疑い,間違いない,解きほぐす,疑う,疑問点,疑問,違いない,紛れもない,迷い","不審 doubt
危うい doubt
懐疑 doubt
問う doubt
疑心 doubt
抱く harbour(suspicion,doubt,)
挟む cast(doubt)
危ぶむ doubt
問題 question(i.e. doubt)
疑惑 doubt
投げる cast(glance,shadow,doubt,)
正に doubt
疑念 doubt
疑義 doubt
疑い doubt
間違いない doubt
解きほぐす remove(doubt)
疑う doubt
疑問点 doubt
疑問 doubt
違いない doubt
紛れもない beyond doubt
迷い doubt",Guess Vocab related to Keyword,Text
"easy","簡単,優雅,安易,容易,軽やか,手軽,容赦,砕く,速い,容易い,快勝,易い,無造作,軽い,早い,豊か,易しい,訳がない,砕ける,楽,良い,頂,軽妙","簡単 easy
優雅 easy
安易 easy
容易 easy
軽やか easy
手軽 easy
容赦 going easy
砕く easy understand
速い easy
容易い easy
快勝 easy victory
易い easy
無造作 easy
軽い easy
早い easy
豊か easy
易しい easy
訳がない easy
砕ける become easy understand(story)
楽 easy
良い easy
頂 easy win
軽妙 light easy",Guess Vocab related to Keyword,Text
"security","守衛,保証金,安全,安保,安心,敷金,安心感,保安,担保,保障,見返り,板門店,警備,社会保障,防犯カメラ,保証,安全保障,無事,裏付け,治安,証券,福祉,防犯","守衛 (security)guard
保証金 security money
安全 security
安保 campaign against Japan-US Security Treaty(1959-
安心 (sense)security
敷金 (security)deposit
安心感 sense security
保安 security
担保 security
保障 security
見返り security
板門店 Joint Security Area(Korean Demilitarized Zone)
警備 security
社会保障 social security
防犯カメラ security camera
保証 security
安全保障 security guarantee(military security,network 
無事 security
裏付け security
治安 public security
証券 security
福祉 social security
防犯 security(device,camera,)",Guess Vocab related to Keyword,Text
"song","最後の舞台,名曲,唄,歌,曲,歌唱,切り,作詞,歌曲,歌謡,急,童謡,校歌,賛歌,歌謡曲,掛ける,流行歌,長唄,民謡,音頭,風,新曲,歌詞","最後の舞台 swan song
名曲 excellent song
唄 song
歌 song
曲 song
歌唱 song
切り finale(noh song)
作詞 (writing)song lyrics
歌曲 song
歌謡 song
急 (gagaku noh)end song
童謡 children's song
校歌 song
賛歌 song praise
歌謡曲 (Western)pop song
掛ける put(DVD,song,)
流行歌 hit song;popular song
長唄 long epic song shamisen accompaniment(developed
民謡 popular song;folk song
音頭 lead(cheer,toast,song,);folk song dance perform
風 folk song(genre Shi Jing)
新曲 new song
歌詞 words song;song lyrics",Guess Vocab related to Keyword,Text
"approval","協賛,公認,墨付き,許諾,同意,了承,可決,承認,容認,賛同,決裁,可,支持,成立,承諾,検定,認め,特選,賛意,許可,認可,賛成","協賛 approval
公認 official approval
墨付き seal approval
許諾 approval
同意 approval
了承 approval
可決 approval
承認 approval
容認 approval
賛同 approval
決裁 approval
可 approval
支持 approval
成立 approval
承諾 approval
検定 official approval
認め approval
特選 special approval
賛意 approval
許可 approval
認可 approval
賛成 approval",Guess Vocab related to Keyword,Text
"difficulty","乗り越える,問題,克服,横たわる,困難,苦労,征服,悠々,支障,活路,困る,突破,暗礁,難,障害,辛うじて,差し支える,難関,渋る,直ぐ,難易,難航","乗り越える overcome(difficulty,obstacle,)
問題 difficulty
克服 conquest(difficulty,illness,crisis,)
横たわる lie ahead(danger,difficulty,)
困難 difficulty
苦労 difficulty
征服 overcoming(difficulty)
悠々 difficulty
支障 difficulty
活路 way difficulty
困る difficulty
突破 surmounting(difficulty)
暗礁 unforeseen difficulty
難 difficulty
障害 difficulty
辛うじて difficulty
差し支える difficulty
難関 difficulty
渋る frequent urge defecate difficulty passing stool
直ぐ difficulty
難易 (relative)difficulty
難航 proceeding difficulty",Guess Vocab related to Keyword,Text
"empty","空き,真空,抜く,空ける,原っぱ,傾ける,明ける,空地,空き缶,空,空砲,虚しい,空っぽ,空く,空腹,空き地,空車,開く,閑散,空しい,開ける,空席","空き empty seat
真空 empty
抜く empty
空ける empty
原っぱ empty lot
傾ける empty
明ける empty
空地 empty lot
空き缶 empty can
空 empty;empty(compliments)
空砲 empty gun
虚しい empty
空っぽ empty
空く empty;empty
空腹 empty stomach
空き地 empty point;empty lot
空車 empty conveyance;empty taxi
開く empty
閑散 empty
空しい empty
開ける empty
空席 empty seat",Guess Vocab related to Keyword,Text
"enemy","援護,回す,先駆け,出合う,仮想,付け,攻略,落ちる,敵,抑える,強敵,追撃,肉薄,出会う,通じる,敵国,落とす,飛び切り,追い討ち,敵失,駆ける,遊撃","援護 covering(enemy attack)
回す (enemy)
先駆け charging ahead others(towards enemy)
出合う emerge engage(enemy)
仮想 potential(enemy)
付け direct attack enemy stone
攻略 capture(enemy territory)
落ちる fall(enemy)
敵 enemy
抑える hold(enemy)
強敵 tough enemy;formidable enemy;strong enemy
追撃 pursuit(fleeing enemy)
肉薄 closing(enemy,first place,)
出会う emerge engage(enemy)
通じる keep touch(enemy)
敵国 enemy nation
落とす take(enemy camp castle)
飛び切り jumping slashing(enemy)
追い討ち attacking fleeing enemy
敵失 error made enemy opposing team
駆ける advance(against enemy)
遊撃 attacking enemy",Guess Vocab related to Keyword,Text
"luck","付いてる,付き,付いている,不運,幸い,初夢,拾い物,不幸せ,具合,幸せ,持つ,福,拾う,紛れ,福助,付け,開ける,縁起,祝福,幸運,降る,運","付いてる luck
付き luck
付いている luck
不運 ill luck;bad luck
幸い luck
初夢 first dream New year(believed foretell luck)
拾い物 piece good luck
不幸せ ill luck
具合 luck
幸せ luck
持つ blessed good luck
福 good luck
拾う hit(luck,opportunity,)
紛れ pure luck
福助 large-headed dwarf statue,bringer good luck
付け luck
開ける improve(luck,prospects,)
縁起 sign luck
祝福 wishinggood luck
幸運 good luck
降る visit(luck,misfortune,)
運 luck",Guess Vocab related to Keyword,Text
"pain","止める,味わう,腰痛,取れる,乗り越える,傷める,傷む,無くなる,苦渋,苦痛,苦しみ,鋭い,走る,押さえる,治まる,鎮める,苦しめる,痛む,消す,腹痛,痛み,痛める","止める relieve(pain)
味わう know(pain)
腰痛 lower pain
取れる away(fever,pain,swelling,)
乗り越える (pain)
傷める cause pain
傷む feel pain
無くなる disappear(pain)
苦渋 pain
苦痛 pain
苦しみ pain
鋭い sharp(pain,tone,)
走る pain)
押さえる clutch(body part pain)
治まる subside(pain,symptoms,)
鎮める relieve(cough,pain,)
苦しめる pain;cause(emotional)pain;inflict(physical)pa
痛む feel pain
消す relieve(pain,anxiety,);remove(smell,pain,)
腹痛 abdominal pain
痛み pain
痛める cause pain",Guess Vocab related to Keyword,Text
"peace","保安,無事,和議,享受,脅かす,仲直り,乱す,定める,和,申し込む,和平,安らぎ,安心,平和,講和,平時,平安,楽,治安,治まる,眠る,破る","保安 peace preservation
無事 peace
和議 peace conference;peace negotiations
享受 enjoyment(freedom,peace,)
脅かす threaten(peace)
仲直り making peace
乱す disturb(order,peace,)
定める bring peace
和 peace
申し込む overture(peace)
和平 peace
安らぎ peace(mind)
安心 peace mind
平和 peace
講和 (making)peace
平時 peace
平安 peace
楽 peace
治安 public peace
治まる peace
眠る rest(peace)
破る disturb(peace)",Guess Vocab related to Keyword,Text
"publication","休刊,発表,公開,創刊,年刊,刊行,出版物,版,月刊,日刊,出版,新刊,発行,登載,当日,発刊,合板,週刊,掲載,季刊,書籍,週刊誌","休刊 suspension publication
発表 publication
公開 publication
創刊 first publication
年刊 annual publication
刊行 publication
出版物 publication
版 counter editions publication
月刊 monthly publication
日刊 daily publication
出版 publication
新刊 new publication
発行 publication(newspaper,magazine,book,)
登載 publication
当日 (issue,publication,)
発刊 launching(publication);publication
合板 joint publication;joint publication
週刊 weekly publication
掲載 publication(article newspaper)
季刊 quarterly publication
書籍 publication
週刊誌 weekly publication",Guess Vocab related to Keyword,Text
"strange","味,異物,奇妙,不思議,奇異,見知らぬ,他国,乙,怪しい,電波,妙,変,物好き,予想外,怪奇,変わった,見ず知らず,余所,異変,未知,珍,異様","味 strange
異物 strange object
奇妙 strange
不思議 strange
奇異 strange
見知らぬ strange
他国 strange land
乙 strange
怪しい strange
電波 saying strange things
妙 strange
変 strange
物好き strange tastes
予想外 strange
怪奇 strange
変わった strange
見ず知らず strange
余所 strange parts
異変 strange occurrence;strange phenomenon
未知 strange
珍 strange
異様 strange",Guess Vocab related to Keyword,Text
"test","対策,受ける,検査,試金石,問題,力試し,丸太,試し,模擬試験,通る,血液検査,試料,試練,検定,核実験,試験,試す,題,穴埋め,請ける,試作,踏み絵","対策 preparation(test)
受ける take(test)
検査 test
試金石 litmus test;test
問題 question(test)
力試し test ability;test strength
丸太 test subject(human experiments performed Unit 7
試し test
模擬試験 practice test
通る pass(test,bill House,)
血液検査 blood test
試料 test piece
試練 test
検定 proficiency test
核実験 nuclear(bomb)test
試験 test
試す test;put test
題 problem(test);counter questions(test)
穴埋め cloze deletion(test format)
請ける take(test)
試作 test piece
踏み絵 loyalty test;allegiance test",Guess Vocab related to Keyword,Text
"thought","気持ち,念,幅,切り捨て,文脈,思いつき,思考,抱く,系統,思い,思い付き,本流,暮れる,思想,案の定,新派,様,思い込む,浸透,果たして,考え,通う","気持ち thought
念 thought
幅 freedom(thought)
切り捨て cutting(second thought)
文脈 line thought
思いつき thought
思考 thought
抱く (thought feeling)
系統 (thought)
思い thought
思い付き thought
本流 main current(thought)
暮れる lost(thought)
思想 thought
案の定 just thought
新派 new(thought,)
様 thing(thought spoken)
思い込む obsessed(thought,idea,)
浸透 permeation(thought,ideology,culture,)
果たして just thought
考え thought
通う communicated(thought)",Guess Vocab related to Keyword,Text
"accident","労災,不幸,急変,事変,会う,事故,変,偶然,惨事,変わり,異変,交通事故,現場,海難,間違い,遭う,過失,遭難,異状,誤って,難","労災 on-the-job accident
不幸 accident
急変 (suddenly occurring)accident
事変 accident
会う accident
事故 accident
変 accident
偶然 accident
惨事 horrible accident
変わり accident
異変 accident
交通事故 traffic accident
現場 scene(crime,accident,)
海難 accident sea
間違い accident
遭う accident
過失 accident(caused negligence)
遭難 accident
異状 accident
誤って accident
難 accident",Guess Vocab related to Keyword,Text
"arrangement","仕組み,取り計らい,寸法,成立,予定,塩梅,協定,演出,整理,布石,生花,構図,手配,配置,生け花,決まり,盛り付け,流,約束,配列,間取り","仕組み arrangement
取り計らい arrangement
寸法 arrangement
成立 arrangement
予定 arrangement
塩梅 arrangement
協定 arrangement
演出 arrangement
整理 arrangement
布石 strategic arrangement stones beginning game
生花 art flower arrangement
構図 compositional arrangement
手配 arrangement
配置 arrangement(resources)
生け花 art flower arrangement
決まり arrangement
盛り付け arrangement food(dish)
流 (flower arrangement)
約束 arrangement
配列 arrangement
間取り arrangement rooms",Guess Vocab related to Keyword,Text
"election","公選,遊説,選出,直接選挙,乱立,前面,出馬,出陣,総選挙,選任,当落,総,落とす,落ちる,立つ,比例,落選,選,選挙,選挙運動,選挙戦","公選 election popular vote;public election
遊説 election campaign;election tour
選出 election
直接選挙 direct election
乱立 standing(election)(excessively)large numbers
前面 initial pledge(election)
出馬 running(election)
出陣 starting election campaign
総選挙 general election(lower house)
選任 election
当落 success defeat(election);result(election)
総 general(election,manager,)
落とす defeat(election)
落ちる lose(contest,election,)
立つ stand(election)
比例 proportional representation section(election)
落選 election defeat;losing election
選 election
選挙 election
選挙運動 election campa",Guess Vocab related to Keyword,Text
"equal","並み,均等,比,並,並べる,同様,並ぶ,堪える,匹敵,等価,同じ,等しい,互角,耐える,同一,対等,等分,遣る,真っ二つ,同等,対","並み equal
均等 equal(distribution,treatment,level,)
比 equal
並 equal
並べる equal
同様 equal
並ぶ equal
堪える equal
匹敵 equal
等価 equal value
同じ equal
等しい equal
互角 equal(ability)
耐える equal
同一 equal;equal treatment
対等 equal footing;equal terms
等分 equal parts;division equal parts
遣る (equal lower status);give(equal lower status)
真っ二つ two equal parts
同等 equal
対 equal terms;equal footing",Guess Vocab related to Keyword,Text
"faith","貫く,信じる,信,盲目,信念,信ずる,利益,信仰,故意,善意,信条,宗教,誠意,信用,信義,悪意,信頼,置く,念力,自他,告白","貫く keep(faith)
信じる faith
信 (religious)faith
盲目 blind(love,faith)
信念 faith
信ずる faith
利益 grace(God,Buddha,,attained through rightful act
信仰 (religious)faith
故意 bad faith
善意 good faith
信条 article faith
宗教 faith
誠意 good faith
信用 faith
信義 faith
悪意 bad faith
信頼 faith
置く place(trust,faith,)
念力 faith
自他 self-salvation salvation faith
告白 profession(faith)",Guess Vocab related to Keyword,Text
"pleasure","喜ばす,喜んで,娯楽,快楽,どう致しまして,愛読,興,喜び,引き出す,求める,楽しむ,委ねる,快感,行楽,楽しみ,引出す,鼻息,遊び,曲,観賞,遊ぶ","喜ばす give pleasure
喜んで pleasure
娯楽 pleasure
快楽 pleasure;supreme pleasure obtained freeing eart
どう致しまして my pleasure
愛読 reading pleasure
興 pleasure
喜び pleasure
引き出す derive(pleasure)
求める pursue(pleasure)
楽しむ take pleasure
委ねる abandon(pleasure)
快感 pleasure
行楽 pleasure trip
楽しみ pleasure
引出す derive(pleasure)
鼻息 person's pleasure
遊び pleasure
曲 pleasure
観賞 viewing(pleasure)
遊ぶ (pleasure study)",Guess Vocab related to Keyword,Text
"sale","出品,市販,即売,公開中,特売,売り出し,前売り,付け,物販,見切り,売り,売り出す,負け,売り物,売却,売上金,新発売,安売り,発売,密売,画廊","出品 putting sale
市販 putting sale
即売 sale spot
公開中 now available(sale)
特売 special sale;bargain sale
売り出し (bargain)sale
前売り advance sale
付け bill sale
物販 sale goods(opposed services)
見切り bargain sale
売り sale
売り出す put sale
負け loss(sale)
売り物 article sale;Sale(sign);goods sale
売却 sale;disposal sale
売上金 proceeds(sale)
新発売 putting(new product)sale
安売り bargain sale
発売 release(sale);sale;offering sale
密売 illicit sale
画廊 art gallery(artworks sale)",Guess Vocab related to Keyword,Text
"shogi","寄せ,局,先手,囲む,対局,名手,結局,手数,手,指す,将棋,終局,棋聖,級,後手,棋士,段,詰める,盤,筋,駒","寄せ last moves(,shogi,chess)
局 game(,shogi,)
先手 first move(,shogi,)
囲む play(,shogi,)
対局 (playing)game(,shogi,)
名手 brilliant move(,shogi,)
結局 end game,shogi,
手数 number moves(,shogi,)
手 move(,shogi,)
指す play(game shogi)
将棋 shogi
終局 end game,shogi,
棋聖 great master shogi
級 kyu(junior rank martial arts,,shogi,)
後手 second move(shogi)
棋士 professional shogi player
段 dan(degree advanced proficiency martial arts,,sh
詰める corner(opponent's king shogi)
盤 board(shogi,,chess,)
筋 logical move(,shogi,)
駒 piece(shogi,chess,)",Guess Vocab related to Keyword,Text
"theory","主義者,原理,理屈,定説,学説,固執,命題,仮説,実地,成り立つ,覆す,通用,理論,穴,架橋,実際,抵触,成立,説,持論,通報","主義者 advocate(theory principle)
原理 theory
理屈 theory
定説 established theory
学説 theory
固執 sticking(opinion,theory,belief,)
命題 theory
仮説 tentative theory
実地 practice(opposed theory)
成り立つ hold true(theory)
覆す disprove(established theory)
通用 hold true(theory)
理論 theory
穴 hole(theory,plan,)
架橋 bridging(gap between theory practice)
実際 practice(opposed theory)
抵触 conflict(theory,claim,)
成立 valid(theory,argument,)
説 theory
持論 pet theory
通報 message(information communication theory)",Guess Vocab related to Keyword,Text
"cabinet","政令,入閣,内閣,閣内,内閣官房,内閣法制局,内閣府,大臣,筐体,総理大臣,官房長官,法制局,影の内閣,閣僚,更迭,組閣,総理,閣議,戸棚,改造","政令 cabinet order
入閣 joining cabinet
内閣 cabinet(government)
閣内 (inside)Cabinet
内閣官房 Cabinet Secretariat
内閣法制局 Cabinet Legislation Bureau
内閣府 Cabinet Office
大臣 cabinet minister
筐体 cabinet
総理大臣 prime minister(head cabinet government)
官房長官 Chief Cabinet Secretary;Cabinet Secretary
法制局 Cabinet Legislation Bureau
影の内閣 shadow cabinet
閣僚 cabinet ministers
更迭 reshuffle(cabinet)
組閣 formation cabinet
総理 prime minister(head cabinet government)
閣議 cabinet meeting
戸棚 cabinet
改造 reshuffling(cabinet)",Guess Vocab related to Keyword,Text
"conference","会議,内職,代議,和議,評議,年会,会,党議,談合,会談,合議,記者会見,学会,話合い,掛ける,大会,開催,会議室,話し合い,協議","会議 conference
内職 (secretly)working unrelated class(conference,)a
代議 representing others conference
和議 peace conference
評議 conference
年会 conference
会 conference
党議 party conference
談合 conference
会談 conference
合議 conference
記者会見 press conference;news conference
学会 academic conference
話合い conference
掛ける present(idea conference,)
大会 conference
開催 holding(conference,exhibition,)
会議室 conference room
話し合い conference
協議 conference",Guess Vocab related to Keyword,Text
"debt","債,肩代わり,借金,債務,負債,国債,倒れ,埋まる,公債,負う,取り立て,恩師,貸し,帳消し,借り,弁済,借入金,恩,義理,整理","債 debt
肩代わり taking another's debt
借金 debt
債務 debt
負債 debt
国債 national debt
倒れ bad debt
埋まる repaid(debt);repaid(debt)
公債 public debt
負う owe(debt gratitude);burdened(work,debt,)
取り立て collection(debt,rent,taxes,)
恩師 teacher(whom owes debt gratitude)
貸し debt
帳消し writing(debt)
借り debt
弁済 settlement(debt)
借入金 debt
恩 debt gratitude
義理 debt gratitude
整理 clearance(debt)",Guess Vocab related to Keyword,Text
"demand","民需,要する,外需,求める,乱暴,内需,督促,催促,請求,定番,要請,求刑,需要,注文,要求,売れ行き,需給,要望,身代金要求,飲む","民需 private demand
要する demand
外需 foreign demand
求める demand
乱暴 unreasonable(demand)
内需 domestic demand
督促 demand
催促 demand
請求 demand
定番 basic item(stable demand)
要請 demand
求刑 prosecution's demand punishment
需要 demand
注文 demand
要求 demand
売れ行き demand
需給 supply demand
要望 demand
身代金要求 ransom demand
飲む accept(demand,condition)",Guess Vocab related to Keyword,Text
"diet","偏る,院内,参議院,国会,参院,国会議事堂,議院,肉食,国会議員,食事,国対,片寄る,菜食,議会,衆議院,衆院,議員,解散,議事堂,議院運営委員会","偏る unbalanced(diet)
院内 inside Diet
参議院 House Councillors(upper house National Diet)
国会 Imperial Diet;National Diet
参院 House Councillors(upper house National Diet)
国会議事堂 National Diet Building
議院 diet
肉食 meat diet
国会議員 member Diet;Diet member
食事 diet
国対 Committee National Diet
片寄る unbalanced(diet)
菜食 vegetable diet
議会 diet
衆議院 House Representatives(lower house National Die
衆院 House Representatives(lower house National Diet
議員 member Diet
解散 dissolution(Diet,Parliament,)
議事堂 diet building
議院運営委員会 Committee Rules Administration(Diet)",Guess Vocab related to Keyword,Text
"household","家事,家主,主,主人公,家人,家庭,皇室,世帯,家財,盆,仏壇,亭主,家電,家計,宮内庁,主人,家,治める,家計簿,築く","家事 household matters
家主 head household
主 head(household,);head(household)
主人公 head(household)
家人 household member(incl. servants)
家庭 household
皇室 Imperial household
世帯 household
家財 household goods;household belongings
盆 household
仏壇 Buddhist(household)altar
亭主 household head
家電 household(electrical)appliances
家計 household economy
宮内庁 Imperial Household Agency
主人 head(household)
家 household;household
治める manage(household)
家計簿 household account book
築く establish(relationship,household,tradition,)",Guess Vocab related to Keyword,Text
"organisation","制,外郭団体,創立,教団,体系,暴力団,体制,前身,構成,協会,団体,弱体,組み立て,編成,制度,組織,機関,風通し,創設,首長","制 organisation
外郭団体 auxiliary organization(organisation)
創立 organisation
教団 religious organisation
体系 organisation
暴力団 gangster organization(organisation)
体制 organisation
前身 predecessor organisation
構成 organisation
協会 organisation
団体 organisation
弱体 weak(organization,organisation)
組み立て organisation
編成 organisation
制度 organisation
組織 organisation
機関 organisation
風通し communication(within organisation)
創設 organisation
首長 head(organization,organisation)",Guess Vocab related to Keyword,Text
"preparation","仕立て,茶,予習,備え,下調べ,仕掛け,準備,予備,伏線,控える,対策,支度,用意,構える,造成,仕込み,整備,手当,手当て,調理","仕立て preparation
茶 tea preparation
予習 preparation lesson
備え preparation
下調べ preparation(class)
仕掛け preparation
準備 preparation
予備 preparation
伏線 preparation
控える preparation
対策 preparation(test)
支度 preparation
用意 preparation
構える hold preparation(camera)
造成 preparation(ground housing)
仕込み preparation(ingredients)
整備 preparation
手当 advance preparation
手当て advance preparation
調理 food preparation",Guess Vocab related to Keyword,Text
"promotion","売り込み,昇進,主催,取り立て,促成,推進,出世,促進,昇格,格上げ,振興,定年,奨励,民政,登用,興業,起用,育成,累進,首唱","売り込み sales promotion
昇進 promotion
主催 promotion
取り立て exceptional promotion
促成 promotion growth
推進 promotion(policy,project,movement,)
出世 promotion
促進 promotion
昇格 promotion
格上げ promotion
振興 promotion
定年 minimum years service particular rank eligibili
奨励 promotion
民政 politics focused promotion public welfare
登用 promotion
興業 promotion industry
起用 promotion
育成 promotion
累進 successive promotion
首唱 promotion",Guess Vocab related to Keyword,Text
"punishment","受刑,制裁,刑,罪,罰則,処分,得る,体罰,死刑,懲罰,手錠,辛い,賞罰,処罰,求刑,罰,重い,刑罰,懲戒,戒め","受刑 punishment
制裁 punishment
刑 punishment
罪 punishment
罰則 punishment
処分 punishment
得る receive undesirable(punishment)
体罰 corporal punishment
死刑 capital punishment
懲罰 punishment
手錠 confinement chains(Edo-era judicial corporal pu
辛い severe(punishment)
賞罰 reward punishment
処罰 punishment
求刑 prosecution's demand punishment
罰 (divine)punishment;punishment
重い serious(punishment,illness,)
刑罰 (criminal)punishment
懲戒 punishment
戒め punishment",Guess Vocab related to Keyword,Text
"splendid","目覚ましい,巧い,旨い,壮大,素晴らしい,上手い,華やか,大層,見事,快挙,華々しい,素晴しい,鮮やか,輝かしい,豪華,結構,立派,華麗,美味い,豪快","目覚ましい splendid
巧い splendid
旨い splendid
壮大 splendid
素晴らしい splendid
上手い splendid
華やか splendid
大層 splendid
見事 splendid
快挙 splendid accomplishment
華々しい splendid
素晴しい splendid
鮮やか splendid
輝かしい splendid(achievement,success)
豪華 splendid
結構 splendid
立派 splendid
華麗 splendid
美味い splendid
豪快 splendid",Guess Vocab related to Keyword,Text
"substitute","代理,補欠,代える,代人,代わる,替わり,代役,代わり,替わる,取り替える,替える,代理人,代替,換える,替え玉,副,振る,移す,替え,身代わり","代理 substitute
補欠 substitute
代える substitute
代人 substitute
代わる substitute
替わり substitute
代役 substitute(actor)
代わり substitute
替わる substitute
取り替える substitute
替える substitute
代理人 substitute
代替 substitute
換える substitute
替え玉 substitute
副 substitute
振る substitute
移す substitute
替え substitute
身代わり substitute",Guess Vocab related to Keyword,Text
"theatre","出方,小屋,割り込み,劇場,悪,定員,伺う,文楽,舞台,本館,映画館,場内,戦域,寄席,追い込み,能,穴,板,演劇,番付","出方 theatre usher
小屋 small theatre(theater)
割り込み sharing theater box(theatre)
劇場 theatre
悪 (role)villain(theatre,)
定員 capacity(bus,boat,theatre,)
伺う speak(large crowd theatre,)
文楽 puppet theatre(theater)
舞台 stage(theatre,concert hall,)
本館 theatre
映画館 movie theatre
場内 theatre
戦域 theatre
寄席 vaudeville theater(theatre)
追い込み gallery(theatre)
能 noh(theatre)
穴 (partitioned)box(type floor seating traditional 
板 stage(i.e. theatre)
演劇 theatre
番付 program(theatre)",Guess Vocab related to Keyword,Text
"communication","通信衛星,データ通信,上達,無線,有線,ご連絡,開通,外信,疎通,交通,通報,意思疎通,連絡,通信,風通し,直通,伝送,伝達,対話","通信衛星 communication satellite
データ通信 data communication
上達 communication opinions general populace those r
無線 radio(communication)
有線 communication wire
ご連絡 communication
開通 going operation(telephone communication)
外信 external communication
疎通 communication
交通 communication
通報 message(information communication theory)
意思疎通 (reciprocal)communication
連絡 communication
通信 communication
風通し communication(within organisation)
直通 direct communication
伝送 communication
伝達 communication
対話 communication",Guess Vocab related to Keyword,Text
"composition","曲,合成,作文,振り付け,作品,成分,楽曲,文章,全曲,構図,作曲,組,文,新曲,出題,新作,組み,編成,構成","曲 composition
合成 composition;(function)composition
作文 composition
振り付け dance composition
作品 work(book,film,composition,)
成分 composition
楽曲 musical composition
文章 composition
全曲 entire composition
構図 composition(painting)
作曲 composition(music)
組 composition
文 composition
新曲 new(musical)composition
出題 setting theme(composition poetry)
新作 new composition
組み composition
編成 composition
構成 composition",Guess Vocab related to Keyword,Text
"establish","着ける,売る,構える,付ける,置く,創る,興す,立てる,起こす,始める,造る,作る,固める,開く,定める,設ける,為す,築き上げる,築く","着ける establish(relations understanding)
売る establish(reputation)
構える establish
付ける establish(relations understanding)
置く establish(organization,facility,position,)
創る establish
興す establish(company)
立てる establish
起こす establish
始める establish
造る establish
作る establish
固める establish(evidence)
開く establish
定める establish
設ける establish
為す establish
築き上げる establish(relationship,,)
築く establish(relationship,household,tradition,)",Guess Vocab related to Keyword,Text
"grave","地下,重い,お参り,墓参,重厚,危ない,厳粛,参る,墓参り,厳か,未来,大事,重大,墓,大変,眠る,深刻,青山,迷う","地下 grave
重い grave
お参り visit(shrine,grave,)
墓参 visit grave
重厚 grave
危ない grave
厳粛 grave
参る visit(shrine,grave)
墓参り visit grave
厳か grave
未来 world beyond grave
大事 matter grave concern
重大 grave
墓 grave
大変 grave
眠る sleep(grave)
深刻 grave
青山 grave
迷う turn grave",Guess Vocab related to Keyword,Text
"happen","出合う,事がある,めぐり合う,出会う,相次ぐ,仕舞う,在る,巡り会う,及ぶ,始まる,居合わせる,任せる,物,急ぐ,無い,有る,起きる,重なる,起こる","出合う happen
事がある happen occasion
めぐり合う happen across
出会う happen
相次ぐ happen another
仕舞う happen
在る happen
巡り会う happen across
及ぶ happen
始まる happen(again)
居合わせる happen present
任せる (happen)
物 indicate should happen
急ぐ happen sooner
無い won't happen
有る happen
起きる happen
重なる happen;happen simultaneously
起こる happen",Guess Vocab related to Keyword,Text
"history","履歴書,由緒,史,博物,生い立ち,日本史,履歴,前代未聞,身の上,職歴,経歴,史学,由来,史上,歩み,歴史,身上,縁起,現時点","履歴書 personal history
由緒 history
史 history
博物 natural history
生い立ち personal history
日本史 history
履歴 personal history;history
前代未聞 unparalleled history(unparallelled)
身の上 personal history
職歴 work history
経歴 personal history
史学 study history
由来 history
史上 history
歩み course(history,life,);history
歴史 history
身上 history
縁起 history
現時点 present point(i.e. history)",Guess Vocab related to Keyword,Text
"honest","直,実は,素直,克明,正直,地道,固い,明朗,直ぐ,清らか,堅い,忠実,真っ直ぐ,清い,潔い,正しい,苦言,硬い,誠実","直 honest
実は honest
素直 honest
克明 honest
正直 honest
地道 honest
固い honest
明朗 honest
直ぐ honest
清らか honest
堅い honest
忠実 honest
真っ直ぐ honest
清い honest
潔い honest
正しい honest
苦言 honest opinion;harsh honest advice
硬い honest
誠実 honest",Guess Vocab related to Keyword,Text
"motion","動かす,動き,働き,原案,動,可決,動議,不成立,動作,提言,映画,撮影,建議,発案,運動,躍動,身振り,運行,酔い","動かす set motion
動き motion
働き motion
原案 original motion
動 motion
可決 adoption(motion,bill,)
動議 motion(i.e. proposal committee,)
不成立 failure(bill,motion)
動作 motion
提言 motion
映画 motion picture
撮影 photography(still motion)
建議 motion
発案 motion
運動 motion
躍動 lively motion
身振り motion
運行 motion
酔い motion sickness",Guess Vocab related to Keyword,Text
"property","器物,文化財,有って無い,性質,所有権,延長,取得,物,物件,管財,持ち物,拾得,資産,遺品,移転,遺失物,落とし物,重要文化財,財産","器物 personal property
文化財 cultural property
有って無い lacking some desired property(size,usefulnes
性質 property
所有権 property rights
延長 extension(property occupying space)
取得 acquisition(land,property,)
物 property
物件 property
管財 administration property
持ち物 property
拾得 finding(lost property)
資産 property
遺品 lost property
移転 transfer(deeds,property,)
遺失物 lost property
落とし物 lost property
重要文化財 important cultural property
財産 property",Guess Vocab related to Keyword,Text
"proposal","提唱,動議,取り上げる,取る,建議,取上げる,持ち込む,採る,発言,申し入れ,提案,申込,提言,申し込み,案,申込み,申し出,発案,縁談","提唱 proposal
動議 motion(i.e. proposal committee,)
取り上げる adopt(proposal)
取る adopt(method,proposal,)
建議 proposal
取上げる adopt(proposal)
持ち込む approach(proposal,offer,problem,)
採る adopt(method,proposal,)
発言 proposal
申し入れ proposal
提案 proposal
申込 proposal
提言 proposal
申し込み proposal
案 proposal
申込み proposal
申し出 proposal
発案 proposal
縁談 marriage proposal",Guess Vocab related to Keyword,Text
"Restoration","復権,更生,回復,返還,帰属,再起,再生,維新,立ち直り,復活,修復,近代,復元,還付,若返り,還元,復旧,重複,復興","復権 restoration rights
更生 restoration
回復 restoration
返還 restoration
帰属 restoration
再起 restoration
再生 restoration life
維新 Meiji Restoration
立ち直り restoration
復活 restoration
修復 restoration
近代 early modern(,usu. Meiji Restoration until end 
復元 restoration(original state location)
還付 restoration
若返り restoration youth
還元 restoration
復旧 restoration
重複 restoration;restoration
復興 restoration",Guess Vocab related to Keyword,Text
"sympathy","共鳴,同調,労る,引く,人心,人情,同情,共感,見舞い,安価,思いやり,情,哀れむ,同感,情け,哀悼,涙,理解,誘う","共鳴 sympathy(view,idea,)
同調 sympathy
労る treat sympathy
引く draw(attention,sympathy,)
人心 sympathy
人情 sympathy
同情 sympathy
共感 sympathy
見舞い expression sympathy
安価 shallow(sympathy)
思いやり sympathy
情 sympathy
哀れむ feel sympathy
同感 sympathy
情け sympathy
哀悼 sympathy
涙 sympathy
理解 sympathy
誘う arouse(sympathy)",Guess Vocab related to Keyword,Text
"assignment","受け持ち,付与,仕事,割当て,割り,分担,移譲,登用,宿題,割り当て,選任,指定,配属,割,役,課題,塩梅,譲渡","受け持ち assignment
付与 assignment
仕事 assignment
割当て assignment
割り assignment
分担 assignment
移譲 assignment
登用 assignment
宿題 assignment
割り当て assignment
選任 assignment
指定 assignment
配属 assignment(somewhere)
割 assignment
役 assignment
課題 assignment
塩梅 assignment
譲渡 assignment",Guess Vocab related to Keyword,Text
"certificate","免許証,免許,株券,切手,目録,住民票,証,墨付き,券,商品券,賞状,証券,表彰状,手帳,証明書,折り紙,折紙,証書","免許証 certificate(qualification)
免許 certificate
株券 stock certificate
切手 merchandise certificate
目録 certificate indicating impending gift
住民票 certificate residence
証 certificate
墨付き certificate
券 certificate
商品券 gift certificate
賞状 honourable certificate;honorable certificate
証券 certificate
表彰状 certificate commendation
手帳 certificate
証明書 certificate
折り紙 certificate authenticity
折紙 certificate authenticity
証書 certificate",Guess Vocab related to Keyword,Text
"charm","味,お守り,趣,奪う,守り,愛嬌,札,味わい,潤い,引付ける,魅惑,引き付ける,艶,引きつける,魅了,風情,魅力,色気","味 charm
お守り charm
趣 charm
奪う charm
守り charm
愛嬌 charm
札 charm
味わい charm
潤い charm
引付ける charm
魅惑 charm
引き付ける charm
艶 charm
引きつける charm
魅了 charm
風情 charm
魅力 charm
色気 charm",Guess Vocab related to Keyword,Text
"dance","差す,指す,舞踊,乗る,停止,舞,決める,家元,振り,踊り,舞踏,振り付け,踊る,音頭,規定,演舞,盆踊り,舞う","差す extend arm straight ahead(dance)
指す extend arm straight ahead(dance)
舞踊 dance
乗る swing(sing,dance,)
停止 suspension music,dance,sign mourning prominent
舞 dance
決める carry successfully(move sports,pose dance,)
家元 head(music,dance)
振り move(dance)
踊り dance
舞踏 dance(Western style)
振り付け dance composition;dance coaching
踊る dance(orig. hopping dance)
音頭 folk song dance performed group
規定 compulsory dance(figure skating)
演舞 dance performance
盆踊り Lantern Festival dance;Bon Festival dance
舞う dance(orig. whirling dance)",Guess Vocab related to Keyword,Text
"employee","店員,嘱託,使用人,社員,主,新手,出向,会社員,派遣,穴,抱え,署員,地方公務員,福利厚生,従業員,駅員,職員,解雇","店員 employee(store)
嘱託 part-time employee
使用人 employee
社員 company employee
主 long-time resident(employee,)
新手 new employee
出向 temporary transfer(employee)
会社員 company employee
派遣 temporary employee(agency)
穴 gap(left missing employee,team member,)
抱え employee
署員 station employee
地方公務員 local government employee
福利厚生 employee welfare;employee benefits
従業員 employee
駅員 station employee
職員 employee
解雇 dismissal(employee)",Guess Vocab related to Keyword,Text
"fact","事前,現実,実際,本当,事実,事実上,事実無根,無実,敬遠,事後,留める,内実,史実,実は,所が,実際は,既成事実,発掘","事前 fact
現実 hard fact
実際 fact
本当 fact
事実 fact
事実上 matter fact
事実無根 entirely contrary fact
無実 absence fact
敬遠 pretending respectwhile fact staying distant
事後 fact
留める record(fact)
内実 fact
史実 historical fact
実は matter fact
所が matter fact
実際は matter fact;fact
既成事実 established fact
発掘 discovery(new fact,talent,)",Guess Vocab related to Keyword,Text
"image","投射,偶像,人間像,仏,実像,壊れる,取り込み,仏像,絵,像,型,姿,画像,取り込む,映像,影,石神,画面","投射 projection(image)
偶像 image
人間像 image(ideal)
仏 Buddhist image
実像 real-life image;real image
壊れる ruined(atmosphere,image,)
取り込み capturing(image)
仏像 Buddhist image;image Buddha
絵 image(TV,film,)
像 image
型 inches(sizes displays,disks,image sensors,)
姿 image
画像 image
取り込む capture(image)
映像 image(screen);image(mind)
影 image
石神 image god stone
画面 image(screen)",Guess Vocab related to Keyword,Text
"inquiry","吟味,下調べ,捜査,探査,探究,暑中見舞い,取調べ,取り調べ,問い合わせ,見舞い,諮問,追究,引き合い,照会,暑中見舞,考察,調査,質問","吟味 inquiry guilt;inquiry
下調べ preliminary inquiry
捜査 inquiry
探査 inquiry
探究 inquiry
暑中見舞い inquiry health hot season
取調べ inquiry
取り調べ inquiry
問い合わせ inquiry
見舞い inquiry
諮問 inquiry
追究 close inquiry(enquiry)
引き合い inquiry(product,business deal,)
照会 inquiry
暑中見舞 inquiry health hot season
考察 inquiry
調査 inquiry
質問 inquiry",Guess Vocab related to Keyword,Text
"personnel","人選,人員,投入,人事院,定員,人事異動,人事,人件費,更迭,辞令,人材,顔触れ,顔ぶれ,軍人,兵員,異動,職員,要員","人選 personnel selection
人員 personnel
投入 commitment(funds,personnel,)
人事院 National Personnel Authority
定員 prescribed number(regular personnel,students,)
人事異動 personnel change;personnel shift
人事 personnel affairs
人件費 personnel expenses
更迭 change(personnel)
辞令 notice personnel change(appointment,dismissal,)
人材 personnel
顔触れ personnel
顔ぶれ personnel
軍人 military personnel
兵員 military personnel
異動 (personnel)change
職員 personnel
要員 (necessary)personnel",Guess Vocab related to Keyword,Text
"reference","参照,保証人,基準,検索,引用,備考,引き合い,参考書,引っ張る,和式,文献,目安,言及,参考,規準,次元,図鑑,照会","参照 reference(dictionary,passage,footnotes)
保証人 reference
基準 reference
検索 reference
引用 reference
備考 note(reference)
引き合い reference
参考書 reference book
引っ張る reference
和式 Japanese-style(reference squat toilets)
文献 books(reference)
目安 reference
言及 reference
参考 reference
規準 reference
次元 point reference
図鑑 illustrated reference book
照会 reference",Guess Vocab related to Keyword,Text
"structure","構成,規模,仕組み,機構,作り,建造物,体制,高架,特別区,陣容,構造,建築物,結構,組織,要素,構造物,造り,骨格","構成 structure
規模 structure
仕組み structure
機構 structure
作り structure
建造物 structure
体制 structure
高架 elevated(structure)
特別区 special district(nation federal structure)
陣容 team structure
構造 structure
建築物 structure
結構 structure
組織 structure
要素 member(data structure)
構造物 structure
造り structure
骨格 skeletal structure",Guess Vocab related to Keyword,Text
"technique","封じ手,手法,作,手口,取り口,技巧,盗む,技,技法,技術,術,芸,受け,方法,科学技術,鳴門,手,締め","封じ手 forbidden technique
手法 technique
作 technique
手口 criminal technique
取り口 technique
技巧 technique
盗む steal(technique,idea,)
技 technique
技法 technique
技術 technique
術 technique
芸 technique
受け receiver technique(martial arts)
方法 technique
科学技術 scientific technique
鳴門 cooking technique where ingredients are cut spi
手 technique
締め choking technique(judo)",Guess Vocab related to Keyword,Text
"acquaintance","顔見知り,始めまして,交友,初めまして,案内,ご存じ,お馴染み,知人,顔なじみ,知り合い,故人,近づき,知り合う,交際,知合い,知合う,面識","顔見知り acquaintance
始めまして I'm glad your acquaintance
交友 acquaintance
初めまして I'm glad your acquaintance
案内 acquaintance
ご存じ acquaintance
お馴染み old acquaintance
知人 acquaintance
顔なじみ acquaintance
知り合い acquaintance
故人 longtime acquaintance
近づき making acquaintance;acquaintance
知り合う acquaintance
交際 acquaintance
知合い acquaintance
知合う acquaintance
面識 acquaintance",Guess Vocab related to Keyword,Text
"aircraft","空母,右翼,撃墜,搭乗,左翼,機種,墜落,運航,発,戦闘機,機長,飛行機,胴体,搭載,航空機,軍機,軽","空母 aircraft carrier
右翼 right wing(bird aircraft)
撃墜 shooting(aircraft)
搭乗 boarding(ship aircraft)
左翼 left wing(bird aircraft)
機種 model aircraft;type aircraft
墜落 crash(aircraft)
運航 operation(ship aircraft route)
発 counter engines(aircraft)
戦闘機 fighter(aircraft)
機長 captain(aircraft)
飛行機 aircraft
胴体 fuselage(aircraft)
搭載 equipping(aircraft,car,)
航空機 aircraft
軍機 military aircraft
軽 light(aircraft,truck)",Guess Vocab related to Keyword,Text
"associate","助教授,交ざる,近づける,仲間,付き合う,側近,同僚,交じる,近寄せる,交わる,近付ける,客員,次席,副,混ざる,混じる,添う","助教授 associate professor
交ざる associate
近づける associate
仲間 associate
付き合う associate
側近 close associate
同僚 associate
交じる associate
近寄せる associate
交わる associate
近付ける associate
客員 associate member
次席 associate
副 associate
混ざる associate
混じる associate
添う associate",Guess Vocab related to Keyword,Text
"characteristic","個性,特有,特性,引く,個性的,国民性,持ち前,固有,指数,特質,独特,持ち味,独自,本領,特徴,特色,風物詩","個性 individual characteristic
特有 characteristic
特性 special characteristic
引く inherit(characteristic)
個性的 characteristic
国民性 national characteristic
持ち前 characteristic
固有 characteristic
指数 characteristic
特質 characteristic
独特 characteristic
持ち味 distinctive characteristic(,work,)
独自 characteristic
本領 characteristic quality
特徴 characteristic
特色 characteristic
風物詩 characteristic particular season",Guess Vocab related to Keyword,Text
"compensation","代弁,代わり,労災,手当,代償,対価,穴埋め,手当て,弁償,有償,損害賠償,替わり,補正,見返り,無償,賠償,補償","代弁 compensation proxy
代わり compensation
労災 workers' compensation insurance
手当 compensation
代償 compensation;paying compensation behalf
対価 compensation
穴埋め compensation
手当て compensation
弁償 compensation
有償 (involving)compensation
損害賠償 compensation
替わり compensation
補正 compensation(pendulum)
見返り compensation
無償 compensation
賠償 compensation
補償 compensation",Guess Vocab related to Keyword,Text
"consent","了承,満場一致,承知,了解,承諾,同意,収まる,合意,断り,納得,承認,申し合わせ,有無,納まる,赴く,許す,許諾","了承 consent
満場一致 unanimous consent
承知 consent
了解 consent
承諾 consent
同意 consent
収まる consent
合意 consent
断り consent
納得 consent
承認 consent
申し合わせ common consent
有無 consent refusal
納まる consent
赴く consent
許す consent
許諾 consent",Guess Vocab related to Keyword,Text
"delay","停滞,引き延ばす,いち早く,延滞,引き伸す,直ちに,早速,遅らす,引っ張る,引き伸ばす,引き延す,速攻,折り返し,至急,渋滞,遅れ,遅延","停滞 delay
引き延ばす delay(end meeting)
いち早く delay
延滞 delay(payment)
引き伸す delay(end meeting)
直ちに delay
早速 delay
遅らす delay
引っ張る delay
引き伸ばす delay(end meeting)
引き延す delay(end meeting)
速攻 delay
折り返し (call write)delay
至急 delay
渋滞 delay
遅れ delay
遅延 delay",Guess Vocab related to Keyword,Text
"discount","割り,特別価格,値引き,割引債,学割,切る,割,公定歩合,割る,負け,割引,格安航空券,勉強,負ける,学割り,割り引く,回数券","割り discount
特別価格 discount price
値引き discount
割引債 discount bond
学割 student discount
切る discount
割 discount
公定歩合 official discount(bank)rate
割る discount
負け discount
割引 discount
格安航空券 discount airline ticket
勉強 discount
負ける give discount
学割り student discount
割り引く discount
回数券 discount tickets",Guess Vocab related to Keyword,Text
"extend","差し伸べる,伸ばす,延ばす,広がる,連なる,申し上げる,伸びる,及ぼす,延びる,及ぶ,回る,広める,渡る,差す,広げる,指す,走る","差し伸べる extend(hands)
伸ばす extend
延ばす extend
広がる extend
連なる extend
申し上げる extend(greetings,congratulations,)
伸びる extend
及ぼす extend
延びる extend
及ぶ extend
回る extend(
広める extend
渡る extend
差す extend arm straight ahead(dance)
広げる extend
指す extend arm straight ahead(dance)
走る extend(mountain range)",Guess Vocab related to Keyword,Text
"frame","期限,原画,企む,心構え,鉄骨,体,筐体,枠,胴,枠組み,骨,車体,収まる,物干し,額,納まる,骨格","期限 frame
原画 key frame
企む frame
心構え frame mind
鉄骨 steel frame
体 frame
筐体 frame
枠 frame
胴 frame(drum,)
枠組み frame
骨 frame
車体 frame
収まる fit(box,frame,category,)
物干し frame drying clothes
額 (picture)frame
納まる fit(box,frame,category,)
骨格 frame",Guess Vocab related to Keyword,Text
"grace","品,救済,優美,恵み,品格,雅致,お蔭様で,利益,救い,趣,品位,潤い,お陰様で,飾る,恩恵,祈る,取り柄","品 grace
救済 (Christian)grace
優美 grace
恵み grace
品格 grace
雅致 grace
お蔭様で God's grace
利益 grace(God,Buddha,,attained through rightful act
救い saving grace;(Christian)grace
趣 grace
品位 grace
潤い grace
お陰様で God's grace
飾る grace(cover)
恩恵 grace
祈る say grace
取り柄 saving grace",Guess Vocab related to Keyword,Text
"individual","個,個人的,個性,単行本,個人差,単一,個々,個々人,個性的,個別,参入,銘々,個体,個人,書家,各自,理","個 individual
個人的 individual
個性 individual characteristic
単行本 individual volume manga series
個人差 individual differences
単一 individual
個々 individual
個々人 each individual
個性的 individual
個別 individual
参入 visiting high-class noble individual
銘々 individual
個体 individual
個人 individual
書家 individual good penmanship
各自 individual
理 general principle(opposed individual concrete ph",Guess Vocab related to Keyword,Text
"institution","公設,制度,学校法人,学園,入門,機関,受け皿,存廃,施設,短大,短期大学,棋院,公立,銀行,設置,財団,院長","公設 public(institution)
制度 institution
学校法人 (legally)incorporated educational institution
学園 educational institution
入門 entering institution
機関 institution
受け皿 (group,institution,)take position matter
存廃 maintenance abolition(,institution,)
施設 institution
短大 vocationally oriented two three year post-secon
短期大学 vocationally oriented two three year post-sec
棋院 institution
公立 public(institution)
銀行 banking institution
設置 institution
財団 foundation(institution)
院長 director(hospital,institution,academy,)",Guess Vocab related to Keyword,Text
"manage","使う,たどり着く,動かす,司る,手がける,操る,取り締まる,治める,扱う,辿り着く,取り扱う,間に合わせる,拾う,熟す,間に合う,都合,束ねる","使う manage
たどり着く (manage)
動かす manage(funds)
司る manage
手がける manage
操る manage
取り締まる manage
治める manage(household)
扱う manage
辿り着く (manage)
取り扱う manage
間に合わせる manage
拾う (just manage)return(ball)
熟す manage
間に合う manage
都合 manage
束ねる manage",Guess Vocab related to Keyword,Text
"opponent","敵,寄る,勝ち越す,相手,対戦,圧倒,打ち込む,制御,沈める,押し出し,攻略,突っ張る,逆手,政敵,送り出し,相手取る,相手方","敵 opponent
寄る push opponent while holding belt
勝ち越す lead opponent(two games)
相手 opponent(sports,)
対戦 taking(opponent)
圧倒 overwhelm(opponent)
打ち込む hit(opponent kendo,boxing,)
制御 control(opponent,emotions,)
沈める floor(opponent)
押し出し pushing opponent pressing hands against
攻略 defeating(opponent)
突っ張る thrust(opponent)
逆手 turning tables(opponent)
政敵 political opponent
送り出し pushing(propelling)(opponent)ring behind
相手取る take opponent(negotiations,contest,)
相手方 opponent",Guess Vocab related to Keyword,Text
"pace","気分転換,急ピッチ,足元,牛歩,平行,歩み,並行,歩調,足,足並み,緩急,足取り,歩き回る,脚,速度,足下,運び","気分転換 change pace
急ピッチ quick pace
足元 pace
牛歩 snail's pace
平行 keeping pace
歩み pace
並行 keeping pace
歩調 pace
足 pace
足並み pace
緩急 pace
足取り pace
歩き回る pace around
脚 pace
速度 pace
足下 pace
運び pace",Guess Vocab related to Keyword,Text
"possession","保有,共同,占領,有,占拠,獲得,手に入る,協同,手,取得,宝物,領土,所持,領有,帰属,引き取る,所蔵","保有 possession
共同 common possession
占領 possession
有 possession
占拠 exclusive possession
獲得 possession
手に入る come possession
協同 common possession
手 possession
取得 gaining possession
宝物 prized possession;prized possession
領土 possession
所持 possession
領有 possession(territory)
帰属 possession
引き取る take possession
所蔵 possession",Guess Vocab related to Keyword,Text
"principle","線,原理,主義者,旨,主義,指針,掲げる,原則,理,法,方針,理念,曲げる,策,本位,第一義,要綱","線 principle
原理 principle
主義者 advocate(theory principle)
旨 principle
主義 principle
指針 guiding principle
掲げる tout(principle,plan,)
原則 principle
理 general principle(opposed individual concrete ph
法 principle
方針 principle
理念 foundational principle
曲げる depart(principle)
策 fifth principle Eight Principles Yong
本位 principle
第一義 first principle
要綱 main principle",Guess Vocab related to Keyword,Text
"range","圏内,台,幅,渡る,連峰,山脈,広範囲,射程,年齢層,山系,短距離,範囲,系,走る,距離,間口,領域","圏内 within range
台 range
幅 range(voice)
渡る range
連峰 mountain range
山脈 mountain range
広範囲 vast range
射程 range(rifle,missile,)
年齢層 age range
山系 mountain range
短距離 short range
範囲 range
系 (range strata correspond particular)
走る extend(mountain range)
距離 range
間口 range
領域 range",Guess Vocab related to Keyword,Text
"release","解放,放す,開示,公開,釈放,稼働,放つ,解く,出所,解除,放出,許す,放流,逃がす,新発売,次期,発売","解放 release
放す release
開示 release(information)
公開 release(film,information,)
釈放 release
稼働 release
放つ release
解く release(duty)
出所 release prison
解除 release(obligations)
放出 release
許す release
放流 release(young fish river,pond,)
逃がす release
新発売 new release
次期 next release
発売 release(sale)",Guess Vocab related to Keyword,Text
"rich","成金,大家,持てる,富む,豊か,宝庫,種類豊富,富者,金持ち,財閥,貧富,恵まれる,濃厚,潤う,裕福,肥える,豊富","成金 new rich
大家 rich family
持てる rich
富む rich
豊か rich
宝庫 rich source
種類豊富 rich variety
富者 rich
金持ち rich
財閥 rich
貧富 rich poor
恵まれる rich
濃厚 rich(flavor,color,)
潤う made rich
裕福 rich
肥える become rich
豊富 rich",Guess Vocab related to Keyword,Text
"search","捜索,手分け,手配,捜査,検索,尋ねる,探し回る,探す,求める,捜す,探る,流す,調べる,探求,検索条件,追求,漁る","捜索 search(missing);legally authorized search,build
手分け splitting groups(search)
手配 search(police)
捜査 search(criminal investigations)
検索 search(Internet)
尋ねる search
探し回る search
探す search through;search(house,pocket,);search
求める search
捜す search through;search;search(house,pocket,)
探る search
流す stroll around(search customers,audience,)
調べる search
探求 search
検索条件 search criteria
追求 search
漁る search",Guess Vocab related to Keyword,Text
"slow","緩める,暇,緩い,牛歩,緩やか,渋る,低調,温い,緩急,蛍光灯,遅らす,遅い,静か,重い,遅れる,遅々,鈍い","緩める slow
暇 (business)slow
緩い slow
牛歩 slow progress
緩やか slow(speed)
渋る slow
低調 slow
温い slow
緩急 fast slow
蛍光灯 slow uptake;slow react
遅らす slow
遅い slow
静か slow
重い slow
遅れる slow(clock watch)
遅々 slow
鈍い slow;slow",Guess Vocab related to Keyword,Text
"sorry","生憎,失礼しました,お待たせしました,ご免ください,済まない,お手数ですが,御免,悪い,惜しむ,悪しからず,済みません,反省,申し訳ありません,ご免,恐縮,済む,申し訳ない","生憎 sorry,
失礼しました I'm sorry
お待たせしました sorry kept waiting
ご免ください I'm sorry
済まない (I'm)sorry;sorry
お手数ですが sorry bother,
御免 I'm sorry
悪い sorry
惜しむ feel sorry
悪しからず I'm sorry
済みません I'm sorry
反省 sorry
申し訳ありません I'm sorry
ご免 I'm sorry
恐縮 feeling sorry(troubling)
済む sorry
申し訳ない I'm sorry",Guess Vocab related to Keyword,Text
"tendency","潮流,易い,向き,傾向,嫌い,気味,大勢,上向き,癖,物,性向,流れ,機運,体質,風潮,動向,風","潮流 tendency
易い tendency
向き tendency
傾向 tendency
嫌い tendency
気味 tendency
大勢 general tendency
上向き upward tendency
癖 tendency
物 indicate general tendency
性向 tendency
流れ tendency
機運 tendency
体質 tendency
風潮 tendency
動向 tendency
風 tendency",Guess Vocab related to Keyword,Text
"welfare","厚生年金,労働省,公安,厚生,社会事業,幸福,厚相,民政,安否,民生,老人福祉,厚生省,社会福祉,為,福祉,生保,福利厚生","厚生年金 welfare pension
労働省 Ministry Labour(now Ministry Health,Labour Wel
公安 public welfare
厚生 social welfare;welfare;(former)Ministry Health 
社会事業 social welfare service
幸福 welfare
厚相 Welfare Minister
民政 politics focused promotion public welfare
安否 welfare
民生 public welfare
老人福祉 welfare aged
厚生省 (former)Ministry Health Welfare
社会福祉 social welfare
為 welfare
福祉 social welfare;welfare
生保 welfare
福利厚生 employee welfare",Guess Vocab related to Keyword,Text
"cancellation","運休,取消し,解除,休講,中止,廃棄,破棄,消印,取り消し,打ち切り,手数料,帳消し,解消,抹消,解約,流れ","運休 cancellation
取消し cancellation
解除 cancellation(warning,alert,);cancellation
休講 cancellation(lecture,class,)
中止 cancellation(planned event)
廃棄 cancellation
破棄 cancellation
消印 (postal)cancellation mark
取り消し cancellation
打ち切り cancellation
手数料 charge(cancellation)
帳消し cancellation
解消 cancellation
抹消 cancellation
解約 cancellation contract
流れ cancellation",Guess Vocab related to Keyword,Text
"convention","伝統,慣例,約束,決まる,年会,型,会議,大会,通例,慣習,集会,習慣,定番,規約,脱皮,条約","伝統 convention
慣例 convention
約束 convention
決まる convention
年会 annual convention
型 convention
会議 convention
大会 convention
通例 convention
慣習 convention
集会 convention
習慣 convention
定番 convention
規約 convention
脱皮 breaking(convention,)
条約 convention",Guess Vocab related to Keyword,Text
"design","文様,巧み,内装,企てる,考え,趣向,設計,企み,工夫,柄,旗印,図柄,装丁,様,意図,模様","文様 design
巧み design
内装 interior design
企てる design
考え design
趣向 design
設計 design
企み design
工夫 design
柄 design
旗印 design(banner)
図柄 design
装丁 design(book cover)
様 design
意図 design
模様 design",Guess Vocab related to Keyword,Text
"destruction","戦火,隠滅,破壊,全滅,損壊,歩む,取り壊し,壊滅,荒廃,滅亡,破棄,大量,炎上,退治,撲滅,破滅","戦火 wartime destruction
隠滅 destruction(evidence)
破壊 destruction
全滅 total destruction;complete destruction
損壊 destruction
歩む set(path destruction,ruin,)
取り壊し destruction
壊滅 (complete)destruction
荒廃 destruction
滅亡 destruction
破棄 destruction
大量 mass(mass production,mass transit,mass destruct
炎上 destruction fire(large building)
退治 destruction
撲滅 destruction
破滅 destruction",Guess Vocab related to Keyword,Text
"enquiry","取調べ,調査,照会,吟味,諮問,捜査,取り調べ,問い合わせ,質問,探究,聴取,探査,引き合い,追究,考察,見舞い","取調べ enquiry
調査 enquiry
照会 enquiry
吟味 enquiry
諮問 enquiry
捜査 enquiry
取り調べ enquiry
問い合わせ enquiry
質問 enquiry
探究 enquiry
聴取 enquiry
探査 enquiry
引き合い enquiry
追究 close inquiry(enquiry)
考察 enquiry
見舞い enquiry",Guess Vocab related to Keyword,Text
"evil","毒,善悪,根,害,白黒,悪魔,邪,弊害,悪い,悪,悪事,悪意,悪気,魔,駆除,黒い","毒 evil influence
善悪 good evil
根 root(evil,)
害 evil influence
白黒 good evil
悪魔 evil spirits forces hinder path enlightenment
邪 evil
弊害 evil practice
悪い evil
悪 evil
悪事 evil deed
悪意 evil intention
悪気 evil intent
魔 evil spirit;evil influence
駆除 stamping(social evil)
黒い evil",Guess Vocab related to Keyword,Text
"literary","名著,文体,随筆,小品,壇,不作,張り,連作,文科,文語,文,節,文壇,学力,文学者,編","名著 masterpiece(literary work)
文体 literary style
随筆 literary jottings
小品 literary sketch
壇 (literary)circles
不作 low quality(literary works)
張り style(literary,artistic,works)
連作 collaborative literary work
文科 literary course
文語 literary language
文 literary arts(opposed military arts)
節 section(literary work piece music)
文壇 literary world;literary circles
学力 literary ability
文学者 literary
編 completed literary work",Guess Vocab related to Keyword,Text
"resignation","覚悟,辞職,思いっきり,観念,辞表,服従,総辞職,放棄,退職,辞任,思い切り,退任,辞書,退陣,退社,降板","覚悟 resignation
辞職 resignation
思いっきり resignation
観念 resignation(fate)
辞表 letter resignation
服従 resignation
総辞職 mass resignation
放棄 resignation
退職 resignation
辞任 resignation(position)
思い切り resignation
退任 resignation
辞書 letter resignation
退陣 resignation
退社 resignation
降板 resignation",Guess Vocab related to Keyword,Text
"resolution","思いっきり,党議,初心,分解,思い切り,断,決議,固める,志,覚悟,決心,解消,決意,解決,還元,議決","思いっきり resolution
党議 party resolution
初心 initial resolution
分解 resolution
思い切り resolution
断 resolution
決議 resolution
固める strengthen(belief,resolution,)
志 resolution
覚悟 resolution
決心 resolution
解消 resolution
決意 resolution
解決 resolution
還元 resolution
議決 resolution",Guess Vocab related to Keyword,Text
"roll","丸め込む,巻,丸める,横転,名簿,端末,巻く,丸まる,札束,掲げる,寝返る,匹,転がる,転がす,巻き込む,転ぶ","丸め込む roll put
巻 roll(cloth)
丸める roll
横転 barrel roll
名簿 roll
端末 end(roll film)
巻く roll
丸まる roll ball
札束 roll banknotes
掲げる roll
寝返る roll(bed)
匹 roll cloth
転がる roll
転がす roll
巻き込む roll
転ぶ roll",Guess Vocab related to Keyword,Text
"solution","答,濃縮,割り切る,不能,求める,歩む,正解,握る,模索,答え,溶液,対症療法,解決方法,解決,解決策,解答","答 solution
濃縮 concentration(solution)
割り切る find clear solution
不能 solution(equation)
求める find(solution)
歩む advance towards(solution)
正解 right solution
握る (solution)
模索 searching(answer,solution,)
答え solution
溶液 solution(liquid)
対症療法 makeshift solution
解決方法 solution
解決 solution
解決策 solution;solution strategy
解答 solution",Guess Vocab related to Keyword,Text
"transport","乗務員,交通機関,乗物,輸送,市営,移送,組織,乗り物,空輸,航空便,交通網,運ぶ,運輸省,運送,運搬,鉄道","乗務員 transport staff(driver,conductor,)
交通機関 transport
乗物 transport
輸送 transport
市営 (under)municipal management(transport,housing,)
移送 transport
組織 (railroad,transport,party,)
乗り物 transport
空輸 air transport
航空便 air transport(goods)
交通網 transport network
運ぶ transport
運輸省 Ministry Transport
運送 transport
運搬 transport
鉄道 rail transport",Guess Vocab related to Keyword,Text
"trial","予選,試算,関門,審理,公判,試し,試験,司法裁判,裁判,試行,苦難,試み,治験,試練,試行錯誤,試作","予選 trial
試算 trial calculation
関門 trial
審理 trial
公判 trial
試し trial
試験 trial
司法裁判 judicial trial
裁判 trial
試行 trial run
苦難 trial
試み trial
治験 clinical trial
試練 trial
試行錯誤 trial error
試作 trial manufacture",Guess Vocab related to Keyword,Text
"affection","情け,好意,愛称,印,親しみ,思い,薄い,愛想,愛,愛情,未練,悲しみ,親愛,愛着,情","情け affection
好意 affection
愛称 indicate affection,intimacy,informality,
印 token(gratitude,affection,)
親しみ affection
思い affection
薄い little(affection,)much(presence)
愛想 affection;affection
愛 affection
愛情 affection
未練 lingering affection
悲しみ affection
親愛 deep affection
愛着 affection
情 affection",Guess Vocab related to Keyword,Text
"beauty","抜群,哀れむ,持ち主,色,歌う,引出す,引き出す,花盛り,美人,美容院,探る,美意識,美容,美,花","抜群 surpassing(beauty)
哀れむ enjoy beauty
持ち主 possessor(talent,beauty,)
色 beauty
歌う sing(love,beauty,)poem
引出す bring(talent,potential,beauty,flavour,)
引き出す bring(talent,potential,beauty,flavour,)
花盛り age which(woman)peak beauty
美人 beauty
美容院 beauty parlour;beauty parlor;beauty salon
探る enjoy(natural beauty)
美意識 sense beauty
美容 beauty culture;beauty treatment;beauty
美 beauty
花 beauty",Guess Vocab related to Keyword,Text
"clean","浄水,落とす,清い,割り切る,呼び出し,明朗,明るい,清潔,清らか,清書,清浄,白紙,掃く,綺麗,潔い","浄水 clean water
落とす clean(dirt,makeup,paint,)
清い clean
割り切る come clean decision
呼び出し box-shaped area containing clean water rinsin
明朗 clean
明るい clean
清潔 clean
清らか clean
清書 clean copy
清浄 clean
白紙 clean slate
掃く clean
綺麗 clean;clean
潔い clean",Guess Vocab related to Keyword,Text
"community","農村,地域社会,僧,街づくり,経済界,共同体,社会,公民館,群集,市中,集落,箱,共同,協同,雑居","農村 agricultural community
地域社会 regional community
僧 sangha(Buddhist community)
街づくり community development;creating community
経済界 business community
共同体 community
社会 community
公民館 community center;community centre
群集 community
市中 community
集落 community
箱 community building
共同 community
協同 community
雑居 community",Guess Vocab related to Keyword,Text
"cultivation","琢磨,教養,作,栽培,減反,教育,耕作,育成,養成,稲作,培養,農耕,連作,開拓,養殖","琢磨 cultivation
教養 cultivation
作 cultivation
栽培 cultivation
減反 reduction acreage(under cultivation)
教育 cultivation
耕作 cultivation
育成 cultivation
養成 cultivation
稲作 rice cultivation
培養 cultivation;cultivation(plants);cultivation(ski
農耕 cultivation
連作 repeated cultivation
開拓 cultivation
養殖 cultivation",Guess Vocab related to Keyword,Text
"domestic","国内旅行,内乱,家畜,国内,内外,内需,内政,内務,市場,奉公,鶏,国産,家事,家庭内,猫","国内旅行 domestic travel
内乱 domestic conflict
家畜 domestic animals
国内 domestic
内外 domestic foreign
内需 domestic demand
内政 domestic affairs
内務 internal domestic affairs
市場 market(financial,stock,domestic,)
奉公 live-in domestic service
鶏 domestic chicken
国産 domestic
家事 domestic chores
家庭内 domestic
猫 cat(domestic cat,Felis catus)",Guess Vocab related to Keyword,Text
"economic","体力,冷え込む,経企庁,不景気,会計,特別区,経済界,硬派,経済成長率,経済封鎖,経済企画庁,景気,谷間,財政難,経済的","体力 strength organization(profitability,productivit
冷え込む worsen(relations,economic conditions,)
経企庁 Economic Planning Agency(defunct 2001)
不景気 economic slump
会計 economic condition
特別区 special economic zone(China)
経済界 economic world
硬派 reporter covers political economic affairs
経済成長率 rate economic growth
経済封鎖 economic blockade
経済企画庁 Economic Planning Agency(defunct 2001)
景気 economic activity;economic climate;good(economi
谷間 (economic)trough
財政難 economic difficulties
経済的 economic",Guess Vocab related to Keyword,Text
"entertainment","接待,ご馳走,交際費,愛嬌,興行,木戸,休場,振る舞い,風俗,娯楽,寄席,演芸,愛想,興,芸能","接待 entertainment(guests
ご馳走 entertainment
交際費 entertainment expenses
愛嬌 entertainment
興行 entertainment industry
木戸 entrance entertainment venue(i.e. sumo arena,)
休場 (temporary)closure(theater,entertainment venue,
振る舞い entertainment
風俗 sex-oriented entertainment
娯楽 entertainment
寄席 entertainment hall(rakugo,manzai,magic,music,)
演芸 entertainment
愛想 entertainment;entertainment
興 entertainment
芸能 public entertainment",Guess Vocab related to Keyword,Text
"feature","二本立て,強調,機能,取上げる,特質,共通点,目玉,特色,看板,取り上げる,特徴,取り柄,特集,横手,風物詩","二本立て double feature(movie)
強調 accentuating(feature certain part)
機能 feature
取上げる feature
特質 feature
共通点 common feature
目玉 special feature
特色 feature
看板 feature
取り上げる feature
特徴 feature
取り柄 redeeming feature
特集 feature(newspaper)
横手 feature sword blade
風物詩 feature season",Guess Vocab related to Keyword,Text
"fee","会費,月謝,授業料,使用料,礼金,有償,代金,会計,入館料,買い取り,請ける,受ける,手数料,料,料金","会費 membership fee
月謝 monthly tuition fee
授業料 course fee;tuition fee
使用料 use fee
礼金 fee;fee paid rental rights
有償 paying fee
代金 fee
会計 settlement(bill,fee,),payment
入館料 admission fee
買い取り flat fee
請ける obtain(pawned item,)paying fee
受ける obtain(pawned item,)paying fee
手数料 (handling)fee
料 fee
料金 fee",Guess Vocab related to Keyword,Text
"gratitude","恩師,お礼,志,会釈,印,有難い,有り難い,恩,感謝,謝意,礼,粗品,負う,気持ち,義理","恩師 teacher(whom owes debt gratitude)
お礼 gratitude
志 gift(token gratitude)
会釈 slight bow(greeting sign gratitude)
印 token(gratitude,affection,)
有難い evoking gratitude
有り難い evoking gratitude
恩 debt gratitude
感謝 gratitude
謝意 gratitude
礼 gratitude
粗品 gift given companies customers token gratitude
負う owe(debt gratitude)
気持ち gratitude
義理 debt gratitude",Guess Vocab related to Keyword,Text
"incident","事件,出来事,事,大事,惨事,事変,変,大変,事故,取材,大事件,背景,無事,変わり,飛び火","事件 incident
出来事 incident
事 incident
大事 major incident
惨事 tragic incident
事変 incident
変 incident
大変 major incident
事故 incident
取材 covering(event,incident,)
大事件 major incident
背景 background(incident,situation,)
無事 incident
変わり incident
飛び火 effects incident spreading those seemingly uni",Guess Vocab related to Keyword,Text
"magazine","投書,創刊,定期購読,倉,自炊,付録,発行,週刊誌,購読,表紙,投稿,雑誌,誌,蔵,部","投書 contribution(newspaper,magazine,)
創刊 foundation(newspaper,magazine,)
定期購読 subscription(magazine)
倉 magazine
自炊 scanning book magazine create ebook
付録 extra(newspaper magazine)
発行 publication(newspaper,magazine,book,)
週刊誌 weekly magazine
購読 buying reading(book,magazine,)
表紙 cover(book,magazine,);appear cover magazine
投稿 contribution(newspaper,magazine,)
雑誌 magazine
誌 magazine
蔵 magazine
部 counter copies newspaper,magazine,book,",Guess Vocab related to Keyword,Text
"musical","丸,伴奏,楽器,操る,拍子,新曲,緒,乗せる,演目,名曲,楽曲,曲目,舌,指揮者,演奏","丸 suffix names swords,armour,musical instruments,
伴奏 (musical)accompaniment
楽器 musical instrument
操る play proficiently(musical instrument)
拍子 (musical)
新曲 new(musical)composition
緒 string(musical instrument,bow,)
乗せる (sing)along(musical accompaniment)
演目 program(musical,concert,theatrical,)
名曲 (musical)masterpiece
楽曲 musical composition
曲目 (musical)number;(musical)program
舌 reed(musical instrument)
指揮者 (musical)conductor
演奏 musical performance",Guess Vocab related to Keyword,Text
"negative","打ち消し,反転,打消し,悪影響,兎角,最後,仕業,禁止法,負,紛れる,消極的,閉ざす,後ろ向き,消極,符号","打ち消し negative
反転 producing negative positive;producing positive 
打消し negative
悪影響 negative influence
兎角 sorts(negative things)
最後 right(often negative consequences)
仕業 deed(negative)
禁止法 negative statute
負 negative
紛れる diverted(negative emotions,)
消極的 negative
閉ざす consume(negative feelings)
後ろ向き negative
消極 negative
符号 sign(positive,negative)",Guess Vocab related to Keyword,Text
"novel","新しい,珍しい,奇抜,推理小説,聖地,取材,小説,創作,設定,異色,材料,脚色,登場人物,新た,長編","新しい novel
珍しい novel
奇抜 novel
推理小説 detective novel;mystery novel
聖地 real-life location setting novel,film,anime,
取材 gathering material(article,novel,)
小説 novel
創作 creative work(novel,film,)
設定 setting(movie,novel,)
異色 novel
材料 material(novel,experiment,)
脚色 dramatization(novel)
登場人物 character(play novel)
新た novel
長編 long(novel,film)",Guess Vocab related to Keyword,Text
"obvious","自明,無性に,言うまでもない,明らか,顕在,大前提,紛れもない,明瞭,赤,知れる,当たり前,著,当り前,明白,顕著","自明 obvious
無性に any obvious reason
言うまでもない obvious
明らか obvious
顕在 obvious
大前提 should obvious
紛れもない obvious
明瞭 obvious
赤 obvious
知れる obvious
当たり前 obvious
著 obvious
当り前 obvious
明白 obvious
顕著 obvious",Guess Vocab related to Keyword,Text
"occupation","家業,本職,仕事,商売,占拠,専業,占領,無職,本業,職業,産業,営み,職,転職,職種","家業 occupation
本職 principal occupation
仕事 occupation
商売 occupation
占拠 occupation(territory)
専業 principal occupation;special occupation
占領 military occupation
無職 occupation
本業 principal occupation
職業 occupation
産業 occupation
営み occupation
職 occupation
転職 change occupation
職種 type occupation",Guess Vocab related to Keyword,Text
"opposition","対抗,対する,与野党,下野,反対側,伏兵,反対,反発,抵抗,在野,反抗,対立,敵対,押し切る,野党","対抗 opposition
対する opposition
与野党 ruling opposition parties
下野 going opposition
反対側 opposition
伏兵 unexpected opposition
反対 opposition
反発 opposition
抵抗 opposition
在野 opposition
反抗 opposition
対立 opposition
敵対 opposition
押し切る overcome(opposition)
野党 opposition party;opposition",Guess Vocab related to Keyword,Text
"platform","土壇場,乗場,乗り場,屋台,演壇,台,入場券,壇上,壇,座,台車,床,綱領,教壇,見晴らし","土壇場 platform made dirt perform executions(decapita
乗場 railway platform
乗り場 railway platform
屋台 dancing platform
演壇 platform
台 (observation)platform;platform
入場券 platform ticket;ticket allowing non-traveller 
壇上 platform
壇 platform
座 platform
台車 platform truck
床 dining platform built across river
綱領 platform(campaign)
教壇 (teacher's)platform
見晴らし viewing platform",Guess Vocab related to Keyword,Text
"prosperity","万歳,繁栄,春,全盛,好景気,景気,最盛期,退廃,共栄,隆盛,盛況,成功,活況,頂点,繁盛","万歳 eternal life prosperity
繁栄 prosperity
春 height(prosperity)
全盛 height prosperity
好景気 (wave)prosperity
景気 prosperity
最盛期 height prosperity
退廃 decline(prosperity)
共栄 mutual prosperity
隆盛 prosperity
盛況 prosperity
成功 prosperity
活況 prosperity
頂点 height(prosperity)
繁盛 prosperity",Guess Vocab related to Keyword,Text
"reasonable","手ごろ,当然,当たり前,当り前,格好,妥当,正当,合理的,穏やか,応分,相応,通る,順当,立つ,適正","手ごろ reasonable
当然 reasonable
当たり前 reasonable
当り前 reasonable
格好 reasonable
妥当 reasonable
正当 reasonable
合理的 reasonable
穏やか reasonable
応分 reasonable
相応 reasonable
通る reasonable
順当 reasonable
立つ reasonable
適正 reasonable",Guess Vocab related to Keyword,Text
"rumour","評判,ひとり歩き,飛ばす,流れる,主,物言い,独り歩き,一人歩き,伝わる,立ち消え,立つ,立てる,流す,説,触れる","評判 rumour
ひとり歩き taking life own(rumour,)
飛ばす spread(rumour)
流れる sweep(rumour,fire)
主 subject(rumour,)
物言い rumour
独り歩き taking life own(rumour,)
一人歩き taking life own(rumour,)
伝わる spread(rumour,news,)
立ち消え dying away(rumour)
立つ spread(rumour,reputation,)
立てる start(rumour)
流す circulate(rumour,information,)
説 rumour
触れる spread(rumour)",Guess Vocab related to Keyword,Text
"scale","目盛り,仕掛け,度,小規模,盛大,底辺,商,尺度,規模,倍率,盛る,目,風力,角,眼","目盛り scale
仕掛け (small)scale
度 degree(angle,temperature,scale,)
小規模 small scale
盛大 large scale
底辺 bottom(social scale)
商 second degree(Chinese pentatonic scale)
尺度 scale
規模 scale
倍率 scale factor
盛る mark(scale)
目 division(scale)
風力 force(level Beaufort wind speed scale)
角 third degree(Chinese pentatonic scale)
眼 division(scale)",Guess Vocab related to Keyword,Text
"shadow","人影,投じる,お蔭様で,映す,陰,日陰,お陰様で,付ける,影の内閣,曇り,落ちる,陰り,影,投げる,着ける","人影 shadow
投じる cast(vote,light,shadow)
お蔭様で under gods' shadow
映す cast(shadow)
陰 shadow
日陰 shadow
お陰様で under gods' shadow
付ける shadow
影の内閣 shadow cabinet
曇り shadow
落ちる light,shadow,gaze,)
陰り shadow(happiness)
影 shadow;shadow(former self)
投げる cast(glance,shadow,doubt,)
着ける shadow",Guess Vocab related to Keyword,Text
"shift","紛らす,交代,交替,動く,出番,地殻変動,推移,人事異動,直,移行,間に合わせる,転向,転じる,動かす,夜勤","紛らす shift(conversation)
交代 shift
交替 shift
動く shift
出番 shift
地殻変動 seismic shift
推移 shift
人事異動 personnel shift
直 shift
移行 shift(centre gravity);shift
間に合わせる shift
転向 shift
転じる shift
動かす shift
夜勤 night shift",Guess Vocab related to Keyword,Text
"similar","同好,紛れる,焼肉,焼き肉,似る,近い,類,酷似,平年並み,同じ,同様,様,紛らわしい,被る,遠い","同好 similar tastes
紛れる confusingly similar
焼肉 dish grilled meat similar Korean barbecue
焼き肉 dish grilled meat similar Korean barbecue
似る similar
近い similar
類 similar example
酷似 strikingly similar
平年並み similar average year
同じ similar
同様 similar
様 similar
紛らわしい easily mixed(similar words)
被る similar
遠い similar",Guess Vocab related to Keyword,Text
"sword","棟,差す,刀,刃渡り,刃,剣,中身,履く,横手,真剣,切る,武力,切り捨て,帯びる,鋼","棟 sword
差す wear(sword)belt
刀 sword(single-edged)
刃渡り walking barefoot edge sword blade(acrobatic st
刃 edge(knife sword)
剣 sword(large,double-edged)
中身 (sword)blade
履く affix(sword hip)
横手 feature sword blade
真剣 real sword(opposed wooden practice weapon)
切る draw(shape)air(sword,)
武力 sword
切り捨て treating sword fodder
帯びる wear(sword,decoration,)
鋼 sword;sword steel",Guess Vocab related to Keyword,Text
"temperature","高温,冷える,体温,低温,臨界,度,何度,平年,冷ます,度数,水温,冷やす,熱,気温,温度","高温 temperature
冷える grow cold(room temperature,refrigerator)
体温 body temperature
低温 low temperature
臨界 critical(mass,pressure,temperature,state,point,
度 degree(angle,temperature,scale,)
何度 how many degrees(temperature,angle,)
平年 average year(rainfall,temperature,)
冷ます cool(temperature room temperature)
度数 degree(temperature)
水温 water temperature
冷やす cool(room temperature)
熱 temperature
気温 (air)temperature
温度 temperature",Guess Vocab related to Keyword,Text
"unpleasant","合わす,お土産,不愉快,併せる,不味い,嫌,合わせる,難しい,雑音,敬遠,兼ねる,嫌らしい,土産,苦しい,気持ち悪い","合わす cause meet(unpleasant fate)
お土産 unpleasant given(illness while vacation)
不愉快 unpleasant
併せる cause meet(unpleasant fate)
不味い unpleasant
嫌 unpleasant;unpleasant
合わせる cause meet(unpleasant fate)
難しい unpleasant
雑音 noise(usu. unpleasant)
敬遠 avoiding(unpleasant)
兼ねる find difficult(unpleasant,awkward,painful)
嫌らしい unpleasant
土産 unpleasant given(illness while vacation)
苦しい unpleasant
気持ち悪い unpleasant",Guess Vocab related to Keyword,Text
"variety","共通語,多様性,引き出し,品種,変化,変形,種類,大根,種類豊富,種々,多彩,散らし,引出し,色,色々","共通語 standard language(language variety understood 
多様性 variety
引き出し variety knowledge experience useful handling 
品種 variety
変化 variety
変形 variety
種類 variety
大根 daikon(variety large white Oriental radish,Raph
種類豊富 rich variety
種々 variety
多彩 variety
散らし sushi rice box bowl variety ingredients sprink
引出し variety knowledge experience useful handling t
色 variety
色々 variety",Guess Vocab related to Keyword,Text
"vigor","活気,力,勢い,精,威勢,死ぬ,振る,気迫,活躍,精力,張り切る,迫力,景気,気勢,英気","活気 vigor
力 vigor
勢い vigor
精 vigor(vigour)
威勢 vigor
死ぬ lose vigor
振る carry great vigor(portable shrine)
気迫 vigor
活躍 walking great vigor
精力 vigor
張り切る full vigor(vigour)
迫力 vigor
景気 vigor
気勢 vigor
英気 vigor",Guess Vocab related to Keyword,Text
"appointment","予約,指定,採用,起用,約束,任命,約,委嘱,赴任,選任,待ち合わせ,飛び込み,登用,辞令","予約 appointment
指定 appointment
採用 appointment
起用 appointment(position,job,)
約束 appointment
任命 appointment
約 appointment
委嘱 appointment(position)
赴任 (proceeding)new appointment
選任 appointment
待ち合わせ appointment
飛び込み appearing appointment
登用 appointment
辞令 notice personnel change(appointment,dismissal,)",Guess Vocab related to Keyword,Text
"campaign","抗日,安保,綱領,公約,初陣,遊説,出足,出陣,選挙戦,従軍,戦,遠征,運動,選挙運動","抗日 anti-Japanese(campaign,movement,)
安保 campaign against Japan-US Security Treaty(1959-
綱領 platform(campaign)
公約 campaign pledge
初陣 first campaign
遊説 election campaign
出足 start(race,campaign,business,)
出陣 starting election campaign
選挙戦 election campaign
従軍 taking part campaign
戦 campaign
遠征 (military)campaign
運動 campaign
選挙運動 election campaign;political campaign",Guess Vocab related to Keyword,Text
"caught","引っ掛る,引っかかる,下敷,掛かる,下敷き,捕われる,絡む,現行犯,捕まる,取り立て,取れる,捕らわれる,引っ掛かる,担ぐ","引っ掛る caught
引っかかる caught
下敷 caught under
掛かる caught
下敷き caught under
捕われる caught
絡む caught
現行犯 caught red-handed
捕まる caught
取り立て freshly caught
取れる caught(fish)
捕らわれる caught
引っ掛かる caught
担ぐ caught superstition",Guess Vocab related to Keyword,Text
"custom","客足,決まる,定着,常習,復活,例,慣例,風習,習慣,恒例,決まり,従う,慣習,通例","客足 custom
決まる custom
定着 becoming established(custom,,)
常習 custom
復活 revival(old,custom,fashion,)
例 custom
慣例 custom
風習 custom
習慣 (social)custom
恒例 custom
決まり custom
従う abide(rule,custom,)
慣習 custom
通例 custom",Guess Vocab related to Keyword,Text
"data","資料,取り込み,入力,素子,打ち込む,データ通信,圧縮,情報,要素,情報処理,展開,材料,書き込む,退避","資料 data
取り込み importing(data)
入力 (data)entry
素子 data
打ち込む input(data)
データ通信 data communication
圧縮 compression(data)
情報 information(data contained characters,signals,c
要素 member(data structure)
情報処理 data processing
展開 extraction(compressed data)
材料 data
書き込む write(data)
退避 backup(data)",Guess Vocab related to Keyword,Text
"declaration","声明,告白,宣言,表明,緊急事態宣言,陳述,公言,申し立て,意思表示,宣戦,断定,断言,申告,明言","声明 declaration
告白 declaration love
宣言 declaration
表明 declaration
緊急事態宣言 declaration state emergency
陳述 declaration
公言 declaration
申し立て declaration
意思表示 declaration intent
宣戦 declaration war
断定 declaration
断言 declaration
申告 declaration
明言 declaration",Guess Vocab related to Keyword,Text
"extra","上乗せ,別に,副賞,余分,余計,仕出し,付録,別冊,臨時,増し,持ち込む,景品,負ける,別","上乗せ adding(extra amount)
別に extra
副賞 extra prize
余分 extra
余計 extra
仕出し extra
付録 extra(newspaper magazine)
別冊 extra issue
臨時 extra
増し extra
持ち込む take(court,extra,play-off)
景品 extra
負ける throw(extra)free
別 extra",Guess Vocab related to Keyword,Text
"fierce","不動,鬼神,戦争,激しい,強い,熱戦,激戦,荒い,猛攻,奮闘,猛暑,鋭い,鬼,猛烈","不動 fierce Buddhist deity
鬼神 fierce god;fierce god
戦争 fierce competition
激しい fierce
強い fierce
熱戦 fierce fight
激戦 fierce battle
荒い fierce
猛攻 fierce attack
奮闘 fierce fighting
猛暑 fierce heat
鋭い fierce(attack)
鬼 ogre-like(i.e. fierce,relentless,merciless,)
猛烈 fierce",Guess Vocab related to Keyword,Text
"finance","経済,大蔵,信用,金融,財政,大蔵省,公庫,会計,赤,蔵相,財務官,資する,賄う,融通","経済 finance
大蔵 Ministry Finance
信用 credit(finance)
金融 finance
財政 public finance
大蔵省 Ministry Finance(1869-2001)
公庫 finance corporation
会計 finance
赤 red ink(i.e. finance proof-reading)
蔵相 Minister Finance
財務官 finance official
資する finance
賄う finance
融通 finance",Guess Vocab related to Keyword,Text
"gist","大体,大筋,凡そ,趣,主眼,旨,大概,略,要点,骨子,要旨,要綱,趣旨,要領","大体 gist
大筋 gist
凡そ gist
趣 gist
主眼 gist
旨 gist
大概 gist
略 gist
要点 gist
骨子 gist
要旨 gist
要綱 gist
趣旨 gist
要領 gist",Guess Vocab related to Keyword,Text
"lady","お嬢さん,女房,奥さん,姉さん,お姉さん,あの方,女史,少女,裏方,方,婦人,姫,奥様,鉄","お嬢さん young lady
女房 court lady
奥さん married lady
姉さん young lady
お姉さん young lady
あの方 lady
女史 lady(social status
少女 young lady
裏方 lady consort(personage)
方 lady
婦人 lady
姫 young lady noble birth
奥様 married lady
鉄 iron(will,discipline,lady,)",Guess Vocab related to Keyword,Text
"manufacture","本場,製紙,作製,生産,造る,製鋼,製作,作る,創る,試作,製鉄,製,製薬,製造","本場 center(manufacture)
製紙 paper manufacture
作製 manufacture
生産 manufacture
造る manufacture
製鋼 steel manufacture
製作 manufacture
作る manufacture
創る manufacture
試作 trial manufacture
製鉄 iron manufacture
製 manufacture
製薬 medicine manufacture;drug manufacture
製造 manufacture",Guess Vocab related to Keyword,Text
"message","飛ばす,伝言,ご連絡,取り次ぐ,口上,弔辞,折り返す,受信,託す,教書,書き込む,通報,親書,連絡","飛ばす send(message)
伝言 verbal message
ご連絡 message
取り次ぐ pass(message,thoughts,)
口上 vocal message
弔辞 message condolence
折り返す loopback(signal,message,)
受信 receiving(message,letter,email,)
託す leave(message);deliver(message,parcel,)
教書 message(delivered US president state governor)
書き込む post message(bulletin-board)
通報 message(information communication theory)
親書 personal message
連絡 message",Guess Vocab related to Keyword,Text
"nice","好ましい,初めまして,見栄え,上手い,結構,好投,親切,始めまして,旨い,巧い,良い,映える,美味い,美味しい","好ましい nice
初めまして nice meet
見栄え looking nice
上手い nice
結構 nice
好投 good(nice)pitching
親切 nice
始めまして nice meet
旨い nice
巧い nice
良い nice
映える look nice
美味い nice
美味しい nice",Guess Vocab related to Keyword,Text
"objection","異論,不服,文句,反対,抗議,異議,言い分,否,申し分無い,挟む,反論,物言い,故障,苦情","異論 objection
不服 objection
文句 objection
反対 objection
抗議 objection
異議 objection
言い分 objection
否 objection
申し分無い objection
挟む interpose(objection)
反論 objection
物言い objection
故障 objection
苦情 objection",Guess Vocab related to Keyword,Text
"parliament","召集,議会,国会議事堂,両院,議事堂,議事,国会,傍聴,解散,定例,議員,国会議員,議院,通過","召集 calling together(parliament)
議会 parliament
国会議事堂 Houses Parliament;parliament house;parliamen
両院 both houses parliament
議事堂 parliament house;houses parliament
議事 proceedings(parliament,congress)
国会 parliament
傍聴 listening(lecture,hearing,parliament session,)
解散 dissolution(Diet,Parliament,)
定例 ordinary(session parliament)
議員 member parliament
国会議員 member parliament
議院 parliament;house(parliament,)
通過 passage(bill,through parliament)",Guess Vocab related to Keyword,Text
"pour","傾ける,被せる,打ち込む,掛ける,差す,流す,流れ込む,落とす,注ぎ込む,被る,注ぐ,降る,注す,浴びせる","傾ける pour energy
被せる pour dash liquid
打ち込む pour(concrete,)form
掛ける pour(liquid)onto
差す pour
流す pour
流れ込む pour
落とす pour(liquid)
注ぎ込む pour(money);pour(liquids)
被る pour(water,)
注ぐ pour onto;pour;pour;pour(vessel)
降る pour
注す pour
浴びせる pour",Guess Vocab related to Keyword,Text
"practical","応用,割り切る,運用,体験,実効,実務,事務的,実用,活用,実技,実習,実用的,技術的,悪戯","応用 (practical)application;putting practical use
割り切る practical
運用 practical use
体験 (practical)experience
実効 practical effect
実務 (practical)business
事務的 practical
実用 practical use
活用 practical use
実技 practical skill
実習 training(practical hands-on);practical exercise
実用的 practical
技術的 practical
悪戯 practical joke",Guess Vocab related to Keyword,Text
"ruin","傾ける,破れる,壊す,疲弊,破滅,荒廃,崩れ,倒す,振る,没落,滅亡,歩む,滅びる,荒れる","傾ける ruin
破れる fall ruin
壊す ruin
疲弊 ruin
破滅 ruin
荒廃 ruin
崩れ ruin
倒す ruin
振る ruin
没落 ruin
滅亡 ruin
歩む set(path destruction,ruin,)
滅びる ruin
荒れる fall ruin",Guess Vocab related to Keyword,Text
"sensation","体感,反響,当り,当たり,心地,催す,感覚,気味,気配,感触,気持ち,快感,旋風,知覚","体感 bodily sensation
反響 sensation
当り sensation
当たり sensation
心地 sensation
催す feel(sensation,emotion,call nature,)
感覚 sensation
気味 sensation
気配 sensation
感触 sensation
気持ち sensation
快感 pleasant sensation
旋風 sensation
知覚 sensation",Guess Vocab related to Keyword,Text
"such","そう言う,その辺,始め,辺り,その様,事がない,こう言う,と言うことはない,見合い,初め,呼び捨て,食糧,風情,在日","そう言う such
その辺 such matter;such thing
始め such
辺り such
その様 such
事がない such thing has happened
こう言う such
と言うことはない there such thing
見合い two different options such if player takes,oth
初め such
呼び捨て addressingusing suffix such -san -chan(consid
食糧 food(staple food such rice wheat)
風情 lowly such
在日 North South Korean national permanent residency",Guess Vocab related to Keyword,Text
"tool","使う,小道具,具,用具,石器,器具,筆記用具,刃物,幹,置く,工作機械,扱い,運ぶ,道具","使う use(tool,method,)
小道具 small tool
具 tool
用具 tool
石器 stone tool
器具 tool
筆記用具 writing tool
刃物 edged tool
幹 (tool)handle
置く put tool(pen)hence stopping what tool
工作機械 machine tool
扱い handling(machine,tool,)
運ぶ wield(tool,)
道具 tool",Guess Vocab related to Keyword,Text
"track","乗る,区間,曲,横断,手がかり,実績,正道,手掛かり,競馬場,足取り,線,軌跡,線路,軌道","乗る stay(track)
区間 section(track,)
曲 track(record)
横断 intersecting(railway track)
手がかり track
実績 track record
正道 right track
手掛かり track
競馬場 race track
足取り track
線 track
軌跡 tire track
線路 track;railway track
軌道 railroad track;(right)track",Guess Vocab related to Keyword,Text
"transportation","交通,交通機関,輸送,水利,足場,交通網,運休,移送,運輸,搬送,運搬,海運,足,脚","交通 transportation
交通機関 transportation facilities;transportation;(mea
輸送 transportation
水利 water transportation
足場 convenience transportation
交通網 transportation network
運休 suspension(transportation service)
移送 transportation
運輸 transportation
搬送 transportation
運搬 transportation
海運 marine transportation
足 means transportation
脚 means transportation",Guess Vocab related to Keyword,Text
"active","活発,積極,現役,主体的,遣る,活性,実戦,積極的,活躍,発展,盛ん,能動的,飛躍","活発 active
積極 active
現役 active duty;active service
主体的 active
遣る active efforts
活性 active
実戦 active service
積極的 active
活躍 active participation
発展 active sex life
盛ん active
能動的 active
飛躍 playing active part;becoming active wider stage",Guess Vocab related to Keyword,Text
"angle","内角,何度,視点,他面,方面,見方,外角,度,角度,釣る,直角,観点,角","内角 interior angle;internal angle
何度 how many degrees(temperature,angle,)
視点 angle
他面 different angle
方面 angle
見方 angle
外角 external angle;exterior angle
度 degree(angle,temperature,scale,)
角度 angle
釣る angle
直角 right angle
観点 angle
角 angle",Guess Vocab related to Keyword,Text
"claim","要請,水増し,名乗り出る,請求権,引き取る,名乗る,主張,債権,抵触,言い分,請求,預かり証,提起","要請 claim
水増し inflation(budget,claim,)
名乗り出る come forward(witness,claim,)
請求権 claim rights
引き取る claim
名乗る claim
主張 claim
債権 claim
抵触 conflict(theory,claim,)
言い分 claim
請求 claim
預かり証 claim check
提起 filing(claim)",Guess Vocab related to Keyword,Text
"commit","働く,創る,造る,覚える,犯す,作る,誤る,及ぶ,身投げ,演ずる,陰謀,間違える,演じる","働く commit(crime)
創る commit(sin,)
造る commit(sin,)
覚える commit memory
犯す commit(crime)
作る commit(sin,)
誤る commit error
及ぶ commit(crime)
身投げ throwing(water commit suicide)
演ずる commit(blunder)
陰謀 agreement between two more commit unlawful act
間違える commit error(calculation)
演じる commit(blunder)",Guess Vocab related to Keyword,Text
"determination","思いっきり,不退転,心意気,決定,思い切り,決断,殺気,根性,踏切,踏切り,意志,決心,決意","思いっきり determination
不退転 determination
心意気 determination
決定 determination
思い切り determination
決断 determination
殺気 determination kill
根性 determination
踏切 determination
踏切り determination
意志 determination
決心 determination
決意 determination",Guess Vocab related to Keyword,Text
"discipline","学問,示し,場,懲戒,修行,懲罰,教室,謹慎,秩序,鉄,規律,訓練,鍛える","学問 discipline
示し discipline
場 discipline
懲戒 discipline
修行 discipline
懲罰 discipline
教室 (particular discipline)
謹慎 discipline
秩序 discipline
鉄 iron(will,discipline,lady,)
規律 discipline
訓練 discipline
鍛える discipline",Guess Vocab related to Keyword,Text
"exercise","例題,執行,働かせる,演習,実習,練習,利かせる,及ぼす,練る,規定,行使,運動不足,運動","例題 exercise(reader)
執行 exercise
働かせる exercise(restraint,imagination,brain,)
演習 exercise;military exercise
実習 practical exercise
練習 exercise
利かせる exercise
及ぼす exercise
練る exercise
規定 compulsory exercise(gymnastics)
行使 exercise(right,authority,power,)
運動不足 insufficient exercise;lack physical exercise
運動 exercise",Guess Vocab related to Keyword,Text
"facility","事業所,置く,施設,入所,機関,保養所,乗り物,開場,乗物,収容所,市営,機能,腕前","事業所 (production)facility
置く establish(organization,facility,position,)
施設 facility
入所 admission(institute,facility,office,)
機関 facility
保養所 recreation facility(usu. corporate-owned exclu
乗り物 playground facility
開場 inauguration(new building,facility,)
乗物 playground facility
収容所 detention facility;housing facility
市営 city facility management
機能 facility
腕前 facility",Guess Vocab related to Keyword,Text
"file","列,届ける,参照,開く,作成,摘み,草の根,兵,呼び出す,常駐,起訴猶予,同列,擦る","列 file
届ける file notice(authorities)
参照 browsing(file folder)
開く open(file,)
作成 creating(file,website,account,)
摘み (file)handle
草の根 rank file
兵 rank file
呼び出す open(file)
常駐 resident(program,file,)
起訴猶予 leaving charge file
同列 same file
擦る file",Guess Vocab related to Keyword,Text
"hospital","病室,退院,病院,看護師,病床,院内,医局,病棟,見舞う,搬送,院長,薬局,通院","病室 hospital room
退院 discharge hospital;leaving hospital
病院 hospital
看護師 (hospital)nurse
病床 (hospital)bed
院内 inside hospital
医局 medical office(hospital)
病棟 (hospital)ward
見舞う see(hospital)
搬送 transfer hospital
院長 director(hospital,institution,academy,)
薬局 hospital pharmacy
通院 going hospital regular treatment;going hospital",Guess Vocab related to Keyword,Text
"kabuki","口上,付け,決まる,立ち,狂言,切り,番目,段,切る,花道,十八番,型,歌舞伎","口上 prologue start kabuki performance
付け sound effect produced striking clappers wooden 
決まる struck held(pose kabuki)
立ち leading male role kabuki
狂言 kabuki play;kabuki performance
切り end act(jōruri kabuki)
番目 divisions kabuki performance
段 act(kabuki,joruri,)
切る (certain facial expressions,kabuki)
花道 elevated walkway through audience stage(kabuki)
十八番 repertoire 18 kabuki plays
型 style(kabuki,noh,)
歌舞伎 kabuki",Guess Vocab related to Keyword,Text
"programme","演目,予定,予定表,番組,計画,曲目,日程,献立,代わり,替わり,千秋楽,次第,段取り","演目 programme
予定 programme
予定表 programme
番組 programme
計画 programme
曲目 programme
日程 programme
献立 programme
代わり upcoming programme
替わり upcoming programme
千秋楽 concluding programme
次第 programme
段取り programme",Guess Vocab related to Keyword,Text
"provision","用意,供与,支給,整備,供給,準備,備え,備える,給付,給食,規定,調達,養老","用意 provision
供与 provision
支給 provision
整備 provision
供給 provision
準備 provision
備え provision
備える provision
給付 provision(money goods)
給食 provision lunch(office,,)
規定 provision
調達 provision
養老 making provision old age;making provision elder",Guess Vocab related to Keyword,Text
"repair","修理,繕う,修繕,修める,直し,直す,形成,継ぐ,赴く,手入れ,修復,補修,改修","修理 repair
繕う repair
修繕 repair
修める repair(fault has committed)
直し repair
直す repair
形成 repair(plastic surgery)
継ぐ repair
赴く repair
手入れ repair
修復 repair
補修 repair
改修 repair",Guess Vocab related to Keyword,Text
"scheme","構想,図る,無謀,企み,巧み,策略,陰謀,構える,彩り,企む,計画,略,策","構想 scheme
図る scheme
無謀 mad(scheme)
企み scheme
巧み scheme
策略 scheme
陰謀 scheme
構える scheme
彩り colour scheme;color scheme
企む scheme
計画 scheme
略 scheme
策 scheme",Guess Vocab related to Keyword,Text
"sharp","暴騰,刺,決まる,急騰,急激,険悪,急,切れる,急落,刺さる,激減,鋭い,高騰","暴騰 sharp rise
刺 hard sharp item(lodged throat,fish bone)
決まる look sharp
急騰 sharp rise
急激 sharp
険悪 sharp
急 sharp
切れる sharp
急落 sharp fall;sharp drop
刺さる stick(sharp point)
激減 sharp drop
鋭い sharp(eye,mind,);sharp(knife,claws,);sharp(pain
高騰 sharp rise(prices)",Guess Vocab related to Keyword,Text
"stable","師匠,小康,堅実,落ち着く,安定,引出す,無風,強固,引き出す,部屋,定番,平ら,親方","師匠 stable master
小康 becoming stable
堅実 stable
落ち着く become stable
安定 stable
引出す lead(horse stable)
無風 stable
強固 stable
引き出す lead(horse stable)
部屋 stable
定番 basic item(stable demand)
平ら stable
親方 stable master",Guess Vocab related to Keyword,Text
"stroke","払い,画,払う,一挙に,字画,行程,書き方,画数,脳卒中,点,摩る,脈拍,筆順","払い sweeping stroke(when writing kanji)
画 stroke(kanji,)
払う sweeping stroke(calligraphy)
一挙に stroke
字画 stroke count Chinese character
行程 stroke(piston)
書き方 stroke order character
画数 stroke count(kanji)
脳卒中 stroke
点 dot stroke(Chinese character)
摩る stroke
脈拍 stroke pulse
筆順 stroke order(Chinese character)",Guess Vocab related to Keyword,Text
"successful","旨い,上手い,当たり役,巧い,肥える,打ち上げ,出世,当たる,盛ん,落札,効果的,活躍,美味い","旨い successful
上手い successful
当たり役 successful role
巧い successful
肥える become successful
打ち上げ party celebrate successful completion project
出世 successful career
当たる successful
盛ん successful
落札 successful bid
効果的 successful
活躍 activity(energetic successful)
美味い successful",Guess Vocab related to Keyword,Text
"trend","動き,傾く,傾向,基調,数,流行,大勢,潮流,追う,動向,機運,風潮,調子","動き trend
傾く trend toward
傾向 trend
基調 trend
数 trend
流行 trend
大勢 general trend
潮流 trend
追う follow(set order,trend,)
動向 trend
機運 trend
風潮 trend
調子 trend",Guess Vocab related to Keyword,Text
"vision","空想,将来像,光,幻,視力,幻想,夢想,目,視界,構想,眼,視覚,視野","空想 vision
将来像 vision future
光 vision
幻 vision
視力 vision
幻想 vision
夢想 vision
目 vision
視界 field vision
構想 vision
眼 vision;field vision
視覚 vision
視野 field vision",Guess Vocab related to Keyword,Text
"window","戸,窓口,向く,締め切り,採る,猿,徹す,通す,格子,窓際,窓,締切,開放","戸 window shutter
窓口 ticket window;window;teller window
向く face(east)(building,window,)
締め切り closing(door,window,)
採る (light window)
猿 sliding wooden bolt(holding door window shut)
徹す (look,listen)through(window,wall,)
通す (look,listen)through(window,wall,)
格子 window bars
窓際 window
窓 window
締切 closing(door,window,)
開放 opening(door,window,)",Guess Vocab related to Keyword,Text
"bar","酒場,用心棒,突っ張り,居酒屋,鉄棒,来店,締め出す,旦那,鉄筋,看板,被告人,食堂","酒場 bar
用心棒 bar(door)
突っ張り bar
居酒屋 bar also serves various dishes snacks
鉄棒 horizontal bar(gymnastics);iron bar
来店 coming store(restaurant,bar,shop,)
締め出す bar
旦那 patron mistress,geisha,bar nightclub hostess
鉄筋 (iron)reinforcing bar
看板 closing(,restaurant bar)
被告人 prisoner bar
食堂 snack bar",Guess Vocab related to Keyword,Text
"bend","搾る,折る,傾ける,急に,曲がり角,切る,曲がる,曲がり,絞る,反る,曲がりかど,曲げる","搾る bend(bow)
折る bend
傾ける bend
急に sharply(slope,bend,)
曲がり角 bend road
切る bend
曲がる bend
曲がり bend
絞る bend(bow)
反る bend;bend backward(body body part,fingers)
曲がりかど bend road
曲げる bend(truth);bend",Guess Vocab related to Keyword,Text
"blame","被る,責める,問責,着る,悪い,恨む,転嫁,問う,負う,着せる,非難,難","被る take(blame)
責める blame
問責 blame
着る take(blame,responsibility)
悪い blame
恨む blame
転嫁 shifting(blame,responsibility,)
問う blame
負う bear(blame,costs,)
着せる lay(blame)
非難 blame
難 blame",Guess Vocab related to Keyword,Text
"clock","掛ける,戻す,目覚まし,指針,目覚まし時計,示す,遅れる,日夜,進める,針,時計,進む","掛ける set(dial,alarm clock,)
戻す turn(clock hand)
目覚まし alarm clock
指針 hand(clock)
目覚まし時計 alarm clock
示す point(finger,clock hand,needle,)
遅れる slow(clock watch)
日夜 around clock
進める put(clock,watch)forward
針 hand(clock,)
時計 clock
進む fast(clock)",Guess Vocab related to Keyword,Text
"confidence","信用,無くなる,見込む,不信任,自信,信,信任,砕く,安心,信頼性,信頼,確信","信用 confidence
無くなる lost(dream,confidence)
見込む place confidence
不信任 lack confidence
自信 confidence
信 confidence
信任 confidence
砕く shatter(hopes,confidence,)
安心 confidence
信頼性 confidence
信頼 confidence
確信 confidence",Guess Vocab related to Keyword,Text
"correct","本当,正確,正しい,正解,合う,確か,直す,改める,正す,正義,正則,正道","本当 correct
正確 correct
正しい correct
正解 correct answer;correct interpretation
合う correct
確か correct
直す correct(mistake,bad habit,)
改める correct
正す correct
正義 correct meaning;correct explanation
正則 correct
正道 correct path",Guess Vocab related to Keyword,Text
"crash","墜落,不時着,崩落,落ちる,暴落,崩れる,特訓,破壊,激突,突っ込む,衝突,突き当たる","墜落 crash(aircraft)
不時着 crash landing
崩落 crash;market crash
落ちる crash
暴落 crash
崩れる crash(stock market)
特訓 crash course
破壊 (application)crash
激突 crash
突っ込む crash
衝突 crash
突き当たる crash",Guess Vocab related to Keyword,Text
"creation","設定,構築,制作,創始,制定,創作,生成,創造,創出,造成,誕生,新作","設定 creation
構築 creation
制作 creation
創始 creation
制定 creation
創作 creation
生成 creation
創造 Creation(God);creation
創出 creation
造成 creation
誕生 creation
新作 new creation",Guess Vocab related to Keyword,Text
"dirty","不潔,卑劣,汚れる,卑怯,汚す,卑しい,黒い,嫌らしい,泥々,土足,難しい,汚い","不潔 dirty;dirty(story,money,)
卑劣 dirty
汚れる become dirty;dirty
卑怯 dirty
汚す dirty
卑しい dirty
黒い darkened dirty
嫌らしい dirty
泥々 dirty(oil,grease,);dirty(oil,grease,)
土足 dirty feet
難しい dirty
汚い dirty",Guess Vocab related to Keyword,Text
"double","二本立て,併殺,二塁打,替え玉,倍,折り返す,代役,駆け足,心中,挟み撃ち,倍増,蛇の目","二本立て double feature(movie)
併殺 double play
二塁打 double
替え玉 double
倍 double
折り返す double
代役 double
駆け足 double
心中 double suicide
挟み撃ち double envelopment
倍増 double
蛇の目 double ring(pattern)",Guess Vocab related to Keyword,Text
"dream","幻,夢中,夢,初夢,悪夢,思う,夢想,幻想,目が覚める,無くなる,破る,無理","幻 short-lived dream
夢中 within dream
夢 dream
初夢 dream night setsubun;first dream New year(belie
悪夢 bad dream
思う dream
夢想 dream
幻想 dream
目が覚める snap(dream,)
無くなる lost(dream,confidence)
破る shatter(dream)
無理 dream",Guess Vocab related to Keyword,Text
"electrical","出力,家電,直列,中性,接点,刃,電機,電源,電源開発,抵抗,負荷,絶縁","出力 output(electrical,signal,)
家電 household(electrical)appliances
直列 series(electrical)
中性 neutrality(incl. chemical,electrical,)
接点 contact(electrical,)
刃 prong(electrical plug)
電機 electrical machinery
電源 electrical power
電源開発 development electrical power resources
抵抗 electrical resistance
負荷 load(electrical,CPU,)
絶縁 insulation(electrical thermal)",Guess Vocab related to Keyword,Text
"equipment","増設,機器,装い,器材,機材,装備,撤収,用具,装置,設備,用品,設置","増設 adding(equipment,facilities,)
機器 equipment
装い equipment
器材 equipment materials
機材 equipment
装備 equipment
撤収 removal(building,equipment,)
用具 equipment
装置 equipment
設備 equipment
用品 equipment
設置 installation(machine equipment)",Guess Vocab related to Keyword,Text
"essence","主眼,眼,変質,実体,精神,大体,生命,実質,本質,根本,神髄,真髄","主眼 essence
眼 essence
変質 alteration(character essence)
実体 essence
精神 essence
大体 essence
生命 essence
実質 essence
本質 essence
根本 essence
神髄 essence
真髄 essence",Guess Vocab related to Keyword,Text
"extract","引き出す,開く,引出す,振る,引き抜く,抜く,取る,搾る,抜粋,採る,引抜く,絞る","引き出す extract(information,truth,)
開く extract(root)
引出す extract(information,truth,)
振る extract broiling
引き抜く extract
抜く extract
取る extract(juice)
搾る squeeze(fruit extract juice);extract
抜粋 extract
採る extract(juice)
引抜く extract
絞る squeeze(fruit extract juice);extract",Guess Vocab related to Keyword,Text
"favorable","優遇,良好,大歓迎,最優遇,好評,好調,追い風,売り場,美味しい,好感,好都合,順調","優遇 favorable treatment
良好 favorable
大歓迎 favorable reception
最優遇 most favorable treatment
好評 favorable reception
好調 favorable
追い風 favorable wind(favourable);favorable condition
売り場 favorable sell
美味しい favorable
好感 favorable impression
好都合 favorable
順調 favorable",Guess Vocab related to Keyword,Text
"framework","枠組み,結構,組み立て,機構,屋台,構造,建て前,模様,建前,枠,骨格,枠内","枠組み framework
結構 framework
組み立て framework
機構 framework
屋台 framework(building)
構造 framework
建て前 ceremony erection framework house
模様 framework;territorial framework
建前 ceremony erection framework house
枠 framework
骨格 framework
枠内 within limits(framework,boundaries,price,)",Guess Vocab related to Keyword,Text
"importance","偏重,一人物,有力者,力点,重き,重点,二の次,第一義,比重,重視,重み,重要性","偏重 attaching too much importance
一人物 importance
有力者 man importance
力点 importance
重き importance
重点 importance
二の次 secondary importance
第一義 primary importance
比重 relative importance
重視 attaching importance
重み importance
重要性 importance",Guess Vocab related to Keyword,Text
"lecture","聴講,受講,教室,講演,傍聴,休講,書き取る,講堂,講義,導入,講演会,講ずる","聴講 lecture attendance
受講 taking lecture
教室 lecture room
講演 lecture
傍聴 listening(lecture,hearing,parliament session,)
休講 cancellation(lecture,class,)
書き取る take notes(lecture)
講堂 lecture hall
講義 lecture
導入 introduction(story,lecture,)
講演会 lecture meeting(event more lectures);lecture(s
講ずる lecture",Guess Vocab related to Keyword,Text
"might","精一杯,威勢,勢い,かも知れません,一生懸命,力一杯,力,かも知れない,勢力,武力,と言っても,威力","精一杯 might
威勢 might
勢い might
かも知れません might
一生懸命 might
力一杯 might main
力 might
かも知れない might
勢力 might
武力 armed might
と言っても although might say
威力 might",Guess Vocab related to Keyword,Text
"neighborhood","町内,交番,付近,周り,銀座,辺り,隣人,町,近く,近所,近隣,近辺","町内 neighborhood
交番 small neighborhood police station
付近 neighborhood
周り neighborhood
銀座 Ginza(Tokyo neighborhood)
辺り neighborhood
隣人 neighborhood
町 neighborhood
近く neighborhood
近所 neighborhood
近隣 neighborhood
近辺 neighborhood",Guess Vocab related to Keyword,Text
"park","公園,園内,園,庭園,立体,止める,自然公園,入園,霊園,園長,遊園地,駐車場","公園 (public)park
園内 inside park
園 park;park
庭園 park
立体 multi-storey car park
止める park
自然公園 natural park;nature park
入園 entering park,garden,zoo,
霊園 memorial park
園長 park director
遊園地 amusement park
駐車場 car park",Guess Vocab related to Keyword,Text
"participation","参戦,募る,参画,参与,出場,活躍,参加,関係,加担,関与,加盟,参列","参戦 participation war
募る solicit help,participation,
参画 participation
参与 participation
出場 participation(tournament,match,race,)
活躍 active participation
参加 participation
関係 participation
加担 participation
関与 participation
加盟 participation
参列 participation",Guess Vocab related to Keyword,Text
"phrase","熟語,心,慣用句,作る,創る,言葉,事,響き,造る,口癖,句,文句","熟語 idiomatic phrase
心 meaning phrase(riddle,)
慣用句 idiomatic phrase;set phrase
作る coin(phrase)
創る coin(phrase)
言葉 phrase
事 inflectable word,creates noun phrase indicating 
響き quality sound(fine phrase,clear voice,resonant 
造る coin(phrase)
口癖 stock phrase;favorite phrase
句 phrase
文句 phrase",Guess Vocab related to Keyword,Text
"posture","死に体,平ら,構える,態勢,体勢,寝相,姿勢,正す,拝む,格好,開く,逃げる","死に体 losing posture
平ら relaxed(sitting posture)
構える adopt posture
態勢 posture
体勢 posture
寝相 sleeping posture
姿勢 posture
正す straighten(posture,collar,)
拝む assume posture praying
格好 posture
開く slacken(poor posture)
逃げる fail hold ideal posture",Guess Vocab related to Keyword,Text
"radical","皿,毛皮,１８０度,平日,急進,脚,冠,急激,抜本的,足,欠伸,過激","皿 kanji radical 108(bottom)
毛皮 kanji fur radical
１８０度 radical(change)
平日 kanji radical 73
急進 radical progress
脚 bottom structural component(i.e. radical)kanji
冠 top kanji radical
急激 radical
抜本的 radical
足 bottom structural component(i.e. radical)kanji
欠伸 kanji yawning radical(radical 76)
過激 radical",Guess Vocab related to Keyword,Text
"ride","乗り,乗り物,乗せる,便乗,乗り回す,乗り出す,乗り越す,足,担ぐ,乗回す,乗物,脚","乗り ride
乗り物 ride(playground,fair,carnival)
乗せる giveride;take ride
便乗 getting ride
乗り回す ride(bicycle)around
乗り出す begin ride
乗り越す ride past(stop)
足 ride
担ぐ takeride
乗回す ride(bicycle)around
乗物 ride(playground,fair,carnival)
脚 ride",Guess Vocab related to Keyword,Text
"screen","出番,脚色,折り返し,映し出す,消える,込める,映る,金屏風,垂れ幕,映像,屏風,画面","出番 screen
脚色 adaptation(stage screen)
折り返し wrapping(text computer screen)
映し出す show(screen)
消える turn(TV screen)
込める screen
映る displayed(screen)
金屏風 folding screen covered gold leaf
垂れ幕 hanging screen
映像 image(screen)
屏風 folding screen
画面 image(screen);screen(TV,computer,)",Guess Vocab related to Keyword,Text
"sit","腰掛ける,乗る,掛ける,抱く,隣り合う,温める,座る,裁く,敷く,直る,暖める,着く","腰掛ける sit
乗る sit
掛ける sit
抱く sit(eggs)
隣り合う sit side side
温める sit(idea,plan,)
座る sit
裁く sit judgement
敷く sit
直る sit properly
暖める sit(idea,plan,)
着く sit(table);sit",Guess Vocab related to Keyword,Text
"straight","一直線,直進,直球,素直,通る,差す,指す,真っ直ぐ,直視,直行,直線,真顔","一直線 straight line
直進 going straight;going straight ahead
直球 straight ball(pitch)
素直 straight(hair)
通る straight(wood grain)
差す extend arm straight ahead(dance)
指す extend arm straight ahead(dance)
真っ直ぐ straight(ahead)
直視 taking straight look
直行 going straight
直線 straight line
真顔 straight face",Guess Vocab related to Keyword,Text
"taxi","運転士,流す,客席,乗り場,乗車,捕まる,捕まえる,拾う,相乗り,空車,乗場,流し","運転士 (professional)driver(taxi,train,)
流す cruise(taxi)
客席 passenger seat(taxi)
乗り場 taxi stand
乗車 getting(taxi)
捕まる (taxi)
捕まえる hail(taxi,waiter,)
拾う flag(taxi)
相乗り sharing car(taxi,)
空車 free taxi;empty taxi
乗場 taxi stand
流し cruising(taxi)",Guess Vocab related to Keyword,Text
"thick","泥々,濃厚,濃い,厚い,何処までも,厚着,切り,くっ付く,蔓延る,深い,太い,弥生","泥々 thick;thick
濃厚 thick(soup,makeup,)
濃い thick(consistency);thick(i.e. as thick thieves)
厚い thick
何処までも through thick thin
厚着 wearing thick clothes
切り counter slices(thick slices)
くっ付く thick
蔓延る grow thick
深い thick
太い thick
弥生 thick growth(grass,)",Guess Vocab related to Keyword,Text
"unknown","不詳,秘話,行方不明,未知,探る,無名,不明,見知らぬ,未知数,見ず知らず,追究,裏","不詳 unknown
秘話 unknown episode
行方不明 whereabouts unknown
未知 unknown
探る explore(parts unknown)
無名 unknown
不明 unknown
見知らぬ unknown
未知数 unknown number;unknown;unknown quantity
見ず知らず unknown
追究 investigation(academically,unknown)
裏 unknown circumstances",Guess Vocab related to Keyword,Text
"utmost","極度,何処までも,一生懸命,全力,尽くす,極力,最善,思い切り,思いっきり,懸命,極限,精々","極度 utmost
何処までも utmost
一生懸命 utmost effort
全力 utmost
尽くす utmost
極力 utmost
最善 utmost
思い切り utmost
思いっきり utmost
懸命 utmost effort
極限 utmost limits
精々 utmost",Guess Vocab related to Keyword,Text
"vacancy","埋まる,欠員,空席,求人,穴,口,穴埋め,補う,補欠,満員,空き,空虚","埋まる filled(blank,vacancy,schedule);filled(blank,va
欠員 vacancy
空席 vacancy
求人 job vacancy
穴 vacancy
口 opening(i.e. vacancy)
穴埋め filling(gap,vacancy,)
補う fill(vacancy)
補欠 filling vacancy
満員 vacancy
空き vacancy
空虚 vacancy",Guess Vocab related to Keyword,Text
"administrative","管理職,事務官,行革,行政処分,都道府県,事務的,行政機関,北海道,行政訴訟,旗,特別区","管理職 administrative post
事務官 administrative official
行革 administrative reform
行政処分 administrative measures(disposition)
都道府県 largest administrative divisions Japan: Tokyo
事務的 administrative
行政機関 administrative body;administrative organ
北海道 Hokkaido(island,prefectural-level administrati
行政訴訟 administrative litigation(action)
旗 banner(administrative division Inner Mongolia)
特別区 administrative subdivision prefecture has dire",Guess Vocab related to Keyword,Text
"correspondence","交信,往復,便り,書簡,往来,連絡,状,対応,見合い,通信,文通","交信 correspondence
往復 correspondence
便り correspondence
書簡 correspondence
往来 correspondence
連絡 correspondence
状 correspondence
対応 correspondence
見合い correspondence
通信 correspondence
文通 correspondence",Guess Vocab related to Keyword,Text
"currency","筋,貨幣,硬貨,現金,両,切り下げ,通用,貫,通貨,外貨,銭","筋 (Edo)counter hundreds mon(obsolete unit currency
貨幣 currency
硬貨 hard currency
現金 currency
両 pre-Meiji unit currency,orig. value ryō gold
切り下げ devaluation(currency)
通用 currency;(common)use(language,currency,)
貫 kan(obs. unit currency,equiv. 1000 mon Edo
通貨 currency
外貨 foreign currency
銭 one-thousandth kan(unit currency)",Guess Vocab related to Keyword,Text
"cycle","還暦,周期,革命,一回り,悪循環,循環,競輪,回路,連作,生死,繰り返し","還暦 60th birthday(61st traditional age reckoning)wh
周期 cycle
革命 58th year sexagenary cycle(Onmyōdō)
一回り cycle twelve years Chinese zodiac
悪循環 vicious cycle
循環 cycle
競輪 cycle racing event,usu. 2 km paced start sprint
回路 cycle(Krebs cycle)
連作 cycle(poems,songs)
生死 samsara(cycle death rebirth)
繰り返し cycle",Guess Vocab related to Keyword,Text
"dash","被せる,出足,棒,打ち上げる,浴びる,躍進,被る,突進,競走,駆ける,走る","被せる pour dash liquid
出足 dash
棒 dash
打ち上げる (waves)dash
浴びる dash(water)
躍進 dash
被る dash
突進 dash
競走 dash
駆ける dash
走る dash",Guess Vocab related to Keyword,Text
"decide","預ける,裁く,定める,事にする,決する,踏み切る,取り決める,決める,寄る,決め付ける,採る","預ける decide
裁く decide
定める decide
事にする decide
決する decide
踏み切る decide
取り決める decide
決める decide(outcome match);decide
寄る decide price come deal
決め付ける (ignore position)arbitrarily decide case
採る decide",Guess Vocab related to Keyword,Text
"devote","傾ける,尽くす,打ち込む,凝る,努める,投じる,費やす,励む,委ねる,注ぐ,徹する","傾ける devote
尽くす devote
打ち込む devote
凝る devote
努める devote
投じる devote(cause)
費やす devote
励む devote
委ねる devote
注ぐ devote
徹する devote",Guess Vocab related to Keyword,Text
"emphasis","立ち,重点,力点,主張,重視,強調,以て,中心,力,重き,偏重","立ち verb prefix conveying emphasis sometimes formal
重点 emphasis
力点 emphasis
主張 emphasis
重視 putting emphasis
強調 emphasis
以て adds emphasis preceding word
中心 emphasis
力 emphasis
重き emphasis
偏重 placing disproportionate emphasis",Guess Vocab related to Keyword,Text
"employment","就業,仕事,内職,求職,採用,就職,雇用,使用,離職,常勤,職","就業 employment
仕事 employment
内職 side job(outside main employment)
求職 seeking employment
採用 employment
就職 finding employment
雇用 employment
使用 employment
離職 employment separation
常勤 full-time employment
職 employment",Guess Vocab related to Keyword,Text
"fabric","地合い,織物,刷る,布地,坪,耳,両,生地,縮める,布,組織","地合い texture(cloth,fabric,paper)
織物 fabric
刷る color pattern fabric using wooden mold
布地 fabric
坪 traditional unit fabric paper area,approx. 9.18 
耳 selvedge(woven fabric)
両 traditional measure fabric,2 tan
生地 fabric
縮める crumple(fabric)
布 fabric
組織 weave(fabric)",Guess Vocab related to Keyword,Text
"false","飛ぶ,作る,入れ歯,疑似,跳ぶ,造る,創る,偽証,空,無実,誤る","飛ぶ fly(false rumours,catcalls,)
作る give(false)appearance
入れ歯 false tooth
疑似 false
跳ぶ fly(false rumours,catcalls,)
造る give(false)appearance
創る give(false)appearance
偽証 false testimony;false evidence
空 false
無実 false charge;false accusation
誤る false",Guess Vocab related to Keyword,Text
"governor","教書,府知事,代官,総督,県知事,総裁,主席,首席,知事,旦那,副知事","教書 message(delivered US president state governor)
府知事 prefectural governor(Osaka Kyoto)
代官 local governor(Edo)
総督 governor
県知事 prefectural governor
総裁 governor(central bank)
主席 governor
首席 governor
知事 prefectural governor
旦那 governor
副知事 lieutenant governor;deputy governor",Guess Vocab related to Keyword,Text
"happy","愉快,朗報,喜ばしい,明けましておめでとうございます,お誕生日おめでとうございます,祝う,喜ばす,楽しい,円満,謹賀新年,機嫌","愉快 happy
朗報 happy news
喜ばしい happy
明けましておめでとうございます Happy New Year
お誕生日おめでとうございます happy birthday
祝う wish(happy future,good fortune,)
喜ばす happy
楽しい happy
円満 happy
謹賀新年 Happy New Year
機嫌 happy",Guess Vocab related to Keyword,Text
"impossible","あり得ない,不可能,不能,死に体,有り得ない,論外,無理,敵わない,難しい,無い,至難","あり得ない impossible
不可能 impossible
不能 impossible
死に体 falling position which impossible recover
有り得ない impossible
論外 impossible
無理 impossible
敵わない impossible
難しい impossible
無い impossible
至難 next impossible",Guess Vocab related to Keyword,Text
"international","国際的,国際,世界的,借款,国際協力事業団,通産省,国際人,公海,国際法,貿易,通産相","国際的 international
国際 international
世界的 international
借款 (international)loan
国際協力事業団 International Cooperation Agency(1974)
通産省 (former)Ministry International Trade Industry(
国際人 international celebrity
公海 international waters
国際法 international law
貿易 (international)commerce
通産相 Minister International Trade Industry",Guess Vocab related to Keyword,Text
"library","図書室,休館,書房,書斎,開館,図書館,蔵書,文庫,貸出用,本館,館内","図書室 small library;library(usu. single-room)
休館 closure(library,museum,)
書房 library
書斎 library
開館 library,museum,cinema,);opening(new library,mus
図書館 library
蔵書 (personal)library
文庫 library
貸出用 circulation lending(library books)
本館 library
館内 inside library,museum,cinema,",Guess Vocab related to Keyword,Text
"logical","立つ,脈絡,論理的,通す,合理的,通る,正,徹す,等価,質,筋","立つ logical
脈絡 logical connection
論理的 logical
通す proceed logical manner
合理的 logical
通る logical
正 (logical)true
徹す proceed logical manner
等価 (logical)equivalence
質 logical quality
筋 logical move(,shogi,)",Guess Vocab related to Keyword,Text
"outset","土台,始め,振り出し,初め,手始め,冒頭,当初,元々,総体,序盤,最初","土台 outset
始め outset
振り出し outset
初め outset
手始め outset
冒頭 outset
当初 outset
元々 outset
総体 outset
序盤 outset
最初 outset",Guess Vocab related to Keyword,Text
"peculiar","奇異,変,変わった,固有,特有,独自,特異,奇妙,持ち味,特殊,珍","奇異 peculiar
変 peculiar
変わった peculiar
固有 peculiar
特有 peculiar
独自 peculiar
特異 peculiar
奇妙 peculiar
持ち味 peculiar quality
特殊 peculiar
珍 peculiar",Guess Vocab related to Keyword,Text
"pleasant","心地よい,愉快,快感,良い,快適,爽やか,快い,楽しい,温和,穏和,面白い","心地よい pleasant
愉快 pleasant
快感 pleasant feeling;pleasant sensation
良い pleasant
快適 pleasant
爽やか pleasant
快い pleasant
楽しい pleasant
温和 pleasant
穏和 pleasant
面白い pleasant",Guess Vocab related to Keyword,Text
"precious","大切,玉,惜しい,石,折角,大事,貴重,宝石,尊い,貴い,貴金属","大切 precious
玉 precious
惜しい precious
石 precious stone
折角 precious
大事 precious
貴重 precious
宝石 precious stone
尊い precious;precious
貴い precious;precious
貴金属 precious metal",Guess Vocab related to Keyword,Text
"presentation","披露,上場,寄贈,授与,上演,提出,紹介,提示,贈与,実演,贈呈","披露 presentation
上場 presentation
寄贈 presentation
授与 presentation
上演 presentation
提出 presentation(documents)
紹介 presentation
提示 presentation(plan,response,);presentation(passp
贈与 presentation
実演 presentation
贈呈 presentation(gift,prize,)",Guess Vocab related to Keyword,Text
"relieve","替わる,緩める,止める,散らす,解く,消す,代わる,鎮める,紛らす,和らげる,解きほぐす","替わる relieve
緩める relieve(tension)
止める relieve(pain)
散らす relieve
解く relieve
消す relieve(pain,anxiety,)
代わる relieve
鎮める relieve(cough,pain,)
紛らす relieve(boredom,sorrow,)
和らげる relieve
解きほぐす relieve(stress,tension)",Guess Vocab related to Keyword,Text
"representation","指数,代理,表記,代表,表現,如実,分身,比例,象徴,表示,表明","指数 exponent(floating-point representation)
代理 representation
表記 written representation
代表 representation
表現 representation;representation(group)
如実 faithful representation
分身 representation
比例 proportional representation section(election)
象徴 representation
表示 representation
表明 representation",Guess Vocab related to Keyword,Text
"sheet","真っ青,調書,下敷,下敷き,板,埋める,鋼板,板ガラス,用紙,楽譜,答案","真っ青 white sheet
調書 charge sheet
下敷 sheet plastic(cardboard,felt,)placed under writ
下敷き sheet plastic(cardboard,felt,)placed under wri
板 sheet(metal)
埋める fill(form,sheet)
鋼板 steel sheet;steel sheet
板ガラス sheet glass
用紙 sheet paper
楽譜 sheet music
答案 answer sheet",Guess Vocab related to Keyword,Text
"shortage","埋める,飢饉,欠陥,渇水,貧困,不足,補う,欠損,欠乏,穴,欠如","埋める (loss,shortage,)
飢饉 chronic shortage(water)
欠陥 shortage
渇水 water shortage
貧困 shortage
不足 shortage
補う cover(shortage,loss,)
欠損 shortage
欠乏 shortage
穴 shortage
欠如 shortage",Guess Vocab related to Keyword,Text
"signal","赤信号,合図,信号,妨害,告げる,電波,出力,折り返す,時報,通信,拾う","赤信号 signal stop
合図 signal
信号 traffic signal;signal
妨害 jamming(signal)
告げる signal
電波 signal
出力 output(electrical,signal,)
折り返す loopback(signal,message,)
時報 signal
通信 signal
拾う pick(signal,sound,interference,)",Guess Vocab related to Keyword,Text
"specialty","土産,専業,専門,駅弁,お土産,十八番,得意,名物,売り物,本領,特産","土産 local specialty souvenir bought gift while trav
専業 specialty
専門 specialty
駅弁 boxed lunch bought station(often local specialt
お土産 local specialty souvenir bought gift while tra
十八番 specialty
得意 specialty
名物 specialty
売り物 specialty
本領 specialty
特産 local specialty",Guess Vocab related to Keyword,Text
"spend","暮らす,使う,明け暮れ,過ごす,掛ける,明かす,移す,構う,費やす,落とす,送る","暮らす spend
使う spend
明け暮れ spend
過ごす spend
掛ける spend(,money)
明かす spend
移す spend take
構う spend
費やす spend
落とす spend money certain place
送る spend",Guess Vocab related to Keyword,Text
"steady","堅い,付き合う,硬い,手堅い,堅調,堅実,固い,座る,押さえる,地道,着実","堅い steady
付き合う steady
硬い steady
手堅い steady
堅調 steady
堅実 steady
固い steady
座る hold steady
押さえる hold steady
地道 steady
着実 steady",Guess Vocab related to Keyword,Text
"suggestion","連想,思いつき,助言,勧め,提案,建議,思い付き,案,発案,示唆,暗示","連想 suggestion
思いつき suggestion
助言 suggestion
勧め suggestion
提案 suggestion
建議 suggestion
思い付き suggestion
案 suggestion
発案 suggestion
示唆 suggestion
暗示 suggestion",Guess Vocab related to Keyword,Text
"survey","実態調査,観察,意識調査,計る,積算,測る,様子を見る,見渡す,調査,観測,量る","実態調査 fact-finding survey
観察 survey
意識調査 attitude survey
計る survey
積算 quantity survey
測る survey
様子を見る survey situation
見渡す survey(scene)
調査 survey
観測 survey
量る survey",Guess Vocab related to Keyword,Text
"tune","歌曲,投じる,吹く,楽曲,曲,調子,整える,旋律,節,調べ,色","歌曲 tune
投じる tune
吹く whistle(tune)
楽曲 tune
曲 tune
調子 tune
整える regulate(rhythm,tune,breathing)
旋律 tune
節 tune
調べ tune
色 tune",Guess Vocab related to Keyword,Text
"vacant","空っぽ,空地,空き地,埋める,空席,虚しい,空き家,欠員,空く,空しい,開く","空っぽ vacant
空地 vacant land
空き地 vacant land
埋める fill(seat,vacant position)
空席 vacant post
虚しい vacant
空き家 vacant house
欠員 vacant position
空く vacant
空しい vacant
開く vacant",Guess Vocab related to Keyword,Text
"vessel","帆船,船,水滴,容器,注ぐ,器,盛り込む,血管,船舶,器物,脈絡","帆船 sailing vessel
船 vessel
水滴 vessel replenishing inkstone water
容器 vessel
注ぐ pour(vessel)
器 vessel
盛り込む fill(vessel)
血管 blood vessel
船舶 vessel
器物 vessel
脈絡 blood vessel",Guess Vocab related to Keyword,Text
"video","撮影,動画,再生,収録,実況,映像,抜く,撮る,開発元,録画,面","撮影 (video)recording
動画 video(digital);video clip
再生 views(online video);regeneration(video sound)
収録 recording(audio video)
実況 Let's Play(playthrough video game player commen
映像 video
抜く record(video)
撮る record(audio video)
開発元 developer(software,video games,)
録画 (video)recording
面 counter broad,flat objects,levels stages,video g",Guess Vocab related to Keyword,Text
"vigour","勢い,力,気迫,威勢,精,気勢,張り切る,活気,精力,景気,英気","勢い vigour
力 vigour
気迫 vigour
威勢 vigour
精 vigor(vigour)
気勢 vigour
張り切る full vigor(vigour)
活気 vigour
精力 vigour
景気 vigour
英気 vigour",Guess Vocab related to Keyword,Text
"village","字,同郷,村,村長,選手村,山村,部落,集落,村議会,漁村,農村","字 section village
同郷 same village
村 village
村長 village mayor;village headman
選手村 Olympic village;athlete's village
山村 mountain village
部落 subunit village
集落 village
村議会 village assembly
漁村 fishing village
農村 farm village",Guess Vocab related to Keyword,Text
"wait","待ち伏せ,待つ,待ち,待ち兼ねる,待ち受ける,待ち望む,様子を見る,伺う,待ち構える,横たわる,見送る","待ち伏せ lying wait ambush
待つ wait
待ち wait tile
待ち兼ねる wait impatiently
待ち受ける wait
待ち望む wait eagerly
様子を見る wait see
伺う wait
待ち構える lie wait;wait
横たわる lie wait
見送る wait see",Guess Vocab related to Keyword,Text
"want","貧困,欠乏,欲しがる,望む,欲しい,不自由,何故なら,求める,欲求,思う,欲する","貧困 want
欠乏 want
欲しがる appear want;obviously want;seem want
望む want
欲しい want(,,)
不自由 want
何故なら if want know why
求める want
欲求 want
思う want
欲する want",Guess Vocab related to Keyword,Text
"we","に従って,僕たち,知ってのとおり,じゃ無いか,内,当方,僕ら,では無いか,我々,知っての通り,私たち","に従って X,then Y(we age we gain wisdom,wine matures b
僕たち we
知ってのとおり we know
じゃ無いか how we;why don't we;shouldn't we
内 we
当方 we
僕ら we
では無いか shouldn't we;why don't we;how we
我々 we
知っての通り we know
私たち we",Guess Vocab related to Keyword,Text
"affair","件,不倫,事,浮気,局,事件,出来事,事柄,色,儀","件 affair
不倫 affair
事 affair
浮気 affair
局 affair
事件 affair
出来事 affair
事柄 affair
色 love affair
儀 affair",Guess Vocab related to Keyword,Text
"already","追い討ち,兼ねて,今更,いい加減,予て,在来,既に,早,結構,最早","追い討ち additional blow already unfortunate situation
兼ねて already
今更 now(when already much too late)
いい加減 (already)enough
予て already
在来 already there
既に already
早 already
結構 (already)enough
最早 already",Guess Vocab related to Keyword,Text
"arrow","矢先,放つ,幹,発する,向く,羽,矢印,矢,立つ,羽根","矢先 target flying arrow
放つ fire(gun,arrow,questions,)
幹 (arrow)shaft
発する shoot(arrow bullet)
向く point(arrow,compass needle,)
羽 arrow feathers
矢印 arrow(symbol)
矢 arrow
立つ arrow,thorn)
羽根 arrow feathers",Guess Vocab related to Keyword,Text
"artist","代表作,作者,化ける,作家,芸術家,女史,作風,女流,漫画家,画家","代表作 most important work(writer,artist,)
作者 artist
化ける improve unexpectedly dramatically(actor,artist
作家 artist
芸術家 artist
女史 scholar,artist,critic,politician)
作風 style(work,author,artist,)
女流 woman(writer,artist,aviator,)
漫画家 manga artist;comic book artist
画家 artist",Guess Vocab related to Keyword,Text
"awkward","照れる,怪しい,下手くそ,不器用,不味い,下手,羽目,煙たい,兼ねる,苦しい","照れる feel awkward
怪しい awkward
下手くそ awkward
不器用 (socially)awkward;awkward
不味い awkward
下手 awkward
羽目 awkward situation
煙たい awkward
兼ねる find difficult(unpleasant,awkward,painful)
苦しい awkward(position)",Guess Vocab related to Keyword,Text
"blind","盲点,行き止まり,谷間,見逃す,盲人,失明,盲学校,盲目,盲腸,看過","盲点 blind spot;blind spot(retina)
行き止まり blind alley
谷間 blind spot
見逃す turn blind eye
盲人 blind
失明 going blind
盲学校 blind
盲目 blind(love,faith)
盲腸 blind gut
看過 turning blind eye",Guess Vocab related to Keyword,Text
"capacity","容量,力量,体積,器,石,量,力,定員,技能,容積","容量 capacity
力量 capacity
体積 capacity
器 capacity
石 measure Japanese-style boat's loading capacity(a
量 capacity
力 capacity
定員 seating capacity;capacity(bus,boat,theatre,)
技能 capacity
容積 capacity",Guess Vocab related to Keyword,Text
"cheerful","バラ色,明朗,陽気,薔薇色,陽性,朗らか,浮く,明るい,愉快,軽快","バラ色 cheerful
明朗 cheerful
陽気 cheerful
薔薇色 cheerful
陽性 cheerful
朗らか cheerful
浮く cheerful
明るい cheerful
愉快 cheerful
軽快 cheerful",Guess Vocab related to Keyword,Text
"comparison","参照,対照,比,当たる,興,方,対比,比べ,比べる,比較","参照 comparison
対照 comparison
比 comparison;explicit comparison(style Shi Jing)
当たる check(i.e. comparison)
興 implicit comparison(style Shi Jing)
方 indicates side comparison
対比 comparison
比べ comparison
比べる comparison
比較 comparison",Guess Vocab related to Keyword,Text
"compassion","情,哀れ,情け,光明,仁,同情,思いやり,普賢,慈悲,観音","情 compassion
哀れ compassion
情け compassion
光明 light emanating buddha bodhisattva,symbolizing 
仁 compassion
同情 compassion
思いやり compassion
普賢 Universal Compassion
慈悲 compassion
観音 Buddhist deity compassion",Guess Vocab related to Keyword,Text
"connect","結ぶ,併せる,付ける,決まる,合わせる,接する,合わす,続く,着ける,通る","結ぶ connect(two distant places)
併せる connect
付ける connect
決まる connect(punch)
合わせる connect
接する connect
合わす connect
続く connect
着ける connect
通る connect",Guess Vocab related to Keyword,Text
"fasten","固める,差す,締める,付ける,縛る,括る,閉ざす,止める,着ける,結う","固める fasten
差す fasten
締める fasten
付ける fasten
縛る fasten
括る fasten
閉ざす fasten
止める fasten
着ける fasten
結う fasten",Guess Vocab related to Keyword,Text
"folk","民間,民,民話,民芸,昔話,民俗,民謡,音頭,風,衆","民間 folk
民 folk
民話 folk tale;folk story
民芸 folk craft;folk art
昔話 folk tale
民俗 folk customs
民謡 folk song
音頭 folk song dance performed group
風 folk song(genre Shi Jing)
衆 folk",Guess Vocab related to Keyword,Text
"forest","密林,林道,林,山林,間伐,処女,奥,山火事,森,森林","密林 dense forest
林道 path through forest
林 forest
山林 forest mountain;montane forest;mountain forest;
間伐 periodic thinning(forest)
処女 virgin(forest)
奥 depths(forest)
山火事 forest fire
森 forest
森林 forest",Guess Vocab related to Keyword,Text
"grain","割り引く,粒,刺し,肌,目,粒子,横目,眼,穀物,通る","割り引く take grain salt
粒 grain
刺し grain thief
肌 grain(wood)
目 grain(wood)
粒子 grain
横目 short grain(paper)
眼 grain(wood)
穀物 grain
通る straight(wood grain)",Guess Vocab related to Keyword,Text
"initiative","先制,先駆け,主導,主導権,先手,取り組み,自主的,率先,後手,試み","先制 initiative
先駆け taking initiative
主導 initiative
主導権 initiative
先手 (seizing)initiative
取り組み initiative
自主的 own initiative
率先 taking initiative
後手 losing initiative
試み initiative",Guess Vocab related to Keyword,Text
"instruction","垂れる,授業,指導,命令,教授,手順,教育,教習,訓示,教え","垂れる give(lesson,instruction,scolding)(lower status
授業 instruction
指導 instruction
命令 (software)instruction
教授 instruction
手順 instruction
教育 instruction
教習 instruction
訓示 instruction
教え instruction",Guess Vocab related to Keyword,Text
"invitation","案内,誘い,勧誘,招致,誘致,口,募集,招き,招請,招待","案内 invitation
誘い invitation
勧誘 invitation
招致 invitation
誘致 invitation
口 invitation
募集 invitation
招き invitation
招請 invitation
招待 invitation",Guess Vocab related to Keyword,Text
"leaf","枯葉,葉っぱ,枯れ葉,先端,押す,葉,落ち葉,金屏風,柄,茂る","枯葉 dead leaf
葉っぱ leaf
枯れ葉 dead leaf
先端 cusp(leaf,crescent moon,)
押す affix(gold leaf)
葉 leaf
落ち葉 leaf litter;leaf fall
金屏風 folding screen covered gold leaf
柄 stalk(mushroom,leaf,)
茂る full leaf",Guess Vocab related to Keyword,Text
"miserable","哀れ,陰気,情けない,屋台,悲しい,切ない,無残,悲惨,惨め,気の毒","哀れ miserable
陰気 miserable
情けない miserable
屋台 house(small miserable)
悲しい miserable
切ない miserable
無残 miserable
悲惨 miserable
惨め miserable
気の毒 miserable",Guess Vocab related to Keyword,Text
"mission","大役,使い,使命,任務,綱領,在外公館,使節,帯びる,公使,遊撃","大役 important mission
使い mission
使命 mission
任務 mission
綱領 mission statement
在外公館 diplomatic mission
使節 mission
帯びる entrusted(mission)
公使 diplomat below rank ambassador(deputy chief mis
遊撃 search-and-destroy mission;search-and-kill miss",Guess Vocab related to Keyword,Text
"nearby","すぐ側,手前,近々,手元,添える,直ぐ,傍ら,間近,直,辺り","すぐ側 nearby
手前 nearby
近々 nearby
手元 nearby
添える approach nearby
直ぐ nearby
傍ら nearby
間近 nearby
直 nearby
辺り nearby",Guess Vocab related to Keyword,Text
"noble","健気,潔い,名門,別室,姫,貴い,参入,散る,尊い,貴族","健気 noble
潔い noble
名門 noble family
別室 concubine(noble)
姫 young lady noble birth
貴い noble;noble
参入 visiting high-class noble individual
散る die noble death
尊い noble;noble
貴族 noble",Guess Vocab related to Keyword,Text
"noh","狂言,能楽,面,急,切り,型,隅,曇る,照る,能","狂言 farce presented between noh plays during interl
能楽 noh play
面 mask(noh kyogen mask)
急 (gagaku noh)end song
切り finale(noh song)
型 style(kabuki,noh,)
隅 downstage right(noh stage)
曇る look slightly downward(noh mask
照る look slightly upward(noh mask
能 noh(theatre)",Guess Vocab related to Keyword,Text
"outlook","観,人生観,展望,世界観,視野,目処,見通し,眺め,前途,見晴らし","観 outlook
人生観 outlook
展望 outlook
世界観 outlook world
視野 outlook(life)
目処 outlook
見通し outlook
眺め outlook
前途 outlook
見晴らし outlook",Guess Vocab related to Keyword,Text
"overlap","合わせる,打ち合せ,合わす,掛かる,打ち合わせ,重なる,併せる,打合わせ,打合せ,被る","合わせる overlap
打ち合せ overlap(coat,)
合わす overlap
掛かる overlap(information manual)
打ち合わせ overlap(coat,)
重なる overlap(each other)
併せる overlap
打合わせ overlap(coat,)
打合せ overlap(coat,)
被る overlap(sound color)",Guess Vocab related to Keyword,Text
"prepare","創る,打つ,振る,仕立てる,設ける,整える,作る,構える,備える,造る","創る prepare;prepare(food)
打つ prepare
振る prepare infusion
仕立てる prepare
設ける prepare
整える prepare
作る prepare;prepare(food)
構える prepare advance(meal)
備える prepare
造る prepare(food);prepare",Guess Vocab related to Keyword,Text
"replacement","形成,更迭,更新,切り替え,代わり,替わり,交換,替え,入れ替え,補充","形成 replacement
更迭 replacement
更新 replacement
切り替え replacement
代わり replacement
替わり replacement
交換 replacement
替え replacement
入れ替え replacement
補充 replacement",Guess Vocab related to Keyword,Text
"representative","代人,代名詞,代理,代表作,代理人,典型的,代表,代表的,特派員,担ぐ","代人 representative
代名詞 representative
代理 representative
代表作 representative work
代理人 representative
典型的 representative
代表 representative;representative example
代表的 representative
特派員 representative
担ぐ choose representative",Guess Vocab related to Keyword,Text
"responsible","式部,担当,弁,戦犯,責任を持つ,主体的,責任者,負う,担当者,張本人","式部 (Meiji era)official responsible court ceremonie
担当 responsible(work role,)
弁 division daijokan under ritsuryō responsible con
戦犯 responsible team's defeat
責任を持つ responsible
主体的 responsible
責任者 responsible party;responsible
負う become responsible
担当者 responsible
張本人 responsible",Guess Vocab related to Keyword,Text
"shine","差す,漏れる,光る,射す,映える,磨く,照る,艶,照らす,輝く","差す shine
漏れる shine through
光る shine
射す shine
映える shine
磨く shine
照る shine
艶 shine
照らす shine
輝く shine",Guess Vocab related to Keyword,Text
"skillful","上手い,巧い,上手,達筆,巧み,器用,旨い,鮮やか,巧妙,美味い","上手い skillful
巧い skillful
上手 skillful
達筆 skillful penmanship
巧み skillful
器用 skillful
旨い skillful
鮮やか skillful
巧妙 skillful
美味い skillful",Guess Vocab related to Keyword,Text
"stuck","立ち往生,引っかかる,立つ,引っ掛かる,刺さる,缶詰,極まる,難民,引っ掛る,缶詰め","立ち往生 getting stuck
引っかかる stuck
立つ stuck(
引っ掛かる stuck
刺さる stuck
缶詰 stuck confined space
極まる stuck
難民 stuck(place situation)
引っ掛る stuck
缶詰め stuck confined space",Guess Vocab related to Keyword,Text
"suffix","呼び捨て,等,丸,号,目,事,御,眼,達,号車","呼び捨て addressingusing suffix such -san -chan(consid
等 nominalizing suffix;pluralizing suffix
丸 suffix ship names;suffix names swords,armour,mus
号 suffix attached names ships,trains,airplanes,
目 ordinal number suffix
事 nominalizing suffix
御 honorific suffix
眼 ordinal number suffix
達 pluralizing suffix(animals
号車 suffix train car numbers",Guess Vocab related to Keyword,Text
"surgery","病院,請ける,形成,医院,切る,整形外科,受ける,術後,外科,手術","病院 doctor's surgery
請ける undergo(surgery)
形成 repair(plastic surgery)
医院 doctor's surgery
切る perform(surgery)
整形外科 orthopedic surgery;cosmetic surgery;plastic s
受ける undergo(surgery)
術後 surgery
外科 surgery(branch medicine);department surgery
手術 surgery",Guess Vocab related to Keyword,Text
"television","局,テレビ局,受像,出場,視聴者,テレビ番組,帯,受信機,視聴,視聴率","局 broadcasting station(television,radio)
テレビ局 television station
受像 (television)reception
出場 appearance(stage,television,)
視聴者 (television)audience
テレビ番組 television program
帯 radio television program broadcast same slot mos
受信機 (television,radio,)receiver
視聴 (television)viewing
視聴率 ratings(television program)",Guess Vocab related to Keyword,Text
"vicinity","周辺,近く,側,辺,近隣,周り,付近,近辺,身の回り,辺り","周辺 vicinity
近く vicinity
側 vicinity
辺 vicinity
近隣 vicinity
周り vicinity
付近 vicinity
近辺 vicinity
身の回り vicinity
辺り vicinity",Guess Vocab related to Keyword,Text
"wisdom","に従って,知恵,不明,分別,不動,相場,光明,英気,英知,通念","に従って X,then Y(we age we gain wisdom,wine matures b
知恵 wisdom
不明 lack wisdom
分別 wisdom
不動 Acala(Wisdom King)
相場 reputation(according conventional wisdom)
光明 light emanating buddha bodhisattva,symbolizing 
英気 great wisdom
英知 wisdom
通念 common wisdom",Guess Vocab related to Keyword,Text
"boundary","境,見切り,境界,仕切り,障壁,区域,枠外,区画,臨界","境 boundary
見切り boundary
境界 boundary
仕切り boundary
障壁 boundary fence
区域 boundary
枠外 boundary
区画 boundary
臨界 boundary",Guess Vocab related to Keyword,Text
"burn","焦げる,火傷,飛ばす,注す,差す,燃える,焼く,燃やす,焼ける","焦げる burn
火傷 burn
飛ばす burn(alcohol)
注す burn
差す burn
燃える burn
焼く burn(optical disc);burn
燃やす burn;burn(emotion,feeling)
焼ける burn",Guess Vocab related to Keyword,Text
"chairman","司会者,司会,会長,主席,主宰,座長,委員長,首席,議長","司会者 chairman
司会 chairman
会長 chairman
主席 chairman
主宰 chairman
座長 chairman
委員長 (committee)chairman
首席 chairman
議長 chairman",Guess Vocab related to Keyword,Text
"comfortable","慣れ,快い,優雅,伸びやか,平ら,快適,心地よい,楽,気楽","慣れ comfortable
快い comfortable
優雅 comfortable
伸びやか comfortable
平ら comfortable
快適 comfortable
心地よい comfortable
楽 (economically)comfortable
気楽 comfortable",Guess Vocab related to Keyword,Text
"comment","吐く,談話,意見,批判,注,差し控える,総評,論評,言葉","吐く (comment)
談話 comment
意見 comment
批判 comment
注 comment
差し控える withhold(announcement,comment,)
総評 general comment
論評 comment
言葉 comment",Guess Vocab related to Keyword,Text
"conjecture","予想,模様,計る,測る,推量,推す,量る,推測,見当","予想 conjecture
模様 conjecture current situation
計る conjecture
測る conjecture
推量 conjecture
推す conjecture
量る conjecture
推測 conjecture
見当 conjecture",Guess Vocab related to Keyword,Text
"construct","創る,組み立てる,作る,作り上げる,建てる,組む,築く,築き上げる,造る","創る construct
組み立てる construct
作る construct
作り上げる construct
建てる construct
組む construct
築く construct
築き上げる construct
造る construct",Guess Vocab related to Keyword,Text
"continuous","連用,常時,勤続,継続的,持続的,改善,通し,源流,続伸","連用 continuous use
常時 continuous
勤続 continuous service
継続的 continuous
持続的 continuous
改善 kaizen(business philosophy continuous improveme
通し continuous run
源流 origin continuous(language,culture,)
続伸 continuous rise(market price)",Guess Vocab related to Keyword,Text
"curve","曲げる,反る,切れる,曲がる,曲線,先端,変化球,緩やか,緩い","曲げる curve
反る curve
切れる curve
曲がる curve
曲線 curve
先端 apex(curve)
変化球 curve ball
緩やか gentle(slope,curve)
緩い gentle(curve,slope,)",Guess Vocab related to Keyword,Text
"custody","止める,預かる,預かり,保管,保護,引き取る,留置,拘禁,預ける","止める keep custody
預かる keep custody
預かり under custody
保管 custody
保護 custody
引き取る take custody
留置 custody
拘禁 custody
預ける place(custody)",Guess Vocab related to Keyword,Text
"disability","身障者,障害者,障害,精神障害,重度,不自由,健常者,精神薄弱,身体障害者","身障者 physical disability
障害者 (physical mental)disability
障害 disability
精神障害 mental disability
重度 severe(illness,disability,)
不自由 disability
健常者 physical mental disability
精神薄弱 intellectual disability
身体障害者 physical disability",Guess Vocab related to Keyword,Text
"funeral","包む,社葬,葬儀,送り,式場,限り,斎場,葬式,葬送","包む wedding gift,funeral offering,)
社葬 company funeral
葬儀 funeral service;funeral
送り funeral
式場 ceremonial hall(wedding,funeral)
限り funeral
斎場 funeral hall
葬式 funeral
葬送 attendance funeral;funeral",Guess Vocab related to Keyword,Text
"incl.","下町,中部,責任,洗面器,中性,北陸,購読,家人,消費税","下町 Shitamachi(low-lying area eastern Tokyo near To
中部 Chūbu region(incl. Aichi,Nagano,Shizuoka,Niigat
責任 responsibility(incl. supervision staff)
洗面器 wash bowl(incl. portable bowl public bath)
中性 neutrality(incl. chemical,electrical,)
北陸 incl. Niigata,Toyama,Ishikawa Fukui prefectures
購読 subscribing(incl. free subscriptions)
家人 household member(incl. servants)
消費税 consumption tax(incl. sales tax,VAT,excise dut",Guess Vocab related to Keyword,Text
"intent","意気込む,意志,悪意,前提,意思表示,故意,悪気,殺意,趣旨","意気込む intent
意志 intent
悪意 criminal intent deceive
前提 intent
意思表示 declaration intent
故意 intent
悪気 evil intent
殺意 intent kill;intent murder
趣旨 intent",Guess Vocab related to Keyword,Text
"interruption","不通,中絶,停止,中止,中断,妨害,切れ目,割り込み,邪魔","不通 interruption
中絶 interruption
停止 interruption(electricity supply)
中止 interruption
中断 interruption
妨害 interruption
切れ目 interruption
割り込み interruption
邪魔 interruption",Guess Vocab related to Keyword,Text
"lamp","灯油,点す,傘,蛍光灯,明かり,灯す,灯,点く,灯り","灯油 lamp oil
点す light(candle,lamp,)
傘 shade(lamp)
蛍光灯 fluorescent lamp
明かり lamp
灯す light(candle,lamp,)
灯 lamp
点く lit(lamp,burner,)
灯り lamp",Guess Vocab related to Keyword,Text
"locality","地域,地方自治体,地方,方向音痴,土地,所,局地,土地柄,郷土","地域 locality
地方自治体 locality
地方 locality
方向音痴 poor sense locality
土地 locality
所 locality
局地 locality
土地柄 nature locality
郷土 locality",Guess Vocab related to Keyword,Text
"martial","武道,受け,戒厳令,剣道,封じ手,型,道場,段,級","武道 martial arts
受け receiver technique(martial arts)
戒厳令 martial law
剣道 martial art using bamboo swords
封じ手 forbidden maneuver(sumo,martial arts,)
型 kata(set sequence positions movements martial ar
道場 hall martial arts training
段 dan(degree advanced proficiency martial arts,,sh
級 kyu(junior rank martial arts,,shogi,)",Guess Vocab related to Keyword,Text
"operate","回す,働く,扱う,取り扱う,動く,動かす,操る,通る,営む","回す operate(business,shop)
働く operate
扱う operate(machine)
取り扱う operate(machine,)
動く operate
動かす operate
操る operate(machine)
通る operate(between)
営む operate",Guess Vocab related to Keyword,Text
"organ","病む,移植,機関,機関紙,心,器官,行政機関,循環器,拒絶反応","病む wrong(inner organ)
移植 transplantation(organ,tissue,)
機関 organ
機関紙 (party)organ
心 heart(organ)
器官 organ
行政機関 administrative organ
循環器 circulatory organ
拒絶反応 (organ)rejection",Guess Vocab related to Keyword,Text
"package","地,包み,箱,推奨環境,明ける,小包,空ける,荷物,開ける","地 bottom(package,book,)
包み package
箱 package
推奨環境 requirements(i.e. recommended hardware softwa
明ける unwrap(parcel,package)
小包 package
空ける unwrap(parcel,package)
荷物 package
開ける unwrap(parcel,package)",Guess Vocab related to Keyword,Text
"partition","区画,区切る,仕切り,分離,隔て,隔てる,区分,分割,壁","区画 partition
区切る partition
仕切り partition
分離 partition
隔て partition
隔てる partition
区分 partition
分割 partition
壁 partition",Guess Vocab related to Keyword,Text
"physique","体型,体,造り,肉体,作り,体格,体形,柄,骨格","体型 (type)physique;physique
体 physique
造り physique
肉体 physique
作り physique
体格 physique
体形 physique;(type)physique
柄 physique
骨格 physique",Guess Vocab related to Keyword,Text
"pierce","刺さる,染みる,立つ,突き刺す,突き抜ける,刺す,抜く,貫く,通る","刺さる pierce
染みる pierce
立つ pierce
突き刺す pierce
突き抜ける pierce through
刺す pierce
抜く pierce
貫く pierce
通る pierce",Guess Vocab related to Keyword,Text
"potential","引き出す,仮想,将来的,引出す,体力,可能,戦力,怪しい,地力","引き出す bring(talent,potential,beauty,flavour,)
仮想 potential(enemy)
将来的 potential
引出す bring(talent,potential,beauty,flavour,)
体力 strength organization(profitability,productivit
可能 potential
戦力 war potential
怪しい suspicious(potential amorous relation)
地力 own potential",Guess Vocab related to Keyword,Text
"prop","柱,屋台,小道具,突く,突っ張る,支える,支柱,突っ張り,添える","柱 prop
屋台 stage prop fashioned large building
小道具 prop;prop master
突く prop
突っ張る prop(post)
支える prop
支柱 prop
突っ張り prop
添える prop",Guess Vocab related to Keyword,Text
"safety","安否,無事,公安委員会,保安,公安,医薬,安全,安心,機嫌","安否 safety
無事 safety
公安委員会 public safety commission
保安 safety
公安 public safety
医薬 Pharmaceutical Food Safety Bureau
安全 safety
安心 safety
機嫌 safety",Guess Vocab related to Keyword,Text
"scope","余地,含める,規模,枠外,広範囲,余裕,範囲,間口,限り","余地 scope
含める include(group scope)
規模 scope
枠外 scope
広範囲 wide scope
余裕 scope
範囲 scope
間口 scope(work)
限り scope",Guess Vocab related to Keyword,Text
"seek","働き掛ける,探す,仰ぐ,働きかける,問い合わせる,伺う,求める,捜す,図る","働き掛ける seek action
探す seek
仰ぐ seek
働きかける seek action
問い合わせる seek information
伺う seek direction(your superior)
求める seek
捜す seek
図る seek",Guess Vocab related to Keyword,Text
"smart","味,粋,乙,機敏,発明,賢い,染みる,軽妙,利口","味 smart
粋 smart
乙 smart
機敏 smart
発明 smart
賢い smart
染みる smart
軽妙 smart
利口 smart",Guess Vocab related to Keyword,Text
"stitch","飛ばす,刺す,裏目,目,眼,飛ぶ,縫う,縫目,跳ぶ","飛ばす drop(stitch)
刺す stitch
裏目 purl stitch(knitting)
目 stitch
眼 stitch
飛ぶ missing(page,stitch,)
縫う stitch
縫目 stitch
跳ぶ missing(page,stitch,)",Guess Vocab related to Keyword,Text
"uniform","穏健,セーラー服,同じ,正装,軍服,着用,制服,背番号,均等","穏健 uniform
セーラー服 middy uniform
同じ uniform
正装 uniform
軍服 military uniform
着用 wearing(uniform,seat belt,helmet)
制服 uniform
背番号 uniform number
均等 uniform",Guess Vocab related to Keyword,Text
"US","大尉,州,国会議事堂,米軍,私たち,米国,民主党,選挙人,教書","大尉 captain(Army,US Marine Corps,USAF)
州 state(US,Australia,India,Germany,)
国会議事堂 (US)Capitol
米軍 US armed forces
私たち us
米国 US
民主党 Democratic Party(DPJ US Democratic Party)
選挙人 presidential elector(US)
教書 message(delivered US president state governor)",Guess Vocab related to Keyword,Text
"worship","敬う,対象,お参り,参拝,礼拝,回廊,崇拝,本体,祭る","敬う worship
対象 object(worship,study,)
お参り worship
参拝 visit(shrine temple worship)
礼拝 worship(Buddhist Shinto);worship(Christian)
回廊 cloister(i.e. covered walk typically circling b
崇拝 worship
本体 object worship(shrine,temple,)
祭る worship",Guess Vocab related to Keyword,Text
"apt","旨い,上手い,兎角,適確,的確,巧い,適切,美味い","旨い apt
上手い apt
兎角 apt
適確 apt;apt
的確 apt;apt
巧い apt
適切 apt
美味い apt",Guess Vocab related to Keyword,Text
"artificial","不自然,人工呼吸,衛星,人工衛星,人工,人為的,人工的,人造","不自然 artificial
人工呼吸 artificial respiration
衛星 (artificial)satellite
人工衛星 artificial satellite
人工 artificial
人為的 artificial
人工的 artificial
人造 artificial",Guess Vocab related to Keyword,Text
"assign","割当てる,付ける,与える,充てる,着ける,割り当てる,譲る,課する","割当てる assign
付ける assign
与える assign
充てる assign
着ける assign
割り当てる assign
譲る assign
課する assign(task,duty,)",Guess Vocab related to Keyword,Text
"author","論者,作家,作風,筆者,作者,著者,漫画家,鏡","論者 author
作家 author
作風 style(work,author,artist,)
筆者 author
作者 author
著者 author(usu. particular book)
漫画家 manga author
鏡 page added beginning document mentioning purpose",Guess Vocab related to Keyword,Text
"Bay","湾,下町,江,内海,食い止める,支える,食止める,湾岸","湾 bay
下町 Shitamachi(low-lying area eastern Tokyo near To
江 bay
内海 bay
食い止める keep bay
支える hold bay
食止める keep bay
湾岸 bay coast",Guess Vocab related to Keyword,Text
"brand","専用,味の素,呼ぶ,買い付け,銘柄,商品名,真新しい,記す","専用 using only(certain brand)
味の素 brand monosodium glutamate(MSG)
呼ぶ brand
買い付け favourite(brand,shop,)
銘柄 brand
商品名 brand
真新しい brand new
記す brand",Guess Vocab related to Keyword,Text
"carriage","通過,姿勢,運搬,動作,復帰,送料,馬車,運び","通過 carriage
姿勢 carriage(body)
運搬 carriage
動作 carriage
復帰 carriage return
送料 carriage
馬車 carriage
運び carriage",Guess Vocab related to Keyword,Text
"Church","聖堂,カトリック教会,寺院,奉仕,政教,会堂,教会,正教","聖堂 church
カトリック教会 Catholic Church
寺院 church
奉仕 church work
政教 church state
会堂 church
教会 church
正教 (Greek)orthodox church",Guess Vocab related to Keyword,Text
"communist","主義者,細胞,共産党,赤旗,共産,赤,紅い,赤い","主義者 communist
細胞 cell(organization,communist party)
共産党 Communist Party
赤旗 Red Flag(Communist Party newspaper)
共産 Communist Party
赤 Red(i.e. communist)
紅い communist
赤い communist",Guess Vocab related to Keyword,Text
"concentrate","缶詰,傾ける,止める,集中力,缶詰め,注ぐ,退治,煮詰める","缶詰 confining(so they can concentrate work)
傾ける concentrate
止める concentrate
集中力 ability concentrate
缶詰め confining(so they can concentrate work)
注ぐ concentrate energy(strength,attention,)
退治 making renounce worldly desires order concentra
煮詰める concentrate(soup,milk,stock,)",Guess Vocab related to Keyword,Text
"concentration","濃度,集中力,集中,収容所,結集,切らす,遊ぶ,濃縮","濃度 concentration
集中力 (powers)concentration
集中 concentration(task);concentration(population,bu
収容所 concentration camp
結集 concentration(efforts,forces,)
切らす lose(patience,concentration,)
遊ぶ intentionally throw ball lower batter's concent
濃縮 concentration(solution)",Guess Vocab related to Keyword,Text
"convenience","利便,勝手気まま,便利さ,簡易,勝手,足場,便宜,都合","利便 convenience
勝手気まま oblivious convenience others;(saying things)
便利さ convenience
簡易 convenience
勝手 own convenience;convenience
足場 convenience transportation;convenience access(r
便宜 convenience
都合 convenience",Guess Vocab related to Keyword,Text
"corporate","社債,買収,出世,会社更生法,社団法人,倒産,接待,法人","社債 corporate bond;corporate debenture
買収 acquisition(corporate)
出世 climbing corporate ladder
会社更生法 Corporate Rehabilitation Law
社団法人 corporate juridical
倒産 (corporate)bankruptcy
接待 corporate world)
法人 corporate body",Guess Vocab related to Keyword,Text
"don't","どうでも良い,では無いか,どう致しまして,訳じゃない,訳ではない,じゃ無いか,悪しからず,真逆","どうでも良い don't care
では無いか why don't we
どう致しまして don't mention
訳じゃない don't mean
訳ではない don't mean
じゃ無いか why don't we
悪しからず don't wrong,
真逆 don't say!",Guess Vocab related to Keyword,Text
"drain","干す,下水道,抜く,切る,注ぐ,溝,流出,流す","干す drain
下水道 drain
抜く drain(water bath)
切る drain
注ぐ drain
溝 drain
流出 drain(gold,talent,country)
流す drain",Guess Vocab related to Keyword,Text
"ear","耳,穂,肥える,耳元,耳障り,慣らす,迷路,耳鼻科","耳 ear(pot,jug,);ear(music,);ear
穂 ear(cereal plant)
肥える discerning(eye,ear)
耳元 close ear
耳障り offensive(ear)
慣らす train(ear)
迷路 inner ear
耳鼻科 ear,nose,throat department",Guess Vocab related to Keyword,Text
"endure","保つ,堪える,持堪える,忍ぶ,受け付ける,耐える,持てる,持ち堪える","保つ endure
堪える endure
持堪える endure
忍ぶ endure
受け付ける endure
耐える endure
持てる endure(tests,elements,)
持ち堪える endure",Guess Vocab related to Keyword,Text
"engine","排気,回す,出場,機関,掛ける,機関車,空転,消防車","排気 emission(gas engine)
回す start(engine)
出場 dispatched(ambulance,fire engine,)
機関 engine
掛ける turn(engine,radio,)
機関車 engine
空転 racing(engine)
消防車 fire engine",Guess Vocab related to Keyword,Text
"esteem","尊ぶ,相場,尊重,尊敬,敬う,重んずる,重んじる,貴ぶ","尊ぶ esteem;esteem
相場 esteem
尊重 esteem
尊敬 esteem
敬う hold esteem
重んずる esteem
重んじる esteem
貴ぶ esteem;esteem",Guess Vocab related to Keyword,Text
"illumination","啓蒙,光,明かり,啓発,電光,照射,灯り,照明","啓蒙 illumination
光 illumination
明かり illumination
啓発 illumination
電光 electric illumination
照射 illumination
灯り illumination
照明 illumination",Guess Vocab related to Keyword,Text
"inclination","意向,向き,下地,傾斜,傾向,偏り,色気,性向","意向 inclination
向き inclination
下地 inclination
傾斜 inclination
傾向 inclination
偏り inclination
色気 inclination
性向 inclination",Guess Vocab related to Keyword,Text
"lake","映し出す,湖畔,琵琶湖,湖,湖沼,取水,内海,増水","映し出す reflect(mirror,lake,)
湖畔 lake shore
琵琶湖 Lake Biwa
湖 lake
湖沼 lake
取水 drawing water river lake
内海 lake
増水 rising water(river,lake,)",Guess Vocab related to Keyword,Text
"lapse","時効,乱れる,忘却,流れる,消滅,立ち,経過,落ち度","時効 lapse rights
乱れる lapse chaos(due war,)
忘却 lapse memory
流れる lapse(indolence,despair)
消滅 lapse
立ち lapse
経過 lapse
落ち度 lapse",Guess Vocab related to Keyword,Text
"lucky","付く,巧い,付いてる,旨い,付いている,上手い,拾い物,美味い","付く lucky
巧い lucky
付いてる lucky
旨い lucky
付いている lucky
上手い lucky
拾い物 (lucky)find
美味い lucky",Guess Vocab related to Keyword,Text
"objective","目標,旗印,為,客観,目的,使い道,客観的,立つ","目標 objective
旗印 objective
為 objective
客観 objective
目的 objective
使い道 objective
客観的 objective
立つ established(policy,plan,objective,)",Guess Vocab related to Keyword,Text
"overseas","在外公館,海外出張,在外,海外旅行,華僑,留学生,駐在,海外","在外公館 overseas diplomatic establishment
海外出張 overseas business trip
在外 overseas
海外旅行 overseas travel
華僑 overseas Chinese
留学生 overseas student
駐在 stationed(overseas,)
海外 overseas",Guess Vocab related to Keyword,Text
"parcel","託す,宅配便,小包,開ける,預かり所,包み,明ける,空ける","託す deliver(message,parcel,)
宅配便 express home delivery parcel(box,)
小包 parcel
開ける unwrap(parcel,package)
預かり所 parcel room
包み parcel
明ける unwrap(parcel,package)
空ける unwrap(parcel,package)",Guess Vocab related to Keyword,Text
"Postal","区,郵貯,郵便,ゆうちょ銀行,郵政,振替,消印,簡易保険","区 zone(postal)
郵貯 postal(post-office)savings(deposit)
郵便 postal service;postal items;postal matter
ゆうちょ銀行 JP Bank(former Postal Savings Bank,created 
郵政 postal
振替 postal transfer
消印 (postal)cancellation mark
簡易保険 postal life insurance",Guess Vocab related to Keyword,Text
"proprietor","主人,持ち主,主人公,主,店主,座長,経営者,風呂屋","主人 proprietor(store)
持ち主 proprietor
主人公 proprietor(store)
主 proprietor;proprietor(store)
店主 proprietor shop
座長 proprietor theatrical company
経営者 proprietor
風呂屋 bathhouse proprietor",Guess Vocab related to Keyword,Text
"rash","早まる,吹き出物,軽率,性急,無謀,負ける,気触れ,軽はずみ","早まる rash
吹き出物 rash
軽率 rash
性急 rash
無謀 rash
負ける break rash due(lacquer,shaving,)
気触れ rash
軽はずみ rash",Guess Vocab related to Keyword,Text
"remain","込む,付く,余る,残る,余波,止まる,響く,流れ","込む remain(silent,seated,)
付く remain imprinted
余る remain
残る remain
余波 waves remain wind has subsided
止まる remain
響く remain
流れ group remain together end event",Guess Vocab related to Keyword,Text
"reservation","振り,承る,保留,予約,貸し切り,貸切り,空,飛ばす","振り going restaurant,hotel reservation introduction
承る take(reservation,)
保留 reservation
予約 reservation
貸し切り block reservation
貸切り block reservation
空 no-show(reservation)
飛ばす say reservation",Guess Vocab related to Keyword,Text
"ritual","礼,儀礼,儀式,お礼,神業,仕切り,式,号令","礼 ritual
儀礼 ritual
儀式 ritual
お礼 ritual
神業 Shinto ritual
仕切り preliminary warm-up ritual
式 ritual
号令 ritual bowing start end class",Guess Vocab related to Keyword,Text
"sect","宗門,開く,派,宗,宗派,総本山,浄土真宗,教祖","宗門 sect
開く found(nation,dynasty,sect,)
派 sect
宗 sect;tenets(religious sect)
宗派 sect
総本山 head temple sect
浄土真宗 Jōdo Shinshū(offshoot Jōdo sect)
教祖 founder religious sect",Guess Vocab related to Keyword,Text
"should","用件,事,有り様,正に,禁物,大前提,有様,物","用件 information should conveyed;should performed
事 should
有り様 way things should
正に certainly(should)
禁物 thing should(carefully)avoided
大前提 should obvious;should argued
有様 way things should
物 indicate should happen",Guess Vocab related to Keyword,Text
"spite","割に,悪意,にも拘らず,押す,毒,にも関わらず,思わず,癖に","割に spite
悪意 spite
にも拘らず spite
押す spite
毒 spite
にも関わらず spite
思わず spite
癖に spite",Guess Vocab related to Keyword,Text
"stem","支える,軸,起因,節,食い止める,株,食止める,茎","支える stem
軸 stem
起因 stem
節 node(plant stem);node(plant stem)
食い止める stem
株 plant attached roots stem
食止める stem
茎 stem",Guess Vocab related to Keyword,Text
"straightforward","端的,正直,率直,単純,直,直ぐ,地道,真っ直ぐ","端的 straightforward
正直 straightforward
率直 straightforward
単純 straightforward
直 straightforward
直ぐ straightforward
地道 straightforward
真っ直ぐ straightforward",Guess Vocab related to Keyword,Text
"substantial","実質,具体的,本質的,高騰,大幅,実質的,重厚,相当","実質 substantial
具体的 substantial
本質的 substantial
高騰 substantial increase
大幅 substantial
実質的 substantial
重厚 substantial
相当 substantial",Guess Vocab related to Keyword,Text
"substitution","交替,代用,交代,交換,代替,代償,入れ替え,身代わり","交替 substitution(sports,)
代用 substitution
交代 substitution(sports,)
交換 substitution
代替 substitution
代償 substitution
入れ替え substitution
身代わり substitution(else)",Guess Vocab related to Keyword,Text
"theme","基調,出題,課題,主題,種,題材,題,詠む","基調 basic theme
出題 setting theme(composition poetry)
課題 theme
主題 theme
種 theme
題材 theme
題 theme
詠む use theme poem",Guess Vocab related to Keyword,Text
"toil","稼ぐ,力作,労働,労,苦労,労力,労作,塩","稼ぐ toil
力作 toil
労働 toil
労 toil
苦労 toil
労力 toil
労作 toil
塩 toil",Guess Vocab related to Keyword,Text
"valid","成立,量,有効,乗車券,通用,妥当,成り立つ,立つ","成立 valid(theory,argument,)
量 pramana(means which gains accurate valid knowled
有効 valid
乗車券 basic fare ticket(valid limited express trains
通用 valid
妥当 valid
成り立つ valid
立つ valid(argument,logic,)",Guess Vocab related to Keyword,Text
"vigorous","活発,力強い,盛ん,勇ましい,盛大,達筆,健やか,元気","活発 vigorous
力強い vigorous
盛ん vigorous
勇ましい vigorous
盛大 vigorous
達筆 vigorous writing
健やか vigorous
元気 vigorous",Guess Vocab related to Keyword,Text
"wise","得策,賢明,利口,英明,賢い,君子,賢人,通る","得策 wise policy
賢明 wise
利口 wise
英明 wise
賢い wise
君子 wise man
賢人 wise
通る wise",Guess Vocab related to Keyword,Text
"aspiration","志願,希望,抱負,野望,願望,憧れ,野心","志願 aspiration
希望 aspiration
抱負 aspiration
野望 aspiration
願望 aspiration
憧れ aspiration
野心 aspiration",Guess Vocab related to Keyword,Text
"behalf","代弁,代償,立て替える,内,代行,為に,取り次ぐ","代弁 paying behalf;carrying(behalf)
代償 paying compensation behalf
立て替える temporary payment behalf
内 signed behalf(husband's)wife
代行 actingbehalf
為に behalf
取り次ぐ answer(door phone behalf)",Guess Vocab related to Keyword,Text
"buddy","兄さん,お兄さん,君,戦友,大統領,仲良し,親友","兄さん buddy
お兄さん buddy
君 buddy
戦友 war buddy
大統領 buddy
仲良し bosom buddy
親友 buddy",Guess Vocab related to Keyword,Text
"classic","古典,古書,古典的,代名詞,名画,和歌,定番","古典 classic(work,book)
古書 classic
古典的 classic
代名詞 classic example
名画 film classic
和歌 classic poem,tanka,often 31 morae
定番 classic",Guess Vocab related to Keyword,Text
"consumption","消耗,消化,過ごす,消費,消費税,燃費,食肉","消耗 consumption
消化 consumption
過ごす overdo(alcohol consumption)
消費 consumption
消費税 consumption tax(incl. sales tax,VAT,excise dut
燃費 fuel consumption
食肉 meat(consumption)",Guess Vocab related to Keyword,Text
"deceive","図る,担ぐ,構える,乗せる,悪意,惑わす,欺く","図る deceive
担ぐ deceive
構える fabricate order deceive
乗せる deceive
悪意 criminal intent deceive
惑わす deceive
欺く deceive",Guess Vocab related to Keyword,Text
"effective","働く,効く,効果的,即戦力,利く,有効,運用","働く effective
効く effective
効果的 effective
即戦力 can immediately effective player worker
利く effective
有効 effective
運用 effective management(funds)",Guess Vocab related to Keyword,Text
"exam","試験,点,出題,落ちる,答案,合格,模擬試験","試験 exam
点 mark(exam,)
出題 setting question(exam,quiz,)
落ちる fail(exam)
答案 answer(exam question)
合格 passing(exam)
模擬試験 practice exam;mock exam",Guess Vocab related to Keyword,Text
"explosion","爆発,炸裂,起爆,急増,破裂,爆破,爆音","爆発 explosion;explosion(anger)
炸裂 violent explosion
起爆 explosion
急増 explosion
破裂 explosion
爆破 explosion
爆音 (sound)explosion detonation",Guess Vocab related to Keyword,Text
"facial","人相,切る,落とす,涼しい,鼻紙,緩む,表情","人相 facial features
切る (certain facial expressions,kabuki)
落とす remove(stains facial hair)
涼しい composed(facial expression)
鼻紙 facial tissue
緩む become softer(ground,facial expression)
表情 facial expression",Guess Vocab related to Keyword,Text
"graduation","卒業,卒業式,目,卒業後,年次,同期,眼","卒業 graduation
卒業式 graduation ceremony
目 graduation
卒業後 graduation
年次 year(graduation)
同期 same year(graduation,entering company,)
眼 graduation",Guess Vocab related to Keyword,Text
"guilt","有罪,済む,吟味,黒,白黒,被せる,追及","有罪 guilt
済む feel unease guilt troubling
吟味 inquiry guilt
黒 guilt
白黒 guilt innocence
被せる charge(guilt)
追及 investigation(guilt)",Guess Vocab related to Keyword,Text
"here","当地,方々,所々,この辺,この内,間近,随所","当地 here
方々 here there
所々 here there
この辺 around here
この内 here
間近 almost here
随所 here there",Guess Vocab related to Keyword,Text
"host","司会者,主人,立候補,亭主,上位,司会,招致","司会者 host(TV show,)
主人 host
立候補 bidding(host event,Olympics)
亭主 host(tea gathering)
上位 host computer(connected device)
司会 host
招致 bidding(host Olympics)",Guess Vocab related to Keyword,Text
"imitate","倣う,似せる,写す,準える,添える,真似る,見習う","倣う imitate
似せる imitate
写す imitate
準える imitate
添える imitate
真似る imitate
見習う imitate",Guess Vocab related to Keyword,Text
"impose","つけ込む,強いる,押し付ける,敷く,課する,掛ける,科する","つけ込む impose
強いる impose
押し付ける impose(will)
敷く impose widely(city)
課する impose(tax,fine,)
掛ける impose
科する impose(fine,)",Guess Vocab related to Keyword,Text
"inquire","問い合わせる,洗う,問う,伺う,見舞う,尋ねる,調べる","問い合わせる inquire
洗う inquire
問う inquire
伺う inquire
見舞う inquire
尋ねる inquire
調べる inquire",Guess Vocab related to Keyword,Text
"intercourse","社交,発,営み,交通,国際,嫁ぐ,寝る","社交 social intercourse
発 counter ejaculations sexual intercourse
営み sexual intercourse
交通 intercourse
国際 diplomatic intercourse
嫁ぐ sexual intercourse
寝る sleep(,i.e. intercourse)",Guess Vocab related to Keyword,Text
"interference","干渉,お節介,拾う,雑音,邪魔,妨害,口出し","干渉 interference
お節介 interference
拾う pick(signal,sound,interference,)
雑音 interference(radio)
邪魔 interference
妨害 interference
口出し interference",Guess Vocab related to Keyword,Text
"intersection","交差,目,駄目,交差点,星,十字路,眼","交差 intersection
目 intersection(board)
駄目 intersection owned neither player end game
交差点 intersection
星 star point(intersection marked dot)
十字路 intersection
眼 intersection(board)",Guess Vocab related to Keyword,Text
"invite","誘う,引っ張る,募る,迎える,買う,招く,呼ぶ","誘う invite
引っ張る strongly invite join
募る invite contributions,
迎える invite
買う invite(scorn)
招く invite
呼ぶ invite",Guess Vocab related to Keyword,Text
"masterpiece","名著,名曲,名画,傑作,代表作,名作,大作","名著 masterpiece(literary work)
名曲 (musical)masterpiece
名画 masterpiece(painting)
傑作 masterpiece
代表作 masterpiece
名作 masterpiece
大作 masterpiece",Guess Vocab related to Keyword,Text
"measures","中途半端,講ずる,伏線,行政処分,政策,無策,小手先","中途半端 half measures
講ずる take measures
伏線 precautionary measures
行政処分 administrative measures(disposition)
政策 political measures
無策 measures
小手先 makeshift(measures)",Guess Vocab related to Keyword,Text
"Meiji","式部,新劇,明治,貫,藩,維新,近代","式部 (Meiji era)official responsible court ceremonie
新劇 western-inspired drama which developed towards 
明治 Meiji era(1868.9.8-1912.7.30)
貫 col. 10 mon Meiji)
藩 han(estate daimyo Edo early Meiji periods)
維新 Meiji Restoration
近代 early modern(,usu. Meiji Restoration until end ",Guess Vocab related to Keyword,Text
"population","人口,住民,希薄,国勢,集中,系統,過疎","人口 population
住民 population
希薄 sparse(population)
国勢 state country(population,resources,)
集中 concentration(population,buildings,power,)
系統 population sharing common ancestor(genetics)
過疎 low population density",Guess Vocab related to Keyword,Text
"postpone","伸ばす,見合わせる,持ち越す,延ばす,見送る,譲る,遅らす","伸ばす postpone
見合わせる postpone
持ち越す postpone
延ばす postpone
見送る postpone
譲る postpone
遅らす postpone",Guess Vocab related to Keyword,Text
"pottery","楽,薬,陶器,焼く,生地,瀬戸物,陶磁器","楽 raku pottery
薬 (pottery)glaze
陶器 pottery
焼く (charcoal,pottery,bricks,)
生地 unglazed pottery
瀬戸物 pottery
陶磁器 pottery porcelain",Guess Vocab related to Keyword,Text
"profession","商売,告白,従事,同業,職業,公言,頂点","商売 profession
告白 profession(faith)
従事 following(profession)
同業 same profession
職業 profession
公言 profession
頂点 top(profession,field,)",Guess Vocab related to Keyword,Text
"prospect","展望,望み,見晴らし,候補,目処,見通し,眺め","展望 prospect
望み prospect
見晴らし prospect
候補 prospect
目処 prospect
見通し prospect
眺め prospect",Guess Vocab related to Keyword,Text
"protest","不服,座り込み,故障,嵐,抗告,抗議,異議","不服 protest
座り込み sit-in(protest)
故障 protest
嵐 storm(protest)
抗告 protest
抗議 protest
異議 protest",Guess Vocab related to Keyword,Text
"pursuit","探求,追っかけ,追撃,修業,勉学,追求,追跡","探求 pursuit
追っかけ pursuit
追撃 pursuit(fleeing enemy)
修業 pursuit knowledge
勉学 pursuit knowledge
追求 pursuit(goal,ideal,)
追跡 pursuit",Guess Vocab related to Keyword,Text
"refinement","風流,推敲,教養,優美,洗練,品,趣","風流 refinement
推敲 refinement
教養 refinement
優美 refinement
洗練 refinement
品 refinement
趣 refinement",Guess Vocab related to Keyword,Text
"reflection","映像,反射,影,回想,考え,反映,反省","映像 reflection
反射 reflection
影 reflection
回想 reflection
考え reflection
反映 reflection(light);reflection(society,attitudes,
反省 reflection",Guess Vocab related to Keyword,Text
"revolt","反乱,反する,反旗,口火,反発,暴動,鎮圧","反乱 revolt
反する revolt
反旗 standard revolt
口火 cause(war,argument,revolt,)
反発 revolt
暴動 revolt
鎮圧 suppression(riot,revolt,)",Guess Vocab related to Keyword,Text
"revolution","変革,回転,回帰,政変,維新,運行,革命","変革 revolution
回転 revolution
回帰 revolution
政変 revolution
維新 revolution
運行 revolution
革命 revolution",Guess Vocab related to Keyword,Text
"scientific","学会,科学技術,学識,学界,研究結果,科学的,究明","学会 scientific society
科学技術 scientific technique
学識 scientific attainments
学界 scientific world
研究結果 results scientific investigation
科学的 scientific
究明 investigation(academic scientific contexts)",Guess Vocab related to Keyword,Text
"scrap","断片,切れ,紙屑,切り抜き,欠片,廃材,端","断片 scrap
切れ scrap
紙屑 scrap paper
切り抜き scrap(scrapbook)
欠片 scrap
廃材 scrap material;scrap wood
端 scrap",Guess Vocab related to Keyword,Text
"seizure","押収,占領,横取り,捕獲,発作,収用,没収","押収 seizure
占領 seizure
横取り seizure
捕獲 seizure
発作 seizure
収用 seizure
没収 seizure",Guess Vocab related to Keyword,Text
"shot","拾う,大物,断然,場面,穴,注射,弾丸","拾う return(difficult shot)
大物 big shot
断然 long shot
場面 shot
穴 long shot
注射 shot
弾丸 shot",Guess Vocab related to Keyword,Text
"sluggish","低迷,遅い,怠い,重い,伸び悩む,低調,鈍い","低迷 remaining sluggish(economy,market,)
遅い sluggish
怠い sluggish
重い sluggish
伸び悩む sluggish
低調 sluggish
鈍い sluggish;sluggish",Guess Vocab related to Keyword,Text
"stance","建前,構える,体勢,態度,姿勢,硬化,建て前","建前 official stance
構える assume stance
体勢 stance
態度 stance
姿勢 stance
硬化 hardening(attitude,stance,)
建て前 official stance",Guess Vocab related to Keyword,Text
"structural","構図,野,改築,見込み,脚,足,頭","構図 structural outline
野 hidden(structural)member
改築 structural alteration(building)
見込み side structural member
脚 bottom structural component(i.e. radical)kanji
足 bottom structural component(i.e. radical)kanji
頭 top structural component kanji;top structural co",Guess Vocab related to Keyword,Text
"texture","地合い,感触,肌,目,生地,眼,組織","地合い texture(cloth,fabric,paper)
感触 texture
肌 texture
目 texture
生地 texture
眼 texture
組織 texture(rock)",Guess Vocab related to Keyword,Text
"toilet","個室,便所,お手洗い,お釣り,ちり紙,洋式,手洗い","個室 (toilet)stall
便所 toilet
お手洗い toilet
お釣り toilet splashback
ちり紙 toilet paper
洋式 Western-style toilet;flush toilet
手洗い toilet",Guess Vocab related to Keyword,Text
"unison","異口同音,協同,斉唱,口々に,一斉に,共同,同音","異口同音 unison
協同 (acting)unison
斉唱 singing unison;chanting unison
口々に unison
一斉に unison
共同 (acting)unison
同音 unison;(speaking)unison",Guess Vocab related to Keyword,Text
"unity","持ち合い,結束,一枚岩,団結,統合,統一感,統一","持ち合い unity
結束 unity
一枚岩 unity(group,organization,)
団結 unity
統合 unity
統一感 sense unity
統一 unity",Guess Vocab related to Keyword,Text
"although","にも関わらず,にも拘らず,零れる,と言っても,反面,仮令","にも関わらず although
にも拘らず although
零れる become visible(although normally)
と言っても although might say;although called;although 
反面 although
仮令 although",Guess Vocab related to Keyword,Text
"anthology","単行本,納める,詩集,収める,編む,歌集","単行本 standalone book(i.e. part anthology,series,)
納める include(anthology,catalogue,)
詩集 poetry anthology
収める include(anthology,catalogue,)
編む compile(anthology,dictionary,)
歌集 anthology",Guess Vocab related to Keyword,Text
"attire","服飾,作り,装う,服装,造り,身なり","服飾 attire
作り appearance(attire,make-up,)
装う attire
服装 attire
造り appearance(attire,make-up,)
身なり attire",Guess Vocab related to Keyword,Text
"blossom","盛り,桜,花,咲く,花見,満開","盛り peak(cherry blossom season)
桜 cherry blossom
花 blossom;cherry blossom
咲く blossom
花見 cherry blossom viewing
満開 full bloom(cherry blossom);full blossom",Guess Vocab related to Keyword,Text
"bottle","口,水筒,栓抜き,酒店,瓶,酒屋","口 mouth(bottle)
水筒 water bottle
栓抜き bottle opener
酒店 bottle shop
瓶 bottle
酒屋 bottle shop",Guess Vocab related to Keyword,Text
"breadth","横,広さ,幅,間一髪,縦横,間口","横 breadth
広さ breadth
幅 breadth
間一髪 hair's breadth
縦横 length breadth;length breadth
間口 breadth(knowledge)",Guess Vocab related to Keyword,Text
"brisk","早い,活発,速い,足早,清々しい,盛ん","早い brisk
活発 brisk
速い brisk
足早 brisk
清々しい brisk
盛ん brisk",Guess Vocab related to Keyword,Text
"bury","葬る,埋める,見送る,立てる,閉ざす,送る","葬る bury
埋める bury(ground);bury(face hands)
見送る bury
立てる bury
閉ざす bury(grief)
送る bury",Guess Vocab related to Keyword,Text
"cherry","満開,桜,大粒,花,花見,盛り","満開 full bloom(cherry blossom)
桜 cherry blossom;cherry tree
大粒 large grain-like object(grape,cherry,)
花 cherry blossom;blooming(cherry blossoms)
花見 cherry blossom viewing
盛り peak(cherry blossom season)",Guess Vocab related to Keyword,Text
"curb","筒,抑える,抑制,押さえる,食い止める,食止める","筒 well curb
抑える curb
抑制 curb
押さえる curb
食い止める curb
食止める curb",Guess Vocab related to Keyword,Text
"depend","掛かる,仰ぐ,待つ,寄せる,甘える,頼る","掛かる depend
仰ぐ depend
待つ depend
寄せる depend
甘える depend
頼る depend",Guess Vocab related to Keyword,Text
"enjoy","味わう,哀れむ,遊ぶ,楽しむ,探る,涼む","味わう enjoy
哀れむ enjoy beauty
遊ぶ enjoy
楽しむ enjoy
探る enjoy(natural beauty)
涼む enjoy cool air",Guess Vocab related to Keyword,Text
"essay","作文,体裁,論文,小品,紹介文,文章","作文 writing(essay,prose,)
体裁 (proper)format(essay)
論文 essay
小品 essay
紹介文 introductory essay
文章 essay",Guess Vocab related to Keyword,Text
"extraordinary","特別,破格,随分,異例,臨時,非常","特別 extraordinary
破格 extraordinary
随分 extraordinary
異例 extraordinary
臨時 extraordinary
非常 extraordinary",Guess Vocab related to Keyword,Text
"feign","構える,創る,装う,作る,称する,造る","構える feign
創る feign(smile,)
装う feign
作る feign(smile,)
称する feign
造る feign(smile,)",Guess Vocab related to Keyword,Text
"flourish","流行る,広げる,振り回す,潤う,栄える,花形","流行る flourish
広げる flourish
振り回す flourish
潤う flourish
栄える flourish
花形 flourish",Guess Vocab related to Keyword,Text
"hasty","早まる,短絡,拙速,軽はずみ,軽率,性急","早まる hasty
短絡 drawing hasty inference(between two events)
拙速 hasty
軽はずみ hasty
軽率 hasty
性急 hasty",Guess Vocab related to Keyword,Text
"illustration","例,実例,挿絵,図,用例,図版","例 illustration
実例 illustration
挿絵 illustration(book,newspaper,)
図 illustration
用例 illustration
図版 illustration",Guess Vocab related to Keyword,Text
"inadequate","不十分,劣悪,不充分,浅い,甘い,貧しい","不十分 inadequate
劣悪 inadequate
不充分 inadequate
浅い inadequate(knowledge)
甘い inadequate
貧しい inadequate",Guess Vocab related to Keyword,Text
"intensity","募る,弱,迫力,厳しさ,震度,強度","募る grow intensity
弱 -lower(seismic intensity)
迫力 intensity
厳しさ intensity
震度 seismic intensity
強度 intensity",Guess Vocab related to Keyword,Text
"Internet","検索,祭,通話,炎上,配信,祭り","検索 search(Internet)
祭 harassment Internet pitchfork mob
通話 (Internet)voice call
炎上 becoming target Internet pitchfork mob
配信 streaming(Internet)
祭り harassment Internet pitchfork mob",Guess Vocab related to Keyword,Text
"maintain","保つ,養う,賄う,持つ,貫く,構える","保つ maintain
養う maintain
賄う maintain(family)
持つ maintain
貫く maintain(independence)
構える maintain",Guess Vocab related to Keyword,Text
"marine","水産物,大尉,海産物,海運,魚介類,海兵隊","水産物 marine products
大尉 captain(Army,US Marine Corps,USAF)
海産物 marine products
海運 marine transportation
魚介類 marine products
海兵隊 Marine Corps",Guess Vocab related to Keyword,Text
"negligence","等閑,油断,怠慢,手抜き,過失,不注意","等閑 negligence
油断 negligence
怠慢 negligence
手抜き intentional negligence
過失 accident(caused negligence)
不注意 negligence",Guess Vocab related to Keyword,Text
"overhead","陸橋,頭上,掲げる,真上,架空,高架","陸橋 overhead bridge
頭上 overhead
掲げる raise overhead
真上 right overhead
架空 overhead
高架 overhead",Guess Vocab related to Keyword,Text
"passport","押す,旅券,提示,発行,査証,発給","押す stamp(i.e. passport)
旅券 passport
提示 presentation(passport,ID,)
発行 issue(banknotes,bonds,passport,)
査証 endorsing(passport)
発給 issuance(passport)",Guess Vocab related to Keyword,Text
"portable","練り,屋台,振る,洗面器,御輿,お神輿","練り parading portable shrines floats festivals
屋台 portable shrine dedicated god shaped like house
振る carry great vigor(portable shrine)
洗面器 wash bowl(incl. portable bowl public bath)
御輿 portable Shinto shrine carried through streets 
お神輿 portable Shinto shrine carried through streets",Guess Vocab related to Keyword,Text
"postponement","先送り,見送り,猶予,延期,繰り延べ,遅れ","先送り postponement
見送り postponement
猶予 postponement
延期 postponement
繰り延べ postponement
遅れ postponement",Guess Vocab related to Keyword,Text
"pretend","気取る,事にする,演ずる,称する,演じる,装う","気取る pretend
事にする pretend
演ずる pretend(good father)
称する pretend
演じる pretend(good father)
装う pretend",Guess Vocab related to Keyword,Text
"regrettable","惜しい,気の毒,残念,心外,遺憾,悔しい","惜しい regrettable
気の毒 regrettable
残念 regrettable
心外 regrettable
遺憾 regrettable
悔しい regrettable",Guess Vocab related to Keyword,Text
"sensible","常識的,利口,開ける,粋,賢明,重い","常識的 sensible
利口 sensible
開ける sensible
粋 sensible
賢明 sensible
重い sensible",Guess Vocab related to Keyword,Text
"soy","下地,寝る,豆,大豆,紫,醤油","下地 soy sauce
寝る ferment(soy sauce,miso,)
豆 soy
大豆 soy
紫 soy sauce
醤油 soy sauce",Guess Vocab related to Keyword,Text
"stall","屋台,出店,露店,個室,売店,失速","屋台 stall
出店 food stall
露店 street stall
個室 (toilet)stall
売店 stall
失速 stall",Guess Vocab related to Keyword,Text
"stir","驚かす,交ぜる,動かす,混ぜる,動く,盛り上げる","驚かす create stir
交ぜる stir
動かす stir
混ぜる stir
動く stir
盛り上げる stir",Guess Vocab related to Keyword,Text
"stuff","詰める,埋める,球威,押し込む,突っ込む,物","詰める stuff
埋める stuff
球威 (pitcher's)stuff
押し込む stuff
突っ込む stuff
物 stuff",Guess Vocab related to Keyword,Text
"supervisor","管理人,監督,主管,管理者,責任者,親方","管理人 supervisor
監督 supervisor
主管 supervisor
管理者 supervisor
責任者 supervisor
親方 supervisor",Guess Vocab related to Keyword,Text
"taxonomical","科,節,型,品種,系,族","科 (taxonomical)family
節 (taxonomical)section
型 (taxonomical)form
品種 (taxonomical)form
系 (taxonomical)series
族 (taxonomical)tribe",Guess Vocab related to Keyword,Text
"temperament","素質,資質,気性,気質,肌,気象","素質 temperament
資質 temperament
気性 temperament
気質 temperament;temperament
肌 temperament
気象 temperament",Guess Vocab related to Keyword,Text
"unforeseen","不慮,暗礁,予期せぬ,予想外,不意,案外","不慮 unforeseen
暗礁 unforeseen difficulty
予期せぬ unforeseen
予想外 unforeseen
不意 unforeseen
案外 unforeseen",Guess Vocab related to Keyword,Text
"verb","立ち,事による,物,凡そ,動詞,自動","立ち verb prefix conveying emphasis sometimes formal
事による due(modifying verb)
物 indicate common occurrence past(verb past tense)
凡そ (neg. verb)
動詞 verb
自動 intransitive verb",Guess Vocab related to Keyword,Text
"vulgar","卑しい,下等,汚い,下品,端たない,落ちる","卑しい vulgar
下等 vulgar
汚い vulgar
下品 vulgar
端たない vulgar
落ちる become vulgar(conversation)",Guess Vocab related to Keyword,Text
"wealthy","持てる,富豪,富者,裕福,富む,豊か","持てる wealthy
富豪 wealthy
富者 wealthy
裕福 wealthy
富む wealthy
豊か wealthy",Guess Vocab related to Keyword,Text
"width","詰まる,横,広さ,幅,縦横,間口","詰まる shorten(width,interval,)
横 width
広さ width
幅 width
縦横 length width;length width
間口 width(building,plot land,)",Guess Vocab related to Keyword,Text
"worse","募る,異変,崩れる,改まる,元々,悪化","募る become worse
異変 change(worse)
崩れる change worse
改まる take turn worse(illness)
元々 none worse
悪化 getting worse",Guess Vocab related to Keyword,Text
"annex","併設,付録,本館,別館,加える","併設 establishment annex
付録 annex
本館 main building(opposed annex,outbuilding,)
別館 annex(building)
加える annex",Guess Vocab related to Keyword,Text
"applicant","候補者,応募者,徹す,通す,落とす","候補者 applicant
応募者 applicant
徹す pass(law,applicant,)
通す pass(law,applicant,)
落とす reject(applicant)",Guess Vocab related to Keyword,Text
"attractive","見栄え,映える,魅力的,格好いい,美味しい","見栄え attractive
映える look attractive
魅力的 attractive
格好いい attractive;attractive;attractive
美味しい attractive(offer,opportunity,)",Guess Vocab related to Keyword,Text
"celebrity","有名人,国際人,追っかけ,素顔,芸能人","有名人 celebrity
国際人 international celebrity
追っかけ obsessive fan follows celebrity around
素顔 true face(country,celebrity,)
芸能人 celebrity",Guess Vocab related to Keyword,Text
"climate","景気,気候,風土,穏和,温和","景気 economic climate
気候 climate
風土 climate
穏和 mild(climate)
温和 mild(climate)",Guess Vocab related to Keyword,Text
"crazy","病気,夢中,熱狂,気触れ,狂う","病気 crazy
夢中 crazy
熱狂 crazy
気触れ crazy
狂う crazy;crazy",Guess Vocab related to Keyword,Text
"curl","回転,曲げる,癖,丸める,切る","回転 curl
曲げる curl
癖 curl
丸める curl
切る curl(ball)",Guess Vocab related to Keyword,Text
"decree","詔,勅,判決,命令,教書","詔 imperial decree
勅 imperial decree;imperial decree
判決 decree
命令 decree
教書 decree",Guess Vocab related to Keyword,Text
"depreciation","償却,下落,円安,減価償却,低減","償却 depreciation
下落 depreciation
円安 depreciation yen
減価償却 depreciation
低減 depreciation",Guess Vocab related to Keyword,Text
"dot","目,星,眼,点,黒星","目 dot(dice)
星 star point(intersection marked dot);small dot
眼 dot(dice)
点 dot
黒星 black dot",Guess Vocab related to Keyword,Text
"entirety","全体,丸ごと,丸,通す,徹す","全体 entirety
丸ごと entirety
丸 entirety
通す entirety
徹す entirety",Guess Vocab related to Keyword,Text
"fabricate","作る,作り上げる,造る,創る,構える","作る fabricate(excuse,)
作り上げる fabricate
造る fabricate(excuse,)
創る fabricate(excuse,)
構える fabricate order deceive",Guess Vocab related to Keyword,Text
"factory","検査,操業,工員,工場,直","検査 inspection(customs,factory)
操業 operation(machine,factory,fishing boat,)
工員 factory worker
工場 factory;factory
直 duty(factory)",Guess Vocab related to Keyword,Text
"gray","灰色,未明,霜,白髪,青い","灰色 gray
未明 gray morning
霜 gray hair
白髪 gray hair;gray hair
青い gray",Guess Vocab related to Keyword,Text
"grey","灰色,白髪,未明,青い,霜","灰色 grey
白髪 grey hair;grey hair
未明 grey morning
青い grey
霜 grey hair",Guess Vocab related to Keyword,Text
"handy","便利,手ごろ,器用,重宝,直ぐ","便利 handy
手ごろ handy
器用 handy
重宝 coming handy;handy
直ぐ just(handy)",Guess Vocab related to Keyword,Text
"helpful","有益,有用,重宝,役立つ,役に立つ","有益 helpful
有用 helpful
重宝 helpful
役立つ helpful
役に立つ helpful",Guess Vocab related to Keyword,Text
"illicit","裏口,黒い,違法,密売,野合","裏口 illicit
黒い illicit
違法 illicit
密売 illicit sale
野合 illicit union",Guess Vocab related to Keyword,Text
"immature","若い,幼稚,幼い,未熟,青","若い immature
幼稚 immature
幼い immature
未熟 immature
青 immature",Guess Vocab related to Keyword,Text
"indecent","露骨,下品,汚い,不潔,見苦しい","露骨 indecent
下品 indecent
汚い indecent(language,)
不潔 indecent
見苦しい indecent",Guess Vocab related to Keyword,Text
"injustice","不当,不公平,無法,不正,悔しい","不当 injustice
不公平 injustice
無法 injustice
不正 injustice
悔しい frustrated(failure,humiliation injustice)",Guess Vocab related to Keyword,Text
"multiple","択一,多重,複数,爆笑,連投","択一 multiple choice
多重 multiple
複数 multiple
爆笑 roar laughter(multiple)
連投 making multiple posts(website);posting multiple",Guess Vocab related to Keyword,Text
"opera","上演,見方,戯曲,歌劇,上場","上演 performance(play,opera,)
見方 way appreciating(opera)
戯曲 Chinese opera
歌劇 opera
上場 performance(play,opera,)",Guess Vocab related to Keyword,Text
"painful","辛い,切ない,苦しい,兼ねる,痛い","辛い painful;painful
切ない painful
苦しい painful
兼ねる find difficult(unpleasant,awkward,painful)
痛い painful",Guess Vocab related to Keyword,Text
"pin","小遣い,押さえる,止める,着せる,針","小遣い pin money
押さえる pin
止める pin
着せる pin(crime)
針 pin",Guess Vocab related to Keyword,Text
"prohibit","戒める,禁じる,構う,禁ずる,止める","戒める prohibit
禁じる prohibit
構う prohibit
禁ずる prohibit
止める prohibit",Guess Vocab related to Keyword,Text
"puppet","文楽,使う,義太夫,操る,人形","文楽 puppet theatre(theater)
使う use(,animal,puppet,)
義太夫 gidayū(type reciting puppet theater)
操る pull strings puppet;work(puppet)
人形 puppet;puppet(under control another)",Guess Vocab related to Keyword,Text
"receptacle","箱,容器,受け皿,入れ物,器物","箱 receptacle human waste
容器 receptacle
受け皿 receptacle(funds)
入れ物 receptacle
器物 receptacle",Guess Vocab related to Keyword,Text
"sauce","汁,紫,寝る,下地,醤油","汁 (dipping)sauce
紫 soy sauce
寝る ferment(soy sauce,miso,)
下地 soy sauce
醤油 soy sauce",Guess Vocab related to Keyword,Text
"self-reliance","甘え,自主,自助,独立,自立","甘え lack self-reliance
自主 self-reliance
自助 self-reliance
独立 self-reliance
自立 self-reliance",Guess Vocab related to Keyword,Text
"shrewd","切れる,機敏,器用,利口,鋭い","切れる shrewd
機敏 shrewd
器用 shrewd
利口 shrewd
鋭い shrewd",Guess Vocab related to Keyword,Text
"sin","作る,落とす,創る,造る,罪","作る commit(sin,)
落とす fall(dilemma sin)
創る commit(sin,)
造る commit(sin,)
罪 sin",Guess Vocab related to Keyword,Text
"spray","飛ばす,噴射,注ぐ,枝,霧","飛ばす spray
噴射 spray
注ぐ spray
枝 spray
霧 spray",Guess Vocab related to Keyword,Text
"streak","連勝,筋,当たる,走る,続き","連勝 winning streak
筋 streak
当たる hitting streak
走る streak
続き streak",Guess Vocab related to Keyword,Text
"surmise","推す,汲み取る,測る,計る,量る","推す surmise
汲み取る surmise
測る surmise
計る surmise
量る surmise",Guess Vocab related to Keyword,Text
"unfavorable","不味い,非,損,不利,劣勢","不味い unfavorable
非 unfavorable
損 unfavorable
不利 unfavorable position
劣勢 unfavorable situation",Guess Vocab related to Keyword,Text
"ventilation","風通し,流通,排気,換気,換気扇","風通し ventilation
流通 ventilation
排気 ventilation
換気 ventilation
換気扇 ventilation fan",Guess Vocab related to Keyword,Text
"thank","申し訳ありません,お疲れさま,ご馳走様,お疲れ様,済みません,ご馳走様でした,お待たせしました,有難うございました,申し訳ない,ご苦労さま,どうも有難う,有難うございます,済まない,ご苦労様,乙,結構,誠にありがとうございます,ご馳走さま,有り難うございます,有り難う,頂きます,有難う,毎度","申し訳ありません thank very much(help,)
お疲れさま thank(your hard work)
ご馳走様 thank(displaying lovey-dovey behaviour);thank
お疲れ様 thank(your hard work)
済みません thank
ご馳走様でした thank meal
お待たせしました thank waiting
有難うございました thank
申し訳ない thank very much(help,)
ご苦労さま thank(your hard work)
どうも有難う thank very much
有難うございます thank
済まない thank
ご苦労様 thank(your hard work)
乙 thank
結構 ,thank
誠にありがとうございます thank very much
ご馳走さま thank(meal);thank(displaying lovey-dovey beh
有り難うございます thank
有り難う thank
頂きます thank(meal just served)
有難う thank
毎度 thank your continued patronage",Guess Vocab related to Keyword,Text
"complaint","不足,告発,訴状,不服,不満,取り上げる,苦情,不平,取上げる,弱音,投書,愚痴,訴え,告訴,抗告,持ち込む,文句,言い分","不足 complaint
告発 complaint
訴状 complaint
不服 complaint
不満 complaint
取り上げる take(topic,complaint,)
苦情 complaint
不平 complaint
取上げる take(topic,complaint,)
弱音 feeble complaint
投書 letter(complaint)
愚痴 idle complaint
訴え complaint
告訴 complaint
抗告 complaint
持ち込む lodge(complaint)
文句 complaint
言い分 complaint",Guess Vocab related to Keyword,Text
"reality","事実,名実,実体,本質,如実,本当,事実上,実態,実相,現実,実際は,実際,内実,誠,実,真実,真","事実 reality
名実 reality
実体 reality
本質 reality
如実 reality;ultimate reality
本当 reality
事実上 reality
実態 reality
実相 ultimate reality;reality
現実 reality
実際は reality
実際 reality;bhutakoti(limit reality)
内実 reality
誠 reality
実 reality
真実 reality
真 reality",Guess Vocab related to Keyword,Text
"site","勝手,世界遺産,史跡,拠点,用地,事業所,現場,会場,現地,仕事場,敷地,実地,立地,所,跡,斎場,部位","勝手 unauthorised(phone app,WWW site)
世界遺産 World Heritage(site)
史跡 historic site
拠点 site
用地 site
事業所 business site
現場 site;job site
会場 site
現地 site
仕事場 construction site
敷地 site
実地 actual site
立地 choosing site(industry)
所 site
跡 site
斎場 ceremony site
部位 site",Guess Vocab related to Keyword,Text
"attendance","出勤,付添い,出席,聴衆,出頭,付き添い,侍,聴講,奉仕,参列,出欠,同席,葬送,集まり,就学,登校","出勤 attendance(work)
付添い attendance
出席 attendance
聴衆 attendance
出頭 attendance
付き添い attendance
侍 man attendance(standing)
聴講 lecture attendance
奉仕 attendance
参列 attendance
出欠 attendance absence
同席 attendance
葬送 attendance funeral
集まり attendance
就学 attendance
登校 attendance",Guess Vocab related to Keyword,Text
"session","会議,立ち会い,分科会,会期,定例,傍聴,打合わせ,サイン会,打合せ,場,本会議,前回,本場,打ち合せ,立会い,打ち合わせ","会議 session
立ち会い trading session(exchange)
分科会 breakout session
会期 session(legislature)
定例 ordinary(session parliament)
傍聴 listening(lecture,hearing,parliament session,)
打合わせ briefing session
サイン会 autograph session
打合せ briefing session
場 session(stock market)
本会議 plenary session;regular session
前回 previous session
本場 morning session;last session morning
打ち合せ briefing session
立会い trading session(exchange)
打ち合わせ briefing session",Guess Vocab related to Keyword,Text
"guest","国賓,主,お客さま,お客様,客,客員,取り次ぐ,客間,客席,帰る,客室,民宿,迎賓館,賓客,来賓","国賓 state guest
主 entertaining guest
お客さま guest
お客様 guest
客 guest
客員 guest member
取り次ぐ usher(guest)
客間 guest room
客席 guest seating(theater,stadium)
帰る leave(guest,customer,)
客室 guest room(hotel);guest cabin(boat)
民宿 guest house
迎賓館 State Guest House(Akasaka palace,also guest ho
賓客 privileged guest;guest honour;guest honor
来賓 guest",Guess Vocab related to Keyword,Text
"modern","新しい,口語,文体,唄,近代,今日的,歌,古今,新人,新語,現代社会,現代,近代詩,近世,近代的","新しい modern
口語 (modern)spoken;written style based(modern)spoke
文体 form(written)language(classical,modern)
唄 modern poetry
近代 modern times;early modern(,usu. Meiji Restorati
今日的 modern
歌 modern poetry
古今 ancient modern times
新人 modern humans(Cro-Magnon man onwards)
新語 modern term
現代社会 modern society
現代 modern times;modern era
近代詩 modern poetry
近世 early modern(Azuchi-Momoyama end Edo)
近代的 modern",Guess Vocab related to Keyword,Text
"poetry","詩集,作法,近代詩,宗派,吟味,出題,唄,持ち,歌合,句,詩歌,歌,色紙,詩,鑑賞","詩集 poetry anthology
作法 manner production(prose,poetry,)
近代詩 modern-style poetry;modern poetry
宗派 (poetry)
吟味 reciting appreciating traditional poetry
出題 setting theme(composition poetry)
唄 modern poetry
持ち draw(,poetry contest,)
歌合 poetry contest
句 4,5,7 characters Chinese poetry);verse(5 7 mora 
詩歌 Chinese poetry;poetry;Chinese poetry;poetry
歌 modern poetry
色紙 square fancy cardboard,autographs,poetry,
詩 poetry
鑑賞 appreciation(art,music,poetry,)",Guess Vocab related to Keyword,Text
"habit","持病,付く,慣行,例,養う,病,決まり,常習,決める,病気,癖,直す,習性,習慣","持病 bad habit;intractable habit
付く acquired(habit,ability,)
慣行 habit
例 habit
養う cultivate(habit,quality,)
病 bad habit
決まり habit
常習 habit
決める made habit
病気 bad habit
癖 habit(usu. bad)
直す correct(mistake,bad habit,)
習性 habit
習慣 habit",Guess Vocab related to Keyword,Text
"magnificent","素晴らしい,豪快,盛大,広大,偉大,素晴しい,華麗,雄大,壮大,華々しい,堂々,豪華,見事,鮮やか","素晴らしい magnificent
豪快 magnificent
盛大 magnificent
広大 magnificent
偉大 magnificent
素晴しい magnificent
華麗 magnificent
雄大 magnificent
壮大 magnificent
華々しい magnificent
堂々 magnificent
豪華 magnificent
見事 magnificent
鮮やか magnificent",Guess Vocab related to Keyword,Text
"tournament","夏場所,千秋楽,休場,初場所,大会,全勝,回戦,出場,打ち上げる,選抜,決勝戦,場所,幕開け,春場所","夏場所 Summer Tournament(held Tokyo May)
千秋楽 final tournament
休場 absence(bout tournament)
初場所 New Year's Tournament(held Tokyo January)
大会 tournament
全勝 winning tournament losses
回戦 nth-round match(knockout tournament)
出場 participation(tournament,match,race,)
打ち上げる finish(theater run,sumo tournament)
選抜 National Invitational High-School Baseball Tour
決勝戦 finals(tournament)
場所 wrestling tournament
幕開け opening(tournament,festival,)
春場所 Spring Tournament(held Osaka March)",Guess Vocab related to Keyword,Text
"urge","責める,色気,迫る,押す,急かす,勧める,意欲,促す,欲求,衝動,督促,渋る,殺意,薦める","責める urge
色気 sexual urge
迫る urge
押す urge
急かす urge
勧める urge
意欲 urge
促す urge
欲求 urge
衝動 urge
督促 urge
渋る frequent urge defecate difficulty passing stool
殺意 urge kill
薦める urge",Guess Vocab related to Keyword,Text
"welcome","優遇,有り難い,お帰りなさい,歓迎,喜ばしい,耳より,どう致しまして,お帰り,有難い,大歓迎,迎え,寄せる,耳寄り,迎える","優遇 hearty welcome
有り難い welcome
お帰りなさい welcome home
歓迎 welcome
喜ばしい welcome
耳より welcome(news)
どう致しまして you're welcome
お帰り welcome home
有難い welcome
大歓迎 warm welcome
迎え welcome
寄せる welcome(group)
耳寄り welcome(news)
迎える welcome",Guess Vocab related to Keyword,Text
"defect","走る,障害,不備,弱点,矯正,穴,傷,欠陥,欠点,難,短所,難点,過失","走る defect
障害 defect
不備 defect
弱点 defect
矯正 correction(fault,defect,flaw,)
穴 defect
傷 defect
欠陥 defect
欠点 defect
難 defect
短所 defect
難点 defect
過失 defect",Guess Vocab related to Keyword,Text
"hole","明ける,空く,口,穴,開く,開ける,穴埋め,洞,抜ける,風穴,空ける,落ち込む,陥る","明ける (hole);open(hole)
空く hole
口 hole
穴 hole(ground);(financial)hole;hole(theory,plan,);
開く hole
開ける (hole);open(hole)
穴埋め fillinghole
洞 hole
抜ける wear hole(clothes)
風穴 air hole
空ける open(hole);(hole)
落ち込む fall(hole)
陥る fall(hole)",Guess Vocab related to Keyword,Text
"obligation","責務,義理,恩,債務,厄介,任,貸し,使命,義務付け,義務,負う,恩返し,道義的責任","責務 obligation
義理 social obligation
恩 obligation
債務 obligation party(usu. legal contractual)
厄介 obligation
任 obligation
貸し obligation
使命 obligation
義務付け obligation
義務 obligation
負う (duty,obligation,)
恩返し repayment(obligation,kindness,)
道義的責任 moral obligation",Guess Vocab related to Keyword,Text
"essential","必要,肝,実質,不可欠,必須,胆,本質的,急所,柄,肝心,肝要,重要","必要 essential
肝 essential point
実質 essential
不可欠 essential
必須 essential
胆 essential point
本質的 essential
急所 essential point
柄 essential qualities
肝心 essential
肝要 essential
重要 essential",Guess Vocab related to Keyword,Text
"fiscal","年度,下期,今年度,上期,上半期,内緒,財政難,会計年度,下半期,昨年度,前年度,財政投融資","年度 fiscal year(usu. April 1 March 31)
下期 second half(fiscal)year
今年度 fiscal year
上期 first half(fiscal)year
上半期 first half fiscal year
内緒 circumstances(fiscal)
財政難 fiscal difficulties
会計年度 fiscal year
下半期 second half fiscal year
昨年度 previous year(fiscal,academic,)
前年度 preceding fiscal year
財政投融資 Fiscal Investment Loan Program",Guess Vocab related to Keyword,Text
"intense","炎,甚だしい,強い,強度,猛烈,厳しい,深い,強烈,知れる,激しい,酷い,熱い","炎 flames(intense emotion,love,jealousy,anger)
甚だしい intense
強い intense
強度 intense(fear)
猛烈 intense
厳しい intense(cold)
深い intense
強烈 intense
知れる very intense(worry,hope,)
激しい intense
酷い intense
熱い intense",Guess Vocab related to Keyword,Text
"lunch","昼休み,お弁当,弁,昼ごはん,給食,取る,摂る,弁当,昼ご飯,昼,駅弁,昼食","昼休み lunch break
お弁当 box lunch
弁 box lunch
昼ごはん lunch
給食 lunch service;provision lunch(office,,)
取る (lunch)
摂る (lunch)
弁当 box lunch
昼ご飯 lunch
昼 lunch
駅弁 boxed lunch bought station(often local specialt
昼食 lunch",Guess Vocab related to Keyword,Text
"obtain","取れる,引出す,取る,収める,受ける,引き出す,納める,押さえる,得る,請ける,手に入る,手に入れる","取れる able obtain
引出す obtain(result)
取る obtain
収める obtain
受ける obtain(pawned item,)paying fee
引き出す obtain(result)
納める obtain
押さえる obtain
得る obtain;obtain
請ける obtain(pawned item,)paying fee
手に入る obtain
手に入れる obtain",Guess Vocab related to Keyword,Text
"purchase","買う,買収,買い取り,求める,ドル買い,買い,購入,お釣り,取得,釣り,購買,買い付け","買う purchase
買収 purchase
買い取り purchase;purchase no-return policy
求める purchase
ドル買い dollar purchase
買い purchase
購入 purchase
お釣り change(purchase)
取得 purchase
釣り change(purchase)
購買 purchase
買い付け (wholesale)purchase",Guess Vocab related to Keyword,Text
"attempt","試行,挑戦,為す,初回,企てる,図る,空振り,冒険,試み,未遂,試みる","試行 making attempt
挑戦 attempt
為す attempt
初回 initial attempt
企てる attempt(suicide,murder)
図る attempt
空振り vain attempt
冒険 risky attempt
試み attempt
未遂 failed attempt(crime,suicide,)
試みる attempt",Guess Vocab related to Keyword,Text
"dignity","品格,名誉,具合,高位,尊厳,品位,重み,品,面目,威信,神聖","品格 dignity
名誉 dignity
具合 dignity
高位 dignity
尊厳 dignity
品位 dignity
重み dignity
品 dignity
面目 dignity;dignity
威信 dignity
神聖 dignity",Guess Vocab related to Keyword,Text
"initial","初任給,初舞台,立ち上がる,初心,出足,初回,前面,初期,立ち,序盤,立ち合い","初任給 initial salary
初舞台 initial stage appearance
立ち上がる initial charge
初心 initial resolution
出足 initial charge
初回 initial;initial attempt
前面 initial pledge(election)
初期 initial stages
立ち initial charge
序盤 initial phase
立ち合い initial charge",Guess Vocab related to Keyword,Text
"pride","意気地,傷付ける,自慢,誇り,傷つける,意地,得意,自負,自惚れ,見識,誇る","意気地 pride
傷付ける hurt feelings(pride,)
自慢 pride
誇り pride
傷つける hurt feelings(pride,)
意地 pride
得意 pride
自負 pride
自惚れ pride
見識 pride
誇る take pride",Guess Vocab related to Keyword,Text
"prompt","機敏,促す,早い,即時,至急,速い,素早い,早急,速やか,速報,迅速","機敏 prompt
促す prompt
早い prompt
即時 prompt
至急 prompt
速い prompt
素早い prompt
早急 prompt
速やか prompt
速報 prompt report
迅速 prompt",Guess Vocab related to Keyword,Text
"separation","分立,分割,別れ,別居,独立,分別,隔離,離脱,離職,分離,決別","分立 separation
分割 separation
別れ separation
別居 separation
独立 separation
分別 separation(rubbish when recycling)
隔離 separation
離脱 separation
離職 employment separation
分離 separation
決別 separation",Guess Vocab related to Keyword,Text
"shade","陰り,日陰,明暗,山陰,傘,色合い,陰,意味合い,濃淡,色気,色","陰り shade
日陰 shade
明暗 light shade
山陰 place shade mountain
傘 shade(lamp)
色合い shade(colour)
陰 shade
意味合い shade meaning
濃淡 light shade;shade(colour,color)
色気 shade colour(color)
色 shade",Guess Vocab related to Keyword,Text
"via","経由,事によって,回る,事により,振込,振り込み,振込み,回り,通る,振り込む,都市ガス","経由 going via
事によって via
回る via
事により via
振込 payment made via bank deposit transfer
振り込み payment made via bank deposit transfer
振込み payment made via bank deposit transfer
回り via
通る via
振り込む payment via bank deposit transfer
都市ガス gas supplied buildings via pipes",Guess Vocab related to Keyword,Text
"allowance","支給,仕送り,余裕,勘定,給与,小遣い,付与,手当,手当て,許容","支給 allowance
仕送り sendingallowance;allowance
余裕 allowance
勘定 allowance
給与 allowance
小遣い allowance
付与 allowance
手当 allowance(housing allowance)
手当て allowance(housing allowance)
許容 allowance",Guess Vocab related to Keyword,Text
"crisis","コロナ禍,克服,乗り越える,大事,危機,急,緩急,峠,事,臨む","コロナ禍 coronavirus crisis;COVID-19 crisis
克服 conquest(difficulty,illness,crisis,)
乗り越える through(illness,crisis,)
大事 crisis
危機 crisis
急 crisis
緩急 crisis
峠 crisis
事 crisis
臨む face(situation,crisis,)",Guess Vocab related to Keyword,Text
"debate","弁論,平行,沸騰,論戦,集中,激論,論争,討議,討論,論議","弁論 debate
平行 reaching agreement(debate)
沸騰 becoming heated(debate)
論戦 debate
集中 focus(debate,questions,)
激論 heated debate
論争 debate
討議 debate
討論 debate
論議 debate",Guess Vocab related to Keyword,Text
"ideas","感染,連想,浸透,通す,凝縮,交通,開ける,徹す,当てはまる,発","感染 infected(harmful ideas)
連想 association(ideas)
浸透 infiltration(ideas)
通す convey(ideas,)other party
凝縮 condensation(ideas,emotions,)
交通 exchange(ideas,)
開ける advance(knowledge,ideas,)
徹す convey(ideas,)other party
当てはまる applicable(standards,lessons,ideas,)
発 counter ideas,thoughts guesses",Guess Vocab related to Keyword,Text
"penalty","刑,処分,罰金,処罰,罪,死刑,死,刑罰,罰,罰則","刑 penalty
処分 penalty
罰金 penalty
処罰 penalty
罪 penalty
死刑 death penalty
死 death penalty(strangulation decapitation
刑罰 penalty
罰 penalty
罰則 penalty",Guess Vocab related to Keyword,Text
"reliable","地道,票田,確か,間違いない,手足,頼もしい,堅実,着実,手堅い,確実","地道 reliable
票田 (reliable)source votes
確か reliable
間違いない reliable
手足 reliable worker
頼もしい reliable
堅実 reliable
着実 reliable
手堅い reliable
確実 reliable",Guess Vocab related to Keyword,Text
"retirement","休職,退任,引退,老人ホーム,定年,年寄り,下野,退職,退官,退陣","休職 temporary retirement
退任 retirement
引退 retirement
老人ホーム retirement home
定年 (compulsory)retirement(reaching retirement age)
年寄り retired high-ranking wrestler licensed coach r
下野 retirement public office
退職 retirement
退官 retirement office
退陣 retirement",Guess Vocab related to Keyword,Text
"retreat","保養所,撤収,山荘,走る,撤退,退く,後退,進退,退陣,駆け引き","保養所 retreat center
撤収 retreat
山荘 mountain retreat
走る retreat
撤退 retreat
退く retreat
後退 retreat
進退 advance retreat
退陣 retreat
駆け引き (tactical)advance retreat troops",Guess Vocab related to Keyword,Text
"shoot","射止める,発する,打ち込む,撃つ,飛ばす,打ち上げる,撮る,放つ,芽,走る","射止める shoot dead
発する shoot(arrow bullet)
打ち込む shoot
撃つ shoot(gun,,)
飛ばす shoot
打ち上げる shoot
撮る shoot
放つ shoot
芽 shoot
走る shoot(through",Guess Vocab related to Keyword,Text
"snap","切れる,弾く,目が覚める,写真,折る,炊く,折れる,噛み付く,鳴らす,見切り発車","切れる snap
弾く snap
目が覚める snap(dream,)
写真 snap
折る snap
炊く snap
折れる snap
噛み付く snap;snap
鳴らす snap(fingers)
見切り発車 making snap decision",Guess Vocab related to Keyword,Text
"swift","俊足,速やか,急,早瀬,早い,迅速,速い,足早,素早い,速攻","俊足 swift horse
速やか swift
急 swift
早瀬 swift current
早い swift
迅速 swift
速い swift
足早 swift
素早い swift
速攻 swift attack",Guess Vocab related to Keyword,Text
"uncertain","不確実,不確か,意味不明,不明,危ない,危うい,怪しい,不透明,浮く,疑わしい","不確実 uncertain
不確か uncertain
意味不明 uncertain meaning
不明 uncertain
危ない uncertain
危うい uncertain
怪しい uncertain
不透明 uncertain
浮く uncertain
疑わしい uncertain",Guess Vocab related to Keyword,Text
"wholesale","卸売物価,掛け,卸す,卸売,買い付け,卸,買い出し,卸売市場,問屋,卸売り","卸売物価 wholesale price
掛け wholesale price proportion list price(tenths)
卸す sell wholesale
卸売 wholesale
買い付け (wholesale)purchase
卸 wholesale
買い出し buying wholesale
卸売市場 wholesale market
問屋 wholesale dealer;wholesale store
卸売り wholesale",Guess Vocab related to Keyword,Text
"brilliant","名手,優秀,快挙,輝かしい,華やか,目覚ましい,華々しい,英明,鮮やか","名手 brilliant move(,shogi,)
優秀 brilliant
快挙 brilliant achievement
輝かしい brilliant
華やか brilliant
目覚ましい brilliant
華々しい brilliant
英明 brilliant
鮮やか brilliant;brilliant(performance,goal,)",Guess Vocab related to Keyword,Text
"conclude","煮詰める,割り出す,収める,割り切る,結ぶ,済ます,考える,割出す,納める","煮詰める conclude discussion
割り出す conclude
収める conclude
割り切る conclude
結ぶ conclude
済ます conclude
考える conclude
割出す conclude
納める conclude",Guess Vocab related to Keyword,Text
"constitution","体格,体,改憲,病弱,体質,組織,前文,憲法,護憲","体格 constitution
体 constitution
改憲 revising constitution
病弱 weak(constitution)
体質 constitution(physical)
組織 constitution
前文 preamble(statute,constitution,)
憲法 constitution
護憲 protecting constitution",Guess Vocab related to Keyword,Text
"dispatch","派兵,派遣,向ける,送る,遣る,飛ばす,急ぎ,発信,繰り出す","派兵 dispatch troops
派遣 dispatch
向ける dispatch
送る dispatch
遣る dispatch
飛ばす dispatch quickly(reporter)
急ぎ dispatch
発信 dispatch
繰り出す dispatch",Guess Vocab related to Keyword,Text
"evacuation","引き上げ,避難,撤退,退去,通じ,撤収,排出,退避,疎開","引き上げ evacuation
避難 evacuation
撤退 evacuation
退去 evacuation
通じ evacuation
撤収 evacuation
排出 evacuation
退避 evacuation
疎開 evacuation(country)",Guess Vocab related to Keyword,Text
"logic","屈折,論理,立つ,理,道理,理屈,筋,飛躍,筋道","屈折 warping(feelings,logic,)
論理 logic
立つ valid(argument,logic,)
理 logic
道理 logic
理屈 logic;strained logic
筋 logic
飛躍 leap(logic)
筋道 logic",Guess Vocab related to Keyword,Text
"manual","手引き,図鑑,労働,説明書,労働者,手動,手引,手引書,掛かる","手引き manual
図鑑 identification manual
労働 manual labour;manual labor
説明書 manual
労働者 (manual)laborer
手動 manual(operation)
手引 manual
手引書 manual
掛かる overlap(information manual)",Guess Vocab related to Keyword,Text
"noise","音,言う,音響,物音,騒ぐ,立てる,響き,雑音,騒音","音 noise;noise;noise
言う noise;noise
音響 noise
物音 noise
騒ぐ noise
立てる (noise)
響き noise
雑音 noise;noise(usu. unpleasant)
騒音 noise",Guess Vocab related to Keyword,Text
"offence","着せる,違反,攻防,攻め,犯行,主犯,政治犯,攻守,犯罪","着せる charge(offence)
違反 offence
攻防 offence defence
攻め offence
犯行 offence
主犯 principal offence
政治犯 political offence
攻守 offence defence
犯罪 offence",Guess Vocab related to Keyword,Text
"profitable","上手い,美味しい,旨い,巧い,合う,有益,有利,美味い,良い","上手い profitable
美味しい profitable
旨い profitable
巧い profitable
合う profitable
有益 profitable
有利 profitable
美味い profitable
良い profitable(deal,business offer,)",Guess Vocab related to Keyword,Text
"refrain","ご遠慮ください,思いとどまる,ご遠慮下さい,差し控える,止める,慎む,折り返し,繰り返し,控える","ご遠慮ください please refrain
思いとどまる refrain
ご遠慮下さい please refrain
差し控える refrain
止める refrain
慎む refrain(overdoing)
折り返し refrain
繰り返し refrain
控える refrain",Guess Vocab related to Keyword,Text
"appreciate","労る,哀れむ,ご苦労さま,知る,認める,味わう,ご苦労様,買う","労る appreciate
哀れむ appreciate
ご苦労さま appreciate your efforts
知る appreciate
認める appreciate
味わう appreciate
ご苦労様 appreciate your efforts
買う appreciate",Guess Vocab related to Keyword,Text
"attendant","随員,駅員,側近,付き添い,供,伴,付添い,係員","随員 attendant
駅員 (train)station attendant
側近 attendant
付き添い attendant
供 attendant
伴 attendant
付添い attendant
係員 attendant",Guess Vocab related to Keyword,Text
"caution","戒める,戒め,要注意,警戒,敷金,戒告,注意,用心","戒める caution against
戒め caution
要注意 need caution
警戒 caution
敷金 caution money
戒告 caution
注意 caution
用心 caution",Guess Vocab related to Keyword,Text
"channel","海峡,瀬戸,同局,水路,局,経路,水道,筋","海峡 channel(between two land masses)
瀬戸 channel
同局 same bureau(office,department,broadcasting stat
水路 channel
局 channel
経路 channel
水道 channel
筋 channel",Guess Vocab related to Keyword,Text
"circulation","循環,部数,流通,貸出用,金融,伝送,回転,通用","循環 circulation
部数 circulation
流通 circulation(air,water,);circulation(money,goods
貸出用 circulation lending(library books)
金融 circulation money
伝送 circulation
回転 circulation
通用 circulation",Guess Vocab related to Keyword,Text
"controversy","論争,物議,問題,争い,係争,議論,渦中,騒動","論争 controversy
物議 controversy
問題 controversy
争い controversy
係争 controversy
議論 controversy
渦中 controversy
騒動 controversy",Guess Vocab related to Keyword,Text
"cup","回る,杯,茶碗,注ぐ,満たす,苦手,茶わん,賜杯","回る passed around(cup,circular,)
杯 cup alcoholic beverages;sake cup
茶碗 tea cup
注ぐ fill(cup,bowl,)
満たす fill(cup)
苦手 cup tea
茶わん tea cup
賜杯 Emperor's cup",Guess Vocab related to Keyword,Text
"delicious","巧い,ご馳走様でした,上手い,旨い,ご馳走様,ご馳走さま,美味い,美味しい","巧い delicious
ご馳走様でした was delicious meal
上手い delicious
旨い delicious
ご馳走様 was delicious meal
ご馳走さま was delicious meal
美味い delicious
美味しい delicious",Guess Vocab related to Keyword,Text
"elegance","雅致,伊達,風情,優美,風流,品,色気,趣","雅致 elegance
伊達 elegance
風情 elegance
優美 elegance
風流 elegance
品 elegance
色気 elegance
趣 elegance",Guess Vocab related to Keyword,Text
"enforcement","執行,断行,式,強制,施行,実施,強行,徹底","執行 enforcement
断行 resolute enforcement
式 enforcement regulations(ritsuryō legal codes)
強制 enforcement
施行 enforcement
実施 enforcement
強行 enforcement
徹底 thorough enforcement",Guess Vocab related to Keyword,Text
"exception","別,以外,必ず,残らず,特例,除外,例外,徹底","別 exception
以外 exception
必ず exception
残らず exception
特例 exception
除外 exception
例外 exception
徹底 seeing policy,carried exception",Guess Vocab related to Keyword,Text
"exert","力む,働き掛ける,努める,及ぼす,払う,働かせる,踏ん張る,働きかける","力む exert
働き掛ける exert influence
努める exert
及ぼす exert(influence)
払う exert
働かせる exert
踏ん張る exert
働きかける exert influence",Guess Vocab related to Keyword,Text
"humanity","仁,人情,博愛,人間性,人文,人類,悲願,人道","仁 humanity
人情 humanity
博愛 (love)humanity
人間性 humanity
人文 humanity
人類 humanity
悲願 Buddha's vow save humanity
人道 humanity",Guess Vocab related to Keyword,Text
"leak","漏らす,逃げる,出口,漏る,流出,漏洩,漏れる,雨漏り","漏らす leak;leak(information)
逃げる leak(scent)
出口 leak
漏る leak
流出 leak(personal information)
漏洩 leak(gas,liquid,);leak(secrets,information,)
漏れる leak
雨漏り roof leak",Guess Vocab related to Keyword,Text
"pursue","追い掛ける,問う,求める,向ける,追う,追っ掛ける,追っかける,追いかける","追い掛ける pursue
問う pursue(question responsibility)
求める pursue(pleasure)
向ける pursue
追う pursue
追っ掛ける pursue
追っかける pursue
追いかける pursue",Guess Vocab related to Keyword,Text
"scenery","眺める,景観,風景,開ける,潔い,景色,背景,風物詩","眺める admire(scenery)
景観 scenery
風景 scenery
開ける open(view,scenery,)
潔い unspoiled(scenery,)
景色 scenery
背景 scenery
風物詩 poem natural scenery particular season",Guess Vocab related to Keyword,Text
"suicide","未遂,心中,自殺,特攻隊,企てる,身投げ,自決,遺書","未遂 failed attempt(crime,suicide,)
心中 lovers' suicide;group suicide;double suicide;fa
自殺 suicide
特攻隊 suicide squad
企てる attempt(suicide,murder)
身投げ throwing(water commit suicide)
自決 suicide
遺書 suicide note",Guess Vocab related to Keyword,Text
"suspicious","変,臭い,怪しい,暗い,生臭い,疑わしい,疑う,黒い","変 suspicious
臭い suspicious
怪しい suspicious;suspicious(potential amorous relati
暗い suspicious
生臭い suspicious
疑わしい suspicious
疑う suspicious
黒い suspicious",Guess Vocab related to Keyword,Text
"terminal","末期,端末,末期的,乗り場,末端,乗場,端末機,終着駅","末期 terminal stage(disease)
端末 computer terminal;terminal
末期的 terminal
乗り場 bus terminal
末端 terminal
乗場 bus terminal
端末機 terminal(unit)
終着駅 terminal station",Guess Vocab related to Keyword,Text
"venture","突入,試み,事業,冒す,乗り出す,冒険,踏み切る,投機","突入 embarking(new venture)
試み venture
事業 venture
冒す venture
乗り出す embark(new venture)
冒険 venture;venture which unlikely succeed
踏み切る venture
投機 venture",Guess Vocab related to Keyword,Text
"allow","許す,通す,考える,徹す,認める,可能にする,見込む","許す allow
通す allow through
考える allow
徹す allow through
認める allow
可能にする allow
見込む allow",Guess Vocab related to Keyword,Text
"apprentice","弟子,弟,就く,取る,見習い,弟子入り,小僧","弟子 apprentice
弟 apprentice
就く apprentice
取る take(apprentice)
見習い apprentice
弟子入り becoming apprentice
小僧 apprentice",Guess Vocab related to Keyword,Text
"burial","古墳,埋葬,葬送,限り,塚,石室,青山","古墳 ancient burial mound
埋葬 burial
葬送 burial rites
限り burial
塚 burial mound
石室 stone burial chamber
青山 burial place",Guess Vocab related to Keyword,Text
"circulate","巡る,飛ばす,流す,回す,通う,流れる,伝わる","巡る circulate(blood,money,)
飛ばす circulate
流す circulate(rumour,information,)
回す circulate
通う circulate(blood,electricity)
流れる circulate
伝わる circulate",Guess Vocab related to Keyword,Text
"comfort","見舞う,住み心地,居心地,楽,慰める,救い,養老","見舞う visit comfort console
住み心地 comfort(living place)
居心地 comfort
楽 comfort
慰める comfort
救い (source)comfort
養老 spending old age comfort",Guess Vocab related to Keyword,Text
"conveyance","空車,乗物,乗り物,搬送,伝達,譲渡,運搬","空車 empty conveyance
乗物 conveyance
乗り物 conveyance
搬送 conveyance
伝達 conveyance
譲渡 conveyance
運搬 conveyance",Guess Vocab related to Keyword,Text
"dawn","開ける,夜明け,明け方,暁,明ける,未明,空ける","開ける dawn
夜明け dawn
明け方 dawn
暁 dawn
明ける dawn
未明 early dawn
空ける dawn",Guess Vocab related to Keyword,Text
"deity","神,不動,女神,犠牲,観音,収める,納める","神 deity
不動 fierce Buddhist deity
女神 female deity
犠牲 sacrifice(deity)
観音 Buddhist deity compassion
収める offer(shrine,deity,)
納める offer(shrine,deity,)",Guess Vocab related to Keyword,Text
"discernment","洞察,分別,眼鏡,目,眼,識別,見識","洞察 discernment
分別 discernment
眼鏡 discernment;discernment
目 discernment
眼 discernment
識別 discernment
見識 discernment",Guess Vocab related to Keyword,Text
"English","英語,英会話,英字,英訳,英文学,英単語,英文","英語 English(language)
英会話 English conversation
英字 English letter
英訳 English translation
英文学 English(-language)literature
英単語 English word
英文 English text;English lit;English literature;Eng",Guess Vocab related to Keyword,Text
"impulse","思い付き,刺激,思いつき,弾み,殺意,衝動,衝撃","思い付き impulse
刺激 impulse
思いつき impulse
弾み impulse
殺意 murderous impulse
衝動 impulse
衝撃 impulse",Guess Vocab related to Keyword,Text
"inconvenience","差し支える,不便,不自由,構う,掛ける,問題,迷惑","差し支える suffer inconvenience
不便 inconvenience
不自由 inconvenience
構う create inconvenience
掛ける cause(inconvenience,trouble,)
問題 inconvenience
迷惑 inconvenience",Guess Vocab related to Keyword,Text
"museum","本館,館内,休館,国立博物館,博物館,開館,美術館","本館 museum
館内 inside library,museum,cinema,
休館 closure(library,museum,)
国立博物館 national museum
博物館 museum
開館 library,museum,cinema,);opening(new library,mus
美術館 art museum",Guess Vocab related to Keyword,Text
"our","本店,内,我が国,我が,当方,弊社,本朝","本店 our store
内 our company;our organization
我が国 our country;our land
我が our
当方 our part
弊社 our company;our firm
本朝 our country",Guess Vocab related to Keyword,Text
"relaxation","休息,憩い,休養,楽,慰安,緩和,憩","休息 relaxation
憩い relaxation
休養 relaxation
楽 relaxation
慰安 relaxation
緩和 relaxation(restrictions,tensions,)
憩 relaxation",Guess Vocab related to Keyword,Text
"satisfaction","思う存分,会心,満足,顧客満足,納得,得意,満足感","思う存分 complete satisfaction
会心 satisfaction
満足 satisfaction
顧客満足 customer satisfaction
納得 satisfaction(explanation)
得意 satisfaction
満足感 feeling satisfaction",Guess Vocab related to Keyword,Text
"significance","味わい,意味,第一義,重み,意義,由,精神","味わい significance
意味 significance
第一義 primary significance
重み significance
意義 significance
由 significance
精神 fundamental significance",Guess Vocab related to Keyword,Text
"sincerity","丹誠,実,誠,忠誠,真心,信,誠意","丹誠 sincerity
実 sincerity
誠 sincerity
忠誠 sincerity
真心 sincerity
信 sincerity
誠意 sincerity",Guess Vocab related to Keyword,Text
"spectacle","有様,光景,見事,情景,観,有り様,惨状","有様 spectacle
光景 spectacle
見事 spectacle
情景 spectacle
観 spectacle
有り様 spectacle
惨状 terrible spectacle",Guess Vocab related to Keyword,Text
"spectator","見物,見物人,観客,傍観,客,お客さま,お客様","見物 spectator
見物人 spectator
観客 spectator
傍観 remaining spectator
客 spectator
お客さま spectator
お客様 spectator",Guess Vocab related to Keyword,Text
"stylish","お洒落,乙,上品,御洒落,決まる,格好いい,粋","お洒落 stylish
乙 stylish
上品 stylish
御洒落 stylish
決まる stylish
格好いい stylish;stylish;stylish
粋 stylish",Guess Vocab related to Keyword,Text
"uncomfortable","嫌がる,気持ち悪い,難しい,煙たい,違和感,不愉快,窮屈","嫌がる appear uncomfortable
気持ち悪い uncomfortable
難しい uncomfortable
煙たい uncomfortable
違和感 uncomfortable feeling
不愉快 uncomfortable
窮屈 uncomfortable",Guess Vocab related to Keyword,Text
"urgent","急務,切実,当面,至急,急,急用,早急","急務 urgent business
切実 urgent
当面 urgent
至急 urgent
急 urgent
急用 urgent business
早急 urgent",Guess Vocab related to Keyword,Text
"widespread","行渡る,広範,市民権,横行,盛ん,通行,行き渡る","行渡る become widespread
広範 widespread
市民権 widespread acceptance
横行 widespread
盛ん widespread
通行 widespread use
行き渡る become widespread",Guess Vocab related to Keyword,Text
"abandonment","投棄,放棄,廃棄,遺棄,置き去り,見切り","投棄 abandonment
放棄 abandonment
廃棄 abandonment
遺棄 abandonment
置き去り abandonment
見切り abandonment",Guess Vocab related to Keyword,Text
"accumulate","重なる,蓄積,積む,積もる,蓄える,重ねる","重なる accumulate
蓄積 accumulate
積む accumulate
積もる accumulate
蓄える accumulate(knowledge)
重ねる accumulate",Guess Vocab related to Keyword,Text
"acquisition","買収,習得,入手,取得,獲得,言葉","買収 acquisition(corporate)
習得 acquisition(skill,knowledge,)
入手 acquisition
取得 acquisition(land,property,)
獲得 acquisition
言葉 language acquisition",Guess Vocab related to Keyword,Text
"anxious","堪らない,危ぶむ,思いやる,憂える,焦る,苦慮","堪らない anxious
危ぶむ anxious
思いやる feel anxious
憂える anxious
焦る anxious
苦慮 anxious",Guess Vocab related to Keyword,Text
"component","足,成分,素子,要素,脚,頭","足 bottom structural component(i.e. radical)kanji
成分 component
素子 element(component electronics)
要素 component
脚 bottom structural component(i.e. radical)kanji
頭 top structural component kanji;top structural co",Guess Vocab related to Keyword,Text
"convey","運ぶ,伝える,取り次ぐ,徹す,通す,譲る","運ぶ convey
伝える convey
取り次ぐ convey
徹す convey(ideas,)other party
通す convey(ideas,)other party
譲る convey",Guess Vocab related to Keyword,Text
"crucial","大事,大切,瀬戸際,手抜き,肝心,肝要","大事 crucial
大切 crucial
瀬戸際 crucial moment
手抜き omitting crucial steps
肝心 crucial
肝要 crucial",Guess Vocab related to Keyword,Text
"doctrine","教え,説,理念,主義,陣営,縁起","教え doctrine
説 doctrine
理念 doctrine
主義 doctrine
陣営 camp(supporters doctrine,party,)
縁起 doctrine everything has cause there nothing ari",Guess Vocab related to Keyword,Text
"dog","盲導犬,お代わり,愛犬,化ける,子犬,犬","盲導犬 guide dog;seeing-eye dog
お代わり command dog place second paw hand
愛犬 pet dog;beloved dog
化ける take form(ref. spirit,fox,raccoon dog,)
子犬 small dog
犬 dog(Canis(lupus)familiaris)",Guess Vocab related to Keyword,Text
"embark","旅立つ,踏み切る,乗り出す,歩む,乗り込む,乗る","旅立つ embark
踏み切る embark
乗り出す embark(new venture)
歩む embark(road)
乗り込む embark
乗る embark",Guess Vocab related to Keyword,Text
"endeavor","努力,励む,心がける,試み,心掛ける,努める","努力 endeavor
励む endeavor
心がける endeavor
試み endeavour(endeavor)
心掛ける endeavor
努める endeavor",Guess Vocab related to Keyword,Text
"endeavour","心がける,試み,努める,努力,励む,心掛ける","心がける endeavour
試み endeavour(endeavor)
努める endeavour
努力 endeavour
励む endeavour
心掛ける endeavour",Guess Vocab related to Keyword,Text
"engage","出合う,従う,携わる,出会う,打つ,取り組む","出合う emerge engage(enemy)
従う engage(work)
携わる engage
出会う emerge engage(enemy)
打つ engage(gambling,)
取り組む engage bout",Guess Vocab related to Keyword,Text
"everywhere","至る所,探し回る,何処にも,回す,方々,随所","至る所 everywhere
探し回る look everywhere
何処にも everywhere
回す everywhere
方々 everywhere
随所 everywhere",Guess Vocab related to Keyword,Text
"expect","待ち受ける,思う,考える,望む,見込む,括る","待ち受ける expect
思う expect
考える expect
望む expect
見込む expect
括る expect",Guess Vocab related to Keyword,Text
"fiction","作り話,創作,虚構,世紀末,小説,小説家","作り話 fiction
創作 fiction
虚構 fiction
世紀末 end world(fiction)
小説 (work)fiction
小説家 fiction writer",Guess Vocab related to Keyword,Text
"flee","跳ぶ,落ちる,走る,逃げ出す,逃げる,飛ぶ","跳ぶ flee
落ちる (defeated)flee
走る flee
逃げ出す flee
逃げる flee
飛ぶ flee",Guess Vocab related to Keyword,Text
"identity","人違い,身元,正体,身分,氏名,身分証明書","人違い (case)mistaken identity
身元 identity
正体 identity
身分 identity
氏名 identity
身分証明書 identity document",Guess Vocab related to Keyword,Text
"illusion","幻想,幻,迷い,手品,幻覚,錯覚","幻想 illusion
幻 illusion
迷い illusion
手品 magic(illusion)
幻覚 illusion
錯覚 optical illusion",Guess Vocab related to Keyword,Text
"lawful","正しい,合法的,合法,適法,立派,正当","正しい lawful
合法的 lawful
合法 lawful
適法 lawful
立派 lawful
正当 lawful",Guess Vocab related to Keyword,Text
"magic","魔法,種,寄席,術,魔術,手品","魔法 magic
種 mechanism(magic trick,)
寄席 entertainment hall(rakugo,manzai,magic,music,)
術 magic
魔術 black magic;magic tricks
手品 magic(illusion);magic trick",Guess Vocab related to Keyword,Text
"necessity","事,必要,必然,米,必要性,苦肉の策","事 necessity
必要 necessity
必然 necessity
米 necessity
必要性 necessity
苦肉の策 desperate measure taken under pressure necess",Guess Vocab related to Keyword,Text
"penetrate","貫く,食い込む,通る,入り込む,徹する,染みる","貫く penetrate
食い込む penetrate(market)
通る penetrate
入り込む penetrate
徹する penetrate
染みる penetrate",Guess Vocab related to Keyword,Text
"pivot","中心,要,中枢,中軸,掛ける,主軸","中心 pivot
要 pivot
中枢 pivot
中軸 pivot
掛ける use(word)pivot word
主軸 pivot",Guess Vocab related to Keyword,Text
"propose","申し出る,申し込む,持ち込む,企てる,言い出す,申し入れる","申し出る propose
申し込む propose(marriage)
持ち込む propose(project)
企てる propose
言い出す propose
申し入れる propose",Guess Vocab related to Keyword,Text
"retort","返す,口答え,応酬,反す,言い返す,突っ込む","返す retort
口答え retort
応酬 retort
反す retort
言い返す retort
突っ込む retort",Guess Vocab related to Keyword,Text
"sketch","似顔絵,描く,横顔,輪郭,小品,絵","似顔絵 sketch(face)
描く sketch
横顔 (biographical)sketch
輪郭 sketch
小品 literary sketch
絵 sketch",Guess Vocab related to Keyword,Text
"soak","染みる,吸う,通る,吸い込む,浸す,漬ける","染みる soak
吸う soak
通る soak
吸い込む soak
浸す soak
漬ける soak",Guess Vocab related to Keyword,Text
"steep","急,漬ける,険しい,浸す,激しい,高騰","急 steep
漬ける steep
険しい steep
浸す steep
激しい steep
高騰 steep rise",Guess Vocab related to Keyword,Text
"tasty","美味い,乙,旨い,巧い,美味しい,上手い","美味い tasty
乙 tasty
旨い tasty
巧い tasty
美味しい tasty
上手い tasty",Guess Vocab related to Keyword,Text
"trustworthy","確か,手堅い,頼もしい,堅実,強い,着実","確か trustworthy
手堅い trustworthy
頼もしい trustworthy
堅実 trustworthy
強い trustworthy
着実 trustworthy",Guess Vocab related to Keyword,Text
"unbearable","堪らない,仕方ない,やり切れない,仕方がない,敵わない,仕様がない","堪らない unbearable
仕方ない unbearable
やり切れない unbearable
仕方がない unbearable
敵わない unbearable
仕様がない unbearable",Guess Vocab related to Keyword,Text
"understood","独特,知れる,取れる,共通語,通じる,通る","独特 understood only
知れる understood
取れる understood
共通語 standard language(language variety understood 
通じる understood
通る understood",Guess Vocab related to Keyword,Text
"uneasy","騒ぐ,引っかかる,引っ掛る,引っ掛かる,重い,頼りない","騒ぐ uneasy
引っかかる feel uneasy
引っ掛る feel uneasy
引っ掛かる feel uneasy
重い uneasy
頼りない uneasy",Guess Vocab related to Keyword,Text
"verbal","伝言,物言い,証言,口頭,口論,押し問答","伝言 verbal message
物言い verbal argument
証言 (verbal)evidence
口頭 verbal
口論 (verbal)dispute
押し問答 verbal tug-of-war",Guess Vocab related to Keyword,Text
"wash","打ち上げる,洗う,洗面器,洗い上げる,研ぐ,流す","打ち上げる wash(ashore)
洗う wash(deck);wash
洗面器 wash bowl(incl. portable bowl public bath);was
洗い上げる wash well
研ぐ wash(rice)
流す wash away",Guess Vocab related to Keyword,Text
"weird","変,怪奇,変わった,不気味,妙,怪しい","変 weird
怪奇 weird
変わった weird
不気味 weird
妙 weird
怪しい weird",Guess Vocab related to Keyword,Text
"abide","住む,赴く,守る,従う,止まる","住む abide
赴く abide
守る abide(rules)
従う abide(rule,custom,)
止まる abide",Guess Vocab related to Keyword,Text
"abstain","控える,止める,慎む,絶つ,断つ","控える abstain
止める abstain
慎む abstain
絶つ abstain
断つ abstain",Guess Vocab related to Keyword,Text
"accord","合意,呼吸,調和,好んで,自ずから","合意 accord
呼吸 accord
調和 accord
好んで own accord
自ずから own accord",Guess Vocab related to Keyword,Text
"adherent","主義者,信者,信徒,弟子,教徒","主義者 -ist(i.e. adherent belief)
信者 adherent
信徒 adherent
弟子 adherent
教徒 adherent",Guess Vocab related to Keyword,Text
"alongside","従う,兼ねる,着ける,付ける,沿線","従う alongside(river)
兼ねる alongside
着ける bring alongside
付ける bring alongside
沿線 places alongside railway line,bus route,major t",Guess Vocab related to Keyword,Text
"amusement","遊び,愛嬌,娯楽,楽しみ,遊園地","遊び amusement
愛嬌 amusement
娯楽 amusement
楽しみ amusement
遊園地 amusement park",Guess Vocab related to Keyword,Text
"aptitude","筋,才,下地,素質,適性","筋 aptitude
才 aptitude
下地 aptitude
素質 aptitude
適性 aptitude",Guess Vocab related to Keyword,Text
"avenue","大通り,街路,通路,大道,通り","大通り avenue
街路 avenue
通路 avenue
大道 avenue
通り Avenue;avenue",Guess Vocab related to Keyword,Text
"biological","実子,帰還,生みの親,実弟,実兄","実子 biological child
帰還 feedback(electronic circuit,biological,)
生みの親 biological parent
実弟 biological younger brother
実兄 biological older brother",Guess Vocab related to Keyword,Text
"calligraphy","書き方,書道,書き初め,払う,筆跡","書き方 calligraphy
書道 calligraphy
書き初め first calligraphy year
払う sweeping stroke(calligraphy)
筆跡 calligraphy specimen",Guess Vocab related to Keyword,Text
"cardboard","折,下敷き,下敷,段ボール,色紙","折 small food box(wooden cardboard)
下敷き sheet plastic(cardboard,felt,)placed under wri
下敷 sheet plastic(cardboard,felt,)placed under writ
段ボール (corrugated)cardboard;(corrugated)cardboard
色紙 square fancy cardboard,autographs,poetry,",Guess Vocab related to Keyword,Text
"chronic","持病,慢性,慢性的,連用,飢饉","持病 chronic disease
慢性 chronic(illness)
慢性的 chronic
連用 chronic use
飢饉 chronic shortage(water)",Guess Vocab related to Keyword,Text
"civilian","文民,民間,軍属,地方,私服","文民 civilian
民間 civilian
軍属 civilian military employ
地方 civilian society
私服 civilian clothes",Guess Vocab related to Keyword,Text
"concrete","具体的,理,舗装,鉄筋,打ち込む","具体的 concrete
理 general principle(opposed individual concrete ph
舗装 surfacing(asphalt,concrete,)
鉄筋 reinforced concrete
打ち込む pour(concrete,)form",Guess Vocab related to Keyword,Text
"deficiency","欠陥,欠乏,不足,不備,欠如","欠陥 deficiency
欠乏 deficiency
不足 deficiency
不備 deficiency
欠如 deficiency",Guess Vocab related to Keyword,Text
"delightful","愉快,楽しい,結構,喜ばしい,爽やか","愉快 delightful
楽しい delightful
結構 delightful
喜ばしい delightful(result)
爽やか delightful",Guess Vocab related to Keyword,Text
"deny","争う,打ち消す,打消す,動かす,拒む","争う deny(evidence)
打ち消す deny
打消す deny
動かす deny
拒む deny(access)",Guess Vocab related to Keyword,Text
"despatch","遣る,派遣,仕立てる,発信,送る","遣る despatch
派遣 despatch
仕立てる despatch
発信 despatch
送る despatch",Guess Vocab related to Keyword,Text
"detain","捕まえる,括る,引き止める,止める,引止める","捕まえる detain
括る detain
引き止める detain
止める detain
引止める detain",Guess Vocab related to Keyword,Text
"dialogue","漫才,対談,問答,談話,対話","漫才 comic dialogue;two-person comedy act(usu. prese
対談 dialogue
問答 dialogue
談話 dialogue
対話 dialogue",Guess Vocab related to Keyword,Text
"diary","日記,手帳,記入,付ける,着ける","日記 diary
手帳 (pocket)diary
記入 entry(form,register,diary,)
付ける keep diary
着ける keep diary",Guess Vocab related to Keyword,Text
"dissatisfaction","不足,不服,漏らす,不平,不満","不足 dissatisfaction
不服 dissatisfaction
漏らす give utterance(dissatisfaction)
不平 dissatisfaction
不満 dissatisfaction",Guess Vocab related to Keyword,Text
"dye","付く,染める,注す,差す,藍","付く dye
染める dye
注す dye
差す dye
藍 dyer's knotweed(Persicaria tinctoria,produce ind",Guess Vocab related to Keyword,Text
"errand","用事,小僧,用,使い,使命","用事 errand
小僧 errand boy
用 errand
使い errand boy;errand girl;errand
使命 errand",Guess Vocab related to Keyword,Text
"gait","脚,足,足取り,足元,足下","脚 gait
足 gait
足取り gait
足元 gait
足下 gait",Guess Vocab related to Keyword,Text
"gentleman","翁,方,紳士,あの方,君子","翁 venerable gentleman
方 gentleman
紳士 gentleman
あの方 gentleman
君子 (true)gentleman",Guess Vocab related to Keyword,Text
"gesture","動作,手振り,仕草,身振り,招く","動作 gesture
手振り (hand)gesture
仕草 gesture
身振り gesture
招く gesture",Guess Vocab related to Keyword,Text
"glad","喜ぶ,朗報,喜ばしい,始めまして,初めまして","喜ぶ glad
朗報 glad tidings
喜ばしい glad
始めまして I'm glad your acquaintance
初めまして I'm glad your acquaintance",Guess Vocab related to Keyword,Text
"gossip","口,陰口,雑音,説,扱う","口 talk(i.e. gossip)
陰口 malicious gossip
雑音 gossip
説 gossip
扱う gossip",Guess Vocab related to Keyword,Text
"imagine","浮かべる,考える,思い描く,描く,思う","浮かべる imagine
考える imagine
思い描く imagine
描く imagine
思う imagine",Guess Vocab related to Keyword,Text
"impropriety","不当,不適当,不正,不倫,不祥事","不当 impropriety
不適当 impropriety
不正 impropriety
不倫 impropriety
不祥事 impropriety",Guess Vocab related to Keyword,Text
"incur","招く,請ける,受ける,負う,買う","招く incur
請ける incur(loss)
受ける incur(loss)
負う incur(loss,damage,)
買う incur(anger,displeasure,)",Guess Vocab related to Keyword,Text
"intimacy","懇親,親密,親交,愛称,親しみ","懇親 intimacy
親密 intimacy
親交 intimacy
愛称 indicate affection,intimacy,informality,
親しみ intimacy",Guess Vocab related to Keyword,Text
"itinerary","予定表,道筋,道程,道のり,行程","予定表 itinerary
道筋 itinerary
道程 itinerary
道のり itinerary
行程 itinerary",Guess Vocab related to Keyword,Text
"makeshift","間に合わせ,掛ける,対症療法,間に合せ,小手先","間に合わせ makeshift
掛ける erect(makeshift building)
対症療法 makeshift solution
間に合せ makeshift
小手先 makeshift(measures)",Guess Vocab related to Keyword,Text
"membership","籍,会費,証,会員,党籍","籍 membership(club,party,)
会費 membership fee
証 membership card
会員 membership
党籍 party membership",Guess Vocab related to Keyword,Text
"notion","先入観,命題,概念,観念,考え","先入観 preconceived notion
命題 notion
概念 notion
観念 notion
考え notion",Guess Vocab related to Keyword,Text
"peculiarity","特徴,特性,独特,癖,素直","特徴 peculiarity
特性 peculiarity
独特 peculiarity
癖 peculiarity
素直 peculiarity",Guess Vocab related to Keyword,Text
"premature","未熟児,時期尚早,早い,速い,早熟","未熟児 premature baby
時期尚早 premature
早い premature
速い premature
早熟 premature development",Guess Vocab related to Keyword,Text
"proficiency","切れ味,検定,段,熟練,力","切れ味 technical proficiency
検定 proficiency test
段 dan(degree advanced proficiency martial arts,,sh
熟練 proficiency
力 proficiency;proficiency",Guess Vocab related to Keyword,Text
"provoke","怒らせる,売る,引き起こす,引き起す,誘う","怒らせる provoke(anger)
売る provoke
引き起こす provoke
引き起す provoke
誘う provoke",Guess Vocab related to Keyword,Text
"reign","治める,世,君が代,初年,統治","治める reign
世 reign
君が代 Imperial reign
初年 early years(reign era)
統治 reign",Guess Vocab related to Keyword,Text
"repeat","繰り返す,重ねる,繰り返し,巡る,言い返す","繰り返す repeat
重ねる repeat many times
繰り返し repeat
巡る repeat
言い返す repeat(what has said)",Guess Vocab related to Keyword,Text
"sent","出動,取り寄せる,発,飛ぶ,跳ぶ","出動 sent
取り寄せる sent
発 sent
飛ぶ sent(order)
跳ぶ sent(order)",Guess Vocab related to Keyword,Text
"spout","吹く,吹き出す,噴き出す,水口,口","吹く spout
吹き出す spout
噴き出す spout
水口 spout
口 spout",Guess Vocab related to Keyword,Text
"sprinkle","施す,掛ける,注ぐ,振る,打つ","施す sprinkle
掛ける sprinkle(powder spices)onto
注ぐ sprinkle(above)
振る sprinkle
打つ sprinkle",Guess Vocab related to Keyword,Text
"stalk","茎,軸,付ける,柄,着ける","茎 stalk
軸 stalk
付ける stalk
柄 stalk(mushroom,leaf,)
着ける stalk",Guess Vocab related to Keyword,Text
"suggest","勧める,申し入れる,言い出す,申し出る,薦める","勧める suggest
申し入れる suggest
言い出す suggest
申し出る suggest
薦める suggest",Guess Vocab related to Keyword,Text
"sunny","朗らか,明るい,日当たり,日向,晴れる","朗らか sunny
明るい sunny(disposition)
日当たり sunny place
日向 sunny place
晴れる sunny",Guess Vocab related to Keyword,Text
"tanka","唄,短歌,歌人,和歌,歌","唄 classical poem(tanka)
短歌 tanka
歌人 poet(tanka poems)
和歌 classic poem,tanka,often 31 morae
歌 classical poem(tanka)",Guess Vocab related to Keyword,Text
"tap","栓,水道水,打つ,水道,蛇口","栓 tap
水道水 tap water
打つ tap
水道 tap water
蛇口 tap",Guess Vocab related to Keyword,Text
"trail","手がかり,山道,引きずる,足取り,手掛かり","手がかり trail
山道 mountain trail
引きずる trail
足取り trail
手掛かり trail",Guess Vocab related to Keyword,Text
"tranquil","安らか,平穏,平ら,澄む,長閑","安らか tranquil
平穏 tranquil
平ら tranquil
澄む become tranquil
長閑 tranquil",Guess Vocab related to Keyword,Text
"unavoidable","仕方がない,余儀ない,仕方ない,不可避,仕様がない","仕方がない unavoidable
余儀ない unavoidable
仕方ない unavoidable
不可避 unavoidable
仕様がない unavoidable",Guess Vocab related to Keyword,Text
"vital","元気,肝心,急所,肝要,要","元気 vital
肝心 vital
急所 vital part(body)
肝要 vital
要 vital point",Guess Vocab related to Keyword,Text