Question,Answer,Comment,Instruction,Render as
"face","丸顔,澄まし顔,文字盤,人面,美顔,般若,仏頂面,向かい合う,正視,無表情,岩壁,岩肌,肩身,向き合う,切り羽,突き合わせる,流れ星,新顔,化粧水,立ち向かう,顔向け,細面,敵前,立つ瀬,美貌,童顔,血の気","丸顔 round face;moon face
澄まし顔 clear face
文字盤 face(clock)
人面 human face
美顔 beautiful face
般若 dreadful face(woman driven mad jealousy)
仏頂面 surly face
向かい合う face each other
正視 looking face
無表情 blank look(face)
岩壁 rock face
岩肌 rock face
肩身 face
向き合う face;face each other
切り羽 working face(mine);face(wall coal ore,)
突き合わせる come face face
流れ星 blaze(wide white stripe face horse)
新顔 new face
化粧水 face lotion
立ち向かう face
顔向け showing face public
細面 slender face
敵前 face enemy
立つ瀬 face
美貌 beautiful face
童顔 child's face;boyish face;childlike face;baby fa
血の気 blo",Guess Vocab related to Keyword,Text
"war","戦傷,兵法,特需,戦争犯罪人,南北戦争,八幡宮,軍国,神経戦,戦敗,出征,陣,戦禍,第一次世界大戦,平定,英霊,陸戦,進駐軍,勃発,軍資金,戦中派,戦局,戦果,棒引き,戦記,軍歌,舌戦","戦傷 war wound
兵法 art war
特需 special procurement(particularly war)
戦争犯罪人 war criminal
南北戦争 American Civil War(1861-1865)
八幡宮 Shrine God War
軍国 nation war
神経戦 war nerves
戦敗 defeat war
出征 going war
陣 war
戦禍 war damage;horrors war;ravages war
第一次世界大戦 World War;First World War(1914-1918)
平定 suppression(rebellion,civil war,)
英霊 spirits war dead
陸戦 land war
進駐軍 occupying forces(Allies World War II)
勃発 outbreak(war)
軍資金 war funds;war chest
戦中派 war generation
戦局 war situation;state war
戦果 war results
棒引き tug war played pole
戦記 record war;commentaries war",Guess Vocab related to Keyword,Text
"enemy","外敵,仮想敵国,敵機,やっ付ける,小競り合い,灯火管制,打ち勝つ,大敵,敵地,切り込む,矢面,宿敵,首級,天敵,押し寄せる,撃退,迎え撃つ,敵前,突き崩す,敵陣,敵視,連破,牙城,突貫","外敵 foreign enemy
仮想敵国 hypothetical imaginary enemy
敵機 enemy plane
やっ付ける attack(enemy)
小競り合い small fight military enemy;brush(enemy)
灯火管制 blackout(prevent seen enemy aircraft during n
打ち勝つ conquer(enemy)
大敵 powerful enemy
敵地 enemy territory
切り込む cut way(enemy position)
矢面 front flying arrow(fired enemy)
宿敵 old enemy;longtime enemy
首級 decapitated head enemy
天敵 natural enemy
押し寄せる descend(enemy)
撃退 repelling(enemy)
迎え撃つ meet(enemy)attack;engage(approaching enemy)
敵前 face enemy;enemy
突き崩す crush(enemy)
敵陣 enemy camp;enemy line
敵視 lookingenemy;regard",Guess Vocab related to Keyword,Text
"sword","短刀,下段,剣劇,上段,斬る,太刀,振りかざす,日本刀,大上段,両刃,神器,地肌,小刀,文武,案じる,木刀,横たえる,刀剣,殺陣,宝刀,大刀,竹刀,首切り,素振り","短刀 short sword
下段 low position(sword kendo,)
剣劇 sword play
上段 overhead position(sword kendo,)
斬る kill(human)using blade(sword,machete,knife,)
太刀 large sword;long sword(tachi,worn hip edge samu
振りかざす brandish(sword)
日本刀 sword(usu. single-edged curved)
大上段 holding sword above head(kendo posture)
両刃 double-edged(sword blade)
神器 three sacred treasures(sword,jewel,mirror)
地肌 surface sword blade
小刀 small sword;short sword
文武 pen sword
案じる grasp(hilt sword)
木刀 wooden sword
横たえる wear(sword,)side
刀剣 sword
殺陣 sword fight(film,play,)
宝刀 treasured sword
大刀",Guess Vocab related to Keyword,Text
"chief","主著,宮司,大老,上座,元締め,施主,内閣官房長官,親玉,方丈,棟梁,家老,関白,伯,技監,眼目,重臣","主著 chief(literary)work
宮司 chief priest
大老 (Edo-period)chief minister
上座 chief seat
元締め chief treasurer
施主 chief mourner
内閣官房長官 Chief Cabinet Secretary
親玉 chief
方丈 chief priest
棟梁 chief support;chief
家老 chief retainer
関白 chief advisor Emperor(adviser)
伯 chief official Department Worship(under ritsuryō
技監 chief engineer;chief scientist
眼目 chief purpose
重臣 chief vassal",Guess Vocab related to Keyword,Text
"rough","粗暴,概説,目算,伝法,難所,草紙,下絵,投げつける,粗雑,暴れん坊,荒海,粗野,乗り切る,見取り図","粗暴 rough(behaviour,temperament,)
概説 rough summary
目算 rough estimate;rough calculation
伝法 rough
難所 rough spot
草紙 rough draft
下絵 rough sketch
投げつける use(rough language)
粗雑 rough
暴れん坊 rough
荒海 rough sea
粗野 rough
乗り切る weather(storm,rough seas)
見取り図 rough sketch",Guess Vocab related to Keyword,Text
"thick","厚化粧,分厚い,厚手,厚板,土蔵,降り積もる,太白,厚紙,太字,黒い霧,植え込み,濃霧,濃密","厚化粧 thick makeup
分厚い thick
厚手 thick(paper,cloth,)
厚板 thick board
土蔵 storehouse thick(earthen)walls
降り積もる lie thick
太白 thick silk thread
厚紙 thick paper
太字 thick characters
黒い霧 thick fog(suspicion)
植え込み thick growth plants
濃霧 thick fog
濃密 thick",Guess Vocab related to Keyword,Text
"luck","大凶,大吉,凶,厄,七福神,運勢,大福,不遇,口裏,冥利,幸","大凶 terrible luck;very bad luck
大吉 excellent luck
凶 bad luck
厄 bad luck
七福神 Seven Deities Good Luck
運勢 luck
大福 good luck
不遇 bad luck
口裏 divining good bad luck listening
冥利 luck
幸 good luck",Guess Vocab related to Keyword,Text
"kimono","無垢,小袖,打ち掛け,和装,丸洗い,和裁,着付け,紋付き,着流し,反物","無垢 long kimono made same plain-coloured cloth
小袖 short sleeved kimono(worn undergarment during H
打ち掛け women's bridal robe trailing skirts worn kimo
和装 dressed kimono
丸洗い washing kimono(futon,)taking apart
和裁 kimono making
着付け dressing(kimono)
紋付き clothing(kimono)decorated family crest
着流し dressing kimono hakama(man)
反物 measure kimono material",Guess Vocab related to Keyword,Text
"port","港湾局,母港,左舷,入船,津々浦々,海港,軍港,出航,帰港,端子","港湾局 Port Harbor Authority
母港 home port
左舷 port(left side vessel)
入船 ship coming port
津々浦々 every port harbor
海港 port
軍港 naval port
出航 leaving port
帰港 returning port
端子 port(LAN port)",Guess Vocab related to Keyword,Text
"total","七不思議,拘束時間,全貌,総収入,通巻,総和,完勝,全盲,満腹,総計","七不思議 total mystery
拘束時間 total hours spent working
全貌 total picture
総収入 total income
通巻 total number volumes
総和 sum total
完勝 total victory
全盲 total blindness
満腹 total
総計 total",Guess Vocab related to Keyword,Text
"fear","杞憂,戦々恐々,憂い,心労,恐怖症,戦慄,案じる,畏怖,身震い","杞憂 needless fear
戦々恐々 trembling fear
憂い fear
心労 fear
恐怖症 morbid fear
戦慄 trembling fear
案じる fear
畏怖 fear
身震い trembling(fear)",Guess Vocab related to Keyword,Text
"introduction","移入,序文,序章,伝来,序説,渡来,導入部,枕詞,紹介状","移入 introduction(outside)
序文 introduction
序章 introduction
伝来 introduction(abroad)
序説 introduction
渡来 introduction(abroad)
導入部 introduction
枕詞 introduction
紹介状 letter introduction",Guess Vocab related to Keyword,Text
"careful","懇切,厳選,思案,精査,熟読,精選,自警,緻密","懇切 careful
厳選 careful selection;careful screening
思案 careful thought
精査 careful examination
熟読 careful reading
精選 careful selection
自警 careful
緻密 careful",Guess Vocab related to Keyword,Text
"department","耳鼻咽喉科,分科,整理部,本科,部外,伯,予科,商科","耳鼻咽喉科 ear,nose throat department
分科 department
整理部 copyreading department
本科 department
部外 outside(organization,department,)
伯 chief official Department Worship(under ritsuryō
予科 preparatory department
商科 department commerce(university)",Guess Vocab related to Keyword,Text
"firm","決然,気丈,固辞,堅固,強含み,泰然,英断,商号","決然 firm
気丈 firm
固辞 firm refusal
堅固 firm
強含み firm tone
泰然 firm
英断 firm decision
商号 firm",Guess Vocab related to Keyword,Text
"silk","小袖,蚕糸,友禅染め,生糸,絹織物,太白,絹布,烏帽子","小袖 padded silk garment
蚕糸 silk thread;silk yarn
友禅染め silk printed Yuzen process
生糸 raw silk thread
絹織物 silk goods
太白 thick silk thread
絹布 silk;silk cloth
烏帽子 black-lacquered headgear made silk,cloth paper",Guess Vocab related to Keyword,Text
"worship","本尊,伯,礼賛,参詣,拝礼,拝殿,神体,日参","本尊 principal object worship temple(usu. buddha bod
伯 chief official Department Worship(under ritsuryō
礼賛 worship
参詣 worship
拝礼 worship
拝殿 hall worship
神体 object worship believed contain spirit deity,ty
日参 daily visit temple shrine(worship)",Guess Vocab related to Keyword,Text
"column","火柱,下段,空欄,脊椎,隊列,円柱,別動隊","火柱 blazing column
下段 lower column
空欄 blank column
脊椎 vertebral column
隊列 column
円柱 column
別動隊 flying column",Guess Vocab related to Keyword,Text
"encouragement","勧業,助長,気付,切磋琢磨,鼓舞,叱咤,張り合い","勧業 (encouragement)industry
助長 encouragement
気付 encouragement
切磋琢磨 mutual encouragement(improve)
鼓舞 encouragement
叱咤 fierce encouragement
張り合い encouragement",Guess Vocab related to Keyword,Text
"slight","一挙手一投足,微熱,風邪気,軽度,蔑視,薄手,軽微","一挙手一投足 slight effort
微熱 slight fever
風邪気 slight cold
軽度 slight
蔑視 slight
薄手 slight wound;slight cut
軽微 slight",Guess Vocab related to Keyword,Text
"circle","内回り,裾野,桟敷,車座,円陣,円環","内回り going around inner circle
裾野 encompassing circle
桟敷 dress circle(theatre)
車座 sitting circle
円陣 (forming)circle
円環 circle",Guess Vocab related to Keyword,Text
"Kyoto","畿内,比叡山,府議会,府税,稲荷,舞妓","畿内 Kinai(five provinces immediate vicinity Kyoto)
比叡山 Mt. Hiei(Kyoto)
府議会 prefectural assembly(Kyoto Osaka)
府税 urban prefectural tax(Osaka Kyoto)
稲荷 Fushimi Inari shrine(Kyoto)
舞妓 apprentice geisha(Kyoto)",Guess Vocab related to Keyword,Text
"aspiration","大志,吸引,希求,憧憬,覇気","大志 aspiration
吸引 aspiration
希求 aspiration
憧憬 aspiration
覇気 aspiration",Guess Vocab related to Keyword,Text
"chicken","唐揚げ,軟骨,心残り,霜降り,養鶏","唐揚げ deep-fried food(chicken)
軟骨 (dish)gristle(usu. chicken,deep-fried)
心残り flesh,blood vessels fat around chicken heart(u
霜降り (fish,chicken,shellfish,)blanching exposure bo
養鶏 chicken farming",Guess Vocab related to Keyword,Text
"failure","不成功,負け犬,失火,損じ,腎不全","不成功 failure
負け犬 failure
失火 failure ignite
損じ failure
腎不全 renal failure;kidney failure",Guess Vocab related to Keyword,Text
"invite","召す,請う,乞う,呼び込む,誘い出す","召す invite
請う invite
乞う invite
呼び込む invite
誘い出す invite",Guess Vocab related to Keyword,Text
"vessel","廃船,左舷,銅鐸,用船,毛細血管","廃船 scrapped vessel
左舷 port(left side vessel)
銅鐸 bell-shaped bronze vessel Yayoi
用船 chartering hiring vessel
毛細血管 capillary vessel",Guess Vocab related to Keyword,Text
"military","兵学,出征,憲兵,軍務,武功,守護,上等兵,小競り合い,戦史,武術,血税,文武,武官,応召,軍靴,武人,戦果,歴戦,除隊,軍勢,長征,有職,進級,軍楽,戦歴,軍票,戦記,武勇,警務,陣形","兵学 military science
出征 departure military service(response draft)
憲兵 military police
軍務 military service;military affairs
武功 distinguished military service;military exploit
守護 shugo(Kamakura Muromachi military governor)
上等兵 Commonwealth military)
小競り合い small fight military enemy
戦史 military history;military annals
武術 military arts
血税 compulsory military service
文武 literary military arts
武官 military officer
応召 responding call-up military service
軍靴 military shoes
武人 military man
戦果 military gains
歴戦 long military service
除隊 military discharge
軍勢",Guess Vocab related to Keyword,Text
"cold","冷え性,寒冷前線,冷や,冷笑,冷遇,厳寒,無機質,召す,冷や飯,極寒,冷気,寒暖,湯水,寒天,凍死,素っ気ない,寒中,水洗い,寒,身震い,寒風,酷寒,風邪気,防寒,底冷え,氷室,無愛想,肌寒い","冷え性 sensitivity cold
寒冷前線 cold front
冷や cold;cold water;cold sake
冷笑 cold smile
冷遇 cold reception
厳寒 intense cold
無機質 cold
召す catch(cold)
冷や飯 cold rice
極寒 extreme cold;intense cold
冷気 cold;cold weather;cold air;cold wave
寒暖 cold heat
湯水 hot cold water
寒天 cold weather
凍死 death cold
素っ気ない cold
寒中 cold season
水洗い washing cold water(using soap,)
寒 cold season
身震い shivering(cold)
寒風 cold wind
酷寒 bitter cold;severe cold;intense cold
風邪気 slight cold
防寒 protection against cold
底冷え penetrating cold
氷室 cold room
無愛想 cold
肌寒い unpleasantly cold",Guess Vocab related to Keyword,Text
"put","利かす,吹っ切れる,差し入れる,四苦八苦,取り合わせる,召す,働かす,差し込む,合わさる,引き当てる,狂わす,役立てる,書き留める,吹かす,澄ます,組み上げる,織り込む,消し止める,砲丸投げ,絶やす,見返す,紡ぐ,記名,締めつける,遅らせる","利かす put good use;put
吹っ切れる put behind
差し入れる put
四苦八苦 hard put
取り合わせる put together
召す put(years);put
働かす put work
差し込む put
合わさる put together
引き当てる put(position)
狂わす put order
役立てる put use
書き留める put record
吹かす put(air)
澄ます put airs
組み上げる put together
織り込む put(ideas,suggestions)
消し止める put
砲丸投げ shot put
絶やす put end
見返す put shame
紡ぐ put together
記名 put
締めつける put pressure
遅らせる put(clock);put",Guess Vocab related to Keyword,Text
"horse","大穴,馬上,本末転倒,種馬,名馬,伯楽,竹馬,愛馬,流れ星,高飛車,絵馬,鞍馬,木馬,複,軍馬,落馬,疾駆,速足,騎乗,跳馬,馬具","大穴 long-shot win(horse racing,)
馬上 riding horse
本末転倒 putting cart horse
種馬 breeding horse
名馬 famous horse;fine horse
伯楽 cattle horse trader
竹馬 hobby horse
愛馬 favourite horse;favorite horse
流れ星 blaze(wide white stripe face horse)
高飛車 horse
絵馬 orig. picturing horse,stand-in donation live ho
鞍馬 saddled horse;side horse;pommel horse
木馬 wooden horse;horse gymnastics;horse(ancient tor
複 place bet(horse racing,)
軍馬 army horse
落馬 falling horse
疾駆 driving horse fast
速足 trot(horse gait)
騎乗 mounting(horse)
跳馬 long horse(vaulting)
馬具 horse gear;horse tack",Guess Vocab related to Keyword,Text
"stage","舞台劇,大道具,屋号,子飼い,明星,大部屋,宿場,下座,本舞台,所作,後の祭り,殺陣,登壇,期,白州,舞台装置,立ち回り,晩期,決勝トーナメント,舞台監督,高座","舞台劇 stage play
大道具 stage setting
屋号 stage(actor)
子飼い teaching early stage(subordinate)
明星 star(stage,silver screen,)
大部屋 waiting room performers when stage
宿場 stage
下座 musicians' box left side stage
本舞台 main stage
所作 performance(stage,)
後の祭り stage when it's too late
殺陣 stage combat
登壇 going stage give speech,
期 stage(disease)
白州 gravel separating noh stage audience
舞台装置 stage setting
立ち回り stroll(noh,action piece involving circling st
晩期 last stage
決勝トーナメント knockout stage(tournament)
舞台監督 stage director
高座 stage",Guess Vocab related to Keyword,Text
"throw","投げ掛ける,掻き回す,円盤投げ,威張り腐る,切り替える,掛け合う,打ち解ける,投げ入れる,脱ぎ捨てる,突き崩す,投げ技,投げつける,小手投げ,横車,投げ捨てる,振り落とす,挑む,背負い投げ,狂わす,遠投","投げ掛ける throw
掻き回す throw confusion;throw chaos
円盤投げ discus throw
威張り腐る throw weight around
切り替える throw switch
掛け合う throw each other
打ち解ける throw reserve
投げ入れる throw
脱ぎ捨てる throw(clothes)
突き崩す throw confusion
投げ技 throw throwing technique(sumo,judo)
投げつける throw;throw
小手投げ armlock throw;forearm throw
横車 side wheel throw(judo)
投げ捨てる throw away
振り落とす throw
挑む throw gauntlet
背負い投げ back-carry throw;shoulder throw
狂わす throw kilter
遠投 long throw",Guess Vocab related to Keyword,Text
"against","突き合わせる,密告,吹き付ける,波打つ,悪戦苦闘,寄り掛かる,太刀打ち,合従連衡,突っ掛ける,浮き出る,食わず嫌い,立ち向かう,防寒,立ち合う,破戒,種痘,防除,諭す,逆行","突き合わせる check(against)
密告 informing(against)
吹き付ける blow against
波打つ dash against(waves)
悪戦苦闘 fighting against heavy odds
寄り掛かる lean against
太刀打ち competing against;fighting against
合従連衡 alliance(Six Kingdoms against Qin dynasty,ind
突っ掛ける hit(leg)against
浮き出る stand(against background)
食わず嫌い prejudiced against
立ち向かう fight against
防寒 protection against cold
立ち合う matched against(sports contest)
破戒 offense against Buddhist commandments(offence)
種痘 inoculation against smallpox
防除 protection(against natural disasters)
諭す warn(against)
逆行 going against(t",Guess Vocab related to Keyword,Text
"film","実写,活劇,特撮,封切り,全巻,台詞,弁士,上皮,汚れ役,吹き替え,銀幕,薄膜,文化映画,劇映画,高感度,映倫,映写機,殺陣,被膜","実写 documentary(film)
活劇 action film
特撮 tokusatsu(genre live-action film television dra
封切り release(film)
全巻 whole film
台詞 (spoken)line(play,film,comic,)
弁士 film interpreter
上皮 film(surface liquid)
汚れ役 role villain(film,drama,)
吹き替え dubbing(film,different language)
銀幕 film world
薄膜 thin film
文化映画 cultural film
劇映画 film drama
高感度 highly sensitive(film,radio receiver);speed(fi
映倫 Film Classification Rating Organization
映写機 film projector
殺陣 sword fight(film,play,)
被膜 film",Guess Vocab related to Keyword,Text
"report","内奏,具申,年報,伝聞,報ずる,届け出る,奏する,月報,申告書,確報,末尾,密告,通知表,私信,通信簿,旬報,言い付ける,誤報,風評","内奏 secret report emperor
具申 offering full report superior
年報 annual report
伝聞 report
報ずる report
届け出る report
奏する report Emperor
月報 monthly report
申告書 report
確報 definite report
末尾 end(report,document,paragraph,)
密告 anonymous report
通知表 report card
私信 confidential report
通信簿 report card
旬報 ten-day report
言い付ける report
誤報 false report;incorrect report
風評 report",Guess Vocab related to Keyword,Text
"castle","内堀,城下,古城,明け渡す,居城,外堀,城壁,城跡,城下町,大奥,城主,天守閣,荒城,築城,城郭,追い落とす,金城,開城","内堀 moat within castle walls
城下 castle town;land near castle
古城 old castle
明け渡す surrender(castle)
居城 castle feudal lord
外堀 outer moat(castle)
城壁 castle wall
城跡 castle site;ruins castle
城下町 castle town;city developed around castle feuda
大奥 inner palace(Edo Castle)
城主 lord castle
天守閣 castle tower
荒城 ruined castle
築城 building castle;castle construction
城郭 castle walls;castle
追い落とす take castle
金城 inner castle citadel;golden castle(nickname Nag
開城 surrender castle",Guess Vocab related to Keyword,Text
"door","取り次ぎ,戸板,引き戸,勝手口,杉戸,切り張り,裏木戸,押し寄せる,家並み,取次ぎ,戸口,門戸開放政策,門番,網戸,岩戸,額縁,詰め掛ける,通用門","取り次ぎ answering(door,phone,behalf)
戸板 sliding door(when removed frame carrying things
引き戸 sliding door
勝手口 service door;kitchen door;door
杉戸 door made cedar
切り張り cutting part pasting new(shoji door)
裏木戸 door
押し寄せる rush(door)
家並み every door
取次ぎ answering(door,phone,behalf)
戸口 door
門戸開放政策 open door policy
門番 door guard
網戸 screen door
岩戸 rock door(cave)
額縁 architrave(door,window,)
詰め掛ける throng(door)
通用門 side door",Guess Vocab related to Keyword,Text
"surface","上滑り,吹き付ける,表面積,川面,上辺,敷き詰める,表層,上皮,地肌,浮き出る,表面化,山肌,岩肌,曲面,盤面,浮き上がる,銀盤,鏡面","上滑り sliding along surface
吹き付ける spray(paint,)(onto surface)
表面積 surface area
川面 surface river;river surface
上辺 surface
敷き詰める cover surface
表層 surface
上皮 film(surface liquid)
地肌 surface sword blade;surface earth
浮き出る surface;rise surface
表面化 coming surface
山肌 bare surface mountain;mountain's surface
岩肌 rock surface
曲面 curved surface
盤面 surface board(shogi,,);surface record
浮き上がる rise surface
銀盤 ice surface
鏡面 mirror surface;lens surface",Guess Vocab related to Keyword,Text
"wave","人波,押し寄せる,波頭,中波,大波,電磁波,炎暑,冷気,爆風,位相,熱波,横波,波動,翻る,波打つ,衝撃波,短波,音波","人波 wave humanity
押し寄せる surge forward(crowd,wave nostalgia,wave,)
波頭 wave crest
中波 medium frequency wave;medium wave
大波 large wave
電磁波 electromagnetic wave
炎暑 heat wave
冷気 cold wave
爆風 shock wave
位相 phase(wave,electricity,moon)
熱波 heat wave
横波 transverse wave
波動 wave motion;wave
翻る wave
波打つ wave(wind)
衝撃波 shock wave
短波 short wave
音波 sound wave",Guess Vocab related to Keyword,Text
"common","並外れ,不見識,俗説,世俗,不文律,俗,善玉,慣用,通説,通性,大部屋,尋常,凡,慣習法,最大公約数,通俗,談話室","並外れ common
不見識 lacking common sense
俗説 common saying
世俗 common customs;(common)
不文律 common law
俗 common
善玉 character round white head which character good
慣用 common usage
通説 common opinion
通性 common gender;common quality;common property
大部屋 project management technique manufacturing,inv
尋常 common
凡 common
慣習法 common law
最大公約数 greatest common divisor
通俗 common
談話室 common room",Guess Vocab related to Keyword,Text
"draw","吸引,呼び物,吸い上げる,引き寄せる,引き当てる,取り崩す,描き出す,押し出す,導き出す,引き込む,引き分ける,相打ち,忍び寄る,抜き取る,抜き出す,詰め寄る,振り出す","吸引 draw
呼び物 big draw
吸い上げる draw
引き寄せる drawtoward;draw
引き当てる draw(winning ticket)
取り崩す draw(savings,)little little
描き出す draw
押し出す draw attention
導き出す draw(conclusion)
引き込む draw
引き分ける draw
相打ち draw
忍び寄る draw near unnoticed
抜き取る draw
抜き出す draw
詰め寄る draw near;draw closer
振り出す draw check(bill,draft,)",Guess Vocab related to Keyword,Text
"low","下段,落ちぶれる,低地,低周波,低血圧,低率,低姿勢,低圧,吟醸酒,低速,俗,西高東低,廉価,低空,松竹梅,弱火,潮干狩り","下段 low position(sword kendo,)
落ちぶれる fall low
低地 low ground
低周波 low frequency
低血圧 low blood pressure
低率 low rate
低姿勢 (keeping)low profile
低圧 low voltage;low pressure
吟醸酒 high-quality sake brewed low temperature ferme
低速 low speed
俗 low
西高東低 barometric pressure west,low pressure east
廉価 low price
低空 low sky;low altitude
松竹梅 ,middle low(ranking)
弱火 low flame(cooking);low heat
潮干狩り shell gathering(low tide)",Guess Vocab related to Keyword,Text
"payment","一括払い,分割払い,納期,完済,先払い,上納,割賦,後払い,立て替え,頭金,滞る,延納,物納,掛け捨て,稿料,権利金,遅配","一括払い lump-sum payment
分割払い payment installments;payment instalments
納期 payment;due date payment;deadline(payment deliv
完済 full payment
先払い advance payment;payment advance;payment delive
上納 payment government
割賦 payment instalments;payment installments
後払い deferred payment
立て替え payment behalf(expectation reimbursed later)
頭金 payment
滞る overdue(payment)
延納 deferred payment
物納 payment kind
掛け捨て fixed-term payment(usu. insurance);stopping p
稿料 payment piece writing
権利金 premium(payment)
遅配 delay(payment,delivery,rationing,)",Guess Vocab related to Keyword,Text
"agreement","協約,定め,二つ返事,折り合う,否応,手打ち,合点,労働協約,承服,約款,約定,旧約,協商,符合,和合,紳士協定","協約 agreement
定め agreement
二つ返事 ready agreement
折り合う reach agreement
否応 agreement disagreement
手打ち coming agreement
合点 agreement
労働協約 labor agreement;labour agreement
承服 agreement
約款 agreement
約定 agreement
旧約 old agreement
協商 agreement
符合 agreement
和合 agreement
紳士協定 gentlemen's agreement",Guess Vocab related to Keyword,Text
"fight","乱戦,立ち向かう,挑む,小競り合い,取り合う,修羅場,渡り合う,殴り合い,打ち合う,苦闘,活劇,修羅,殺陣,戦意,漁夫の利,立ち回り","乱戦 confused fight
立ち向かう fight against
挑む challenge(fight,game,)
小競り合い small fight military enemy
取り合う fight
修羅場 location fight between Asuras Shakra
渡り合う fight
殴り合い fist fight
打ち合う fight
苦闘 hard fight
活劇 fight scene
修羅 demigods fight Devas(gods)Hindu mythology
殺陣 sword fight(film,play,);fight scene
戦意 will fight
漁夫の利 profiting while others fight
立ち回り fight",Guess Vocab related to Keyword,Text
"general","大局,庶務,特赦,国民審査,大観,慣用,准将,大本営,局留め,概況,将官,総称,総覧,概観,通り相場,総攻撃","大局 general situation
庶務 general affairs
特赦 (general)amnesty
国民審査 national referendum appointment re-appointmen
大観 general survey
慣用 general usage
准将 brigadier general
大本営 Imperial General Headquarters
局留め general delivery
概況 general situation
将官 general
総称 general term
総覧 general survey
概観 general view
通り相場 general custom
総攻撃 general offensive",Guess Vocab related to Keyword,Text
"record","前科,余録,音盤,原簿,棒引き,盤面,戦記,名盤,挑む,記,日録,年譜,書き留める,速記録,棋譜,譜","前科 criminal record
余録 unofficial record
音盤 phonograph record;gramophone record
原簿 original record
棒引き drawing line(through entry ledger,record book,
盤面 surface record
戦記 record war
名盤 famous record;excellent record
挑む (prize,record,)
記 record;Kojiki(earliest historical record,compile
日録 daily record
年譜 chronological record
書き留める put record
速記録 stenographic record
棋譜 record game,shogi,chess,
譜 record game,shogi,chess,",Guess Vocab related to Keyword,Text
"simple","安直,単利,単純平均,王道,単体,淡泊,生易しい,純朴,平明,素焼き,簡明,愚直,平易,手っ取り早い,氷水,簡便","安直 simple
単利 simple interest
単純平均 simple average
王道 simple approach
単体 simple substance(chemical)
淡泊 simple
生易しい simple
純朴 simple honest
平明 simple
素焼き simple okonomiyaki any extra ingredients
簡明 simple clear
愚直 simple honesty
平易 simple
手っ取り早い simple
氷水 shaved ice(usually served flavored simple syrup
簡便 simple",Guess Vocab related to Keyword,Text
"drive","狂わす,乗り付ける,性欲,追い立てる,吹き飛ばす,追い返す,試乗,打ち出し,追い払う,覇気,豆まき,追い回す,駆り立てる,追い詰める,駆る","狂わす drive mad
乗り付ける drive
性欲 sex drive
追い立てる drive
吹き飛ばす drive away
追い返す drive away
試乗 test drive
打ち出し drive(golf)
追い払う drive away
覇気 drive
豆まき scattering parched beans(drive evil spirits)
追い回す drive hard
駆り立てる drive(animals)
追い詰める drive wall
駆る drive speed(car)",Guess Vocab related to Keyword,Text
"lack","不徳,不衛生,欠落,失調,不見識,不熱心,平手,不統一,及び腰,無表情,寝不足,生活苦,欠,流会,無理解","不徳 lack virtue
不衛生 lack hygienic care
欠落 lack
失調 lack balance;lack harmony;lack coordination
不見識 betraying lack judgment(judgement)
不熱心 lack enthusiasm
平手 lack handicap
不統一 lack unity
及び腰 lack nerve
無表情 lack emotion;lack expression
寝不足 lack sleep
生活苦 hardships life(due lack money)
欠 lack
流会 adjournment meeting(due lack attendance)
無理解 lack understanding;lack sympathy",Guess Vocab related to Keyword,Text
"pressure","低血圧,内圧,油圧,切迫,風圧,圧力団体,水圧,強圧,締めつける,低圧,西高東低,降圧剤,圧延,高血圧症,挑む","低血圧 low blood pressure
内圧 internal pressure
油圧 oil pressure
切迫 pressure
風圧 wind pressure
圧力団体 pressure group
水圧 water(hydraulic)pressure
強圧 pressure
締めつける put pressure
低圧 low pressure
西高東低 barometric pressure west,low pressure east
降圧剤 drug lower blood pressure
圧延 extending applying pressure
高血圧症 blood pressure(illness)
挑む pressuresex",Guess Vocab related to Keyword,Text
"opponent","仕留める,好敵手,力負け,牙城,寄り切り,寄り倒し,打ち取る,出し投げ,突っ掛ける,引き落とし,押し倒し,突き放す,捕り手,肩透かし,突き出し","仕留める bring(animal,opponent,)
好敵手 worthy opponent
力負け defeated stronger opponent
牙城 stronghold(enemy opponent)
寄り切り driving opponent ring while gripping belt
寄り倒し knocking opponent while holding belt
打ち取る defeat(opponent)
出し投げ winning techniques where opponent thrown clos
突っ掛ける push(opponent)he stands
引き落とし pulling(opponent)
押し倒し (win)knocking opponent pushing hand(s)rested 
突き放す extend wide lead(opponent)
捕り手 art defeating(capturing)opponent bare hands
肩透かし technique grasping arm opponent,moment he com
突き出し pushing opponent ring",Guess Vocab related to Keyword,Text
"action","常軌,不成功,一刀両断,朝令暮改,領分,活劇,一挙手一投足,出処進退,仕打ち,本訴,臨戦,直接行動,興起,立ち回り","常軌 normal course(action)
不成功 abortive(attempt,action)
一刀両断 taking decisive action
朝令暮改 unsettled course action
領分 sphere action
活劇 action movie;action drama;action film
一挙手一投足 every action
出処進退 course action
仕打ち action
本訴 main action
臨戦 preparing action battle
直接行動 direct action
興起 high-spirited action
立ち回り stroll(noh,action piece involving circling st",Guess Vocab related to Keyword,Text
"examination","予審,口頭試問,及第,精査,初診,検便,受検,審問,考査,精神鑑定,検分,無試験,評点,追試","予審 preliminary examination
口頭試問 oral examination
及第 passing(examination)
精査 careful examination
初診 initial medical examination
検便 stool(feces)examination
受検 undergoing examination
審問 examination
考査 examination
精神鑑定 psychiatric examination
検分 examination
無試験 taking examination;take examination
評点 (examination)comments marks
追試 supplementary examination",Guess Vocab related to Keyword,Text
"influence","勢力圏,権勢,化す,利かす,伝,化する,上昇気流,飲酒運転,微力,威光,病弊,圏外,害悪,羽振り","勢力圏 sphere influence
権勢 influence
化す influence
利かす take advantage(influence)
伝 influence
化する influence
上昇気流 rise popularity,influence,
飲酒運転 driving under influence(alcohol)
微力 little influence
威光 influence
病弊 evil influence
圏外 outside sphere(influence,)
害悪 evil(influence)
羽振り influence",Guess Vocab related to Keyword,Text
"ordinary","平服,平生,並々,凡庸,並大抵,変わり種,世俗,一筋縄,総菜,平素,凡,世間並み,変哲,庶民的","平服 ordinary clothes
平生 ordinary
並々 ordinary
凡庸 ordinary
並大抵 ordinary
変わり種 ordinary
世俗 ordinary life
一筋縄 ordinary method
総菜 small dish(served part ordinary household meal)
平素 ordinary
凡 ordinary
世間並み ordinary(life behavior)
変哲 ordinary
庶民的 ordinary",Guess Vocab related to Keyword,Text
"seal","印字,内大臣,太鼓判,実印,花押,刻印,朱印,開封,印章,押捺,封印,証印,押印,篆刻","印字 character carved onto seal
内大臣 Lord Keeper Privy Seal(1885-1945)
太鼓判 large seal;seal approval
実印 officially registered seal
花押 written seal
刻印 inscribed seal;engraved seal;engraving seal
朱印 red seal
開封 breaking seal
印章 seal
押捺 affixing seal
封印 seal;affix seal;seal(letter)
証印 seal affixed document
押印 putting seal;affixing seal
篆刻 seal engraving",Guess Vocab related to Keyword,Text
"sense","職業意識,霊感,感覚器,時代感覚,狭義,不見識,色覚,目的意識,臭覚,広義,読み取る,触覚,語感,音痴","職業意識 professional sense
霊感 ability sense supernatural(ghosts,)
感覚器 sense organ
時代感覚 sense times
狭義 narrow sense(word)
不見識 lacking common sense
色覚 sense color;sense colour
目的意識 sense purpose
臭覚 sense smell
広義 wide sense(word);broad sense
読み取る sense external cues
触覚 sense touch
語感 sense language
音痴 sense(direction)",Guess Vocab related to Keyword,Text
"severe","激甚,厳罰,強震,大荒れ,過重,厳冬,手厳しい,痛打,激震,増長,酷暑,酷寒,酷評,激務","激甚 severe
厳罰 severe punishment
強震 severe earthquake
大荒れ very severe weather
過重 too severe
厳冬 severe winter
手厳しい severe
痛打 severe attack
激震 severe earthquake
増長 becoming more severe
酷暑 severe heat
酷寒 severe cold
酷評 severe criticism
激務 severe duty",Guess Vocab related to Keyword,Text
"board","平板,右辺,基板,厚板,寄宿,労働委員会,左辺,盤面,板前,居候,碁盤,文字盤,賄い","平板 flat board
右辺 right side(,chess,othello board)
基板 (computer)circuit board
厚板 thick board
寄宿 room board;board lodging
労働委員会 labour-relations board;labor-relations board
左辺 left side(,chess,othello board)
盤面 surface board(shogi,,);(state)board
板前 area kitchen contains chopping board
居候 lodger pays nothing room board
碁盤 board
文字盤 communication board;letter board(communication
賄い board",Guess Vocab related to Keyword,Text
"condition","工面,不衛生,別条,必須条件,容態,容体,常態,必要条件,芳しい,態,漬かる,病態,重篤","工面 financial condition
不衛生 unsanitary condition
別条 serious condition(injury)
必須条件 essential condition
容態 condition
容体 condition
常態 normal state(condition)
必要条件 necessary condition
芳しい good(reputation,condition,results,)
態 condition
漬かる totally immersed(condition,laziness)
病態 patient's condition
重篤 critical(condition)",Guess Vocab related to Keyword,Text
"lie","奥まる,寝そべる,毛並み,偽り,虚言,折り重なる,重なり合う,偽る,引っ繰り返る,張り込む,見破る,見透かす,降り積もる","奥まる lie deep
寝そべる lie sprawled;lie relaxed side
毛並み lie(dog's)hair
偽り lie
虚言 lie
折り重なる lie top another
重なり合う lie top each other
偽る lie
引っ繰り返る lie
張り込む lie wait
見破る see through(plot,lie,)
見透かす see through(lie,scheme,)
降り積もる lie thick",Guess Vocab related to Keyword,Text
"marriage","成婚,妻帯,挙行,婚礼,内縁,縁組,初婚,押し掛け女房,嫁入り,縁結び,無届け,早婚,縁遠い","成婚 marriage
妻帯 marriage
挙行 solemnization(marriage)
婚礼 marriage ceremony
内縁 de facto marriage;common-law marriage
縁組 forming familial relationship(through adoption,
初婚 first marriage
押し掛け女房 woman forced husband marriage
嫁入り marriage
縁結び marriage tie;marriage
無届け unreported(marriage,business,)
早婚 early marriage
縁遠い little prospect marriage",Guess Vocab related to Keyword,Text
"result","大荒れ,帰結,力負け,出来栄え,効,これを機に,番狂わせ,所産,結実,至り,陰性,煩悩,首尾","大荒れ surprise result
帰結 result
力負け defeat result trying too hard
出来栄え result
効 result
これを機に result
番狂わせ unexpected result
所産 result
結実 result
至り result
陰性 negative(result)
煩悩 klesha(polluting thoughts such greed,hatred del
首尾 result",Guess Vocab related to Keyword,Text
"rock","揺する,岩場,捨て石,盤石,水晶,岩戸,揺らす,白亜,石ころ,岩塩,岩壁,岩肌,砕石","揺する rock(cradle)
岩場 wall(rock)
捨て石 garden rock
盤石 huge rock
水晶 (rock)crystal
岩戸 rock door(cave)
揺らす rock
白亜 chalk(rock)
石ころ rock
岩塩 rock salt
岩壁 wall rock;rock cliff;rock face
岩肌 bare rock;rock face;rock surface
砕石 crushing(rock)",Guess Vocab related to Keyword,Text
"weak","病身,不得手,微弱,弱含み,泣き所,弱き者,任侠,弱肉強食,脆弱,弱腰,鬼門,弱視,軟調","病身 weak constitution
不得手 weak point
微弱 weak
弱含み weak tone(market)
泣き所 weak point
弱き者 weak
任侠 helping weak fighting strong
弱肉強食 weak are meat strong eat
脆弱 weak
弱腰 weak attitude
鬼門 weak point
弱視 weak sight
軟調 weak(market)",Guess Vocab related to Keyword,Text
"worry","気苦労,心労,取り越し苦労,案じる,思い悩む,突き詰める,介する,思い詰める,憂い,気遣う,患い,杞憂,浮世","気苦労 worry
心労 worry
取り越し苦労 needless worry
案じる worry
思い悩む worry
突き詰める worry
介する worry
思い詰める worry too much
憂い worry
気遣う worry(welfare comfort)
患い worry
杞憂 unfounded worry
浮世 world grief worry",Guess Vocab related to Keyword,Text
"crime","作為,重罪,断罪,罪悪,罪名,同罪,極道,罪状,知能犯,鑑識,遺留品,黒い霧","作為 commission(crime)
重罪 serious crime
断罪 judgment(crime)
罪悪 crime
罪名 crime
同罪 same crime
極道 organized crime
罪状 (nature)crime
知能犯 intellectual crime;white-collar crime
鑑識 crime lab
遺留品 article left behind(crime scene,death,)
黒い霧 covered-up crime,unethical act,",Guess Vocab related to Keyword,Text
"direction","吹き返す,縦走,総指揮,切り返す,布目,目線,転進,逆行,音痴,風向,針路,鬼門","吹き返す blow opposite direction
縦走 stretching(longitudinal direction)
総指揮 direction
切り返す quickly turn steering wheel opposite directio
布目 direction loom weave roll fabric
目線 direction which looking
転進 changing direction
逆行 going wrong direction
音痴 sense(direction)
風向 wind direction
針路 direction
鬼門 northeastern(unlucky)direction",Guess Vocab related to Keyword,Text
"distance","旅程,走破,踏破,遠近,通信教育,遠ざける,尺,遠巻き,望遠,車間距離,遠目,間合い","旅程 distance(trip)
走破 running whole distance
踏破 travelling(full distance)foot
遠近 distance
通信教育 distance education
遠ざける keep distance
尺 shaku(unit distance approximately equal 30.3 cm)
遠巻き surrounding distance
望遠 seeing distance
車間距離 distance between two cars
遠目 looking distance;able see long distance
間合い distance between opponents(kendo);distance",Guess Vocab related to Keyword,Text
"employment","任用,働き口,従業,職安,公共職業安定所,定職,有職,完全雇用,授産,職業安定所,雇い,日雇い","任用 employment
働き口 employment
従業 employment
職安 Public Employment Security Office
公共職業安定所 Public Employment Security Office
定職 occupation(i.e. field regular employment)
有職 gainful employment
完全雇用 full employment
授産 giving employment
職業安定所 Public Employment Security Office
雇い employment
日雇い daily employment",Guess Vocab related to Keyword,Text
"grand","大典,壮絶,参宮,大挙,大祭,荘厳,壮観,壮挙,外宮,豪勢,太閤,遠大","大典 grand ceremony
壮絶 grand
参宮 pilgrimage(Ise Grand Shrine)
大挙 grand plan
大祭 grand festival
荘厳 grand
壮観 grand view
壮挙 grand scheme
外宮 outer shrine Ise Grand Shrine
豪勢 grand
太閤 title regent,later grand chancellor,also father
遠大 grand",Guess Vocab related to Keyword,Text
"pay","手弁当,賃下げ,下座,取り合う,俸給,賃金格差,割増賃金,時間給,工賃,無報酬,給金,聞き流す","手弁当 working pay
賃下げ pay cut
下座 coming seat prostrating(pay obeisance)
取り合う pay attention
俸給 pay
賃金格差 pay gap
割増賃金 extra pay
時間給 hourly pay
工賃 pay
無報酬 pay
給金 pay
聞き流す pay attention(while listening)",Guess Vocab related to Keyword,Text
"rule","概して,圧政,尺,天職,王政,王政復古,不文律,王道,院政,金科玉条,定め,鉄則","概して rule
圧政 oppressive rule
尺 rule
天職 sacred task(emperor's rule nation)
王政 imperial rule
王政復古 restoration imperial rule
不文律 unwritten rule
王道 just rule;rule right
院政 cloistered rule
金科玉条 golden rule(basic principle ensuring success 
定め rule
鉄則 inviolable rule;ironclad rule",Guess Vocab related to Keyword,Text
"sweet","団子,甘言,照り焼き,愛くるしい,太白,甘美,甘口,可憐,菓子屋,芳香,甘酢,菓子パン","団子 dumpling(usu. sweet)
甘言 sweet words
照り焼き teriyaki(meat fish marinated sweet soy sauce 
愛くるしい sweet
太白 variety sweet potato
甘美 sweet(melody,dream,);sweet(taste)
甘口 sweet flavor;sweet flavour
可憐 sweet(young girls,flowers blooming)
菓子屋 sweet shop
芳香 sweet scent
甘酢 sweet vinegar
菓子パン sweet pastry;sweet bread;baked sweet goods(Da",Guess Vocab related to Keyword,Text
"bare","裸眼,捕り手,山肌,地肌,岩肌,丸出し,素足,手打ち,露出,素手,素肌","裸眼 bare eyes(i.e. glasses,contact lenses,)
捕り手 art defeating(capturing)opponent bare hands
山肌 bare surface mountain
地肌 bare skin;bare ground
岩肌 bare rock
丸出し bare
素足 bare feet
手打ち killing bare hands
露出 laying bare
素手 bare hand
素肌 bare skin",Guess Vocab related to Keyword,Text
"box","型破り,幕の内,桟敷,升,駐在所,巣箱,下座,郵便受け,詰め合わせ,重箱,箱詰め","型破り outside box
幕の内 box lunch(containing rice 10-15 small portions
桟敷 box
升 box(seating theatre,)
駐在所 residential police box
巣箱 bird box;nest box
下座 musicians' box left side stage
郵便受け letter box
詰め合わせ assorted basket box(chocolates)
重箱 multi-tiered food box
箱詰め packed box;packing box",Guess Vocab related to Keyword,Text
"criticism","悪評,品定め,遠回し,講評,劇評,下馬評,論壇,品評,手厳しい,矢面,酷評","悪評 unfavourable criticism;unfavorable criticism
品定め criticism
遠回し indirect(reference,criticism,)
講評 criticism(teacher coach,commentary,especially p
劇評 drama criticism
下馬評 irresponsible criticism
論壇 world criticism
品評 criticism
手厳しい harsh(criticism,treatment,)
矢面 position where subject questioning,criticism,
酷評 sharp criticism;scathing criticism;severe criti",Guess Vocab related to Keyword,Text
"deity","神頼み,祭神,神体,守護神,若宮,遷宮,守り神,鎮守,氏神,神明,縁日","神頼み entreaty deity
祭神 enshrined deity
神体 object worship believed contain spirit deity,ty
守護神 guardian deity
若宮 newly built shrine(which divided tutelary deity
遷宮 installation deity new shrine
守り神 guardian deity
鎮守 local Shinto deity
氏神 tutelar deity;guardian deity;local deity
神明 Amaterasu(enshrined deity);deity
縁日 related particular deity thought bring divine b",Guess Vocab related to Keyword,Text
"floor","中二階,見取り図,床上,敷物,上段,板張り,板の間,階下,抜け落ちる,谷底,踊り場","中二階 mezzanine floor
見取り図 floor plan
床上 above floor level;floor
敷物 mat,mattress,quilt spread floor(ground)sit slee
上段 raised part floor
板張り wooden floor
板の間 wooden floor;room wooden floor
階下 lower floor
抜け落ちる collapse(building,floor)
谷底 valley floor
踊り場 dance floor",Guess Vocab related to Keyword,Text
"increase","増やし,殖産,増量,倍加,割増,上り坂,純増,増便,激増,累増,自然増収","増やし increase
殖産 production increase
増量 increase amount;increase quantity;increase volu
倍加 marked increase
割増 (number)tenths increase
上り坂 increase
純増 net increase
増便 increase number flights
激増 sharp increase
累増 cumulative increase
自然増収 natural automatic increase revenue",Guess Vocab related to Keyword,Text
"instrument","奏でる,打楽器,吹奏楽,奏法,音域,方便,弦楽器,管楽器,奏する,木管,測定器","奏でる play instrument(string instruments)
打楽器 percussion instrument
吹奏楽 wind instrument music
奏法 way playing(instrument)
音域 range(voice instrument)
方便 instrument
弦楽器 stringed instrument;string instrument
管楽器 wind instrument
奏する play(musical instrument)
木管 woodwind instrument
測定器 measuring instrument",Guess Vocab related to Keyword,Text
"measure","尺,升,山盛り,常套手段,予防線,絶対温度,内法,目測,反物,善後策,英断","尺 measure
升 measure
山盛り full measure
常套手段 usual measure
予防線 safety measure
絶対温度 measure temperature absolute zero(-273C)
内法 inside measure
目測 measure eye
反物 measure kimono material
善後策 corrective measure;relief measure;remedial mea
英断 decisive measure",Guess Vocab related to Keyword,Text
"musical","名盤,楽壇,奏する,奏楽,楽劇,難曲,舞曲,音曲,譜,調律,音符","名盤 famous(musical)recording
楽壇 musical world
奏する play(musical instrument)
奏楽 musical performance
楽劇 musical play
難曲 difficult musical piece
舞曲 musical dance
音曲 musical performance
譜 (musical)note;(musical)score
調律 tuning(musical)
音符 musical note",Guess Vocab related to Keyword,Text
"regular","レギュラー出演,平素,乗り付け,定職,常食,定席,常軌,本科,整然,規則的,本給","レギュラー出演 appearing regular(variety TV show)
平素 regular
乗り付け regular taxi
定職 occupation(i.e. field regular employment);regul
常食 regular diet
定席 regular hall
常軌 regular way
本科 regular course(study);regular program
整然 regular
規則的 regular
本給 basic regular salary",Guess Vocab related to Keyword,Text
"role","敵役,吹かす,女房役,太閤,音符,体当たり,聞き役,汚れ役,老け役,端役,適役","敵役 role villain
吹かす play(role)
女房役 wifely role
太閤 title regent,later grand chancellor,also father
音符 part kanji which role primarily represent pronu
体当たり throwing(role)
聞き役 listener's role
汚れ役 social outcast role;bad-guy role;role villain(
老け役 (theatrical)role old
端役 minor role
適役 suitable post role",Guess Vocab related to Keyword,Text
"shape","奇形,出来栄え,形づくる,球形,形象,達磨,月形,形作る,球状,目鼻,類型","奇形 unusual shape;strange shape
出来栄え shape quality(article)
形づくる shape
球形 globular shape;spherical shape
形象 shape
達磨 round,red-painted good-luck doll shape Bodhidha
月形 crescent shape
形作る shape
球状 shape globe;globe shape
目鼻 shape
類型 shape",Guess Vocab related to Keyword,Text
"sleep","安眠,昏睡,寝不足,快眠,敷物,不眠不休,寝苦しい,泣き寝入り,寝付き,金縛り,熟睡","安眠 good sleep;sound sleep;quiet sleep
昏睡 deep sleep
寝不足 insufficient sleep;lack sleep
快眠 pleasant sleep
敷物 mat,mattress,quilt spread floor(ground)sit slee
不眠不休 sleep rest
寝苦しい unable sleep well
泣き寝入り crying sleep
寝付き going sleep
金縛り sleep paralysis
熟睡 profound sleep;deep sleep;sound sleep",Guess Vocab related to Keyword,Text
"variety","変わり種,男爵,別種,千差万別,レギュラー出演,八千草,品数,太白,多種多様,浪花節,異種","変わり種 variety
男爵 Irish cobbler(variety potato)
別種 variety
千差万別 infinite variety
レギュラー出演 appearing regular(variety TV show)
八千草 variety plants
品数 variety goods
太白 variety sweet potato
多種多様 great variety
浪花節 variety sung narrative popular during Edo
異種 different kind(,variety)",Guess Vocab related to Keyword,Text
"god","乗り移る,若宮,鎮守,不可抗力,八幡宮,海神,神明,氏神,神前,稲荷","乗り移る possess(god,spirit,)
若宮 shrine dedicated child god main shrine
鎮守 tutelary god
不可抗力 act God
八幡宮 Shrine God War
海神 sea god
神明 god
氏神 patron god
神前 god
稲荷 Inari(god harvests,Uka-no-Mitama)",Guess Vocab related to Keyword,Text
"health","病身,剛健,予研,容態,不健康,容体,病魔,養生,精神衛生,養護教諭","病身 ill health
剛健 health
予研 National Institute Health
容態 state(health)
不健康 poor health;ill health
容体 state(health)
病魔 demon ill health
養生 taking care health
精神衛生 mental health
養護教諭 health teacher",Guess Vocab related to Keyword,Text
"honest","正面,公明正大,純朴,律義,良心的,善良,堅気,実直,清廉,廉潔","正面 honest
公明正大 open honest
純朴 simple honest
律義 honest
良心的 honest
善良 honest
堅気 honest
実直 honest
清廉 honest
廉潔 honest",Guess Vocab related to Keyword,Text
"organization","成り立ち,町政,公共団体,部外,市制,映倫,脱会,政治結社,結団,職制","成り立ち organization
町政 town organization
公共団体 public organization
部外 outside(organization,department,)
市制 municipal organization
映倫 Film Classification Rating Organization
脱会 withdrawal(membership organization,organisation
政治結社 political organization(organisation)
結団 forming organization
職制 office organization",Guess Vocab related to Keyword,Text
"publication","所収,前著,原版,新著,新版,廃刊,新刊書,続刊,近刊,終刊","所収 included(publication)
前著 above-mentioned publication
原版 original edition(publication)
新著 new publication
新版 new publication
廃刊 discontinuance publication
新刊書 new publication
続刊 continuing publication
近刊 recent publication;forthcoming publication
終刊 cessation publication",Guess Vocab related to Keyword,Text
"raid","灯火管制,急襲,切り込む,切り込み,踏み込む,来襲,臨検,討ち入り,襲来,殴り込み","灯火管制 blackout(prevent seen enemy aircraft during n
急襲 raid
切り込む raid
切り込み raid
踏み込む raid
来襲 raid
臨検 raid
討ち入り raid
襲来 raid
殴り込み raid",Guess Vocab related to Keyword,Text
"rate","識字率,下回る,上回る,高利,低率,年利,歩留まり,心拍数,流量,高配","識字率 literacy rate
下回る fall below(figures: profits,unemployment rate,
上回る exceed(figures: profits,unemployment rate,)
高利 interest rate
低率 low rate
年利 annual interest rate
歩留まり yield rate
心拍数 pulse rate;heart rate
流量 flow rate(water electricity)
高配 rate return",Guess Vocab related to Keyword,Text
"struggle","死に物狂い,取り合う,共食い,拮抗,取り合い,悪戦苦闘,死闘,階級闘争,苦闘,生存競争","死に物狂い struggle death
取り合う struggle
共食い internecine struggle
拮抗 struggle supremacy
取り合い struggle
悪戦苦闘 hard struggle
死闘 life death struggle;struggle death
階級闘争 class struggle
苦闘 difficult struggle
生存競争 struggle existence",Guess Vocab related to Keyword,Text
"talent","逸材,技量,有職,箱入り,大器,授かる,英才,器量,遅咲き,鬼才","逸材 exceptional talent;outstanding talent
技量 talent
有職 great artistic talent
箱入り special talent
大器 great talent
授かる gifted endowed(talent)
英才 unusual talent
器量 talent
遅咲き late blooming(flower,talent)
鬼才 remarkable talent",Guess Vocab related to Keyword,Text
"tax","天引き,徴税,府税,人頭税,青色申告,年末調整,血税,税源,課す,過少申告","天引き deduction advance(tax,interest,)
徴税 tax collection
府税 urban prefectural tax(Osaka Kyoto)
人頭税 poll tax
青色申告 type income tax return filing which allows sp
年末調整 year-end tax adjustment
血税 heavy tax
税源 tax source
課す impose(tax,fine,)
過少申告 under-reporting(income tax return)",Guess Vocab related to Keyword,Text
"theory","新説,天動説,空論,異説,裏付ける,進化論,相対性理論,裏打ち,詩論,通説","新説 new theory
天動説 Ptolemaic theory
空論 abstract impracticable theory
異説 alternative theory
裏付ける support(theory,claim,)
進化論 evolutionary theory;theory evolution
相対性理論 theory relativity
裏打ち backing(theory)
詩論 theory poetry
通説 commonly accepted theory",Guess Vocab related to Keyword,Text
"thread","金糸,太白,命脈,撚糸,白糸,生糸,本筋,綿糸,繰る,蚕糸","金糸 gold thread
太白 thick silk thread
命脈 thread life
撚糸 twining thread yarn;twisted thread yarn
白糸 white thread
生糸 raw silk thread
本筋 main thread(story)
綿糸 cotton thread
繰る spin(thread)
蚕糸 silk thread",Guess Vocab related to Keyword,Text
"upright","棒立ち,端正,正面,公明正大,律義,直立,良心的,居直る,清廉,高潔","棒立ち standing upright;standing bolt upright
端正 upright
正面 upright
公明正大 just upright
律義 upright
直立 standing upright
良心的 upright
居直る sit upright
清廉 upright
高潔 upright",Guess Vocab related to Keyword,Text
"dry","枯れ草,照り,無味,畑作,干る,干上がる,日照り,脱脂粉乳,枯渇,飲み干す","枯れ草 dry grass
照り dry weather
無味 dry
畑作 dry field crop;dry field farming
干る dry
干上がる dry
日照り dry weather
脱脂粉乳 non-fat dry milk
枯渇 running dry
飲み干す drink(glass)dry",Guess Vocab related to Keyword,Text
"arm","細腕,南蛮,肩透かし,差し手,鉄腕,外装,片腕,強肩,腕章","細腕 slender arm;thin arm
南蛮 thrusting right foot right arm forward same(lef
肩透かし technique grasping arm opponent,moment he com
差し手 slipping hand beneath opponent's arm latching 
鉄腕 strong arm
外装 arm
片腕 arm
強肩 strong throwing arm
腕章 arm band",Guess Vocab related to Keyword,Text
"ball","飛,吹かす,球速,見逃し,落球,捕逸,握り飯,火の玉,球体","飛 fly ball
吹かす shoot(ball)too
球速 speed pitched ball
見逃し letting good ball
落球 dropping ball;failing catch ball
捕逸 passed ball;catcher missing ball
握り飯 rice ball
火の玉 ball fire
球体 ball",Guess Vocab related to Keyword,Text
"criminal","犯意,知能犯,前科,律令,戦争犯罪人,罪状,刑事補償,鑑識,罪人","犯意 criminal intent
知能犯 intellectual criminal;smart criminal
前科 criminal record
律令 criminal,administrative civil codes Nara Heian 
戦争犯罪人 war criminal
罪状 (criminal)charge
刑事補償 criminal indemnity
鑑識 (criminal)identification
罪人 criminal",Guess Vocab related to Keyword,Text
"degree","留め,確度,寒暖,多寡,強弱,熱量,振幅,等級,相半ばする","留め forty-five degree angle
確度 degree accuracy
寒暖 (degree)temperature
多寡 degree
強弱 (degree)strength
熱量 (degree)enthusiasm
振幅 (degree)instability
等級 degree
相半ばする equal number,degree,(two things opposition)",Guess Vocab related to Keyword,Text
"desire","向学心,愛欲,旺盛,宿願,希求,欲張る,熱望,性欲,私欲","向学心 desire learning
愛欲 sexual desire
旺盛 avid(desire)
宿願 longstanding desire
希求 great desire
欲張る desire intensely
熱望 burning desire
性欲 sexual desire
私欲 selfish desire",Guess Vocab related to Keyword,Text
"dish","盛り付ける,総菜,焼き物,軟骨,副食,南蛮,小皿,酢の物,食べ残す","盛り付ける dish
総菜 small dish(served part ordinary household meal)
焼き物 grilled dish
軟骨 (dish)gristle(usu. chicken,deep-fried)
副食 side dish
南蛮 dish prepared using chili peppers Welsh onions
小皿 small dish
酢の物 pickled dish;vinegared dish
食べ残す leave dish half-eaten",Guess Vocab related to Keyword,Text
"divine","加護,御利益,縁日,神風,摂理,託宣,啓示,扶桑,感応","加護 divine protection
御利益 divine favour;divine grace
縁日 related particular deity thought bring divine b
神風 divine wind(typhoon thought protected Mongolian
摂理 (divine)providence
託宣 divine message
啓示 (divine)revelation
扶桑 divine tree island east China(Chinese mythology
感応 divine inspiration;divine response(prayer)",Guess Vocab related to Keyword,Text
"document","公正証書,仕様書,文案,付する,怪文書,証印,末尾,血統書,送稿","公正証書 notarized document;notarised document
仕様書 specification document
文案 draft(document)
付する submit(document,)
怪文書 anonymous document containing defamatory state
証印 seal affixed document
末尾 end(report,document,paragraph,)
血統書 pedigree document(animals)
送稿 document transmission",Guess Vocab related to Keyword,Text
"drop","垂らし込む,舞い込む,差し入れ,急降下,手放す,降下,水玉,額面割れ,飲み干す","垂らし込む drop,drop-by-drop
舞い込む drop unexpectedly
差し入れ letter drop
急降下 sudden drop
手放す drop
降下 drop
水玉 drop water
額面割れ drop below par
飲み干す drink last drop",Guess Vocab related to Keyword,Text
"due","痛み分け,泊まり込み,生活苦,老廃,心神耗弱,納期,流会,臨月,間引く","痛み分け match declared drawn due injury
泊まり込み staying somewhere(overnight)due circumstance
生活苦 hardships life(due lack money)
老廃 deterioration(due age)
心神耗弱 legally unaccountable(due mental illness,drug
納期 due date payment
流会 adjournment meeting(due lack attendance)
臨月 month which childbirth due
間引く kill newborn child(due financial difficulties)",Guess Vocab related to Keyword,Text
"effect","利かす,病弊,薬効,効,跳ね返る,副産物,薬理,出来栄え,染まり具合","利かす bring(effect)
病弊 ill effect
薬効 effect medicine
効 effect
跳ね返る reciprocal effect
副産物 side effect
薬理 effect drug
出来栄え effect
染まり具合 effect dyeing",Guess Vocab related to Keyword,Text
"explanation","始末書,講釈,絵とき,明解,舌足らず,絵解き,聞き返す,詰問,詳述","始末書 written explanation
講釈 explanation(text,phrase,);explanation(pompous f
絵とき explanation(incident,reasoning,);explanation p
明解 clear explanation
舌足らず inadequate(explanation)
絵解き explanation means pictures;explanation picture
聞き返す ask repeated explanation
詰問 demanding explanation
詳述 detailed explanation",Guess Vocab related to Keyword,Text
"fate","定め,天命,不遇,数奇,悲運,末路,甘んじる,甘受,行く末","定め fate
天命 fate
不遇 ill fate
数奇 hapless fate
悲運 sad fate;ill fate
末路 fate
甘んじる resigned(fate)
甘受 submitting(demand,fate,)
行く末 fate",Guess Vocab related to Keyword,Text
"forest","杉林,治山,林政,松林,照葉樹林,営林署,林産,林間,樹林","杉林 cryptomeria forest
治山 forest conservation
林政 forest management
松林 pine forest
照葉樹林 evergreen(glossy-leaved)forest
営林署 forest service field office
林産 forest products
林間 forest
樹林 forest",Guess Vocab related to Keyword,Text
"hit","好打,突っ掛ける,打ち合う,好球,口説く,殺し屋,快打,意気投合,打ちまくる","好打 good hit
突っ掛ける hit(leg)against
打ち合う hit each other
好球 good pitch(hit)
口説く hit
殺し屋 hit man
快打 clean hit
意気投合 hit
打ちまくる hit repeatedly;belt hit hit",Guess Vocab related to Keyword,Text
"Household","家庭内暴力,神棚,世帯主,御用達,総菜,家政,村八分,全戸,調度","家庭内暴力 household violence(adolescent children towar
神棚 household shrine
世帯主 head household
御用達 purveyor(Imperial Household,)
総菜 small dish(served part ordinary household meal)
家政 household economy
村八分 complete ostracism household(harshest punishme
全戸 whole household
調度 household items",Guess Vocab related to Keyword,Text
"ill","不健康,不遇,病身,遺恨,悪評,悲運,病魔,他意,病弊","不健康 ill health
不遇 ill fate
病身 ill health
遺恨 ill will
悪評 ill repute
悲運 ill fate
病魔 demon ill health
他意 ill will
病弊 ill effect",Guess Vocab related to Keyword,Text
"march","強行軍,進軍,押し寄せる,雛祭,行進曲,啓蟄,行軍,速足,長征","強行軍 forced march
進軍 march
押し寄せる march
雛祭 Hinamatsuri(March 3)
行進曲 march
啓蟄 awakening insects solar term(approx. March 6,wh
行軍 march
速足 quick march
長征 Long March(China,1934-1936);Long March(series C",Guess Vocab related to Keyword,Text
"occasion","祝い事,折に触れて,単発,折りに触れて,折にふれて,合従連衡,時節,期,際して","祝い事 auspicious occasion
折に触れて whenever occasion arises
単発 single occasion
折りに触れて whenever occasion arises
折にふれて whenever occasion arises
合従連衡 (tactic)making breaking alliances(benefit occ
時節 occasion
期 occasion
際して occasion",Guess Vocab related to Keyword,Text
"opportunity","これを機に,折にふれて,折りに触れて,潮時,千載一遇,折に触れて,期,時節,間合い","これを機に taking opportunity
折にふれて every opportunity
折りに触れて every opportunity
潮時 favourable opportunity(favorable)
千載一遇 golden(opportunity);once-in-a-lifetime(opport
折に触れて every opportunity
期 opportunity
時節 opportunity
間合い appropriate opportunity",Guess Vocab related to Keyword,Text
"problem","挑む,構いません,問題児,難物,禍根,含蓄,正視,蒸し返す,詰め将棋","挑む tackle(problem)
構いません problem
問題児 problem child
難物 hard problem
禍根 source problem
含蓄 complications problem
正視 looking squarely(problem)
蒸し返す bring again(problem has been dealt)
詰め将棋 composed shogi problem",Guess Vocab related to Keyword,Text
"sad","憂き目,悲愴,一喜一憂,悲運,嘆かわしい,浮世,悲しげ,沈痛,悲報","憂き目 sad thoughts
悲愴 sad
一喜一憂 glad sad turns
悲運 sad fate
嘆かわしい sad
浮世 sad world
悲しげ seeming sad
沈痛 sad
悲報 sad news",Guess Vocab related to Keyword,Text
"Security","安泰,公安調査庁,公共職業安定所,引当,国防会議,職安,抵当,機密保護,職業安定所","安泰 security
公安調査庁 Public Security Intelligence Agency
公共職業安定所 Public Employment Security Office
引当 security
国防会議 National Security Council(USA)
職安 Public Employment Security Office
抵当 security
機密保護 security(data,password,)
職業安定所 Public Employment Security Office",Guess Vocab related to Keyword,Text
"star","恒星,真打ち,巨星,一枚看板,流れ星,流星,明星,暁星,星団","恒星 star
真打ち star performer
巨星 giant star
一枚看板 box-office star
流れ星 shooting star;falling star
流星 falling star;shooting star
明星 star(stage,silver screen,);morning star
暁星 morning star
星団 star cluster",Guess Vocab related to Keyword,Text
"sugar","太白,糖分,血糖,金平,黒砂糖,血糖値,梅酒,製糖,甘味料","太白 refined sugar
糖分 sugar content;amount sugar
血糖 blood sugar
金平 chopped burdock root(sometimes carrot)cooked su
黒砂糖 (unrefined)brown sugar
血糖値 blood sugar level
梅酒 unripe ume infused liquor(shōchū)added sugar
製糖 sugar manufacture
甘味料 sweetener(sugar,honey,saccharin,maltose,)",Guess Vocab related to Keyword,Text
"treatment","優待,仕打ち,厚遇,荒療治,手厚い,仕向け,手厳しい,加療,樹脂加工","優待 preferential treatment
仕打ち (poor)treatment
厚遇 kind treatment
荒療治 rough-and-ready(medical)treatment;drastic trea
手厚い warm(treatment,reception,)
仕向け treatment
手厳しい harsh(criticism,treatment,)
加療 medical treatment
樹脂加工 resin treatment",Guess Vocab related to Keyword,Text
"wire","熱線,引き抜き,影武者,鉄条網,引き込み線,単線,銅線,架線,鉄線","熱線 heated wire
引き抜き drawing(wire,pipes,metal plate)
影武者 wire puller
鉄条網 (barbed)wire entanglements
引き込み線 service wire
単線 solid wire;solid-core wire;single-strand wire
銅線 copper wire
架線 overheard wire
鉄線 iron(steel)wire",Guess Vocab related to Keyword,Text
"relationship","義,蜜月,捻じれる,地縁,犬猿の仲,連理,修羅場,縁組,血筋","義 nonconsanguineous relationship(i.e. in-laws)
蜜月 intimate relationship
捻じれる become twisted(mind,relationship,)
地縁 territorial relationship
犬猿の仲 relationship dogs monkeys
連理 intimate male female relationship
修羅場 difficulties(love relationship)
縁組 forming familial relationship(through adoption,
血筋 blood relationship",Guess Vocab related to Keyword,Text
"skin","露出,毛穴,化粧水,上皮,地肌,浅黒い,素肌,皮膚病,薄皮","露出 baring(skin)
毛穴 pore(skin)
化粧水 skin lotion
上皮 outer layer(skin)
地肌 skin(lacking makeup,);bare skin;natural skin
浅黒い dark(skin,complexion,)
素肌 naked skin;bare skin
皮膚病 skin disease
薄皮 thin skin",Guess Vocab related to Keyword,Text
"addition","繰り上がる,付言,付記,併せ持つ,兼業,付け加え,増築,添え物","繰り上がる carried(number addition)
付言 saying addition
付記 addition
併せ持つ also(addition else)
兼業 addition main work
付け加え addition
増築 addition building
添え物 addition",Guess Vocab related to Keyword,Text
"agent","隠密,取次ぎ,仲立ち,弁理士,取り次ぎ,甘味料,漂白剤,育毛剤","隠密 secret agent
取次ぎ agent
仲立ち agent
弁理士 patent agent
取り次ぎ agent
甘味料 sweetening agent
漂白剤 bleaching agent
育毛剤 hair growth agent",Guess Vocab related to Keyword,Text
"description","叙述,筆舌,地誌,形容,書誌,風土記,活写,能書き","叙述 description
筆舌 description
地誌 geographical description
形容 description
書誌 bibliography(history description books)
風土記 description regional climate,culture,
活写 vivid description
能書き description virtues drug",Guess Vocab related to Keyword,Text
"design","井筒,図案,意匠,絵柄,下絵,匠,実用新案,考案","井筒 family crest design based square wooden well cu
図案 design
意匠 design
絵柄 design
下絵 design
匠 design
実用新案 new design practical use
考案 design",Guess Vocab related to Keyword,Text
"destruction","倒壊,半焼,半壊,全壊,焼失,死滅,殺生,共倒れ","倒壊 destruction
半焼 partial destruction fire
半壊 partial destruction
全壊 complete destruction
焼失 destruction fire
死滅 destruction
殺生 destruction life
共倒れ mutual destruction",Guess Vocab related to Keyword,Text
"emotion","突き放す,昇華,感情論,燃す,感極まる,激情,感慨無量,無表情","突き放す emotion
昇華 sublimating(emotion,impulse,)
感情論 argument based emotion
燃す burn(emotion,feeling)
感極まる overcome emotion
激情 violent emotion
感慨無量 filled emotion;deep emotion
無表情 lack emotion",Guess Vocab related to Keyword,Text
"escape","免れる,焼け残る,逃げ回る,抜け道,逃げ場,逃げ惑う,取り留める,命拾い","免れる escape(disaster,death,)
焼け残る escape burned(building items)
逃げ回る run around trying escape
抜け道 way escape
逃げ場 escape
逃げ惑う run trying escape
取り留める narrowly escape(death)
命拾い narrow escape death",Guess Vocab related to Keyword,Text
"formal","本葬,仁義,改まった,堅苦しい,儀礼的,固苦しい,談義,答辞","本葬 formal funeral
仁義 formal greeting(between yakuza,street vendors,g
改まった formal
堅苦しい formal
儀礼的 formal
固苦しい formal
談義 (formal tedious)talk
答辞 formal reply",Guess Vocab related to Keyword,Text
"inside","煮やす,内径,裏話,見返し,納骨,結石,内掛け,内法","煮やす cook inside
内径 inside diameter
裏話 inside story
見返し facing(material sewn inside edge garment)
納骨 placing(person's)ashes inside funerary urn(tomb
結石 calculus(concretion minerals formed inside body
内掛け inside leg trip
内法 inside measure",Guess Vocab related to Keyword,Text
"inspection","受検,検針,検分,臨検,見回り,観閲,細見,天覧","受検 undergoing inspection
検針 inspection meter;needle inspection
検分 inspection
臨検 on-the-spot investigation inspection
見回り inspection tour
観閲 inspection(troops)
細見 close inspection
天覧 imperial inspection",Guess Vocab related to Keyword,Text
"investigation","内偵,精査,聞き込み捜査,煮詰まる,臨検,探索,考証,聞き込み","内偵 secret investigation
精査 close investigation
聞き込み捜査 investigation carried questioning neighbour
煮詰まる approach conclusion(discussion,investigation,
臨検 on-the-spot investigation inspection
探索 investigation
考証 investigation historical evidence
聞き込み getting information(interviewing witnesses,po",Guess Vocab related to Keyword,Text
"moment","出掛け,当座,臨機応変,出会い頭,飛び入り,時々刻々,肩透かし,片時","出掛け moment leave
当座 moment
臨機応変 adapting requirements moment
出会い頭 moment meeting(two,vehicles,);moment crossing
飛び入り taking part spur moment
時々刻々 each passing moment;moment moment
肩透かし technique grasping arm opponent,moment he com
片時 moment",Guess Vocab related to Keyword,Text
"normal","正視,常温,収束,常軌,師範学校,平価,常道,常態","正視 normal vision
常温 normal temperature
収束 returning normal
常軌 normal course(action)
師範学校 normal(
平価 normal prices
常道 normal practice
常態 normal state(condition)",Guess Vocab related to Keyword,Text
"pain","差し込む,差し込み,激痛,神経痛,不死身,苦楽,病苦,胃痛","差し込む griping pain
差し込み spasm pain;griping pain
激痛 sharp pain;intense pain;acute pain
神経痛 nerve pain
不死身 insensibility pain
苦楽 pleasure pain
病苦 pain sickness
胃痛 stomach pain",Guess Vocab related to Keyword,Text
"plate","手塩,板金,原版,引き抜き,銀盤,盛り付ける,厚板,球審","手塩 small plate
板金 metal plate
原版 original plate;typesetting plate
引き抜き drawing(wire,pipes,metal plate)
銀盤 silver plate
盛り付ける arrange(food)plate
厚板 plate glass
球審 plate umpire",Guess Vocab related to Keyword,Text
"relative","親身,優劣,縁者,軽重,骨肉,血肉,血族,遠縁","親身 relative
優劣 (relative)merits
縁者 relative
軽重 (relative)importance;(relative)weight
骨肉 blood relative
血肉 blood relative
血族 blood relative
遠縁 distant relative",Guess Vocab related to Keyword,Text
"residence","居留,居所,仮住まい,別邸,豪邸,官舎,寄宿,寄宿舎","居留 residence
居所 place temporary residence
仮住まい temporary residence
別邸 secondary residence
豪邸 palatial residence
官舎 official residence
寄宿 residence hall
寄宿舎 residence hall",Guess Vocab related to Keyword,Text
"salt","塩焼き,塩害,潮風,塩漬け,手塩,利かす,減塩,岩塩","塩焼き grilling(fish)salt;boiling seawater salt;broil
塩害 salt damage(seawater,sea air,)
潮風 salt wind
塩漬け pickling salt
手塩 table salt
利かす season(salt,)
減塩 reduction salt
岩塩 rock salt",Guess Vocab related to Keyword,Text
"samurai","剣劇,大刀,首切り,太刀,志士,武家,新造,武士道","剣劇 samurai drama
大刀 long sword(tachi,worn hip edge samurai);long sw
首切り small samurai sword decapitation
太刀 long sword(tachi,worn hip edge samurai)
志士 imperial loyalist samurai Bakumatsu-era
武家 samurai class;samurai;samurai family;samurai st
新造 wife samurai wealthy tradesman
武士道 samurai code chivalry",Guess Vocab related to Keyword,Text
"silent","念じる,活弁,弁士,押し黙る,無声,静まり返る,黙秘,黙秘権","念じる chant(silent prayer)
活弁 silent movie narrator
弁士 narrator silent cinema
押し黙る keep silent
無声 silent
静まり返る fall completely silent
黙秘 remaining silent
黙秘権 right remain silent;right keep silent",Guess Vocab related to Keyword,Text
"smell","臭気,臭み,腐臭,異臭,酒気,濃密,臭覚,香味","臭気 bad smell
臭み bad smell
腐臭 rotten smell;smell rotten
異臭 offensive smell
酒気 liquor smell
濃密 strong(smell,scent)
臭覚 sense smell
香味 smell taste",Guess Vocab related to Keyword,Text
"soy","薄口,照り焼き,雑炊,浸し物,佃煮,金平,蔵元,豆乳","薄口 light soy sauce;thin soy sauce
照り焼き teriyaki(meat fish marinated sweet soy sauce 
雑炊 rice gruel containing vegetables,fish,,seasoned
浸し物 boiled greens flavored soy(flavoured)
佃煮 preserved food boiled sweetened soy sauce
金平 chopped burdock root(sometimes carrot)cooked su
蔵元 brewery(sake,soy)
豆乳 soy milk",Guess Vocab related to Keyword,Text
"survey","大観,見回す,測地,実測,大系,検分,総覧,要覧","大観 general survey
見回す survey
測地 geodetic survey
実測 survey
大系 survey
検分 survey
総覧 general survey
要覧 survey",Guess Vocab related to Keyword,Text
"technique","寝技,投げ技,大部屋,肩透かし,決まり手,奏法,突き出し,突き落とし","寝技 pinning technique(wrestling judo)
投げ技 throw throwing technique(sumo,judo)
大部屋 project management technique manufacturing,inv
肩透かし technique grasping arm opponent,moment he com
決まり手 winning technique;official winning technique
奏法 playing technique
突き出し frontal thrust(winning technique)
突き落とし thrusting(winning technique)",Guess Vocab related to Keyword,Text
"traffic","安全地帯,整形,人身事故,道交法,往還,合流,区分け,青信号","安全地帯 traffic island
整形 smoothing(bursty traffic,)
人身事故 accident resulting personal injury death(traf
道交法 Road Traffic Act
往還 traffic
合流 merge(traffic)
区分け (traffic)lane
青信号 green light(traffic)",Guess Vocab related to Keyword,Text
"unusual","変わり種,別条,珍事,非凡,英才,型破り,変哲,奇形","変わり種 unusual character background
別条 unusual
珍事 unusual occurrence
非凡 unusual
英才 unusual talent
型破り unusual
変哲 unusual
奇形 unusual shape",Guess Vocab related to Keyword,Text
"verse","詩句,作詩,連歌,発句,今様,前節,詩型,連句","詩句 verse
作詩 verse making
連歌 linked verse
発句 first 17-syllable verse renga
今様 verse form Heian Kamakura periods consisting 4 
前節 preceding paragraph,section,verse
詩型 form verse;verse form
連句 linked verse",Guess Vocab related to Keyword,Text
"window","目張り,出窓,車窓,お飾り,窓外,額縁,網戸,窓越し","目張り sealing(window)
出窓 bay window
車窓 train window;car window
お飾り mere window dressing
窓外 outside window
額縁 architrave(door,window,)
網戸 window screen
窓越し through window;going through window;passing th",Guess Vocab related to Keyword,Text
"collapse","虚脱,倒壊,値崩れ,抜け落ちる,崩れ去る,決壊,総崩れ,瓦解","虚脱 (physical)collapse
倒壊 collapse
値崩れ price collapse
抜け落ちる collapse(building,floor)
崩れ去る collapse
決壊 collapse
総崩れ collapse
瓦解 collapse",Guess Vocab related to Keyword,Text
"intense","炎暑,一心不乱,極寒,激痛,厳寒,酷暑,激甚,酷寒","炎暑 intense heat
一心不乱 intense concentration
極寒 intense cold
激痛 intense pain
厳寒 intense cold
酷暑 intense heat
激甚 intense
酷寒 intense cold",Guess Vocab related to Keyword,Text
"anniversary","金婚式,一周忌,国慶節,三回忌,七回忌,追善,年祭","金婚式 golden wedding(anniversary)
一周忌 first anniversary person's death
国慶節 anniversary founding(PRC)
三回忌 second anniversary death
七回忌 sixth anniversary death
追善 Buddhist service held anniversary death
年祭 anniversary",Guess Vocab related to Keyword,Text
"balance","失調,剰余金,残額,出超,相半ばする,平衡,繰り越し","失調 lack balance
剰余金 balance
残額 balance(account)
出超 favourable balance trade;favorable balance trad
相半ばする balance
平衡 balance
繰り越し balance brought forward",Guess Vocab related to Keyword,Text
"benefit","御利益,効,お手盛り,合従連衡,利得,実益,潤す","御利益 benefit
効 benefit
お手盛り making arbitrary decisions which benefit
合従連衡 (tactic)making breaking alliances(benefit occ
利得 benefit
実益 benefit
潤す benefit",Guess Vocab related to Keyword,Text
"burst","大笑い,吹っ切れる,決壊,燃え上がる,内発,沸き起こる,泣き出す","大笑い burst laughter
吹っ切れる burst(boil)
決壊 burst(dam,embankment,levee)
燃え上がる burst flames
内発 burst energy within
沸き起こる burst
泣き出す burst tears;burst crying",Guess Vocab related to Keyword,Text
"card","伝家,案内状,通信簿,奥の手,警察手帳,賀状,通知表","伝家 trump card
案内状 invitation card
通信簿 report card
奥の手 trump card
警察手帳 police identification card
賀状 New Year's card
通知表 report card",Guess Vocab related to Keyword,Text
"collection","徴税,収蔵,大全,寄せ書き,局留め,論集,集配","徴税 tax collection
収蔵 collection
大全 complete collection;large collection
寄せ書き collection words drawings several single shee
局留め counter collection
論集 collection essays;collection theses;collection 
集配 collection delivery",Guess Vocab related to Keyword,Text
"conduct","改心,善行,処世,挙動,素行,所作,醜態","改心 correcting conduct
善行 good conduct
処世 conduct life
挙動 conduct
素行 conduct
所作 conduct
醜態 shameful conduct",Guess Vocab related to Keyword,Text
"confusion","錯乱,混沌,乱脈,大荒れ,右往左往,突き崩す,掻き回す","錯乱 confusion
混沌 confusion
乱脈 confusion
大荒れ great confusion
右往左往 moving confusion
突き崩す throw confusion
掻き回す throw confusion",Guess Vocab related to Keyword,Text
"consent","否応,承服,合点,内諾,諾否,応諾,快諾","否応 consent refusal
承服 consent
合点 consent
内諾 private consent;informal consent
諾否 consent refusal
応諾 consent
快諾 ready consent",Guess Vocab related to Keyword,Text
"difficult","苦闘,胸突き八丁,難い,狭き門,悩ましい,難曲,難産","苦闘 difficult struggle
胸突き八丁 most difficult
難い difficult
狭き門 difficult hurdle
悩ましい difficult
難曲 difficult musical piece
難産 difficult childbirth;difficult delivery",Guess Vocab related to Keyword,Text
"discharge","放免,放電,免,垂れ流し,除隊,暴発,解職","放免 discharge
放電 electrical discharge
免 discharge
垂れ流し discharge(contaminants)
除隊 military discharge
暴発 accidental gun discharge;spontaneous discharge
解職 discharge",Guess Vocab related to Keyword,Text
"discipline","綱紀粛正,伝授,風紀,綱紀,閉まり,修練,戒律","綱紀粛正 enforcement official discipline;tightening di
伝授 (giving)instruction(secrets art,discipline,)
風紀 discipline
綱紀 (official)discipline
閉まり discipline
修練 discipline
戒律 discipline",Guess Vocab related to Keyword,Text
"energy","興起,振り絞る,旺盛,馬力,内発,地熱,心血","興起 aroused energy
振り絞る use full(voice,energy,)
旺盛 full(energy,appetite,curiosity,)
馬力 energy
内発 burst energy within
地熱 geothermal energy
心血 energy",Guess Vocab related to Keyword,Text
"equipment","格納,装具,営繕,備え付け,農機具,備品,軽装","格納 housing equipment machines
装具 equipment
営繕 upkeep(equipment)
備え付け equipment
農機具 agricultural machinery equipment
備品 equipment
軽装 light equipment",Guess Vocab related to Keyword,Text
"given","授かる,史観,邦題,香典返し,産婦,四天王,群雄割拠","授かる given award
史観 view history(given point view)
邦題 title(given foreign work)
香典返し present given return funeral offering
産婦 woman has just given birth
四天王 big four(i.e. four leaders given field)
群雄割拠 number powerful(talented,influential)persons ",Guess Vocab related to Keyword,Text
"justice","仁義,勧善懲悪,義,公道,司直,当否,誤判","仁義 humanity justice(Confucianism)
勧善懲悪 poetic justice
義 justice
公道 justice
司直 administration justice
当否 justice
誤判 miscarriage justice",Guess Vocab related to Keyword,Text
"liquid","流動食,上皮,液肥,液体酸素,廃液,気泡,液状","流動食 liquid food(diet)
上皮 film(surface liquid)
液肥 liquid fertilizer;liquid fertiliser
液体酸素 liquid oxygen
廃液 waste liquid
気泡 (air)bubble(liquid)
液状 liquid state",Guess Vocab related to Keyword,Text
"magazine","巻頭,誌上,誌面,折り込み,増刊,満載,本誌","巻頭 beginning(book,magazine,)
誌上 magazine
誌面 page magazine
折り込み insert(magazine,newspaper,)
増刊 special issue(magazine,)
満載 newspaper magazine)
本誌 magazine",Guess Vocab related to Keyword,Text
"management","束ね,切り盛り,大部屋,職制,林政,行政管理庁,私営","束ね management
切り盛り management(house,store,)
大部屋 project management technique manufacturing,inv
職制 management
林政 forest management
行政管理庁 Administrative Management Agency
私営 private management",Guess Vocab related to Keyword,Text
"measures","善処,荒療治,厳罰,講じる,非常手段,予防線,度量","善処 taking proper measures
荒療治 drastic measures
厳罰 rigorous measures
講じる take measures
非常手段 emergency measures
予防線 defensive measures
度量 measures",Guess Vocab related to Keyword,Text
"minor","小異,前座,端役,軽症,軽犯罪,下回り,末梢","小異 minor difference
前座 minor performer;minor storyteller
端役 minor role
軽症 minor illness
軽犯罪 minor offense;minor offence
下回り actor minor part(kabuki,)
末梢 minor details",Guess Vocab related to Keyword,Text
"mold","型枠,形作る,腐葉土,成型,形づくる,歯形,鋳型","型枠 mold
形作る mold
腐葉土 leaf mold
成型 mold
形づくる mold
歯形 tooth mold(mould)
鋳型 mold",Guess Vocab related to Keyword,Text
"mould","成型,形作る,腐葉土,形づくる,型枠,歯形,鋳型","成型 mould
形作る mould
腐葉土 leaf mould
形づくる mould
型枠 mould
歯形 tooth mold(mould)
鋳型 mould",Guess Vocab related to Keyword,Text
"mystery","怪,不可思議,迷宮,奥の手,絵とき,七不思議,絵解き","怪 mystery
不可思議 mystery
迷宮 mystery
奥の手 mystery
絵とき unravelling(mystery)
七不思議 total mystery
絵解き unravelling(mystery)",Guess Vocab related to Keyword,Text
"organisation","公共団体,町政,市制,脱会,政治結社,結団,職制","公共団体 public organisation
町政 town organisation
市制 municipal organisation
脱会 withdrawal(membership organization,organisation
政治結社 political organization(organisation)
結団 forming organisation
職制 office organisation",Guess Vocab related to Keyword,Text
"pipe","木管,夢物語,埋設,吹かす,絵空事,鋼管,草笛","木管 wooden pipe
夢物語 pipe dream
埋設 burying(pipe)
吹かす smoke(cigarette,pipe,)
絵空事 pipe dream
鋼管 steel pipe
草笛 reed pipe",Guess Vocab related to Keyword,Text
"plane","平板,無線操縦,出航,平面図,敵機,艦載機,自爆","平板 plane table
無線操縦 radio-controlled(plane)
出航 departure(boat,plane)
平面図 plane figure
敵機 enemy plane
艦載機 ship-borne plane
自爆 suicide bombing(crashing plane target)",Guess Vocab related to Keyword,Text
"popularity","上げ潮,人気取り,大衆性,人望,上昇気流,信望,落ち目","上げ潮 surge(popularity,power,)
人気取り bid popularity
大衆性 popularity
人望 popularity
上昇気流 rise popularity,influence,
信望 popularity
落ち目 wane(popularity)",Guess Vocab related to Keyword,Text
"possession","専有,手放す,持ち腐れ,英領,占有,仏領,領分","専有 exclusive possession
手放す part(possession)
持ち腐れ unused possession
英領 British territory(possession)
占有 possession
仏領 French possession
領分 possession",Guess Vocab related to Keyword,Text
"prohibition","禁,法度,発禁,厳禁,禁制,女人禁制,禁断","禁 prohibition
法度 prohibition
発禁 prohibition sale
厳禁 strict prohibition
禁制 prohibition
女人禁制 prohibition women entering(usu. religious rea
禁断 prohibition",Guess Vocab related to Keyword,Text
"promise","期す,請け合う,口約束,川流れ,成長株,行く末,旧約","期す promise
請け合う promise
口約束 verbal promise
川流れ breaking promise
成長株 future promise
行く末 promise
旧約 old promise",Guess Vocab related to Keyword,Text
"quantity","熱量,買い込む,増量,個数,流量,多寡,絶対量","熱量 quantity heat(calories,BTU,)
買い込む buy quantity
増量 increase quantity
個数 quantity
流量 quantity flow
多寡 quantity
絶対量 absolute quantity",Guess Vocab related to Keyword,Text
"random","手当たり次第,不特定,乱射,乱読,無作為,通り魔,随想","手当たり次第 random
不特定 random
乱射 random shooting
乱読 reading random
無作為 random
通り魔 random attacker
随想 random thoughts",Guess Vocab related to Keyword,Text
"safety","安全弁,安全地帯,安全ピン,予防線,命綱,国家公安委員会,安全装置","安全弁 safety valve
安全地帯 safety zone
安全ピン safety pin
予防線 safety measure
命綱 safety tether;safety rope
国家公安委員会 National Public Safety Commission
安全装置 safety device",Guess Vocab related to Keyword,Text
"sauce","専科,雑炊,和え物,佃煮,薄口,金平,照り焼き","専科 specialized certain field application(sauce spe
雑炊 rice gruel containing vegetables,fish,,seasoned
和え物 chopped fish,shellfish vegetables,dressed(miso
佃煮 preserved food boiled sweetened soy sauce
薄口 thin soy sauce;light soy sauce
金平 chopped burdock root(sometimes carrot)cooked su
照り焼き teriyaki(meat fish marinated sweet soy sauce ",Guess Vocab related to Keyword,Text
"slow","立ち遅れ,鈍,低速,遅らせる,悠長,鈍行,緩慢","立ち遅れ slow start
鈍 slow
低速 slow speed
遅らせる slow
悠長 slow
鈍行 slow train
緩慢 slow",Guess Vocab related to Keyword,Text
"strike","召す,根付く,切り返す,労働争議,切り崩す,落雷,掘り当てる","召す strike fancy
根付く strike
切り返す strike
労働争議 strike
切り崩す break(strike)
落雷 lightning strike
掘り当てる strike(gold,oil,)",Guess Vocab related to Keyword,Text
"substance","毒素,角質,栄養分,肉付け,金剛,単体,毒物","毒素 poisonous substance
角質 horny substance
栄養分 nutritious substance
肉付け giving substance
金剛 vajra(indestructible substance)
単体 simple substance(chemical)
毒物 poisonous substance;toxic substance",Guess Vocab related to Keyword,Text
"sumo","投げ技,付け人,付き人,足掛け,幕の内,序の口,本場所","投げ技 throw throwing technique(sumo,judo)
付け人 assistant(show business sumo)
付き人 assistant(show business sumo)
足掛け leg trip(sumo,judo,)
幕の内 top division(professional sumo)
序の口 lowest division sumo
本場所 official sumo tournament(six per year)",Guess Vocab related to Keyword,Text
"surge","大波,押し寄せる,上げ潮,渦巻く,波動,波浪,込み上げる","大波 surge
押し寄せる surge forward(crowd,wave nostalgia,wave,)
上げ潮 surge(popularity,power,)
渦巻く surge
波動 surge
波浪 surge
込み上げる surge(within)",Guess Vocab related to Keyword,Text
"trend","思潮,傾き,上昇気流,下向き,趨勢,騰勢,時勢","思潮 trend thought
傾き trend
上昇気流 upward trend
下向き downward trend
趨勢 trend
騰勢 upward trend
時勢 (trend)times",Guess Vocab related to Keyword,Text
"warm","熱血,手厚い,優待,歓待,暖地,温情,暖流","熱血 warm blood
手厚い warm(treatment,reception,)
優待 warm reception
歓待 warm welcome
暖地 warm district
温情 warm heart
暖流 warm current",Guess Vocab related to Keyword,Text
"administration","文治,切り盛り,経国,町政,司直,村役場","文治 civil administration
切り盛り administration
経国 administration
町政 town administration
司直 administration justice
村役場 local administration office village",Guess Vocab related to Keyword,Text
"airplane","単発,機上,機影,主翼,飛来,接地","単発 single-engined airplane
機上 aboard aeroplane(airplane)
機影 sight(signs)aeroplane(airplane)
主翼 main wings(aeroplane,airplane)
飛来 coming airplane
接地 landing(airplane)",Guess Vocab related to Keyword,Text
"among","割り振る,仲間内,男女同権,交尾,振り分ける,綱紀粛正","割り振る divide among
仲間内 among(group,friends)
男女同権 equal rights among men women
交尾 copulation(among animals)
振り分ける divide among
綱紀粛正 eliminating corruption among government offic",Guess Vocab related to Keyword,Text
"average","単純平均,中値,世間並み,中位,並大抵,並外れ","単純平均 simple average;arithmetic average
中値 medium average price
世間並み average
中位 average
並大抵 average
並外れ far above average",Guess Vocab related to Keyword,Text
"bank","左岸,商業銀行,右岸,為替銀行,江上,市中銀行","左岸 left bank(river)
商業銀行 commercial bank
右岸 right bank(river)
為替銀行 exchange bank
江上 bank large river
市中銀行 street bank;commercial bank;city bank;private",Guess Vocab related to Keyword,Text
"beach","磯辺,波打ち際,白浜,水際,潟,遠浅","磯辺 beach
波打ち際 beach
白浜 white sandy beach
水際 beach
潟 tidal beach
遠浅 wide shallow beach",Guess Vocab related to Keyword,Text
"bow","調度,弓矢,洋弓,矛,敬礼,船首","調度 bow arrow
弓矢 bow arrow
洋弓 Western-style bow
矛 grip bow
敬礼 bow
船首 bow(boat)",Guess Vocab related to Keyword,Text
"commission","任官,国家公安委員会,公害等調整委員会,作為,就役,委任状","任官 commission
国家公安委員会 National Public Safety Commission
公害等調整委員会 Environmental Dispute Coordination Commis
作為 commission(crime)
就役 placed commission;going commission(warship,frei
委任状 commission",Guess Vocab related to Keyword,Text
"conception","想,受胎,懐妊,考案,意匠,着想","想 conception
受胎 conception
懐妊 conception
考案 conception
意匠 conception
着想 conception",Guess Vocab related to Keyword,Text
"cool","保冷,平然,落ち着き払う,納涼,冷や,清風","保冷 keepingcool
平然 cool
落ち着き払う keep cool
納涼 escaping heat enjoy cool breeze(river,)
冷や cool
清風 cool(refreshing)breeze",Guess Vocab related to Keyword,Text
"dark","暗夜,浅黒い,黒点,暗闘,濃紺,茶褐色","暗夜 dark night
浅黒い dark(skin,complexion,)
黒点 dark spot
暗闘 wordless pantomime performed dark
濃紺 dark blue
茶褐色 dark reddish-brown",Guess Vocab related to Keyword,Text
"dash","疾走,食い逃げ,波打つ,突っ走る,突撃,駆け上る","疾走 dash
食い逃げ dine dash
波打つ dash against(waves)
突っ走る dash
突撃 dash
駆け上る dash",Guess Vocab related to Keyword,Text
"debt","棒引き,夜逃げ,恩義,外債,焦げ付き,貸し倒れ","棒引き cancellation(debt)
夜逃げ running night(leave old life behind,away debt)
恩義 debt gratitude
外債 foreign debt
焦げ付き bad debt
貸し倒れ irrecoverable debt;bad debt",Guess Vocab related to Keyword,Text
"device","送信機,安全装置,考案,滑り止め,盗聴器,木馬","送信機 transmitter(device)
安全装置 safety device
考案 device
滑り止め non-slip device(material,tread,)
盗聴器 listening device
木馬 horse(ancient torture device was forced straddl",Guess Vocab related to Keyword,Text
"distribution","比例配分,分与,頒布,案分,振り分け,配合","比例配分 proportional distribution
分与 distribution
頒布 distribution
案分 proportional distribution
振り分け distribution
配合 distribution",Guess Vocab related to Keyword,Text
"electricity","流量,端子,節電,静電気,鉄塔,位相","流量 flow rate(water electricity)
端子 terminal(electricity)
節電 saving electricity;reducing electricity usage
静電気 static electricity
鉄塔 electricity pylon
位相 phase(wave,electricity,moon)",Guess Vocab related to Keyword,Text
"favorable","順風,一進一退,出超,潮時,人望,芳しい","順風 favorable wind
一進一退 taking alternately favorable unfavorable turn
出超 favorable balance trade
潮時 favourable opportunity(favorable)
人望 favorable reputation
芳しい favorable",Guess Vocab related to Keyword,Text
"flight","飛翔,欠航,逃避行,石段,乗り継ぐ,敗走","飛翔 flight
欠航 cancellation(flight sea voyage)
逃避行 flight
石段 (flight)stone steps
乗り継ぐ connect(different flight,train,)
敗走 flight",Guess Vocab related to Keyword,Text
"golden","金科玉条,金城,金髪,千載一遇,山吹,金婚式","金科玉条 golden rule(basic principle ensuring success 
金城 golden castle(nickname Nagoya Castle)
金髪 golden hair
千載一遇 golden(opportunity)
山吹 bright golden yellow
金婚式 golden wedding(anniversary)",Guess Vocab related to Keyword,Text
"guest","主客,主賓,浴客,客人,転がり込む,客演","主客 host guest
主賓 main guest;guest honor;guest honour
浴客 (hot springs resort)guest
客人 guest
転がり込む visit(stay overnight unwanted guest)
客演 guest appearance",Guess Vocab related to Keyword,Text
"income","総収入,副収入,実入り,日銭,青色申告,過少申告","総収入 total income
副収入 additional income
実入り income
日銭 daily income cash
青色申告 type income tax return filing which allows sp
過少申告 under-reporting(income tax return)",Guess Vocab related to Keyword,Text
"inquiry","内偵,聞き込み捜査,伺い,審問,査問,論考","内偵 private inquiry
聞き込み捜査 house-to-house inquiry
伺い inquiry
審問 inquiry
査問 inquiry
論考 inquiry",Guess Vocab related to Keyword,Text
"interval","間合い,晴れ間,狭間,音程,波間,絶え間","間合い interval
晴れ間 interval clear weather
狭間 interval
音程 interval
波間 interval between waves
絶え間 interval",Guess Vocab related to Keyword,Text
"passion","激情,向学心,熱情,愛欲,射幸心,熱量","激情 passion
向学心 passion knowledge
熱情 passion
愛欲 passion
射幸心 passion gambling
熱量 passion",Guess Vocab related to Keyword,Text
"pick","突き崩す,摘み取る,掘り出す,拾い上げる,抜き出す,選び出す","突き崩す pick apart
摘み取る pick
掘り出す pick
拾い上げる pick;pick(key points article)
抜き出す pick
選び出す pick",Guess Vocab related to Keyword,Text
"preparation","整地,二段構え,設け,調製,設営,近刊","整地 preparation soil(planting)
二段構え two-stage preparation
設け preparation
調製 preparation
設営 preparation(venue)
近刊 preparation",Guess Vocab related to Keyword,Text
"release","出獄,新譜,封切り,放免,遊離,手放す","出獄 release(prison)
新譜 new release(CD,album,)
封切り release(film)
放免 release(custody)
遊離 release
手放す release",Guess Vocab related to Keyword,Text
"restoration","王政復古,中興,再興,復交,平定,復古","王政復古 Restoration(England);restoration imperial rul
中興 restoration
再興 restoration
復交 restoration diplomatic relations
平定 restoration law order
復古 restoration",Guess Vocab related to Keyword,Text
"ritsuryō","国府,大路,伯,律令,判官,格式","国府 provincial office(under ritsuryō)
大路 most important three classes highway(ritsuryō)
伯 chief official Department Worship(under ritsuryō
律令 ritsuryō
判官 3rd grade official(ritsuryō)
格式 amendments enforcement regulations(ritsuryō)",Guess Vocab related to Keyword,Text
"rivalry","切磋琢磨,拮抗,群雄割拠,張り合い,負けん気,相克","切磋琢磨 friendly rivalry
拮抗 rivalry(between two equally strong sides)
群雄割拠 rivalry local warlords
張り合い rivalry
負けん気 spirit rivalry
相克 rivalry",Guess Vocab related to Keyword,Text
"standard","準拠,世間並み,基礎控除,標準語,定石,定本","準拠 standard
世間並み standard
基礎控除 basic standard deduction
標準語 standard;standard language(government,educatio
定石 standard practice;standard sequence moves(corne
定本 standard edition",Guess Vocab related to Keyword,Text
"strain","血筋,澄ます,筋違い,張り詰める,原種,振り絞る","血筋 strain
澄ます strain(ears)
筋違い strain(muscle)
張り詰める strain
原種 original strain
振り絞る strain(voice)",Guess Vocab related to Keyword,Text
"strange","異郷,珍事,奇病,奇怪,風変わり,奇形","異郷 strange land
珍事 strange incident
奇病 strange disease
奇怪 strange
風変わり strange
奇形 strange shape",Guess Vocab related to Keyword,Text
"sympathy","意気投合,弔意,無理解,感応,慰問,心遣い","意気投合 sympathy
弔意 sympathy
無理解 lack sympathy
感応 sympathy
慰問 sympathy call;expressing condolences(sympathy,c
心遣い sympathy",Guess Vocab related to Keyword,Text
"tear","突き崩す,切り取る,取り崩す,取り壊す,掘り返す,裂け目","突き崩す tear
切り取る tear
取り崩す tear
取り壊す tear
掘り返す tear
裂け目 tear",Guess Vocab related to Keyword,Text
"texture","風合い,地肌,布目,質感,肌触り,舌触り","風合い texture(cloth,fabric,paper)
地肌 texture
布目 texture
質感 texture
肌触り texture
舌触り texture",Guess Vocab related to Keyword,Text
"tranquility","鎮静,安泰,太平,沈静,安穏,静穏","鎮静 tranquility
安泰 tranquility
太平 tranquility
沈静 tranquility
安穏 tranquility
静穏 tranquility",Guess Vocab related to Keyword,Text
"tranquillity","静穏,太平,安泰,安穏,沈静,鎮静","静穏 tranquillity
太平 tranquillity
安泰 tranquillity
安穏 tranquillity
沈静 tranquillity
鎮静 tranquillity",Guess Vocab related to Keyword,Text
"understand","読み取る,解する,含ませる,素読,聞き取る,諭す","読み取る read understand
解する understand
含ませる understand
素読 reading(text)aloud trying understand
聞き取る understand
諭す understand(fault,mistake,)",Guess Vocab related to Keyword,Text
"respect","召す,人望,畏敬,敬愛,座右,敬服","召す indicates respect
人望 respect
畏敬 respect
敬愛 love respect;respect affection
座右 letters refer recipient indirectly written besi
敬服 deep respect",Guess Vocab related to Keyword,Text
"advantage","妙味,付け入る,利かす,冥利,地の利,積み込み","妙味 advantage
付け入る take advantage(weaknesses,carelessness,)
利かす take advantage(influence)
冥利 advantage
地の利 locational advantage
積み込み stacking wall tiles advantage",Guess Vocab related to Keyword,Text
"arrogant","誇らしい,高慢,傲慢,横柄,増長,野放図","誇らしい arrogant
高慢 arrogant
傲慢 arrogant
横柄 arrogant
増長 becoming arrogant
野放図 arrogant",Guess Vocab related to Keyword,Text
"ask","請う,乞う,聞き取る,問い掛ける,聞き返す,願い出る","請う ask
乞う ask
聞き取る ask(situation,circumstances,)
問い掛ける begin ask question;ask question
聞き返す ask question return;ask repeated explanation;
願い出る ask",Guess Vocab related to Keyword,Text
"ghost","御化け,亡者,心霊,亡霊,御霊,怨霊","御化け ghost
亡者 ghost
心霊 ghost
亡霊 ghost
御霊 Holy Ghost
怨霊 revengeful ghost",Guess Vocab related to Keyword,Text
"blade","斬る,焼き物,両刃,刃先,地肌,肩透かし","斬る kill(human)using blade(sword,machete,knife,)
焼き物 tempered blade
両刃 double-edged blade;double-edged(sword blade)
刃先 edge blade
地肌 surface sword blade
肩透かし technique grasping arm opponent,moment he com",Guess Vocab related to Keyword,Text
"brave","勇士,勇壮,勇猛,気丈,勇者,壮烈","勇士 brave warrior;brave man
勇壮 brave
勇猛 brave
気丈 brave
勇者 brave
壮烈 brave",Guess Vocab related to Keyword,Text
"cave","横穴,奥深い,岩戸,洞穴,洞窟,鍾乳洞","横穴 cave
奥深い deep(cave,)
岩戸 rock door(cave)
洞穴 cave
洞窟 cave
鍾乳洞 limestone cave",Guess Vocab related to Keyword,Text
"cerebral","脳血栓,脳性,大脳皮質,脳挫傷,脳梗塞,脳神経","脳血栓 cerebral thrombosis
脳性 cerebral
大脳皮質 cerebral cortex
脳挫傷 cerebral contusion
脳梗塞 cerebral infarction
脳神経 cerebral nerves",Guess Vocab related to Keyword,Text
"shell","巻き貝,形骸,貝塚,亀甲,甲羅,潮干狩り","巻き貝 spiral shell
形骸 mere shell
貝塚 shell mound;shell heap
亀甲 tortoise shell
甲羅 shell(crab,tortoise,)
潮干狩り shell gathering(low tide)",Guess Vocab related to Keyword,Text
"achievement","前人未到,金字塔,功名,紫綬褒章,貫徹","前人未到 unprecedented(discovery,achievement,)
金字塔 landmark achievement
功名 great achievement
紫綬褒章 Medal Honor Purple Ribbon(awarded scholarly a
貫徹 achievement",Guess Vocab related to Keyword,Text
"administrative","律令,代執行,行政官,行政書士,行政管理庁","律令 criminal,administrative civil codes Nara Heian 
代執行 subrogation(administrative acts)
行政官 administrative official
行政書士 administrative scrivener;paralegal qualified 
行政管理庁 Administrative Management Agency",Guess Vocab related to Keyword,Text
"admiration","驚嘆,敬服,感服,心酔,絶賛","驚嘆 admiration;struck admiration
敬服 great admiration
感服 admiration
心酔 admiration
絶賛 great admiration",Guess Vocab related to Keyword,Text
"alongside","伴走,返り点,接岸,横付け,混在","伴走 running alongside
返り点 marks written alongside characters classical C
接岸 coming alongside pier,quay,
横付け coming alongside;bringing alongside(ship,vehic
混在 existing alongside(each other)",Guess Vocab related to Keyword,Text
"also","併せ持つ,瑠璃,太閤,別当,干支","併せ持つ also(addition else)
瑠璃 mall blue passerine bird(blue-and-white flycatc
太閤 title regent,later grand chancellor,also father
別当 head institution serving also head another
干支 currently years,historically also days",Guess Vocab related to Keyword,Text
"angle","死角,留め,視角,論じ尽くす,鋭角","死角 dead angle
留め forty-five degree angle
視角 visual angle
論じ尽くす discuss every angle
鋭角 acute angle",Guess Vocab related to Keyword,Text
"assistance","尽力,来援,力添え,加勢,助力","尽力 assistance
来援 assistance
力添え assistance
加勢 assistance
助力 assistance",Guess Vocab related to Keyword,Text
"ban","厳禁,禁,法度,禁制,発禁","厳禁 ban
禁 ban(smoking)
法度 ban
禁制 ban
発禁 ban sale",Guess Vocab related to Keyword,Text
"blank","達磨,余白,白票,無表情,空欄","達磨 round,red-painted good-luck doll shape Bodhidha
余白 blank canvas;blank space
白票 blank ballot
無表情 blank look(face)
空欄 blank space;blank column",Guess Vocab related to Keyword,Text
"bodhisattva","本尊,慈眼,弥勒,生身,権化","本尊 principal object worship temple(usu. buddha bod
慈眼 merciful eye(Buddha bodhisattva watching humani
弥勒 Maitreya(Bodhisattva)
生身 physical body Buddha bodhisattva
権化 incarnation(Buddha bodhisattva)",Guess Vocab related to Keyword,Text
"bureau","造幣局,内局,労働基準局,外局,貯金局","造幣局 mint bureau
内局 bureau ministry
労働基準局 labor standards bureau;labour standards bure
外局 external bureau
貯金局 Postal Savings Bureau",Guess Vocab related to Keyword,Text
"cell","升,細胞分裂,独房,単３,赤血球","升 cell grid
細胞分裂 cell division
独房 solitary cell;single cell;isolation cell;solita
単３ AA cell
赤血球 red blood cell",Guess Vocab related to Keyword,Text
"check","受検,石畳,振り出す,突き合わせる,照らし合わせる","受検 undergoing check
石畳 check(pattern)
振り出す draw check(bill,draft,)
突き合わせる check(against)
照らし合わせる check",Guess Vocab related to Keyword,Text
"circulation","流布,頒布,血行,伝播,回覧","流布 circulation
頒布 circulation
血行 circulation(blood)
伝播 circulation
回覧 circulation(documents)",Guess Vocab related to Keyword,Text
"classes","唱歌,下層,大路,平民,組み替える","唱歌 song music classes
下層 lower strata(classes)
大路 most important three classes highway(ritsuryō)
平民 lowest three classes)
組み替える rearrange(classes)",Guess Vocab related to Keyword,Text
"cloud","雨雲,土煙,砂煙,巻き起こす,積乱雲","雨雲 rain cloud
土煙 cloud dust
砂煙 cloud sand(dust,)
巻き起こす raise(cloud dust)
積乱雲 cumulonimbus cloud",Guess Vocab related to Keyword,Text
"club","会則,風俗営業,警棒,入部,退会","会則 club regulations
風俗営業 cabaret,club,gambling restaurant businesses
警棒 billy club
入部 joining club
退会 withdrawal(society,club,)",Guess Vocab related to Keyword,Text
"coin","山吹,大判,小判,銀貨,鋳る","山吹 gold coin(formerly)
大判 large oval gold coin Edo
小判 small oval gold coin Edo
銀貨 silver coin
鋳る coin",Guess Vocab related to Keyword,Text
"committee","執行機関,懲罰委員会,互選,法務委員会,付託","執行機関 executive committee
懲罰委員会 disciplinary committee
互選 election within committee(party,)
法務委員会 Committee Judicial Affairs
付託 submission(committee)",Guess Vocab related to Keyword,Text
"comprehension","会得,包含,読解,合点,悟り","会得 comprehension
包含 comprehension
読解 reading comprehension
合点 comprehension
悟り comprehension",Guess Vocab related to Keyword,Text
"contract","証文,違約,丙,代価,約定","証文 contract
違約 breach contract
丙 third(contract,)
代価 consideration(contract)
約定 contract",Guess Vocab related to Keyword,Text
"cram","仕込む,入塾,塾生,各種学校,詰め込む","仕込む cram
入塾 enrolling cram
塾生 cram student
各種学校 legal category schools including certain voca
詰め込む cram",Guess Vocab related to Keyword,Text
"cure","根治,湯治,妙薬,薬師如来,難治","根治 radical cure;complete cure
湯治 hot-spring cure
妙薬 miracle cure
薬師如来 Bhaisajyaguru(buddha able cure ills)
難治 hard cure",Guess Vocab related to Keyword,Text
"custody","補導,放免,拘留,親権,預け","補導 protective custody
放免 release(custody)
拘留 custody
親権 custody
預け custody",Guess Vocab related to Keyword,Text
"defence","国防会議,拙守,予防線,死守,堅守","国防会議 National Defense Council(1956-86)(Defence)
拙守 poor defence
予防線 defence line
死守 stubborn defence;desperate defence
堅守 strong defence",Guess Vocab related to Keyword,Text
"drift","流れ出る,流れ出す,流し網,流氷,論旨","流れ出る drift away
流れ出す drift away
流し網 drift net
流氷 drift ice
論旨 drift argument",Guess Vocab related to Keyword,Text
"economy","締めつける,不経済,踊り場,家政,通商産業省","締めつける squeeze(economy)
不経済 poor economy
踊り場 leveling(economy)
家政 household economy
通商産業省 (former)Ministry International Trade Industr",Guess Vocab related to Keyword,Text
"efficacy","効,効き,霊験,利き,薬効","効 efficacy
効き efficacy
霊験 miraculous efficacy
利き efficacy
薬効 medical efficacy",Guess Vocab related to Keyword,Text
"excessive","失する,暴利,濫獲,過保護,飲み過ぎ","失する excessive
暴利 excessive profits
濫獲 excessive fishing;excessive taking
過保護 excessive care
飲み過ぎ excessive drinking",Guess Vocab related to Keyword,Text
"faint","失神,微弱,薄明かり,淡い,消え入る","失神 faint
微弱 faint
薄明かり faint light
淡い faint
消え入る feel faint",Guess Vocab related to Keyword,Text
"fill","満腹,切り盛り,盛り土,埋め立てる,込み上げる","満腹 eating fill
切り盛り cut fill(earthwork)
盛り土 fill
埋め立てる fill
込み上げる fill heart",Guess Vocab related to Keyword,Text
"fun","満載,三枚目,面白み,感興,面白がる","満載 packed(fun,excitement)
三枚目 figure fun
面白み fun
感興 fun
面白がる think fun",Guess Vocab related to Keyword,Text
"fund","運動費,海外経済協力基金,取り崩す,準備金,学資","運動費 campaign fund
海外経済協力基金 Overseas Economic Cooperation Fund
取り崩す break(reserve fund,)
準備金 reserve fund
学資 education fund",Guess Vocab related to Keyword,Text
"gain","勝ち取る,妙味,利得,勝ち得る,武者修行","勝ち取る gain
妙味 gain
利得 gain
勝ち得る gain
武者修行 traveling gain skill combat(travelling)",Guess Vocab related to Keyword,Text
"geisha","花柳界,引かす,商売人,舞妓,芸妓","花柳界 world geisha
引かす redeem debts(geisha)
商売人 woman working nightlife business(bar nightclub
舞妓 apprentice geisha(Kyoto)
芸妓 geisha",Guess Vocab related to Keyword,Text
"genius","俊英,神童,英才,英俊,鬼才","俊英 genius
神童 infant genius
英才 genius
英俊 genius
鬼才 genius",Guess Vocab related to Keyword,Text
"go-between","伝,媒酌,媒介,取り持つ,仲立ち","伝 go-between
媒酌 acting go-between
媒介 acting go-between
取り持つ act go-between
仲立ち go-between",Guess Vocab related to Keyword,Text
"grasp","会得,見定める,合点,案じる,四つ相撲","会得 grasp
見定める grasp
合点 grasp
案じる grasp(hilt sword)
四つ相撲 wrestling which both wrestlers grasp other's ",Guess Vocab related to Keyword,Text
"guide","道案内,先達,細見,案内書,総覧","道案内 guide
先達 guide
細見 guide Yoshiwara red light district;detailed gui
案内書 guide
総覧 complete guide;comprehensive guide",Guess Vocab related to Keyword,Text
"illustration","絵図,例証,図説,図解,刷り込む","絵図 illustration
例証 illustration
図説 illustration
図解 illustration
刷り込む insert(illustration)",Guess Vocab related to Keyword,Text
"industrial","産廃,労働争議,産業機械,産業スパイ,産業革命","産廃 industrial waste
労働争議 industrial dispute
産業機械 industrial machinery
産業スパイ industrial espionage;industrial spy
産業革命 Industrial Revolution",Guess Vocab related to Keyword,Text
"injury","痛み分け,別条,棄損,人身事故,害悪","痛み分け match declared drawn due injury
別条 serious condition(injury)
棄損 injury
人身事故 accident resulting personal injury death(traf
害悪 injury",Guess Vocab related to Keyword,Text
"institute","予研,学士院,司法研修所,技研,登院","予研 National Institute Health
学士院 institute
司法研修所 Judicial Research Training Institute
技研 technical research institute
登院 attendance(academic)institute",Guess Vocab related to Keyword,Text
"limit","極み,至り,締め切り日,背伸び,北限","極み limit
至り utmost limit
締め切り日 limit
背伸び pushing limit
北限 northern limit",Guess Vocab related to Keyword,Text
"list","傾き,名鑑,退会,列記,書誌","傾き list
名鑑 list
退会 unsubscribing(mailing list,)
列記 list
書誌 bibliography(list books author subject)",Guess Vocab related to Keyword,Text
"location","一軒家,群生,水郷,修羅場,景勝","一軒家 house isolated location
群生 growing en masse location(plants)
水郷 beautiful riverside location
修羅場 location fight between Asuras Shakra
景勝 strategic location",Guess Vocab related to Keyword,Text
"martial","段位,初段,武術,指南,拳法","段位 dan rank(martial arts,,)
初段 first rank senior class(martial arts,,)
武術 martial arts;wushu(Chinese martial art)
指南 instruction(martial arts,performance,)
拳法 Chinese martial arts;kenpō(martial arts)",Guess Vocab related to Keyword,Text
"nurse","乳母,養護教諭,付き添い看護婦,婦長,准看護婦","乳母 wet nurse
養護教諭 nurse;nurse teacher
付き添い看護婦 private nurse
婦長 head nurse
准看護婦 practical nurse",Guess Vocab related to Keyword,Text
"offence","軽犯罪,再犯,破戒,前科,立腹","軽犯罪 minor offence
再犯 second offence
破戒 offense against Buddhist commandments(offence)
前科 previous offence
立腹 offence;taking offence",Guess Vocab related to Keyword,Text
"offense","再犯,破戒,軽犯罪,前科,立腹","再犯 second offense
破戒 offense against Buddhist commandments(offence)
軽犯罪 minor offense
前科 previous offense
立腹 offense;taking offense",Guess Vocab related to Keyword,Text
"painful","心苦しい,渋り腹,傷々しい,涙ぐましい,古傷","心苦しい painful
渋り腹 painful loose bowels
傷々しい painful look
涙ぐましい painful
古傷 painful memory",Guess Vocab related to Keyword,Text
"patronage","肩入れ,取り立てる,庇護,丸抱え,賛助","肩入れ patronage
取り立てる give patronage
庇護 patronage
丸抱え under patronage
賛助 patronage",Guess Vocab related to Keyword,Text
"possible","是が非でも,可及的,折に触れて,折にふれて,折りに触れて","是が非でも possible means
可及的 possible
折に触れて whenever possible
折にふれて whenever possible
折りに触れて whenever possible",Guess Vocab related to Keyword,Text
"print","刷り込む,絶版,復刊,錦絵,中段","刷り込む print
絶版 print
復刊 putting print
錦絵 multi-colour woodblock print
中段 center three(horizontal)columns(print)(centre)",Guess Vocab related to Keyword,Text
"profound","熟睡,白痴,奥深い,深遠,深長","熟睡 profound sleep
白痴 profound mental retardation
奥深い profound
深遠 profound
深長 profound",Guess Vocab related to Keyword,Text
"railway","市電,盛り土,引き込み線,単線,切り返し","市電 municipal railway
盛り土 embankment(road,railway,)
引き込み線 (railway)siding
単線 single track(railway)
切り返し railway switchback",Guess Vocab related to Keyword,Text
"reproduction","追試,再生産,原色,模写,転載","追試 reproduction
再生産 reproduction
原色 original color(painting,opposed reproduction)
模写 reproduction
転載 reproduction",Guess Vocab related to Keyword,Text
"research","司法研修所,技研,埋没,探索,論考","司法研修所 Judicial Research Training Institute
技研 technical research institute
埋没 absorbed(research)
探索 (item)research
論考 research article",Guess Vocab related to Keyword,Text
"response","出征,受け答え,即応,感応,返書","出征 departure military service(response draft)
受け答え response
即応 (immediate)response
感応 divine response(prayer)
返書 response",Guess Vocab related to Keyword,Text
"revolution","一回転,十月革命,産業革命,旋回,転回","一回転 revolution
十月革命 October Revolution
産業革命 Industrial Revolution
旋回 revolution
転回 revolution",Guess Vocab related to Keyword,Text
"rival","見返し,大敵,宿敵,張り合う,好敵手","見返し triumphing(rival)
大敵 great rival
宿敵 traditional rival
張り合う rival
好敵手 worthy rival",Guess Vocab related to Keyword,Text
"scroll","草紙,横軸,巻物,裏書,絵巻物","草紙 written work(bound text,opposed scroll)
横軸 horizontal scroll
巻物 scroll
裏書 note written scroll;verification authenticity(w
絵巻物 picture scroll",Guess Vocab related to Keyword,Text
"self-interest","私情,私欲,利己,打算,私利","私情 self-interest
私欲 self-interest
利己 self-interest
打算 self-interest
私利 self-interest",Guess Vocab related to Keyword,Text
"shoot","竹の子,仕留める,射る,吹かす,新芽","竹の子 bamboo shoot
仕留める shoot;shoot dead
射る shoot(arrow,bolt,dart)
吹かす shoot(ball)too
新芽 shoot",Guess Vocab related to Keyword,Text
"sit","並み居る,居並ぶ,座り込む,居直る,敷物","並み居る sit row
居並ぶ sit row
座り込む (enter)sit;sit(refuse move);sit(protest)
居直る sit straight;sit upright
敷物 mat,mattress,quilt spread floor(ground)sit slee",Guess Vocab related to Keyword,Text
"sketch","下絵,素描,見取り図,図案,茶番","下絵 rough sketch
素描 sketch
見取り図 rough sketch
図案 sketch
茶番 short humorous improvised sketch(originating Ed",Guess Vocab related to Keyword,Text
"slope","横滑り,上り坂,中段,傾き,滑落","横滑り sliding sideways slope
上り坂 upward slope
中段 half-way slope stairway
傾き slope;slope(linear function)
滑落 sliding(slope,mountainside)",Guess Vocab related to Keyword,Text
"sphere","勢力圏,圏外,独壇場,球体,領分","勢力圏 sphere influence
圏外 outside sphere(influence,)
独壇場 unrivaled sphere activity(unrivalled)
球体 sphere
領分 sphere action",Guess Vocab related to Keyword,Text
"storm","豪勢,乗り切る,大荒れ,息巻く,春一番","豪勢 big(storm)
乗り切る weather(storm,rough seas)
大荒れ great storm
息巻く storm
春一番 first storm spring",Guess Vocab related to Keyword,Text
"stretch","張り詰める,張り巡らす,岩場,寝そべる,長丁場","張り詰める stretch
張り巡らす stretch around(fence,dragnet,)
岩場 rocky stretch(climb)
寝そべる stretch
長丁場 long stretch",Guess Vocab related to Keyword,Text
"task","請け合う,天職,差し入れ,大任,課す","請け合う take(task)
天職 sacred task(emperor's rule nation)
差し入れ supply provisions,refreshments,carrying task
大任 important task
課す assign(task,duty,)",Guess Vocab related to Keyword,Text
"tennis","打ち出し,素振り,単複,複,庭球","打ち出し serve(tennis)
素振り practice-swinging(sword,bat,tennis racket,)
単複 singles doubles(tennis)
複 doubles(tennis,badminton,)
庭球 tennis",Guess Vocab related to Keyword,Text
"unreasonable","筋違い,横車,不穏当,無理難題,並外れ","筋違い unreasonable
横車 unreasonable(like pushing cart side(instead beh
不穏当 unreasonable
無理難題 unreasonable demand
並外れ unreasonable",Guess Vocab related to Keyword,Text
"upward","跳ね,上向く,上り坂,上昇気流,騰勢","跳ね upward turn bottom(vertical stroke kanji hairdo
上向く look upward;point upward
上り坂 upward slope
上昇気流 upward trend
騰勢 upward trend",Guess Vocab related to Keyword,Text
"us","我ら,吾輩,星条旗,見向く,上等兵","我ら us
吾輩 us
星条旗 Star-Spangled Banner(US anthem);Stars Stripes(
見向く look towards(us)
上等兵 lance corporal(US Marines",Guess Vocab related to Keyword,Text
"version","俗説,訳文,現代版,定本,海賊版","俗説 popular version
訳文 version
現代版 modern version
定本 final version book edited author
海賊版 pirated version",Guess Vocab related to Keyword,Text
"welfare","厚生施設,民生委員,気遣う,盛衰,福利","厚生施設 welfare facilities
民生委員 district welfare officer
気遣う worry(welfare comfort)
盛衰 welfare
福利 welfare",Guess Vocab related to Keyword,Text
"wound","薄手,古傷,合わさる,患部,戦傷","薄手 slight wound
古傷 old wound
合わさる close(wound)
患部 wound
戦傷 war wound",Guess Vocab related to Keyword,Text
"yakuza","仁義,任侠,堅気,舎弟,極道","仁義 formal greeting(between yakuza,street vendors,g
任侠 yakuza
堅気 respectable occupation(i.e. yakuza,prostitute,)
舎弟 underling(yakuza)
極道 yakuza",Guess Vocab related to Keyword,Text
"delicate","薄口,緻密,際どい,小細工,精緻","薄口 delicate
緻密 delicate
際どい delicate(question)
小細工 delicate handiwork
精緻 delicate",Guess Vocab related to Keyword,Text
"kill","仕留める,打ち取る,間引く,毒殺,斬る","仕留める kill
打ち取る kill(weapon)
間引く kill newborn child(due financial difficulties)
毒殺 kill poison
斬る kill(human)using blade(sword,machete,knife,)",Guess Vocab related to Keyword,Text
"occurrence","珍事,日常茶飯事,続発,突発,勃発","珍事 unusual occurrence
日常茶飯事 everyday occurrence
続発 frequent occurrence;successive occurrence
突発 occurrence
勃発 sudden occurrence",Guess Vocab related to Keyword,Text
"stomach","満腹,胃袋,胸元,胃潰瘍,胃痛","満腹 full stomach;filling stomach
胃袋 stomach
胸元 pit stomach
胃潰瘍 stomach ulcer
胃痛 stomach pain",Guess Vocab related to Keyword,Text
"hole","弾痕,大穴,抜け穴,引っ込み,息抜き","弾痕 bullet hole
大穴 large hole
抜け穴 hole can through
引っ込み depression(hole)
息抜き vent hole",Guess Vocab related to Keyword,Text
"birthday","喜寿,古希,天皇誕生日,白寿,米寿","喜寿 77th birthday
古希 70th birthday
天皇誕生日 Emperor's Birthday(national holiday
白寿 99th birthday
米寿 88th birthday",Guess Vocab related to Keyword,Text
"citadel","城郭,本丸,根城,牙城,金城","城郭 citadel
本丸 inner citadel
根城 citadel
牙城 inner citadel
金城 inner castle citadel",Guess Vocab related to Keyword,Text
"flour","白玉,薄力粉,麺,米粉,製粉","白玉 rice flour dumpling
薄力粉 pastry flour;cake flour
麺 flour
米粉 rice flour
製粉 grinding flour",Guess Vocab related to Keyword,Text
"stronghold","根城,開城,牙城,本陣,要塞","根城 stronghold
開城 capitulation stronghold
牙城 stronghold(enemy opponent)
本陣 stronghold
要塞 stronghold",Guess Vocab related to Keyword,Text
"past","往時,古老,今昔,古傷,素性,不惑,懐古,既往,過日,吹っ切れる,縦軸,既往症,平素,通り越す,駆け抜ける","往時 past
古老 old(knowledgeable events distant past)
今昔 past present
古傷 unpleasant past experience;past misdeed
素性 past
不惑 past forty
懐古 thinking fondly past
既往 past
過日 past
吹っ切れる become unbound(past)
縦軸 connection between past present
既往症 illness had past
平素 past
通り越す past(place thing)
駆け抜ける run pastbehind",Guess Vocab related to Keyword,Text
"defeat","全敗,苦杯,取りこぼす,惜敗,力負け,玉砕,打ち破る,戦敗,打ち取る,負け惜しみ,打ち勝つ,敗残,雌雄","全敗 complete defeat
苦杯 bitter defeat
取りこぼす suffer unexpected defeat
惜敗 defeat narrow margin;regrettable defeat
力負け defeat result trying too hard
玉砕 honorable defeat
打ち破る defeat
戦敗 defeat war
打ち取る defeat(opponent)
負け惜しみ unwillingness admit defeat
打ち勝つ defeat
敗残 survival defeat
雌雄 victory defeat",Guess Vocab related to Keyword,Text
"again","出直す,聞き返す,再訪,仕返し,練り直す,再読,洗い直す,読み直す,見返す,読み返す,蒸し返す,若返る","出直す call again;visit again;come again
聞き返す ask again;listen again
再訪 visiting again
仕返し again
練り直す knead again
再読 reading again
洗い直す wash again
読み直す read(book,)again
見返す look again
読み返す read again
蒸し返す take again;bring again(problem has been dealt
若返る feel young again",Guess Vocab related to Keyword,Text
"shogi","指し手,棋風,将棋倒し,妙手,穴熊,盤面,手拍子,譜,棋界,詰め将棋,本局,棋譜","指し手 move(shogi,chess,)
棋風 style playing shogi
将棋倒し toppling shogi pieces(lined row)
妙手 spectacular move(chess,shogi,)
穴熊 defensive opening shogi
盤面 surface board(shogi,,)
手拍子 making careless move(,shogi,)
譜 record game,shogi,chess,
棋界 world shogi;shogi circles
詰め将棋 composed shogi problem
本局 game(,shogi,)
棋譜 record game,shogi,chess,",Guess Vocab related to Keyword,Text
"grief","嘆息,喜怒哀楽,哀愁,傷心,憂き目,断腸,悲嘆,消え入る,憂い,浮世,打ちひしがれる","嘆息 sigh(grief,disappointment,)
喜怒哀楽 human emotions(joy,anger,grief pleasure)
哀愁 grief
傷心 grief
憂き目 grief
断腸 grief
悲嘆 grief
消え入る feel soul leaving body(embarrassment,grief,)
憂い grief
浮世 world grief worry
打ちひしがれる stricken(grief)",Guess Vocab related to Keyword,Text
"scheme","手の内,企図,壮挙,見透かす,企て,匠,魂胆,徒労,秘策,配色,謀略","手の内 scheme
企図 scheme
壮挙 grand scheme
見透かす see through(lie,scheme,)
企て scheme
匠 scheme
魂胆 scheme
徒労 abortive scheme
秘策 secret scheme
配色 colour scheme;color scheme
謀略 scheme",Guess Vocab related to Keyword,Text
"actor","冷や飯,下回り,吹き替え,能役者,三枚目,大部屋,声優,自由業,屋号,演者","冷や飯 disgraced former actor
下回り actor minor part(kabuki,)
吹き替え stand-in(actor)
能役者 noh actor
三枚目 actor plays comic roles
大部屋 actor small parts;junior actor
声優 voice actor actress(radio,animation,)
自由業 self-employed profession(actor,artist)
屋号 stage(actor)
演者 actor",Guess Vocab related to Keyword,Text
"gate","大門,前門,開門,山門,通用門,門外,鬼門,水門,駆け抜ける,狭き門","大門 large front gate
前門 front gate
開門 opening gate
山門 main temple gate
通用門 side gate
門外 outside gate
鬼門 demon's gate
水門 sluice gate;water gate;flood gate
駆け抜ける run through(crowd,gate,)
狭き門 strait gate(Bible);narrow gate",Guess Vocab related to Keyword,Text
"oil","廃油,掘り当てる,植物油,油圧,送油管,揮発油,油揚げ,製油,画布,油絵の具","廃油 waste oil
掘り当てる strike(gold,oil,)
植物油 vegetable oil
油圧 oil pressure
送油管 oil pipeline
揮発油 volatile oil
油揚げ frying oil
製油 (animal vegetable)oil extraction;oil refining
画布 (oil painting)canvas
油絵の具 oil paints;oil colors(colours)",Guess Vocab related to Keyword,Text
"pass","通り抜ける,抜き去る,難所,口説く,他界,過ぎ去る,際する,語り継ぐ,通り掛かる","通り抜ける pass through
抜き去る pass
難所 perilous pass(route journey)
口説く pass
他界 pass away
過ぎ去る pass
際する come pass
語り継ぐ pass(story)generation generation
通り掛かる happen pass",Guess Vocab related to Keyword,Text
"pull","引き寄せる,引き分ける,伝,引き込む,取り崩す,抜き去る,抜き出す,取り壊す,抜き取る","引き寄せる pull closer;pull near;pull toward
引き分ける pull apart
伝 pull
引き込む pull
取り崩す pull
抜き去る pull
抜き出す pull
取り壊す pull
抜き取る pull",Guess Vocab related to Keyword,Text
"seat","定席,退席,着座,中座,高座,上席,上座,下座,隣席","定席 habitual seat
退席 leaving seat
着座 taking seat
中座 leaving seat(event)
高座 upper seat
上席 upper seat
上座 seat honour;seat honor;chief seat
下座 coming seat prostrating(pay obeisance);lower se
隣席 adjacent seat;next seat",Guess Vocab related to Keyword,Text
"dust","土煙,死の灰,砂子,巻き上げる,汚物,砂煙,飛散,巻き起こす","土煙 cloud dust
死の灰 atomic dust
砂子 silver dust;gold dust
巻き上げる blow(dust)
汚物 dust
砂煙 cloud sand(dust,)
飛散 scattering(dust wind,enemies assault)
巻き起こす kick(dust);raise(cloud dust)",Guess Vocab related to Keyword,Text
"entertainment","定席,歓楽街,風俗営業,呼び込み,民俗芸能,余興,歓待,水商売","定席 entertainment hall
歓楽街 entertainment district
風俗営業 businesses offering food entertainment
呼び込み attempts attract patrons entertainment events
民俗芸能 folk entertainment
余興 entertainment
歓待 entertainment
水商売 night entertainment business(hostess bar)",Guess Vocab related to Keyword,Text
"faith","他力,信奉,信教,信心,宗旨,入信,貫き通す,真実味","他力 salvation faith
信奉 faith
信教 faith
信心 faith
宗旨 faith
入信 entering faith
貫き通す keep(faith)
真実味 good faith",Guess Vocab related to Keyword,Text
"thrust","突き放す,推力,突きつける,差し込む,突き落とす,突き飛ばす,突き出し,突っ込み","突き放す thrust aside
推力 thrust
突きつける thrust
差し込む thrust
突き落とす thrust
突き飛ばす thrust away
突き出し frontal thrust(winning technique)
突っ込み thrust",Guess Vocab related to Keyword,Text
"vote","固定票,堂々巡り,互選,挙手,諾否,票数,死票,青票","固定票 solid(assured,safe)vote
堂々巡り roll-call vote
互選 election mutual vote;internal vote
挙手 show hands(vote)
諾否 (vote)
票数 vote tally
死票 vote losing candidate;wasted vote
青票 blue ballot(representing opposition vote)",Guess Vocab related to Keyword,Text
"win","不戦勝,勝ち取る,勝ち進む,勝ち得る,大穴,押し倒し,勝ち残る,引き込む","不戦勝 win default
勝ち取る win
勝ち進む win advance next round
勝ち得る win
大穴 long-shot win(horse racing,)
押し倒し (win)knocking opponent pushing hand(s)rested 
勝ち残る win advance next round
引き込む win",Guess Vocab related to Keyword,Text
"aircraft","灯火管制,尾翼,旋回,哨戒,格納庫,編隊,機関士,航空母艦","灯火管制 blackout(prevent seen enemy aircraft during n
尾翼 tail(aircraft)
旋回 turning(aircraft ship)
哨戒 patrol(ships aircraft)
格納庫 (aircraft)hangar
編隊 formation(aircraft)
機関士 engineer(train,ship,aircraft,)
航空母艦 aircraft carrier",Guess Vocab related to Keyword,Text
"formation","円陣,霜降り,結露,隊列,陣,編隊,急造,陣形","円陣 circular(battle)formation
霜降り formation frost
結露 formation dew
隊列 formation
陣 battle formation
編隊 formation(aircraft)
急造 hasty formation
陣形 battle formation;military formation",Guess Vocab related to Keyword,Text
"outline","外郭,素描,概説,大系,概観,要覧,概略,骨組み","外郭 outline
素描 outline
概説 outline
大系 outline
概観 outline
要覧 outline
概略 outline
骨組み outline",Guess Vocab related to Keyword,Text
"Pole","鉄柱,極北,棒引き,棒高跳び,一本釣り,極地,極点,南極点","鉄柱 iron pole
極北 North Pole
棒引き tug war played pole
棒高跳び pole vault
一本釣り fishing pole
極地 pole
極点 pole(north,south)
南極点 South Pole",Guess Vocab related to Keyword,Text
"protection","庇護,優生保護法,加護,守護,防寒,防除,護持,防虫","庇護 protection
優生保護法 Eugenic Protection Act
加護 divine protection
守護 protection
防寒 protection against cold
防除 protection(against natural disasters)
護持 protection
防虫 protection insects",Guess Vocab related to Keyword,Text
"virtuous","大徳,禅譲,徳行,高潔,聖人,善人,高僧,善良","大徳 virtuous priest
禅譲 abdication(Chinese emperor)favor virtuous succe
徳行 virtuous act deeds
高潔 virtuous
聖人 wise virtuous(Confucianism)
善人 virtuous
高僧 virtuous priest
善良 virtuous",Guess Vocab related to Keyword,Text
"additional","付則,副収入,付言,重版,増刷,追加料金,番外","付則 additional clauses;additional rules
副収入 additional income
付言 additional remarks
重版 additional printing
増刷 additional printing(books,);additional run
追加料金 additional fee
番外 additional",Guess Vocab related to Keyword,Text
"insert","刷り込む,折り込み,差し入れる,仕込む,差し込む,流し込む,組み入れる","刷り込む insert(illustration)
折り込み insert(magazine,newspaper,)
差し入れる insert
仕込む insert
差し込む insert
流し込む insert(data stream)
組み入れる insert",Guess Vocab related to Keyword,Text
"miscellaneous","雑多,雑則,各種学校,雑学,雑事,雑用,雑費","雑多 miscellaneous
雑則 miscellaneous rules;miscellaneous provisions
各種学校 miscellaneous
雑学 miscellaneous knowledge
雑事 miscellaneous matters
雑用 miscellaneous affairs;miscellaneous expenses
雑費 miscellaneous expenses",Guess Vocab related to Keyword,Text
"ticket","引き当てる,券売機,発券,食券,割引券,引換券,車券","引き当てる draw(winning ticket)
券売機 ticket machine
発券 issuing(banknote,ticket,)
食券 meal ticket
割引券 discount coupon ticket
引換券 exchange ticket
車券 bike-race(betting)ticket",Guess Vocab related to Keyword,Text
"appointment","任用,任官,申し合わせる,定め,任地,特命,国民審査","任用 appointment
任官 appointment(office)
申し合わせる appointment
定め appointment
任地 place appointment
特命 special appointment
国民審査 national referendum appointment re-appointmen",Guess Vocab related to Keyword,Text
"banquet","宴席,大盤振る舞い,会席,祝宴,饗宴,余興,供宴","宴席 banquet
大盤振る舞い splendid banquet
会席 banquet
祝宴 celebratory banquet
饗宴 banquet
余興 performance(party banquet,)
供宴 banquet",Guess Vocab related to Keyword,Text
"battle","弔い合戦,陣形,野戦,戦果,臨戦,円陣,陣","弔い合戦 battle revenge
陣形 battle formation
野戦 open battle;field battle
戦果 fruit battle
臨戦 preparing action battle
円陣 circular(battle)formation
陣 battle;battle formation",Guess Vocab related to Keyword,Text
"chance","期,呉越同舟,千載一遇,逸する,勝ち目,逃す,逸機","期 chance
呉越同舟 rivals finding themselves together chance
千載一遇 one-in-a-million(chance)
逸する lose(chance);miss(chance)
勝ち目 chance(success)
逃す miss(chance)
逸機 missing chance",Guess Vocab related to Keyword,Text
"cry","程遠い,泣かせる,泣かす,泣きじゃくる,泣き出す,産声,泣き叫ぶ","程遠い far cry
泣かせる cry
泣かす cry
泣きじゃくる cry
泣き出す begin cry
産声 first cry newborn baby
泣き叫ぶ cry shout",Guess Vocab related to Keyword,Text
"decline","下向き,消長,敗残,斜陽,漸減,落ち目,諾否","下向き (market)decline
消長 prosperity decline
敗残 decline(,business,)
斜陽 decline(industry)
漸減 decline
落ち目 decline fortunes
諾否 decision accept decline",Guess Vocab related to Keyword,Text
"fruit","所産,果肉,戦果,結実,早稲,出回る,果樹園","所産 fruit
果肉 flesh fruit
戦果 fruit battle
結実 fruit(hard work);bearing fruit(efforts,plans,);
早稲 early-ripening fruit(grain,)
出回る season(fruit)
果樹園 fruit farm",Guess Vocab related to Keyword,Text
"like","横車,時節柄,将棋倒し,犬猿の仲,類する,気取り,雲散霧消","横車 unreasonable(like pushing cart side(instead beh
時節柄 times like these
将棋倒し falling another(like dominoes)
犬猿の仲 like cats dogs
類する like
気取り acting like
雲散霧消 vanishing like mist",Guess Vocab related to Keyword,Text
"project","突き出す,企図,大部屋,突き出る,企て,大挙,飛び出る","突き出す project
企図 project
大部屋 project management technique manufacturing,inv
突き出る project
企て project
大挙 large-scale project
飛び出る project",Guess Vocab related to Keyword,Text
"superior","上官,見返す,進言,優越,上役,具申,秀でる","上官 superior officer
見返す prove superior(had previously been condescendi
進言 advice(superior)
優越 superior
上役 superior
具申 offering full report superior
秀でる superior",Guess Vocab related to Keyword,Text
"thief","呼ばわり,盗人,賊,忍び,怪盗,捕物帳,空き巣","呼ばわり calling(thief)
盗人 thief
賊 thief
忍び sneak thief
怪盗 mysterious thief;phantom thief
捕物帳 thief taker's memoirs
空き巣 sneak thief",Guess Vocab related to Keyword,Text
"virtue","不徳,霊験,美徳,仁義,美点,大徳,高徳","不徳 lack virtue
霊験 miraculous virtue
美徳 virtue
仁義 virtue
美点 virtue
大徳 great virtue
高徳 eminent virtue",Guess Vocab related to Keyword,Text
"withdrawal","退会,脱会,退却,退出,引き落とし,願い下げ,撤兵","退会 withdrawal(society,club,)
脱会 withdrawal(membership organization,organisation
退却 withdrawal
退出 withdrawal(superior's presence)
引き落とし withdrawal
願い下げ withdrawal
撤兵 withdrawal troops",Guess Vocab related to Keyword,Text
"accident","傷害保険,無事故,労災保険,人身事故,別条,遭遇,珍事","傷害保険 accident insurance
無事故 accident
労災保険 worker's accident insurance
人身事故 accident resulting personal injury death(traf
別条 accident
遭遇 meeting(accident)
珍事 accident",Guess Vocab related to Keyword,Text
"activity","独壇場,文筆,突貫,大車輪,枢軸,敏速,金科玉条","独壇場 unrivaled sphere activity(unrivalled)
文筆 literary activity
突貫 rushing(activity)
大車輪 frenzied activity
枢軸 center(power,activity)
敏速 activity
金科玉条 golden rule(basic principle ensuring success ",Guess Vocab related to Keyword,Text
"earthquake","有感地震,強震,弱震,中震,烈震,震災,激震","有感地震 perceptible earthquake
強震 severe earthquake
弱震 mild earthquake
中震 moderate earthquake
烈震 disastrous earthquake
震災 Great Kanto Earthquake(1923);earthquake disaste
激震 severe earthquake",Guess Vocab related to Keyword,Text
"insurance","失業保険,労災保険,介護保険,傷害保険,自賠責保険,掛け捨て,滑り止め","失業保険 unemployment insurance
労災保険 worker's accident insurance
介護保険 nursing insurance
傷害保険 accident insurance
自賠責保険 mandatory vehicle liability insurance
掛け捨て stopping payment installments(usu. insurance)
滑り止め insurance choice",Guess Vocab related to Keyword,Text
"milk","豆乳,生乳,搾乳,乳液,蓮華,乳牛,脱脂粉乳","豆乳 soy milk
生乳 raw milk
搾乳 milk expression
乳液 body milk
蓮華 Chinese milk vetch(Astragalus sinicus)
乳牛 milk cow
脱脂粉乳 powdered skim milk;skimmed milk powder;non-fa",Guess Vocab related to Keyword,Text
"phrase","和製英語,台詞,殺し文句,訓戒,講釈,外交辞令,決まり文句","和製英語 pseudo-English word phrase coined
台詞 set phrase;stock phrase;phrase
殺し文句 phrase brings around,personal relationships;t
訓戒 lesson phrase teaches
講釈 explanation(text,phrase,)
外交辞令 diplomatic turn phrase
決まり文句 stock phrase;set phrase",Guess Vocab related to Keyword,Text
"shake","揺るぐ,振り出す,揺らす,振り落とす,震撼,揺する,震え上がる","揺るぐ shake
振り出す shake
揺らす shake
振り落とす shake
震撼 shake
揺する shake
震え上がる shake",Guess Vocab related to Keyword,Text
"strict","厳正,手厳しい,厳禁,固苦しい,厳戒,堅苦しい,強行軍","厳正 strict
手厳しい strict
厳禁 strict prohibition
固苦しい strict
厳戒 strict guard
堅苦しい strict
強行軍 very strict schedule",Guess Vocab related to Keyword,Text
"tendency","凝り性,右傾,偏向,趨勢,弱含み,傾き,強含み","凝り性 tendency become totally absorbed
右傾 rightist tendency
偏向 tendency
趨勢 tendency
弱含み bearish tendency
傾き tendency
強含み bullish tendency",Guess Vocab related to Keyword,Text
"treasure","至宝,瑞宝章,財宝,掘り当てる,子宝,神器,掘り出し物","至宝 greatest treasure
瑞宝章 Orders Sacred Treasure
財宝 treasure
掘り当てる find(buried treasure)
子宝 treasure children
神器 sacred treasure
掘り出し物 treasure trove",Guess Vocab related to Keyword,Text
"dig","掘り下げる,掘り返す,掘り出す,掘り当てる,掘り起こす,突っ込み","掘り下げる dig(matter);dig
掘り返す dig
掘り出す dig
掘り当てる dig
掘り起こす dig
突っ込み dig",Guess Vocab related to Keyword,Text
"mail","郵便受け,回送,郵船,先払い,留め置き,開封","郵便受け mail slot
回送 redirecting(mail)
郵船 mail boat
先払い payment delivery(business-reply mail,collect p
留め置き mail held post office
開封 unsealed mail",Guess Vocab related to Keyword,Text
"mutual","意気投合,切磋琢磨,相思,互選,相愛,共倒れ","意気投合 mutual understanding
切磋琢磨 mutual encouragement(improve)
相思 mutual love;mutual affection
互選 election mutual vote
相愛 mutual love
共倒れ mutual destruction",Guess Vocab related to Keyword,Text
"ride","乗り合わせる,乗り心地,乗り切る,乗り付ける,召す,試乗","乗り合わせる happen ride together
乗り心地 ride quality
乗り切る ride across
乗り付ける ride
召す ride
試乗 test ride;trial ride",Guess Vocab related to Keyword,Text
"supplementary","付則,副読本,補習,副食,追試,外伝","付則 supplementary provisions
副読本 supplementary reader
補習 supplementary lessons
副食 supplementary food
追試 supplementary examination
外伝 supplementary biography",Guess Vocab related to Keyword,Text
"approach","助走,煮詰まる,王道,持ち掛ける,臨機応変,掛かり","助走 approach run
煮詰まる approach conclusion(discussion,investigation,
王道 classic approach;simple approach
持ち掛ける approach(proposal,)
臨機応変 ad hoc approach
掛かり attack(corner approach)",Guess Vocab related to Keyword,Text
"connection","直結,乗り継ぐ,結縁,縦軸,縁故,連係","直結 direct connection
乗り継ぐ connection
結縁 making connection(Buddha)
縦軸 connection between past present
縁故 connection
連係 connection",Guess Vocab related to Keyword,Text
"definite","本決まり,確報,確証,取り留める,確たる証拠,判然","本決まり definite decision
確報 definite report
確証 definite proof
取り留める definite
確たる証拠 definite evidence
判然 definite",Guess Vocab related to Keyword,Text
"difficulty","狭き門,遭遇,打ち勝つ,難事,困窮,難渋","狭き門 difficulty
遭遇 confronted(difficulty)
打ち勝つ overcome(difficulty)
難事 difficulty
困窮 great difficulty
難渋 difficulty",Guess Vocab related to Keyword,Text
"forget","書き残す,忘れ去る,言い残す,失する,逸する,置き忘れる","書き残す forget write
忘れ去る forget completely
言い残す forget mention
失する forget
逸する forget
置き忘れる forget",Guess Vocab related to Keyword,Text
"formula","定式,処方,定石,育毛剤,数式,新式","定式 formula
処方 formula
定石 formula
育毛剤 hair growth formula
数式 numerical formula
新式 new formula",Guess Vocab related to Keyword,Text
"frontal","前頭葉,引き落とし,直射,押し倒し,正攻法,突き出し","前頭葉 frontal lobe
引き落とし frontal pull-down
直射 frontal fire
押し倒し (frontal)push-down
正攻法 frontal attack
突き出し frontal thrust(winning technique)",Guess Vocab related to Keyword,Text
"harvest","幸,刈り取る,刈り入れ,古米,実入り,早場米","幸 harvest
刈り取る harvest
刈り入れ harvest
古米 rice remaining previous year's harvest
実入り harvest
早場米 rice early harvest",Guess Vocab related to Keyword,Text
"highest","和尚,主峰,侯,真打ち,至極,開眼","和尚 second highest priestly rank Buddhism
主峰 highest peak
侯 second highest rank five ranks nobility
真打ち rakugo storyteller highest rank
至極 highest
開眼 reaching highest echelons",Guess Vocab related to Keyword,Text
"husband","夫君,配偶,亡夫,押し掛け女房,義兄,義弟","夫君 (another's)husband
配偶 husband wife
亡夫 deceased husband;late husband
押し掛け女房 woman forced husband marriage
義兄 brother-in-law(spouse's older brother older sis
義弟 brother-in-law(spouse's younger brother younger",Guess Vocab related to Keyword,Text
"instrumental","器楽,重奏,三重奏,二重奏,独奏,五重奏","器楽 instrumental music
重奏 instrumental ensemble
三重奏 instrumental trio
二重奏 instrumental duo;instrumental duet
独奏 (instrumental)solo
五重奏 instrumental quintet",Guess Vocab related to Keyword,Text
"joint","共倒れ,統合幕僚会議,留め,乗り合い,継ぎ目,連帯保証","共倒れ joint bankruptcy
統合幕僚会議 Joint Staff Council
留め stop(timber joint,end kanji stroke)
乗り合い joint partnership
継ぎ目 joint
連帯保証 joint liability guarantee",Guess Vocab related to Keyword,Text
"lay","敷き詰める,横たえる,手当たり次第,積み上げる,張り巡らす,買い込む","敷き詰める lay
横たえる lay
手当たり次第 using anything can lay hands
積み上げる lay(bricks)
張り巡らす lay(wiring,network,)
買い込む lay",Guess Vocab related to Keyword,Text
"pin","押し倒す,押さえ込む,突き止める,安全ピン,端子,暗証番号","押し倒す pin
押さえ込む pin
突き止める pin
安全ピン safety pin
端子 pin(semiconductor microcontroller)
暗証番号 PIN",Guess Vocab related to Keyword,Text
"primary","一次産品,一次産業,主客,初等,第一次産業,原色","一次産品 primary products
一次産業 primary industry
主客 primary subordinate
初等 primary
第一次産業 primary industry
原色 primary color;primary colour",Guess Vocab related to Keyword,Text
"Prince","親王,宮家,皇子,公爵,立太子,若宮","親王 prince royal blood;Imperial prince
宮家 house imperial prince
皇子 imperial prince
公爵 prince
立太子 investiture Crown Prince
若宮 young imperial prince",Guess Vocab related to Keyword,Text
"regret","心残り,悔やむ,思い残す,悔し涙,悔いる,痛惜","心残り regret
悔やむ regret
思い残す regret
悔し涙 tears regret
悔いる regret
痛惜 deep regret",Guess Vocab related to Keyword,Text
"subordinate","下働き,女房役,下回り,主客,子飼い,前座","下働き subordinate work
女房役 subordinate
下回り subordinate;subordinate work
主客 primary subordinate
子飼い teaching early stage(subordinate)
前座 subordinate part",Guess Vocab related to Keyword,Text
"toward","上り列車,下り列車,敵視,仕向ける,踏み出す,引き寄せる","上り列車 train heading toward starting point route
下り列車 train heading toward ending point route
敵視 hostile toward
仕向ける act toward(certain way)
踏み出す take steps toward
引き寄せる pull toward;drawtoward",Guess Vocab related to Keyword,Text
"weapon","矛,日本刀,打ち取る,金剛,弓矢,鈍器","矛 weapon
日本刀 bladed weapon
打ち取る kill(weapon)
金剛 Indra's weapon
弓矢 weapon
鈍器 blunt weapon",Guess Vocab related to Keyword,Text
"camp","宿営,設営,野営,敵陣,陣,陣幕","宿営 camp
設営 setting(structure,building,camp,)
野営 making camp
敵陣 enemy camp
陣 camp
陣幕 camp enclosure",Guess Vocab related to Keyword,Text
"Catholic","大司教,典礼,枢機卿,司教,尼,尼僧","大司教 archbishop(Catholic)
典礼 (Catholic)liturgy
枢機卿 cardinal(Catholic church)
司教 bishop(Catholic)
尼 Catholic nun
尼僧 Catholic nun",Guess Vocab related to Keyword,Text
"crest","家紋,紋付き,般若,井筒,紋章,波頭","家紋 family crest
紋付き clothing(kimono)decorated family crest
般若 family crest designed Hannya noh mask
井筒 family crest design based square wooden well cu
紋章 crest
波頭 wave crest",Guess Vocab related to Keyword,Text
"incense","線香,香炉,仏前,焼香,香典,香料","線香 incense stick
香炉 incense burner
仏前 incense money
焼香 burning(offer)incense
香典 incense money
香料 incense",Guess Vocab related to Keyword,Text
"innermost","奥深い,奥まって,衷心,心根,心底,極意","奥深い innermost
奥まって innermost
衷心 innermost feelings
心根 innermost feelings
心底 innermost thoughts
極意 innermost secrets(art skill)",Guess Vocab related to Keyword,Text
"leg","義足,片足,脚力,内掛け,突っ掛ける,足掛け","義足 artificial leg
片足 leg
脚力 leg strength
内掛け inside leg trip
突っ掛ける hit(leg)against
足掛け leg trip(sumo,judo,)",Guess Vocab related to Keyword,Text
"shaft","円柱,坑道,坑内,長柄,縦軸,軸受け","円柱 shaft
坑道 shaft
坑内 within pit(mine)shaft
長柄 long shaft
縦軸 vertical shaft
軸受け shaft bearing",Guess Vocab related to Keyword,Text
"splendour","光輝,光彩,栄え,栄華,壮麗,華美","光輝 splendour
光彩 splendour
栄え splendour
栄華 splendour
壮麗 splendour
華美 splendour",Guess Vocab related to Keyword,Text
"stamp","太鼓判,刻印,印章,透かし,収入印紙,郵便切手","太鼓判 large stamp
刻印 stamp
印章 stamp
透かし watermark(stamp,banknote,)
収入印紙 revenue stamp
郵便切手 postage stamp",Guess Vocab related to Keyword,Text
"statue","彫像,石像,立像,入魂,胎内,開眼","彫像 carved statue
石像 stone statue
立像 standing statue
入魂 breathing soul(Buddhist statue)
胎内 interior Buddhistic statue
開眼 filling eyes(Buddha)last step consecrating new ",Guess Vocab related to Keyword,Text
"yarn","極細,撚糸,混紡,蚕糸,綿糸,紡ぐ","極細 extra-fine woollen yarn
撚糸 twisted thread yarn;twining thread yarn
混紡 mixed yarn
蚕糸 silk yarn
綿糸 cotton yarn
紡ぐ yarn",Guess Vocab related to Keyword,Text
"application","切磋琢磨,専科,願い出,塗布,願い出る","切磋琢磨 diligent application(work study)
専科 specialized certain field application(sauce spe
願い出 application
塗布 application(ointment,)
願い出る application",Guess Vocab related to Keyword,Text
"attachment","愛欲,仮差し押さえ,吸着,差し押さえ,断ち切る","愛欲 attachment(family member opposite sex)
仮差し押さえ provisional attachment
吸着 attachment
差し押さえ attachment
断ち切る give(attachment,habit,)",Guess Vocab related to Keyword,Text
"cancellation","願い下げ,棒引き,川流れ,破談,欠航","願い下げ cancellation
棒引き cancellation(debt)
川流れ cancellation
破談 cancellation
欠航 cancellation(flight sea voyage)",Guess Vocab related to Keyword,Text
"correspondence","符合,着信,私信,音信,通信教育","符合 correspondence
着信 arrival(post,news,correspondence,)
私信 secret correspondence
音信 correspondence
通信教育 correspondence education;correspondence cours",Guess Vocab related to Keyword,Text
"costume","獅子舞,装束,引き抜き,早変わり,仮装","獅子舞 traditional dance performed more dancers weari
装束 costume
引き抜き quick costume change kabuki(taking outer cost
早変わり quick change(costume)
仮装 costume",Guess Vocab related to Keyword,Text
"dispute","言い合う,公害等調整委員会,労働争議,痛み分け,渡り合う","言い合う dispute
公害等調整委員会 Environmental Dispute Coordination Commis
労働争議 labor dispute;labour dispute;industrial dispu
痛み分け ending both sides suffering damage(dispute,)
渡り合う dispute",Guess Vocab related to Keyword,Text
"overnight","泊まり込み,夜逃げ,泊,外泊,転がり込む","泊まり込み staying somewhere(overnight)due circumstance
夜逃げ skipping town overnight
泊 overnight stay
外泊 staying somewhere else(overnight)
転がり込む visit(stay overnight unwanted guest)",Guess Vocab related to Keyword,Text
"Prefectural","府税,県会,府議会,県勢,道議会","府税 urban prefectural tax(Osaka Kyoto)
県会 prefectural assembly
府議会 prefectural assembly(Kyoto Osaka)
県勢 prefectural strengths(conditions,resources)
道議会 Hokkaido Prefectural Assembly",Guess Vocab related to Keyword,Text
"roll","波打つ,布目,巻き上げる,巻紙,転がり込む","波打つ roll
布目 direction loom weave roll fabric
巻き上げる roll
巻紙 roll paper
転がり込む roll",Guess Vocab related to Keyword,Text
"sensitivity","感応,感受,冷え性,時代感覚,高感度","感応 sensitivity
感受 sensitivity
冷え性 sensitivity cold
時代感覚 sensitivity times
高感度 sensitivity",Guess Vocab related to Keyword,Text
"anxiety","気苦労,憂い,心労,一喜一憂,気遣わしい","気苦労 anxiety
憂い anxiety
心労 anxiety
一喜一憂 alternating between happiness anxiety
気遣わしい anxiety",Guess Vocab related to Keyword,Text
"appeal","懇請,上告審,嘆願,直訴,面白み","懇請 appeal
上告審 appeal hearing
嘆願 appeal
直訴 direct appeal
面白み appeal",Guess Vocab related to Keyword,Text
"appropriate","間合い,似つかわしい,時宜,当該,穏当","間合い appropriate opportunity
似つかわしい appropriate
時宜 appropriate
当該 appropriate(authorities)
穏当 appropriate",Guess Vocab related to Keyword,Text
"attendant","随行,従者,侍女,付け人,付き人","随行 attendant
従者 attendant
侍女 lady attendant
付け人 attendant
付き人 attendant",Guess Vocab related to Keyword,Text
"brought","手土産,懐石料理,香典,成育,繰り越し","手土産 present(brought visitor)
懐石料理 traditional meal brought courses
香典 gift brought funeral(usu. money)
成育 brought
繰り越し balance brought forward",Guess Vocab related to Keyword,Text
"burglar","空き巣,警報器,押し込み,賊,警報機","空き巣 burglar(targets empty houses)
警報器 alarm(fire,burglar,railroad-crossing,)
押し込み burglar
賊 burglar
警報機 alarm(fire,burglar,railroad-crossing,)",Guess Vocab related to Keyword,Text
"calm","落ち着き払う,物静か,平然,泰然,鎮静","落ち着き払う stay calm
物静か calm
平然 calm
泰然 calm
鎮静 calm",Guess Vocab related to Keyword,Text
"cat","黒猫,山猫,子猫,飼い猫,野良猫","黒猫 black cat
山猫 wildcat(European wildcat,Iriomote cat,Tsushima 
子猫 small cat
飼い猫 pet cat
野良猫 stray cat;alley cat",Guess Vocab related to Keyword,Text
"commercial","商慣習,商業銀行,市中銀行,商事会社,商魂","商慣習 commercial practice
商業銀行 commercial bank
市中銀行 commercial bank
商事会社 commercial company
商魂 commercial spirit",Guess Vocab related to Keyword,Text
"concern","御用,取り合う,心遣い,慰問,憂国","御用 (your)concern
取り合う concern
心遣い concern
慰問 expressing condolences(sympathy,concern,)
憂国 patriotic concern future country",Guess Vocab related to Keyword,Text
"Confucianism","聖教,仁義,経学,儒学,聖人","聖教 Confucianism
仁義 humanity justice(Confucianism)
経学 Confucianism
儒学 Confucianism
聖人 wise virtuous(Confucianism)",Guess Vocab related to Keyword,Text
"conversation","中座,漫談,談義,談笑,話術","中座 excusing(meeting,conversation,)
漫談 desultory conversation
談義 conversation
談笑 friendly conversation
話術 art conversation",Guess Vocab related to Keyword,Text
"critical","一触即発,厄,危なっかしい,厄年,重篤","一触即発 critical(touch)situation
厄 critical year
危なっかしい critical
厄年 critical year
重篤 critical(condition)",Guess Vocab related to Keyword,Text
"Crown","宝冠,三冠王,王冠,立太子,霊長","宝冠 jeweled crown
三冠王 winner triple crown
王冠 crown
立太子 investiture Crown Prince
霊長 crown(creation)",Guess Vocab related to Keyword,Text
"cruel","非情,殺生,残忍,際どい,邪険","非情 cruel
殺生 cruel
残忍 cruel
際どい cruel
邪険 cruel",Guess Vocab related to Keyword,Text
"decay","消長,防腐,減衰,腐食,腐り","消長 prosperity decay
防腐 preservation decay
減衰 decay
腐食 decay
腐り decay",Guess Vocab related to Keyword,Text
"delay","遅らせる,手っ取り早い,滞り,遅配,遅滞","遅らせる delay
手っ取り早い delay
滞り delay
遅配 delay(payment,delivery,rationing,)
遅滞 delay",Guess Vocab related to Keyword,Text
"demon","馬頭,御化け,病魔,魔物,通り魔","馬頭 horse-headed demon(hell)
御化け demon
病魔 demon ill health
魔物 demon
通り魔 demon brings misfortune houses he passes",Guess Vocab related to Keyword,Text
"discernment","判別,眼光,甲乙,鑑識,識見","判別 discernment
眼光 discernment
甲乙 discernment
鑑識 discernment
識見 discernment",Guess Vocab related to Keyword,Text
"dismissal","解職,任免,免,却下,放逐","解職 dismissal
任免 appointments dismissal
免 dismissal
却下 dismissal
放逐 dismissal",Guess Vocab related to Keyword,Text
"donation","絵馬,寄付行為,献体,義援,浄財","絵馬 orig. picturing horse,stand-in donation live ho
寄付行為 deed endowment donation
献体 body donation
義援 donation(disaster relief charity)
浄財 donation",Guess Vocab related to Keyword,Text
"eccentric","風変わり,奇人,変わり者,変わり種,変人","風変わり eccentric
奇人 eccentric
変わり者 eccentric
変わり種 eccentric
変人 eccentric",Guess Vocab related to Keyword,Text
"excitement","満載,激高,狂騒,発情,躍る","満載 packed(fun,excitement)
激高 excitement
狂騒 wild excitement
発情 sexual excitement
躍る pound(heart,excitement)",Guess Vocab related to Keyword,Text
"excuse","これを機に,抜け道,言付ける,言い逃れ,謝り","これを機に (reason,excuse,impetus,starting point,)
抜け道 excuse
言付ける use excuse
言い逃れ excuse
謝り excuse",Guess Vocab related to Keyword,Text
"fashion","流儀,講釈,西洋式,今様,有機的","流儀 fashion
講釈 explanation(pompous fashion)
西洋式 western style fashion
今様 current fashion
有機的 working coordinated fashion",Guess Vocab related to Keyword,Text
"final","死期,本決まり,定本,辞世,臨月","死期 final hour
本決まり final decision
定本 final version book edited author
辞世 death poem(poem written during final moments)
臨月 final month pregnancy",Guess Vocab related to Keyword,Text
"forth","折り返し運転,踏み出す,流れ出す,行き交う,流れ出る","折り返し運転 shuttling forth
踏み出す step forth;set forth
流れ出す gush forth
行き交う forth
流れ出る gush forth",Guess Vocab related to Keyword,Text
"join","結びつける,合わさる,乗り組む,継ぎ,取り合う","結びつける join
合わさる join
乗り組む join ship
継ぎ join
取り合う join(hands)",Guess Vocab related to Keyword,Text
"joy","小躍り,込み上げる,一喜一憂,喜怒哀楽,望外","小躍り dancing jumping joy
込み上げる well(tears,anger,joy,)
一喜一憂 swinging between joy sorrow
喜怒哀楽 human emotions(joy,anger,grief pleasure)
望外 unexpected(joy,success,)",Guess Vocab related to Keyword,Text
"lose","後れを取る,逸する,失する,取りこぼす,逃す","後れを取る lose(race,contest)
逸する lose(chance)
失する lose
取りこぼす lose information;lose easy game
逃す lose",Guess Vocab related to Keyword,Text
"lowest","三段目,初段,序の口,平民,序二段","三段目 third lowest division
初段 lowest rank
序の口 lowest division sumo
平民 lowest three classes)
序二段 jonidan(second lowest)division",Guess Vocab related to Keyword,Text
"lust","愛欲,好色,亡者,性欲,虜","愛欲 lust
好色 lust
亡者 blind lust
性欲 lust
虜 slave(lust,)",Guess Vocab related to Keyword,Text
"odd","端数,奇人,変哲,珍妙,雑用","端数 odd amount
奇人 odd fellow
変哲 odd
珍妙 odd
雑用 odd jobs",Guess Vocab related to Keyword,Text
"overhead","振りかざす,上段,振り上げる,網棚,架線","振りかざす raise(overhead)
上段 overhead position(sword kendo,)
振り上げる raise overhead
網棚 (overhead)luggage rack(train,bus,)
架線 overhead power line;overhead line(trains,trams,",Guess Vocab related to Keyword,Text
"penetrate","貫き通す,攻め込む,突き破る,見破る,見透かす","貫き通す penetrate
攻め込む penetrate
突き破る penetrate
見破る penetrate
見透かす penetrate",Guess Vocab related to Keyword,Text
"penetration","貫徹,眼光,突っ込み,突貫,透過","貫徹 penetration
眼光 penetration
突っ込み penetration
突貫 penetration
透過 penetration",Guess Vocab related to Keyword,Text
"pour","流れ出す,掛け合う,流れ出る,降りしきる,流し込む","流れ出す pour
掛け合う pour each other
流れ出る pour
降りしきる pour
流し込む pour",Guess Vocab related to Keyword,Text
"prosperity","消長,福徳,盛時,栄華,興隆","消長 prosperity decline;prosperity decay
福徳 happiness prosperity
盛時 era national prosperity
栄華 prosperity
興隆 prosperity",Guess Vocab related to Keyword,Text
"punishment","極刑,報い,厳罰,村八分,免れる","極刑 ultimate punishment;capital punishment
報い punishment
厳罰 severe punishment
村八分 complete ostracism household(harshest punishme
免れる avoid(punishment)",Guess Vocab related to Keyword,Text
"revenge","仕返し,返礼,仇討ち,弔い合戦,敵討ち","仕返し revenge
返礼 revenge
仇討ち revenge
弔い合戦 battle revenge
敵討ち revenge",Guess Vocab related to Keyword,Text
"royal","王道,妃殿下,親王,王家,王権","王道 royal road
妃殿下 Royal Highness
親王 prince royal blood
王家 royal family
王権 royal authority",Guess Vocab related to Keyword,Text
"score","点取り,譜面,譜,新譜,高点","点取り score;keeping score
譜面 score
譜 (musical)score
新譜 new score
高点 score",Guess Vocab related to Keyword,Text
"sex","性欲,突っ込み,風俗営業,愛欲,挑む","性欲 sex drive
突っ込み (penetrative)sex
風俗営業 sex industry
愛欲 attachment(family member opposite sex)
挑む pressuresex",Guess Vocab related to Keyword,Text
"succession","続発,承継,連破,矢継ぎ早,縦走","続発 succession
承継 succession
連破 defeating enemy succession
矢継ぎ早 rapid succession(questions)
縦走 climbing(several mountains)succession",Guess Vocab related to Keyword,Text
"sutra","写経,法華経,華厳,読経,経堂","写経 copying sutra
法華経 Lotus Sutra
華厳 Avatamska sutra
読経 sutra chanting
経堂 sutra library",Guess Vocab related to Keyword,Text
"sutras","仏典,念じる,写経,説経,経典","仏典 sutras
念じる recite(Buddha's,sutras,)mind
写経 hand-copied sutras
説経 lecture sutras
経典 sutras",Guess Vocab related to Keyword,Text
"visitor","取り次ぎ,手土産,取次ぎ,貴賓,客人","取り次ぎ ushering(visitor)
手土産 present(brought visitor)
取次ぎ ushering(visitor)
貴賓 noble visitor
客人 visitor",Guess Vocab related to Keyword,Text
"your","御用,令嬢,高配,閣下,貴社","御用 (your)need;(your)concern;(your)business
令嬢 (your)daughter
高配 (your)consideration
閣下 your Excellency
貴社 your shrine;your company",Guess Vocab related to Keyword,Text
"Zen","以心伝心,禅宗,禅問答,托鉢,禅僧","以心伝心 non-verbal Zen Buddhist transmission disciple
禅宗 Zen(Buddhism)
禅問答 Zen questions answers;Zen dialogue
托鉢 going bowl meditation hall mealtime(Zen temple)
禅僧 Zen priest",Guess Vocab related to Keyword,Text
"adoption","縁組,養子縁組,離縁,取捨,採否","縁組 adoption;forming familial relationship(through 
養子縁組 adoption
離縁 dissolution adoption
取捨 adoption rejection
採否 adoption rejection",Guess Vocab related to Keyword,Text
"bargain","特価,掘り出し物,善処,掛け合う,廉売","特価 bargain price
掘り出し物 bargain
善処 making best(bad bargain)
掛け合う bargain
廉売 bargain sale",Guess Vocab related to Keyword,Text
"blunt","素っ気ない,鈍器,鈍らす,鈍る,無愛想","素っ気ない blunt
鈍器 blunt weapon
鈍らす blunt
鈍る become blunt
無愛想 blunt",Guess Vocab related to Keyword,Text
"calculation","読み上げ算,珠算,皮算用,打算,目算","読み上げ算 calculation abacus
珠算 calculation abacus
皮算用 over-optimistic calculation
打算 calculation
目算 rough calculation",Guess Vocab related to Keyword,Text
"cast","成型,脱ぎ捨てる,鋳る,投網,票読み","成型 cast
脱ぎ捨てる cast;cast(old ideas,habits,)
鋳る cast
投網 cast net
票読み announcing number votes cast(each candidate)",Guess Vocab related to Keyword,Text
"combat","死闘,戦歴,武者修行,殺陣,軍靴","死闘 mortal combat
戦歴 combat experience
武者修行 traveling gain skill combat(travelling)
殺陣 stage combat
軍靴 combat boots",Guess Vocab related to Keyword,Text
"comment","台詞,品評,黙殺,注釈,裏書","台詞 comment
品評 comment
黙殺 refusing comment
注釈 comment
裏書 comment",Guess Vocab related to Keyword,Text
"condolence","弔電,香典,悔やみ,弔意,香料","弔電 telegram condolence
香典 condolence gift
悔やみ condolence
弔意 condolence
香料 condolence gift",Guess Vocab related to Keyword,Text
"execution","絞首刑,代執行,出来栄え,調製,完遂","絞首刑 execution hanging
代執行 execution proxy
出来栄え execution
調製 execution(order)
完遂 successful execution",Guess Vocab related to Keyword,Text
"explosion","爆風,爆心,核爆発,爆死,誘爆","爆風 blast(explosion)
爆心 centre explosion;center explosion
核爆発 nuclear explosion
爆死 death explosion
誘爆 induced explosion;secondary explosion",Guess Vocab related to Keyword,Text
"gratitude","恩義,報徳,感涙,謝辞,薄謝","恩義 debt gratitude
報徳 showing gratitude
感涙 tears gratitude
謝辞 words gratitude
薄謝 small consideration(remuneration,token gratitud",Guess Vocab related to Keyword,Text
"insect","成虫,防除,網戸,防虫剤,防虫","成虫 adult(insect)
防除 prevention(plant disease insect damage)
網戸 insect screen
防虫剤 insect repellent
防虫 insect repellence",Guess Vocab related to Keyword,Text
"inspiration","感興,鼓舞,感応,詩情,霊感","感興 inspiration
鼓舞 inspiration
感応 divine inspiration
詩情 poetic inspiration
霊感 inspiration",Guess Vocab related to Keyword,Text
"ise","練達,内宮,外宮,参宮,祭主","練達 expert(ise)
内宮 Inner Ise Shrine
外宮 outer shrine Ise Grand Shrine
参宮 pilgrimage(Ise Grand Shrine)
祭主 head priest Ise Shrine",Guess Vocab related to Keyword,Text
"moderate","軟派,適温,中震,硬軟,廉価","軟派 moderate;moderate party
適温 moderate temperature
中震 moderate earthquake
硬軟 hard line moderate line
廉価 moderate price",Guess Vocab related to Keyword,Text
"pen","筆名,文武,健筆,雅号,硬筆","筆名 pen
文武 pen sword
健筆 powerful pen;facile pen
雅号 pen
硬筆 pen pencil",Guess Vocab related to Keyword,Text
"pillar","氷柱,升,火柱,棟梁,円柱","氷柱 ice pillar(cooling room)
升 square bearing block(top pillar)
火柱 pillar fire
棟梁 pillar(nation)
円柱 round pillar(buildings)",Guess Vocab related to Keyword,Text
"puppet","操り人形,人形浄瑠璃,操り,人形遣い,浄瑠璃","操り人形 puppet
人形浄瑠璃 puppet theatre which recited narrative dialo
操り puppet
人形遣い puppet operator;puppet manipulator
浄瑠璃 type dramatic recitation accompanied shamisen(",Guess Vocab related to Keyword,Text
"rejection","取捨,採否,意気消沈,却下,没","取捨 adoption rejection
採否 adoption rejection
意気消沈 rejection
却下 rejection
没 rejection(manuscript,)",Guess Vocab related to Keyword,Text
"shallow","遠浅,薄っぺら,上滑り,浅見,薄手","遠浅 wide shallow beach
薄っぺら shallow
上滑り shallow
浅見 shallow view
薄手 shallow",Guess Vocab related to Keyword,Text
"superiority","甲乙,卓抜,優劣,多勢,超絶","甲乙 superiorityinferiority
卓抜 superiority
優劣 superiority inferiority
多勢 numerical superiority
超絶 superiority",Guess Vocab related to Keyword,Text
"tackle","掛け合う,挑む,漁具,滑車,釣り具","掛け合う tackle
挑む tackle(problem)
漁具 fishing tackle
滑車 tackle
釣り具 fishing tackle",Guess Vocab related to Keyword,Text
"tomb","納骨,陵墓,墳墓,横穴,盗掘","納骨 placing(person's)ashes inside funerary urn(tomb
陵墓 imperial tomb
墳墓 tomb
横穴 tunnel tomb(Kofun)
盗掘 tomb robbing",Guess Vocab related to Keyword,Text
"touch","一触即発,筆致,肌触り,触覚,手触り","一触即発 critical(touch)situation
筆致 touch
肌触り touch
触覚 sense touch
手触り touch",Guess Vocab related to Keyword,Text
"track","単線,秘境,追い詰める,保線,複線","単線 single track(railway)
秘境 place beaten track
追い詰める track
保線 track maintenance
複線 double track",Guess Vocab related to Keyword,Text
"villain","悪党,悪玉,極道,汚れ役,敵役","悪党 villain
悪玉 villain
極道 villain
汚れ役 role villain(film,drama,)
敵役 role villain",Guess Vocab related to Keyword,Text
"ware","漆器,竹細工,漆塗り,素焼き,青銅器","漆器 lacquer ware
竹細工 bamboo ware
漆塗り lacquer ware
素焼き biscuit ware
青銅器 bronze ware",Guess Vocab related to Keyword,Text
"nose","耳鼻咽喉科,翻弄,目鼻,鼻先,鼻水","耳鼻咽喉科 ear,nose throat department
翻弄 leading around nose
目鼻 eyes nose
鼻先 under nose;tip nose
鼻水 dripping nose",Guess Vocab related to Keyword,Text
"bullet","凶弾,流れ弾,貫通,弾痕,着弾","凶弾 assassin's bullet
流れ弾 stray bullet
貫通 passing through(tunnel,bullet,)
弾痕 bullet hole;bullet mark
着弾 landing(bullet)",Guess Vocab related to Keyword,Text
"fierce","激闘,壮絶,叱咤,熱闘,猛獣","激闘 fierce fighting
壮絶 fierce
叱咤 fierce encouragement
熱闘 fierce fighting
猛獣 fierce animal",Guess Vocab related to Keyword,Text
"translation","和訳,訳詞,対訳,訳書,訳語,全訳,完訳,名訳,直訳,邦訳,監訳,訳文","和訳 translation
訳詞 translation lyrics
対訳 original text translation printed side side opp
訳書 translation
訳語 equivalent word translation
全訳 complete translation
完訳 complete translation
名訳 fine translation;excellent translation
直訳 literal translation;direct translation
邦訳 translation
監訳 supervising translation
訳文 translation",Guess Vocab related to Keyword,Text
"iron","鉄鉱,鉄壁,鉄則,鉄分,鉄線,鉄柱,鉄人,鉄火,銑鉄","鉄鉱 iron ore
鉄壁 iron wall
鉄則 iron law
鉄分 iron(content)
鉄線 iron(steel)wire
鉄柱 iron pole
鉄人 iron man
鉄火 red-hot iron
銑鉄 pig iron",Guess Vocab related to Keyword,Text
"acid","乳酸,塩酸,亜硫酸ガス,硝酸,酢酸,硫酸,尿酸,青酸,脂肪酸","乳酸 lactic acid
塩酸 hydrochloric acid
亜硫酸ガス sulfurous acid gas;sulphurous acid gas
硝酸 nitric acid
酢酸 acetic acid
硫酸 sulfuric acid;sulphuric acid
尿酸 uric acid
青酸 hydrocyanic acid;prussic acid
脂肪酸 fatty acid",Guess Vocab related to Keyword,Text
"pine","老松,松明,松竹梅,松林,門松,松風,黒松","老松 old pine tree
松明 torch(made pine,bamboo,reed,)
松竹梅 pine,bamboo plum(auspicious grouping)
松林 pine forest
門松 New Year's pine decoration
松風 (sound)wind blowing through pine trees
黒松 black pine(Pinus thunbergii);black pine",Guess Vocab related to Keyword,Text
"plum","梅園,松竹梅,梅林,紅梅,梅花,白梅,梅酒","梅園 plum orchard;plum garden
松竹梅 pine,bamboo plum(auspicious grouping)
梅林 plum grove
紅梅 red-blossomed plum tree
梅花 ume(plum)blossoms
白梅 white plum blossoms;white-blossomed plum
梅酒 plum brandy",Guess Vocab related to Keyword,Text
"flag","旗頭,日章旗,半旗,白旗,校旗,星条旗","旗頭 upper part flag;(Okinawa)bamboo poles attached 
日章旗 (rising sun)flag
半旗 flag half-mast
白旗 truce flag;white flag;surrender flag
校旗 flag
星条旗 Stars Stripes(US flag)",Guess Vocab related to Keyword,Text
"misfortune","厄,禍根,数奇,不遇,通り魔,喪","厄 misfortune
禍根 cause misfortune
数奇 misfortune
不遇 misfortune
通り魔 demon brings misfortune houses he passes
喪 misfortune",Guess Vocab related to Keyword,Text
"nest","営巣,巣立ち,空き巣,巣くう,巣立つ,巣箱","営巣 building nest
巣立ち leaving nest
空き巣 empty nest
巣くう build(nest);nest
巣立つ leave nest
巣箱 nest box",Guess Vocab related to Keyword,Text
"sorrow","傷心,一喜一憂,哀愁,悲嘆,断腸,憂い","傷心 sorrow
一喜一憂 swinging between joy sorrow
哀愁 sorrow
悲嘆 sorrow
断腸 sorrow
憂い sorrow",Guess Vocab related to Keyword,Text
"summary","即決,抄録,概説,概略,要覧,素描","即決 summary judgment;summary judgement
抄録 summary
概説 rough summary
概略 summary
要覧 summary
素描 summary",Guess Vocab related to Keyword,Text
"agriculture","農事,農芸,農工,農学,農林水産省","農事 agriculture
農芸 agriculture horticulture
農工 agriculture industry
農学 (science)agriculture
農林水産省 Ministry Agriculture,Forestry Fisheries",Guess Vocab related to Keyword,Text
"childhood","幼年時代,幼年,幼時,幼友達,旧家","幼年時代 childhood
幼年 childhood
幼時 childhood
幼友達 childhood friend
旧家 childhood home",Guess Vocab related to Keyword,Text
"cotton","綿糸,綿布,綿棒,綿花,軍手","綿糸 cotton thread;cotton yarn
綿布 cotton cloth;cotton material
綿棒 cotton swab
綿花 cotton wool;raw cotton
軍手 cotton gloves",Guess Vocab related to Keyword,Text
"bud","芽生える,木の芽,芽生え,新芽,芽吹く","芽生える bud
木の芽 leaf bud;bud pepper tree(Xanthoxylum piperitum
芽生え bud
新芽 bud
芽吹く bud",Guess Vocab related to Keyword,Text
"cherry","葉桜,夜桜,八重桜,山桜,桜花","葉桜 cherry tree leaf;cherry tree whose blossoms fal
夜桜 cherry blossoms night
八重桜 double-flowered cherry tree;double cherry blos
山桜 mountain cherry(Cerasus jamasakura)
桜花 cherry blossom",Guess Vocab related to Keyword,Text
"magnificent","壮観,荘厳,雄姿,壮絶,豪邸","壮観 magnificent spectacle
荘厳 magnificent
雄姿 magnificent appearance
壮絶 magnificent
豪邸 magnificent house",Guess Vocab related to Keyword,Text
"slide","修羅,滑り込む,滑り台,滑り出す,滑り降りる","修羅 log slide
滑り込む slide
滑り台 (playground)slide
滑り出す begin slide
滑り降りる slide",Guess Vocab related to Keyword,Text
"splendor","栄華,壮麗,光彩,光輝,華美","栄華 splendor
壮麗 splendor
光彩 splendor
光輝 splendor
華美 splendor",Guess Vocab related to Keyword,Text
"supreme","最高裁判所,国民審査,統帥,総指揮,至福","最高裁判所 Supreme Court
国民審査 national referendum appointment re-appointmen
統帥 supreme command
総指揮 supreme command
至福 supreme bliss",Guess Vocab related to Keyword,Text
"unlucky","厄年,不肖,鬼門,厄,忌まわしい","厄年 year(age 25 42 men,19 33 women)considered unluc
不肖 unlucky
鬼門 northeastern(unlucky)direction
厄 year(age 25 42 men,19 33 women)considered unluck
忌まわしい unlucky",Guess Vocab related to Keyword,Text