Question,Answer,Comment,Instruction,Render as
"且,||かつ||","also, furthermore","",Guess the meaning of the Kunyomi reading,Text
"但,||ただし||","but, however, excepting that","",Guess the meaning of the Kunyomi reading,Text
"坪,||つぼ||","area about 36 square feet","",Guess the meaning of the Kunyomi reading,Text
"垣,||かき||","fence, hedge, wall","",Guess the meaning of the Kunyomi reading,Text
"堀,||ほり||","moat, canal, ditch","",Guess the meaning of the Kunyomi reading,Text
"塚,||つか||","mound, hillock, tumulus","",Guess the meaning of the Kunyomi reading,Text
"岬,||みさき||","cape, spit, promontory","",Guess the meaning of the Kunyomi reading,Text
"据,||すえる,すわる||","set (a table), lay (a foundation), place (a gun), install, equip, appoint (to a position),squat down, sit down, (eyes) are fixed on","",Guess the meaning of the Kunyomi reading,Text
"杉,||すぎ||","cryptomeria, sugi, Japan cedar","",Guess the meaning of the Kunyomi reading,Text
"枠,||わく||","frame, framework, reel, spindle, spool, rim, box (in printing), limit","",Guess the meaning of the Kunyomi reading,Text
"棚,||たな||","shelf, ledge, rack, mount, mantelpiece, trellis, lattice","",Guess the meaning of the Kunyomi reading,Text
"浦,||うら||","creek, inlet, bay, gulf, beach, seacoast","",Guess the meaning of the Kunyomi reading,Text
"漬,||つける,つかる||","soak, moisten, steep, pickle, preserve, add (salt) to,be soaked in, be submerged, be flooded, take a dip, be seasoned","",Guess the meaning of the Kunyomi reading,Text
"畝,||うね||","ridge (in a field), furrow, rib or cord (in cloth)","",Guess the meaning of the Kunyomi reading,Text
"肌,||はだ||","skin, body, grain, texture, disposition","",Guess the meaning of the Kunyomi reading,Text
"虞,||おそれ||","fear, anxiety, concern, uneasiness","",Guess the meaning of the Kunyomi reading,Text
"蚊,||か||","mosquito","",Guess the meaning of the Kunyomi reading,Text
"猿,||さる||","monkey, ape, minic, sly person, door bolt, fastener","Onyomi: エン = monkey",Guess the meaning of the Kunyomi reading,Text
"渦,||うず||","eddy, whirlpool, vortex","Onyomi: カ = eddy, whirlpool, vortex",Guess the meaning of the Kunyomi reading,Text
"靴,||くつ||","shoes, boots","Onyomi: カ = shoes",Guess the meaning of the Kunyomi reading,Text
"稼,||かせぐ||","work, earn money","Onyomi: カ = work, earn money",Guess the meaning of the Kunyomi reading,Text
"懐,||ふところ,なつかしい,なつかしむ,なつく,なつける||","bosom, breast, heart, pocket, purse, dear, longedfor, yearning for, yearn for, miss someone, win over, win another’s heart, become attached to","Onyomi: カイ = heart, feeling",Guess the meaning of the Kunyomi reading,Text
"殻,||から||","husk, hull, nutshell, castoff skin, tofu refuse, corpse, earth's crust","Onyomi: カク = husk, hull, nutshell, castoff skin, tofu refuse, corpse, earth's crust",Guess the meaning of the Kunyomi reading,Text
"渇,||かわく||","be thirsty, feel dry, dry up, be parched","Onyomi: カツ = thirst",Guess the meaning of the Kunyomi reading,Text
"患,||わずらう||","be ill, suffer from, be afficted","Onyomi: カン = disease",Guess the meaning of the Kunyomi reading,Text
"堪,||たえる||","endure, support, withstand, resist, brave, weather, be fit for, be equal to","Onyomi: カン = endure, support, withstand, resist, brave, weather, be fit for, be equal to",Guess the meaning of the Kunyomi reading,Text
"陥,||おちいる,おとしいれる||","fall into, get into, slide into, lapse into, cave in, sink, fall (a fort), ensnare, tempt","Onyomi: カン = fall into, get into, slide into, lapse into, cave in, sink, fall (a fort)",Guess the meaning of the Kunyomi reading,Text
"飢,||うえる||","be hungry, starve","Onyomi: キ = be hungry, starve",Guess the meaning of the Kunyomi reading,Text
"偽,||いつわる,にせ||","lie, falsity, deceive, pretend, cheat, sham, counterfeit, forgery, imitation, false (prophet)","Onyomi: ギ = lie, falsity, deceive, pretend, cheat",Guess the meaning of the Kunyomi reading,Text
"窮,||きわめる,きわまる||","investigate thoroly, carry to extremes, be in a dilemma","Onyomi: キュウ = be destitute, suffer, be perplexed, be cornered",Guess the meaning of the Kunyomi reading,Text
"拒,||こばむ||","refuse, reject, decline, repudiate, resist, oppose, prevent, deny","Onyomi: キョ = refuse, reject, decline, repudiate, resist, oppose, prevent, deny",Guess the meaning of the Kunyomi reading,Text
"暁,||あかつき||","dawn, daybrake, in the event (of)","Onyomi: ギョウ = dawn, daybrake, in the event (of)",Guess the meaning of the Kunyomi reading,Text
"挟,||はさむ,はさまる||","put between, hold between, insert, jam into, nip, interpose, get between, be caught in, be jammed in, be hemmed in, be sandwiched between, be pinned under, lie between","Onyomi: キョウ = put between, hold between, insert, jam into, nip, interpose",Guess the meaning of the Kunyomi reading,Text
"恭,||うやうやしい||","respectful, reverent","Onyomi: キョウ = respectful, reverent",Guess the meaning of the Kunyomi reading,Text
"矯,||ためる||","straighten, correct, reform, cure, control (one's feelings), pretend, falsify, aim","Onyomi: キョウ = straighten, correct, reform, cure, control (one's feelings), pretend, falsify, aim",Guess the meaning of the Kunyomi reading,Text
"謹,||つつしむ||","be discreet, be careful, be prudent, be cautious, restrain oneself, be moderate","Onyomi: キン = be discreet, be careful, be prudent, be cautious, restrain oneself, be moderate",Guess the meaning of the Kunyomi reading,Text
"琴,||こと||","long horizontal Japanese harp, a koto, lyre","Onyomi: キン = harp",Guess the meaning of the Kunyomi reading,Text
"襟,||えり||","neck, neckband, collar, lapel","Onyomi: キン = neck, neckband, collar, lapel",Guess the meaning of the Kunyomi reading,Text
"隅,||すみ||","corner, nook","Onyomi: グウ = corner",Guess the meaning of the Kunyomi reading,Text
"薫,||かおる||","smell, be fragrant","Onyomi: クン = send forth fragrance, be scented, impregnate with",Guess the meaning of the Kunyomi reading,Text
"蛍,||ほたる||","firefly","Onyomi: ケイ = firefly",Guess the meaning of the Kunyomi reading,Text
"茎,||くき||","stem, stalk","Onyomi: ケイ = stem, stalk",Guess the meaning of the Kunyomi reading,Text
"弦,||つる||","bowstring, teakettle handle made of bamboo or vines","Onyomi: ゲン = bowstring, chord (in geometry), hypotenuse, crescent (moon), bowstring, string (of an instrument)",Guess the meaning of the Kunyomi reading,Text
"繭,||まゆ||","cocoon","Onyomi: ケン = cocoon",Guess the meaning of the Kunyomi reading,Text
"懸,||かける,かかる||","hang, set up (a ladder), cover, construct, install, sit down, sprinkle, pour on, put on, ring up, weigh, multiply, levy, pay (in installments), anchor, start (a machine), wind, turn on (radio), s","Onyomi: ケン,ケ = hang, set up (a ladder), cover, construct, install, sit down, sprinkle, pour on, put on, ring up, weigh, multiply, levy, pay (in installments), anchor, start (a machine), wind, turn on (radio), spend on, offer (prizes), put (under treatment), set (on fire)",Guess the meaning of the Kunyomi reading,Text
"嫌,||きらう,いや||","hate, detest, dislike, disagreeable","Onyomi: ケン,ゲン = dislike, hate, be unwilling (to do something),",Guess the meaning of the Kunyomi reading,Text
"溝,||みぞ||","ditch, gutter, drain, groove, slot, gulf, gap","Onyomi: コウ = ditch, gutter, sewer, drain",Guess the meaning of the Kunyomi reading,Text
"江,||え||","inlet, bay","Onyomi: コウ = inlet, bay",Guess the meaning of the Kunyomi reading,Text
"貢,||みつぐ||","support, finance","Onyomi: コウ,ク = tribute",Guess the meaning of the Kunyomi reading,Text
"懇,||ねんごろ||","kind, courteous, hospitable, cordial","Onyomi: コン = kind, courteous, hospitable, cordial",Guess the meaning of the Kunyomi reading,Text
"唆,||そそのかす||","tempt, seduce, instigate, promote","Onyomi: サ = tempt, seduce, instigate, promote",Guess the meaning of the Kunyomi reading,Text
"砕,||くだく,くだける||","break, smash, crush, pulverize, tax (one's ingenuity), explain simply,crumble, be crushed, go to pieces, become familiar","Onyomi: サイ = break, smash, crush, pulverize, tax (one's ingenuity), explain simply",Guess the meaning of the Kunyomi reading,Text
"酢,||す||","vinegar","Onyomi: サク = vinegar",Guess the meaning of the Kunyomi reading,Text
"傘,||かさ||","umbrella, parasol","Onyomi: サン = umbrella, parasol",Guess the meaning of the Kunyomi reading,Text
"賜,||たまわる||","deign to, grant, give, bestow on, honor with","Onyomi: シ = deign to, grant, give, bestow on, honor with",Guess the meaning of the Kunyomi reading,Text
"漆,||うるし||","lacquer, varnish","Onyomi: シツ = lacquer, varnish",Guess the meaning of the Kunyomi reading,Text
"遮,||さえぎる||","interrupt, obstruct, intercept","Onyomi: シャ = interrupt, obstruct, intercept",Guess the meaning of the Kunyomi reading,Text
"蛇,||へび||","snake","Onyomi: ジャ,ダ = snake, serpent, hard drinker",Guess the meaning of the Kunyomi reading,Text
"酌,||くむ||","draw (water), ladle, dip, scoop, pump, consider, sympathize with, drink, think","Onyomi: シャク = serving sake, the server",Guess the meaning of the Kunyomi reading,Text
"充,||あてる||","apply, place, put, hit (the mark), guess, succeed, expose to, sit (on a cushion), assign, allocate, call on (a pupil)","Onyomi: ジュウ = fill",Guess the meaning of the Kunyomi reading,Text
"愁,||うれえる,うれい||","grieve, lament, be anxious,sad, unhappy, gloomy","Onyomi: シュウ = grieve, lament, be anxious",Guess the meaning of the Kunyomi reading,Text
"渋,||しぶ,しぶい,しぶる||","hesitate, be reluctant, have loose painful bowel movements,puckery taste (of persimmons), sobriety, quietness,puckery, astringent, sullen, quiet, sober, tasteful (in dress)","Onyomi: ジュウ = hesitate, be reluctant, have loose painful bowel movements",Guess the meaning of the Kunyomi reading,Text
"汁,||しる||","juice, sap, soup, broth, gravy, pus","Onyomi: ジュウ = juice",Guess the meaning of the Kunyomi reading,Text
"臭,||くさい,におう||","illsmelling, suspiciouslooking,smell, odor, scent, stench, fragrance, aroma, perfume","Onyomi: シュウ = odor, savor, fragrance",Guess the meaning of the Kunyomi reading,Text
"醜,||みにくい||","badlooking, ugly, unsightly, indecent, disgraceful","Onyomi: シュウ = ugliness, uncleanness, shame",Guess the meaning of the Kunyomi reading,Text
"緒,||お||","cord, strap, thong, clog cord, string","Onyomi: ショ,チョ = beginning, inception, end",Guess the meaning of the Kunyomi reading,Text
"升,||ます||","a measuring box","Onyomi: ショウ = 1.8 liter",Guess the meaning of the Kunyomi reading,Text
"醸,||かもす||","brew, cause, give rise to","Onyomi: ジョウ = brew, cause, give rise to",Guess the meaning of the Kunyomi reading,Text
"宵,||よい||","evening, early night hours","Onyomi: ショウ = evening, early night hours",Guess the meaning of the Kunyomi reading,Text
"詔,||みことのり||","imperial edict, decree","Onyomi: ショウ = imperial edict",Guess the meaning of the Kunyomi reading,Text
"償,||つぐなう||","make up for, recompense, redeem (one's faults), compensate for, indemnify, atone for","Onyomi: ショウ = make up for, recompense, redeem (one's faults), compensate for, indemnify, atone for",Guess the meaning of the Kunyomi reading,Text
"刃,||は||","blade, edge","Onyomi: ジン = blade, sword, cutting tool",Guess the meaning of the Kunyomi reading,Text
"甚,||はなはだ,はなはだしい||","very, greatly, exceedingly,extreme, excessive, intense, severe, serious","Onyomi: ジン = exceedingly",Guess the meaning of the Kunyomi reading,Text
"唇,||くちびる||","lip","Onyomi: シン = lip",Guess the meaning of the Kunyomi reading,Text
"津,||つ||","port, harbor, ferry","Onyomi: シン = port, harbor, ferry",Guess the meaning of the Kunyomi reading,Text
"診,||みる||","diagnose, examine","Onyomi: シン = seeing, diagnosing",Guess the meaning of the Kunyomi reading,Text
"逝,||ゆく,いく||","die, pass away","Onyomi: セイ = die, pass away",Guess the meaning of the Kunyomi reading,Text
"誓,||ちかう||","swear, plegde, vow","Onyomi: セイ = swear, plegde, vow",Guess the meaning of the Kunyomi reading,Text
"拙,||つたない||","clumsy, bungling, unskillful","Onyomi: セツ = clumsy, unskillful",Guess the meaning of the Kunyomi reading,Text
"薦,||すすめる||","recommend, advise, encourage, offer (wine)","Onyomi: セン = recommendation, advice, encouragement",Guess the meaning of the Kunyomi reading,Text
"疎,||うとい,うとむ||","neglect, shun, alienate,distant, estranged, disinterested, ignorant of","Onyomi: ソ = rough, sparseness, estrangement",Guess the meaning of the Kunyomi reading,Text
"藻,||も||","duckweed, seaweed","Onyomi: ソウ = duckweed, seaweed",Guess the meaning of the Kunyomi reading,Text
"霜,||しも||","frost","Onyomi: ソウ = frost",Guess the meaning of the Kunyomi reading,Text
"挿,||さす||","insert, put in, graft (a branch), wear (a sword), carry (in the belt)","Onyomi: ソウ = insert, put in, graft (a branch), wear (a sword), carry (in the belt)",Guess the meaning of the Kunyomi reading,Text
"喪,||も||","mourning","Onyomi: ソウ = mourning",Guess the meaning of the Kunyomi reading,Text
"捜,||さがす||","search, look for, locate, glean","Onyomi: ソウ = search, look for, locate, glean",Guess the meaning of the Kunyomi reading,Text
"釣,||つる||","angle, fish, catch, decoy, allure","Onyomi: チョウ = angle, fish, catch, decoy, allure",Guess the meaning of the Kunyomi reading,Text
"挑,||いどむ||","challenge, contend for, make love to","Onyomi: チョウ = challenge, contend for, make love to",Guess the meaning of the Kunyomi reading,Text
"懲,||こりる,こらす,こらしめる||","chastise, punish, discipline,learn by experience, be disgusted with","Onyomi: チョウ = chastise, punish, discipline",Guess the meaning of the Kunyomi reading,Text
"弔,||とむらう||","mourn for, hold a memorial service for, condole","Onyomi: チョウ = mourning",Guess the meaning of the Kunyomi reading,Text
"眺,||ながめる||","watch, look at, see, scrutinize","Onyomi: チョウ = watch, look at, see, scrutinize",Guess the meaning of the Kunyomi reading,Text
"泥,||どろ||","mud, mire, dirt, slush, disgrace","Onyomi: デイ = mud, mire",Guess the meaning of the Kunyomi reading,Text
"洞,||ほら||","cave, den, excavation","Onyomi: ドウ = cavity",Guess the meaning of the Kunyomi reading,Text
"悼,||いたむ||","grieve over","Onyomi: トウ = grieve over",Guess the meaning of the Kunyomi reading,Text
"筒,||つつ||","pipe, tube, case, gun barrel, sleeve, well curb","Onyomi: トウ = pipette, tube",Guess the meaning of the Kunyomi reading,Text
"棟,||むね,むな||","ridge, ridgepole, counter for buildings","Onyomi: トウ = ridge, ridgepole, counter for buildings",Guess the meaning of the Kunyomi reading,Text
"軟,||やわらか,やわらかい||","soft","Onyomi: ナン = soft",Guess the meaning of the Kunyomi reading,Text
"尼,||あま||","nun","Onyomi: ニ = nun",Guess the meaning of the Kunyomi reading,Text
"忍,||しのぶ,しのばせる||","bear, endure, put up with, hide (oneself),conceal, secrete","Onyomi: ニン = bear, endure, put up with, hide (oneself)",Guess the meaning of the Kunyomi reading,Text
"培,||つちかう||","cultivate, foster","Onyomi: バイ = cultivate, foster",Guess the meaning of the Kunyomi reading,Text
"廃,||すたれる,すたる||","become useless, get out of date, die out, be abolished, decline (in prosperity)","Onyomi: ハイ = obsolescence, cessation, discarding",Guess the meaning of the Kunyomi reading,Text
"煩,||わずらう,わずらわす||","be ill, worry, be afflicted, be in pain, be troubled,trouble, keep (someone) busy, disturb, annoy","Onyomi: ハン,ボン = worry, trouble",Guess the meaning of the Kunyomi reading,Text
"扉,||とびら||","door, title page, front page","Onyomi: ヒ = door, title page, front page",Guess the meaning of the Kunyomi reading,Text
"猫,||ねこ||","cat","Onyomi: ビョウ = cat",Guess the meaning of the Kunyomi reading,Text
"侮,||あなどる||","despise, make light of","Onyomi: ブ = despise, make light of",Guess the meaning of the Kunyomi reading,Text
"沸,||わく,わかす||","boil, get hot, ferment, seethe, be in an uproar, gush out, grow, breed, be hatched,heat up (the bath), melt","Onyomi: フツ = boil, get hot, ferment, seethe, be in an uproar, gush out, grow, breed, be hatched",Guess the meaning of the Kunyomi reading,Text
"憤,||いきどおる||","resent, be indignant, become angry","Onyomi: フン = resent, be indignant, become angry",Guess the meaning of the Kunyomi reading,Text
"併,||あわせる||","get together, unite","Onyomi: ヘイ = get together, unite",Guess the meaning of the Kunyomi reading,Text
"偏,||かたよる||","lean, incline, be biased","Onyomi: ヘン = side, left radical of a character, inclining",Guess the meaning of the Kunyomi reading,Text
"泡,||あわ||","bubble, foam, froth, scum, suds","Onyomi: ホウ = bubble, foam, froth, scum, suds",Guess the meaning of the Kunyomi reading,Text
"褒,||ほめる||","praise, commend","Onyomi: ホウ = praise, extol",Guess the meaning of the Kunyomi reading,Text
"紡,||つむぐ||","spin, make yarn","Onyomi: ボウ = spin, make yarn",Guess the meaning of the Kunyomi reading,Text
"麻,||あさ||","flax, hemp, ramie, jute, linen","Onyomi: マ = flax, hemp, ramie, jute, linen",Guess the meaning of the Kunyomi reading,Text
"磨,||みがく||","polish, scour, shine (shoes), brush (teeth), improve (skill), cultivate (character), train (the mind)","Onyomi: マ = polish, scour, shine (shoes), brush (teeth), improve (skill), cultivate (character), train (the mind)",Guess the meaning of the Kunyomi reading,Text
"諭,||さとす||","admonish, charge, remonstrate with, counsel, persuade, warn, make known to","Onyomi: ユ = admonish, charge, remonstrate with, counsel, persuade, warn, make known to",Guess the meaning of the Kunyomi reading,Text
"癒,||いえる,いやす||","heal, cure, quench (thirst), wreak (vengeance),recover, be healed","Onyomi: ユ = heal, cure, quench (thirst), wreak (vengeance)",Guess the meaning of the Kunyomi reading,Text
"窯,||かま||","kiln, oven, furnace, stove","Onyomi: ヨウ = kiln, oven, furnace, stove",Guess the meaning of the Kunyomi reading,Text
"履,||はく||","put on (the feet)","Onyomi: リ = trample on, stamp on, carry through, practice, appraise, set foot on, evade payment, step on",Guess the meaning of the Kunyomi reading,Text
"竜,||たつ||","dragon","Onyomi: リュウ = dragon, imperial",Guess the meaning of the Kunyomi reading,Text
"柳,||やなぎ||","willow","Onyomi: リュウ = willow",Guess the meaning of the Kunyomi reading,Text
"涼,||すずしい,すずむ||","cool oneself, enjoy the evening air,cool, refreshing","Onyomi: リョウ = cool",Guess the meaning of the Kunyomi reading,Text
"戻,||もどす,もどる||","return, turn back, revert to, resume, return to, be returned, go backward,restore, turn back (a clock), reject, vomit","Onyomi: レイ = return, turn back, revert to, resume, return to, be returned, go backward",Guess the meaning of the Kunyomi reading,Text
"鈴,||すず||","bell","Onyomi: レイ,リン = bell, hand bell, buzzer",Guess the meaning of the Kunyomi reading,Text
"賄,||まかなう||","board, supply, finance","Onyomi: ワイ = board, supply, finance",Guess the meaning of the Kunyomi reading,Text
"丙,||ヘイ||","C, third","",Guess the meaning of the Onyomi reading,Text
"亜,||ア||","rank next, come after, Asia, sub, ous (in acids)","",Guess the meaning of the Onyomi reading,Text
"享,||キョウ||","receive, take, get, obtain, accept, catch (a ball), stop (a blow), parry, answer (the phone), undergo (an operation), take (an exam), sustain (a loss), be exposed to (ridicule), face, front on, i","",Guess the meaning of the Onyomi reading,Text
"亭,||テイ||","restaurant, mansion, arbor, cottage, vaudeville, music hall, stage name","",Guess the meaning of the Onyomi reading,Text
"仙,||セン||","hermit, wizard","",Guess the meaning of the Onyomi reading,Text
"伯,||ハク||","count, earl, eldest brother, uncle, chief official","",Guess the meaning of the Onyomi reading,Text
"侯,||コウ||","marquis, load, daimyo","",Guess the meaning of the Onyomi reading,Text
"俊,||シュン||","excellence, genius","",Guess the meaning of the Onyomi reading,Text
"俸,||ホウ||","salary","",Guess the meaning of the Onyomi reading,Text
"倫,||リン||","companion","",Guess the meaning of the Onyomi reading,Text
"偵,||テイ||","spy","",Guess the meaning of the Onyomi reading,Text
"傑,||ケツ||","excellent","",Guess the meaning of the Onyomi reading,Text
"僕,||ボク||","manservant, I (used by male speakers)","",Guess the meaning of the Onyomi reading,Text
"僚,||リョウ||","official, companion","",Guess the meaning of the Onyomi reading,Text
"儒,||ジュ||","Confucianism, Confucianist, Chinese scholar","",Guess the meaning of the Onyomi reading,Text
"准,||ジュン||","quasi, semi, associate","",Guess the meaning of the Onyomi reading,Text
"凸,||トツ||","projecting, beetle brow","",Guess the meaning of the Onyomi reading,Text
"凹,||オウ||","hollow, sunken","",Guess the meaning of the Onyomi reading,Text
"剖,||ボウ||","divide","",Guess the meaning of the Onyomi reading,Text
"剛,||ゴウ||","strength","",Guess the meaning of the Onyomi reading,Text
"剰,||ジョウ||","besides","",Guess the meaning of the Onyomi reading,Text
"劾,||ガイ||","criminal investigation","",Guess the meaning of the Onyomi reading,Text
"勅,||チョク||","imperial decree","",Guess the meaning of the Onyomi reading,Text
"勲,||クン||","merit, order of merit","",Guess the meaning of the Onyomi reading,Text
"厄,||ヤク||","misfortune, bad luck, evil, disaster","",Guess the meaning of the Onyomi reading,Text
"叔,||シュク||","uncle, youth","",Guess the meaning of the Onyomi reading,Text
"叙,||ジョ||","relate, narrate, describe, write, confer (a rank), write a preface","",Guess the meaning of the Onyomi reading,Text
"吟,||ギン||","singing, recital, song, poem","",Guess the meaning of the Onyomi reading,Text
"呈,||テイ||","offer, present, send (a letter),  exhibit, develop (symptoms), assume (airs)","",Guess the meaning of the Onyomi reading,Text
"呉,||ゴ||","give, do (something) for","",Guess the meaning of the Onyomi reading,Text
"唯,||ユイ,イ||","only, merely, solely, simply","",Guess the meaning of the Onyomi reading,Text
"喝,||カツ||","scold, get hoarse","",Guess the meaning of the Onyomi reading,Text
"嗣,||シ||","heir","",Guess the meaning of the Onyomi reading,Text
"嚇,||カク||","threaten, frighten, intimidate","",Guess the meaning of the Onyomi reading,Text
"囚,||シュウ||","criminal, arrest","",Guess the meaning of the Onyomi reading,Text
"壮,||ソウ||","manhood, prosperity","",Guess the meaning of the Onyomi reading,Text
"堕,||ダ||","descend to, lapse into, degenerate","",Guess the meaning of the Onyomi reading,Text
"塀,||ヘイ||","wall, fence","",Guess the meaning of the Onyomi reading,Text
"塁,||ルイ||","fort, rampart, walls, base (in baseball)","",Guess the meaning of the Onyomi reading,Text
"塑,||ソ||","modeling, molding","",Guess the meaning of the Onyomi reading,Text
"塾,||ジュク||","private school, boarding school, gate house","",Guess the meaning of the Onyomi reading,Text
"壌,||ジョウ||","earth, soil","",Guess the meaning of the Onyomi reading,Text
"奔,||ホン||","run","",Guess the meaning of the Onyomi reading,Text
"奨,||ショウ||","urge, encourage","",Guess the meaning of the Onyomi reading,Text
"妃,||ヒ||","queen, princess","",Guess the meaning of the Onyomi reading,Text
"妄,||モウ,ボウ||","without authority, without reason, arbitrarily, unnecessarily, indiscriminately, recklessly","",Guess the meaning of the Onyomi reading,Text
"妊,||ニン||","become pregnant, be pregnant, be filled with","",Guess the meaning of the Onyomi reading,Text
"妥,||ダ||","peace, depravity","",Guess the meaning of the Onyomi reading,Text
"姻,||イン||","marry","",Guess the meaning of the Onyomi reading,Text
"娠,||シン||","pregnancy","",Guess the meaning of the Onyomi reading,Text
"媒,||バイ||","gobetween","",Guess the meaning of the Onyomi reading,Text
"嫡,||チャク||","legitimacy, legitimate child, legitimate wife, direct descent","",Guess the meaning of the Onyomi reading,Text
"宜,||ギ||","good, goodnatured, pleasing, precious, noble, lovely, beautiful, fine, lucky, efficacious, right, suitable, justifiable, appropriate, satisfactory, better, all right, unnecessary, no objection, i","",Guess the meaning of the Onyomi reading,Text
"宰,||サイ||","manager, rule","",Guess the meaning of the Onyomi reading,Text
"寛,||カン||","leniency, generosity","",Guess the meaning of the Onyomi reading,Text
"寡,||カ||","minority, few, minimum, widow,","",Guess the meaning of the Onyomi reading,Text
"寧,||ネイ||","preferably","",Guess the meaning of the Onyomi reading,Text
"寮,||リョウ||","hostel, dormitory, villa, tea pavilion","",Guess the meaning of the Onyomi reading,Text
"尉,||イ||","jailer, old man, rank, company officer","",Guess the meaning of the Onyomi reading,Text
"尚,||ショウ||","further, furthermore, still, still more, yet, just like","",Guess the meaning of the Onyomi reading,Text
"屯,||トン||","police station, camp","",Guess the meaning of the Onyomi reading,Text
"崇,||スウ||","high","",Guess the meaning of the Onyomi reading,Text
"帥,||スイ||","leading (troops)","",Guess the meaning of the Onyomi reading,Text
"幣,||ヘイ||","Shinto zigzag paper offerings, bad habit, humble prefix, gift","",Guess the meaning of the Onyomi reading,Text
"庸,||ヨウ||","ordinary, tax paid in labor, employment","",Guess the meaning of the Onyomi reading,Text
"廷,||テイ||","imperial court, government office","",Guess the meaning of the Onyomi reading,Text
"弊,||ヘイ||","evil, abuse, vice, bad custom, breakage, our (humble), Shinto zigzag paper offering, tribute","",Guess the meaning of the Onyomi reading,Text
"彰,||ショウ||","clear","",Guess the meaning of the Onyomi reading,Text
"循,||ジュン||","follow","",Guess the meaning of the Onyomi reading,Text
"徹,||テツ||","clear","",Guess the meaning of the Onyomi reading,Text
"悠,||ユウ||","distant, longtime, leisure","",Guess the meaning of the Onyomi reading,Text
"惰,||ダ||","laziness","",Guess the meaning of the Onyomi reading,Text
"愉,||ユ||","rejoice","",Guess the meaning of the Onyomi reading,Text
"慶,||ケイ||","congratulate","",Guess the meaning of the Onyomi reading,Text
"憾,||カン||","regret, be sorry for","",Guess the meaning of the Onyomi reading,Text
"扶,||フ||","help, save, rescue, give relief to, spare (life), reinforce, promote, abet","",Guess the meaning of the Onyomi reading,Text
"抄,||ショウ||","selection, summary, one tenth of a shaku(勺)","",Guess the meaning of the Onyomi reading,Text
"把,||ハ||","bundle, bunch, sheaf, coil","",Guess the meaning of the Onyomi reading,Text
"披,||ヒ||","open","",Guess the meaning of the Onyomi reading,Text
"抹,||マツ||","paint, erase, rub","",Guess the meaning of the Onyomi reading,Text
"拐,||カイ||","falsify, kidnap","",Guess the meaning of the Onyomi reading,Text
"括,||カツ||","tie up, hang (someone), arrest, fasten","",Guess the meaning of the Onyomi reading,Text
"拷,||ゴウ||","beat, torture","",Guess the meaning of the Onyomi reading,Text
"搭,||トウ||","load (a vehicle), ride","",Guess the meaning of the Onyomi reading,Text
"摩,||マ||","rub, rub off, polish, grind, graze, scrape, be equal to, be about to reach","",Guess the meaning of the Onyomi reading,Text
"撤,||テツ||","withdraw, disarm (a ship), dismantle (a fort), remove, reject, exclude","",Guess the meaning of the Onyomi reading,Text
"撲,||ボク||","strike, hit, beat, knock, slap, punch, thrash, smite, clap (one's hands), beat (a drum), ring (a bell), (clocks) strike, impress, touch, shoot, pound in (a nail), water, sprinkle, braid, play (ch","",Guess the meaning of the Onyomi reading,Text
"擬,||ギ||","aim (a gun) at, nominate for office, imitate, mimic, compare","",Guess the meaning of the Onyomi reading,Text
"斉,||セイ||","equal, similar","",Guess the meaning of the Onyomi reading,Text
"斎,||サイ||","Buddhist food, room","",Guess the meaning of the Onyomi reading,Text
"旋,||セン||","go around","",Guess the meaning of the Onyomi reading,Text
"昆,||コン||","descendants, elder brother","",Guess the meaning of the Onyomi reading,Text
"曹,||ソウ||","friend","",Guess the meaning of the Onyomi reading,Text
"朕,||チン||","imperial we","",Guess the meaning of the Onyomi reading,Text
"朴,||ボク||","simple, plain, docile","",Guess the meaning of the Onyomi reading,Text
"析,||セキ||","divide, tear, analyze","",Guess the meaning of the Onyomi reading,Text
"枢,||スウ||","pivot, door","",Guess the meaning of the Onyomi reading,Text
"栓,||セン||","bolt, stopper, cork, plug, ear plug, bung, faucet, peg","",Guess the meaning of the Onyomi reading,Text
"核,||カク||","nucleus, core, seed, kernel","",Guess the meaning of the Onyomi reading,Text
"栽,||サイ||","planting","",Guess the meaning of the Onyomi reading,Text
"桟,||サン||","crosspiece, cleat, frame, door bolt, shelf, jetty, suspension bridge","",Guess the meaning of the Onyomi reading,Text
"棺,||カン||","casket, coffin","",Guess the meaning of the Onyomi reading,Text
"槽,||ソウ||","tub, tank, vat","",Guess the meaning of the Onyomi reading,Text
"款,||カン||","article, section, goodwill, friendship, collusion","",Guess the meaning of the Onyomi reading,Text
"殉,||ジュン||","die a martyr, follow (someone) by committing suicide, follow in resigning","",Guess the meaning of the Onyomi reading,Text
"泰,||タイ||","calm ,peace, easy, large, wide","",Guess the meaning of the Onyomi reading,Text
"洪,||コウ||","flood, vast","",Guess the meaning of the Onyomi reading,Text
"浄,||ジョウ||","clean, clear, pure, innocent, noble","",Guess the meaning of the Onyomi reading,Text
"渉,||ショウ||","cross, ford, ferry, be imported, change hands, make one's way through life, sweep across, migrate, be provided","",Guess the meaning of the Onyomi reading,Text
"涯,||ガイ||","shore","",Guess the meaning of the Onyomi reading,Text
"淑,||シュク||","graceful, polite, gentle, pure","",Guess the meaning of the Onyomi reading,Text
"渓,||ケイ||","valley","",Guess the meaning of the Onyomi reading,Text
"漠,||バク||","vague, obscure, deserd, wide","",Guess the meaning of the Onyomi reading,Text
"漸,||ゼン||","gradually advancing","",Guess the meaning of the Onyomi reading,Text
"濯,||タク||","wash, pour on, rinse","",Guess the meaning of the Onyomi reading,Text
"庶,||ショ||","all, illegitimate child","",Guess the meaning of the Onyomi reading,Text
"爵,||シャク||","peerage, court rank","",Guess the meaning of the Onyomi reading,Text
"献,||ケン,コン||","counter for drinks","",Guess the meaning of the Onyomi reading,Text
"猶,||ユウ||","further, furthermore, still, still more, yet, just like","",Guess the meaning of the Onyomi reading,Text
"珠,||シュ||","gem, jewel","",Guess the meaning of the Onyomi reading,Text
"璽,||ジ||","emperor's seal","",Guess the meaning of the Onyomi reading,Text
"瓶,||ビン||","bottle, vial, jar, flask","",Guess the meaning of the Onyomi reading,Text
"疫,||エキ,ヤク||","epidemic","",Guess the meaning of the Onyomi reading,Text
"症,||ショウ||","illness, condition of a patient, nature of a disease, symptoms","",Guess the meaning of the Onyomi reading,Text
"痢,||リ||","diarrhea","",Guess the meaning of the Onyomi reading,Text
"痴,||チ||","foolish","",Guess the meaning of the Onyomi reading,Text
"盲,||モウ||","blindness","",Guess the meaning of the Onyomi reading,Text
"睡,||スイ||","sleep, die","",Guess the meaning of the Onyomi reading,Text
"督,||トク||","command, lead, supervise, urge","",Guess the meaning of the Onyomi reading,Text
"硫,||リュウ||","sulphur","",Guess the meaning of the Onyomi reading,Text
"硝,||ショウ||","saltpeter","",Guess the meaning of the Onyomi reading,Text
"碁,||ゴ||","Japanese checkers","",Guess the meaning of the Onyomi reading,Text
"礁,||ショウ||","sunken rock","",Guess the meaning of the Onyomi reading,Text
"祥,||ショウ||","happiness","",Guess the meaning of the Onyomi reading,Text
"禅,||ゼン||","silent meditation, Buddhist sect originating in the twelfth century","",Guess the meaning of the Onyomi reading,Text
"禍,||カ||","calamity, misfortune","",Guess the meaning of the Onyomi reading,Text
"租,||ソ||","crop tax, borrowing","",Guess the meaning of the Onyomi reading,Text
"秩,||チツ||","salary, order","",Guess the meaning of the Onyomi reading,Text
"窃,||セツ||","steal","",Guess the meaning of the Onyomi reading,Text
"粧,||ショウ||","adorn (one's person)","",Guess the meaning of the Onyomi reading,Text
"糾,||キュウ||","ask, demand, question, investigate, ascertain, verify","",Guess the meaning of the Onyomi reading,Text
"索,||サク||","rope, cord","",Guess the meaning of the Onyomi reading,Text
"累,||ルイ||","involvement, trouble, tie up, pile up, continually","",Guess the meaning of the Onyomi reading,Text
"紳,||シン||","good belt, gentleman","",Guess the meaning of the Onyomi reading,Text
"繊,||セン||","fine, slender, thin kimono","",Guess the meaning of the Onyomi reading,Text
"缶,||カン||","can","",Guess the meaning of the Onyomi reading,Text
"罷,||ヒ||","end, stop, cease, subside, calm down, pass, die out, be extinguished, leave, go off, be abandoned","",Guess the meaning of the Onyomi reading,Text
"羅,||ラ||","silk gauze, thin silk","",Guess the meaning of the Onyomi reading,Text
"翁,||オウ||","old man, venerable","",Guess the meaning of the Onyomi reading,Text
"耗,||モウ,コウ||","decrease","",Guess the meaning of the Onyomi reading,Text
"粛,||シュク||","quietly, softly, solemnly","",Guess the meaning of the Onyomi reading,Text
"肖,||ショウ||","resemble","",Guess the meaning of the Onyomi reading,Text
"肢,||シ||","limbs, arms and legs","",Guess the meaning of the Onyomi reading,Text
"肯,||コウ||","agree to, consent, comply with, undertake","",Guess the meaning of the Onyomi reading,Text
"舶,||ハク||","ship","",Guess the meaning of the Onyomi reading,Text
"艇,||テイ||","small boat","",Guess the meaning of the Onyomi reading,Text
"艦,||カン||","warship","",Guess the meaning of the Onyomi reading,Text
"荘,||ソウ||","villa, inn","",Guess the meaning of the Onyomi reading,Text
"菌,||キン||","fungus, germ, bacteria","",Guess the meaning of the Onyomi reading,Text
"虜,||リョ||","captive, barbarian, low epithet for the enemy","",Guess the meaning of the Onyomi reading,Text
"衡,||コウ||","measuring rod, scales","",Guess the meaning of the Onyomi reading,Text
"衷,||チュウ||","heart, mind, inside","",Guess the meaning of the Onyomi reading,Text
"裕,||ユウ||","abundant, rich, fruitful, fertile","",Guess the meaning of the Onyomi reading,Text
"褐,||カツ||","woolen kimono","",Guess the meaning of the Onyomi reading,Text
"覇,||ハ||","supremacy, leadership, domination, hegemony, supreme ruler, champion","",Guess the meaning of the Onyomi reading,Text
"訟,||ショウ||","accuse","",Guess the meaning of the Onyomi reading,Text
"詐,||サ||","lie, falsify, deceive, pretend, deceive, cheat","",Guess the meaning of the Onyomi reading,Text
"謁,||エツ||","audience (with a ruler)","",Guess the meaning of the Onyomi reading,Text
"謄,||トウ||","copy","",Guess the meaning of the Onyomi reading,Text
"謙,||ケン||","humble oneself, condescend, be modest","",Guess the meaning of the Onyomi reading,Text
"譜,||フ||","music, note, staff, score, album, record, table, genealogy","",Guess the meaning of the Onyomi reading,Text
"貞,||テイ||","chastity, constancy, righteousness","",Guess the meaning of the Onyomi reading,Text
"賓,||ヒン||","guest","",Guess the meaning of the Onyomi reading,Text
"賠,||バイ||","indemnify","",Guess the meaning of the Onyomi reading,Text
"購,||コウ||","buy","",Guess the meaning of the Onyomi reading,Text
"践,||セン||","step on, trample on, stamp on, carry through, practice, appraise, set foot on, evade payment","",Guess the meaning of the Onyomi reading,Text
"轄,||カツ||","wedge","",Guess the meaning of the Onyomi reading,Text
"迅,||ジン||","fast","",Guess the meaning of the Onyomi reading,Text
"迭,||テツ||","alternation","",Guess the meaning of the Onyomi reading,Text
"逐,||チク||","drive away, chase, drive (cattle), follow, pursue (pleasure)","",Guess the meaning of the Onyomi reading,Text
"逓,||テイ||","in turn, sending (parcels) in feudal times","",Guess the meaning of the Onyomi reading,Text
"逸,||イツ||","idleness, leisure","",Guess the meaning of the Onyomi reading,Text
"遍,||ヘン||","times","",Guess the meaning of the Onyomi reading,Text
"遷,||セン||","move, change, shift, pass into, drift, soak in, be infected, catch (a cold), catch fire, spread","",Guess the meaning of the Onyomi reading,Text
"還,||カン||","return, take one's leave, come again, come around (time)","",Guess the meaning of the Onyomi reading,Text
"邸,||テイ||","mansion, residence","",Guess the meaning of the Onyomi reading,Text
"酪,||ラク||","whey, broth, fruit juice","",Guess the meaning of the Onyomi reading,Text
"酬,||シュウ||","reward, retribution","",Guess the meaning of the Onyomi reading,Text
"酷,||コク||","severity, cruelty","",Guess the meaning of the Onyomi reading,Text
"鉢,||ハチ,ハツ||","bowl, rice tub, pot, crown, brainpan","",Guess the meaning of the Onyomi reading,Text
"銃,||ジュウ||","gun, arms","",Guess the meaning of the Onyomi reading,Text
"銘,||メイ||","inscription, signature (of an artisan), precept, motto","",Guess the meaning of the Onyomi reading,Text
"閑,||カン||","leisure","",Guess the meaning of the Onyomi reading,Text
"閥,||バツ||","lineage, pedigree, clique, faction, clan","",Guess the meaning of the Onyomi reading,Text
"附,||フ||","give to, submit to, refer to, affix, attach, append","",Guess the meaning of the Onyomi reading,Text
"雰,||フン||","fog","",Guess the meaning of the Onyomi reading,Text
"韻,||イン||","rhyme, elegance, tone","",Guess the meaning of the Onyomi reading,Text
"頑,||ガン||","stubborn, foolish","",Guess the meaning of the Onyomi reading,Text
"頒,||ハン||","divide, separate, share with, distinguish between","",Guess the meaning of the Onyomi reading,Text
"頻,||ヒン||","repeat, occur repeatedly","",Guess the meaning of the Onyomi reading,Text
"顕,||ケン||","appear, emerge, come in sight, show up, be revealed, be discovered, be mentioned, become famous","",Guess the meaning of the Onyomi reading,Text
"駄,||ダ||","horse load, pack horse, sending by horses","",Guess the meaning of the Onyomi reading,Text
"騰,||トウ||","rising, price rise","",Guess the meaning of the Onyomi reading,Text
"融,||ユウ||","dissolve, melt","",Guess the meaning of the Onyomi reading,Text
"暁,||ギョウ||","dawn, daybrake, in the event (of)","Kunyomi: あかつき = dawn, daybrake, in the event (of)",Guess the meaning of the Onyomi reading,Text
"麻,||マ||","flax, hemp, ramie, jute, linen","Kunyomi: あさ = flax, hemp, ramie, jute, linen",Guess the meaning of the Onyomi reading,Text
"充,||ジュウ||","fill","Kunyomi: あてる = apply, place, put, hit (the mark), guess, succeed, expose to, sit (on a cushion), assign, allocate, call on (a pupil)",Guess the meaning of the Onyomi reading,Text
"侮,||ブ||","despise, make light of","Kunyomi: あなどる = despise, make light of",Guess the meaning of the Onyomi reading,Text
"尼,||ニ||","nun","Kunyomi: あま = nun",Guess the meaning of the Onyomi reading,Text
"泡,||ホウ||","bubble, foam, froth, scum, suds","Kunyomi: あわ = bubble, foam, froth, scum, suds",Guess the meaning of the Onyomi reading,Text
"併,||ヘイ||","get together, unite","Kunyomi: あわせる = get together, unite",Guess the meaning of the Onyomi reading,Text
"癒,||ユ||","heal, cure, quench (thirst), wreak (vengeance)","Kunyomi: いえる,いやす = heal, cure, quench (thirst), wreak (vengeance),recover, be healed",Guess the meaning of the Onyomi reading,Text
"憤,||フン||","resent, be indignant, become angry","Kunyomi: いきどおる = resent, be indignant, become angry",Guess the meaning of the Onyomi reading,Text
"悼,||トウ||","grieve over","Kunyomi: いたむ = grieve over",Guess the meaning of the Onyomi reading,Text
"偽,||ギ||","lie, falsity, deceive, pretend, cheat","Kunyomi: いつわる,にせ = lie, falsity, deceive, pretend, cheat, sham, counterfeit, forgery, imitation, false (prophet)",Guess the meaning of the Onyomi reading,Text
"挑,||チョウ||","challenge, contend for, make love to","Kunyomi: いどむ = challenge, contend for, make love to",Guess the meaning of the Onyomi reading,Text
"飢,||キ||","be hungry, starve","Kunyomi: うえる = be hungry, starve",Guess the meaning of the Onyomi reading,Text
"渦,||カ||","eddy, whirlpool, vortex","Kunyomi: うず = eddy, whirlpool, vortex",Guess the meaning of the Onyomi reading,Text
"疎,||ソ||","rough, sparseness, estrangement","Kunyomi: うとい,うとむ = neglect, shun, alienate,distant, estranged, disinterested, ignorant of",Guess the meaning of the Onyomi reading,Text
"恭,||キョウ||","respectful, reverent","Kunyomi: うやうやしい = respectful, reverent",Guess the meaning of the Onyomi reading,Text
"漆,||シツ||","lacquer, varnish","Kunyomi: うるし = lacquer, varnish",Guess the meaning of the Onyomi reading,Text
"愁,||シュウ||","grieve, lament, be anxious","Kunyomi: うれえる,うれい = grieve, lament, be anxious,sad, unhappy, gloomy",Guess the meaning of the Onyomi reading,Text
"江,||コウ||","inlet, bay","Kunyomi: え = inlet, bay",Guess the meaning of the Onyomi reading,Text
"襟,||キン||","neck, neckband, collar, lapel","Kunyomi: えり = neck, neckband, collar, lapel",Guess the meaning of the Onyomi reading,Text
"緒,||ショ,チョ||","beginning, inception, end","Kunyomi: お = cord, strap, thong, clog cord, string",Guess the meaning of the Onyomi reading,Text
"陥,||カン||","fall into, get into, slide into, lapse into, cave in, sink, fall (a fort)","Kunyomi: おちいる,おとしいれる = fall into, get into, slide into, lapse into, cave in, sink, fall (a fort), ensnare, tempt",Guess the meaning of the Onyomi reading,Text
"薫,||クン||","send forth fragrance, be scented, impregnate with","Kunyomi: かおる = smell, be fragrant",Guess the meaning of the Onyomi reading,Text
"懸,||ケン,ケ||","hang, set up (a ladder), cover, construct, install, sit down, sprinkle, pour on, put on, ring up, weigh, multiply, levy, pay (in installments), anchor, start (a machine), wind, turn on (radio), s","Kunyomi: かける,かかる = hang, set up (a ladder), cover, construct, install, sit down, sprinkle, pour on, put on, ring up, weigh, multiply, levy, pay (in installments), anchor, start (a machine), wind, turn on (radio), spend on, offer (prizes), put (under treatment), set (on fire),hang on, be suspended from, be caught, be trapped, be built, begin, arrive at, require, cost, play against, oppose, be splashed, weigh (a pound), be levied, (the instrument or tool) works, attack, fall on, is now showing at, consult, depend (on a son)",Guess the meaning of the Onyomi reading,Text
"傘,||サン||","umbrella, parasol","Kunyomi: かさ = umbrella, parasol",Guess the meaning of the Onyomi reading,Text
"稼,||カ||","work, earn money","Kunyomi: かせぐ = work, earn money",Guess the meaning of the Onyomi reading,Text
"偏,||ヘン||","side, left radical of a character, inclining","Kunyomi: かたよる = lean, incline, be biased",Guess the meaning of the Onyomi reading,Text
"窯,||ヨウ||","kiln, oven, furnace, stove","Kunyomi: かま = kiln, oven, furnace, stove",Guess the meaning of the Onyomi reading,Text
"醸,||ジョウ||","brew, cause, give rise to","Kunyomi: かもす = brew, cause, give rise to",Guess the meaning of the Onyomi reading,Text
"殻,||カク||","husk, hull, nutshell, castoff skin, tofu refuse, corpse, earth's crust","Kunyomi: から = husk, hull, nutshell, castoff skin, tofu refuse, corpse, earth's crust",Guess the meaning of the Onyomi reading,Text
"渇,||カツ||","thirst","Kunyomi: かわく = be thirsty, feel dry, dry up, be parched",Guess the meaning of the Onyomi reading,Text
"嫌,||ケン,ゲン||","dislike, hate, be unwilling (to do something),","Kunyomi: きらう,いや = hate, detest, dislike, disagreeable",Guess the meaning of the Onyomi reading,Text
"窮,||キュウ||","be destitute, suffer, be perplexed, be cornered","Kunyomi: きわめる,きわまる = investigate thoroly, carry to extremes, be in a dilemma",Guess the meaning of the Onyomi reading,Text
"茎,||ケイ||","stem, stalk","Kunyomi: くき = stem, stalk",Guess the meaning of the Onyomi reading,Text
"臭,||シュウ||","odor, savor, fragrance","Kunyomi: くさい,におう = illsmelling, suspiciouslooking,smell, odor, scent, stench, fragrance, aroma, perfume",Guess the meaning of the Onyomi reading,Text
"砕,||サイ||","break, smash, crush, pulverize, tax (one's ingenuity), explain simply","Kunyomi: くだく,くだける = break, smash, crush, pulverize, tax (one's ingenuity), explain simply,crumble, be crushed, go to pieces, become familiar",Guess the meaning of the Onyomi reading,Text
"唇,||シン||","lip","Kunyomi: くちびる = lip",Guess the meaning of the Onyomi reading,Text
"靴,||カ||","shoes","Kunyomi: くつ = shoes, boots",Guess the meaning of the Onyomi reading,Text
"酌,||シャク||","serving sake, the server","Kunyomi: くむ = draw (water), ladle, dip, scoop, pump, consider, sympathize with, drink, think",Guess the meaning of the Onyomi reading,Text
"琴,||キン||","harp","Kunyomi: こと = long horizontal Japanese harp, a koto, lyre",Guess the meaning of the Onyomi reading,Text
"拒,||キョ||","refuse, reject, decline, repudiate, resist, oppose, prevent, deny","Kunyomi: こばむ = refuse, reject, decline, repudiate, resist, oppose, prevent, deny",Guess the meaning of the Onyomi reading,Text
"懲,||チョウ||","chastise, punish, discipline","Kunyomi: こりる,こらす,こらしめる = chastise, punish, discipline,learn by experience, be disgusted with",Guess the meaning of the Onyomi reading,Text
"遮,||シャ||","interrupt, obstruct, intercept","Kunyomi: さえぎる = interrupt, obstruct, intercept",Guess the meaning of the Onyomi reading,Text
"捜,||ソウ||","search, look for, locate, glean","Kunyomi: さがす = search, look for, locate, glean",Guess the meaning of the Onyomi reading,Text
"挿,||ソウ||","insert, put in, graft (a branch), wear (a sword), carry (in the belt)","Kunyomi: さす = insert, put in, graft (a branch), wear (a sword), carry (in the belt)",Guess the meaning of the Onyomi reading,Text
"諭,||ユ||","admonish, charge, remonstrate with, counsel, persuade, warn, make known to","Kunyomi: さとす = admonish, charge, remonstrate with, counsel, persuade, warn, make known to",Guess the meaning of the Onyomi reading,Text
"猿,||エン||","monkey","Kunyomi: さる = monkey, ape, minic, sly person, door bolt, fastener",Guess the meaning of the Onyomi reading,Text
"忍,||ニン||","bear, endure, put up with, hide (oneself)","Kunyomi: しのぶ,しのばせる = bear, endure, put up with, hide (oneself),conceal, secrete",Guess the meaning of the Onyomi reading,Text
"渋,||ジュウ||","hesitate, be reluctant, have loose painful bowel movements","Kunyomi: しぶ,しぶい,しぶる = hesitate, be reluctant, have loose painful bowel movements,puckery taste (of persimmons), sobriety, quietness,puckery, astringent, sullen, quiet, sober, tasteful (in dress)",Guess the meaning of the Onyomi reading,Text
"霜,||ソウ||","frost","Kunyomi: しも = frost",Guess the meaning of the Onyomi reading,Text
"汁,||ジュウ||","juice","Kunyomi: しる = juice, sap, soup, broth, gravy, pus",Guess the meaning of the Onyomi reading,Text
"酢,||サク||","vinegar","Kunyomi: す = vinegar",Guess the meaning of the Onyomi reading,Text
"鈴,||レイ,リン||","bell, hand bell, buzzer","Kunyomi: すず = bell",Guess the meaning of the Onyomi reading,Text
"涼,||リョウ||","cool","Kunyomi: すずしい,すずむ = cool oneself, enjoy the evening air,cool, refreshing",Guess the meaning of the Onyomi reading,Text
"薦,||セン||","recommendation, advice, encouragement","Kunyomi: すすめる = recommend, advise, encourage, offer (wine)",Guess the meaning of the Onyomi reading,Text
"廃,||ハイ||","obsolescence, cessation, discarding","Kunyomi: すたれる,すたる = become useless, get out of date, die out, be abolished, decline (in prosperity)",Guess the meaning of the Onyomi reading,Text
"隅,||グウ||","corner","Kunyomi: すみ = corner, nook",Guess the meaning of the Onyomi reading,Text
"唆,||サ||","tempt, seduce, instigate, promote","Kunyomi: そそのかす = tempt, seduce, instigate, promote",Guess the meaning of the Onyomi reading,Text
"堪,||カン||","endure, support, withstand, resist, brave, weather, be fit for, be equal to","Kunyomi: たえる = endure, support, withstand, resist, brave, weather, be fit for, be equal to",Guess the meaning of the Onyomi reading,Text
"竜,||リュウ||","dragon, imperial","Kunyomi: たつ = dragon",Guess the meaning of the Onyomi reading,Text
"賜,||シ||","deign to, grant, give, bestow on, honor with","Kunyomi: たまわる = deign to, grant, give, bestow on, honor with",Guess the meaning of the Onyomi reading,Text
"矯,||キョウ||","straighten, correct, reform, cure, control (one's feelings), pretend, falsify, aim","Kunyomi: ためる = straighten, correct, reform, cure, control (one's feelings), pretend, falsify, aim",Guess the meaning of the Onyomi reading,Text
"誓,||セイ||","swear, plegde, vow","Kunyomi: ちかう = swear, plegde, vow",Guess the meaning of the Onyomi reading,Text
"津,||シン||","port, harbor, ferry","Kunyomi: つ = port, harbor, ferry",Guess the meaning of the Onyomi reading,Text
"償,||ショウ||","make up for, recompense, redeem (one's faults), compensate for, indemnify, atone for","Kunyomi: つぐなう = make up for, recompense, redeem (one's faults), compensate for, indemnify, atone for",Guess the meaning of the Onyomi reading,Text
"拙,||セツ||","clumsy, unskillful","Kunyomi: つたない = clumsy, bungling, unskillful",Guess the meaning of the Onyomi reading,Text
"培,||バイ||","cultivate, foster","Kunyomi: つちかう = cultivate, foster",Guess the meaning of the Onyomi reading,Text
"筒,||トウ||","pipette, tube","Kunyomi: つつ = pipe, tube, case, gun barrel, sleeve, well curb",Guess the meaning of the Onyomi reading,Text
"謹,||キン||","be discreet, be careful, be prudent, be cautious, restrain oneself, be moderate","Kunyomi: つつしむ = be discreet, be careful, be prudent, be cautious, restrain oneself, be moderate",Guess the meaning of the Onyomi reading,Text
"紡,||ボウ||","spin, make yarn","Kunyomi: つむぐ = spin, make yarn",Guess the meaning of the Onyomi reading,Text
"釣,||チョウ||","angle, fish, catch, decoy, allure","Kunyomi: つる = angle, fish, catch, decoy, allure",Guess the meaning of the Onyomi reading,Text
"弦,||ゲン||","bowstring, chord (in geometry), hypotenuse, crescent (moon), bowstring, string (of an instrument)","Kunyomi: つる = bowstring, teakettle handle made of bamboo or vines",Guess the meaning of the Onyomi reading,Text
"扉,||ヒ||","door, title page, front page","Kunyomi: とびら = door, title page, front page",Guess the meaning of the Onyomi reading,Text
"弔,||チョウ||","mourning","Kunyomi: とむらう = mourn for, hold a memorial service for, condole",Guess the meaning of the Onyomi reading,Text
"泥,||デイ||","mud, mire","Kunyomi: どろ = mud, mire, dirt, slush, disgrace",Guess the meaning of the Onyomi reading,Text
"眺,||チョウ||","watch, look at, see, scrutinize","Kunyomi: ながめる = watch, look at, see, scrutinize",Guess the meaning of the Onyomi reading,Text
"猫,||ビョウ||","cat","Kunyomi: ねこ = cat",Guess the meaning of the Onyomi reading,Text
"懇,||コン||","kind, courteous, hospitable, cordial","Kunyomi: ねんごろ = kind, courteous, hospitable, cordial",Guess the meaning of the Onyomi reading,Text
"刃,||ジン||","blade, sword, cutting tool","Kunyomi: は = blade, edge",Guess the meaning of the Onyomi reading,Text
"履,||リ||","trample on, stamp on, carry through, practice, appraise, set foot on, evade payment, step on","Kunyomi: はく = put on (the feet)",Guess the meaning of the Onyomi reading,Text
"挟,||キョウ||","put between, hold between, insert, jam into, nip, interpose","Kunyomi: はさむ,はさまる = put between, hold between, insert, jam into, nip, interpose, get between, be caught in, be jammed in, be hemmed in, be sandwiched between, be pinned under, lie between",Guess the meaning of the Onyomi reading,Text
"甚,||ジン||","exceedingly","Kunyomi: はなはだ,はなはだしい = very, greatly, exceedingly,extreme, excessive, intense, severe, serious",Guess the meaning of the Onyomi reading,Text
"懐,||カイ||","heart, feeling","Kunyomi: ふところ,なつかしい,なつかしむ,なつく,なつける = bosom, breast, heart, pocket, purse, dear, longedfor, yearning for, yearn for, miss someone, win over, win another’s heart, become attached to",Guess the meaning of the Onyomi reading,Text
"蛇,||ジャ,ダ||","snake, serpent, hard drinker","Kunyomi: へび = snake",Guess the meaning of the Onyomi reading,Text
"蛍,||ケイ||","firefly","Kunyomi: ほたる = firefly",Guess the meaning of the Onyomi reading,Text
"褒,||ホウ||","praise, extol","Kunyomi: ほめる = praise, commend",Guess the meaning of the Onyomi reading,Text
"洞,||ドウ||","cavity","Kunyomi: ほら = cave, den, excavation",Guess the meaning of the Onyomi reading,Text
"賄,||ワイ||","board, supply, finance","Kunyomi: まかなう = board, supply, finance",Guess the meaning of the Onyomi reading,Text
"升,||ショウ||","1.8 liter","Kunyomi: ます = a measuring box",Guess the meaning of the Onyomi reading,Text
"繭,||ケン||","cocoon","Kunyomi: まゆ = cocoon",Guess the meaning of the Onyomi reading,Text
"磨,||マ||","polish, scour, shine (shoes), brush (teeth), improve (skill), cultivate (character), train (the mind)","Kunyomi: みがく = polish, scour, shine (shoes), brush (teeth), improve (skill), cultivate (character), train (the mind)",Guess the meaning of the Onyomi reading,Text
"詔,||ショウ||","imperial edict","Kunyomi: みことのり = imperial edict, decree",Guess the meaning of the Onyomi reading,Text
"溝,||コウ||","ditch, gutter, sewer, drain","Kunyomi: みぞ = ditch, gutter, drain, groove, slot, gulf, gap",Guess the meaning of the Onyomi reading,Text
"貢,||コウ,ク||","tribute","Kunyomi: みつぐ = support, finance",Guess the meaning of the Onyomi reading,Text
"醜,||シュウ||","ugliness, uncleanness, shame","Kunyomi: みにくい = badlooking, ugly, unsightly, indecent, disgraceful",Guess the meaning of the Onyomi reading,Text
"診,||シン||","seeing, diagnosing","Kunyomi: みる = diagnose, examine",Guess the meaning of the Onyomi reading,Text
"棟,||トウ||","ridge, ridgepole, counter for buildings","Kunyomi: むね,むな = ridge, ridgepole, counter for buildings",Guess the meaning of the Onyomi reading,Text
"藻,||ソウ||","duckweed, seaweed","Kunyomi: も = duckweed, seaweed",Guess the meaning of the Onyomi reading,Text
"喪,||ソウ||","mourning","Kunyomi: も = mourning",Guess the meaning of the Onyomi reading,Text
"戻,||レイ||","return, turn back, revert to, resume, return to, be returned, go backward","Kunyomi: もどす,もどる = return, turn back, revert to, resume, return to, be returned, go backward,restore, turn back (a clock), reject, vomit",Guess the meaning of the Onyomi reading,Text
"柳,||リュウ||","willow","Kunyomi: やなぎ = willow",Guess the meaning of the Onyomi reading,Text
"軟,||ナン||","soft","Kunyomi: やわらか,やわらかい = soft",Guess the meaning of the Onyomi reading,Text
"逝,||セイ||","die, pass away","Kunyomi: ゆく,いく = die, pass away",Guess the meaning of the Onyomi reading,Text
"宵,||ショウ||","evening, early night hours","Kunyomi: よい = evening, early night hours",Guess the meaning of the Onyomi reading,Text
"沸,||フツ||","boil, get hot, ferment, seethe, be in an uproar, gush out, grow, breed, be hatched","Kunyomi: わく,わかす = boil, get hot, ferment, seethe, be in an uproar, gush out, grow, breed, be hatched,heat up (the bath), melt",Guess the meaning of the Onyomi reading,Text
"患,||カン||","disease","Kunyomi: わずらう = be ill, suffer from, be afficted",Guess the meaning of the Onyomi reading,Text
"煩,||ハン,ボン||","worry, trouble","Kunyomi: わずらう,わずらわす = be ill, worry, be afflicted, be in pain, be troubled,trouble, keep (someone) busy, disturb, annoy",Guess the meaning of the Onyomi reading,Text
"also, furthermore [**Kun**]","且,かつ","",Guess the romaji equivalent of the Kunyomi reading,Text
"area about 36 square feet [**Kun**]","坪,つぼ","",Guess the romaji equivalent of the Kunyomi reading,Text
"but, however, excepting that [**Kun**]","但,ただし","",Guess the romaji equivalent of the Kunyomi reading,Text
"cape, spit, promontory [**Kun**]","岬,みさき","",Guess the romaji equivalent of the Kunyomi reading,Text
"creek, inlet, bay, gulf, beach, seacoast [**Kun**]","浦,うら","",Guess the romaji equivalent of the Kunyomi reading,Text
"cryptomeria, sugi, Japan cedar [**Kun**]","杉,すぎ","",Guess the romaji equivalent of the Kunyomi reading,Text
"fear, anxiety, concern, uneasiness [**Kun**]","虞,おそれ","",Guess the romaji equivalent of the Kunyomi reading,Text
"fence, hedge, wall [**Kun**]","垣,かき","",Guess the romaji equivalent of the Kunyomi reading,Text
"frame, framework, reel, spindle, spool, rim, box (in printing), limit [**Kun**]","枠,わく","",Guess the romaji equivalent of the Kunyomi reading,Text
"moat, canal, ditch [**Kun**]","堀,ほり","",Guess the romaji equivalent of the Kunyomi reading,Text
"mosquito [**Kun**]","蚊,か","",Guess the romaji equivalent of the Kunyomi reading,Text
"mound, hillock, tumulus [**Kun**]","塚,つか","",Guess the romaji equivalent of the Kunyomi reading,Text
"ridge (in a field), furrow, rib or cord (in cloth) [**Kun**]","畝,うね","",Guess the romaji equivalent of the Kunyomi reading,Text
"set (a table), lay (a foundation), place (a gun), install, equip, appoint (to a position),squat down, sit down, (eyes) are fixed on [**Kun**]","据,すえる,すわる","",Guess the romaji equivalent of the Kunyomi reading,Text
"shelf, ledge, rack, mount, mantelpiece, trellis, lattice [**Kun**]","棚,たな","",Guess the romaji equivalent of the Kunyomi reading,Text
"skin, body, grain, texture, disposition [**Kun**]","肌,はだ","",Guess the romaji equivalent of the Kunyomi reading,Text
"soak, moisten, steep, pickle, preserve, add (salt) to,be soaked in, be submerged, be flooded, take a dip, be seasoned [**Kun**]","漬,つける,つかる","",Guess the romaji equivalent of the Kunyomi reading,Text
"monkey, ape, minic, sly person, door bolt, fastener [**Kun**]","猿,さる","Onyomi: エン = monkey",Guess the romaji equivalent of the Kunyomi reading,Text
"eddy, whirlpool, vortex [**Kun**]","渦,うず","Onyomi: カ = eddy, whirlpool, vortex",Guess the romaji equivalent of the Kunyomi reading,Text
"shoes, boots [**Kun**]","靴,くつ","Onyomi: カ = shoes",Guess the romaji equivalent of the Kunyomi reading,Text
"work, earn money [**Kun**]","稼,かせぐ","Onyomi: カ = work, earn money",Guess the romaji equivalent of the Kunyomi reading,Text
"bosom, breast, heart, pocket, purse, dear, longedfor, yearning for, yearn for, miss someone, win over, win another’s heart, become attached to [**Kun**]","懐,ふところ,なつかしい,なつかしむ,なつく,なつける","Onyomi: カイ = heart, feeling",Guess the romaji equivalent of the Kunyomi reading,Text
"husk, hull, nutshell, castoff skin, tofu refuse, corpse, earth's crust [**Kun**]","殻,から","Onyomi: カク = husk, hull, nutshell, castoff skin, tofu refuse, corpse, earth's crust",Guess the romaji equivalent of the Kunyomi reading,Text
"be thirsty, feel dry, dry up, be parched [**Kun**]","渇,かわく","Onyomi: カツ = thirst",Guess the romaji equivalent of the Kunyomi reading,Text
"be ill, suffer from, be afficted [**Kun**]","患,わずらう","Onyomi: カン = disease",Guess the romaji equivalent of the Kunyomi reading,Text
"endure, support, withstand, resist, brave, weather, be fit for, be equal to [**Kun**]","堪,たえる","Onyomi: カン = endure, support, withstand, resist, brave, weather, be fit for, be equal to",Guess the romaji equivalent of the Kunyomi reading,Text
"fall into, get into, slide into, lapse into, cave in, sink, fall (a fort), ensnare, tempt [**Kun**]","陥,おちいる,おとしいれる","Onyomi: カン = fall into, get into, slide into, lapse into, cave in, sink, fall (a fort)",Guess the romaji equivalent of the Kunyomi reading,Text
"be hungry, starve [**Kun**]","飢,うえる","Onyomi: キ = be hungry, starve",Guess the romaji equivalent of the Kunyomi reading,Text
"lie, falsity, deceive, pretend, cheat, sham, counterfeit, forgery, imitation, false (prophet) [**Kun**]","偽,いつわる,にせ","Onyomi: ギ = lie, falsity, deceive, pretend, cheat",Guess the romaji equivalent of the Kunyomi reading,Text
"investigate thoroly, carry to extremes, be in a dilemma [**Kun**]","窮,きわめる,きわまる","Onyomi: キュウ = be destitute, suffer, be perplexed, be cornered",Guess the romaji equivalent of the Kunyomi reading,Text
"refuse, reject, decline, repudiate, resist, oppose, prevent, deny [**Kun**]","拒,こばむ","Onyomi: キョ = refuse, reject, decline, repudiate, resist, oppose, prevent, deny",Guess the romaji equivalent of the Kunyomi reading,Text
"dawn, daybrake, in the event (of) [**Kun**]","暁,あかつき","Onyomi: ギョウ = dawn, daybrake, in the event (of)",Guess the romaji equivalent of the Kunyomi reading,Text
"put between, hold between, insert, jam into, nip, interpose, get between, be caught in, be jammed in, be hemmed in, be sandwiched between, be pinned under, lie between [**Kun**]","挟,はさむ,はさまる","Onyomi: キョウ = put between, hold between, insert, jam into, nip, interpose",Guess the romaji equivalent of the Kunyomi reading,Text
"respectful, reverent [**Kun**]","恭,うやうやしい","Onyomi: キョウ = respectful, reverent",Guess the romaji equivalent of the Kunyomi reading,Text
"straighten, correct, reform, cure, control (one's feelings), pretend, falsify, aim [**Kun**]","矯,ためる","Onyomi: キョウ = straighten, correct, reform, cure, control (one's feelings), pretend, falsify, aim",Guess the romaji equivalent of the Kunyomi reading,Text
"be discreet, be careful, be prudent, be cautious, restrain oneself, be moderate [**Kun**]","謹,つつしむ","Onyomi: キン = be discreet, be careful, be prudent, be cautious, restrain oneself, be moderate",Guess the romaji equivalent of the Kunyomi reading,Text
"long horizontal Japanese harp, a koto, lyre [**Kun**]","琴,こと","Onyomi: キン = harp",Guess the romaji equivalent of the Kunyomi reading,Text
"neck, neckband, collar, lapel [**Kun**]","襟,えり","Onyomi: キン = neck, neckband, collar, lapel",Guess the romaji equivalent of the Kunyomi reading,Text
"corner, nook [**Kun**]","隅,すみ","Onyomi: グウ = corner",Guess the romaji equivalent of the Kunyomi reading,Text
"smell, be fragrant [**Kun**]","薫,かおる","Onyomi: クン = send forth fragrance, be scented, impregnate with",Guess the romaji equivalent of the Kunyomi reading,Text
"firefly [**Kun**]","蛍,ほたる","Onyomi: ケイ = firefly",Guess the romaji equivalent of the Kunyomi reading,Text
"stem, stalk [**Kun**]","茎,くき","Onyomi: ケイ = stem, stalk",Guess the romaji equivalent of the Kunyomi reading,Text
"bowstring, teakettle handle made of bamboo or vines [**Kun**]","弦,つる","Onyomi: ゲン = bowstring, chord (in geometry), hypotenuse, crescent (moon), bowstring, string (of an instrument)",Guess the romaji equivalent of the Kunyomi reading,Text
"cocoon [**Kun**]","繭,まゆ","Onyomi: ケン = cocoon",Guess the romaji equivalent of the Kunyomi reading,Text
"hang, set up (a ladder), cover, construct, install, sit down, sprinkle, pour on, put on, ring up, weigh, multiply, levy, pay (in installments), anchor, start (a machine), wind, turn on (radio), spend on, offer (prizes), put (under treatment), set (on fire),hang on, be suspended from, be caught, be trapped, be built, begin, arrive at, require, cost, play against, oppose, be splashed, weigh (a ","懸,かける,かかる","Onyomi: ケン,ケ = hang, set up (a ladder), cover, construct, install, sit down, sprinkle, pour on, put on, ring up, weigh, multiply, levy, pay (in installments), anchor, start (a machine), wind, turn on (radio), spend on, offer (prizes), put (under treatment), set (on fire)",Guess the romaji equivalent of the Kunyomi reading,Text
"hate, detest, dislike, disagreeable [**Kun**]","嫌,きらう,いや","Onyomi: ケン,ゲン = dislike, hate, be unwilling (to do something),",Guess the romaji equivalent of the Kunyomi reading,Text
"ditch, gutter, drain, groove, slot, gulf, gap [**Kun**]","溝,みぞ","Onyomi: コウ = ditch, gutter, sewer, drain",Guess the romaji equivalent of the Kunyomi reading,Text
"inlet, bay [**Kun**]","江,え","Onyomi: コウ = inlet, bay",Guess the romaji equivalent of the Kunyomi reading,Text
"support, finance [**Kun**]","貢,みつぐ","Onyomi: コウ,ク = tribute",Guess the romaji equivalent of the Kunyomi reading,Text
"kind, courteous, hospitable, cordial [**Kun**]","懇,ねんごろ","Onyomi: コン = kind, courteous, hospitable, cordial",Guess the romaji equivalent of the Kunyomi reading,Text
"tempt, seduce, instigate, promote [**Kun**]","唆,そそのかす","Onyomi: サ = tempt, seduce, instigate, promote",Guess the romaji equivalent of the Kunyomi reading,Text
"break, smash, crush, pulverize, tax (one's ingenuity), explain simply,crumble, be crushed, go to pieces, become familiar [**Kun**]","砕,くだく,くだける","Onyomi: サイ = break, smash, crush, pulverize, tax (one's ingenuity), explain simply",Guess the romaji equivalent of the Kunyomi reading,Text
"vinegar [**Kun**]","酢,す","Onyomi: サク = vinegar",Guess the romaji equivalent of the Kunyomi reading,Text
"umbrella, parasol [**Kun**]","傘,かさ","Onyomi: サン = umbrella, parasol",Guess the romaji equivalent of the Kunyomi reading,Text
"deign to, grant, give, bestow on, honor with [**Kun**]","賜,たまわる","Onyomi: シ = deign to, grant, give, bestow on, honor with",Guess the romaji equivalent of the Kunyomi reading,Text
"lacquer, varnish [**Kun**]","漆,うるし","Onyomi: シツ = lacquer, varnish",Guess the romaji equivalent of the Kunyomi reading,Text
"interrupt, obstruct, intercept [**Kun**]","遮,さえぎる","Onyomi: シャ = interrupt, obstruct, intercept",Guess the romaji equivalent of the Kunyomi reading,Text
"snake [**Kun**]","蛇,へび","Onyomi: ジャ,ダ = snake, serpent, hard drinker",Guess the romaji equivalent of the Kunyomi reading,Text
"draw (water), ladle, dip, scoop, pump, consider, sympathize with, drink, think [**Kun**]","酌,くむ","Onyomi: シャク = serving sake, the server",Guess the romaji equivalent of the Kunyomi reading,Text
"apply, place, put, hit (the mark), guess, succeed, expose to, sit (on a cushion), assign, allocate, call on (a pupil) [**Kun**]","充,あてる","Onyomi: ジュウ = fill",Guess the romaji equivalent of the Kunyomi reading,Text
"grieve, lament, be anxious,sad, unhappy, gloomy [**Kun**]","愁,うれえる,うれい","Onyomi: シュウ = grieve, lament, be anxious",Guess the romaji equivalent of the Kunyomi reading,Text
"hesitate, be reluctant, have loose painful bowel movements,puckery taste (of persimmons), sobriety, quietness,puckery, astringent, sullen, quiet, sober, tasteful (in dress) [**Kun**]","渋,しぶ,しぶい,しぶる","Onyomi: ジュウ = hesitate, be reluctant, have loose painful bowel movements",Guess the romaji equivalent of the Kunyomi reading,Text
"juice, sap, soup, broth, gravy, pus [**Kun**]","汁,しる","Onyomi: ジュウ = juice",Guess the romaji equivalent of the Kunyomi reading,Text
"illsmelling, suspiciouslooking,smell, odor, scent, stench, fragrance, aroma, perfume [**Kun**]","臭,くさい,におう","Onyomi: シュウ = odor, savor, fragrance",Guess the romaji equivalent of the Kunyomi reading,Text
"badlooking, ugly, unsightly, indecent, disgraceful [**Kun**]","醜,みにくい","Onyomi: シュウ = ugliness, uncleanness, shame",Guess the romaji equivalent of the Kunyomi reading,Text
"cord, strap, thong, clog cord, string [**Kun**]","緒,お","Onyomi: ショ,チョ = beginning, inception, end",Guess the romaji equivalent of the Kunyomi reading,Text
"a measuring box [**Kun**]","升,ます","Onyomi: ショウ = 1.8 liter",Guess the romaji equivalent of the Kunyomi reading,Text
"brew, cause, give rise to [**Kun**]","醸,かもす","Onyomi: ジョウ = brew, cause, give rise to",Guess the romaji equivalent of the Kunyomi reading,Text
"evening, early night hours [**Kun**]","宵,よい","Onyomi: ショウ = evening, early night hours",Guess the romaji equivalent of the Kunyomi reading,Text
"imperial edict, decree [**Kun**]","詔,みことのり","Onyomi: ショウ = imperial edict",Guess the romaji equivalent of the Kunyomi reading,Text
"make up for, recompense, redeem (one's faults), compensate for, indemnify, atone for [**Kun**]","償,つぐなう","Onyomi: ショウ = make up for, recompense, redeem (one's faults), compensate for, indemnify, atone for",Guess the romaji equivalent of the Kunyomi reading,Text
"blade, edge [**Kun**]","刃,は","Onyomi: ジン = blade, sword, cutting tool",Guess the romaji equivalent of the Kunyomi reading,Text
"very, greatly, exceedingly,extreme, excessive, intense, severe, serious [**Kun**]","甚,はなはだ,はなはだしい","Onyomi: ジン = exceedingly",Guess the romaji equivalent of the Kunyomi reading,Text
"lip [**Kun**]","唇,くちびる","Onyomi: シン = lip",Guess the romaji equivalent of the Kunyomi reading,Text
"port, harbor, ferry [**Kun**]","津,つ","Onyomi: シン = port, harbor, ferry",Guess the romaji equivalent of the Kunyomi reading,Text
"diagnose, examine [**Kun**]","診,みる","Onyomi: シン = seeing, diagnosing",Guess the romaji equivalent of the Kunyomi reading,Text
"die, pass away [**Kun**]","逝,ゆく,いく","Onyomi: セイ = die, pass away",Guess the romaji equivalent of the Kunyomi reading,Text
"swear, plegde, vow [**Kun**]","誓,ちかう","Onyomi: セイ = swear, plegde, vow",Guess the romaji equivalent of the Kunyomi reading,Text
"clumsy, bungling, unskillful [**Kun**]","拙,つたない","Onyomi: セツ = clumsy, unskillful",Guess the romaji equivalent of the Kunyomi reading,Text
"recommend, advise, encourage, offer (wine) [**Kun**]","薦,すすめる","Onyomi: セン = recommendation, advice, encouragement",Guess the romaji equivalent of the Kunyomi reading,Text
"neglect, shun, alienate,distant, estranged, disinterested, ignorant of [**Kun**]","疎,うとい,うとむ","Onyomi: ソ = rough, sparseness, estrangement",Guess the romaji equivalent of the Kunyomi reading,Text
"duckweed, seaweed [**Kun**]","藻,も","Onyomi: ソウ = duckweed, seaweed",Guess the romaji equivalent of the Kunyomi reading,Text
"frost [**Kun**]","霜,しも","Onyomi: ソウ = frost",Guess the romaji equivalent of the Kunyomi reading,Text
"insert, put in, graft (a branch), wear (a sword), carry (in the belt) [**Kun**]","挿,さす","Onyomi: ソウ = insert, put in, graft (a branch), wear (a sword), carry (in the belt)",Guess the romaji equivalent of the Kunyomi reading,Text
"mourning [**Kun**]","喪,も","Onyomi: ソウ = mourning",Guess the romaji equivalent of the Kunyomi reading,Text
"search, look for, locate, glean [**Kun**]","捜,さがす","Onyomi: ソウ = search, look for, locate, glean",Guess the romaji equivalent of the Kunyomi reading,Text
"angle, fish, catch, decoy, allure [**Kun**]","釣,つる","Onyomi: チョウ = angle, fish, catch, decoy, allure",Guess the romaji equivalent of the Kunyomi reading,Text
"challenge, contend for, make love to [**Kun**]","挑,いどむ","Onyomi: チョウ = challenge, contend for, make love to",Guess the romaji equivalent of the Kunyomi reading,Text
"chastise, punish, discipline,learn by experience, be disgusted with [**Kun**]","懲,こりる,こらす,こらしめる","Onyomi: チョウ = chastise, punish, discipline",Guess the romaji equivalent of the Kunyomi reading,Text
"mourn for, hold a memorial service for, condole [**Kun**]","弔,とむらう","Onyomi: チョウ = mourning",Guess the romaji equivalent of the Kunyomi reading,Text
"watch, look at, see, scrutinize [**Kun**]","眺,ながめる","Onyomi: チョウ = watch, look at, see, scrutinize",Guess the romaji equivalent of the Kunyomi reading,Text
"mud, mire, dirt, slush, disgrace [**Kun**]","泥,どろ","Onyomi: デイ = mud, mire",Guess the romaji equivalent of the Kunyomi reading,Text
"cave, den, excavation [**Kun**]","洞,ほら","Onyomi: ドウ = cavity",Guess the romaji equivalent of the Kunyomi reading,Text
"grieve over [**Kun**]","悼,いたむ","Onyomi: トウ = grieve over",Guess the romaji equivalent of the Kunyomi reading,Text
"pipe, tube, case, gun barrel, sleeve, well curb [**Kun**]","筒,つつ","Onyomi: トウ = pipette, tube",Guess the romaji equivalent of the Kunyomi reading,Text
"ridge, ridgepole, counter for buildings [**Kun**]","棟,むね,むな","Onyomi: トウ = ridge, ridgepole, counter for buildings",Guess the romaji equivalent of the Kunyomi reading,Text
"soft [**Kun**]","軟,やわらか,やわらかい","Onyomi: ナン = soft",Guess the romaji equivalent of the Kunyomi reading,Text
"nun [**Kun**]","尼,あま","Onyomi: ニ = nun",Guess the romaji equivalent of the Kunyomi reading,Text
"bear, endure, put up with, hide (oneself),conceal, secrete [**Kun**]","忍,しのぶ,しのばせる","Onyomi: ニン = bear, endure, put up with, hide (oneself)",Guess the romaji equivalent of the Kunyomi reading,Text
"cultivate, foster [**Kun**]","培,つちかう","Onyomi: バイ = cultivate, foster",Guess the romaji equivalent of the Kunyomi reading,Text
"become useless, get out of date, die out, be abolished, decline (in prosperity) [**Kun**]","廃,すたれる,すたる","Onyomi: ハイ = obsolescence, cessation, discarding",Guess the romaji equivalent of the Kunyomi reading,Text
"be ill, worry, be afflicted, be in pain, be troubled,trouble, keep (someone) busy, disturb, annoy [**Kun**]","煩,わずらう,わずらわす","Onyomi: ハン,ボン = worry, trouble",Guess the romaji equivalent of the Kunyomi reading,Text
"door, title page, front page [**Kun**]","扉,とびら","Onyomi: ヒ = door, title page, front page",Guess the romaji equivalent of the Kunyomi reading,Text
"cat [**Kun**]","猫,ねこ","Onyomi: ビョウ = cat",Guess the romaji equivalent of the Kunyomi reading,Text
"despise, make light of [**Kun**]","侮,あなどる","Onyomi: ブ = despise, make light of",Guess the romaji equivalent of the Kunyomi reading,Text
"boil, get hot, ferment, seethe, be in an uproar, gush out, grow, breed, be hatched,heat up (the bath), melt [**Kun**]","沸,わく,わかす","Onyomi: フツ = boil, get hot, ferment, seethe, be in an uproar, gush out, grow, breed, be hatched",Guess the romaji equivalent of the Kunyomi reading,Text
"resent, be indignant, become angry [**Kun**]","憤,いきどおる","Onyomi: フン = resent, be indignant, become angry",Guess the romaji equivalent of the Kunyomi reading,Text
"get together, unite [**Kun**]","併,あわせる","Onyomi: ヘイ = get together, unite",Guess the romaji equivalent of the Kunyomi reading,Text
"lean, incline, be biased [**Kun**]","偏,かたよる","Onyomi: ヘン = side, left radical of a character, inclining",Guess the romaji equivalent of the Kunyomi reading,Text
"bubble, foam, froth, scum, suds [**Kun**]","泡,あわ","Onyomi: ホウ = bubble, foam, froth, scum, suds",Guess the romaji equivalent of the Kunyomi reading,Text
"praise, commend [**Kun**]","褒,ほめる","Onyomi: ホウ = praise, extol",Guess the romaji equivalent of the Kunyomi reading,Text
"spin, make yarn [**Kun**]","紡,つむぐ","Onyomi: ボウ = spin, make yarn",Guess the romaji equivalent of the Kunyomi reading,Text
"flax, hemp, ramie, jute, linen [**Kun**]","麻,あさ","Onyomi: マ = flax, hemp, ramie, jute, linen",Guess the romaji equivalent of the Kunyomi reading,Text
"polish, scour, shine (shoes), brush (teeth), improve (skill), cultivate (character), train (the mind) [**Kun**]","磨,みがく","Onyomi: マ = polish, scour, shine (shoes), brush (teeth), improve (skill), cultivate (character), train (the mind)",Guess the romaji equivalent of the Kunyomi reading,Text
"admonish, charge, remonstrate with, counsel, persuade, warn, make known to [**Kun**]","諭,さとす","Onyomi: ユ = admonish, charge, remonstrate with, counsel, persuade, warn, make known to",Guess the romaji equivalent of the Kunyomi reading,Text
"heal, cure, quench (thirst), wreak (vengeance),recover, be healed [**Kun**]","癒,いえる,いやす","Onyomi: ユ = heal, cure, quench (thirst), wreak (vengeance)",Guess the romaji equivalent of the Kunyomi reading,Text
"kiln, oven, furnace, stove [**Kun**]","窯,かま","Onyomi: ヨウ = kiln, oven, furnace, stove",Guess the romaji equivalent of the Kunyomi reading,Text
"put on (the feet) [**Kun**]","履,はく","Onyomi: リ = trample on, stamp on, carry through, practice, appraise, set foot on, evade payment, step on",Guess the romaji equivalent of the Kunyomi reading,Text
"dragon [**Kun**]","竜,たつ","Onyomi: リュウ = dragon, imperial",Guess the romaji equivalent of the Kunyomi reading,Text
"willow [**Kun**]","柳,やなぎ","Onyomi: リュウ = willow",Guess the romaji equivalent of the Kunyomi reading,Text
"cool oneself, enjoy the evening air,cool, refreshing [**Kun**]","涼,すずしい,すずむ","Onyomi: リョウ = cool",Guess the romaji equivalent of the Kunyomi reading,Text
"return, turn back, revert to, resume, return to, be returned, go backward,restore, turn back (a clock), reject, vomit [**Kun**]","戻,もどす,もどる","Onyomi: レイ = return, turn back, revert to, resume, return to, be returned, go backward",Guess the romaji equivalent of the Kunyomi reading,Text
"bell [**Kun**]","鈴,すず","Onyomi: レイ,リン = bell, hand bell, buzzer",Guess the romaji equivalent of the Kunyomi reading,Text
"board, supply, finance [**Kun**]","賄,まかなう","Onyomi: ワイ = board, supply, finance",Guess the romaji equivalent of the Kunyomi reading,Text
"abundant, rich, fruitful, fertile [**On**]","裕,ユウ","",Guess the romaji equivalent of the Onyomi reading,Text
"accuse [**On**]","訟,ショウ","",Guess the romaji equivalent of the Onyomi reading,Text
"adorn (one's person) [**On**]","粧,ショウ","",Guess the romaji equivalent of the Onyomi reading,Text
"agree to, consent, comply with, undertake [**On**]","肯,コウ","",Guess the romaji equivalent of the Onyomi reading,Text
"aim (a gun) at, nominate for office, imitate, mimic, compare [**On**]","擬,ギ","",Guess the romaji equivalent of the Onyomi reading,Text
"all, illegitimate child [**On**]","庶,ショ","",Guess the romaji equivalent of the Onyomi reading,Text
"alternation [**On**]","迭,テツ","",Guess the romaji equivalent of the Onyomi reading,Text
"appear, emerge, come in sight, show up, be revealed, be discovered, be mentioned, become famous [**On**]","顕,ケン","",Guess the romaji equivalent of the Onyomi reading,Text
"article, section, goodwill, friendship, collusion [**On**]","款,カン","",Guess the romaji equivalent of the Onyomi reading,Text
"ask, demand, question, investigate, ascertain, verify [**On**]","糾,キュウ","",Guess the romaji equivalent of the Onyomi reading,Text
"audience (with a ruler) [**On**]","謁,エツ","",Guess the romaji equivalent of the Onyomi reading,Text
"beat, torture [**On**]","拷,ゴウ","",Guess the romaji equivalent of the Onyomi reading,Text
"become pregnant, be pregnant, be filled with [**On**]","妊,ニン","",Guess the romaji equivalent of the Onyomi reading,Text
"besides [**On**]","剰,ジョウ","",Guess the romaji equivalent of the Onyomi reading,Text
"blindness [**On**]","盲,モウ","",Guess the romaji equivalent of the Onyomi reading,Text
"bolt, stopper, cork, plug, ear plug, bung, faucet, peg [**On**]","栓,セン","",Guess the romaji equivalent of the Onyomi reading,Text
"bottle, vial, jar, flask [**On**]","瓶,ビン","",Guess the romaji equivalent of the Onyomi reading,Text
"bowl, rice tub, pot, crown, brainpan [**On**]","鉢,ハチ,ハツ","",Guess the romaji equivalent of the Onyomi reading,Text
"Buddhist food, room [**On**]","斎,サイ","",Guess the romaji equivalent of the Onyomi reading,Text
"bundle, bunch, sheaf, coil [**On**]","把,ハ","",Guess the romaji equivalent of the Onyomi reading,Text
"buy [**On**]","購,コウ","",Guess the romaji equivalent of the Onyomi reading,Text
"C, third [**On**]","丙,ヘイ","",Guess the romaji equivalent of the Onyomi reading,Text
"calamity, misfortune [**On**]","禍,カ","",Guess the romaji equivalent of the Onyomi reading,Text
"calm ,peace, easy, large, wide [**On**]","泰,タイ","",Guess the romaji equivalent of the Onyomi reading,Text
"can [**On**]","缶,カン","",Guess the romaji equivalent of the Onyomi reading,Text
"captive, barbarian, low epithet for the enemy [**On**]","虜,リョ","",Guess the romaji equivalent of the Onyomi reading,Text
"casket, coffin [**On**]","棺,カン","",Guess the romaji equivalent of the Onyomi reading,Text
"chastity, constancy, righteousness [**On**]","貞,テイ","",Guess the romaji equivalent of the Onyomi reading,Text
"clean, clear, pure, innocent, noble [**On**]","浄,ジョウ","",Guess the romaji equivalent of the Onyomi reading,Text
"clear [**On**]","彰,ショウ","",Guess the romaji equivalent of the Onyomi reading,Text
"clear [**On**]","徹,テツ","",Guess the romaji equivalent of the Onyomi reading,Text
"command, lead, supervise, urge [**On**]","督,トク","",Guess the romaji equivalent of the Onyomi reading,Text
"companion [**On**]","倫,リン","",Guess the romaji equivalent of the Onyomi reading,Text
"Confucianism, Confucianist, Chinese scholar [**On**]","儒,ジュ","",Guess the romaji equivalent of the Onyomi reading,Text
"congratulate [**On**]","慶,ケイ","",Guess the romaji equivalent of the Onyomi reading,Text
"copy [**On**]","謄,トウ","",Guess the romaji equivalent of the Onyomi reading,Text
"count, earl, eldest brother, uncle, chief official [**On**]","伯,ハク","",Guess the romaji equivalent of the Onyomi reading,Text
"counter for drinks [**On**]","献,ケン,コン","",Guess the romaji equivalent of the Onyomi reading,Text
"criminal investigation [**On**]","劾,ガイ","",Guess the romaji equivalent of the Onyomi reading,Text
"criminal, arrest [**On**]","囚,シュウ","",Guess the romaji equivalent of the Onyomi reading,Text
"crop tax, borrowing [**On**]","租,ソ","",Guess the romaji equivalent of the Onyomi reading,Text
"cross, ford, ferry, be imported, change hands, make one's way through life, sweep across, migrate, be provided [**On**]","渉,ショウ","",Guess the romaji equivalent of the Onyomi reading,Text
"crosspiece, cleat, frame, door bolt, shelf, jetty, suspension bridge [**On**]","桟,サン","",Guess the romaji equivalent of the Onyomi reading,Text
"decrease [**On**]","耗,モウ,コウ","",Guess the romaji equivalent of the Onyomi reading,Text
"descend to, lapse into, degenerate [**On**]","堕,ダ","",Guess the romaji equivalent of the Onyomi reading,Text
"descendants, elder brother [**On**]","昆,コン","",Guess the romaji equivalent of the Onyomi reading,Text
"diarrhea [**On**]","痢,リ","",Guess the romaji equivalent of the Onyomi reading,Text
"die a martyr, follow (someone) by committing suicide, follow in resigning [**On**]","殉,ジュン","",Guess the romaji equivalent of the Onyomi reading,Text
"dissolve, melt [**On**]","融,ユウ","",Guess the romaji equivalent of the Onyomi reading,Text
"distant, longtime, leisure [**On**]","悠,ユウ","",Guess the romaji equivalent of the Onyomi reading,Text
"divide [**On**]","剖,ボウ","",Guess the romaji equivalent of the Onyomi reading,Text
"divide, separate, share with, distinguish between [**On**]","頒,ハン","",Guess the romaji equivalent of the Onyomi reading,Text
"divide, tear, analyze [**On**]","析,セキ","",Guess the romaji equivalent of the Onyomi reading,Text
"drive away, chase, drive (cattle), follow, pursue (pleasure) [**On**]","逐,チク","",Guess the romaji equivalent of the Onyomi reading,Text
"earth, soil [**On**]","壌,ジョウ","",Guess the romaji equivalent of the Onyomi reading,Text
"emperor's seal [**On**]","璽,ジ","",Guess the romaji equivalent of the Onyomi reading,Text
"end, stop, cease, subside, calm down, pass, die out, be extinguished, leave, go off, be abandoned [**On**]","罷,ヒ","",Guess the romaji equivalent of the Onyomi reading,Text
"epidemic [**On**]","疫,エキ,ヤク","",Guess the romaji equivalent of the Onyomi reading,Text
"equal, similar [**On**]","斉,セイ","",Guess the romaji equivalent of the Onyomi reading,Text
"evil, abuse, vice, bad custom, breakage, our (humble), Shinto zigzag paper offering, tribute [**On**]","弊,ヘイ","",Guess the romaji equivalent of the Onyomi reading,Text
"excellence, genius [**On**]","俊,シュン","",Guess the romaji equivalent of the Onyomi reading,Text
"excellent [**On**]","傑,ケツ","",Guess the romaji equivalent of the Onyomi reading,Text
"falsify, kidnap [**On**]","拐,カイ","",Guess the romaji equivalent of the Onyomi reading,Text
"fast [**On**]","迅,ジン","",Guess the romaji equivalent of the Onyomi reading,Text
"fine, slender, thin kimono [**On**]","繊,セン","",Guess the romaji equivalent of the Onyomi reading,Text
"flood, vast [**On**]","洪,コウ","",Guess the romaji equivalent of the Onyomi reading,Text
"fog [**On**]","雰,フン","",Guess the romaji equivalent of the Onyomi reading,Text
"follow [**On**]","循,ジュン","",Guess the romaji equivalent of the Onyomi reading,Text
"foolish [**On**]","痴,チ","",Guess the romaji equivalent of the Onyomi reading,Text
"fort, rampart, walls, base (in baseball) [**On**]","塁,ルイ","",Guess the romaji equivalent of the Onyomi reading,Text
"friend [**On**]","曹,ソウ","",Guess the romaji equivalent of the Onyomi reading,Text
"fungus, germ, bacteria [**On**]","菌,キン","",Guess the romaji equivalent of the Onyomi reading,Text
"further, furthermore, still, still more, yet, just like [**On**]","尚,ショウ","",Guess the romaji equivalent of the Onyomi reading,Text
"further, furthermore, still, still more, yet, just like [**On**]","猶,ユウ","",Guess the romaji equivalent of the Onyomi reading,Text
"gem, jewel [**On**]","珠,シュ","",Guess the romaji equivalent of the Onyomi reading,Text
"give to, submit to, refer to, affix, attach, append [**On**]","附,フ","",Guess the romaji equivalent of the Onyomi reading,Text
"give, do (something) for [**On**]","呉,ゴ","",Guess the romaji equivalent of the Onyomi reading,Text
"go around [**On**]","旋,セン","",Guess the romaji equivalent of the Onyomi reading,Text
"gobetween [**On**]","媒,バイ","",Guess the romaji equivalent of the Onyomi reading,Text
"good belt, gentleman [**On**]","紳,シン","",Guess the romaji equivalent of the Onyomi reading,Text
"good, goodnatured, pleasing, precious, noble, lovely, beautiful, fine, lucky, efficacious, right, suitable, justifiable, appropriate, satisfactory, better, all right, unnecessary, no objection, intimate, friendly, easy, well, desirous [**On**]","宜,ギ","",Guess the romaji equivalent of the Onyomi reading,Text
"graceful, polite, gentle, pure [**On**]","淑,シュク","",Guess the romaji equivalent of the Onyomi reading,Text
"gradually advancing [**On**]","漸,ゼン","",Guess the romaji equivalent of the Onyomi reading,Text
"guest [**On**]","賓,ヒン","",Guess the romaji equivalent of the Onyomi reading,Text
"gun, arms [**On**]","銃,ジュウ","",Guess the romaji equivalent of the Onyomi reading,Text
"happiness [**On**]","祥,ショウ","",Guess the romaji equivalent of the Onyomi reading,Text
"heart, mind, inside [**On**]","衷,チュウ","",Guess the romaji equivalent of the Onyomi reading,Text
"heir [**On**]","嗣,シ","",Guess the romaji equivalent of the Onyomi reading,Text
"help, save, rescue, give relief to, spare (life), reinforce, promote, abet [**On**]","扶,フ","",Guess the romaji equivalent of the Onyomi reading,Text
"hermit, wizard [**On**]","仙,セン","",Guess the romaji equivalent of the Onyomi reading,Text
"high [**On**]","崇,スウ","",Guess the romaji equivalent of the Onyomi reading,Text
"hollow, sunken [**On**]","凹,オウ","",Guess the romaji equivalent of the Onyomi reading,Text
"horse load, pack horse, sending by horses [**On**]","駄,ダ","",Guess the romaji equivalent of the Onyomi reading,Text
"hostel, dormitory, villa, tea pavilion [**On**]","寮,リョウ","",Guess the romaji equivalent of the Onyomi reading,Text
"humble oneself, condescend, be modest [**On**]","謙,ケン","",Guess the romaji equivalent of the Onyomi reading,Text
"idleness, leisure [**On**]","逸,イツ","",Guess the romaji equivalent of the Onyomi reading,Text
"illness, condition of a patient, nature of a disease, symptoms [**On**]","症,ショウ","",Guess the romaji equivalent of the Onyomi reading,Text
"imperial court, government office [**On**]","廷,テイ","",Guess the romaji equivalent of the Onyomi reading,Text
"imperial decree [**On**]","勅,チョク","",Guess the romaji equivalent of the Onyomi reading,Text
"imperial we [**On**]","朕,チン","",Guess the romaji equivalent of the Onyomi reading,Text
"in turn, sending (parcels) in feudal times [**On**]","逓,テイ","",Guess the romaji equivalent of the Onyomi reading,Text
"indemnify [**On**]","賠,バイ","",Guess the romaji equivalent of the Onyomi reading,Text
"inscription, signature (of an artisan), precept, motto [**On**]","銘,メイ","",Guess the romaji equivalent of the Onyomi reading,Text
"involvement, trouble, tie up, pile up, continually [**On**]","累,ルイ","",Guess the romaji equivalent of the Onyomi reading,Text
"jailer, old man, rank, company officer [**On**]","尉,イ","",Guess the romaji equivalent of the Onyomi reading,Text
"Japanese checkers [**On**]","碁,ゴ","",Guess the romaji equivalent of the Onyomi reading,Text
"laziness [**On**]","惰,ダ","",Guess the romaji equivalent of the Onyomi reading,Text
"leading (troops) [**On**]","帥,スイ","",Guess the romaji equivalent of the Onyomi reading,Text
"legitimacy, legitimate child, legitimate wife, direct descent [**On**]","嫡,チャク","",Guess the romaji equivalent of the Onyomi reading,Text
"leisure [**On**]","閑,カン","",Guess the romaji equivalent of the Onyomi reading,Text
"leniency, generosity [**On**]","寛,カン","",Guess the romaji equivalent of the Onyomi reading,Text
"lie, falsify, deceive, pretend, deceive, cheat [**On**]","詐,サ","",Guess the romaji equivalent of the Onyomi reading,Text
"limbs, arms and legs [**On**]","肢,シ","",Guess the romaji equivalent of the Onyomi reading,Text
"lineage, pedigree, clique, faction, clan [**On**]","閥,バツ","",Guess the romaji equivalent of the Onyomi reading,Text
"load (a vehicle), ride [**On**]","搭,トウ","",Guess the romaji equivalent of the Onyomi reading,Text
"manager, rule [**On**]","宰,サイ","",Guess the romaji equivalent of the Onyomi reading,Text
"manhood, prosperity [**On**]","壮,ソウ","",Guess the romaji equivalent of the Onyomi reading,Text
"manservant, I (used by male speakers) [**On**]","僕,ボク","",Guess the romaji equivalent of the Onyomi reading,Text
"mansion, residence [**On**]","邸,テイ","",Guess the romaji equivalent of the Onyomi reading,Text
"marquis, load, daimyo [**On**]","侯,コウ","",Guess the romaji equivalent of the Onyomi reading,Text
"marry [**On**]","姻,イン","",Guess the romaji equivalent of the Onyomi reading,Text
"measuring rod, scales [**On**]","衡,コウ","",Guess the romaji equivalent of the Onyomi reading,Text
"merit, order of merit [**On**]","勲,クン","",Guess the romaji equivalent of the Onyomi reading,Text
"minority, few, minimum, widow, [**On**]","寡,カ","",Guess the romaji equivalent of the Onyomi reading,Text
"misfortune, bad luck, evil, disaster [**On**]","厄,ヤク","",Guess the romaji equivalent of the Onyomi reading,Text
"modeling, molding [**On**]","塑,ソ","",Guess the romaji equivalent of the Onyomi reading,Text
"move, change, shift, pass into, drift, soak in, be infected, catch (a cold), catch fire, spread [**On**]","遷,セン","",Guess the romaji equivalent of the Onyomi reading,Text
"music, note, staff, score, album, record, table, genealogy [**On**]","譜,フ","",Guess the romaji equivalent of the Onyomi reading,Text
"nucleus, core, seed, kernel [**On**]","核,カク","",Guess the romaji equivalent of the Onyomi reading,Text
"offer, present, send (a letter),  exhibit, develop (symptoms), assume (airs) [**On**]","呈,テイ","",Guess the romaji equivalent of the Onyomi reading,Text
"official, companion [**On**]","僚,リョウ","",Guess the romaji equivalent of the Onyomi reading,Text
"old man, venerable [**On**]","翁,オウ","",Guess the romaji equivalent of the Onyomi reading,Text
"only, merely, solely, simply [**On**]","唯,ユイ,イ","",Guess the romaji equivalent of the Onyomi reading,Text
"open [**On**]","披,ヒ","",Guess the romaji equivalent of the Onyomi reading,Text
"ordinary, tax paid in labor, employment [**On**]","庸,ヨウ","",Guess the romaji equivalent of the Onyomi reading,Text
"paint, erase, rub [**On**]","抹,マツ","",Guess the romaji equivalent of the Onyomi reading,Text
"peace, depravity [**On**]","妥,ダ","",Guess the romaji equivalent of the Onyomi reading,Text
"peerage, court rank [**On**]","爵,シャク","",Guess the romaji equivalent of the Onyomi reading,Text
"pivot, door [**On**]","枢,スウ","",Guess the romaji equivalent of the Onyomi reading,Text
"planting [**On**]","栽,サイ","",Guess the romaji equivalent of the Onyomi reading,Text
"police station, camp [**On**]","屯,トン","",Guess the romaji equivalent of the Onyomi reading,Text
"preferably [**On**]","寧,ネイ","",Guess the romaji equivalent of the Onyomi reading,Text
"pregnancy [**On**]","娠,シン","",Guess the romaji equivalent of the Onyomi reading,Text
"private school, boarding school, gate house [**On**]","塾,ジュク","",Guess the romaji equivalent of the Onyomi reading,Text
"projecting, beetle brow [**On**]","凸,トツ","",Guess the romaji equivalent of the Onyomi reading,Text
"quasi, semi, associate [**On**]","准,ジュン","",Guess the romaji equivalent of the Onyomi reading,Text
"queen, princess [**On**]","妃,ヒ","",Guess the romaji equivalent of the Onyomi reading,Text
"quietly, softly, solemnly [**On**]","粛,シュク","",Guess the romaji equivalent of the Onyomi reading,Text
"rank next, come after, Asia, sub, ous (in acids) [**On**]","亜,ア","",Guess the romaji equivalent of the Onyomi reading,Text
"receive, take, get, obtain, accept, catch (a ball), stop (a blow), parry, answer (the phone), undergo (an operation), take (an exam), sustain (a loss), be exposed to (ridicule), face, front on, inherit, catch the public fancy [**On**]","享,キョウ","",Guess the romaji equivalent of the Onyomi reading,Text
"regret, be sorry for [**On**]","憾,カン","",Guess the romaji equivalent of the Onyomi reading,Text
"rejoice [**On**]","愉,ユ","",Guess the romaji equivalent of the Onyomi reading,Text
"relate, narrate, describe, write, confer (a rank), write a preface [**On**]","叙,ジョ","",Guess the romaji equivalent of the Onyomi reading,Text
"repeat, occur repeatedly [**On**]","頻,ヒン","",Guess the romaji equivalent of the Onyomi reading,Text
"resemble [**On**]","肖,ショウ","",Guess the romaji equivalent of the Onyomi reading,Text
"restaurant, mansion, arbor, cottage, vaudeville, music hall, stage name [**On**]","亭,テイ","",Guess the romaji equivalent of the Onyomi reading,Text
"return, take one's leave, come again, come around (time) [**On**]","還,カン","",Guess the romaji equivalent of the Onyomi reading,Text
"reward, retribution [**On**]","酬,シュウ","",Guess the romaji equivalent of the Onyomi reading,Text
"rhyme, elegance, tone [**On**]","韻,イン","",Guess the romaji equivalent of the Onyomi reading,Text
"rising, price rise [**On**]","騰,トウ","",Guess the romaji equivalent of the Onyomi reading,Text
"rope, cord [**On**]","索,サク","",Guess the romaji equivalent of the Onyomi reading,Text
"rub, rub off, polish, grind, graze, scrape, be equal to, be about to reach [**On**]","摩,マ","",Guess the romaji equivalent of the Onyomi reading,Text
"run [**On**]","奔,ホン","",Guess the romaji equivalent of the Onyomi reading,Text
"salary [**On**]","俸,ホウ","",Guess the romaji equivalent of the Onyomi reading,Text
"salary, order [**On**]","秩,チツ","",Guess the romaji equivalent of the Onyomi reading,Text
"saltpeter [**On**]","硝,ショウ","",Guess the romaji equivalent of the Onyomi reading,Text
"scold, get hoarse [**On**]","喝,カツ","",Guess the romaji equivalent of the Onyomi reading,Text
"selection, summary, one tenth of a shaku(勺) [**On**]","抄,ショウ","",Guess the romaji equivalent of the Onyomi reading,Text
"severity, cruelty [**On**]","酷,コク","",Guess the romaji equivalent of the Onyomi reading,Text
"Shinto zigzag paper offerings, bad habit, humble prefix, gift [**On**]","幣,ヘイ","",Guess the romaji equivalent of the Onyomi reading,Text
"ship [**On**]","舶,ハク","",Guess the romaji equivalent of the Onyomi reading,Text
"shore [**On**]","涯,ガイ","",Guess the romaji equivalent of the Onyomi reading,Text
"silent meditation, Buddhist sect originating in the twelfth century [**On**]","禅,ゼン","",Guess the romaji equivalent of the Onyomi reading,Text
"silk gauze, thin silk [**On**]","羅,ラ","",Guess the romaji equivalent of the Onyomi reading,Text
"simple, plain, docile [**On**]","朴,ボク","",Guess the romaji equivalent of the Onyomi reading,Text
"singing, recital, song, poem [**On**]","吟,ギン","",Guess the romaji equivalent of the Onyomi reading,Text
"sleep, die [**On**]","睡,スイ","",Guess the romaji equivalent of the Onyomi reading,Text
"small boat [**On**]","艇,テイ","",Guess the romaji equivalent of the Onyomi reading,Text
"spy [**On**]","偵,テイ","",Guess the romaji equivalent of the Onyomi reading,Text
"steal [**On**]","窃,セツ","",Guess the romaji equivalent of the Onyomi reading,Text
"step on, trample on, stamp on, carry through, practice, appraise, set foot on, evade payment [**On**]","践,セン","",Guess the romaji equivalent of the Onyomi reading,Text
"strength [**On**]","剛,ゴウ","",Guess the romaji equivalent of the Onyomi reading,Text
"strike, hit, beat, knock, slap, punch, thrash, smite, clap (one's hands), beat (a drum), ring (a bell), (clocks) strike, impress, touch, shoot, pound in (a nail), water, sprinkle, braid, play (checkers), till (the soil), temper (a sword), prepare (buckwheat noodles), present (a play), cast (a net), pay (earnest money) [**On**]","撲,ボク","",Guess the romaji equivalent of the Onyomi reading,Text
"stubborn, foolish [**On**]","頑,ガン","",Guess the romaji equivalent of the Onyomi reading,Text
"sulphur [**On**]","硫,リュウ","",Guess the romaji equivalent of the Onyomi reading,Text
"sunken rock [**On**]","礁,ショウ","",Guess the romaji equivalent of the Onyomi reading,Text
"supremacy, leadership, domination, hegemony, supreme ruler, champion [**On**]","覇,ハ","",Guess the romaji equivalent of the Onyomi reading,Text
"threaten, frighten, intimidate [**On**]","嚇,カク","",Guess the romaji equivalent of the Onyomi reading,Text
"tie up, hang (someone), arrest, fasten [**On**]","括,カツ","",Guess the romaji equivalent of the Onyomi reading,Text
"times [**On**]","遍,ヘン","",Guess the romaji equivalent of the Onyomi reading,Text
"tub, tank, vat [**On**]","槽,ソウ","",Guess the romaji equivalent of the Onyomi reading,Text
"uncle, youth [**On**]","叔,シュク","",Guess the romaji equivalent of the Onyomi reading,Text
"urge, encourage [**On**]","奨,ショウ","",Guess the romaji equivalent of the Onyomi reading,Text
"vague, obscure, deserd, wide [**On**]","漠,バク","",Guess the romaji equivalent of the Onyomi reading,Text
"valley [**On**]","渓,ケイ","",Guess the romaji equivalent of the Onyomi reading,Text
"villa, inn [**On**]","荘,ソウ","",Guess the romaji equivalent of the Onyomi reading,Text
"wall, fence [**On**]","塀,ヘイ","",Guess the romaji equivalent of the Onyomi reading,Text
"warship [**On**]","艦,カン","",Guess the romaji equivalent of the Onyomi reading,Text
"wash, pour on, rinse [**On**]","濯,タク","",Guess the romaji equivalent of the Onyomi reading,Text
"wedge [**On**]","轄,カツ","",Guess the romaji equivalent of the Onyomi reading,Text
"whey, broth, fruit juice [**On**]","酪,ラク","",Guess the romaji equivalent of the Onyomi reading,Text
"withdraw, disarm (a ship), dismantle (a fort), remove, reject, exclude [**On**]","撤,テツ","",Guess the romaji equivalent of the Onyomi reading,Text
"without authority, without reason, arbitrarily, unnecessarily, indiscriminately, recklessly [**On**]","妄,モウ,ボウ","",Guess the romaji equivalent of the Onyomi reading,Text
"woolen kimono [**On**]","褐,カツ","",Guess the romaji equivalent of the Onyomi reading,Text
"dawn, daybrake, in the event (of) [**On**]","暁,ギョウ","Kunyomi: あかつき = dawn, daybrake, in the event (of)",Guess the romaji equivalent of the Onyomi reading,Text
"flax, hemp, ramie, jute, linen [**On**]","麻,マ","Kunyomi: あさ = flax, hemp, ramie, jute, linen",Guess the romaji equivalent of the Onyomi reading,Text
"fill [**On**]","充,ジュウ","Kunyomi: あてる = apply, place, put, hit (the mark), guess, succeed, expose to, sit (on a cushion), assign, allocate, call on (a pupil)",Guess the romaji equivalent of the Onyomi reading,Text
"despise, make light of [**On**]","侮,ブ","Kunyomi: あなどる = despise, make light of",Guess the romaji equivalent of the Onyomi reading,Text
"nun [**On**]","尼,ニ","Kunyomi: あま = nun",Guess the romaji equivalent of the Onyomi reading,Text
"bubble, foam, froth, scum, suds [**On**]","泡,ホウ","Kunyomi: あわ = bubble, foam, froth, scum, suds",Guess the romaji equivalent of the Onyomi reading,Text
"get together, unite [**On**]","併,ヘイ","Kunyomi: あわせる = get together, unite",Guess the romaji equivalent of the Onyomi reading,Text
"heal, cure, quench (thirst), wreak (vengeance) [**On**]","癒,ユ","Kunyomi: いえる,いやす = heal, cure, quench (thirst), wreak (vengeance),recover, be healed",Guess the romaji equivalent of the Onyomi reading,Text
"resent, be indignant, become angry [**On**]","憤,フン","Kunyomi: いきどおる = resent, be indignant, become angry",Guess the romaji equivalent of the Onyomi reading,Text
"grieve over [**On**]","悼,トウ","Kunyomi: いたむ = grieve over",Guess the romaji equivalent of the Onyomi reading,Text
"lie, falsity, deceive, pretend, cheat [**On**]","偽,ギ","Kunyomi: いつわる,にせ = lie, falsity, deceive, pretend, cheat, sham, counterfeit, forgery, imitation, false (prophet)",Guess the romaji equivalent of the Onyomi reading,Text
"challenge, contend for, make love to [**On**]","挑,チョウ","Kunyomi: いどむ = challenge, contend for, make love to",Guess the romaji equivalent of the Onyomi reading,Text
"be hungry, starve [**On**]","飢,キ","Kunyomi: うえる = be hungry, starve",Guess the romaji equivalent of the Onyomi reading,Text
"eddy, whirlpool, vortex [**On**]","渦,カ","Kunyomi: うず = eddy, whirlpool, vortex",Guess the romaji equivalent of the Onyomi reading,Text
"rough, sparseness, estrangement [**On**]","疎,ソ","Kunyomi: うとい,うとむ = neglect, shun, alienate,distant, estranged, disinterested, ignorant of",Guess the romaji equivalent of the Onyomi reading,Text
"respectful, reverent [**On**]","恭,キョウ","Kunyomi: うやうやしい = respectful, reverent",Guess the romaji equivalent of the Onyomi reading,Text
"lacquer, varnish [**On**]","漆,シツ","Kunyomi: うるし = lacquer, varnish",Guess the romaji equivalent of the Onyomi reading,Text
"grieve, lament, be anxious [**On**]","愁,シュウ","Kunyomi: うれえる,うれい = grieve, lament, be anxious,sad, unhappy, gloomy",Guess the romaji equivalent of the Onyomi reading,Text
"inlet, bay [**On**]","江,コウ","Kunyomi: え = inlet, bay",Guess the romaji equivalent of the Onyomi reading,Text
"neck, neckband, collar, lapel [**On**]","襟,キン","Kunyomi: えり = neck, neckband, collar, lapel",Guess the romaji equivalent of the Onyomi reading,Text
"beginning, inception, end [**On**]","緒,ショ,チョ","Kunyomi: お = cord, strap, thong, clog cord, string",Guess the romaji equivalent of the Onyomi reading,Text
"fall into, get into, slide into, lapse into, cave in, sink, fall (a fort) [**On**]","陥,カン","Kunyomi: おちいる,おとしいれる = fall into, get into, slide into, lapse into, cave in, sink, fall (a fort), ensnare, tempt",Guess the romaji equivalent of the Onyomi reading,Text
"send forth fragrance, be scented, impregnate with [**On**]","薫,クン","Kunyomi: かおる = smell, be fragrant",Guess the romaji equivalent of the Onyomi reading,Text
"hang, set up (a ladder), cover, construct, install, sit down, sprinkle, pour on, put on, ring up, weigh, multiply, levy, pay (in installments), anchor, start (a machine), wind, turn on (radio), spend on, offer (prizes), put (under treatment), set (on fire) [**On**]","懸,ケン,ケ","Kunyomi: かける,かかる = hang, set up (a ladder), cover, construct, install, sit down, sprinkle, pour on, put on, ring up, weigh, multiply, levy, pay (in installments), anchor, start (a machine), wind, turn on (radio), spend on, offer (prizes), put (under treatment), set (on fire),hang on, be suspended from, be caught, be trapped, be built, begin, arrive at, require, cost, play against, oppose, be splashed, weigh (a pound), be levied, (the instrument or tool) works, attack, fall on, is now showing at, consult, depend (on a son)",Guess the romaji equivalent of the Onyomi reading,Text
"umbrella, parasol [**On**]","傘,サン","Kunyomi: かさ = umbrella, parasol",Guess the romaji equivalent of the Onyomi reading,Text
"work, earn money [**On**]","稼,カ","Kunyomi: かせぐ = work, earn money",Guess the romaji equivalent of the Onyomi reading,Text
"side, left radical of a character, inclining [**On**]","偏,ヘン","Kunyomi: かたよる = lean, incline, be biased",Guess the romaji equivalent of the Onyomi reading,Text
"kiln, oven, furnace, stove [**On**]","窯,ヨウ","Kunyomi: かま = kiln, oven, furnace, stove",Guess the romaji equivalent of the Onyomi reading,Text
"brew, cause, give rise to [**On**]","醸,ジョウ","Kunyomi: かもす = brew, cause, give rise to",Guess the romaji equivalent of the Onyomi reading,Text
"husk, hull, nutshell, castoff skin, tofu refuse, corpse, earth's crust [**On**]","殻,カク","Kunyomi: から = husk, hull, nutshell, castoff skin, tofu refuse, corpse, earth's crust",Guess the romaji equivalent of the Onyomi reading,Text
"thirst [**On**]","渇,カツ","Kunyomi: かわく = be thirsty, feel dry, dry up, be parched",Guess the romaji equivalent of the Onyomi reading,Text
"dislike, hate, be unwilling (to do something), [**On**]","嫌,ケン,ゲン","Kunyomi: きらう,いや = hate, detest, dislike, disagreeable",Guess the romaji equivalent of the Onyomi reading,Text
"be destitute, suffer, be perplexed, be cornered [**On**]","窮,キュウ","Kunyomi: きわめる,きわまる = investigate thoroly, carry to extremes, be in a dilemma",Guess the romaji equivalent of the Onyomi reading,Text
"stem, stalk [**On**]","茎,ケイ","Kunyomi: くき = stem, stalk",Guess the romaji equivalent of the Onyomi reading,Text
"odor, savor, fragrance [**On**]","臭,シュウ","Kunyomi: くさい,におう = illsmelling, suspiciouslooking,smell, odor, scent, stench, fragrance, aroma, perfume",Guess the romaji equivalent of the Onyomi reading,Text
"break, smash, crush, pulverize, tax (one's ingenuity), explain simply [**On**]","砕,サイ","Kunyomi: くだく,くだける = break, smash, crush, pulverize, tax (one's ingenuity), explain simply,crumble, be crushed, go to pieces, become familiar",Guess the romaji equivalent of the Onyomi reading,Text
"lip [**On**]","唇,シン","Kunyomi: くちびる = lip",Guess the romaji equivalent of the Onyomi reading,Text
"shoes [**On**]","靴,カ","Kunyomi: くつ = shoes, boots",Guess the romaji equivalent of the Onyomi reading,Text
"serving sake, the server [**On**]","酌,シャク","Kunyomi: くむ = draw (water), ladle, dip, scoop, pump, consider, sympathize with, drink, think",Guess the romaji equivalent of the Onyomi reading,Text
"harp [**On**]","琴,キン","Kunyomi: こと = long horizontal Japanese harp, a koto, lyre",Guess the romaji equivalent of the Onyomi reading,Text
"refuse, reject, decline, repudiate, resist, oppose, prevent, deny [**On**]","拒,キョ","Kunyomi: こばむ = refuse, reject, decline, repudiate, resist, oppose, prevent, deny",Guess the romaji equivalent of the Onyomi reading,Text
"chastise, punish, discipline [**On**]","懲,チョウ","Kunyomi: こりる,こらす,こらしめる = chastise, punish, discipline,learn by experience, be disgusted with",Guess the romaji equivalent of the Onyomi reading,Text
"interrupt, obstruct, intercept [**On**]","遮,シャ","Kunyomi: さえぎる = interrupt, obstruct, intercept",Guess the romaji equivalent of the Onyomi reading,Text
"search, look for, locate, glean [**On**]","捜,ソウ","Kunyomi: さがす = search, look for, locate, glean",Guess the romaji equivalent of the Onyomi reading,Text
"insert, put in, graft (a branch), wear (a sword), carry (in the belt) [**On**]","挿,ソウ","Kunyomi: さす = insert, put in, graft (a branch), wear (a sword), carry (in the belt)",Guess the romaji equivalent of the Onyomi reading,Text
"admonish, charge, remonstrate with, counsel, persuade, warn, make known to [**On**]","諭,ユ","Kunyomi: さとす = admonish, charge, remonstrate with, counsel, persuade, warn, make known to",Guess the romaji equivalent of the Onyomi reading,Text
"monkey [**On**]","猿,エン","Kunyomi: さる = monkey, ape, minic, sly person, door bolt, fastener",Guess the romaji equivalent of the Onyomi reading,Text
"bear, endure, put up with, hide (oneself) [**On**]","忍,ニン","Kunyomi: しのぶ,しのばせる = bear, endure, put up with, hide (oneself),conceal, secrete",Guess the romaji equivalent of the Onyomi reading,Text
"hesitate, be reluctant, have loose painful bowel movements [**On**]","渋,ジュウ","Kunyomi: しぶ,しぶい,しぶる = hesitate, be reluctant, have loose painful bowel movements,puckery taste (of persimmons), sobriety, quietness,puckery, astringent, sullen, quiet, sober, tasteful (in dress)",Guess the romaji equivalent of the Onyomi reading,Text
"frost [**On**]","霜,ソウ","Kunyomi: しも = frost",Guess the romaji equivalent of the Onyomi reading,Text
"juice [**On**]","汁,ジュウ","Kunyomi: しる = juice, sap, soup, broth, gravy, pus",Guess the romaji equivalent of the Onyomi reading,Text
"vinegar [**On**]","酢,サク","Kunyomi: す = vinegar",Guess the romaji equivalent of the Onyomi reading,Text
"bell, hand bell, buzzer [**On**]","鈴,レイ,リン","Kunyomi: すず = bell",Guess the romaji equivalent of the Onyomi reading,Text
"cool [**On**]","涼,リョウ","Kunyomi: すずしい,すずむ = cool oneself, enjoy the evening air,cool, refreshing",Guess the romaji equivalent of the Onyomi reading,Text
"recommendation, advice, encouragement [**On**]","薦,セン","Kunyomi: すすめる = recommend, advise, encourage, offer (wine)",Guess the romaji equivalent of the Onyomi reading,Text
"obsolescence, cessation, discarding [**On**]","廃,ハイ","Kunyomi: すたれる,すたる = become useless, get out of date, die out, be abolished, decline (in prosperity)",Guess the romaji equivalent of the Onyomi reading,Text
"corner [**On**]","隅,グウ","Kunyomi: すみ = corner, nook",Guess the romaji equivalent of the Onyomi reading,Text
"tempt, seduce, instigate, promote [**On**]","唆,サ","Kunyomi: そそのかす = tempt, seduce, instigate, promote",Guess the romaji equivalent of the Onyomi reading,Text
"endure, support, withstand, resist, brave, weather, be fit for, be equal to [**On**]","堪,カン","Kunyomi: たえる = endure, support, withstand, resist, brave, weather, be fit for, be equal to",Guess the romaji equivalent of the Onyomi reading,Text
"dragon, imperial [**On**]","竜,リュウ","Kunyomi: たつ = dragon",Guess the romaji equivalent of the Onyomi reading,Text
"deign to, grant, give, bestow on, honor with [**On**]","賜,シ","Kunyomi: たまわる = deign to, grant, give, bestow on, honor with",Guess the romaji equivalent of the Onyomi reading,Text
"straighten, correct, reform, cure, control (one's feelings), pretend, falsify, aim [**On**]","矯,キョウ","Kunyomi: ためる = straighten, correct, reform, cure, control (one's feelings), pretend, falsify, aim",Guess the romaji equivalent of the Onyomi reading,Text
"swear, plegde, vow [**On**]","誓,セイ","Kunyomi: ちかう = swear, plegde, vow",Guess the romaji equivalent of the Onyomi reading,Text
"port, harbor, ferry [**On**]","津,シン","Kunyomi: つ = port, harbor, ferry",Guess the romaji equivalent of the Onyomi reading,Text
"make up for, recompense, redeem (one's faults), compensate for, indemnify, atone for [**On**]","償,ショウ","Kunyomi: つぐなう = make up for, recompense, redeem (one's faults), compensate for, indemnify, atone for",Guess the romaji equivalent of the Onyomi reading,Text
"clumsy, unskillful [**On**]","拙,セツ","Kunyomi: つたない = clumsy, bungling, unskillful",Guess the romaji equivalent of the Onyomi reading,Text
"cultivate, foster [**On**]","培,バイ","Kunyomi: つちかう = cultivate, foster",Guess the romaji equivalent of the Onyomi reading,Text
"pipette, tube [**On**]","筒,トウ","Kunyomi: つつ = pipe, tube, case, gun barrel, sleeve, well curb",Guess the romaji equivalent of the Onyomi reading,Text
"be discreet, be careful, be prudent, be cautious, restrain oneself, be moderate [**On**]","謹,キン","Kunyomi: つつしむ = be discreet, be careful, be prudent, be cautious, restrain oneself, be moderate",Guess the romaji equivalent of the Onyomi reading,Text
"spin, make yarn [**On**]","紡,ボウ","Kunyomi: つむぐ = spin, make yarn",Guess the romaji equivalent of the Onyomi reading,Text
"angle, fish, catch, decoy, allure [**On**]","釣,チョウ","Kunyomi: つる = angle, fish, catch, decoy, allure",Guess the romaji equivalent of the Onyomi reading,Text
"bowstring, chord (in geometry), hypotenuse, crescent (moon), bowstring, string (of an instrument) [**On**]","弦,ゲン","Kunyomi: つる = bowstring, teakettle handle made of bamboo or vines",Guess the romaji equivalent of the Onyomi reading,Text
"door, title page, front page [**On**]","扉,ヒ","Kunyomi: とびら = door, title page, front page",Guess the romaji equivalent of the Onyomi reading,Text
"mourning [**On**]","弔,チョウ","Kunyomi: とむらう = mourn for, hold a memorial service for, condole",Guess the romaji equivalent of the Onyomi reading,Text
"mud, mire [**On**]","泥,デイ","Kunyomi: どろ = mud, mire, dirt, slush, disgrace",Guess the romaji equivalent of the Onyomi reading,Text
"watch, look at, see, scrutinize [**On**]","眺,チョウ","Kunyomi: ながめる = watch, look at, see, scrutinize",Guess the romaji equivalent of the Onyomi reading,Text
"cat [**On**]","猫,ビョウ","Kunyomi: ねこ = cat",Guess the romaji equivalent of the Onyomi reading,Text
"kind, courteous, hospitable, cordial [**On**]","懇,コン","Kunyomi: ねんごろ = kind, courteous, hospitable, cordial",Guess the romaji equivalent of the Onyomi reading,Text
"blade, sword, cutting tool [**On**]","刃,ジン","Kunyomi: は = blade, edge",Guess the romaji equivalent of the Onyomi reading,Text
"trample on, stamp on, carry through, practice, appraise, set foot on, evade payment, step on [**On**]","履,リ","Kunyomi: はく = put on (the feet)",Guess the romaji equivalent of the Onyomi reading,Text
"put between, hold between, insert, jam into, nip, interpose [**On**]","挟,キョウ","Kunyomi: はさむ,はさまる = put between, hold between, insert, jam into, nip, interpose, get between, be caught in, be jammed in, be hemmed in, be sandwiched between, be pinned under, lie between",Guess the romaji equivalent of the Onyomi reading,Text
"exceedingly [**On**]","甚,ジン","Kunyomi: はなはだ,はなはだしい = very, greatly, exceedingly,extreme, excessive, intense, severe, serious",Guess the romaji equivalent of the Onyomi reading,Text
"heart, feeling [**On**]","懐,カイ","Kunyomi: ふところ,なつかしい,なつかしむ,なつく,なつける = bosom, breast, heart, pocket, purse, dear, longedfor, yearning for, yearn for, miss someone, win over, win another’s heart, become attached to",Guess the romaji equivalent of the Onyomi reading,Text
"snake, serpent, hard drinker [**On**]","蛇,ジャ,ダ","Kunyomi: へび = snake",Guess the romaji equivalent of the Onyomi reading,Text
"firefly [**On**]","蛍,ケイ","Kunyomi: ほたる = firefly",Guess the romaji equivalent of the Onyomi reading,Text
"praise, extol [**On**]","褒,ホウ","Kunyomi: ほめる = praise, commend",Guess the romaji equivalent of the Onyomi reading,Text
"cavity [**On**]","洞,ドウ","Kunyomi: ほら = cave, den, excavation",Guess the romaji equivalent of the Onyomi reading,Text
"board, supply, finance [**On**]","賄,ワイ","Kunyomi: まかなう = board, supply, finance",Guess the romaji equivalent of the Onyomi reading,Text
"1.8 liter [**On**]","升,ショウ","Kunyomi: ます = a measuring box",Guess the romaji equivalent of the Onyomi reading,Text
"cocoon [**On**]","繭,ケン","Kunyomi: まゆ = cocoon",Guess the romaji equivalent of the Onyomi reading,Text
"polish, scour, shine (shoes), brush (teeth), improve (skill), cultivate (character), train (the mind) [**On**]","磨,マ","Kunyomi: みがく = polish, scour, shine (shoes), brush (teeth), improve (skill), cultivate (character), train (the mind)",Guess the romaji equivalent of the Onyomi reading,Text
"imperial edict [**On**]","詔,ショウ","Kunyomi: みことのり = imperial edict, decree",Guess the romaji equivalent of the Onyomi reading,Text
"ditch, gutter, sewer, drain [**On**]","溝,コウ","Kunyomi: みぞ = ditch, gutter, drain, groove, slot, gulf, gap",Guess the romaji equivalent of the Onyomi reading,Text
"tribute [**On**]","貢,コウ,ク","Kunyomi: みつぐ = support, finance",Guess the romaji equivalent of the Onyomi reading,Text
"ugliness, uncleanness, shame [**On**]","醜,シュウ","Kunyomi: みにくい = badlooking, ugly, unsightly, indecent, disgraceful",Guess the romaji equivalent of the Onyomi reading,Text
"seeing, diagnosing [**On**]","診,シン","Kunyomi: みる = diagnose, examine",Guess the romaji equivalent of the Onyomi reading,Text
"ridge, ridgepole, counter for buildings [**On**]","棟,トウ","Kunyomi: むね,むな = ridge, ridgepole, counter for buildings",Guess the romaji equivalent of the Onyomi reading,Text
"duckweed, seaweed [**On**]","藻,ソウ","Kunyomi: も = duckweed, seaweed",Guess the romaji equivalent of the Onyomi reading,Text
"mourning [**On**]","喪,ソウ","Kunyomi: も = mourning",Guess the romaji equivalent of the Onyomi reading,Text
"return, turn back, revert to, resume, return to, be returned, go backward [**On**]","戻,レイ","Kunyomi: もどす,もどる = return, turn back, revert to, resume, return to, be returned, go backward,restore, turn back (a clock), reject, vomit",Guess the romaji equivalent of the Onyomi reading,Text
"willow [**On**]","柳,リュウ","Kunyomi: やなぎ = willow",Guess the romaji equivalent of the Onyomi reading,Text
"soft [**On**]","軟,ナン","Kunyomi: やわらか,やわらかい = soft",Guess the romaji equivalent of the Onyomi reading,Text
"die, pass away [**On**]","逝,セイ","Kunyomi: ゆく,いく = die, pass away",Guess the romaji equivalent of the Onyomi reading,Text
"evening, early night hours [**On**]","宵,ショウ","Kunyomi: よい = evening, early night hours",Guess the romaji equivalent of the Onyomi reading,Text
"boil, get hot, ferment, seethe, be in an uproar, gush out, grow, breed, be hatched [**On**]","沸,フツ","Kunyomi: わく,わかす = boil, get hot, ferment, seethe, be in an uproar, gush out, grow, breed, be hatched,heat up (the bath), melt",Guess the romaji equivalent of the Onyomi reading,Text
"disease [**On**]","患,カン","Kunyomi: わずらう = be ill, suffer from, be afficted",Guess the romaji equivalent of the Onyomi reading,Text
"worry, trouble [**On**]","煩,ハン,ボン","Kunyomi: わずらう,わずらわす = be ill, worry, be afflicted, be in pain, be troubled,trouble, keep (someone) busy, disturb, annoy",Guess the romaji equivalent of the Onyomi reading,Text