Question,Answer,Comment,Instruction,Render as
"卸,||おろす,おろし||","sell at wholesale, grated (vegetables), wholesale","",Guess the meaning of the Kunyomi reading,Text
"又,||また||","again, and, furthermore, on the other hand","",Guess the meaning of the Kunyomi reading,Text
"姫,||ひめ||","princess, young lady of birth,little, pretty","",Guess the meaning of the Kunyomi reading,Text
"掛,||かける,かかる,かかり||","hang on, be suspended from, be caught, be trapped, be built, begin, arrive at, require, cost, play against, oppose, be splashed, weigh (a pound), be levied, (the instrument or tool) works, attack","",Guess the meaning of the Kunyomi reading,Text
"滝,||たき||","waterfall, rapids, cascade","",Guess the meaning of the Kunyomi reading,Text
"瀬,||せ||","current, torrent, rapids, shallows, shoal","",Guess the meaning of the Kunyomi reading,Text
"哀,||あわれ,あわれむ||","pity, have mercy on, sympathize with, grief, sorrow, misery, compassion, pathos","Onyomi: アイ = pity, have mercy on, sympathize with",Guess the meaning of the Kunyomi reading,Text
"慰,||なぐさめる,なぐさむ||","amuse oneself, make sport of, seduce, comfort, console, cheer","Onyomi: イ = amuse oneself, make sport of, seduce",Guess the meaning of the Kunyomi reading,Text
"詠,||よむ||","recite, chant","Onyomi: エイ = poem, song, singing, composing",Guess the meaning of the Kunyomi reading,Text
"炎,||ほのお||","flame, blaze","Onyomi: エン = inflammation",Guess the meaning of the Kunyomi reading,Text
"殴,||なぐる||","hit, beat, thrash","Onyomi: オウ = hit, beat, thrash",Guess the meaning of the Kunyomi reading,Text
"穏,||おだやか||","calm, quiet, peace, moderation","Onyomi: オン = calm, quiet, peace, moderation",Guess the meaning of the Kunyomi reading,Text
"架,||かける,かかる||","build (a bridge), hang","Onyomi: カ = frame, mount, stand, support, hang up, shelf",Guess the meaning of the Kunyomi reading,Text
"嫁,||よめ,とつぐ||","marry off, get married, bride, young wife, daughterin law","Onyomi: カ = marry (a man), be married to, blame",Guess the meaning of the Kunyomi reading,Text
"華,||はな||","flower","Onyomi: カ,ケ = flower, petal, shining, luster, China",Guess the meaning of the Kunyomi reading,Text
"塊,||かたまり||","lump, chunk, clod, mass, clump, cluster, group, flock, bigotry, personification (of)","Onyomi: カイ = lump, chunk, clod, mass, clot, ingot",Guess the meaning of the Kunyomi reading,Text
"怪,||あやしい,あやしむ||","doubt, be suspicious of, wonder at, undependable, mysterious, strange","Onyomi: カイ = mystery, apparition",Guess the meaning of the Kunyomi reading,Text
"悔,||くいる,くやむ,くやしい||","repend, regret,repent of, mourn for, condole with, vexing, regretable, mortifying","Onyomi: カイ = repend, regret",Guess the meaning of the Kunyomi reading,Text
"隔,||へだてる,へだたる||","separate, interpose, screen, shield, estrange, be distant from, be separated from, become estranged","Onyomi: カク = distance, every other, alternate",Guess the meaning of the Kunyomi reading,Text
"岳,||たけ||","peak, mountain","Onyomi: ガク = peak, mountain",Guess the meaning of the Kunyomi reading,Text
"滑,||すべる,なめらか||","slide, glide, skate, be slippery, slip, fail in exams, smooth","Onyomi: カツ,コツ = slide, glide, skate, be slippery, slip, fail in exams",Guess the meaning of the Kunyomi reading,Text
"貫,||つらぬく||","pierce, penetrate, perforate, shoot through, attain (one's object)","Onyomi: カン = 8.3/1 pounds",Guess the meaning of the Kunyomi reading,Text
"換,||かえる,かわる||","change, turn, convert, exchange, renew, substitute, replace, relieve","Onyomi: カン = change, turn, convert, exchange, renew, substitute, replace",Guess the meaning of the Kunyomi reading,Text
"冠,||かんむり||","crown, diadem, a top character radical","Onyomi: カン = crown, diadem, first, best, peerless",Guess the meaning of the Kunyomi reading,Text
"肝,||きも||","liver, pluck, courage, nerve","Onyomi: カン = liver",Guess the meaning of the Kunyomi reading,Text
"緩,||ゆるい,ゆるやか,ゆるむ,ゆるめる||","loose, slack, lenient, generous, slow, easy (grade), gentle, slow (stream), loosen, lessen, relax, be unguarded, be moderate, unbend, unfasten, ease, slacken, mitigate","Onyomi: カン = loosen, lessen, relax, be unguarded, be moderate",Guess the meaning of the Kunyomi reading,Text
"欺,||あざむく||","deceive, cheat, delude","Onyomi: ギ = deceive, cheat, delude",Guess the meaning of the Kunyomi reading,Text
"忌,||いむ,いまわしい||","abhor, have an aversion for, avoid, shun, taboo, abstain from, objectionable, abominable, offensive, ominous, unlucky","Onyomi: キ = mourning, death anniversary, something detestable",Guess the meaning of the Kunyomi reading,Text
"企,||くわだてる||","plan, plot, propose, design, intend, contemplate, attempt, undertake","Onyomi: キ = plan, plot, propose, design, intend, contemplate, attempt, undertake",Guess the meaning of the Kunyomi reading,Text
"既,||すでに||","previously, already, long ago, on the point of, actually","Onyomi: キ = previously, already, long ago, on the point of, actually",Guess the meaning of the Kunyomi reading,Text
"虐,||しいたげる||","oppress, tyrannixe","Onyomi: ギャク = oppress, tyrannixe",Guess the meaning of the Kunyomi reading,Text
"凝,||こる,こらす||","feel stiff, get stiff, be absorbed in, be devoted to, be a fanatic, elaborate, concentrate, devote, apply, strain, rack","Onyomi: ギョウ = freeze, congeal",Guess the meaning of the Kunyomi reading,Text
"脅,||おびやかす,おどす,おどかす||","threaten, coerce","Onyomi: キョウ = threaten, coerce",Guess the meaning of the Kunyomi reading,Text
"愚,||おろか||","foolish, stupid, dull","Onyomi: グ = folly, foolishness, absurdity, fool",Guess the meaning of the Kunyomi reading,Text
"携,||たずさえる,たずさわる||","carry (in the hand), be armed with, carry along, bring (someone) along, participate in, be concerned in","Onyomi: ケイ = carry (in the hand), be armed with, carry along, bring (someone) along",Guess the meaning of the Kunyomi reading,Text
"鶏,||にわとり||","chicken","Onyomi: ケイ = chicken",Guess the meaning of the Kunyomi reading,Text
"契,||ちぎる||","pledge, vow, swear, promise","Onyomi: ケイ = pledge, vow, swear, promise",Guess the meaning of the Kunyomi reading,Text
"掲,||かかげる||","put up, hang out, hoist, display, publish, insert, describe, mention","Onyomi: ケイ = put up, hang out, hoist, display, publish, insert, describe, mention",Guess the meaning of the Kunyomi reading,Text
"憩,||いこい,いこう||","rest, relax, repose","Onyomi: ケイ = rest, relax, repose",Guess the meaning of the Kunyomi reading,Text
"鯨,||くじら||","whale","Onyomi: ゲイ = whale",Guess the meaning of the Kunyomi reading,Text
"幻,||まぼろし||","vision, dream, illusion, apparition","Onyomi: ゲン = vision, dream, illusion, apparition",Guess the meaning of the Kunyomi reading,Text
"賢,||かしこい||","wise, intelligent","Onyomi: ケン = wisdom, cleverness",Guess the meaning of the Kunyomi reading,Text
"雇,||やとう||","employ, hire","Onyomi: コ = employ, hire",Guess the meaning of the Kunyomi reading,Text
"顧,||かえりみる||","look back, turn around, look back upon, review, examine oneself, take notice of","Onyomi: コ = look back, turn around, look back upon, review, examine oneself, take notice of",Guess the meaning of the Kunyomi reading,Text
"悟,||さとる||","perceive, discern, realize, understand, comprehend, attain enlightenment, find one's philosophy","Onyomi: ゴ = perceive, discern, realize, understand, comprehend, attain enlightenment, find one's philosophy",Guess the meaning of the Kunyomi reading,Text
"慌,||あわてる,あわただしい||","be confused, lose one's head, be hurried, be hasty, busy, bustling, confused","Onyomi: コウ = be confused, lose one's head, be hurried, be hasty",Guess the meaning of the Kunyomi reading,Text
"綱,||つな||","rope, cord, string, line, hawser, cable, morality","Onyomi: コウ = class (in zoology)",Guess the meaning of the Kunyomi reading,Text
"控,||ひかえる||","memo, duplicate, waiting, prop, reserve","Onyomi: コウ = draw in, hold back, suspend (judgment), refrain from, be moderate, write, make notes, wait, have, moderate (a report)",Guess the meaning of the Kunyomi reading,Text
"硬,||かたい||","hard, solid, tough, rigid, tight, steady, firm, strict, safe, reliable, upright, chaste, constant, stiff, bookish, classical, stubborn","Onyomi: コウ = hard, solid, tough, rigid, tight, steady, firm, strict, safe, reliable, upright, chaste, constant, stiff, bookish, classical, stubborn",Guess the meaning of the Kunyomi reading,Text
"巧,||たくみ||","skill, ingenuity","Onyomi: コウ = skilled",Guess the meaning of the Kunyomi reading,Text
"絞,||しぼる,しめる,しまる||","strangle, constrict, wring,squeeze, press, extract, milk, close tight, extort, scold","Onyomi: コウ = strangle, constrict, wring",Guess the meaning of the Kunyomi reading,Text
"恨,||うらむ,うらめしい||","bear a grudge, show resentment, hateful, bitter","Onyomi: コン = bear a grudge, show resentment",Guess the meaning of the Kunyomi reading,Text
"魂,||たましい||","soul, spirit","Onyomi: コン = soul, spirit",Guess the meaning of the Kunyomi reading,Text
"催,||もよおす||","hold (a meeting), give (a dinner), feel, show signs of, develop symptoms of, feel (sick)","Onyomi: サイ = hold (a meeting), give (a dinner), feel, show signs of, develop symptoms of, feel (sick)",Guess the meaning of the Kunyomi reading,Text
"削,||けずる||","plane, sharpen, whittle, pare, shave (leather), scrape off, cross out, reduce, curtail","Onyomi: サク = plane, sharpen, whittle, pare, shave (leather), scrape off, cross out, reduce, curtail",Guess the meaning of the Kunyomi reading,Text
"搾,||しぼる||","wring, squeeze, press, extract, milk, close tight, extort, scold","Onyomi: サク = wring, squeeze, press, extract, milk, close tight, extort, scold",Guess the meaning of the Kunyomi reading,Text
"撮,||とる||","take (pictures)","Onyomi: サツ = pick, pinch, hold in the fingers, summarize",Guess the meaning of the Kunyomi reading,Text
"擦,||する,すれる||","rub, chafe, strike (a match), frost (glass),wear, become sophisticated","Onyomi: サツ = rub, scour, scrub, scratch, scrape, brush",Guess the meaning of the Kunyomi reading,Text
"諮,||はかる||","consult with","Onyomi: シ = consult with",Guess the meaning of the Kunyomi reading,Text
"慈,||いつくしむ||","love, be affectionate to, pity","Onyomi: ジ = love, be affectionate to, pity",Guess the meaning of the Kunyomi reading,Text
"侍,||さむらい||","warrior, samurai","Onyomi: ジ = wait upon, serve",Guess the meaning of the Kunyomi reading,Text
"施,||ほどこす||","give alms, conduct (educational work), carry out, administer (first aid), apply (bandages), perform (an operation)","Onyomi: シ,セ = give alms, conduct (educational work), carry out, administer (first aid), apply (bandages), perform (an operation)",Guess the meaning of the Kunyomi reading,Text
"湿,||しめる,しめす||","get damp, get moist, get wet,wet, moisten, dampen","Onyomi: シツ = dampness, moisture, itch",Guess the meaning of the Kunyomi reading,Text
"寿,||ことぶき||","long life, congratulations","Onyomi: ジュ = age, one's natural life, longevity, congratulations",Guess the meaning of the Kunyomi reading,Text
"殊,||こと||","especially, exceptionally, above all","Onyomi: シュ = especially, exceptionally, above all",Guess the meaning of the Kunyomi reading,Text
"潤,||うるおう,うるおす,うるむ||","be watered, profit by, receive benefits, become rich,moisten, water, irrigate, dip, enrich, profit,be dimmed, be clouded, get muddy, be wet","Onyomi: ジュン = be watered, profit by, receive benefits, become rich",Guess the meaning of the Kunyomi reading,Text
"鐘,||かね||","bell, gong, chimes, carillon","Onyomi: ショウ = bell, gong, chimes, carillon",Guess the meaning of the Kunyomi reading,Text
"焦,||こげる,こがす,こがれる,あせる||","burn, scorch, singe, char,pine for,yearn for, be deeply in love with, be scorched,be in a hurry, be hasty, be impatient, be overzealous","Onyomi: ショウ = burn, scorch, singe, char",Guess the meaning of the Kunyomi reading,Text
"昇,||のぼる||","rise, ascend, go up, climb, go to (the capital), add up to, be promoted, advance (in price), sail up, come up (on the agenda)","Onyomi: ショウ = rise, ascend, go up, climb, go to (the capital), add up to, be promoted, advance (in price), sail up, come up (on the agenda)",Guess the meaning of the Kunyomi reading,Text
"譲,||ゆずる||","turn over, hand over, transfer, convey, assign, deed, bequeath, give away, give up, sell, dispose of, yield to, be inferior to, defer, postpone","Onyomi: ジョウ = turn over, hand over, transfer, convey, assign, deed, bequeath, give away, give up, sell, dispose of, yield to, be inferior to, defer, postpone",Guess the meaning of the Kunyomi reading,Text
"辱,||はずかしめる||","humiliate, put to shame, disgrace, insult, rape, assault","Onyomi: ジョク = humiliate, put to shame, disgrace, insult, rape, assault",Guess the meaning of the Kunyomi reading,Text
"辛,||からい||","hot, acrid, sharp, salty, bitter, trying, harsh, severe","Onyomi: シン = H, eighth",Guess the meaning of the Kunyomi reading,Text
"伸,||のびる,のばす,のべる||","extend, lengthen, stretch, spread, be postponed, increase, grow, progress, develop, be straightened, be flattened, be smoothed, be exhausted,let (nails) grow, straighten, uncoil, spread out, reac","Onyomi: シン = stretching",Guess the meaning of the Kunyomi reading,Text
"遂,||とげる||","accomplish, attain, commit (suicide)","Onyomi: スイ = accomplish, attain, commit (suicide)",Guess the meaning of the Kunyomi reading,Text
"炊,||たく||","cook, boil","Onyomi: スイ = cook, boil",Guess the meaning of the Kunyomi reading,Text
"衰,||おとろえる||","decline, wane, weaken, abate, decay, wither, waste away","Onyomi: スイ = decline, wane, weaken, abate, decay, wither, waste away",Guess the meaning of the Kunyomi reading,Text
"穂,||ほ||","ear, head (of grain), crest (of waves)","Onyomi: スイ = ear, head (of grain), crest (of waves)",Guess the meaning of the Kunyomi reading,Text
"酔,||よう||","get drunk, feel sick, be poisoned, be elated, be spellbound","Onyomi: スイ = get drunk, feel sick, be poisoned, be elated, be spellbound",Guess the meaning of the Kunyomi reading,Text
"粋,||いき||","chic, style","Onyomi: スイ = purity, essence, pith, cream, pick, elite, choice, elegance, fashion, taste, gracefulness, considerateness",Guess the meaning of the Kunyomi reading,Text
"婿,||むこ||","soninlaw","Onyomi: セイ = soninlaw",Guess the meaning of the Kunyomi reading,Text
"請,||こう,うける||","ask, request, invite, pray for, beg, solicit,receive, accept, take, get, obtain, face, front of, inherit, catch the public's fancy","Onyomi: セイ,シン = requesting, inviting",Guess the meaning of the Kunyomi reading,Text
"惜,||おしい,おしむ||","be sparing of, be frugal with, be stingy with, regret, value, prize, be reluctant,regrettable, pitiful, disappointing, precious, wasteful","Onyomi: セキ = be sparing of, be frugal with, be stingy with, regret, value, prize, be reluctant",Guess the meaning of the Kunyomi reading,Text
"潜,||ひそむ,もぐる||","lurk, lie dormant, be hidden,dive, get into, crawl into","Onyomi: セン = conceal, hide, lower (the voice)",Guess the meaning of the Kunyomi reading,Text
"繕,||つくろう||","repair, mend, darn, trim, tidy up, adjust","Onyomi: ゼン = repair, mend, darn, trim, tidy up, adjust",Guess the meaning of the Kunyomi reading,Text
"礎,||いしずえ||","foundation stone, cornerstone","Onyomi: ソ = foundation stone, cornerstone",Guess the meaning of the Kunyomi reading,Text
"粗,||あらい||","rough, coarse, rugged, loose (fabric), large (meshes)","Onyomi: ソ = roughness, coarseness, not fine, neglect, careless",Guess the meaning of the Kunyomi reading,Text
"阻,||はばむ||","obstruct, prevent, impede, deter, hinder, thwart, resist, frustrate","Onyomi: ソ = separate from, prevent, stop",Guess the meaning of the Kunyomi reading,Text
"双,||ふた||",NULL,"Onyomi: ソウ = a pair, a set, comparison, counter for pairs",Guess the meaning of the Kunyomi reading,Text
"葬,||ほうむる||","bury, shelve","Onyomi: ソウ = bury, shelve",Guess the meaning of the Kunyomi reading,Text
"憎,||にくむ,にくい,にくらしい,にくしみ||","hate, detest,hateful, abominable, poorlooking,horrible, provoking,hatred, enmity","Onyomi: ゾウ = hate, detest",Guess the meaning of the Kunyomi reading,Text
"遭,||あう||","meet, interview","Onyomi: ソウ = meet, interview",Guess the meaning of the Kunyomi reading,Text
"桑,||くわ||","mulberry","Onyomi: ソウ = mulberry",Guess the meaning of the Kunyomi reading,Text
"掃,||はく||","sweep, brush, gather up","Onyomi: ソウ = sweep, brush, gather up",Guess the meaning of the Kunyomi reading,Text
"促,||うながす||","urge, press, demand, stimulate, incite, quicken, invite (attention to)","Onyomi: ソク = urge, press, demand, stimulate, incite, quicken, invite (attention to)",Guess the meaning of the Kunyomi reading,Text
"袋,||ふくろ||","bag, sack, pouch","Onyomi: タイ = bag, bag counter",Guess the meaning of the Kunyomi reading,Text
"怠,||おこたる,なまける||","neglect, be off guard, be feeling better,be lazy, be idle","Onyomi: タイ = laziness, neglect",Guess the meaning of the Kunyomi reading,Text
"滞,||とどこおる||","stagnate, be delayed, be left undone, be overdue, fall into arrears","Onyomi: タイ = stopping",Guess the meaning of the Kunyomi reading,Text
"奪,||うばう||","take by force, deprive of, disposess","Onyomi: ダツ = take by force, snatch away, oust, deprive of, disposess, plunder, usurp, absorb (attention), fascinate",Guess the meaning of the Kunyomi reading,Text
"鍛,||きたえる||","forge, temper, drill, train, practice","Onyomi: タン = forge, temper, drill, train, practice",Guess the meaning of the Kunyomi reading,Text
"鋳,||いる||","cast, mint, coin","Onyomi: チュウ = casting",Guess the meaning of the Kunyomi reading,Text
"聴,||きく||","hear, listen to, learn of, inquire, follow advice","Onyomi: チョウ = careful inquiry",Guess the meaning of the Kunyomi reading,Text
"彫,||ほる||","carve, engrave, sculpture, inscribe","Onyomi: チョウ = carving",Guess the meaning of the Kunyomi reading,Text
"超,||こえる,こす||","cross, go beyond, exceed, clear (an obstacle), overstep (authority)","Onyomi: チョウ = super, ultra",Guess the meaning of the Kunyomi reading,Text
"鎮,||しずめる,しずまる||","get quiet, calm down, grow still, subside, die down, be suppressed,calm, pacify, soothe, alleviate, appease, suppress, quell","Onyomi: チン = ancient garrisons for peacepreservation",Guess the meaning of the Kunyomi reading,Text
"締,||しまる,しめる||","tie, tighten, wring, constrict, strangle, shut, total, control strictly, rebuke,be shut, be locked, be fastened, be tight, be firm, become sober, reform, be thrifty","Onyomi: テイ = tie, tighten, wring, constrict, strangle, shut, total, control strictly, rebuke",Guess the meaning of the Kunyomi reading,Text
"塗,||ぬる||","paint, plaster, daub, lacquer","Onyomi: ト = paint, plaster, daub, lacquer",Guess the meaning of the Kunyomi reading,Text
"凍,||こおる,こごえる||","freeze, be frozen over, congeal,freeze, be chilled, be frozen","Onyomi: トウ = freeze, be frozen over, congeal",Guess the meaning of the Kunyomi reading,Text
"豚,||ぶた||","pig, hog, swine","Onyomi: トン = hog",Guess the meaning of the Kunyomi reading,Text
"粘,||ねばる||","be sticky, be glutinous, be greasy, persevere","Onyomi: ネン = be sticky, be glutinous, be greasy, persevere",Guess the meaning of the Kunyomi reading,Text
"縛,||しばる||","bind, tie, fasten, truss, fetter, restrain, chain, arrest, catch","Onyomi: バク = arrest, binding",Guess the meaning of the Kunyomi reading,Text
"帆,||ほ||","sail","Onyomi: ハン = sail",Guess the meaning of the Kunyomi reading,Text
"伴,||ともなう||","accompany, bring with, be accompanied by, be involved in","Onyomi: ハン,バン = accompany, bring with, be accompanied by, be involved in",Guess the meaning of the Kunyomi reading,Text
"卑,||いやしい,いやしむ,いやしめる||","humble, base, mean, vile, vulgar, greedy,despise","Onyomi: ヒ = humble, base, mean, vile, vulgar, greedy",Guess the meaning of the Kunyomi reading,Text
"漂,||ただよう||","float (on the water)","Onyomi: ヒョウ = float (on the water)",Guess the meaning of the Kunyomi reading,Text
"苗,||なえ,なわ||","seedling, sapling, shoot","Onyomi: ビョウ = seedling, sapling, shoot",Guess the meaning of the Kunyomi reading,Text
"赴,||おもむく||","proceed to, get, become, tend toward","Onyomi: フ = proceed to, get, become, tend toward",Guess the meaning of the Kunyomi reading,Text
"伏,||ふせる,ふす||","bend down, bow down, lie prostrate,turn over, lay face down, cover, lay (pipes), lay (an ambush), hide","Onyomi: フク = bend down, bow down, lie prostrate",Guess the meaning of the Kunyomi reading,Text
"覆,||おおう,くつがえす,くつがえる||","overturn, capsize, fall, be ruined,overthrow, undermine, frustrate, veto, disprove (a theory),cover, veil, hang over, brood over, conceal, overlap, shelter, screen, disguise, wrap, envelop, obscu","Onyomi: フク = overturn, capsize, fall, be ruined",Guess the meaning of the Kunyomi reading,Text
"紛,||まぎれる,まぎらす,まぎらわす,まぎらわしい||","be mistaken for, be confused with, go astray, be diverted from,divert, distract, beguile, evade, conceal,misleading, ambiguous","Onyomi: フン = be mistaken for, be confused with, go astray, be diverted from",Guess the meaning of the Kunyomi reading,Text
"癖,||くせ||","habit, peculiality, vice, trait, fault, curl, kink, mannerism","Onyomi: ヘキ = habit",Guess the meaning of the Kunyomi reading,Text
"募,||つのる||","gather (contributions), campaign (for students), float (a loan), enlist (troops), grow violent","Onyomi: ボ = gather (contributions), campaign (for students), float (a loan), enlist (troops), grow violent",Guess the meaning of the Kunyomi reading,Text
"慕,||したう||","yearn for, love dearly, adore, follow","Onyomi: ボ = yearn for, love dearly, adore, follow",Guess the meaning of the Kunyomi reading,Text
"崩,||くずれる,くずす||","demolish, destroy level (a hill), crumble (bread), change (money), simplify, put in disorder, cut (prices),crumble, collapse, cave in, be destroyed, get out of shape, be routed, worsen (weather)","Onyomi: ホウ = die",Guess the meaning of the Kunyomi reading,Text
"妨,||さまたげる||","disturb, prevent, hamper, hinder, obstruct","Onyomi: ボウ = disturb, prevent, hamper, hinder, obstruct",Guess the meaning of the Kunyomi reading,Text
"芳,||かんばしい||","fragrant, balmy, favorable","Onyomi: ホウ = fragrance",Guess the meaning of the Kunyomi reading,Text
"膨,||ふくらむ,ふくれる||","swell","Onyomi: ボウ = get fat, get thick, swell",Guess the meaning of the Kunyomi reading,Text
"飽,||あきる,あかす||","get tired of, lose interest in, have enough,satiate, surfeit, bore, tire, weary","Onyomi: ホウ = get tired of, lose interest in, have enough",Guess the meaning of the Kunyomi reading,Text
"房,||ふさ||","tuft, tassel, fringe, lock (of hair), cluster, bunch, segment (of an orange)","Onyomi: ボウ = house, room, tassel",Guess the meaning of the Kunyomi reading,Text
"倣,||ならう||","imitate, follow, emulate","Onyomi: ホウ = imitate, follow, emulate",Guess the meaning of the Kunyomi reading,Text
"乏,||とぼしい||","meager, scarce, limited, destitute, hard up","Onyomi: ボウ = meager, scarce, limited, destitute, hard up",Guess the meaning of the Kunyomi reading,Text
"縫,||ぬう||","sew, stich, embroider","Onyomi: ホウ = sew, stich, embroider",Guess the meaning of the Kunyomi reading,Text
"奉,||たてまつる||","offer, present, revere, do respectfully","Onyomi: ホウ,ブ = present, dedicate, obey, follow, believe in, serve",Guess the meaning of the Kunyomi reading,Text
"謀,||はかる||","plan, devise, scheme, counsel with, have in mind, aim at, deceive, impose on","Onyomi: ボウ,ム = plan, devise, scheme, counsel with, have in mind, aim at, deceive, impose on",Guess the meaning of the Kunyomi reading,Text
"墨,||すみ||","India ink, Chinese ink, ink stick, inked marking string, ink (of a squid)","Onyomi: ボク = India ink, Chinese ink, ink stick, inked marking string, ink (of a squid)",Guess the meaning of the Kunyomi reading,Text
"翻,||ひるがえる,ひるがえす||","turn over, wave, flutter,change (one's mind), turn, reverse, wave, dodge","Onyomi: ホン = turn over, wave, flutter",Guess the meaning of the Kunyomi reading,Text
"埋,||うめる,うまる,うもれる||","be filled up, be buried, be imbedded in,bury, inter, fill up, pour in, plug up, inlay, make up for,be covered, live in obscruity","Onyomi: マイ = be filled up, be buried, be imbedded in",Guess the meaning of the Kunyomi reading,Text
"滅,||ほろびる,ほろぼす||","be ruined, perish,ruin, destroy, overthrow","Onyomi: メツ = be ruined, perish",Guess the meaning of the Kunyomi reading,Text
"免,||まぬかれる||","escape from, be rescued from, avoid, evade, avert, elude, be exempted, be relieved from pain, get rid of","Onyomi: メン = dismissal",Guess the meaning of the Kunyomi reading,Text
"憂,||うれえる,うれい,うい||","grieve, lament, be anxious,sad, unhappy, gloomy,distress, sorrow, trouble, anxiety, grief","Onyomi: ユウ = grieve, lament, be anxious",Guess the meaning of the Kunyomi reading,Text
"誘,||さそう||","invite, ask, call for, provoke, cause, bring (tears), allure, tempt, seduce","Onyomi: ユウ = invite, ask, call for, provoke, cause, bring (tears), allure, tempt, seduce",Guess the meaning of the Kunyomi reading,Text
"揚,||あげる,あがる||","rise, go up, climb up, advance, appreciate, be promoted, improve, enter, call on, be offered, accrue, be finished, (expenses) come to, go bankrupt, begin spinning (cocoons), be caught, get ruffle","Onyomi: ヨウ = praise",Guess the meaning of the Kunyomi reading,Text
"揺,||ゆれる,ゆる,ゆらぐ,ゆるぐ,ゆする,ゆさぶる,ゆすぶる||","shake, sway, rock, roll, pitch, tremble, quake, flicker, vibrate, jolt,swing, shake","Onyomi: ヨウ = shake, sway, rock, roll, pitch, tremble, quake, flicker, vibrate, jolt",Guess the meaning of the Kunyomi reading,Text
"抑,||おさえる||","stop, check, restrain, pin down, suppress, subdue, control, catch, arrest, govern, stop (the ears), withhold, attach, seize, secure (evidence), estimate conservatively","Onyomi: ヨク = stop, check, restrain, pin down, suppress, subdue, control, catch, arrest, govern, stop (the ears), withhold, attach, seize, secure (evidence), estimate conservatively",Guess the meaning of the Kunyomi reading,Text
"裸,||はだか||","naked body, nude, uncovered, only partially clothed, undressed, without investing, leafless, unpreparedness (for a wedding), unsaddled, denuded, bare","Onyomi: ラ = naked body, nude, uncovered, only partially clothed, undressed, without investing, leafless, unpreparedness (for a wedding), unsaddled, denuded, bare",Guess the meaning of the Kunyomi reading,Text
"陵,||みささぎ||","imperial tomb","Onyomi: リョウ = imperial tomb",Guess the meaning of the Kunyomi reading,Text
"糧,||かて||","food, provisions, bread","Onyomi: リョウ,ロウ = food, provisions, bread",Guess the meaning of the Kunyomi reading,Text
"励,||はげむ,はげます||","be diligent,encourage, inspire, raise (the voice)","Onyomi: レイ = be diligent",Guess the meaning of the Kunyomi reading,Text
"霊,||たま||","soul, spirit","Onyomi: レイ,リョウ = soul, spirit",Guess the meaning of the Kunyomi reading,Text
"裂,||さく,さける||","split, rend, tear, burst, rip, crack","Onyomi: レツ = split, rend, tear, burst, rip, crack",Guess the meaning of the Kunyomi reading,Text
"漏,||もる,もれる,もらす||","leak, escape, shine through, find expression, be disclosed, be omitted, be excluded,spill, let leak, omit, miss, leave out, divulge, betray, give vent to, express, let go","Onyomi: ロウ = leaking, water clock, time",Guess the meaning of the Kunyomi reading,Text
"双,||ソウ||","a pair, a set, comparison, counter for pairs",NULL,Guess the meaning of the Onyomi reading,Text
"乙,||オツ||","B, second, the latter, duplicate","",Guess the meaning of the Onyomi reading,Text
"了,||リョウ||","finish, complete, understand","",Guess the meaning of the Onyomi reading,Text
"伐,||バツ||","strike, attack, punish","",Guess the meaning of the Onyomi reading,Text
"佳,||カ||","good, excellent, beautiful","",Guess the meaning of the Onyomi reading,Text
"倹,||ケン||","economy","",Guess the meaning of the Onyomi reading,Text
"偶,||グウ||","even number, couple, man and wife, friend, same kind, doll","",Guess the meaning of the Onyomi reading,Text
"債,||サイ||","debt, loan","",Guess the meaning of the Onyomi reading,Text
"克,||コク||","win, prevail, predominate, surpass","",Guess the meaning of the Onyomi reading,Text
"冗,||ジョウ||","uselessness","",Guess the meaning of the Onyomi reading,Text
"刑,||ケイ||","penalty, sentence, punishment","",Guess the meaning of the Onyomi reading,Text
"勘,||カン||","perception, intuition, the sixth sense","",Guess the meaning of the Onyomi reading,Text
"匠,||ショウ||","workman, artisan, means, idea","",Guess the meaning of the Onyomi reading,Text
"匿,||トク||","shelter, shield, hide","",Guess the meaning of the Onyomi reading,Text
"卓,||タク||","table, desk, high","",Guess the meaning of the Onyomi reading,Text
"厘,||リン||","onetenth of a sen, onetenth of a bu","",Guess the meaning of the Onyomi reading,Text
"吉,||キチ,キツ||","good luck, joy, congratulations","",Guess the meaning of the Onyomi reading,Text
"吏,||リ||","an official","",Guess the meaning of the Onyomi reading,Text
"哲,||テツ||","clear","",Guess the meaning of the Onyomi reading,Text
"啓,||ケイ||","open, say","",Guess the meaning of the Onyomi reading,Text
"喚,||カン||","cry, scream, yell, shout, clamor","",Guess the meaning of the Onyomi reading,Text
"喫,||キツ||","eat, drink, smoke, receive (a blow, etc.)","",Guess the meaning of the Onyomi reading,Text
"嘱,||ショク||","requesting","",Guess the meaning of the Onyomi reading,Text
"坑,||コウ||","pit, hole","",Guess the meaning of the Onyomi reading,Text
"墜,||ツイ||","fall","",Guess the meaning of the Onyomi reading,Text
"墳,||フン||","mound, tomb","",Guess the meaning of the Onyomi reading,Text
"墾,||コン||","open up farmland","",Guess the meaning of the Onyomi reading,Text
"壇,||ダン,タン||","stage, rostrum, dais, terrace, altar, world (of literature, etc.)","",Guess the meaning of the Onyomi reading,Text
"如,||ジョ,ニョ||","like, such as, as if","",Guess the meaning of the Onyomi reading,Text
"娯,||ゴ||","pleasure","",Guess the meaning of the Onyomi reading,Text
"婆,||バ||","old woman, grandmother","",Guess the meaning of the Onyomi reading,Text
"嬢,||ジョウ||","girl, daughter, young lady, Miss.","",Guess the meaning of the Onyomi reading,Text
"孔,||コウ||","hole, aperture, slit, gap, stop (of musical instrument), eyelet, cavity, socket, cave, den, hiding place, pit, fault, defect, deficit, grave, dark horse","",Guess the meaning of the Onyomi reading,Text
"孤,||コ||","orphan","",Guess the meaning of the Onyomi reading,Text
"宴,||エン||","feast, banquet, party, entertainment","",Guess the meaning of the Onyomi reading,Text
"審,||シン||","hearing, trial, investigation","",Guess the meaning of the Onyomi reading,Text
"封,||フウ,ホウ||","seal, sealing, closing,fief","",Guess the meaning of the Onyomi reading,Text
"尿,||ニョウ||","urine","",Guess the meaning of the Onyomi reading,Text
"峡,||キョウ||","gorge, ravine","",Guess the meaning of the Onyomi reading,Text
"帝,||テイ||","emperor, the god of heaven, the creator","",Guess the meaning of the Onyomi reading,Text
"幽,||ユウ||","confine to a room","",Guess the meaning of the Onyomi reading,Text
"廊,||ロウ||","corridor, hall, lobby, tower, watchtower","",Guess the meaning of the Onyomi reading,Text
"廉,||レン||","purity, honesty, low price, corner","",Guess the meaning of the Onyomi reading,Text
"弧,||コ||","arc, arch, bow","",Guess the meaning of the Onyomi reading,Text
"徐,||ジョ||","slowly, deliberately, gently","",Guess the meaning of the Onyomi reading,Text
"悦,||エツ||","joy, rapture, ecstasy, amusement","",Guess the meaning of the Onyomi reading,Text
"慨,||ガイ||","be sad","",Guess the meaning of the Onyomi reading,Text
"択,||タク||","choose, select, cull out, elect, prefer, decide on","",Guess the meaning of the Onyomi reading,Text
"抽,||チュウ||","pull, extract, excel","",Guess the meaning of the Onyomi reading,Text
"拘,||コウ||","seize, arrest","",Guess the meaning of the Onyomi reading,Text
"掌,||ショウ||","rule, administer, conduct","",Guess the meaning of the Onyomi reading,Text
"排,||ハイ||","exclude, expel, reject, push aside, push open, defy, disregard, anti(Japanese, etc.)","",Guess the meaning of the Onyomi reading,Text
"措,||ソ||","give up, suspend, discontinue, lay aside, set apart, except","",Guess the meaning of the Onyomi reading,Text
"摂,||セツ||","act in place of, carry on in addition to","",Guess the meaning of the Onyomi reading,Text
"擁,||ヨウ||","embrace, hug, possess, protect, lead","",Guess the meaning of the Onyomi reading,Text
"赦,||シャ||","forgiveness","",Guess the meaning of the Onyomi reading,Text
"敢,||カン||","sad, tragic, pitiful, frail, feeble, fleeting, unkind","",Guess the meaning of the Onyomi reading,Text
"斗,||ト||","ten sho (1 to = 4.8 gallons (U.S.)= 18 liters), a oneto measure, sake ladle, the Big Dipper","",Guess the meaning of the Onyomi reading,Text
"斤,||キン||","1.1/3 pounds, catty, axe","",Guess the meaning of the Onyomi reading,Text
"斥,||セキ||","retreat, recede, withdraw","",Guess the meaning of the Onyomi reading,Text
"晶,||ショウ||","clear, crystal","",Guess the meaning of the Onyomi reading,Text
"暫,||ザン||","for a while, for a moment, for a long time","",Guess the meaning of the Onyomi reading,Text
"某,||ボウ||","one, a certain, that person, that thing","",Guess the meaning of the Onyomi reading,Text
"棄,||キ||","throw away, discard, abandon, desert, give up, renounce, relinquish, resign, lay down (one’s life), part with, sacrifice, reject, condemn","",Guess the meaning of the Onyomi reading,Text
"棋,||キ||","Japanese chess","",Guess the meaning of the Onyomi reading,Text
"楼,||ロウ||","tower, turret, lookout, high building","",Guess the meaning of the Onyomi reading,Text
"概,||ガイ||","approximation, condition, situation","",Guess the meaning of the Onyomi reading,Text
"欧,||オウ||","Europe","",Guess the meaning of the Onyomi reading,Text
"没,||ボツ||","sink, set, go down, hide, be hidden, fall into, disappear, die,rejection of manuscript, deceased","",Guess the meaning of the Onyomi reading,Text
"泌,||ヒツ,ヒ||","flow, soak in, penetrate, secrete","",Guess the meaning of the Onyomi reading,Text
"浪,||ロウ||","waves, billows","",Guess the meaning of the Onyomi reading,Text
"湾,||ワン||","gulf, bay, inlet","",Guess the meaning of the Onyomi reading,Text
"濫,||ラン||","overflow, spread over","",Guess the meaning of the Onyomi reading,Text
"炉,||ロ||","furnace, kiln, hearth, (nuclear) reactor","",Guess the meaning of the Onyomi reading,Text
"牲,||セイ||","sacrifice, offering, gift","",Guess the meaning of the Onyomi reading,Text
"犠,||ギ||","sacrifice","",Guess the meaning of the Onyomi reading,Text
"猟,||リョウ||","shooting, hunting, game, take, bag","",Guess the meaning of the Onyomi reading,Text
"獄,||ゴク||","prison, jail","",Guess the meaning of the Onyomi reading,Text
"甲,||コウ,カン||","high (voice),first class, former, back (of the hand), instep, armor, shell, tortoise shell, carapace","",Guess the meaning of the Onyomi reading,Text
"畔,||ハン||","ricepaddy ridge, levee","",Guess the meaning of the Onyomi reading,Text
"畜,||チク||","domesticated fowl and animals","",Guess the meaning of the Onyomi reading,Text
"疾,||シツ||","illness, disease","",Guess the meaning of the Onyomi reading,Text
"痘,||トウ||","smallpox","",Guess the meaning of the Onyomi reading,Text
"碑,||ヒ||","monument, tombstone","",Guess the meaning of the Onyomi reading,Text
"祉,||シ||","happiness","",Guess the meaning of the Onyomi reading,Text
"稚,||チ||","young","",Guess the meaning of the Onyomi reading,Text
"穫,||カク||","harvest, reap","",Guess the meaning of the Onyomi reading,Text
"窒,||チツ||","plug up, obstruct","",Guess the meaning of the Onyomi reading,Text
"符,||フ||","sign, mark, tally, charm, amulet","",Guess the meaning of the Onyomi reading,Text
"篤,||トク||","kind, cordial, fervent, affectionate, serious (illness)","",Guess the meaning of the Onyomi reading,Text
"簿,||ボ||","record, book","",Guess the meaning of the Onyomi reading,Text
"籍,||セキ||","domiciliary register, membership","",Guess the meaning of the Onyomi reading,Text
"紺,||コン||","dark blue, navy blue","",Guess the meaning of the Onyomi reading,Text
"緊,||キン||","hard, solid, reliable, tight","",Guess the meaning of the Onyomi reading,Text
"胆,||タン||","gall bladder, courage","",Guess the meaning of the Onyomi reading,Text
"胎,||タイ||","womb, uterus","",Guess the meaning of the Onyomi reading,Text
"胞,||ホウ||","theca, sac, sheath, case, placenta","",Guess the meaning of the Onyomi reading,Text
"膜,||マク||","membrane","",Guess the meaning of the Onyomi reading,Text
"菊,||キク||","chrysanthemum","",Guess the meaning of the Onyomi reading,Text
"藩,||ハン||","feudal clan, enclosure","",Guess the meaning of the Onyomi reading,Text
"虚,||キョ,コ||","emptiness, unpreparedness, crack, fissure, unguarded position, untruth","",Guess the meaning of the Onyomi reading,Text
"蛮,||バン||","barbarian","",Guess the meaning of the Onyomi reading,Text
"衝,||ショウ||","brunt, opposition (in astronomy), highway, collision, important point","",Guess the meaning of the Onyomi reading,Text
"訂,||テイ||","correct, decide","",Guess the meaning of the Onyomi reading,Text
"託,||タク||","requesting, entrusting with","",Guess the meaning of the Onyomi reading,Text
"該,||ガイ||","the said","",Guess the meaning of the Onyomi reading,Text
"諾,||ダク||","assent, consent, agreement","",Guess the meaning of the Onyomi reading,Text
"賊,||ゾク||","robber, rebel, traitor","",Guess the meaning of the Onyomi reading,Text
"軌,||キ||","wheel track, railway, orbit, rut, rule, model, road, way of doing","",Guess the meaning of the Onyomi reading,Text
"軸,||ジク||","axis, axle, spindle, shaft, pivot, stem, stalk, (pen) holder, scroll picture","",Guess the meaning of the Onyomi reading,Text
"逮,||タイ||","chase","",Guess the meaning of the Onyomi reading,Text
"遇,||グウ||","treat, entertain, receive, deal with","",Guess the meaning of the Onyomi reading,Text
"遵,||ジュン||","follow, obey, learn","",Guess the meaning of the Onyomi reading,Text
"邦,||ホウ||","country","",Guess the meaning of the Onyomi reading,Text
"邪,||ジャ||","injustice, unrighteousness, wickedness","",Guess the meaning of the Onyomi reading,Text
"郊,||コウ||","suburbs, rural area","",Guess the meaning of the Onyomi reading,Text
"郭,||カク||","enclosure, quarters","",Guess the meaning of the Onyomi reading,Text
"酵,||コウ||","fermentation","",Guess the meaning of the Onyomi reading,Text
"錠,||ジョウ||","lock, padlock, latch, pill, close up, counter for pills","",Guess the meaning of the Onyomi reading,Text
"錬,||レン||","refine (metals), drill, train, polish (sentences)","",Guess the meaning of the Onyomi reading,Text
"錯,||サク||","mix, be in discorder","",Guess the meaning of the Onyomi reading,Text
"閲,||エツ||","inspection, revision","",Guess the meaning of the Onyomi reading,Text
"陪,||バイ||","follow, accompany, attend on","",Guess the meaning of the Onyomi reading,Text
"陳,||チン||","state, relate, explain","",Guess the meaning of the Onyomi reading,Text
"陶,||トウ||","porcelain, pottery","",Guess the meaning of the Onyomi reading,Text
"隆,||リュウ||","high, noble, prosperity","",Guess the meaning of the Onyomi reading,Text
"随,||ズイ||","at the mercy of (the waves)","",Guess the meaning of the Onyomi reading,Text
"隻,||セキ||","counter for ships, fish, birds, arrows, etc., and one of a pair","",Guess the meaning of the Onyomi reading,Text
"零,||レイ||","zero, nothing, cipher, fall","",Guess the meaning of the Onyomi reading,Text
"餓,||ガ||","be hungry, starve, thirst","",Guess the meaning of the Onyomi reading,Text
"駐,||チュウ||","stop, reside in","",Guess the meaning of the Onyomi reading,Text
"騎,||キ||","riding on horses, counter for horsemen","",Guess the meaning of the Onyomi reading,Text
"髄,||ズイ||","marrow, pith","",Guess the meaning of the Onyomi reading,Text
"魅,||ミ||","charm, fascinate, bewitch, enchant","",Guess the meaning of the Onyomi reading,Text
"魔,||マ||","demon, devil, evil spirit","",Guess the meaning of the Onyomi reading,Text
"遭,||ソウ||","meet, interview","Kunyomi: あう = meet, interview",Guess the meaning of the Onyomi reading,Text
"飽,||ホウ||","get tired of, lose interest in, have enough","Kunyomi: あきる,あかす = get tired of, lose interest in, have enough,satiate, surfeit, bore, tire, weary",Guess the meaning of the Onyomi reading,Text
"揚,||ヨウ||","praise","Kunyomi: あげる,あがる = rise, go up, climb up, advance, appreciate, be promoted, improve, enter, call on, be offered, accrue, be finished, (expenses) come to, go bankrupt, begin spinning (cocoons), be caught, get ruffled, eat, drink, die, weaken (as a battery), let up (rain),raise, elevate, fly (kites), praise, increase, advance, promote, vomit, usher in, admit, send (to school), offer, present, leave with, finish, arrange (expenses), observe, perform, quote, mention, give (examples), bear (a child), improve (talents), do up (the hair), arrest, engage, fry, (rains) stop, fry in deep fat",Guess the meaning of the Onyomi reading,Text
"欺,||ギ||","deceive, cheat, delude","Kunyomi: あざむく = deceive, cheat, delude",Guess the meaning of the Onyomi reading,Text
"怪,||カイ||","mystery, apparition","Kunyomi: あやしい,あやしむ = doubt, be suspicious of, wonder at, undependable, mysterious, strange",Guess the meaning of the Onyomi reading,Text
"粗,||ソ||","roughness, coarseness, not fine, neglect, careless","Kunyomi: あらい = rough, coarse, rugged, loose (fabric), large (meshes)",Guess the meaning of the Onyomi reading,Text
"慌,||コウ||","be confused, lose one's head, be hurried, be hasty","Kunyomi: あわてる,あわただしい = be confused, lose one's head, be hurried, be hasty, busy, bustling, confused",Guess the meaning of the Onyomi reading,Text
"哀,||アイ||","pity, have mercy on, sympathize with","Kunyomi: あわれ,あわれむ = pity, have mercy on, sympathize with, grief, sorrow, misery, compassion, pathos",Guess the meaning of the Onyomi reading,Text
"粋,||スイ||","purity, essence, pith, cream, pick, elite, choice, elegance, fashion, taste, gracefulness, considerateness","Kunyomi: いき = chic, style",Guess the meaning of the Onyomi reading,Text
"憩,||ケイ||","rest, relax, repose","Kunyomi: いこい,いこう = rest, relax, repose",Guess the meaning of the Onyomi reading,Text
"礎,||ソ||","foundation stone, cornerstone","Kunyomi: いしずえ = foundation stone, cornerstone",Guess the meaning of the Onyomi reading,Text
"慈,||ジ||","love, be affectionate to, pity","Kunyomi: いつくしむ = love, be affectionate to, pity",Guess the meaning of the Onyomi reading,Text
"忌,||キ||","mourning, death anniversary, something detestable","Kunyomi: いむ,いまわしい = abhor, have an aversion for, avoid, shun, taboo, abstain from, objectionable, abominable, offensive, ominous, unlucky",Guess the meaning of the Onyomi reading,Text
"卑,||ヒ||","humble, base, mean, vile, vulgar, greedy","Kunyomi: いやしい,いやしむ,いやしめる = humble, base, mean, vile, vulgar, greedy,despise",Guess the meaning of the Onyomi reading,Text
"鋳,||チュウ||","casting","Kunyomi: いる = cast, mint, coin",Guess the meaning of the Onyomi reading,Text
"促,||ソク||","urge, press, demand, stimulate, incite, quicken, invite (attention to)","Kunyomi: うながす = urge, press, demand, stimulate, incite, quicken, invite (attention to)",Guess the meaning of the Onyomi reading,Text
"奪,||ダツ||","take by force, snatch away, oust, deprive of, disposess, plunder, usurp, absorb (attention), fascinate","Kunyomi: うばう = take by force, deprive of, disposess",Guess the meaning of the Onyomi reading,Text
"埋,||マイ||","be filled up, be buried, be imbedded in","Kunyomi: うめる,うまる,うもれる = be filled up, be buried, be imbedded in,bury, inter, fill up, pour in, plug up, inlay, make up for,be covered, live in obscruity",Guess the meaning of the Onyomi reading,Text
"恨,||コン||","bear a grudge, show resentment","Kunyomi: うらむ,うらめしい = bear a grudge, show resentment, hateful, bitter",Guess the meaning of the Onyomi reading,Text
"潤,||ジュン||","be watered, profit by, receive benefits, become rich","Kunyomi: うるおう,うるおす,うるむ = be watered, profit by, receive benefits, become rich,moisten, water, irrigate, dip, enrich, profit,be dimmed, be clouded, get muddy, be wet",Guess the meaning of the Onyomi reading,Text
"憂,||ユウ||","grieve, lament, be anxious","Kunyomi: うれえる,うれい,うい = grieve, lament, be anxious,sad, unhappy, gloomy,distress, sorrow, trouble, anxiety, grief",Guess the meaning of the Onyomi reading,Text
"覆,||フク||","overturn, capsize, fall, be ruined","Kunyomi: おおう,くつがえす,くつがえる = overturn, capsize, fall, be ruined,overthrow, undermine, frustrate, veto, disprove (a theory),cover, veil, hang over, brood over, conceal, overlap, shelter, screen, disguise, wrap, envelop, obscure, shade, overshadow",Guess the meaning of the Onyomi reading,Text
"怠,||タイ||","laziness, neglect","Kunyomi: おこたる,なまける = neglect, be off guard, be feeling better,be lazy, be idle",Guess the meaning of the Onyomi reading,Text
"抑,||ヨク||","stop, check, restrain, pin down, suppress, subdue, control, catch, arrest, govern, stop (the ears), withhold, attach, seize, secure (evidence), estimate conservatively","Kunyomi: おさえる = stop, check, restrain, pin down, suppress, subdue, control, catch, arrest, govern, stop (the ears), withhold, attach, seize, secure (evidence), estimate conservatively",Guess the meaning of the Onyomi reading,Text
"惜,||セキ||","be sparing of, be frugal with, be stingy with, regret, value, prize, be reluctant","Kunyomi: おしい,おしむ = be sparing of, be frugal with, be stingy with, regret, value, prize, be reluctant,regrettable, pitiful, disappointing, precious, wasteful",Guess the meaning of the Onyomi reading,Text
"穏,||オン||","calm, quiet, peace, moderation","Kunyomi: おだやか = calm, quiet, peace, moderation",Guess the meaning of the Onyomi reading,Text
"衰,||スイ||","decline, wane, weaken, abate, decay, wither, waste away","Kunyomi: おとろえる = decline, wane, weaken, abate, decay, wither, waste away",Guess the meaning of the Onyomi reading,Text
"脅,||キョウ||","threaten, coerce","Kunyomi: おびやかす,おどす,おどかす = threaten, coerce",Guess the meaning of the Onyomi reading,Text
"赴,||フ||","proceed to, get, become, tend toward","Kunyomi: おもむく = proceed to, get, become, tend toward",Guess the meaning of the Onyomi reading,Text
"愚,||グ||","folly, foolishness, absurdity, fool","Kunyomi: おろか = foolish, stupid, dull",Guess the meaning of the Onyomi reading,Text
"顧,||コ||","look back, turn around, look back upon, review, examine oneself, take notice of","Kunyomi: かえりみる = look back, turn around, look back upon, review, examine oneself, take notice of",Guess the meaning of the Onyomi reading,Text
"換,||カン||","change, turn, convert, exchange, renew, substitute, replace","Kunyomi: かえる,かわる = change, turn, convert, exchange, renew, substitute, replace, relieve",Guess the meaning of the Onyomi reading,Text
"掲,||ケイ||","put up, hang out, hoist, display, publish, insert, describe, mention","Kunyomi: かかげる = put up, hang out, hoist, display, publish, insert, describe, mention",Guess the meaning of the Onyomi reading,Text
"架,||カ||","frame, mount, stand, support, hang up, shelf","Kunyomi: かける,かかる = build (a bridge), hang",Guess the meaning of the Onyomi reading,Text
"賢,||ケン||","wisdom, cleverness","Kunyomi: かしこい = wise, intelligent",Guess the meaning of the Onyomi reading,Text
"硬,||コウ||","hard, solid, tough, rigid, tight, steady, firm, strict, safe, reliable, upright, chaste, constant, stiff, bookish, classical, stubborn","Kunyomi: かたい = hard, solid, tough, rigid, tight, steady, firm, strict, safe, reliable, upright, chaste, constant, stiff, bookish, classical, stubborn",Guess the meaning of the Onyomi reading,Text
"塊,||カイ||","lump, chunk, clod, mass, clot, ingot","Kunyomi: かたまり = lump, chunk, clod, mass, clump, cluster, group, flock, bigotry, personification (of)",Guess the meaning of the Onyomi reading,Text
"糧,||リョウ,ロウ||","food, provisions, bread","Kunyomi: かて = food, provisions, bread",Guess the meaning of the Onyomi reading,Text
"鐘,||ショウ||","bell, gong, chimes, carillon","Kunyomi: かね = bell, gong, chimes, carillon",Guess the meaning of the Onyomi reading,Text
"辛,||シン||","H, eighth","Kunyomi: からい = hot, acrid, sharp, salty, bitter, trying, harsh, severe",Guess the meaning of the Onyomi reading,Text
"芳,||ホウ||","fragrance","Kunyomi: かんばしい = fragrant, balmy, favorable",Guess the meaning of the Onyomi reading,Text
"冠,||カン||","crown, diadem, first, best, peerless","Kunyomi: かんむり = crown, diadem, a top character radical",Guess the meaning of the Onyomi reading,Text
"聴,||チョウ||","careful inquiry","Kunyomi: きく = hear, listen to, learn of, inquire, follow advice",Guess the meaning of the Onyomi reading,Text
"鍛,||タン||","forge, temper, drill, train, practice","Kunyomi: きたえる = forge, temper, drill, train, practice",Guess the meaning of the Onyomi reading,Text
"肝,||カン||","liver","Kunyomi: きも = liver, pluck, courage, nerve",Guess the meaning of the Onyomi reading,Text
"悔,||カイ||","repend, regret","Kunyomi: くいる,くやむ,くやしい = repend, regret,repent of, mourn for, condole with, vexing, regretable, mortifying",Guess the meaning of the Onyomi reading,Text
"鯨,||ゲイ||","whale","Kunyomi: くじら = whale",Guess the meaning of the Onyomi reading,Text
"崩,||ホウ||","die","Kunyomi: くずれる,くずす = demolish, destroy level (a hill), crumble (bread), change (money), simplify, put in disorder, cut (prices),crumble, collapse, cave in, be destroyed, get out of shape, be routed, worsen (weather)",Guess the meaning of the Onyomi reading,Text
"癖,||ヘキ||","habit","Kunyomi: くせ = habit, peculiality, vice, trait, fault, curl, kink, mannerism",Guess the meaning of the Onyomi reading,Text
"桑,||ソウ||","mulberry","Kunyomi: くわ = mulberry",Guess the meaning of the Onyomi reading,Text
"企,||キ||","plan, plot, propose, design, intend, contemplate, attempt, undertake","Kunyomi: くわだてる = plan, plot, propose, design, intend, contemplate, attempt, undertake",Guess the meaning of the Onyomi reading,Text
"削,||サク||","plane, sharpen, whittle, pare, shave (leather), scrape off, cross out, reduce, curtail","Kunyomi: けずる = plane, sharpen, whittle, pare, shave (leather), scrape off, cross out, reduce, curtail",Guess the meaning of the Onyomi reading,Text
"請,||セイ,シン||","requesting, inviting","Kunyomi: こう,うける = ask, request, invite, pray for, beg, solicit,receive, accept, take, get, obtain, face, front of, inherit, catch the public's fancy",Guess the meaning of the Onyomi reading,Text
"超,||チョウ||","super, ultra","Kunyomi: こえる,こす = cross, go beyond, exceed, clear (an obstacle), overstep (authority)",Guess the meaning of the Onyomi reading,Text
"凍,||トウ||","freeze, be frozen over, congeal","Kunyomi: こおる,こごえる = freeze, be frozen over, congeal,freeze, be chilled, be frozen",Guess the meaning of the Onyomi reading,Text
"焦,||ショウ||","burn, scorch, singe, char","Kunyomi: こげる,こがす,こがれる,あせる = burn, scorch, singe, char,pine for,yearn for, be deeply in love with, be scorched,be in a hurry, be hasty, be impatient, be overzealous",Guess the meaning of the Onyomi reading,Text
"殊,||シュ||","especially, exceptionally, above all","Kunyomi: こと = especially, exceptionally, above all",Guess the meaning of the Onyomi reading,Text
"寿,||ジュ||","age, one's natural life, longevity, congratulations","Kunyomi: ことぶき = long life, congratulations",Guess the meaning of the Onyomi reading,Text
"凝,||ギョウ||","freeze, congeal","Kunyomi: こる,こらす = feel stiff, get stiff, be absorbed in, be devoted to, be a fanatic, elaborate, concentrate, devote, apply, strain, rack",Guess the meaning of the Onyomi reading,Text
"裂,||レツ||","split, rend, tear, burst, rip, crack","Kunyomi: さく,さける = split, rend, tear, burst, rip, crack",Guess the meaning of the Onyomi reading,Text
"誘,||ユウ||","invite, ask, call for, provoke, cause, bring (tears), allure, tempt, seduce","Kunyomi: さそう = invite, ask, call for, provoke, cause, bring (tears), allure, tempt, seduce",Guess the meaning of the Onyomi reading,Text
"悟,||ゴ||","perceive, discern, realize, understand, comprehend, attain enlightenment, find one's philosophy","Kunyomi: さとる = perceive, discern, realize, understand, comprehend, attain enlightenment, find one's philosophy",Guess the meaning of the Onyomi reading,Text
"妨,||ボウ||","disturb, prevent, hamper, hinder, obstruct","Kunyomi: さまたげる = disturb, prevent, hamper, hinder, obstruct",Guess the meaning of the Onyomi reading,Text
"侍,||ジ||","wait upon, serve","Kunyomi: さむらい = warrior, samurai",Guess the meaning of the Onyomi reading,Text
"虐,||ギャク||","oppress, tyrannixe","Kunyomi: しいたげる = oppress, tyrannixe",Guess the meaning of the Onyomi reading,Text
"鎮,||チン||","ancient garrisons for peacepreservation","Kunyomi: しずめる,しずまる = get quiet, calm down, grow still, subside, die down, be suppressed,calm, pacify, soothe, alleviate, appease, suppress, quell",Guess the meaning of the Onyomi reading,Text
"慕,||ボ||","yearn for, love dearly, adore, follow","Kunyomi: したう = yearn for, love dearly, adore, follow",Guess the meaning of the Onyomi reading,Text
"縛,||バク||","arrest, binding","Kunyomi: しばる = bind, tie, fasten, truss, fetter, restrain, chain, arrest, catch",Guess the meaning of the Onyomi reading,Text
"搾,||サク||","wring, squeeze, press, extract, milk, close tight, extort, scold","Kunyomi: しぼる = wring, squeeze, press, extract, milk, close tight, extort, scold",Guess the meaning of the Onyomi reading,Text
"絞,||コウ||","strangle, constrict, wring","Kunyomi: しぼる,しめる,しまる = strangle, constrict, wring,squeeze, press, extract, milk, close tight, extort, scold",Guess the meaning of the Onyomi reading,Text
"締,||テイ||","tie, tighten, wring, constrict, strangle, shut, total, control strictly, rebuke","Kunyomi: しまる,しめる = tie, tighten, wring, constrict, strangle, shut, total, control strictly, rebuke,be shut, be locked, be fastened, be tight, be firm, become sober, reform, be thrifty",Guess the meaning of the Onyomi reading,Text
"湿,||シツ||","dampness, moisture, itch","Kunyomi: しめる,しめす = get damp, get moist, get wet,wet, moisten, dampen",Guess the meaning of the Onyomi reading,Text
"既,||キ||","previously, already, long ago, on the point of, actually","Kunyomi: すでに = previously, already, long ago, on the point of, actually",Guess the meaning of the Onyomi reading,Text
"滑,||カツ,コツ||","slide, glide, skate, be slippery, slip, fail in exams","Kunyomi: すべる,なめらか = slide, glide, skate, be slippery, slip, fail in exams, smooth",Guess the meaning of the Onyomi reading,Text
"墨,||ボク||","India ink, Chinese ink, ink stick, inked marking string, ink (of a squid)","Kunyomi: すみ = India ink, Chinese ink, ink stick, inked marking string, ink (of a squid)",Guess the meaning of the Onyomi reading,Text
"擦,||サツ||","rub, scour, scrub, scratch, scrape, brush","Kunyomi: する,すれる = rub, chafe, strike (a match), frost (glass),wear, become sophisticated",Guess the meaning of the Onyomi reading,Text
"炊,||スイ||","cook, boil","Kunyomi: たく = cook, boil",Guess the meaning of the Onyomi reading,Text
"巧,||コウ||","skilled","Kunyomi: たくみ = skill, ingenuity",Guess the meaning of the Onyomi reading,Text
"岳,||ガク||","peak, mountain","Kunyomi: たけ = peak, mountain",Guess the meaning of the Onyomi reading,Text
"携,||ケイ||","carry (in the hand), be armed with, carry along, bring (someone) along","Kunyomi: たずさえる,たずさわる = carry (in the hand), be armed with, carry along, bring (someone) along, participate in, be concerned in",Guess the meaning of the Onyomi reading,Text
"漂,||ヒョウ||","float (on the water)","Kunyomi: ただよう = float (on the water)",Guess the meaning of the Onyomi reading,Text
"奉,||ホウ,ブ||","present, dedicate, obey, follow, believe in, serve","Kunyomi: たてまつる = offer, present, revere, do respectfully",Guess the meaning of the Onyomi reading,Text
"霊,||レイ,リョウ||","soul, spirit","Kunyomi: たま = soul, spirit",Guess the meaning of the Onyomi reading,Text
"魂,||コン||","soul, spirit","Kunyomi: たましい = soul, spirit",Guess the meaning of the Onyomi reading,Text
"契,||ケイ||","pledge, vow, swear, promise","Kunyomi: ちぎる = pledge, vow, swear, promise",Guess the meaning of the Onyomi reading,Text
"繕,||ゼン||","repair, mend, darn, trim, tidy up, adjust","Kunyomi: つくろう = repair, mend, darn, trim, tidy up, adjust",Guess the meaning of the Onyomi reading,Text
"綱,||コウ||","class (in zoology)","Kunyomi: つな = rope, cord, string, line, hawser, cable, morality",Guess the meaning of the Onyomi reading,Text
"募,||ボ||","gather (contributions), campaign (for students), float (a loan), enlist (troops), grow violent","Kunyomi: つのる = gather (contributions), campaign (for students), float (a loan), enlist (troops), grow violent",Guess the meaning of the Onyomi reading,Text
"貫,||カン||","8.3/1 pounds","Kunyomi: つらぬく = pierce, penetrate, perforate, shoot through, attain (one's object)",Guess the meaning of the Onyomi reading,Text
"遂,||スイ||","accomplish, attain, commit (suicide)","Kunyomi: とげる = accomplish, attain, commit (suicide)",Guess the meaning of the Onyomi reading,Text
"滞,||タイ||","stopping","Kunyomi: とどこおる = stagnate, be delayed, be left undone, be overdue, fall into arrears",Guess the meaning of the Onyomi reading,Text
"乏,||ボウ||","meager, scarce, limited, destitute, hard up","Kunyomi: とぼしい = meager, scarce, limited, destitute, hard up",Guess the meaning of the Onyomi reading,Text
"伴,||ハン,バン||","accompany, bring with, be accompanied by, be involved in","Kunyomi: ともなう = accompany, bring with, be accompanied by, be involved in",Guess the meaning of the Onyomi reading,Text
"撮,||サツ||","pick, pinch, hold in the fingers, summarize","Kunyomi: とる = take (pictures)",Guess the meaning of the Onyomi reading,Text
"苗,||ビョウ||","seedling, sapling, shoot","Kunyomi: なえ,なわ = seedling, sapling, shoot",Guess the meaning of the Onyomi reading,Text
"慰,||イ||","amuse oneself, make sport of, seduce","Kunyomi: なぐさめる,なぐさむ = amuse oneself, make sport of, seduce, comfort, console, cheer",Guess the meaning of the Onyomi reading,Text
"殴,||オウ||","hit, beat, thrash","Kunyomi: なぐる = hit, beat, thrash",Guess the meaning of the Onyomi reading,Text
"倣,||ホウ||","imitate, follow, emulate","Kunyomi: ならう = imitate, follow, emulate",Guess the meaning of the Onyomi reading,Text
"憎,||ゾウ||","hate, detest","Kunyomi: にくむ,にくい,にくらしい,にくしみ = hate, detest,hateful, abominable, poorlooking,horrible, provoking,hatred, enmity",Guess the meaning of the Onyomi reading,Text
"鶏,||ケイ||","chicken","Kunyomi: にわとり = chicken",Guess the meaning of the Onyomi reading,Text
"縫,||ホウ||","sew, stich, embroider","Kunyomi: ぬう = sew, stich, embroider",Guess the meaning of the Onyomi reading,Text
"塗,||ト||","paint, plaster, daub, lacquer","Kunyomi: ぬる = paint, plaster, daub, lacquer",Guess the meaning of the Onyomi reading,Text
"粘,||ネン||","be sticky, be glutinous, be greasy, persevere","Kunyomi: ねばる = be sticky, be glutinous, be greasy, persevere",Guess the meaning of the Onyomi reading,Text
"伸,||シン||","stretching","Kunyomi: のびる,のばす,のべる = extend, lengthen, stretch, spread, be postponed, increase, grow, progress, develop, be straightened, be flattened, be smoothed, be exhausted,let (nails) grow, straighten, uncoil, spread out, reach out, postpone, dilute, smooth out, develop (talents), amass (riches),make (a bed), widen",Guess the meaning of the Onyomi reading,Text
"昇,||ショウ||","rise, ascend, go up, climb, go to (the capital), add up to, be promoted, advance (in price), sail up, come up (on the agenda)","Kunyomi: のぼる = rise, ascend, go up, climb, go to (the capital), add up to, be promoted, advance (in price), sail up, come up (on the agenda)",Guess the meaning of the Onyomi reading,Text
"諮,||シ||","consult with","Kunyomi: はかる = consult with",Guess the meaning of the Onyomi reading,Text
"謀,||ボウ,ム||","plan, devise, scheme, counsel with, have in mind, aim at, deceive, impose on","Kunyomi: はかる = plan, devise, scheme, counsel with, have in mind, aim at, deceive, impose on",Guess the meaning of the Onyomi reading,Text
"掃,||ソウ||","sweep, brush, gather up","Kunyomi: はく = sweep, brush, gather up",Guess the meaning of the Onyomi reading,Text
"励,||レイ||","be diligent","Kunyomi: はげむ,はげます = be diligent,encourage, inspire, raise (the voice)",Guess the meaning of the Onyomi reading,Text
"辱,||ジョク||","humiliate, put to shame, disgrace, insult, rape, assault","Kunyomi: はずかしめる = humiliate, put to shame, disgrace, insult, rape, assault",Guess the meaning of the Onyomi reading,Text
"裸,||ラ||","naked body, nude, uncovered, only partially clothed, undressed, without investing, leafless, unpreparedness (for a wedding), unsaddled, denuded, bare","Kunyomi: はだか = naked body, nude, uncovered, only partially clothed, undressed, without investing, leafless, unpreparedness (for a wedding), unsaddled, denuded, bare",Guess the meaning of the Onyomi reading,Text
"華,||カ,ケ||","flower, petal, shining, luster, China","Kunyomi: はな = flower",Guess the meaning of the Onyomi reading,Text
"阻,||ソ||","separate from, prevent, stop","Kunyomi: はばむ = obstruct, prevent, impede, deter, hinder, thwart, resist, frustrate",Guess the meaning of the Onyomi reading,Text
"控,||コウ||","draw in, hold back, suspend (judgment), refrain from, be moderate, write, make notes, wait, have, moderate (a report)","Kunyomi: ひかえる = memo, duplicate, waiting, prop, reserve",Guess the meaning of the Onyomi reading,Text
"潜,||セン||","conceal, hide, lower (the voice)","Kunyomi: ひそむ,もぐる = lurk, lie dormant, be hidden,dive, get into, crawl into",Guess the meaning of the Onyomi reading,Text
"翻,||ホン||","turn over, wave, flutter","Kunyomi: ひるがえる,ひるがえす = turn over, wave, flutter,change (one's mind), turn, reverse, wave, dodge",Guess the meaning of the Onyomi reading,Text
"膨,||ボウ||","get fat, get thick, swell","Kunyomi: ふくらむ,ふくれる = swell",Guess the meaning of the Onyomi reading,Text
"袋,||タイ||","bag, bag counter","Kunyomi: ふくろ = bag, sack, pouch",Guess the meaning of the Onyomi reading,Text
"房,||ボウ||","house, room, tassel","Kunyomi: ふさ = tuft, tassel, fringe, lock (of hair), cluster, bunch, segment (of an orange)",Guess the meaning of the Onyomi reading,Text
"伏,||フク||","bend down, bow down, lie prostrate","Kunyomi: ふせる,ふす = bend down, bow down, lie prostrate,turn over, lay face down, cover, lay (pipes), lay (an ambush), hide",Guess the meaning of the Onyomi reading,Text
"豚,||トン||","hog","Kunyomi: ぶた = pig, hog, swine",Guess the meaning of the Onyomi reading,Text
"隔,||カク||","distance, every other, alternate","Kunyomi: へだてる,へだたる = separate, interpose, screen, shield, estrange, be distant from, be separated from, become estranged",Guess the meaning of the Onyomi reading,Text
"穂,||スイ||","ear, head (of grain), crest (of waves)","Kunyomi: ほ = ear, head (of grain), crest (of waves)",Guess the meaning of the Onyomi reading,Text
"帆,||ハン||","sail","Kunyomi: ほ = sail",Guess the meaning of the Onyomi reading,Text
"葬,||ソウ||","bury, shelve","Kunyomi: ほうむる = bury, shelve",Guess the meaning of the Onyomi reading,Text
"施,||シ,セ||","give alms, conduct (educational work), carry out, administer (first aid), apply (bandages), perform (an operation)","Kunyomi: ほどこす = give alms, conduct (educational work), carry out, administer (first aid), apply (bandages), perform (an operation)",Guess the meaning of the Onyomi reading,Text
"炎,||エン||","inflammation","Kunyomi: ほのお = flame, blaze",Guess the meaning of the Onyomi reading,Text
"彫,||チョウ||","carving","Kunyomi: ほる = carve, engrave, sculpture, inscribe",Guess the meaning of the Onyomi reading,Text
"滅,||メツ||","be ruined, perish","Kunyomi: ほろびる,ほろぼす = be ruined, perish,ruin, destroy, overthrow",Guess the meaning of the Onyomi reading,Text
"紛,||フン||","be mistaken for, be confused with, go astray, be diverted from","Kunyomi: まぎれる,まぎらす,まぎらわす,まぎらわしい = be mistaken for, be confused with, go astray, be diverted from,divert, distract, beguile, evade, conceal,misleading, ambiguous",Guess the meaning of the Onyomi reading,Text
"免,||メン||","dismissal","Kunyomi: まぬかれる = escape from, be rescued from, avoid, evade, avert, elude, be exempted, be relieved from pain, get rid of",Guess the meaning of the Onyomi reading,Text
"幻,||ゲン||","vision, dream, illusion, apparition","Kunyomi: まぼろし = vision, dream, illusion, apparition",Guess the meaning of the Onyomi reading,Text
"陵,||リョウ||","imperial tomb","Kunyomi: みささぎ = imperial tomb",Guess the meaning of the Onyomi reading,Text
"婿,||セイ||","soninlaw","Kunyomi: むこ = soninlaw",Guess the meaning of the Onyomi reading,Text
"催,||サイ||","hold (a meeting), give (a dinner), feel, show signs of, develop symptoms of, feel (sick)","Kunyomi: もよおす = hold (a meeting), give (a dinner), feel, show signs of, develop symptoms of, feel (sick)",Guess the meaning of the Onyomi reading,Text
"漏,||ロウ||","leaking, water clock, time","Kunyomi: もる,もれる,もらす = leak, escape, shine through, find expression, be disclosed, be omitted, be excluded,spill, let leak, omit, miss, leave out, divulge, betray, give vent to, express, let go",Guess the meaning of the Onyomi reading,Text
"雇,||コ||","employ, hire","Kunyomi: やとう = employ, hire",Guess the meaning of the Onyomi reading,Text
"譲,||ジョウ||","turn over, hand over, transfer, convey, assign, deed, bequeath, give away, give up, sell, dispose of, yield to, be inferior to, defer, postpone","Kunyomi: ゆずる = turn over, hand over, transfer, convey, assign, deed, bequeath, give away, give up, sell, dispose of, yield to, be inferior to, defer, postpone",Guess the meaning of the Onyomi reading,Text
"緩,||カン||","loosen, lessen, relax, be unguarded, be moderate","Kunyomi: ゆるい,ゆるやか,ゆるむ,ゆるめる = loose, slack, lenient, generous, slow, easy (grade), gentle, slow (stream), loosen, lessen, relax, be unguarded, be moderate, unbend, unfasten, ease, slacken, mitigate",Guess the meaning of the Onyomi reading,Text
"揺,||ヨウ||","shake, sway, rock, roll, pitch, tremble, quake, flicker, vibrate, jolt","Kunyomi: ゆれる,ゆる,ゆらぐ,ゆるぐ,ゆする,ゆさぶる,ゆすぶる = shake, sway, rock, roll, pitch, tremble, quake, flicker, vibrate, jolt,swing, shake",Guess the meaning of the Onyomi reading,Text
"酔,||スイ||","get drunk, feel sick, be poisoned, be elated, be spellbound","Kunyomi: よう = get drunk, feel sick, be poisoned, be elated, be spellbound",Guess the meaning of the Onyomi reading,Text
"詠,||エイ||","poem, song, singing, composing","Kunyomi: よむ = recite, chant",Guess the meaning of the Onyomi reading,Text
"嫁,||カ||","marry (a man), be married to, blame","Kunyomi: よめ,とつぐ = marry off, get married, bride, young wife, daughterin law",Guess the meaning of the Onyomi reading,Text
"again, and, furthermore, on the other hand [**Kun**]","又,また","",Guess the romaji equivalent of the Kunyomi reading,Text
"current, torrent, rapids, shallows, shoal [**Kun**]","瀬,せ","",Guess the romaji equivalent of the Kunyomi reading,Text
"hang on, be suspended from, be caught, be trapped, be built, begin, arrive at, require, cost, play against, oppose, be splashed, weigh (a pound), be levied, (the instrument or tool) works, attack, fall on, is now showing at, consult, depend (on a son), hang, set up (a ladder), cover, construct, install, sit down, sprinkle, pour on, put on, ring up, weigh, multiply, levy, pay (in installments)","掛,かける,かかる,かかり","",Guess the romaji equivalent of the Kunyomi reading,Text
"princess, young lady of birth,little, pretty [**Kun**]","姫,ひめ","",Guess the romaji equivalent of the Kunyomi reading,Text
"sell at wholesale, grated (vegetables), wholesale [**Kun**]","卸,おろす,おろし","",Guess the romaji equivalent of the Kunyomi reading,Text
"waterfall, rapids, cascade [**Kun**]","滝,たき","",Guess the romaji equivalent of the Kunyomi reading,Text
"pity, have mercy on, sympathize with, grief, sorrow, misery, compassion, pathos [**Kun**]","哀,あわれ,あわれむ","Onyomi: アイ = pity, have mercy on, sympathize with",Guess the romaji equivalent of the Kunyomi reading,Text
"amuse oneself, make sport of, seduce, comfort, console, cheer [**Kun**]","慰,なぐさめる,なぐさむ","Onyomi: イ = amuse oneself, make sport of, seduce",Guess the romaji equivalent of the Kunyomi reading,Text
"recite, chant [**Kun**]","詠,よむ","Onyomi: エイ = poem, song, singing, composing",Guess the romaji equivalent of the Kunyomi reading,Text
"flame, blaze [**Kun**]","炎,ほのお","Onyomi: エン = inflammation",Guess the romaji equivalent of the Kunyomi reading,Text
"hit, beat, thrash [**Kun**]","殴,なぐる","Onyomi: オウ = hit, beat, thrash",Guess the romaji equivalent of the Kunyomi reading,Text
"calm, quiet, peace, moderation [**Kun**]","穏,おだやか","Onyomi: オン = calm, quiet, peace, moderation",Guess the romaji equivalent of the Kunyomi reading,Text
"build (a bridge), hang [**Kun**]","架,かける,かかる","Onyomi: カ = frame, mount, stand, support, hang up, shelf",Guess the romaji equivalent of the Kunyomi reading,Text
"marry off, get married, bride, young wife, daughterin law [**Kun**]","嫁,よめ,とつぐ","Onyomi: カ = marry (a man), be married to, blame",Guess the romaji equivalent of the Kunyomi reading,Text
"flower [**Kun**]","華,はな","Onyomi: カ,ケ = flower, petal, shining, luster, China",Guess the romaji equivalent of the Kunyomi reading,Text
"lump, chunk, clod, mass, clump, cluster, group, flock, bigotry, personification (of) [**Kun**]","塊,かたまり","Onyomi: カイ = lump, chunk, clod, mass, clot, ingot",Guess the romaji equivalent of the Kunyomi reading,Text
"doubt, be suspicious of, wonder at, undependable, mysterious, strange [**Kun**]","怪,あやしい,あやしむ","Onyomi: カイ = mystery, apparition",Guess the romaji equivalent of the Kunyomi reading,Text
"repend, regret,repent of, mourn for, condole with, vexing, regretable, mortifying [**Kun**]","悔,くいる,くやむ,くやしい","Onyomi: カイ = repend, regret",Guess the romaji equivalent of the Kunyomi reading,Text
"separate, interpose, screen, shield, estrange, be distant from, be separated from, become estranged [**Kun**]","隔,へだてる,へだたる","Onyomi: カク = distance, every other, alternate",Guess the romaji equivalent of the Kunyomi reading,Text
"peak, mountain [**Kun**]","岳,たけ","Onyomi: ガク = peak, mountain",Guess the romaji equivalent of the Kunyomi reading,Text
"slide, glide, skate, be slippery, slip, fail in exams, smooth [**Kun**]","滑,すべる,なめらか","Onyomi: カツ,コツ = slide, glide, skate, be slippery, slip, fail in exams",Guess the romaji equivalent of the Kunyomi reading,Text
"pierce, penetrate, perforate, shoot through, attain (one's object) [**Kun**]","貫,つらぬく","Onyomi: カン = 8.3/1 pounds",Guess the romaji equivalent of the Kunyomi reading,Text
"change, turn, convert, exchange, renew, substitute, replace, relieve [**Kun**]","換,かえる,かわる","Onyomi: カン = change, turn, convert, exchange, renew, substitute, replace",Guess the romaji equivalent of the Kunyomi reading,Text
"crown, diadem, a top character radical [**Kun**]","冠,かんむり","Onyomi: カン = crown, diadem, first, best, peerless",Guess the romaji equivalent of the Kunyomi reading,Text
"liver, pluck, courage, nerve [**Kun**]","肝,きも","Onyomi: カン = liver",Guess the romaji equivalent of the Kunyomi reading,Text
"loose, slack, lenient, generous, slow, easy (grade), gentle, slow (stream), loosen, lessen, relax, be unguarded, be moderate, unbend, unfasten, ease, slacken, mitigate [**Kun**]","緩,ゆるい,ゆるやか,ゆるむ,ゆるめる","Onyomi: カン = loosen, lessen, relax, be unguarded, be moderate",Guess the romaji equivalent of the Kunyomi reading,Text
"deceive, cheat, delude [**Kun**]","欺,あざむく","Onyomi: ギ = deceive, cheat, delude",Guess the romaji equivalent of the Kunyomi reading,Text
"abhor, have an aversion for, avoid, shun, taboo, abstain from, objectionable, abominable, offensive, ominous, unlucky [**Kun**]","忌,いむ,いまわしい","Onyomi: キ = mourning, death anniversary, something detestable",Guess the romaji equivalent of the Kunyomi reading,Text
"plan, plot, propose, design, intend, contemplate, attempt, undertake [**Kun**]","企,くわだてる","Onyomi: キ = plan, plot, propose, design, intend, contemplate, attempt, undertake",Guess the romaji equivalent of the Kunyomi reading,Text
"previously, already, long ago, on the point of, actually [**Kun**]","既,すでに","Onyomi: キ = previously, already, long ago, on the point of, actually",Guess the romaji equivalent of the Kunyomi reading,Text
"oppress, tyrannixe [**Kun**]","虐,しいたげる","Onyomi: ギャク = oppress, tyrannixe",Guess the romaji equivalent of the Kunyomi reading,Text
"feel stiff, get stiff, be absorbed in, be devoted to, be a fanatic, elaborate, concentrate, devote, apply, strain, rack [**Kun**]","凝,こる,こらす","Onyomi: ギョウ = freeze, congeal",Guess the romaji equivalent of the Kunyomi reading,Text
"threaten, coerce [**Kun**]","脅,おびやかす,おどす,おどかす","Onyomi: キョウ = threaten, coerce",Guess the romaji equivalent of the Kunyomi reading,Text
"foolish, stupid, dull [**Kun**]","愚,おろか","Onyomi: グ = folly, foolishness, absurdity, fool",Guess the romaji equivalent of the Kunyomi reading,Text
"carry (in the hand), be armed with, carry along, bring (someone) along, participate in, be concerned in [**Kun**]","携,たずさえる,たずさわる","Onyomi: ケイ = carry (in the hand), be armed with, carry along, bring (someone) along",Guess the romaji equivalent of the Kunyomi reading,Text
"chicken [**Kun**]","鶏,にわとり","Onyomi: ケイ = chicken",Guess the romaji equivalent of the Kunyomi reading,Text
"pledge, vow, swear, promise [**Kun**]","契,ちぎる","Onyomi: ケイ = pledge, vow, swear, promise",Guess the romaji equivalent of the Kunyomi reading,Text
"put up, hang out, hoist, display, publish, insert, describe, mention [**Kun**]","掲,かかげる","Onyomi: ケイ = put up, hang out, hoist, display, publish, insert, describe, mention",Guess the romaji equivalent of the Kunyomi reading,Text
"rest, relax, repose [**Kun**]","憩,いこい,いこう","Onyomi: ケイ = rest, relax, repose",Guess the romaji equivalent of the Kunyomi reading,Text
"whale [**Kun**]","鯨,くじら","Onyomi: ゲイ = whale",Guess the romaji equivalent of the Kunyomi reading,Text
"vision, dream, illusion, apparition [**Kun**]","幻,まぼろし","Onyomi: ゲン = vision, dream, illusion, apparition",Guess the romaji equivalent of the Kunyomi reading,Text
"wise, intelligent [**Kun**]","賢,かしこい","Onyomi: ケン = wisdom, cleverness",Guess the romaji equivalent of the Kunyomi reading,Text
"employ, hire [**Kun**]","雇,やとう","Onyomi: コ = employ, hire",Guess the romaji equivalent of the Kunyomi reading,Text
"look back, turn around, look back upon, review, examine oneself, take notice of [**Kun**]","顧,かえりみる","Onyomi: コ = look back, turn around, look back upon, review, examine oneself, take notice of",Guess the romaji equivalent of the Kunyomi reading,Text
"perceive, discern, realize, understand, comprehend, attain enlightenment, find one's philosophy [**Kun**]","悟,さとる","Onyomi: ゴ = perceive, discern, realize, understand, comprehend, attain enlightenment, find one's philosophy",Guess the romaji equivalent of the Kunyomi reading,Text
"be confused, lose one's head, be hurried, be hasty, busy, bustling, confused [**Kun**]","慌,あわてる,あわただしい","Onyomi: コウ = be confused, lose one's head, be hurried, be hasty",Guess the romaji equivalent of the Kunyomi reading,Text
"rope, cord, string, line, hawser, cable, morality [**Kun**]","綱,つな","Onyomi: コウ = class (in zoology)",Guess the romaji equivalent of the Kunyomi reading,Text
"memo, duplicate, waiting, prop, reserve [**Kun**]","控,ひかえる","Onyomi: コウ = draw in, hold back, suspend (judgment), refrain from, be moderate, write, make notes, wait, have, moderate (a report)",Guess the romaji equivalent of the Kunyomi reading,Text
"hard, solid, tough, rigid, tight, steady, firm, strict, safe, reliable, upright, chaste, constant, stiff, bookish, classical, stubborn [**Kun**]","硬,かたい","Onyomi: コウ = hard, solid, tough, rigid, tight, steady, firm, strict, safe, reliable, upright, chaste, constant, stiff, bookish, classical, stubborn",Guess the romaji equivalent of the Kunyomi reading,Text
"skill, ingenuity [**Kun**]","巧,たくみ","Onyomi: コウ = skilled",Guess the romaji equivalent of the Kunyomi reading,Text
"strangle, constrict, wring,squeeze, press, extract, milk, close tight, extort, scold [**Kun**]","絞,しぼる,しめる,しまる","Onyomi: コウ = strangle, constrict, wring",Guess the romaji equivalent of the Kunyomi reading,Text
"bear a grudge, show resentment, hateful, bitter [**Kun**]","恨,うらむ,うらめしい","Onyomi: コン = bear a grudge, show resentment",Guess the romaji equivalent of the Kunyomi reading,Text
"soul, spirit [**Kun**]","魂,たましい","Onyomi: コン = soul, spirit",Guess the romaji equivalent of the Kunyomi reading,Text
"hold (a meeting), give (a dinner), feel, show signs of, develop symptoms of, feel (sick) [**Kun**]","催,もよおす","Onyomi: サイ = hold (a meeting), give (a dinner), feel, show signs of, develop symptoms of, feel (sick)",Guess the romaji equivalent of the Kunyomi reading,Text
"plane, sharpen, whittle, pare, shave (leather), scrape off, cross out, reduce, curtail [**Kun**]","削,けずる","Onyomi: サク = plane, sharpen, whittle, pare, shave (leather), scrape off, cross out, reduce, curtail",Guess the romaji equivalent of the Kunyomi reading,Text
"wring, squeeze, press, extract, milk, close tight, extort, scold [**Kun**]","搾,しぼる","Onyomi: サク = wring, squeeze, press, extract, milk, close tight, extort, scold",Guess the romaji equivalent of the Kunyomi reading,Text
"take (pictures) [**Kun**]","撮,とる","Onyomi: サツ = pick, pinch, hold in the fingers, summarize",Guess the romaji equivalent of the Kunyomi reading,Text
"rub, chafe, strike (a match), frost (glass),wear, become sophisticated [**Kun**]","擦,する,すれる","Onyomi: サツ = rub, scour, scrub, scratch, scrape, brush",Guess the romaji equivalent of the Kunyomi reading,Text
"consult with [**Kun**]","諮,はかる","Onyomi: シ = consult with",Guess the romaji equivalent of the Kunyomi reading,Text
"love, be affectionate to, pity [**Kun**]","慈,いつくしむ","Onyomi: ジ = love, be affectionate to, pity",Guess the romaji equivalent of the Kunyomi reading,Text
"warrior, samurai [**Kun**]","侍,さむらい","Onyomi: ジ = wait upon, serve",Guess the romaji equivalent of the Kunyomi reading,Text
"give alms, conduct (educational work), carry out, administer (first aid), apply (bandages), perform (an operation) [**Kun**]","施,ほどこす","Onyomi: シ,セ = give alms, conduct (educational work), carry out, administer (first aid), apply (bandages), perform (an operation)",Guess the romaji equivalent of the Kunyomi reading,Text
"get damp, get moist, get wet,wet, moisten, dampen [**Kun**]","湿,しめる,しめす","Onyomi: シツ = dampness, moisture, itch",Guess the romaji equivalent of the Kunyomi reading,Text
"long life, congratulations [**Kun**]","寿,ことぶき","Onyomi: ジュ = age, one's natural life, longevity, congratulations",Guess the romaji equivalent of the Kunyomi reading,Text
"especially, exceptionally, above all [**Kun**]","殊,こと","Onyomi: シュ = especially, exceptionally, above all",Guess the romaji equivalent of the Kunyomi reading,Text
"be watered, profit by, receive benefits, become rich,moisten, water, irrigate, dip, enrich, profit,be dimmed, be clouded, get muddy, be wet [**Kun**]","潤,うるおう,うるおす,うるむ","Onyomi: ジュン = be watered, profit by, receive benefits, become rich",Guess the romaji equivalent of the Kunyomi reading,Text
"bell, gong, chimes, carillon [**Kun**]","鐘,かね","Onyomi: ショウ = bell, gong, chimes, carillon",Guess the romaji equivalent of the Kunyomi reading,Text
"burn, scorch, singe, char,pine for,yearn for, be deeply in love with, be scorched,be in a hurry, be hasty, be impatient, be overzealous [**Kun**]","焦,こげる,こがす,こがれる,あせる","Onyomi: ショウ = burn, scorch, singe, char",Guess the romaji equivalent of the Kunyomi reading,Text
"rise, ascend, go up, climb, go to (the capital), add up to, be promoted, advance (in price), sail up, come up (on the agenda) [**Kun**]","昇,のぼる","Onyomi: ショウ = rise, ascend, go up, climb, go to (the capital), add up to, be promoted, advance (in price), sail up, come up (on the agenda)",Guess the romaji equivalent of the Kunyomi reading,Text
"turn over, hand over, transfer, convey, assign, deed, bequeath, give away, give up, sell, dispose of, yield to, be inferior to, defer, postpone [**Kun**]","譲,ゆずる","Onyomi: ジョウ = turn over, hand over, transfer, convey, assign, deed, bequeath, give away, give up, sell, dispose of, yield to, be inferior to, defer, postpone",Guess the romaji equivalent of the Kunyomi reading,Text
"humiliate, put to shame, disgrace, insult, rape, assault [**Kun**]","辱,はずかしめる","Onyomi: ジョク = humiliate, put to shame, disgrace, insult, rape, assault",Guess the romaji equivalent of the Kunyomi reading,Text
"hot, acrid, sharp, salty, bitter, trying, harsh, severe [**Kun**]","辛,からい","Onyomi: シン = H, eighth",Guess the romaji equivalent of the Kunyomi reading,Text
"extend, lengthen, stretch, spread, be postponed, increase, grow, progress, develop, be straightened, be flattened, be smoothed, be exhausted,let (nails) grow, straighten, uncoil, spread out, reach out, postpone, dilute, smooth out, develop (talents), amass (riches),make (a bed), widen [**Kun**]","伸,のびる,のばす,のべる","Onyomi: シン = stretching",Guess the romaji equivalent of the Kunyomi reading,Text
"accomplish, attain, commit (suicide) [**Kun**]","遂,とげる","Onyomi: スイ = accomplish, attain, commit (suicide)",Guess the romaji equivalent of the Kunyomi reading,Text
"cook, boil [**Kun**]","炊,たく","Onyomi: スイ = cook, boil",Guess the romaji equivalent of the Kunyomi reading,Text
"decline, wane, weaken, abate, decay, wither, waste away [**Kun**]","衰,おとろえる","Onyomi: スイ = decline, wane, weaken, abate, decay, wither, waste away",Guess the romaji equivalent of the Kunyomi reading,Text
"ear, head (of grain), crest (of waves) [**Kun**]","穂,ほ","Onyomi: スイ = ear, head (of grain), crest (of waves)",Guess the romaji equivalent of the Kunyomi reading,Text
"get drunk, feel sick, be poisoned, be elated, be spellbound [**Kun**]","酔,よう","Onyomi: スイ = get drunk, feel sick, be poisoned, be elated, be spellbound",Guess the romaji equivalent of the Kunyomi reading,Text
"chic, style [**Kun**]","粋,いき","Onyomi: スイ = purity, essence, pith, cream, pick, elite, choice, elegance, fashion, taste, gracefulness, considerateness",Guess the romaji equivalent of the Kunyomi reading,Text
"soninlaw [**Kun**]","婿,むこ","Onyomi: セイ = soninlaw",Guess the romaji equivalent of the Kunyomi reading,Text
"ask, request, invite, pray for, beg, solicit,receive, accept, take, get, obtain, face, front of, inherit, catch the public's fancy [**Kun**]","請,こう,うける","Onyomi: セイ,シン = requesting, inviting",Guess the romaji equivalent of the Kunyomi reading,Text
"be sparing of, be frugal with, be stingy with, regret, value, prize, be reluctant,regrettable, pitiful, disappointing, precious, wasteful [**Kun**]","惜,おしい,おしむ","Onyomi: セキ = be sparing of, be frugal with, be stingy with, regret, value, prize, be reluctant",Guess the romaji equivalent of the Kunyomi reading,Text
"lurk, lie dormant, be hidden,dive, get into, crawl into [**Kun**]","潜,ひそむ,もぐる","Onyomi: セン = conceal, hide, lower (the voice)",Guess the romaji equivalent of the Kunyomi reading,Text
"repair, mend, darn, trim, tidy up, adjust [**Kun**]","繕,つくろう","Onyomi: ゼン = repair, mend, darn, trim, tidy up, adjust",Guess the romaji equivalent of the Kunyomi reading,Text
"foundation stone, cornerstone [**Kun**]","礎,いしずえ","Onyomi: ソ = foundation stone, cornerstone",Guess the romaji equivalent of the Kunyomi reading,Text
"rough, coarse, rugged, loose (fabric), large (meshes) [**Kun**]","粗,あらい","Onyomi: ソ = roughness, coarseness, not fine, neglect, careless",Guess the romaji equivalent of the Kunyomi reading,Text
"obstruct, prevent, impede, deter, hinder, thwart, resist, frustrate [**Kun**]","阻,はばむ","Onyomi: ソ = separate from, prevent, stop",Guess the romaji equivalent of the Kunyomi reading,Text
NULL,"双,ふた","Onyomi: ソウ = a pair, a set, comparison, counter for pairs",Guess the romaji equivalent of the Kunyomi reading,Text
"bury, shelve [**Kun**]","葬,ほうむる","Onyomi: ソウ = bury, shelve",Guess the romaji equivalent of the Kunyomi reading,Text
"hate, detest,hateful, abominable, poorlooking,horrible, provoking,hatred, enmity [**Kun**]","憎,にくむ,にくい,にくらしい,にくしみ","Onyomi: ゾウ = hate, detest",Guess the romaji equivalent of the Kunyomi reading,Text
"meet, interview [**Kun**]","遭,あう","Onyomi: ソウ = meet, interview",Guess the romaji equivalent of the Kunyomi reading,Text
"mulberry [**Kun**]","桑,くわ","Onyomi: ソウ = mulberry",Guess the romaji equivalent of the Kunyomi reading,Text
"sweep, brush, gather up [**Kun**]","掃,はく","Onyomi: ソウ = sweep, brush, gather up",Guess the romaji equivalent of the Kunyomi reading,Text
"urge, press, demand, stimulate, incite, quicken, invite (attention to) [**Kun**]","促,うながす","Onyomi: ソク = urge, press, demand, stimulate, incite, quicken, invite (attention to)",Guess the romaji equivalent of the Kunyomi reading,Text
"bag, sack, pouch [**Kun**]","袋,ふくろ","Onyomi: タイ = bag, bag counter",Guess the romaji equivalent of the Kunyomi reading,Text
"neglect, be off guard, be feeling better,be lazy, be idle [**Kun**]","怠,おこたる,なまける","Onyomi: タイ = laziness, neglect",Guess the romaji equivalent of the Kunyomi reading,Text
"stagnate, be delayed, be left undone, be overdue, fall into arrears [**Kun**]","滞,とどこおる","Onyomi: タイ = stopping",Guess the romaji equivalent of the Kunyomi reading,Text
"take by force, deprive of, disposess [**Kun**]","奪,うばう","Onyomi: ダツ = take by force, snatch away, oust, deprive of, disposess, plunder, usurp, absorb (attention), fascinate",Guess the romaji equivalent of the Kunyomi reading,Text
"forge, temper, drill, train, practice [**Kun**]","鍛,きたえる","Onyomi: タン = forge, temper, drill, train, practice",Guess the romaji equivalent of the Kunyomi reading,Text
"cast, mint, coin [**Kun**]","鋳,いる","Onyomi: チュウ = casting",Guess the romaji equivalent of the Kunyomi reading,Text
"hear, listen to, learn of, inquire, follow advice [**Kun**]","聴,きく","Onyomi: チョウ = careful inquiry",Guess the romaji equivalent of the Kunyomi reading,Text
"carve, engrave, sculpture, inscribe [**Kun**]","彫,ほる","Onyomi: チョウ = carving",Guess the romaji equivalent of the Kunyomi reading,Text
"cross, go beyond, exceed, clear (an obstacle), overstep (authority) [**Kun**]","超,こえる,こす","Onyomi: チョウ = super, ultra",Guess the romaji equivalent of the Kunyomi reading,Text
"get quiet, calm down, grow still, subside, die down, be suppressed,calm, pacify, soothe, alleviate, appease, suppress, quell [**Kun**]","鎮,しずめる,しずまる","Onyomi: チン = ancient garrisons for peacepreservation",Guess the romaji equivalent of the Kunyomi reading,Text
"tie, tighten, wring, constrict, strangle, shut, total, control strictly, rebuke,be shut, be locked, be fastened, be tight, be firm, become sober, reform, be thrifty [**Kun**]","締,しまる,しめる","Onyomi: テイ = tie, tighten, wring, constrict, strangle, shut, total, control strictly, rebuke",Guess the romaji equivalent of the Kunyomi reading,Text
"paint, plaster, daub, lacquer [**Kun**]","塗,ぬる","Onyomi: ト = paint, plaster, daub, lacquer",Guess the romaji equivalent of the Kunyomi reading,Text
"freeze, be frozen over, congeal,freeze, be chilled, be frozen [**Kun**]","凍,こおる,こごえる","Onyomi: トウ = freeze, be frozen over, congeal",Guess the romaji equivalent of the Kunyomi reading,Text
"pig, hog, swine [**Kun**]","豚,ぶた","Onyomi: トン = hog",Guess the romaji equivalent of the Kunyomi reading,Text
"be sticky, be glutinous, be greasy, persevere [**Kun**]","粘,ねばる","Onyomi: ネン = be sticky, be glutinous, be greasy, persevere",Guess the romaji equivalent of the Kunyomi reading,Text
"bind, tie, fasten, truss, fetter, restrain, chain, arrest, catch [**Kun**]","縛,しばる","Onyomi: バク = arrest, binding",Guess the romaji equivalent of the Kunyomi reading,Text
"sail [**Kun**]","帆,ほ","Onyomi: ハン = sail",Guess the romaji equivalent of the Kunyomi reading,Text
"accompany, bring with, be accompanied by, be involved in [**Kun**]","伴,ともなう","Onyomi: ハン,バン = accompany, bring with, be accompanied by, be involved in",Guess the romaji equivalent of the Kunyomi reading,Text
"humble, base, mean, vile, vulgar, greedy,despise [**Kun**]","卑,いやしい,いやしむ,いやしめる","Onyomi: ヒ = humble, base, mean, vile, vulgar, greedy",Guess the romaji equivalent of the Kunyomi reading,Text
"float (on the water) [**Kun**]","漂,ただよう","Onyomi: ヒョウ = float (on the water)",Guess the romaji equivalent of the Kunyomi reading,Text
"seedling, sapling, shoot [**Kun**]","苗,なえ,なわ","Onyomi: ビョウ = seedling, sapling, shoot",Guess the romaji equivalent of the Kunyomi reading,Text
"proceed to, get, become, tend toward [**Kun**]","赴,おもむく","Onyomi: フ = proceed to, get, become, tend toward",Guess the romaji equivalent of the Kunyomi reading,Text
"bend down, bow down, lie prostrate,turn over, lay face down, cover, lay (pipes), lay (an ambush), hide [**Kun**]","伏,ふせる,ふす","Onyomi: フク = bend down, bow down, lie prostrate",Guess the romaji equivalent of the Kunyomi reading,Text
"overturn, capsize, fall, be ruined,overthrow, undermine, frustrate, veto, disprove (a theory),cover, veil, hang over, brood over, conceal, overlap, shelter, screen, disguise, wrap, envelop, obscure, shade, overshadow [**Kun**]","覆,おおう,くつがえす,くつがえる","Onyomi: フク = overturn, capsize, fall, be ruined",Guess the romaji equivalent of the Kunyomi reading,Text
"be mistaken for, be confused with, go astray, be diverted from,divert, distract, beguile, evade, conceal,misleading, ambiguous [**Kun**]","紛,まぎれる,まぎらす,まぎらわす,まぎらわしい","Onyomi: フン = be mistaken for, be confused with, go astray, be diverted from",Guess the romaji equivalent of the Kunyomi reading,Text
"habit, peculiality, vice, trait, fault, curl, kink, mannerism [**Kun**]","癖,くせ","Onyomi: ヘキ = habit",Guess the romaji equivalent of the Kunyomi reading,Text
"gather (contributions), campaign (for students), float (a loan), enlist (troops), grow violent [**Kun**]","募,つのる","Onyomi: ボ = gather (contributions), campaign (for students), float (a loan), enlist (troops), grow violent",Guess the romaji equivalent of the Kunyomi reading,Text
"yearn for, love dearly, adore, follow [**Kun**]","慕,したう","Onyomi: ボ = yearn for, love dearly, adore, follow",Guess the romaji equivalent of the Kunyomi reading,Text
"demolish, destroy level (a hill), crumble (bread), change (money), simplify, put in disorder, cut (prices),crumble, collapse, cave in, be destroyed, get out of shape, be routed, worsen (weather) [**Kun**]","崩,くずれる,くずす","Onyomi: ホウ = die",Guess the romaji equivalent of the Kunyomi reading,Text
"disturb, prevent, hamper, hinder, obstruct [**Kun**]","妨,さまたげる","Onyomi: ボウ = disturb, prevent, hamper, hinder, obstruct",Guess the romaji equivalent of the Kunyomi reading,Text
"fragrant, balmy, favorable [**Kun**]","芳,かんばしい","Onyomi: ホウ = fragrance",Guess the romaji equivalent of the Kunyomi reading,Text
"swell [**Kun**]","膨,ふくらむ,ふくれる","Onyomi: ボウ = get fat, get thick, swell",Guess the romaji equivalent of the Kunyomi reading,Text
"get tired of, lose interest in, have enough,satiate, surfeit, bore, tire, weary [**Kun**]","飽,あきる,あかす","Onyomi: ホウ = get tired of, lose interest in, have enough",Guess the romaji equivalent of the Kunyomi reading,Text
"tuft, tassel, fringe, lock (of hair), cluster, bunch, segment (of an orange) [**Kun**]","房,ふさ","Onyomi: ボウ = house, room, tassel",Guess the romaji equivalent of the Kunyomi reading,Text
"imitate, follow, emulate [**Kun**]","倣,ならう","Onyomi: ホウ = imitate, follow, emulate",Guess the romaji equivalent of the Kunyomi reading,Text
"meager, scarce, limited, destitute, hard up [**Kun**]","乏,とぼしい","Onyomi: ボウ = meager, scarce, limited, destitute, hard up",Guess the romaji equivalent of the Kunyomi reading,Text
"sew, stich, embroider [**Kun**]","縫,ぬう","Onyomi: ホウ = sew, stich, embroider",Guess the romaji equivalent of the Kunyomi reading,Text
"offer, present, revere, do respectfully [**Kun**]","奉,たてまつる","Onyomi: ホウ,ブ = present, dedicate, obey, follow, believe in, serve",Guess the romaji equivalent of the Kunyomi reading,Text
"plan, devise, scheme, counsel with, have in mind, aim at, deceive, impose on [**Kun**]","謀,はかる","Onyomi: ボウ,ム = plan, devise, scheme, counsel with, have in mind, aim at, deceive, impose on",Guess the romaji equivalent of the Kunyomi reading,Text
"India ink, Chinese ink, ink stick, inked marking string, ink (of a squid) [**Kun**]","墨,すみ","Onyomi: ボク = India ink, Chinese ink, ink stick, inked marking string, ink (of a squid)",Guess the romaji equivalent of the Kunyomi reading,Text
"turn over, wave, flutter,change (one's mind), turn, reverse, wave, dodge [**Kun**]","翻,ひるがえる,ひるがえす","Onyomi: ホン = turn over, wave, flutter",Guess the romaji equivalent of the Kunyomi reading,Text
"be filled up, be buried, be imbedded in,bury, inter, fill up, pour in, plug up, inlay, make up for,be covered, live in obscruity [**Kun**]","埋,うめる,うまる,うもれる","Onyomi: マイ = be filled up, be buried, be imbedded in",Guess the romaji equivalent of the Kunyomi reading,Text
"be ruined, perish,ruin, destroy, overthrow [**Kun**]","滅,ほろびる,ほろぼす","Onyomi: メツ = be ruined, perish",Guess the romaji equivalent of the Kunyomi reading,Text
"escape from, be rescued from, avoid, evade, avert, elude, be exempted, be relieved from pain, get rid of [**Kun**]","免,まぬかれる","Onyomi: メン = dismissal",Guess the romaji equivalent of the Kunyomi reading,Text
"grieve, lament, be anxious,sad, unhappy, gloomy,distress, sorrow, trouble, anxiety, grief [**Kun**]","憂,うれえる,うれい,うい","Onyomi: ユウ = grieve, lament, be anxious",Guess the romaji equivalent of the Kunyomi reading,Text
"invite, ask, call for, provoke, cause, bring (tears), allure, tempt, seduce [**Kun**]","誘,さそう","Onyomi: ユウ = invite, ask, call for, provoke, cause, bring (tears), allure, tempt, seduce",Guess the romaji equivalent of the Kunyomi reading,Text
"rise, go up, climb up, advance, appreciate, be promoted, improve, enter, call on, be offered, accrue, be finished, (expenses) come to, go bankrupt, begin spinning (cocoons), be caught, get ruffled, eat, drink, die, weaken (as a battery), let up (rain),raise, elevate, fly (kites), praise, increase, advance, promote, vomit, usher in, admit, send (to school), offer, present, leave with, finish, ","揚,あげる,あがる","Onyomi: ヨウ = praise",Guess the romaji equivalent of the Kunyomi reading,Text
"shake, sway, rock, roll, pitch, tremble, quake, flicker, vibrate, jolt,swing, shake [**Kun**]","揺,ゆれる,ゆる,ゆらぐ,ゆるぐ,ゆする,ゆさぶる,ゆすぶる","Onyomi: ヨウ = shake, sway, rock, roll, pitch, tremble, quake, flicker, vibrate, jolt",Guess the romaji equivalent of the Kunyomi reading,Text
"stop, check, restrain, pin down, suppress, subdue, control, catch, arrest, govern, stop (the ears), withhold, attach, seize, secure (evidence), estimate conservatively [**Kun**]","抑,おさえる","Onyomi: ヨク = stop, check, restrain, pin down, suppress, subdue, control, catch, arrest, govern, stop (the ears), withhold, attach, seize, secure (evidence), estimate conservatively",Guess the romaji equivalent of the Kunyomi reading,Text
"naked body, nude, uncovered, only partially clothed, undressed, without investing, leafless, unpreparedness (for a wedding), unsaddled, denuded, bare [**Kun**]","裸,はだか","Onyomi: ラ = naked body, nude, uncovered, only partially clothed, undressed, without investing, leafless, unpreparedness (for a wedding), unsaddled, denuded, bare",Guess the romaji equivalent of the Kunyomi reading,Text
"imperial tomb [**Kun**]","陵,みささぎ","Onyomi: リョウ = imperial tomb",Guess the romaji equivalent of the Kunyomi reading,Text
"food, provisions, bread [**Kun**]","糧,かて","Onyomi: リョウ,ロウ = food, provisions, bread",Guess the romaji equivalent of the Kunyomi reading,Text
"be diligent,encourage, inspire, raise (the voice) [**Kun**]","励,はげむ,はげます","Onyomi: レイ = be diligent",Guess the romaji equivalent of the Kunyomi reading,Text
"soul, spirit [**Kun**]","霊,たま","Onyomi: レイ,リョウ = soul, spirit",Guess the romaji equivalent of the Kunyomi reading,Text
"split, rend, tear, burst, rip, crack [**Kun**]","裂,さく,さける","Onyomi: レツ = split, rend, tear, burst, rip, crack",Guess the romaji equivalent of the Kunyomi reading,Text
"leak, escape, shine through, find expression, be disclosed, be omitted, be excluded,spill, let leak, omit, miss, leave out, divulge, betray, give vent to, express, let go [**Kun**]","漏,もる,もれる,もらす","Onyomi: ロウ = leaking, water clock, time",Guess the romaji equivalent of the Kunyomi reading,Text
"a pair, a set, comparison, counter for pairs [**On**]","双,ソウ",NULL,Guess the romaji equivalent of the Onyomi reading,Text
"1.1/3 pounds, catty, axe [**On**]","斤,キン","",Guess the romaji equivalent of the Onyomi reading,Text
"act in place of, carry on in addition to [**On**]","摂,セツ","",Guess the romaji equivalent of the Onyomi reading,Text
"an official [**On**]","吏,リ","",Guess the romaji equivalent of the Onyomi reading,Text
"approximation, condition, situation [**On**]","概,ガイ","",Guess the romaji equivalent of the Onyomi reading,Text
"arc, arch, bow [**On**]","弧,コ","",Guess the romaji equivalent of the Onyomi reading,Text
"assent, consent, agreement [**On**]","諾,ダク","",Guess the romaji equivalent of the Onyomi reading,Text
"at the mercy of (the waves) [**On**]","随,ズイ","",Guess the romaji equivalent of the Onyomi reading,Text
"axis, axle, spindle, shaft, pivot, stem, stalk, (pen) holder, scroll picture [**On**]","軸,ジク","",Guess the romaji equivalent of the Onyomi reading,Text
"B, second, the latter, duplicate [**On**]","乙,オツ","",Guess the romaji equivalent of the Onyomi reading,Text
"barbarian [**On**]","蛮,バン","",Guess the romaji equivalent of the Onyomi reading,Text
"be hungry, starve, thirst [**On**]","餓,ガ","",Guess the romaji equivalent of the Onyomi reading,Text
"be sad [**On**]","慨,ガイ","",Guess the romaji equivalent of the Onyomi reading,Text
"brunt, opposition (in astronomy), highway, collision, important point [**On**]","衝,ショウ","",Guess the romaji equivalent of the Onyomi reading,Text
"charm, fascinate, bewitch, enchant [**On**]","魅,ミ","",Guess the romaji equivalent of the Onyomi reading,Text
"chase [**On**]","逮,タイ","",Guess the romaji equivalent of the Onyomi reading,Text
"choose, select, cull out, elect, prefer, decide on [**On**]","択,タク","",Guess the romaji equivalent of the Onyomi reading,Text
"chrysanthemum [**On**]","菊,キク","",Guess the romaji equivalent of the Onyomi reading,Text
"clear [**On**]","哲,テツ","",Guess the romaji equivalent of the Onyomi reading,Text
"clear, crystal [**On**]","晶,ショウ","",Guess the romaji equivalent of the Onyomi reading,Text
"confine to a room [**On**]","幽,ユウ","",Guess the romaji equivalent of the Onyomi reading,Text
"correct, decide [**On**]","訂,テイ","",Guess the romaji equivalent of the Onyomi reading,Text
"corridor, hall, lobby, tower, watchtower [**On**]","廊,ロウ","",Guess the romaji equivalent of the Onyomi reading,Text
"counter for ships, fish, birds, arrows, etc., and one of a pair [**On**]","隻,セキ","",Guess the romaji equivalent of the Onyomi reading,Text
"country [**On**]","邦,ホウ","",Guess the romaji equivalent of the Onyomi reading,Text
"cry, scream, yell, shout, clamor [**On**]","喚,カン","",Guess the romaji equivalent of the Onyomi reading,Text
"dark blue, navy blue [**On**]","紺,コン","",Guess the romaji equivalent of the Onyomi reading,Text
"debt, loan [**On**]","債,サイ","",Guess the romaji equivalent of the Onyomi reading,Text
"demon, devil, evil spirit [**On**]","魔,マ","",Guess the romaji equivalent of the Onyomi reading,Text
"domesticated fowl and animals [**On**]","畜,チク","",Guess the romaji equivalent of the Onyomi reading,Text
"domiciliary register, membership [**On**]","籍,セキ","",Guess the romaji equivalent of the Onyomi reading,Text
"eat, drink, smoke, receive (a blow, etc.) [**On**]","喫,キツ","",Guess the romaji equivalent of the Onyomi reading,Text
"economy [**On**]","倹,ケン","",Guess the romaji equivalent of the Onyomi reading,Text
"embrace, hug, possess, protect, lead [**On**]","擁,ヨウ","",Guess the romaji equivalent of the Onyomi reading,Text
"emperor, the god of heaven, the creator [**On**]","帝,テイ","",Guess the romaji equivalent of the Onyomi reading,Text
"emptiness, unpreparedness, crack, fissure, unguarded position, untruth [**On**]","虚,キョ,コ","",Guess the romaji equivalent of the Onyomi reading,Text
"enclosure, quarters [**On**]","郭,カク","",Guess the romaji equivalent of the Onyomi reading,Text
"Europe [**On**]","欧,オウ","",Guess the romaji equivalent of the Onyomi reading,Text
"even number, couple, man and wife, friend, same kind, doll [**On**]","偶,グウ","",Guess the romaji equivalent of the Onyomi reading,Text
"exclude, expel, reject, push aside, push open, defy, disregard, anti(Japanese, etc.) [**On**]","排,ハイ","",Guess the romaji equivalent of the Onyomi reading,Text
"fall [**On**]","墜,ツイ","",Guess the romaji equivalent of the Onyomi reading,Text
"feast, banquet, party, entertainment [**On**]","宴,エン","",Guess the romaji equivalent of the Onyomi reading,Text
"fermentation [**On**]","酵,コウ","",Guess the romaji equivalent of the Onyomi reading,Text
"feudal clan, enclosure [**On**]","藩,ハン","",Guess the romaji equivalent of the Onyomi reading,Text
"finish, complete, understand [**On**]","了,リョウ","",Guess the romaji equivalent of the Onyomi reading,Text
"flow, soak in, penetrate, secrete [**On**]","泌,ヒツ,ヒ","",Guess the romaji equivalent of the Onyomi reading,Text
"follow, accompany, attend on [**On**]","陪,バイ","",Guess the romaji equivalent of the Onyomi reading,Text
"follow, obey, learn [**On**]","遵,ジュン","",Guess the romaji equivalent of the Onyomi reading,Text
"for a while, for a moment, for a long time [**On**]","暫,ザン","",Guess the romaji equivalent of the Onyomi reading,Text
"forgiveness [**On**]","赦,シャ","",Guess the romaji equivalent of the Onyomi reading,Text
"furnace, kiln, hearth, (nuclear) reactor [**On**]","炉,ロ","",Guess the romaji equivalent of the Onyomi reading,Text
"gall bladder, courage [**On**]","胆,タン","",Guess the romaji equivalent of the Onyomi reading,Text
"girl, daughter, young lady, Miss. [**On**]","嬢,ジョウ","",Guess the romaji equivalent of the Onyomi reading,Text
"give up, suspend, discontinue, lay aside, set apart, except [**On**]","措,ソ","",Guess the romaji equivalent of the Onyomi reading,Text
"good luck, joy, congratulations [**On**]","吉,キチ,キツ","",Guess the romaji equivalent of the Onyomi reading,Text
"good, excellent, beautiful [**On**]","佳,カ","",Guess the romaji equivalent of the Onyomi reading,Text
"gorge, ravine [**On**]","峡,キョウ","",Guess the romaji equivalent of the Onyomi reading,Text
"gulf, bay, inlet [**On**]","湾,ワン","",Guess the romaji equivalent of the Onyomi reading,Text
"happiness [**On**]","祉,シ","",Guess the romaji equivalent of the Onyomi reading,Text
"hard, solid, reliable, tight [**On**]","緊,キン","",Guess the romaji equivalent of the Onyomi reading,Text
"harvest, reap [**On**]","穫,カク","",Guess the romaji equivalent of the Onyomi reading,Text
"hearing, trial, investigation [**On**]","審,シン","",Guess the romaji equivalent of the Onyomi reading,Text
"high (voice),first class, former, back (of the hand), instep, armor, shell, tortoise shell, carapace [**On**]","甲,コウ,カン","",Guess the romaji equivalent of the Onyomi reading,Text
"high, noble, prosperity [**On**]","隆,リュウ","",Guess the romaji equivalent of the Onyomi reading,Text
"hole, aperture, slit, gap, stop (of musical instrument), eyelet, cavity, socket, cave, den, hiding place, pit, fault, defect, deficit, grave, dark horse [**On**]","孔,コウ","",Guess the romaji equivalent of the Onyomi reading,Text
"illness, disease [**On**]","疾,シツ","",Guess the romaji equivalent of the Onyomi reading,Text
"injustice, unrighteousness, wickedness [**On**]","邪,ジャ","",Guess the romaji equivalent of the Onyomi reading,Text
"inspection, revision [**On**]","閲,エツ","",Guess the romaji equivalent of the Onyomi reading,Text
"Japanese chess [**On**]","棋,キ","",Guess the romaji equivalent of the Onyomi reading,Text
"joy, rapture, ecstasy, amusement [**On**]","悦,エツ","",Guess the romaji equivalent of the Onyomi reading,Text
"kind, cordial, fervent, affectionate, serious (illness) [**On**]","篤,トク","",Guess the romaji equivalent of the Onyomi reading,Text
"like, such as, as if [**On**]","如,ジョ,ニョ","",Guess the romaji equivalent of the Onyomi reading,Text
"lock, padlock, latch, pill, close up, counter for pills [**On**]","錠,ジョウ","",Guess the romaji equivalent of the Onyomi reading,Text
"marrow, pith [**On**]","髄,ズイ","",Guess the romaji equivalent of the Onyomi reading,Text
"membrane [**On**]","膜,マク","",Guess the romaji equivalent of the Onyomi reading,Text
"mix, be in discorder [**On**]","錯,サク","",Guess the romaji equivalent of the Onyomi reading,Text
"monument, tombstone [**On**]","碑,ヒ","",Guess the romaji equivalent of the Onyomi reading,Text
"mound, tomb [**On**]","墳,フン","",Guess the romaji equivalent of the Onyomi reading,Text
"old woman, grandmother [**On**]","婆,バ","",Guess the romaji equivalent of the Onyomi reading,Text
"one, a certain, that person, that thing [**On**]","某,ボウ","",Guess the romaji equivalent of the Onyomi reading,Text
"onetenth of a sen, onetenth of a bu [**On**]","厘,リン","",Guess the romaji equivalent of the Onyomi reading,Text
"open up farmland [**On**]","墾,コン","",Guess the romaji equivalent of the Onyomi reading,Text
"open, say [**On**]","啓,ケイ","",Guess the romaji equivalent of the Onyomi reading,Text
"orphan [**On**]","孤,コ","",Guess the romaji equivalent of the Onyomi reading,Text
"overflow, spread over [**On**]","濫,ラン","",Guess the romaji equivalent of the Onyomi reading,Text
"penalty, sentence, punishment [**On**]","刑,ケイ","",Guess the romaji equivalent of the Onyomi reading,Text
"perception, intuition, the sixth sense [**On**]","勘,カン","",Guess the romaji equivalent of the Onyomi reading,Text
"pit, hole [**On**]","坑,コウ","",Guess the romaji equivalent of the Onyomi reading,Text
"pleasure [**On**]","娯,ゴ","",Guess the romaji equivalent of the Onyomi reading,Text
"plug up, obstruct [**On**]","窒,チツ","",Guess the romaji equivalent of the Onyomi reading,Text
"porcelain, pottery [**On**]","陶,トウ","",Guess the romaji equivalent of the Onyomi reading,Text
"prison, jail [**On**]","獄,ゴク","",Guess the romaji equivalent of the Onyomi reading,Text
"pull, extract, excel [**On**]","抽,チュウ","",Guess the romaji equivalent of the Onyomi reading,Text
"purity, honesty, low price, corner [**On**]","廉,レン","",Guess the romaji equivalent of the Onyomi reading,Text
"record, book [**On**]","簿,ボ","",Guess the romaji equivalent of the Onyomi reading,Text
"refine (metals), drill, train, polish (sentences) [**On**]","錬,レン","",Guess the romaji equivalent of the Onyomi reading,Text
"requesting [**On**]","嘱,ショク","",Guess the romaji equivalent of the Onyomi reading,Text
"requesting, entrusting with [**On**]","託,タク","",Guess the romaji equivalent of the Onyomi reading,Text
"retreat, recede, withdraw [**On**]","斥,セキ","",Guess the romaji equivalent of the Onyomi reading,Text
"ricepaddy ridge, levee [**On**]","畔,ハン","",Guess the romaji equivalent of the Onyomi reading,Text
"riding on horses, counter for horsemen [**On**]","騎,キ","",Guess the romaji equivalent of the Onyomi reading,Text
"robber, rebel, traitor [**On**]","賊,ゾク","",Guess the romaji equivalent of the Onyomi reading,Text
"rule, administer, conduct [**On**]","掌,ショウ","",Guess the romaji equivalent of the Onyomi reading,Text
"sacrifice [**On**]","犠,ギ","",Guess the romaji equivalent of the Onyomi reading,Text
"sacrifice, offering, gift [**On**]","牲,セイ","",Guess the romaji equivalent of the Onyomi reading,Text
"sad, tragic, pitiful, frail, feeble, fleeting, unkind [**On**]","敢,カン","",Guess the romaji equivalent of the Onyomi reading,Text
"seal, sealing, closing,fief [**On**]","封,フウ,ホウ","",Guess the romaji equivalent of the Onyomi reading,Text
"seize, arrest [**On**]","拘,コウ","",Guess the romaji equivalent of the Onyomi reading,Text
"shelter, shield, hide [**On**]","匿,トク","",Guess the romaji equivalent of the Onyomi reading,Text
"shooting, hunting, game, take, bag [**On**]","猟,リョウ","",Guess the romaji equivalent of the Onyomi reading,Text
"sign, mark, tally, charm, amulet [**On**]","符,フ","",Guess the romaji equivalent of the Onyomi reading,Text
"sink, set, go down, hide, be hidden, fall into, disappear, die,rejection of manuscript, deceased [**On**]","没,ボツ","",Guess the romaji equivalent of the Onyomi reading,Text
"slowly, deliberately, gently [**On**]","徐,ジョ","",Guess the romaji equivalent of the Onyomi reading,Text
"smallpox [**On**]","痘,トウ","",Guess the romaji equivalent of the Onyomi reading,Text
"stage, rostrum, dais, terrace, altar, world (of literature, etc.) [**On**]","壇,ダン,タン","",Guess the romaji equivalent of the Onyomi reading,Text
"state, relate, explain [**On**]","陳,チン","",Guess the romaji equivalent of the Onyomi reading,Text
"stop, reside in [**On**]","駐,チュウ","",Guess the romaji equivalent of the Onyomi reading,Text
"strike, attack, punish [**On**]","伐,バツ","",Guess the romaji equivalent of the Onyomi reading,Text
"suburbs, rural area [**On**]","郊,コウ","",Guess the romaji equivalent of the Onyomi reading,Text
"table, desk, high [**On**]","卓,タク","",Guess the romaji equivalent of the Onyomi reading,Text
"ten sho (1 to = 4.8 gallons (U.S.)= 18 liters), a oneto measure, sake ladle, the Big Dipper [**On**]","斗,ト","",Guess the romaji equivalent of the Onyomi reading,Text
"the said [**On**]","該,ガイ","",Guess the romaji equivalent of the Onyomi reading,Text
"theca, sac, sheath, case, placenta [**On**]","胞,ホウ","",Guess the romaji equivalent of the Onyomi reading,Text
"throw away, discard, abandon, desert, give up, renounce, relinquish, resign, lay down (one’s life), part with, sacrifice, reject, condemn [**On**]","棄,キ","",Guess the romaji equivalent of the Onyomi reading,Text
"tower, turret, lookout, high building [**On**]","楼,ロウ","",Guess the romaji equivalent of the Onyomi reading,Text
"treat, entertain, receive, deal with [**On**]","遇,グウ","",Guess the romaji equivalent of the Onyomi reading,Text
"urine [**On**]","尿,ニョウ","",Guess the romaji equivalent of the Onyomi reading,Text
"uselessness [**On**]","冗,ジョウ","",Guess the romaji equivalent of the Onyomi reading,Text
"waves, billows [**On**]","浪,ロウ","",Guess the romaji equivalent of the Onyomi reading,Text
"wheel track, railway, orbit, rut, rule, model, road, way of doing [**On**]","軌,キ","",Guess the romaji equivalent of the Onyomi reading,Text
"win, prevail, predominate, surpass [**On**]","克,コク","",Guess the romaji equivalent of the Onyomi reading,Text
"womb, uterus [**On**]","胎,タイ","",Guess the romaji equivalent of the Onyomi reading,Text
"workman, artisan, means, idea [**On**]","匠,ショウ","",Guess the romaji equivalent of the Onyomi reading,Text
"young [**On**]","稚,チ","",Guess the romaji equivalent of the Onyomi reading,Text
"zero, nothing, cipher, fall [**On**]","零,レイ","",Guess the romaji equivalent of the Onyomi reading,Text
"meet, interview [**On**]","遭,ソウ","Kunyomi: あう = meet, interview",Guess the romaji equivalent of the Onyomi reading,Text
"get tired of, lose interest in, have enough [**On**]","飽,ホウ","Kunyomi: あきる,あかす = get tired of, lose interest in, have enough,satiate, surfeit, bore, tire, weary",Guess the romaji equivalent of the Onyomi reading,Text
"praise [**On**]","揚,ヨウ","Kunyomi: あげる,あがる = rise, go up, climb up, advance, appreciate, be promoted, improve, enter, call on, be offered, accrue, be finished, (expenses) come to, go bankrupt, begin spinning (cocoons), be caught, get ruffled, eat, drink, die, weaken (as a battery), let up (rain),raise, elevate, fly (kites), praise, increase, advance, promote, vomit, usher in, admit, send (to school), offer, present, leave with, finish, arrange (expenses), observe, perform, quote, mention, give (examples), bear (a child), improve (talents), do up (the hair), arrest, engage, fry, (rains) stop, fry in deep fat",Guess the romaji equivalent of the Onyomi reading,Text
"deceive, cheat, delude [**On**]","欺,ギ","Kunyomi: あざむく = deceive, cheat, delude",Guess the romaji equivalent of the Onyomi reading,Text
"mystery, apparition [**On**]","怪,カイ","Kunyomi: あやしい,あやしむ = doubt, be suspicious of, wonder at, undependable, mysterious, strange",Guess the romaji equivalent of the Onyomi reading,Text
"roughness, coarseness, not fine, neglect, careless [**On**]","粗,ソ","Kunyomi: あらい = rough, coarse, rugged, loose (fabric), large (meshes)",Guess the romaji equivalent of the Onyomi reading,Text
"be confused, lose one's head, be hurried, be hasty [**On**]","慌,コウ","Kunyomi: あわてる,あわただしい = be confused, lose one's head, be hurried, be hasty, busy, bustling, confused",Guess the romaji equivalent of the Onyomi reading,Text
"pity, have mercy on, sympathize with [**On**]","哀,アイ","Kunyomi: あわれ,あわれむ = pity, have mercy on, sympathize with, grief, sorrow, misery, compassion, pathos",Guess the romaji equivalent of the Onyomi reading,Text
"purity, essence, pith, cream, pick, elite, choice, elegance, fashion, taste, gracefulness, considerateness [**On**]","粋,スイ","Kunyomi: いき = chic, style",Guess the romaji equivalent of the Onyomi reading,Text
"rest, relax, repose [**On**]","憩,ケイ","Kunyomi: いこい,いこう = rest, relax, repose",Guess the romaji equivalent of the Onyomi reading,Text
"foundation stone, cornerstone [**On**]","礎,ソ","Kunyomi: いしずえ = foundation stone, cornerstone",Guess the romaji equivalent of the Onyomi reading,Text
"love, be affectionate to, pity [**On**]","慈,ジ","Kunyomi: いつくしむ = love, be affectionate to, pity",Guess the romaji equivalent of the Onyomi reading,Text
"mourning, death anniversary, something detestable [**On**]","忌,キ","Kunyomi: いむ,いまわしい = abhor, have an aversion for, avoid, shun, taboo, abstain from, objectionable, abominable, offensive, ominous, unlucky",Guess the romaji equivalent of the Onyomi reading,Text
"humble, base, mean, vile, vulgar, greedy [**On**]","卑,ヒ","Kunyomi: いやしい,いやしむ,いやしめる = humble, base, mean, vile, vulgar, greedy,despise",Guess the romaji equivalent of the Onyomi reading,Text
"casting [**On**]","鋳,チュウ","Kunyomi: いる = cast, mint, coin",Guess the romaji equivalent of the Onyomi reading,Text
"urge, press, demand, stimulate, incite, quicken, invite (attention to) [**On**]","促,ソク","Kunyomi: うながす = urge, press, demand, stimulate, incite, quicken, invite (attention to)",Guess the romaji equivalent of the Onyomi reading,Text
"take by force, snatch away, oust, deprive of, disposess, plunder, usurp, absorb (attention), fascinate [**On**]","奪,ダツ","Kunyomi: うばう = take by force, deprive of, disposess",Guess the romaji equivalent of the Onyomi reading,Text
"be filled up, be buried, be imbedded in [**On**]","埋,マイ","Kunyomi: うめる,うまる,うもれる = be filled up, be buried, be imbedded in,bury, inter, fill up, pour in, plug up, inlay, make up for,be covered, live in obscruity",Guess the romaji equivalent of the Onyomi reading,Text
"bear a grudge, show resentment [**On**]","恨,コン","Kunyomi: うらむ,うらめしい = bear a grudge, show resentment, hateful, bitter",Guess the romaji equivalent of the Onyomi reading,Text
"be watered, profit by, receive benefits, become rich [**On**]","潤,ジュン","Kunyomi: うるおう,うるおす,うるむ = be watered, profit by, receive benefits, become rich,moisten, water, irrigate, dip, enrich, profit,be dimmed, be clouded, get muddy, be wet",Guess the romaji equivalent of the Onyomi reading,Text
"grieve, lament, be anxious [**On**]","憂,ユウ","Kunyomi: うれえる,うれい,うい = grieve, lament, be anxious,sad, unhappy, gloomy,distress, sorrow, trouble, anxiety, grief",Guess the romaji equivalent of the Onyomi reading,Text
"overturn, capsize, fall, be ruined [**On**]","覆,フク","Kunyomi: おおう,くつがえす,くつがえる = overturn, capsize, fall, be ruined,overthrow, undermine, frustrate, veto, disprove (a theory),cover, veil, hang over, brood over, conceal, overlap, shelter, screen, disguise, wrap, envelop, obscure, shade, overshadow",Guess the romaji equivalent of the Onyomi reading,Text
"laziness, neglect [**On**]","怠,タイ","Kunyomi: おこたる,なまける = neglect, be off guard, be feeling better,be lazy, be idle",Guess the romaji equivalent of the Onyomi reading,Text
"stop, check, restrain, pin down, suppress, subdue, control, catch, arrest, govern, stop (the ears), withhold, attach, seize, secure (evidence), estimate conservatively [**On**]","抑,ヨク","Kunyomi: おさえる = stop, check, restrain, pin down, suppress, subdue, control, catch, arrest, govern, stop (the ears), withhold, attach, seize, secure (evidence), estimate conservatively",Guess the romaji equivalent of the Onyomi reading,Text
"be sparing of, be frugal with, be stingy with, regret, value, prize, be reluctant [**On**]","惜,セキ","Kunyomi: おしい,おしむ = be sparing of, be frugal with, be stingy with, regret, value, prize, be reluctant,regrettable, pitiful, disappointing, precious, wasteful",Guess the romaji equivalent of the Onyomi reading,Text
"calm, quiet, peace, moderation [**On**]","穏,オン","Kunyomi: おだやか = calm, quiet, peace, moderation",Guess the romaji equivalent of the Onyomi reading,Text
"decline, wane, weaken, abate, decay, wither, waste away [**On**]","衰,スイ","Kunyomi: おとろえる = decline, wane, weaken, abate, decay, wither, waste away",Guess the romaji equivalent of the Onyomi reading,Text
"threaten, coerce [**On**]","脅,キョウ","Kunyomi: おびやかす,おどす,おどかす = threaten, coerce",Guess the romaji equivalent of the Onyomi reading,Text
"proceed to, get, become, tend toward [**On**]","赴,フ","Kunyomi: おもむく = proceed to, get, become, tend toward",Guess the romaji equivalent of the Onyomi reading,Text
"folly, foolishness, absurdity, fool [**On**]","愚,グ","Kunyomi: おろか = foolish, stupid, dull",Guess the romaji equivalent of the Onyomi reading,Text
"look back, turn around, look back upon, review, examine oneself, take notice of [**On**]","顧,コ","Kunyomi: かえりみる = look back, turn around, look back upon, review, examine oneself, take notice of",Guess the romaji equivalent of the Onyomi reading,Text
"change, turn, convert, exchange, renew, substitute, replace [**On**]","換,カン","Kunyomi: かえる,かわる = change, turn, convert, exchange, renew, substitute, replace, relieve",Guess the romaji equivalent of the Onyomi reading,Text
"put up, hang out, hoist, display, publish, insert, describe, mention [**On**]","掲,ケイ","Kunyomi: かかげる = put up, hang out, hoist, display, publish, insert, describe, mention",Guess the romaji equivalent of the Onyomi reading,Text
"frame, mount, stand, support, hang up, shelf [**On**]","架,カ","Kunyomi: かける,かかる = build (a bridge), hang",Guess the romaji equivalent of the Onyomi reading,Text
"wisdom, cleverness [**On**]","賢,ケン","Kunyomi: かしこい = wise, intelligent",Guess the romaji equivalent of the Onyomi reading,Text
"hard, solid, tough, rigid, tight, steady, firm, strict, safe, reliable, upright, chaste, constant, stiff, bookish, classical, stubborn [**On**]","硬,コウ","Kunyomi: かたい = hard, solid, tough, rigid, tight, steady, firm, strict, safe, reliable, upright, chaste, constant, stiff, bookish, classical, stubborn",Guess the romaji equivalent of the Onyomi reading,Text
"lump, chunk, clod, mass, clot, ingot [**On**]","塊,カイ","Kunyomi: かたまり = lump, chunk, clod, mass, clump, cluster, group, flock, bigotry, personification (of)",Guess the romaji equivalent of the Onyomi reading,Text
"food, provisions, bread [**On**]","糧,リョウ,ロウ","Kunyomi: かて = food, provisions, bread",Guess the romaji equivalent of the Onyomi reading,Text
"bell, gong, chimes, carillon [**On**]","鐘,ショウ","Kunyomi: かね = bell, gong, chimes, carillon",Guess the romaji equivalent of the Onyomi reading,Text
"H, eighth [**On**]","辛,シン","Kunyomi: からい = hot, acrid, sharp, salty, bitter, trying, harsh, severe",Guess the romaji equivalent of the Onyomi reading,Text
"fragrance [**On**]","芳,ホウ","Kunyomi: かんばしい = fragrant, balmy, favorable",Guess the romaji equivalent of the Onyomi reading,Text
"crown, diadem, first, best, peerless [**On**]","冠,カン","Kunyomi: かんむり = crown, diadem, a top character radical",Guess the romaji equivalent of the Onyomi reading,Text
"careful inquiry [**On**]","聴,チョウ","Kunyomi: きく = hear, listen to, learn of, inquire, follow advice",Guess the romaji equivalent of the Onyomi reading,Text
"forge, temper, drill, train, practice [**On**]","鍛,タン","Kunyomi: きたえる = forge, temper, drill, train, practice",Guess the romaji equivalent of the Onyomi reading,Text
"liver [**On**]","肝,カン","Kunyomi: きも = liver, pluck, courage, nerve",Guess the romaji equivalent of the Onyomi reading,Text
"repend, regret [**On**]","悔,カイ","Kunyomi: くいる,くやむ,くやしい = repend, regret,repent of, mourn for, condole with, vexing, regretable, mortifying",Guess the romaji equivalent of the Onyomi reading,Text
"whale [**On**]","鯨,ゲイ","Kunyomi: くじら = whale",Guess the romaji equivalent of the Onyomi reading,Text
"die [**On**]","崩,ホウ","Kunyomi: くずれる,くずす = demolish, destroy level (a hill), crumble (bread), change (money), simplify, put in disorder, cut (prices),crumble, collapse, cave in, be destroyed, get out of shape, be routed, worsen (weather)",Guess the romaji equivalent of the Onyomi reading,Text
"habit [**On**]","癖,ヘキ","Kunyomi: くせ = habit, peculiality, vice, trait, fault, curl, kink, mannerism",Guess the romaji equivalent of the Onyomi reading,Text
"mulberry [**On**]","桑,ソウ","Kunyomi: くわ = mulberry",Guess the romaji equivalent of the Onyomi reading,Text
"plan, plot, propose, design, intend, contemplate, attempt, undertake [**On**]","企,キ","Kunyomi: くわだてる = plan, plot, propose, design, intend, contemplate, attempt, undertake",Guess the romaji equivalent of the Onyomi reading,Text
"plane, sharpen, whittle, pare, shave (leather), scrape off, cross out, reduce, curtail [**On**]","削,サク","Kunyomi: けずる = plane, sharpen, whittle, pare, shave (leather), scrape off, cross out, reduce, curtail",Guess the romaji equivalent of the Onyomi reading,Text
"requesting, inviting [**On**]","請,セイ,シン","Kunyomi: こう,うける = ask, request, invite, pray for, beg, solicit,receive, accept, take, get, obtain, face, front of, inherit, catch the public's fancy",Guess the romaji equivalent of the Onyomi reading,Text
"super, ultra [**On**]","超,チョウ","Kunyomi: こえる,こす = cross, go beyond, exceed, clear (an obstacle), overstep (authority)",Guess the romaji equivalent of the Onyomi reading,Text
"freeze, be frozen over, congeal [**On**]","凍,トウ","Kunyomi: こおる,こごえる = freeze, be frozen over, congeal,freeze, be chilled, be frozen",Guess the romaji equivalent of the Onyomi reading,Text
"burn, scorch, singe, char [**On**]","焦,ショウ","Kunyomi: こげる,こがす,こがれる,あせる = burn, scorch, singe, char,pine for,yearn for, be deeply in love with, be scorched,be in a hurry, be hasty, be impatient, be overzealous",Guess the romaji equivalent of the Onyomi reading,Text
"especially, exceptionally, above all [**On**]","殊,シュ","Kunyomi: こと = especially, exceptionally, above all",Guess the romaji equivalent of the Onyomi reading,Text
"age, one's natural life, longevity, congratulations [**On**]","寿,ジュ","Kunyomi: ことぶき = long life, congratulations",Guess the romaji equivalent of the Onyomi reading,Text
"freeze, congeal [**On**]","凝,ギョウ","Kunyomi: こる,こらす = feel stiff, get stiff, be absorbed in, be devoted to, be a fanatic, elaborate, concentrate, devote, apply, strain, rack",Guess the romaji equivalent of the Onyomi reading,Text
"split, rend, tear, burst, rip, crack [**On**]","裂,レツ","Kunyomi: さく,さける = split, rend, tear, burst, rip, crack",Guess the romaji equivalent of the Onyomi reading,Text
"invite, ask, call for, provoke, cause, bring (tears), allure, tempt, seduce [**On**]","誘,ユウ","Kunyomi: さそう = invite, ask, call for, provoke, cause, bring (tears), allure, tempt, seduce",Guess the romaji equivalent of the Onyomi reading,Text
"perceive, discern, realize, understand, comprehend, attain enlightenment, find one's philosophy [**On**]","悟,ゴ","Kunyomi: さとる = perceive, discern, realize, understand, comprehend, attain enlightenment, find one's philosophy",Guess the romaji equivalent of the Onyomi reading,Text
"disturb, prevent, hamper, hinder, obstruct [**On**]","妨,ボウ","Kunyomi: さまたげる = disturb, prevent, hamper, hinder, obstruct",Guess the romaji equivalent of the Onyomi reading,Text
"wait upon, serve [**On**]","侍,ジ","Kunyomi: さむらい = warrior, samurai",Guess the romaji equivalent of the Onyomi reading,Text
"oppress, tyrannixe [**On**]","虐,ギャク","Kunyomi: しいたげる = oppress, tyrannixe",Guess the romaji equivalent of the Onyomi reading,Text
"ancient garrisons for peacepreservation [**On**]","鎮,チン","Kunyomi: しずめる,しずまる = get quiet, calm down, grow still, subside, die down, be suppressed,calm, pacify, soothe, alleviate, appease, suppress, quell",Guess the romaji equivalent of the Onyomi reading,Text
"yearn for, love dearly, adore, follow [**On**]","慕,ボ","Kunyomi: したう = yearn for, love dearly, adore, follow",Guess the romaji equivalent of the Onyomi reading,Text
"arrest, binding [**On**]","縛,バク","Kunyomi: しばる = bind, tie, fasten, truss, fetter, restrain, chain, arrest, catch",Guess the romaji equivalent of the Onyomi reading,Text
"wring, squeeze, press, extract, milk, close tight, extort, scold [**On**]","搾,サク","Kunyomi: しぼる = wring, squeeze, press, extract, milk, close tight, extort, scold",Guess the romaji equivalent of the Onyomi reading,Text
"strangle, constrict, wring [**On**]","絞,コウ","Kunyomi: しぼる,しめる,しまる = strangle, constrict, wring,squeeze, press, extract, milk, close tight, extort, scold",Guess the romaji equivalent of the Onyomi reading,Text
"tie, tighten, wring, constrict, strangle, shut, total, control strictly, rebuke [**On**]","締,テイ","Kunyomi: しまる,しめる = tie, tighten, wring, constrict, strangle, shut, total, control strictly, rebuke,be shut, be locked, be fastened, be tight, be firm, become sober, reform, be thrifty",Guess the romaji equivalent of the Onyomi reading,Text
"dampness, moisture, itch [**On**]","湿,シツ","Kunyomi: しめる,しめす = get damp, get moist, get wet,wet, moisten, dampen",Guess the romaji equivalent of the Onyomi reading,Text
"previously, already, long ago, on the point of, actually [**On**]","既,キ","Kunyomi: すでに = previously, already, long ago, on the point of, actually",Guess the romaji equivalent of the Onyomi reading,Text
"slide, glide, skate, be slippery, slip, fail in exams [**On**]","滑,カツ,コツ","Kunyomi: すべる,なめらか = slide, glide, skate, be slippery, slip, fail in exams, smooth",Guess the romaji equivalent of the Onyomi reading,Text
"India ink, Chinese ink, ink stick, inked marking string, ink (of a squid) [**On**]","墨,ボク","Kunyomi: すみ = India ink, Chinese ink, ink stick, inked marking string, ink (of a squid)",Guess the romaji equivalent of the Onyomi reading,Text
"rub, scour, scrub, scratch, scrape, brush [**On**]","擦,サツ","Kunyomi: する,すれる = rub, chafe, strike (a match), frost (glass),wear, become sophisticated",Guess the romaji equivalent of the Onyomi reading,Text
"cook, boil [**On**]","炊,スイ","Kunyomi: たく = cook, boil",Guess the romaji equivalent of the Onyomi reading,Text
"skilled [**On**]","巧,コウ","Kunyomi: たくみ = skill, ingenuity",Guess the romaji equivalent of the Onyomi reading,Text
"peak, mountain [**On**]","岳,ガク","Kunyomi: たけ = peak, mountain",Guess the romaji equivalent of the Onyomi reading,Text
"carry (in the hand), be armed with, carry along, bring (someone) along [**On**]","携,ケイ","Kunyomi: たずさえる,たずさわる = carry (in the hand), be armed with, carry along, bring (someone) along, participate in, be concerned in",Guess the romaji equivalent of the Onyomi reading,Text
"float (on the water) [**On**]","漂,ヒョウ","Kunyomi: ただよう = float (on the water)",Guess the romaji equivalent of the Onyomi reading,Text
"present, dedicate, obey, follow, believe in, serve [**On**]","奉,ホウ,ブ","Kunyomi: たてまつる = offer, present, revere, do respectfully",Guess the romaji equivalent of the Onyomi reading,Text
"soul, spirit [**On**]","霊,レイ,リョウ","Kunyomi: たま = soul, spirit",Guess the romaji equivalent of the Onyomi reading,Text
"soul, spirit [**On**]","魂,コン","Kunyomi: たましい = soul, spirit",Guess the romaji equivalent of the Onyomi reading,Text
"pledge, vow, swear, promise [**On**]","契,ケイ","Kunyomi: ちぎる = pledge, vow, swear, promise",Guess the romaji equivalent of the Onyomi reading,Text
"repair, mend, darn, trim, tidy up, adjust [**On**]","繕,ゼン","Kunyomi: つくろう = repair, mend, darn, trim, tidy up, adjust",Guess the romaji equivalent of the Onyomi reading,Text
"class (in zoology) [**On**]","綱,コウ","Kunyomi: つな = rope, cord, string, line, hawser, cable, morality",Guess the romaji equivalent of the Onyomi reading,Text
"gather (contributions), campaign (for students), float (a loan), enlist (troops), grow violent [**On**]","募,ボ","Kunyomi: つのる = gather (contributions), campaign (for students), float (a loan), enlist (troops), grow violent",Guess the romaji equivalent of the Onyomi reading,Text
"8.3/1 pounds [**On**]","貫,カン","Kunyomi: つらぬく = pierce, penetrate, perforate, shoot through, attain (one's object)",Guess the romaji equivalent of the Onyomi reading,Text
"accomplish, attain, commit (suicide) [**On**]","遂,スイ","Kunyomi: とげる = accomplish, attain, commit (suicide)",Guess the romaji equivalent of the Onyomi reading,Text
"stopping [**On**]","滞,タイ","Kunyomi: とどこおる = stagnate, be delayed, be left undone, be overdue, fall into arrears",Guess the romaji equivalent of the Onyomi reading,Text
"meager, scarce, limited, destitute, hard up [**On**]","乏,ボウ","Kunyomi: とぼしい = meager, scarce, limited, destitute, hard up",Guess the romaji equivalent of the Onyomi reading,Text
"accompany, bring with, be accompanied by, be involved in [**On**]","伴,ハン,バン","Kunyomi: ともなう = accompany, bring with, be accompanied by, be involved in",Guess the romaji equivalent of the Onyomi reading,Text
"pick, pinch, hold in the fingers, summarize [**On**]","撮,サツ","Kunyomi: とる = take (pictures)",Guess the romaji equivalent of the Onyomi reading,Text
"seedling, sapling, shoot [**On**]","苗,ビョウ","Kunyomi: なえ,なわ = seedling, sapling, shoot",Guess the romaji equivalent of the Onyomi reading,Text
"amuse oneself, make sport of, seduce [**On**]","慰,イ","Kunyomi: なぐさめる,なぐさむ = amuse oneself, make sport of, seduce, comfort, console, cheer",Guess the romaji equivalent of the Onyomi reading,Text
"hit, beat, thrash [**On**]","殴,オウ","Kunyomi: なぐる = hit, beat, thrash",Guess the romaji equivalent of the Onyomi reading,Text
"imitate, follow, emulate [**On**]","倣,ホウ","Kunyomi: ならう = imitate, follow, emulate",Guess the romaji equivalent of the Onyomi reading,Text
"hate, detest [**On**]","憎,ゾウ","Kunyomi: にくむ,にくい,にくらしい,にくしみ = hate, detest,hateful, abominable, poorlooking,horrible, provoking,hatred, enmity",Guess the romaji equivalent of the Onyomi reading,Text
"chicken [**On**]","鶏,ケイ","Kunyomi: にわとり = chicken",Guess the romaji equivalent of the Onyomi reading,Text
"sew, stich, embroider [**On**]","縫,ホウ","Kunyomi: ぬう = sew, stich, embroider",Guess the romaji equivalent of the Onyomi reading,Text
"paint, plaster, daub, lacquer [**On**]","塗,ト","Kunyomi: ぬる = paint, plaster, daub, lacquer",Guess the romaji equivalent of the Onyomi reading,Text
"be sticky, be glutinous, be greasy, persevere [**On**]","粘,ネン","Kunyomi: ねばる = be sticky, be glutinous, be greasy, persevere",Guess the romaji equivalent of the Onyomi reading,Text
"stretching [**On**]","伸,シン","Kunyomi: のびる,のばす,のべる = extend, lengthen, stretch, spread, be postponed, increase, grow, progress, develop, be straightened, be flattened, be smoothed, be exhausted,let (nails) grow, straighten, uncoil, spread out, reach out, postpone, dilute, smooth out, develop (talents), amass (riches),make (a bed), widen",Guess the romaji equivalent of the Onyomi reading,Text
"rise, ascend, go up, climb, go to (the capital), add up to, be promoted, advance (in price), sail up, come up (on the agenda) [**On**]","昇,ショウ","Kunyomi: のぼる = rise, ascend, go up, climb, go to (the capital), add up to, be promoted, advance (in price), sail up, come up (on the agenda)",Guess the romaji equivalent of the Onyomi reading,Text
"consult with [**On**]","諮,シ","Kunyomi: はかる = consult with",Guess the romaji equivalent of the Onyomi reading,Text
"plan, devise, scheme, counsel with, have in mind, aim at, deceive, impose on [**On**]","謀,ボウ,ム","Kunyomi: はかる = plan, devise, scheme, counsel with, have in mind, aim at, deceive, impose on",Guess the romaji equivalent of the Onyomi reading,Text
"sweep, brush, gather up [**On**]","掃,ソウ","Kunyomi: はく = sweep, brush, gather up",Guess the romaji equivalent of the Onyomi reading,Text
"be diligent [**On**]","励,レイ","Kunyomi: はげむ,はげます = be diligent,encourage, inspire, raise (the voice)",Guess the romaji equivalent of the Onyomi reading,Text
"humiliate, put to shame, disgrace, insult, rape, assault [**On**]","辱,ジョク","Kunyomi: はずかしめる = humiliate, put to shame, disgrace, insult, rape, assault",Guess the romaji equivalent of the Onyomi reading,Text
"naked body, nude, uncovered, only partially clothed, undressed, without investing, leafless, unpreparedness (for a wedding), unsaddled, denuded, bare [**On**]","裸,ラ","Kunyomi: はだか = naked body, nude, uncovered, only partially clothed, undressed, without investing, leafless, unpreparedness (for a wedding), unsaddled, denuded, bare",Guess the romaji equivalent of the Onyomi reading,Text
"flower, petal, shining, luster, China [**On**]","華,カ,ケ","Kunyomi: はな = flower",Guess the romaji equivalent of the Onyomi reading,Text
"separate from, prevent, stop [**On**]","阻,ソ","Kunyomi: はばむ = obstruct, prevent, impede, deter, hinder, thwart, resist, frustrate",Guess the romaji equivalent of the Onyomi reading,Text
"draw in, hold back, suspend (judgment), refrain from, be moderate, write, make notes, wait, have, moderate (a report) [**On**]","控,コウ","Kunyomi: ひかえる = memo, duplicate, waiting, prop, reserve",Guess the romaji equivalent of the Onyomi reading,Text
"conceal, hide, lower (the voice) [**On**]","潜,セン","Kunyomi: ひそむ,もぐる = lurk, lie dormant, be hidden,dive, get into, crawl into",Guess the romaji equivalent of the Onyomi reading,Text
"turn over, wave, flutter [**On**]","翻,ホン","Kunyomi: ひるがえる,ひるがえす = turn over, wave, flutter,change (one's mind), turn, reverse, wave, dodge",Guess the romaji equivalent of the Onyomi reading,Text
"get fat, get thick, swell [**On**]","膨,ボウ","Kunyomi: ふくらむ,ふくれる = swell",Guess the romaji equivalent of the Onyomi reading,Text
"bag, bag counter [**On**]","袋,タイ","Kunyomi: ふくろ = bag, sack, pouch",Guess the romaji equivalent of the Onyomi reading,Text
"house, room, tassel [**On**]","房,ボウ","Kunyomi: ふさ = tuft, tassel, fringe, lock (of hair), cluster, bunch, segment (of an orange)",Guess the romaji equivalent of the Onyomi reading,Text
"bend down, bow down, lie prostrate [**On**]","伏,フク","Kunyomi: ふせる,ふす = bend down, bow down, lie prostrate,turn over, lay face down, cover, lay (pipes), lay (an ambush), hide",Guess the romaji equivalent of the Onyomi reading,Text
"hog [**On**]","豚,トン","Kunyomi: ぶた = pig, hog, swine",Guess the romaji equivalent of the Onyomi reading,Text
"distance, every other, alternate [**On**]","隔,カク","Kunyomi: へだてる,へだたる = separate, interpose, screen, shield, estrange, be distant from, be separated from, become estranged",Guess the romaji equivalent of the Onyomi reading,Text
"ear, head (of grain), crest (of waves) [**On**]","穂,スイ","Kunyomi: ほ = ear, head (of grain), crest (of waves)",Guess the romaji equivalent of the Onyomi reading,Text
"sail [**On**]","帆,ハン","Kunyomi: ほ = sail",Guess the romaji equivalent of the Onyomi reading,Text
"bury, shelve [**On**]","葬,ソウ","Kunyomi: ほうむる = bury, shelve",Guess the romaji equivalent of the Onyomi reading,Text
"give alms, conduct (educational work), carry out, administer (first aid), apply (bandages), perform (an operation) [**On**]","施,シ,セ","Kunyomi: ほどこす = give alms, conduct (educational work), carry out, administer (first aid), apply (bandages), perform (an operation)",Guess the romaji equivalent of the Onyomi reading,Text
"inflammation [**On**]","炎,エン","Kunyomi: ほのお = flame, blaze",Guess the romaji equivalent of the Onyomi reading,Text
"carving [**On**]","彫,チョウ","Kunyomi: ほる = carve, engrave, sculpture, inscribe",Guess the romaji equivalent of the Onyomi reading,Text
"be ruined, perish [**On**]","滅,メツ","Kunyomi: ほろびる,ほろぼす = be ruined, perish,ruin, destroy, overthrow",Guess the romaji equivalent of the Onyomi reading,Text
"be mistaken for, be confused with, go astray, be diverted from [**On**]","紛,フン","Kunyomi: まぎれる,まぎらす,まぎらわす,まぎらわしい = be mistaken for, be confused with, go astray, be diverted from,divert, distract, beguile, evade, conceal,misleading, ambiguous",Guess the romaji equivalent of the Onyomi reading,Text
"dismissal [**On**]","免,メン","Kunyomi: まぬかれる = escape from, be rescued from, avoid, evade, avert, elude, be exempted, be relieved from pain, get rid of",Guess the romaji equivalent of the Onyomi reading,Text
"vision, dream, illusion, apparition [**On**]","幻,ゲン","Kunyomi: まぼろし = vision, dream, illusion, apparition",Guess the romaji equivalent of the Onyomi reading,Text
"imperial tomb [**On**]","陵,リョウ","Kunyomi: みささぎ = imperial tomb",Guess the romaji equivalent of the Onyomi reading,Text
"soninlaw [**On**]","婿,セイ","Kunyomi: むこ = soninlaw",Guess the romaji equivalent of the Onyomi reading,Text
"hold (a meeting), give (a dinner), feel, show signs of, develop symptoms of, feel (sick) [**On**]","催,サイ","Kunyomi: もよおす = hold (a meeting), give (a dinner), feel, show signs of, develop symptoms of, feel (sick)",Guess the romaji equivalent of the Onyomi reading,Text
"leaking, water clock, time [**On**]","漏,ロウ","Kunyomi: もる,もれる,もらす = leak, escape, shine through, find expression, be disclosed, be omitted, be excluded,spill, let leak, omit, miss, leave out, divulge, betray, give vent to, express, let go",Guess the romaji equivalent of the Onyomi reading,Text
"employ, hire [**On**]","雇,コ","Kunyomi: やとう = employ, hire",Guess the romaji equivalent of the Onyomi reading,Text
"turn over, hand over, transfer, convey, assign, deed, bequeath, give away, give up, sell, dispose of, yield to, be inferior to, defer, postpone [**On**]","譲,ジョウ","Kunyomi: ゆずる = turn over, hand over, transfer, convey, assign, deed, bequeath, give away, give up, sell, dispose of, yield to, be inferior to, defer, postpone",Guess the romaji equivalent of the Onyomi reading,Text
"loosen, lessen, relax, be unguarded, be moderate [**On**]","緩,カン","Kunyomi: ゆるい,ゆるやか,ゆるむ,ゆるめる = loose, slack, lenient, generous, slow, easy (grade), gentle, slow (stream), loosen, lessen, relax, be unguarded, be moderate, unbend, unfasten, ease, slacken, mitigate",Guess the romaji equivalent of the Onyomi reading,Text
"shake, sway, rock, roll, pitch, tremble, quake, flicker, vibrate, jolt [**On**]","揺,ヨウ","Kunyomi: ゆれる,ゆる,ゆらぐ,ゆるぐ,ゆする,ゆさぶる,ゆすぶる = shake, sway, rock, roll, pitch, tremble, quake, flicker, vibrate, jolt,swing, shake",Guess the romaji equivalent of the Onyomi reading,Text
"get drunk, feel sick, be poisoned, be elated, be spellbound [**On**]","酔,スイ","Kunyomi: よう = get drunk, feel sick, be poisoned, be elated, be spellbound",Guess the romaji equivalent of the Onyomi reading,Text
"poem, song, singing, composing [**On**]","詠,エイ","Kunyomi: よむ = recite, chant",Guess the romaji equivalent of the Onyomi reading,Text
"marry (a man), be married to, blame [**On**]","嫁,カ","Kunyomi: よめ,とつぐ = marry off, get married, bride, young wife, daughterin law",Guess the romaji equivalent of the Onyomi reading,Text