Question,Answer,Comment,Instruction,Render As
"「うちの子、最近机とかかじるんだけど、お腹空いてるのかな？」「ちがうよ。歯が生え始めてるんだよ。子供って、歯が生える頃になると、机とか椅子とかかじるものなのよ。心配しなくて大〇夫よ」
「今度、子供たちに英語を教えることになったんだけど、嬉しい反面、緊張する。上手く喋れるかな」「すごいじゃん。少々失敗しても、ご愛敬ってことで大〇夫よ。自信もって頑張ってね！」
「昨夜、牡蠣食べたら、お腹痛くなって夜からずっとトイレとお友達なの」「大〇夫？今日休む？」「うん。そうする」「じゃぁ、みんなには伝えとくから、ゆっくり休んでね」「ありがとう」",丈,"丈:length;ten shaku;measure;Mr.;Ms.;height;stature;all (one has);only;that's all;merely",Guess the hidden Kanji,Text
"通貨、すなわち、当時だれもが用いていた言い方に従えば、通常の王国法貨を〇える代わりに、雇い主は従業員に代用貨幣をあたえていました。そして、この代用貨幣は金属だったり、木だったり、厚紙だったりしました。
私の友人に大学を卒業して立派な官吏となっておる者がある。ある時この人が私に曰うに、僕は学校に於て教ったことは何も役に立たなかった、しかし少しばかり学んだ哲学が僕に非常な利益を〇えたと。
一次リーグで敗退したほとんどのチームは国民を大いに失望させることになった。しかし、ボスニア・ヘルツェゴビナは最終戦に勝利して、民族紛争に明け暮れてきた国民に大きな夢と希望を〇えた。",与,"与:bestow;participate in;give;award;impart;provide;cause;gift;godsend",Guess the hidden Kanji,Text
"あの家は私のおばあさんが小さい時に住んでいた〇の上にあってひなぎくに囲まれまわりにりんごの木が植わっていた家にとてもよく似ている。
村落の子供はしばしば、〇の上に集まって、そこでトラックや自動車が町へ行ったり来たりするのを見るようになりました。
夏になると日が長くなり小さいおうちのまわりの木々は緑の葉でつつまれ、そして〇はひなぎくの花でまっしろになります。",丘,"丘:hill;knoll",Guess the hidden Kanji,Text
"一つ一つ違っていて、広々とした庭があって魅力的な家〇が、もっぱら機能だけを追求したマンションにとって代わられるが、このマンションには、行き過ぎを思えるほど賞賛される「現代の便利な設備」以外に褒めるべき点はないのである。
ヌテラは日本のなかでなじみが薄いが、アメリカやヨーロッパなどでは人気のあるスプレッドであり、スーパーマーケットや食料品店には、大小さまざまなサイズの瓶が〇んでいる光景が見られる。
その答えは多くの教会や学校で、今までこの国では見られなかったくらい長い列が教えてくれた。３時間も４時間も〇び、その多くは人生初であった。",並,"並:as well as;line up;rank with;rival;equal;row;and;besides",Guess the hidden Kanji,Text
"線香花火は、火をつけそれが落ちるまで「蕾」「牡〇」「松葉」「散り菊」と名づけられた４つの段階を楽しむことができます。その美しい名前は、人の人生になぞらえ付けられたそうです。
「おぅーい、どうした〇治」「前の学校で習ってない単元があって困っている」
医者が患者を〇念に診察したおかげで、患者はどんどんよくなった。",丹,"丹:rust-colored;red;red lead;pills;sincerity",Guess the hidden Kanji,Text
"「あ、田中さん！」「あっ......！」「元気だった？」「うん。えっと、あっ......！名前ど忘れしちゃった。ごめんなさい。名前なんて言うんだったけ？」「もぉ、国貞よ。国貞恵子」「そうそう、国貞さん。お〇しぶり！」
「あ、田中さん！」「あっ......！」「元気だった？」「あ、はい。えっと、すみません。名前が出てこないですが、お名前お伺いしていいですか？」「もう、国貞よ。国貞恵子」「あっ、国貞先輩。お〇しぶりです！」
「今日ね、〇しぶりに海藻を食べてみたんだけど、美味しかった」「日本ではよく食卓にあがるんだけど、アメリカではあまりあがらないの？」「普通の家ではよく出てるみたいだよ。でも、僕んちではあまり出てこないよ」",久,"久:long time;old story",Guess the hidden Kanji,Text
"いつものコーヒーショップでコーヒーを飲んでいると、トムが血相を変えてやってきた。何事かと思いきや、どうやら、まだ結婚していない最愛の娘メアリーが、妊娠したと言うのだ。トムはかなり取り〇しているようだった。
事実は明白だ。それを混〇は憤慨するだろう、無知は嘲笑するだろう、悪意は曲げようとするだろう、しかしそれが事実なのだ。
日本文化の文脈の中では当然と思われる微笑みも、外国人の間では、不気味な笑いとして多くの混〇を生み、また悪評が高い。",乱,"乱:riot;war;disorder;disturb",Guess the hidden Kanji,Text
"実のところ、いかなるスピードで移動するにせよ、北極熊は他のおおかたの哺〇動物の２倍のエネルギーを消費する。
〇酸菌はかなりしぶとい菌で、冷凍しても単に冬眠するだけで、解凍すればそのまま復活させることができます。
巨〇か貧〇かどっちが好きかって？そりゃあ，巨〇だよ。貧〇が好きだなんて奴はみんなロリコンさ。",乳,"乳:milk;breasts",Guess the hidden Kanji,Text
"孵化後まもないヒナは、産毛が濡れていますが、２時間もすると〇いてフワフワになります。
ほぼ赤道直下にあるシンガポールでは、雨季・〇季があまり明瞭ではない。
空っぽ。僕の頭の中は〇いている。からからに〇いて何も育ちそうもない。",乾,"乾:drought;dry;dessicate;drink up;heaven;emperor",Guess the hidden Kanji,Text
"かつて、今よりもはるかに分断されていた国民にリンカーンが語ったように、私たちは敵ではなく友人なのです。感情はもつれたかもしれないが、だからといってお〇いを大事に思う親密な絆を断ち切ってはなりません。
日本の建前と本音という概念は、僕にとって、〇いに嘘をついてるだけだと思う。表面的なものだけじゃない？本当は？気持ちを傷つけないためと分かってても、やっぱりあまり好きじゃない。
すべての人間は、生まれながらにして自由であり、かつ、尊厳と権利とについて平等である。人間は、理性と良心とを授けられており、〇いに同胞の精神をもって行動しなければならない。",互,"互:mutually;reciprocally;together",Guess the hidden Kanji,Text
"今日の田中君が休んだ理由は、おばあさんが〇くなったって？確か先月も先々月もそう言ってなかったか？ずる休みするにしても、もう少しましな理由はないのかね。
適切にアースされていないマイクに触れると、命に関わる場合があります。何人かの歌手は実際そうやって〇くなっているのです。
２００６年９月の軍事クーデターで失脚、事実上〇命中だったタイのタクシン元首相が２８日、約１年半ぶりに帰国した。",亡,"亡:deceased;the late;dying;perish",Guess the hidden Kanji,Text
"巧言令色、鮮なし〇。
巧言令色少なし〇。
盗人にも〇義。",仁,"仁:humanity;virtue;benevolence;charity;man;kernel",Guess the hidden Kanji,Text
"〇護保険による〇護サービスを利用するには、「〇護が必要である」と認定される必要があります（要〇護認定）。
花粉よりも小さな黄砂をマスクでどれだけ防ぐことが出来るのか？花粉よりもずっと厄〇者のように思います。
自分の顔が嫌いなんだと思ってたけど、よく考えたら他人の視線を〇した自分の顔が嫌いなんだ。",介,"介:jammed in;shellfish;mediate;concern oneself with",Guess the hidden Kanji,Text
"〇蘭西で食べた菓子のうちで、僕がもつと食べたいと思ふのは、ブリオシユとババ・オオ・ロムと、それからマロン・グラアセである。
今のドイツでは、チョコレートケーキをうまく作るコツを知っている人の数よりも〇教徒の数の方が多い。
12月24日から10日間、たいていの日本人はキリスト教、〇教、神道と教えを変遷していく。",仏,"仏:Buddha;the dead;France",Guess the hidden Kanji,Text
"冗談だ。〇に本気だとしてもそういうことにして置かないと「本気でこんなものか」と思われてしまうだろう。「そうやって本気のフィールドで勝負することを逃げ続けていればいいさ」そんなツッコミが聞こえた気がした。
今度のハロウィンパーティーで、トイレットペーパーをグルグルに巻き付けたミイラの〇装をしようと思うんだ。
日本語を勉強していたとき、漢字はたくさんは使われてなく、〇名に置き換わっていることに気づいた。",仮,"仮:sham;temporary;interim;assumed (name);informal",Guess the hidden Kanji,Text
"信〇によって物事を見るということは、理性の目を閉じてしまうことだ。蝋燭の灯を消せば、朝日はよりはっきりと姿を現す。
貴社との間の財政上の問題を解決するために貴社のご助力を〇ぎたく、お願いをする次第です。
右からぐるっと回って、もっと、もっと、はい、そのまま〇向けになってください。",仰,"仰:face-up;look up;depend;seek;respect;revere;drink;take",Guess the hidden Kanji,Text
"「どのような物〇をお探しですか？もしよろしければお伺いしますが」「WiFi付きがないかなと思って」「それでしたら、こちらなどいかがでしょう？」
この通話は、サービス向上およびトレーニングのためにモニターまたは録音されることがあります。ご用〇は何でしょう？
ありがとうございます。申し訳ございませんが、別〇が入っておりまして、また次回誘っていただけるとうれしいです。",件,"件:affair;case;matter;item",Guess the hidden Kanji,Text
"怠惰だから自分で芝を刈れないという理由だけでたくさんのお金を使うように思われたが、その仕事をすっかり彼に〇した。
社長の突然の辞〇で、会社の中はガタガタだね。俺達これからどうなるんだろう。
私の参謀としてついたからには、危機感を持って〇にあたって貰わねば困ります。",任,"任:responsibility;duty;term;entrust to;appoint",Guess the hidden Kanji,Text
"「どのような物件をお探しですか？もしよろしければお〇いしますが」「WiFi付きがないかなと思って」「それでしたら、こちらなどいかがでしょう？」
「それでは、金曜日の9時半に書類を取りに〇いますんで」「わかりました。それまでに揃えておきます」
２月２７日（月曜日）のお約束の確認ですが、午前１０時に貴社にお〇いするということでしたね。",伺,"伺:pay respects;visit;ask;inquire;question;implore",Guess the hidden Kanji,Text
"一つも翻訳がついていない文章を翻訳するのは、誰の足跡もついていない雪の表面に、自分が初めて足跡をつけるみたいな感覚と少し〇ている気がする。
美というのは山の頂上に〇ているように私には思われた。そこに着いてしまえば、また下りる以外には何もすることがないのである。
ひとの声に〇た不気味な鳴き声、漆黒の羽、死肉を啄む姿などから、鴉は不幸に舞い降りる不吉な鳥として世界に知られています。",似,"似:becoming;resemble;counterfeit;imitate;suitable",Guess the hidden Kanji,Text
"「よし、7人だからトムに7等分してもらおう」「なんで俺？ 7等分とか無理に決まってんじゃん」「お前数学科だろ？ 1桁の自然数くらい〇裕じゃねえの？」「数学科でケーキの切り分け方とか習わねえし」
う～ん、わからんか。まあこれはあまり簡単な問題ばかりだったら失礼だから、君用に出しただけだから。〇裕があったら覚えといて。
机の上には、お昼を用意する時間も〇裕もなかったから、近所で買って来いという母親からのメッセージだけが残されていた。",余,"余:too much;myself;surplus;other;remainder",Guess the hidden Kanji,Text
"8歳未満の子〇は前頭葉が発達しきっておらず、そのため現実と空想の区別が付かなくなる場合がある。一部の子どもは、例えば洋服ダンスの中やベッドの下に化け物がいると信じることがあるかもしれない。彼らの一部はまた、夢と現実の区別ができないこともある。
「わぁ。シャツが後ろ前になってる。ちょっと、気付いてたでしょ？何で教えてくれないの？こんな格好で子〇たちに偉そうに説教しちゃったよ」「いやぁ、『知らぬが仏』って言葉もあるし。黙っとく方がいいかなぁと思って」
子〇のすきな小さい神さまがありました。いつもは森の中で、歌をうたったり笛を吹いたりして、小鳥やけものと遊んでいましたが、ときどき人のすんでいる村へ出てきて、すきな子〇たちと遊ぶのでした。",供,"供:submit;offer;present;serve (meal);accompany",Guess the hidden Kanji,Text
"量子力学系の観測可能量は、ハミルトン演算子と可換で且つ直接には時刻に〇存しない場合、運動の定数と呼ばれる。実際、その様な観測可能量の平均値はどの様な状態に於いても時間的に一定となるのである。
共和党の旗を初めてホワイトハウスにもっていたのはこの州出身の男性で、その政党は自己〇存と個人の自由と国家の統一の価値観にもとづいていたことを思い出そう。
われわれは、生活に必要なものや生活を快適にするものをすべて他人の労働に間接的に〇存している。",依,"依:reliant;depend on;consequently;therefore;due to",Guess the hidden Kanji,Text
"優太は、お店の高〇な皿を割ってしまたのが亨ではなく葵だと知っていたが、葵をかばって名乗り出た亨の気持ちを察し、本当の事は言わず、ただ自分の胸の内に納めておくことにした。
いろいろ考えてみると私の主観ですが、プレゼントはどれだけ気持ちがこめられているかで〇値がかわってくるのだと思います。
誰かが、例えば、羊とか馬を市場に出ているもので等しい〇値があると考えるものと交換することが出来たのである。",価,"価:value;price",Guess the hidden Kanji,Text
"そしてディールはヨーロッパ大陸にとても近かったために、いつも最初に〇略されるイギリスの地域のひとつでした。
湿地帯は生態系において水の浄化、洪水と〇食の防止、野生生物への食料とすみかの提供という重要な役割を演じる。
ホームページをつくるのもいいけど、著作権の〇害になるようなことはしてはいません。",侵,"侵:encroach;invade;raid;trespass;violate",Guess the hidden Kanji,Text
"「愛と哀しみの果て」は〇受けしたけど何といっても映像のきれいな映画だった。
だが、概ね天皇は世〇権力を追求することなく存続してきたようです。
自らの意志で還〇する場合と、教団側から還〇させられる場合がある。",俗,"俗:vulgar;customs;manners;worldliness;mundane things",Guess the hidden Kanji,Text
"多くの国々が失業問題に苦しんでいる。すなわちそこには将来が〇障されず、人生という汽車に乗り遅れてしまう多くの若者達がいる。
〇守派の人たちは一般に頭が悪いと言いたかったのではなく、頭の悪い人たちは〇守的であることが多いと言いたかったのです。
私たちの乗っていた飛行機は、３０００メートルの高度を〇って、太平洋上をウェーク島のほうへ飛んで行った。",保,"保:protect;guarantee;keep;preserve;sustain;support",Guess the hidden Kanji,Text
"小学校低学年の頃、僕は父に〇句を教えられ、〇人に憧れた。七夕の願い事も「はい人になれますように」と書いた。あれから３０年、願いはかなった。今や僕は紛れもない廃人だ。
日本のある有名な詩人は〇句におけるどのような固定化した考え方にも反対している。
トムとメアリーは昼の間じゅう樫の木陰で〇句を詠み交わしていた。",俳,"俳:haiku;actor",Guess the hidden Kanji,Text
"「ほら、早く早く。タトエバっていうサイトが、集めた文章を一つ一セントで売ってるよ！文章を百〇買うと一つ無料の特別セールもあるんだよ！」「ああ、そりゃいい！今じゃ世間では趣味として文章を集めるのかい！？世界はどこへ向かっているのやら！」
日本人には、見知らぬ人と会話を始めてまだくつろいだ気分にならないうちに、相手の、年齢や地位、既婚か未婚かなどの〇人的な事柄を知りたがる傾向がある。
自分の仕事や関心事について話し、また相手のそうしたことについて尋ねるのはいいが、話題があまりに〇人的なものにならないよう気を付けなさい。",個,"個:individual;counter for articles",Guess the hidden Kanji,Text
"覚えようとするのじゃなくて、圧〇的な量を体にくぐらせるという方法は、性格に合う人間にとってはまったく努力のうちに入らない。楽すぎてそこに安住してアウトプットに挑まない人が出てくる。俺もそっちのタイプ。
「漢字って、どうやったら簡単に覚えられますか？」「簡単には覚えられないよ。人それぞれだとは思うけど、覚えたいなら面〇でも書くのが一番だと思うよ」
しかし、面〇な乗り換えをしなくてすむＪＲの成田エクスプレス（空港から３０分から６０分おきに出発します）をお使いになることをおすすめします。",倒,"倒:overthrow;fall;collapse;drop;break down",Guess the hidden Kanji,Text
"ＥＵで買った品物を使わないで、店から得た付加価〇税金還付フォームを税関に押されてもらって、三か月以内日本に帰るのは、タックスフリーの条件であります。
分からないことを教えてもらいたいと思う気持ちを恥ずかしがるんじゃない。分かろうとすることは、称賛に〇する。何も学びたくないとか、けしからん。
芸術作品の価〇は、作品それ自体が変わらなくとも、作者によって提示されるアイデンティティーによって大きく変わり得る。",値,"値:price;cost;value",Guess the hidden Kanji,Text
"物資は、遥かに人間以上に、地球の表面を移動し続けている〇大な旅行者なのだ。際限のない物資の流れが世界中で交換されているが、それは地球上の人の住む場所で貿易に関わらないところはほとんどないことを意味する。
あれだけ〇そうなこと言ってたんだから、これぐらいトムには楽勝のはずだよ。お手並み拝見といこうじゃないの。
サー・ウィンストン・チャーチルは〇大な政治家であっただけでなく、〇大な作家でもあった。",偉,"偉:admirable;greatness;remarkable;conceited;famous;excellent",Guess the hidden Kanji,Text
"インド東部で１９日未明、特急列車が駅で〇車していた別の列車に追突し、これまでに４９人が死亡しました。
〇電があってさ、ビデオの時間をリセットしたんだけど、１時間ズレててさっ、アポ逃しちゃったよ。
彼は〇止信号を見なかったので、もう少しで道路を渡ろうとしていた子供をはねるところだった。",停,"停:halt;stopping",Guess the hidden Kanji,Text
"よりよいサービスのため、お客さまのお電話は〇受されることがあります。
出席者が少なくなりつづけ、実際にやってきた人も無関心に〇観していた。
世間はいつまでこれらの暴虐を〇観し続けるのか。",傍,"傍:bystander;side;besides;while;nearby;third person",Guess the hidden Kanji,Text
"チップがグラス一つの中の１０セントであれば、ウェイトレスは次の客に〇えて急いでテーブルを片付けようとしてグラスを持ち上げ、水がこぼれだし、事はおしまいということになろう。
その間にトニーは６０代半ばになっていたが、まだよく仕事ができた。しかし新品のトラック、新しい芝刈り機、たくさんの装〇を手に入れ３人の手伝いを抱えていた。
東南アジアのインフラ整〇で日本が中心的役割を担うため、官民一体となった努力が求められている。",備,"備:equip;provision;preparation",Guess the hidden Kanji,Text
"日本の建前と本音という概念は、僕にとって、互いに嘘をついてるだけだと思う。表面的なものだけじゃない？本当は？気持ちを〇つけないためと分かってても、やっぱりあまり好きじゃない。
「大丈夫？ 〇ついてない？」「ううん、全然大丈夫だよ。むしろそうやって本音で話してくれるのすごく嬉しい」「そっか。よかった」
今の文学青年はセンチメンタルになることを怖れている。これも〇つけられるのを怖れる一種のさもしい心のあらわれかも知れない。",傷,"傷:wound;hurt;injure;impair;pain;injury;cut;gash;scar;weak point",Guess the hidden Kanji,Text
"既に知っていることを証明してくれるものしか受け入れたがらない〇向が私たちにはあるのである。
郷愁にふける時、私達は子供時代をこの上なく幸福な時期と考える〇向があるかもしれない。
実地は理論と同様に大切であるが、われわれは理論を重んじ、実地を軽んずる〇向がある。",傾,"傾:lean;incline;tilt;trend;wane;sink;ruin;bias",Guess the hidden Kanji,Text
"小便小〇の本家本元は、ベルギー・ブリュッセルにあるジュリアン君です。
また僕をかつごうとしているのかい、このいたずら小〇め。
子どもの頃「四つ目小〇」とからかわれたことがあります。",僧,"僧:Buddhist priest;monk",Guess the hidden Kanji,Text
"水やガス、電気が欲しい時に簡単に手に入るように、映〇や音楽も手を軽く動かすだけで点けたり消したり出来るようになるだろう。
「ひょっとして、今まで気づいてなかったのですか」「いや、まぁ・・・。想〇の埒外だったもんで・・・」
ねえ、ニュースの映〇見た？車が電柱に衝突して縦に真っ二つだよ。どんだけスピード出してたんだろうね。",像,"像:statue;picture;image;figure;portrait",Guess the hidden Kanji,Text
"最近では、故人が亡くなってから７日目に行う初七日法要を葬〇当日に済ませることが多くなっています。
子供は生まれつき従順であるのではないのは、生まれつき礼〇正しいのではないのと同じである。
日本の神道の〇式に則って、挙式をしたいという方がおられれば、この教会で出来ます。",儀,"儀:ceremony;rule;affair;case;a matter",Guess the hidden Kanji,Text
"僕が君に〇しくしようと思ったように、誰かに君が〇しくされたなら、その人に〇しさを返すのは当たり前だけど、それだけじゃなくて、君がその人にされたように、誰かに〇しくしてあげなさい。僕はそれだけで十分だ。
今日xvideos.comで見た獣姦ものの動画では女〇さんがラブラドール・レトリバー相手に腰を振っていた。ラブラドール・レトリバーはイく直前「ワン」と吠えた。
「お母さんのしゃべり方って、おばあちゃんにそっくりだよね？」「そりゃそうよ。おばあちゃんに育てられたんだから。〇斗だって、お父さんの話し方にそっくりよ」",優,"優:tenderness;excel;surpass;actor;superiority;gentleness",Guess the hidden Kanji,Text
"日本では甘〇辛〇などと称し、酒好きと菓子好きとを対立させているが、これはどうも理屈に合わないらしい。ババ・オオ・ロムのごとく、酒入りの菓子があることはその不合理を証明している。
日本では甘〇辛〇などゝ称し、酒好きと菓子好きとを対立させてゐるが、これはどうも理屈に合はぬらしい。ババ・オオ・ロムの如く、酒入りの菓子があることはその不合理を証明してゐる。
不偏不〇の精神で、などとかっこ付けているけど、結局のところ自分の意見を持っていないだけじゃないの。",党,"党:party;faction;clique",Guess the hidden Kanji,Text
"精肉店と飲食店を〇ねたお店だからこそできるこの低価格。ぜひ一度ご賞味ください。
ちょっと大きいけど、この封筒でいいや。大は小を〇ねるって言うし。
ホテルは現在、地元の博物館〇コミュニティセンターとなっています。",兼,"兼:concurrently;and;beforehand;in advance",Guess the hidden Kanji,Text
"スペイン語の本何〇か買ったぞ。気分はドイツ語強化モードだがちびちびと始めてみるかも。
この本は1,000ページ以上の大〇ですが、来週の今日までには読み終わります。
君がどんなにがんばっても、１日で５〇も小説を読むことはできないだろう。",冊,"冊:tome;counter for books;volume",Guess the hidden Kanji,Text
"そして、とりわ、この国の〇建に加わるように尋ねよう、221年間アメリカにおいて行われたきた唯一の方法-硬くなった手で一つずつブロックを積み上げ、レンガを積み上げるように。
私は彼とペイリン知事を彼らのしたことすべてのことで祝い、彼らと今月初頭のこの国の信頼を〇建するため、一緒に働くのを心待ちにしている。
エルベフィルハーモニーは、ドイツ・ハンブルクの〇開発地区ハーフェンシティのシンボルである。",再,"再:again;twice;second time",Guess the hidden Kanji,Text
"ユーモアのない人生なんて、〇そ糞面白くないものだが、同時に、人生から偶然というものを取り除いてしまえば、随分味気ないことになるだろう。
賢い人の手にかかると、物事は実にシンプルになる。簡単なことを難しく言うのが、賢いふりをした〇庸な人間だ。
非〇の才が優れていればいるほど、世間の人々がそれを発見し理解するのに長い時間がかかる。",凡,"凡:commonplace;ordinary;mediocre",Guess the hidden Kanji,Text
"日本語をどのように〇理するかという点に加えて、さらに学ぶために、日本語の〇理に関する、もしくは日本語で書かれた参考文献を幅広く紹介しています。
今年新入で入ってきた田中ってさ、給料が少ないからって新聞配達のバイトしてたのがばれてさ、戒告〇分になったらしいよ。
その国会議員は陰謀のニュースを発表した。そして、ためらうことなく、その陰謀にたいする徹底した対抗〇置をとった。",処,"処:dispose;manage;deal with;sentence;condemn;act;behave;place",Guess the hidden Kanji,Text
"最近の〇悪事件をニュースで見るたび、バーチャルな世界と生きる世界の区別がなくなった若者が急増していることに気付かされる。
〇暴な顔つきの犬がこちらへ近寄ってくる。
〇器はまだ発見されていません。",凶,"凶:villain;evil;bad luck;disaster",Guess the hidden Kanji,Text
"ある暑い夏の午後、ジョンとダンヌは長くなった牧草を〇っていました。
君はいつか自分でまいた種を〇り取らなければならないだろう。
道路脇には今は〇られて裸になった田畑が広がっている。",刈,"刈:reap;cut;clip;trim;prune",Guess the hidden Kanji,Text
"日本創〇を果たしたイギリス発のホームレスの人だけが販売者となれるストリートペーパー「ビッグイシュー」について紹介しよう。
外国の書籍や定期〇行物を販売している店がいくつかある。
彼の新しい小説の発〇はいつ頃になりますか？",刊,"刊:publish;carve;engrave",Guess the hidden Kanji,Text
"結局のところ、何をやろうと受け入れてくれる人もいれば、批〇する人もいて、叩かれることを恐れていては何も始まらない。
意思の弱い人は批〇の的になる。だから友達でさえも、その欠点を直せるものならと思っていじめようとするだろう。
審〇の方をちらりと睨むが、審〇は涼しい顔して鼻クソをほじっていやがった。「ちくしょう、八百長かよ・・・」",判,"判:judgement;judgment;signature;stamp;seal",Guess the hidden Kanji,Text
"日本では「自〇心を凌駕する」という言い方がなされることは一切なく、「抑えきれない」「こらえられない」などと言います。
二つに分けることによって、本願寺の力を半分ずつにして、西と東をお互いに牽〇、競争させようしたんです。
会社の中には、従業員が有給休暇を積極的に夏休みに使えるように〇度を作り上げているところもある。",制,"制:system;law;rule",Guess the hidden Kanji,Text
"マンハッタンの金融街にある証〇取引所の中には、火災と停電のため、営業を早めに切り上げてしまったところもあります。
アンケートにお答えいただいた方の中から、毎月抽選で30名様に1万円分の商品〇をプレゼントいたします。
彼女は例の金のインチキ証〇商法に引っかかり持ち金のほとんどを失ってしまった。",券,"券:ticket",Guess the hidden Kanji,Text
"気晴らしを求める王女の意欲はとどまるところを知りませんでした。そのため、私たちはそうした気晴らしに、それをいっそう〇激的なものにしうる新たな調味料を加えることばかりを考えていました。
マシュマロを串に〇して火にあぶって食べるやつ、名前は知らないんだけどすごくうまそうだったよ。今度うちでもやってみようよ。
〇激を受け続けると肌の保護作用により角質が肥厚して、ゴワゴワしたり硬くなって、毛穴が目立ってきます。",刺,"刺:thorn;pierce;stab;prick;sting;calling card",Guess the hidden Kanji,Text
"しかしながらある夜ベイカーさんが、学生全員が学寮に戻っていなければいけない時〇に戻ってきたとき、彼女は自分の駐車スペースに別の車があるのを見つけた。
原子力安全・保安院が、東京電力福島第一原子力発電所の事故の評価をレベル５から最も深〇な７へ引き上げた。
「雪の彫〇」と言えば、「さっぽろ雪まつり」を思い出す。「さっぽろ雪まつり」一度は、行ってみたいな。",刻,"刻:engrave;cut fine;chop;hash;mince;time;carving",Guess the hidden Kanji,Text
"交換法〇より、-(-x) = x, 1/(1/x) = x であることが分かる。
日本の神道の儀式に〇って、挙式をしたいという方がおられれば、この教会で出来ます。
熱力学の背後には、第１巻で学んだ力学の法〇にしたがう原子や分子の運動があります。",則,"則:rule;law;follow;based on;model after",Guess the hidden Kanji,Text
"そこで、子供らしさが、徐々に失われていく現状への反省から、教育制度や社会の仕組みといった根本的なものの見直しが、今、真〇に考えられるようになってきている。
トムはメアリーが冗談を言ってるんだって思ってたけど、メアリーはとても真〇だったんだ。
「由美！私たちは真〇に話し合ってるのよ」「私だって真〇だもん」「そうは見えないわ」",剣,"剣:sabre;sword;blade;clock hand",Guess the hidden Kanji,Text
"後に、高校生になると、僕はビタミン〇を常用するように化学を「摂取した」
薬〇師になる目的で薬学を志望する人は６年制学科を選んでください。
医者に相談して鎮静〇を処方してもらうのはどうでしょうか。",剤,"剤:dose;medicine;drug",Guess the hidden Kanji,Text
"「今日ね、トムの妹に会ったんだ」「へえ、どんな人だった？」「んーと、メアリーとアリスを足して2で〇ったみたいな感じ」
現在の飛行機墜落は２週間ごとにほぼ１件の〇合で、あらゆる重大事故があらゆるタイプの輸送用ジェット機に起こっている。
女性有職者における自殺の原因・動機は、うつ病などの神経疾患の比率が非常に高く、全体の約４〇にも及ぶと言われている。",割,"割:proportion;comparatively;divide;cut;separate;split",Guess the hidden Kanji,Text
"フランツ・リストは「交響詩」という概念を〇始した。交響詩とは、音楽外の内容を音楽によって描写するオーケストラ作品のことである。そこでは人々、伝説上の人物、風景、絵画などが描写される。
日本〇刊を果たしたイギリス発のホームレスの人だけが販売者となれるストリートペーパー「ビッグイシュー」について紹介しよう。
「どうしたの？」「靴擦れしちゃった」「だから、新しい靴はやめときって、言ったでしょ？絆〇膏あるよ」「ありがとう」",創,"創:genesis;wound;injury;hurt;start;originate",Guess the hidden Kanji,Text
"愛はフランスでは喜〇、英国では悲〇、イタリアでは歌〇、そしてドイツではメロドラマである。
あの喜〇役者のジョークときたら、どれもこれも古くて、以前に聞いたことのあるものばかりだ。
ロイヤルシェイクスペア〇団は来週「ベニスの商人」を上演することになっている。",劇,"劇:drama;play",Guess the hidden Kanji,Text
"低賃金、〇悪な労働条件、一方的な首切りなどの経済・労働問題はもとより、各種の人道的問題までも引き起こしている。
食物が我々の身体にとって必要であるのにまさるとも〇らず、読書は精神にとって必要である。
ブリティッシュコロンビアの沿岸生態系の〇化が急速に進行している。",劣,"劣:inferiority;be inferior to;be worse",Guess the hidden Kanji,Text
"「なんでそんなたくさんのど飴持ってきたの？ のど飴とかこっちでも買えるのに」「日本人ののどには日本ののど飴しか〇かないんだ」「ふーん、そんなことないと思うけどな」
時差のある場合、電子メールが最も〇果的で便利な手段ですので、メールを使って連絡をしてくださることを希望します。
最初に大学に入って一番驚いたのは、〇果的な勉強方法を知っているクラスメートがごく僅かだったということだ。",効,"効:merit;efficacy;efficiency;benefit",Guess the hidden Kanji,Text
"僕はバスケットボールチームの最後のポジションの申し込みをしようとスポーツ事〇所へ行ったが、誰かが先を越してしまった。
ガチョウの番がどうにかこうにか〇まるといった塩梅の、のらくら者であることを、しょっちゅうこぼしていました。
この前行った事〇所では数時間で仕事が終わってしまって、残りの時間が退屈だったわ。",務,"務:task;duties",Guess the hidden Kanji,Text
"「君の仕事についてはお客さんから不満が殺到している。すぐに辞めてもらおう」「ふん、くそったれめ。こんな所はじめから〇めたくなかったんだ」
そして、おしんとは違って、彼らは確かに不平を言う。間違いなく〇務中には言わないだろうし。おおっぴらには普通言わないだろうが。
フレデイはこの一ヶ月というものずっと夜〇だったため、正常な時間に働いている友人達に会う機会がまるでなかった。",勤,"勤:diligence;become employed;serve",Guess the hidden Kanji,Text
"幼少の時、父が死んで、その弟が、時代の衰〇と、自分の怠惰とから、すっかり、身代をつぶしてしまったらしく、後に、筆墨行商人になって、私の家へ、よく来たが、くると、母に叱られて、よわっていた。
一番多かったのは、ヨーロッパからであったが、ラテン・アメリカ、アジア、アフリカ、オーストラリア、カナダからも大〇がやってきた。
警棒で空をなぐりつけ、よろめいて体〇をたてなおしたガードマンは、自分に向かって突進してくる金網づくりのクズカゴを見た。",勢,"勢:forces;energy;military strength",Guess the hidden Kanji,Text
"内科医である父は医学を勉強するようしきりに〇めたが、ホーキングはそれを受け入れず、その代わりに数学と物理学に専念することにした。
人に自分の〇告が理由のあるものであり、賢明であることを説得するためには、理由を挙げ、知られた例や大家を引用しなければならない。
もしあなたが二回目に失敗したなら、モスクワかどこかに高飛びすることを私はあなたに〇めます。",勧,"勧:persuade;recommend;advise;encourage;offer",Guess the hidden Kanji,Text
"おまえはどうして、百〇のねこ、千〇のねこ、百万〇、一億、一兆〇のねこといっしょに、食べられてしまわなかったのだね。？
男の人が羊を十一〇飼っていましが、九〇を除いて全部死んでしまいました。羊は何〇残っているでしょうか。
バラク・オバマ大統領は、ボーとサニーという二〇のポーチュギーズ・ウォーター・ドッグを飼っていた。",匹,"匹:equal;head;counter for small animals;roll of cloth",Guess the hidden Kanji,Text
"マーテイン・ルーサー・キング・ジュニアが後に〇めることになる歴史上の地位を予測できたものは、当時誰一人としていなかった。
日本のＯＤＡは返済期間３０年、利率２％前後という条件の緩い円借款が大部分を〇める。
ある研究によれば、ガンによる女性の死亡数の中では肺がんが１７％を〇めている。",占,"占:fortune-telling;divining;forecasting;occupy;hold;have;get;take",Guess the hidden Kanji,Text
"誰もが夢を見ますが皆が同じようにというわけではありません。夜にほこりにまみれた心の奥底で夢を見る者は目が覚め夢は虚栄でしかなかったと知ります。しかし昼に夢を見る者は〇険です。なぜなら彼らは影響を受けやすく、目を開き、夢を実現するために行動を起こすからです。
もし建物の取り壊しが無制限に行われるなら、美しい町が単なるコンクリート・ジャングルになる〇険があるのである。
最近、市内において猪の目撃情報が増加しています。〇険ですので、猪を見かけても近づいたりしないでください。",危,"危:dangerous;fear;uneasy",Guess the hidden Kanji,Text
"「今、行動を起こせ」という、それが伝える実際的な意味に加えて、〇座の行動がなぜ重要であるかという多くの理由をも、言外に示唆していたのであった。
たとえ私たちが〇座に使用をやめても、南極のオゾンホールが元に戻るのにはさらに後６０年かかります。
さらに、〇戦力となる政策関連の科学的成果や手段の提供が必要であると強調した。",即,"即:instant;namely;as is;conform;agree;adapt",Guess the hidden Kanji,Text
"本日は8時で閉館です。カウンターの受付は7時50分で終了しますので、図書の返〇・貸出等の手続きはお早めにお願いします。
現在貸出中の下記図書の返〇期限が過ぎております。速やかにご返〇くださいますようお願いいたします。
必死で考えた企画は〇下、一生懸命作った本は売れない。山下さんは八方塞がりの状態に陥っている。",却,"却:instead;on the contrary;rather;step back;withdraw;retreat",Guess the hidden Kanji,Text
"鶏の頭数を、〇から孵化する前に数えておくのは非常に賢明なやり方だ。何故なら、鶏というのは無闇矢鱈に動き回るものだから、正確に数えることなど出来ない。
「そのパン美味しそうね！何が入ってるの？」「えっと、サラミときゅうりとレタスと〇です。結構高くて、300円もしました」
「あっ。あたし生〇！」「一個でいいですか？」「うん。足りなくなったらまた注ぎ足すから」",卵,"卵:egg;ovum;spawn;roe",Guess the hidden Kanji,Text
"すき焼きをごちそうになって、一晩泊めてもらったうえに、朝めしまで食べてきたなんて、ちょっと〇かましすぎるんじゃないか。
「学園の廊下で、濃〇なキスシーン・・・聞いたぞ聞いたぞ」「濃〇じゃなーい！話に尾ひれ付いてるって・・・」
ここのお店のトンカツは、カツの肉が分〇くて衣は薄くてサクサク。一度食べてみなよ。美味しいよ。",厚,"厚:thick;heavy;rich;kind;cordial;brazen;shameless",Guess the hidden Kanji,Text
"これって、外から「あれやるな」って〇しすぎること言われたり、「こうやって」って無茶なこと言われてできたんでしょうね。
みんなは絵が上手い。でも、いつも別の人を目標にして自分のこと〇しく責めちゃダメだよ。誇りは持てれば十分。
君は一人の教師なんだから、自分の感情を〇しくコントロールできるようにならなければならない。",厳,"厳:stern;strictness;severity;rigidity",Guess the hidden Kanji,Text
"私の肉親関係のうちにも、ひとり、行い正しく、固い信念を持って、理想を追〇してそれこそ本当の意味で生きているひとがあるのだけれど、親類のひとみんな、そのひとを悪く言っている。馬鹿あつかいしている。
中央銀行は主にその他の銀行〇び政府と業務を行い、利潤をあげることの他に国民経済の利益になる広い責任を負う銀行である。
女性有職者における自殺の原因・動機は、うつ病などの神経疾患の比率が非常に高く、全体の約４割にも〇ぶと言われている。",及,"及:reach out;exert;exercise;cause",Guess the hidden Kanji,Text
"しかし、アメリカ同様日本も中流階級の平均的〇入の人々が圧倒的多数を占める国なので、妻たちはメイドを雇わず、自分で何もかもに励む。
マーテイン・ルーサー・キング・ジュニアは、不正に対して戦った最初の抗議運動で勝利を〇めた。しかも、平和的にである。
アメリカでは、犯罪人を〇容する刑務所のための場所以上に犯罪人がいるのでいつも刑務所は定員オーバーの状態である。",収,"収:income;obtain;reap;pay;supply;store",Guess the hidden Kanji,Text
"日本では、３月３日は「桃の節〇」と呼ばれ、女の子の成長と幸福を願う行事として、お雛様や桃の花などを飾ります。桃の花は、薄紅色のきれいな花です。花言葉は、「チャーミング」です。
小学校低学年の頃、僕は父に俳〇を教えられ、俳人に憧れた。七夕の願い事も「はい人になれますように」と書いた。あれから３０年、願いはかなった。今や僕は紛れもない廃人だ。
私、自動車にしょっちゅう乗ってるの。だから、クライアントが私にコンタクトが取れないって文〇を言うの。",句,"句:phrase;clause;sentence;passage;paragraph;counter for haiku",Guess the hidden Kanji,Text
"ただ、一さいは過ぎて行きます。自分がいままで阿鼻〇喚で生きて来た所謂「人間」の世界に於いて、たった一つ、真理らしく思われたのは、それだけでした。
「トムの誕生日にさ、みんなで遊園地に行かない？トム、絶〇マシンに乗ってみたいって言ってたし。どう？」「いいね」
ところどころ〇び声のような、うめき声のような効果音が挿入されていることも、不気味で気持ち悪かった。",叫,"叫:shout;exclaim;yell",Guess the hidden Kanji,Text
"今日のお通しは、蒲鉾を洋風にアレンジした生春巻きです。何も付けずそのままでお〇し上がりください。
最近では、人々が移民していく場合、日光とか植物、あるいは〇使いを求めていくというわけではない。
本品は保存料を使用しておりません。開封後は冷蔵庫に保存し、お早めにお〇し上がりください。",召,"召:seduce;call;send for;wear;put on;ride in;buy;eat;drink;catch (cold)",Guess the hidden Kanji,Text
"「あなた、〇愛いわね」「そんなことないわ。あなたの方こそ〇愛いわ」「そんなことないよ。あなたが〇愛い！」「いいえ。〇愛いのはあなたよ！」「わかった。〇愛いのは、わたし」
「あっ、〇愛いワンちゃん。名前は何て言うんですか？」「ポチよ」「ポチ！お手。お手」「お手ね、まだできないのよ」「そっかぁ。抱っこしてみてもいいですか？」「どうぞ」
「わぁ、〇愛い赤ちゃん。お名前は何て言うんですか？「理那よ」「理那ちゃん、いないいないばあっ！あっ、笑った。抱っこさせてもらってもいいですか？」「どうぞ」",可,"可:can;passable;mustn't;should not;do not",Guess the hidden Kanji,Text
"リンカーンはアメリカ〇の中の最も偉大な人物のひとりである。
世界〇の試験は予想していたよりもやさしいことが分かった。
コブ女〇が帰ってくる日が待ち遠しいよ。ほんとに。",史,"史:history;chronicle",Guess the hidden Kanji,Text
"ひんぱんに〇血する場合は、救急車を呼ぶか、近くの内科医に往診してもらう。
癌患者は心をくじく〇き気の発作にしばしば対峙しなければならない。
放射線を大量に浴びたら、すぐに嘔〇と下痢が始まります。",吐,"吐:spit;vomit;belch;confess;tell (lies)",Guess the hidden Kanji,Text
"「いらっしゃいませ」「１０時に予約していた本田です」「ご来店ありがとうございます。本日は、タクシーでのご案内となります。タクシー到着までもう少しお時間をいただくようになりますので、もしよろしければこちらに掛けてお待ちください」「じゃぁ、ちょっとタバコ〇ってくる」
ジェーンは太ってるし、態度も悪いし、煙草もぷかぷか〇うし。でも、ケンは彼女のことを可愛くてチャーミングだと思ってるんだな。『あばたもえくぼ』っていうけど、まさにそれだな。
タバコを全く〇わなかった人々の６７％が受動的にタバコの煙を〇わされることで、健康への影響が心配だと言った。",吸,"吸:suck;imbibe;inhale;sip",Guess the hidden Kanji,Text
"それに彼女はそれを受け入れることを拒〇したのでずいぶん不快な状態で生活してきたのである。「なんで自分のいやな場所に自分を縛りつけることで貯められるお金を全部使わなきゃならないの？」と文句を言いながら。
むやみに自殺を〇定しようとは思いませんが、親が子どもを道連れにするのはぜったいにやめてほしい、と思います。
バラック・オバマは、国際的な核兵器禁止を目指しているが、すべての戦争に対して〇定的なのではない。",否,"否:negate;no;noes;refuse;decline;deny",Guess the hidden Kanji,Text
"その伝達の方法には、カタログはもちろんであるが、手紙、雑誌や新聞による広告、ラジオやテレビのコマーシャル、電話による買い物なども〇めることが出来る。
解答には理由を付してください。さらに、あなた自身の知識もしくは経験から、関連する事例を〇めるようにしてください。
民生用・産業用を〇めて、ゴミのかさをコンパクト化する機器の今後の市場成長性が法制度の動向と関連して注目される。",含,"含:contain;include;hold in the mouth;bear in mind;understand;cherish",Guess the hidden Kanji,Text
"子供のすきな小さい神さまがありました。いつもは森の中で、歌をうたったり笛を〇いたりして、小鳥やけものと遊んでいましたが、ときどき人のすんでいる村へ出てきて、すきな子供たちと遊ぶのでした。
私はその演奏家にフルートで何かもの悲しい曲を〇いて欲しいとおもった。
あいつは誰にも好かれていない。だっていつもほらばかり〇いているから。",吹,"吹:blow;breathe;puff;emit;smoke",Guess the hidden Kanji,Text
"今年新入で入ってきた田中ってさ、給料が少ないからって新聞配達のバイトしてたのがばれてさ、戒〇処分になったらしいよ。
ロサンゼルスのある教会は、教会のクッキー入れからクッキーを数枚盗んだかどで、ホームレスの男を〇発することに決めた。
「見て見て！ 聞き流すだけで1週間で英語がペラペラになるCDだって」「馬鹿、そんなもん誇大広〇に決まってんだろ」",告,"告:revelation;tell;inform;announce",Guess the hidden Kanji,Text
"序に、日本でシユウ・クリイムと〇んでゐる菓子は、英国へ行つても仏蘭西へ行つてもその名前では通用しない。英吉利でシユウ・クリイムを持つて来いと云つたら、靴墨を持つて来たといふおとしばなしもできてゐるくらゐだ。
序に、日本でシュークリームと〇んでいる菓子は、英国へ行ってもフランスへ行ってもその名前では通用しない。イギリスでシュークリームを持って来いといったら、靴墨を持って来たというおとしばなしもできているくらいだ。
日本では、旧暦の１０月は、全国の神様が出雲大社に集まると言われていて、神様が各地からいなくなるこの旧暦の１０月を「神無月」と〇びます。ただ、神様が集まる出雲地方だけは「神在月」と別名で〇ばれます。",呼,"呼:call;call out to;invite",Guess the hidden Kanji,Text
"焼けるような暑さ、ひどい寒さに耐えまったく見知らぬ人にドアをノックししたそれほど〇くない人から、自発的に組織され、「人民の、人民による、人民のため政治」が決して地球上に消え去ってないことを二世紀以上後に証明した何百万人ものアメリカ人からの強さを描いた。
〇者は無気力だという神話を拒絶した〇者たちが、給料の少ない、そして睡眠時間のもっと少ない仕事に自分を捧げるため、家と家族から離れて参加してくれた。だからこの選挙戦はますます力をつけたのです。
ベイカーさんは〇い男がすぐに去っていくと確信した。それで彼女は、寝る前までに自分の車を本来の場所に駐車できるように、〇い男に少し車を動かすように頼もうと思った。",若,"若:young;if;perhaps;possibly;low number;immature",Guess the hidden Kanji,Text
"だれかが、何百万もの星のどれかに〇いている、たった一輪の花が好きだったら、その人は、そのたくさんの星をながめるだけで、しあわせになれるんだ。
山の下には野原がひろがっていました。野原には桜の花が〇いていて、よいかおりがしていました。
久しぶりに会ったんだから、酒でも飲みながら、昔話にでも花を〇かせるとするか。",咲,"咲:blossom;bloom",Guess the hidden Kanji,Text
"コリアンダー・〇辛子・生姜を持ってくるのを忘れないで。
隋・〇の時代にはガラスの技術はかなり進んだと思われる。
木工芸では、木を、硬木、軟木と、〇木に分類します。",唐,"唐:T'ang;China;foreign",Guess the hidden Kanji,Text
"商売をやめるところも多くなった。しかし浴場の所有者の中には、客集めをねらって、サウナとか運動のための器具など新しい設備を備え、施設に改〇を加えた者もあった。
人を扱うさいには、どちらにも、それとかわらないようにして、〇人と悪人を区別するようにするほうが賢明であろう。
〇き教師になるためには、自分の生徒たちが持っている能力を最大限生かしてやることを知らなければならない。",善,"善:virtuous;good;goodness",Guess the hidden Kanji,Text
"「娘のインスタの裏アカを見つけたって〇んでるようじゃぁ、まだまだだね。裏には裏があるから、気をつけてね」「つまり、『いたちごっこ』ってことね」
どのような集まりでも贈り物を交換することの〇びの半分は、他の人たちが持ってきたものを見、そしてそれについて語り合うことの中。
社会で働くことには辛いことも多いが、仕事を達成したときの〇びも多く、家庭での仕事にはそういう達成感があまりない。",喜,"喜:rejoice;take pleasure in",Guess the hidden Kanji,Text
"「このスーパーは今晩、やっていますか？」「ええ、やってますよ。土曜日は、朝の８時から夜の９時まで〇業してます」
この代用貨幣では、会社の直〇店に行き、その店で食料品や衣料を買うことしかできませんでした。
決して外国語には翻訳できないような文章を投稿することは、運〇妨害に当たるのだろうか。",営,"営:camp;perform;build;conduct (business)",Guess the hidden Kanji,Text
"ネイティブスピーカーに一度も師事することなく大学を卒業できた外国語教師がいるなんて、〇かわしいことだと思う。
文を書くときには、ふつう大文字で始め、ピリオド（.）、または感〇符（!）、疑問符（?）、で終わる。
英語には８つの主な品詞があります：　名詞、動詞、形容詞、副詞、代名詞、前置詞、接続詞そして感〇詞。",嘆,"嘆:sigh;lament;moan;grieve;sigh of admiration",Guess the hidden Kanji,Text
"〇火により少なくとも31人の人が犠牲となりました。
〇火により少なくとも31人が命を落としました。
火山はいつ〇火してもおかしくない。",噴,"噴:erupt;spout;emit;flush out",Guess the hidden Kanji,Text
"これが原〇でタイムを大きくロスしてしまい、もしかしたら、このアクシデントがなかったら、レース終盤はもっと良くなっていただろう。
ＩＱの低さの原〇を人種に求めるという議論を論駁するどころか、リンのデータはそれを事実上補強することになっている。
花祭りは、お釈迦さまが生まれたときに天から色とりどりの花や甘露が降り注いだという言い伝えに〇んでいます。",因,"因:cause;factor;be associated with;depend on;be limited to",Guess the hidden Kanji,Text
"自分がかつてテロ集〇の一員であったことをメアリーに打ち明けるのに、トムはありったけの勇気を振り絞らなくてはならなかった。
トーテムポールには、動物、鳥、魚、神話上の動物、それに超自然的動物と言った一〇の彫り物がある。
昨夜会社からの帰宅の途中で、私はチンピラの一〇に徹底的に叩きのめされてしまった。",団,"団:group;association",Guess the hidden Kanji,Text
"在日朝鮮人は失業や貧〇も多いわけだから仕事と紐付きで来日する他の外国人より犯罪が多いのはむしろ普通だと思うんだよね。なのに、なぜそれを犯罪という負の側面に限って見ないフリをするのかが謎。結局彼は朝鮮人は素晴らしい民族であるべきという願望ありきなようにしか見えないね。
「トム、また落第点を取ったらしいわよ。卒業できないんじゃないの？」「そうなの？〇った子ね。まぁ、そのうち卒業するわよ」「母さんはトムには甘いんだから」
「フランス語で何か言ってみて」「え、そういうの一番〇るんだけど」「じゃあ『そういうの一番〇るんだけど』ってフランス語で言ってみて」",困,"困:quandary;become distressed;annoyed",Guess the hidden Kanji,Text
"我々の海岸を越えて見ている人びと、外国の議会や宮殿で見ている人びと、世界の忘れ去られた一角でラジオを取り〇んでいる集まっている人びとへ、我々の物語が異なっているけど、我々の運命は共有されており、新たなアメリカン・リーダーシップの夜明けがきたのです。
最近ずっと、このお店に通ってます。雰〇気や客層も良いし、何より落ち着くの。ところで、あなたってここで何年働いてるの？ここで働いてて遣り甲斐を感じる？
「なんか幽霊でも出そうな雰〇気だね」「おい、変なこと言うなよ」「あれ、トム幽霊怖いの？」",囲,"囲:surround;besiege;store;paling;enclosure;encircle;preserve;keep",Guess the hidden Kanji,Text
"徒歩〇内に、飲食店やお店がたくさんあります。
デジネフ岬は北極〇の南３０マイルにある。
ドイツ語〇でケモノアニメはありますか？",圏,"圏:sphere;circle;radius;range",Guess the hidden Kanji,Text
"テニスで亨は優太に一度も負けたことがなかたのに、あの試合だけは優太の〇勝だった。あの時、二人には一体何があったのだろうか。
例えば仕事に行き悩んだり、家庭内のもめごとに悩んだりしているときに、 高血〇や胃、十二指腸潰瘍などが起こってきます。
自分を凌駕する人・〇倒する人がいなかったら、世界はどんなにつまらないものになるだろうと思う。",圧,"圧:pressure;push;overwhelm;oppress;dominate",Guess the hidden Kanji,Text
"１９０４年、エスペラントを母語とする最初の女の子が生まれました。今日では生まれながらのエスペランティストが数千人存〇しています。
世の中には高級な人間と低級な人間が存〇している、そんな考えが彼女のエッセイからはうかがえる。そのような考えは低級な人間の物だ。
生物は、実がついにそのうちの１つにわかり始めるまで、３０億年以上の間、全くその理由を知らずに地球上に存〇していた。",在,"在:exist;outskirts;suburbs;located in",Guess the hidden Kanji,Text
"新しいレストランの食事は特にどうということはない。よくて平〇的といったところだ。
平〇的長さは７時間４５分で、人間の多くが必要とする時間と大して変わらない。
１日で、平〇してどれぐらいの量の宅配ピザを作っているのでしょうか？",均,"均:level;average",Guess the hidden Kanji,Text
"私は世界でもっとも人口が多い島、インドネシア・ジャワ島出身の風来〇です。私は猫をこよなく愛し、コーヒーは私の主食です。
人間は赤ん〇のときは四つんばいで、それから２本の足で歩くようになり、最後は年をとって杖が必要になる。
エバンはまだほんの小さな〇やよ。一体どうして、何をやればいいかなんてわかるのよ。",坊,"坊:boy;priest's residence;priest",Guess the hidden Kanji,Text
"まずは自ら見本を示す。そういった率先〇範の気持ちがなければ誰も君には付いてこないよ。
点 A から直線 BC に下ろした〇線の足を H とする。
ヘリコプターは〇直に離陸し、着陸することができる。",垂,"垂:droop;suspend;hang;slouch",Guess the hidden Kanji,Text
"極端な体〇の人はメンヘラになりやすい。ダイエットなんてしなくても君は十分綺麗だよといってあげれば，治ることだってある（大抵は治らない）。
良い新聞記者は、どんなニュース源からも、つまり、出所不明〇のニュース源からも、学びとれるものはなんでも利用する。
アメリカの典〇的な中流階級に生まれた赤ん坊は、病院から戻ってくると自分用の部屋の自分用のベッドに寝かされる。",型,"型:mould;type;model",Guess the hidden Kanji,Text
"フォークを使う人々は、主にヨーロッパ、北アメリカ、そしてラテンアメリカの人たちで、はしを使う人々は、東アジアの人たちで、指を使う人々は、アフリカ、中東、インドネシア、そしてインドなどの地〇の人たちである。
一つには、西洋人ではない人々が自分たち独自の文化に誇りを持ち始めてきたためと、また一つには、フォークを使わないそれらの地〇は最も高い出生率の地〇を抱えているという理由から、このことは当たっている。
さらにまた、ＲＶ車に乗ってアメリカ中をひたすら旅して、それまで忙しすぎてみることのできなかった地〇を見て回る者もいる。",域,"域:range;region;limits;stage;level",Guess the hidden Kanji,Text
"ホーキングは、その本の〇筆を始めたとき、手で書くことがまったくできなかった。
取締役会は業務〇行に関する意思決定を目的としたものだ。
この小説は、有名なアメリカの作家が〇筆したものです。",執,"執:tenacious;take hold;grasp;take to heart",Guess the hidden Kanji,Text
"大問題といえば、今太っているという事じゃなくて、30キロ軽かった時と同じ調子、〇本的に同じ速さで全てのことをこなしてることなんです。それが、この体に大きなストレスとしてのしかかってるんです。
今は本読んでる方が楽しいな。〇本的にずっと本読みの部類ではあったけど、読まない時期はあんまり読まないんだよね。今はまたたくさん読む波が来ている感じかな。
このゲームは〇本的にキーボードとゲームパッドで動くようになっていますがコンフィグだけはマウスしか操作できません。",基,"基:fundamentals;radical (chem);counter for machines;foundation",Guess the hidden Kanji,Text
"どんなに優雅で〇々とした既存のビルも、今や、その怪物のわきでは、ちょっと滑稽にさえ見えるほど痛ましいまでに小さくなってしまうだろう。
システィナ礼拝〇は、１４７３年にバティカン宮殿内に建立された壮大な礼拝〇です。
「食〇はもぬけの殻だったよ」「もぬけの殻？誰もいないの？」「人っ子一人ね」",堂,"堂:public chamber;hall",Guess the hidden Kanji,Text
"しかし最小労力で中〇校行ける英語力を付ける方法とか、まったく見当もつかん。
神よ、私に貞潔さと〇固さをおあたえください。ですが、いますぐにではなく。
自分が〇く誓ったことは、どんなことがあっても実行しなければいけないよ。",堅,"堅:strict;hard;solid;tough;tight;reliable",Guess the hidden Kanji,Text
"川の水をせき止めるために〇防が建設された。
雨のため水は〇防からあふれて流れた。
〇防が都市を洪水から守ってくれた。",堤,"堤:dike;bank;embankment",Guess the hidden Kanji,Text
"州警察のジャネット・ウェルプ広〇官によれば、そのトラックは州間高速道路３０号線沿いの橋の欄干に激突して止まったとのことです。
公園で酔っ払いが騒いでいると近隣住民から通〇があり、警察官が駆けつけたところ、泥酔し全裸になった草彅が一人でいた。
電車の中で目の前におっぱいが見えても触ってはいけません。触ると痴漢として通〇され，逮捕されるからです。",報,"報:report;news;reward;retribution",Guess the hidden Kanji,Text
"翌朝、トムは猫の死体を時計〇の足元で見つけた―― 絨毯のように潰れていた。
君はあのテレビ〇の高さがどれくらいあるか知っていますか。
ガリレオは二つの鉄の玉を〇のてっぺんから落とした。",塔,"塔:pagoda;tower;steeple",Guess the hidden Kanji,Text
"皆赦し合って仲よく暮らすことだよ。人間は皆不幸なのだからな。皆〇場に行くのだからな。
お〇に参る時は、お線香とろうそく、それからお花を忘れずに持っててね。
トムとメアリーは二人のお母さんのお〇参りのために〇地に行きました。",墓,"墓:grave;tomb",Guess the hidden Kanji,Text
"「馬鹿」という言葉は、悪い言葉だと言われているが、私の成長してきた環〇では、 それほど悪い言葉ではなかったように思う。
この共同住宅は、環〇と健康に配慮した建物。今後、このシステムとノウハウをさらに拡大していきたい。
人生の幸福と成功は我々の環〇いかんによるのではなくて、我々の努力いかんによるのである。",境,"境:boundary;border;region",Guess the hidden Kanji,Text
"これは、結婚に対する人々の見方が変わったことと、１日２４時間あいているファーストフード・ストアやコンビニエンス・ストアが急速に〇加して、若い人たちがもっと気楽に暮らせるようになったためかもしれない。
「そうそう。せめて２階にも〇やして欲しい・・・ってなんでお前がここにいる！？」「なんでって、そんなん決まってるやんか。一緒に連れションするためや」
色々並行してやってるから芥川ばかり読んでるのでもないのだよ。今は英語読んでる時間が〇えてる。ドイツ語も毎日少しずつやってる。",増,"増:increase;add;augment;gain;promote",Guess the hidden Kanji,Text
"「鏡や、鏡、〇にかかっている鏡よ。 国じゅうで、だれがいちばんうつくしいか、いっておくれ」すると、鏡はいつもこう答えていました。「女王さま、あなたこそ、お国でいちばんうつくしい」
ハンプティダンプティ、〇の上に座って、ハンプティダンプティ、ドシンと落ちた。王様の馬のみんなも王様の家来のみんなもハンプティを元に戻せなかった。
昨日さ、メアリーが車を〇にぶつけてバンパーがへこんじゃったんだって。あいつ、何でああも運転が下手なんだろうな。",壁,"壁:wall;lining (stomach);fence",Guess the hidden Kanji,Text
"常に取り〇される危険にさらされているのは、それほど重要かどうか決定しがたい場合である。つまり、実際、芸術的価値や歴史的価値はないかもしれないが、心情的に人々が愛着を持ち、愛するようになった堂々とした昔の建物の場合である。
ユーゴスラビアは、過去３ヶ月にわたって数千人を殺害し、諸都市を破〇して、１３０万人を難民へと追いやったボスニアのセルビア人武装勢力の行動は、同国の責任ではないとしています。
「ねぇ、馬鹿な質問していい？」「何？」「ヘッドフォンが機能しない時って、何ていう？」「『ヘッドホンが〇れた』じゃない？」「えっ。ヘッドフォン？ヘッドホン？」「しらん」",壊,"壊:demolition;break;destroy",Guess the hidden Kanji,Text
"あの腕の立つ若い棋〇は、なかなか大胆だ。わざと、どこからも攻撃されやすいように、しかも陥落されやすいようにみせかけて、相手が最も予期しない時に王手を決める。
宇宙飛行〇は重力を感じないので、どんな方向にも寝ることができる。しかし、体が浮き上がって何かに衝突してしまわないように自分の身を固定しなくてはいけない。
生まれながらの紳〇を特徴づけるのは、何を身につけているかということよりも、むしろどのようにそれを身につけているかということである。",士,"士:gentleman;scholar;samurai;samurai radical (no. 33)",Guess the hidden Kanji,Text
"毎週、CoCo〇番屋に行きました。
それは〇万円と計算されている。",壱,"壱:one (in documents)",Guess the hidden Kanji,Text
"一次リーグで敗退したほとんどのチームは国民を大いに失望させることになった。しかし、ボスニア・ヘルツェゴビナは最終戦に勝利して、民族紛争に明け暮れてきた国民に大きな〇と希望を与えた。
箱を開けると、様々な〇が中から飛び出した。見えなくなるインクで書かれた秘密とか、ものすごい臭いといったものについての〇が飛び出したのだった。
僕の一番の〇は、先生になること。お金持ちになりたいわけじゃないよ。ただ、愛する人にはいい暮らしをさせてあげたいなぁ。それって、虫が良すぎ？",夢,"夢:dream;vision;illusion",Guess the hidden Kanji,Text
"僕はこの詩集がそれを読んだ人たちに忘れられたころ、不意に何ものともわからないしらべとなって、たしかめられず心の底でかすかにうたう〇蹟をねがう。
一人物と馬丁が騎馬で一月一日に牛小屋に至たりました。 だから数〇屋のなかで、可塑物の大口が一つだけあります。
好〇心は虚栄以外のなにものでもない。ほとんどの場合、話すためにだけ、人は知ることを欲する。",奇,"奇:strange;strangeness;curiosity",Guess the hidden Kanji,Text
"風鈴が〇でる涼やかな音は日本の夏の風物詩の一つだが、近年ではただの騒音と捉える人も増えている。
彼がピアノを演〇しているのを聞けば、あなたは彼が８歳の少年だとは決して思わないでしょう。
クリスマスにちなんだ曲が演〇されると、家族連れなどが手拍子をして楽しんでいました。",奏,"奏:play music;speak to a ruler;complete",Guess the hidden Kanji,Text
"トムはその件のことはすっかり忘れたように見えるかもしれないが、心の〇底ではまだ深く傷ついている。
好きな人はもちろんいるけど、片思いなの。だって、その人にはとても素敵な〇さんがいるんだもの。
先日私たちは、間もなくお子さんが生まれる〇さんをお持ちの男性から電話をいただきました。",奥,"奥:heart;interior",Guess the hidden Kanji,Text
"将来のことなんて具体的に考えていない。周りに聞いてもはっきりと答えられる〇なんて少数派という感じだ。何となく本が好きで何となくそういうことでも勉強してみよう、曖昧な気持ちで文学部に入ったという学生が多い。
「ねえ、知ってる？ メアリーがトムと付き合ってるんだって。ありえなくない？ あんなかわいいのにあんな豚みたいな〇と」「おい、そんな言い方するなよ。別に誰が誰と付き合おうと勝手じゃん」
かげでは、二人して僕のことを迂濶な〇、頓馬な〇、助平な〇などあざ笑っているのかも知れないと、僕は非常に不愉快を感じた。",奴,"奴:guy;slave;manservant;fellow",Guess the hidden Kanji,Text
"代わりにPrologではパターンマッチングを巧〇に用いるプログラミングを行います。
いつも〇ちくりんなことばっかり書いてるもんだから、きっとコメントしにくいんだわ！
裏アカに見せかけて、親を安心させるとは、巧〇な手口ね。",妙,"妙:exquisite;strange;queer;mystery;miracle;excellent;delicate;charming",Guess the hidden Kanji,Text
"トム・ジャクソンは〇のメアリーと子供３人、そして愛犬クッキーとオーストラリアのボストンにあるパーク・ストリートに住んでいます。彼はフランス語を話し、３０歳で、１０月２０日には誕生日のお祝いをします。
おはようございます。私の名前はヘンリー・ジョンソンです。歳は35で、カリフォルニア出身なんですが、今は、〇と娘と三人でダラスに住んでます。
母の料理は決して上手とは言えない。味付けも〇の作るものの方が好みには合っている。それでも教わって欲しい。子供の頃に食べた味。",妻,"妻:wife;spouse",Guess the hidden Kanji,Text
"あなたは、スティーブ・ジョブズの〇が「ジューブズ」だったとして、今と同じように成功を収めていたと思いますか？
二人は貧しい百〇でした。持っている土地といえば、わずかに庭ぐらいの大きさのものでした。
家名を嵯峨と改〇したのは明治３年でした。",姓,"姓:surname",Guess the hidden Kanji,Text
"今日は英語苦手な子二人が居残りで単語を覚えているのを見ていたのだが、何回も同じ問題を解きながら、覚えられないのを書き写してものにしていく〇にある種の感動を覚えたわ。
「おじいちゃん、肌着〇でどこいくの？」「ちょっとそこの自販機まで」「おじいちゃん、ここは自分ちじゃないのよ。肌着〇でウロチョロしてたら怒られるから服着てね」
星空を見上げると、音もしないで何匹も蝙蝠が飛んでいる。その〇は見えないが、瞬間瞬間光を消す星の工合から、気味の悪い畜類の飛んでいるのが感じられるのである。",姿,"姿:figure;form;shape",Guess the hidden Kanji,Text
"私たちは、新しいエネルギーを活用しなくてはならない。新しい仕事を創り出さなくてはならない。新しい学校を造り、脅〇に立ち向かい、同盟関係を修復しなくてはならない。
その問題をもう少しわかりやすくしてくれる、どんなことを権〇者が述べているのか知ろうと、私はとてもたくさんの本を読んできた。
利用すべきエネルギー、つくり出すべき雇用、建てるべき学校、対話すべき脅〇、修復すべき同盟がある。",威,"威:intimidate;dignity;majesty;menace;threaten",Guess the hidden Kanji,Text
"「〇のインスタの裏アカを見つけたって喜んでるようじゃぁ、まだまだだね。裏には裏があるから、気をつけてね」「つまり、『いたちごっこ』ってことね」
お姫様ごっこをしていた〇は私のスカートをドレスのように身にまとい、ずるずる引きずりながらこっちに向かって歩いてきた。
〇がハイハイできるようになったんだ。もうかわいくてかわいくて、目の中に入れても痛くないとはこのことだな。",娘,"娘:daughter;girl",Guess the hidden Kanji,Text
"これは、結〇に対する人々の見方が変わったことと、１日２４時間あいているファーストフード・ストアやコンビニエンス・ストアが急速に増加して、若い人たちがもっと気楽に暮らせるようになったためかもしれない。
結〇の利益は、女性の本質を知ることであり、結〇の損失は、女性への幻滅を知ることである。それ故に結〇しない小説家は、未だ女を書くことが出来ない。結〇した詩人は、もはや女を歌うことができない。
「君って、結〇してるの？」「そうよ」「えっ。もしかして子持ちとか」「そうだけど。何か？」「いや、何でもない」「っていうかさぁ『ししゃも』みたいな言い方するの止めてくれる？」",婚,"婚:marriage",Guess the hidden Kanji,Text
"結婚式ではあまりにたくさんのごちそうが出されたので、新郎新〇はもっと多くの人を呼ぶべきだったかなと思い始めた。
あの夫〇は共かせぎしている。だが亭主の給料のほうが女房の給料よりも低い。亭主が女房の尻にしかれるのも当然だ。
結婚生活がうまく行っていない方は結婚式の時におごそかに神の前に誓った、夫〇の誓約を思い出してみましょう。",婦,"婦:lady;woman;wife;bride",Guess the hidden Kanji,Text
"アリストテレスが暴君と君主を区別するのに、前者は自らの利益のために統治を行い、後者は臣民のために統治を行うという事実をもってしたのは本当である。しかしながらアリストテレスの区分によれば、有史以来この世界にはただの一人も君主が〇在したことはないということになる。
誇大妄想狂というのはナルシストと違って、魅力的というよりも力強くありたいと願っており、愛されるよりも恐れられる〇在になりたいと考えている。このタイプには多くの狂人と、歴史的偉人のほとんどが属している。
内容や考え方の多くは言語に依〇しないものではありますが、単語の分かち書きをしない点や統語構造等の違いから、日本語を対象とする場合、いくつか気をつけなければいけない点があります。",存,"存:exist;suppose;be aware of;believe;feel",Guess the hidden Kanji,Text
"飯田太郎の後任として、大原〇一が技術部長として着任したことをお知らせいたします。
親〇行な息子さんがいるから、老後の心配しなくていいわね。
親〇行したいときには親はなし。",孝,"孝:filial piety;child's respect",Guess the hidden Kanji,Text
"「もしもし、田中さんのお〇ですか？」「はい」「携帯の方に何度かおかけしたのですが、繋がらなかったのでご自〇の方へご連絡させていただきました」「ははは。ごめんごめん。携帯料金払ってないんだ」
「もしもし、田中さんのお〇ですか？」「はいそうです」「舞さんいらっしゃいますか？」「失礼ですが......」「あっ、鈴木です。鈴木拓哉です」「あっ、拓哉君？ちょっと待ってね」
「デリバリー」は最近になってちょこちょこ出はじめた言い方、「〇配」が現在主流の言い方、「出前」は昭和の言い方。",宅,"宅:home;house;residence;our house;my husband",Guess the hidden Kanji,Text
"気〇壮大な計画もいいけれど、まずは自分の足元を固めることから始めてほしいよ。
静岡産のお茶と〇治産のお茶では何が違いますか。
たまたま通りで〇野氏に会いました。",宇,"宇:eaves;roof;house;heaven",Guess the hidden Kanji,Text
"〇教にハマっている人たちを見てると，なんかイヤになっちゃうよね。どうしてああいう風に理性的に考えることをやすやすと放棄できるんだろう。
しかし、誰もが、〇教関係者でさえも、その競技に強い興味を抱いていたので、長くはうまくいかなかったのです。
神道も仏教も、日本では〇教と言うよりも日常的な習慣の一種のようになってしまっているのです。",宗,"宗:religion;sect;denomination;main point;origin;essence",Guess the hidden Kanji,Text
"〇返りするジェットコースターに乗ったら、気持ち悪くなっちゃった。
目下のところ、計画は未だ〇に浮いたままです。
トムは後方〇返りのやり方を学んだ。",宙,"宙:mid-air;air;space;sky;memorization;interval of time",Guess the hidden Kanji,Text
"僕が昼飯を喰っている時、吉弥は僕のところへやって来て、飯の給仕をしてくれながら太い指にきらめいている〇石入りの指輪を嬉しそうにいじくっていた。
当たった〇くじの賞金の大半を、ジョンは独り占めにした。〇くじを買おうと最初に思いついたのは彼なのだからというのがその言い分だ。
そのうち読もうと思って買い揃えた世界文学全集も、結局ほとんど読まないまま本棚に飾ってあり、〇の持ち腐れになっている。",宝,"宝:treasure;wealth;valuables",Guess the hidden Kanji,Text
"われわれは気づかない間にしばしば〇伝に影響を受けているということが強調されるべきである。
全員が戦後、連合軍によって投獄され、その後戦犯として死刑か長期の刑期を〇告された。
自然環境の回復を〇伝する組織がリサイクルに力を入れて、植林に貢献しないのは何故か。",宣,"宣:proclaim;say;announce",Guess the hidden Kanji,Text
"フランツ・リストは「交響詩」という概念を創始した。交響詩とは、音楽外の内〇を音楽によって描写するオーケストラ作品のことである。そこでは人々、伝説上の人物、風景、絵画などが描写される。
ここでの討論はおもしろいものでしたし、困惑させるもの、ときにはぞっとする内〇のものもありました。
これらのことは、相手の話の内〇からというよりもむしろその話し方から知られることになるだろう。",容,"容:contain;form;looks",Guess the hidden Kanji,Text
"独りで〇しいんじゃないかと思って、ワインを持って会いに来たんだよ。
あなたがいないとどんなに〇しくなるか、私は全く気付かなかった。
メアリーは一人も話し相手がいないが、〇しいとは感じていない。",寂,"寂:loneliness;quietly;mellow;mature;death of a priest",Guess the hidden Kanji,Text
"「この車、スマートアシストが付いてるって聞いたんだけど、ピコピコうるさいのよ。ほらまたなった。今、私何か悪いことした？」「右に〇りすぎかな」「だったらはっきりそう言ってくれたらいいのにね」
パプアニューギニア近くのカーテレット諸島では、海水が家のまわりにうち〇せているので、すでに家を離れなければならなくなった人たちがいる。
メアリーはトムに詰め〇った。「なんでそんなこと言うの？ うちトムのこと好きって言ったよね？ 好きになっちゃダメだったの？」",寄,"寄:draw near;stop in;bring near;gather;collect;send;forward",Guess the hidden Kanji,Text
"その、ベッドの側に、合成アルミニュームのロボットが人体と——肌と、同じように巧妙に塗料を施されたゴムを〇着して、裸体のまま突立っていた。
最新の報告書には、全世界で〇輸されているコカインの９０％が海路で運ばれており、そのほとんどがスピードボートによるものだと記されている。
禁酒法のしかれていた時代に、酒類〇輸入の悪どい商売を腕ずくで自分の支配下におくために、てき屋たちは、おたがいに殺しあっていた。",密,"密:secrecy;density (pop);minuteness;carefulness",Guess the hidden Kanji,Text
"「母さん、出かけてくる」「どこ行くの？」「大学？」「今、春休みだよね？何しに行くの？」「サークル？」「そんなおしゃれして？」「いいじゃんかぁ、どこでも」「いいけど。後ろ、〇癖ついてるわよ」「まじかぁ」
Ａ ｓｐｏｔ ｏｆ ｓｈｕｔ－ｅｙｅ は、また猫のいねむりともいわれている。猫は１度に２～３分しか〇ない癖があるからだ。
「もう上がって〇なさい」「やだぁ。僕の部屋、幽霊がいるんだもん」「うちには幽霊はいません」「いるよ。僕、見たもん」",寝,"寝:lie down;sleep;rest;bed;remain unsold",Guess the hidden Kanji,Text
"彼女はあらゆるもののあるべき場所を〇分違わず知っていた。
サムは不当にも正式採用となる〇前で、解雇されてしまった。
彼らはロケットがどこに着陸するか〇分違わず知っていた。",寸,"寸:measurement;tenth of a shaku;a little;small",Guess the hidden Kanji,Text
"内科医である父は医学を勉強するようしきりに勧めたが、ホーキングはそれを受け入れず、その代わりに数学と物理学に〇念することにした。
トークライブを〇門とするライブハウスは他にもあるが、ここは特にアングラなラインナップで常連客を集めている。
日本にいたときは、お米を炊く〇用の「炊飯器」っていう機械を使っていたから、鍋で炊くのには慣れてないの。",専,"専:specialty;exclusive;mainly;solely",Guess the hidden Kanji,Text
"過去に陸上自衛隊演習場で行われた〇撃訓練で、砲弾が場外に着弾する事故が起きている。
彼の首を切り終わった後，ボクは自分が〇精していたことに気がついたのです・・・。
放〇性物質が東京をはじめとする日本の各地に広がることが懸念されている。",射,"射:shoot;shine into;onto;archery",Guess the hidden Kanji,Text
"西洋〇棋盤の最初の升目に一粒、二升目に二粒、三升目に四粒の小麦を置き、この通りに最後の升目まで続けてゆけば、全部で１８４４京６７４４兆７３７億９５５万１６１５粒となる。これは大雪山の百倍の高さの山を作るのに充分な量である。
持続可能な開発は、現代の世代が、〇来の世代の利益や要求を充足する能力を損なわない範囲内で環境を利用し、要求を満たしていこうとする理念。
〇来、このような決定がどういう形で実行されるかを見直すことが必要になるかもしれない。",将,"将:leader;commander;general;admiral;or;and again;soon;from now on;just about",Guess the hidden Kanji,Text
"個人主義がより行き渡っている国では、人中での喫煙に対する個人的反対が普通〇重される。
トムによって、メアリー様は利益を約束する略奪の〇師の一つしかありません。
彼は自〇心が強すぎて、他人にものを尋ねることができない。",尊,"尊:revered;valuable;precious;noble;exalted",Guess the hidden Kanji,Text
"そして、とりわ、この国の再建に加わるように〇ねよう、221年間アメリカにおいて行われたきた唯一の方法-硬くなった手で一つずつブロックを積み上げ、レンガを積み上げるように。
自分の仕事や関心事について話し、また相手のそうしたことについて〇ねるのはいいが、話題があまりに個人的なものにならないよう気を付けなさい。
お〇ねしたいのですが、Tatoebaで算用数字を使う時は、半角と全角ではどちらを使った方がいいですか？",尋,"尋:inquire;fathom;look for",Guess the hidden Kanji,Text
"我々は、自分がしていることが何であろうとそれに目的を与えてくれるような目標あるいは指〇的な思想を、今までのいかなる時代にまして、必要としている。
ダビデ王の長男であり知恵に満ちたソロモン王はイスラエルの立派な指〇者として後世に名を残すことに成功した。
我々はこの勇気と私心のない指〇者によって我々はよりよい生活を享受している。",導,"導:guidance;leading;conduct;usher",Guess the hidden Kanji,Text
"あの子の顔も性格も俺好みでさぁ、一目ぼれしちゃって、ずっと一緒にいたいって思ったんだ。で、どうしたらあの子と結ばれるかとか、どうしたら他の奴らがちょっかいを出さなくなるかとかマジ悩んでてさぁ。頼むからさぁ、この恋を成〇させるために力になってくれない？
「トムって、どこに〇職したの？」「運送会社って言ってたよ。大手って言ってたけど、どこかは分かんない」
医者達は彼が死んだと思いましたが、今日彼はまだ生きており、健康で、仕事にも〇いて家族もいます。",就,"就:concerning;settle;take position;depart;study;per",Guess the hidden Kanji,Text
"人間は万物の〇度である。あるものについては、あるということの、あらぬものについては、あらぬということの。
〇八と言えばほとんどが竹製ですが、最近木でできている〇八が出てきました。
米国人は、人が稼ぐ金額をその人の能力を測る〇度にするといわれている。",尺,"尺:shaku;Japanese foot;measure;scale;rule",Guess the hidden Kanji,Text
"世界は完璧じゃない。だからこそ僕たちはベストを〇くすし、だからこそすばらしくなるんじゃないのかな。
その時その時において「ベストを〇くすことで」多くの人の役に立ち使命を果たすことが叶うのです。
君に伝えたいことがたくさんありすぎて、死ぬまで毎日手紙を書いても言い〇くせない気がする。",尽,"尽:exhaust;use up;run out of;deplete;befriend;serve",Guess the hidden Kanji,Text
"〇形氏と話をするのに、ケンは適任だと思います。ただし、プレゼンテーション資料を準備すればの話です。
接〇辞について、１：【-ion】「行動、状態、過程、結果」などの意を表す名詞を作る。
「－osity」は語〇が「－ous」の形容詞から作られる抽象名詞の語〇。",尾,"尾:tail;end;counter for fish;lower slope of mountain",Guess the hidden Kanji,Text
"「山田くん、こんなところで何してるの？」「バイトだよ」「塾のバイトもしてるんだよね？それなのに〇酒屋のバイトもしてるの？」「助っ人として時々ね」
母は、長女が芝〇の研究会にはいっていることは知っていたが、まさか舞台に出るまで深入りしているとは、知らなかった。
わたしの家ばかりでなく、近所の住〇といわず、商店といわず、バラックの家々ではみな草花を植えている。",居,"居:reside;to be;exist;live with",Guess the hidden Kanji,Text
"もし全ての人が同じように感じ、同じように考え、同じように話すとしたら、人生はひどく単調で、死ぬほど退〇なものになるだろう。
労働力の４０パーセントはホワイトカラー労働者であり、その大部分は、退〇でばかばかしいデッチアゲ仕事をしている。
ええ、そうすれば感謝されるということは重々分かっています。だけどそれは僕をこの上もなく退〇させるのです。",屈,"屈:yield;bend;flinch;submit",Guess the hidden Kanji,Text
"返事を待つアリスに向けられたのは突然の咆哮。それは耳を貫かんばかりに鋭く、天に〇かんばかりに大きく響くものでした。
この製品は、２月１５日までにご注文いただければ、３月１５日までにお〇けすることができます。
今日では、ラジオやテレビを通して、大量広告が何百万もの人々に同時にメッセージを〇けている。",届,"届:deliver;reach;arrive;report;notify;forward",Guess the hidden Kanji,Text
"さらに、３点の素描をベルリン国立版画素描館から借用し、１点ずつ各セクションのコンセプトを示す導入作品（ライトモチーフ）として〇示します。
芸術のためといえばどんなことでも許されるのですね。ではハメ撮りも芸術ですから，それを〇示するというのはどうですか。
ほとんどの報道機関は交渉の成果について、進〇はあったものの時間切れで物別れに終わったと報じた。",展,"展:unfold;expand",Guess the hidden Kanji,Text
"会社での人間関係を円滑にするには、同僚ももちろん大切ですが、やはり自分の直〇の上司とうまくやっていくことが一番のポイントになってきます。
他の文化では、ボールには土、穀物、細々とした植物が、またときには金〇片さえもがいっぱいに詰め込まれていたのです。
ゲームカセットの金〇端子が汚れていると、ゲーム機にカセットを差し込んだ時、ゲームが起動しにくくなります。",属,"属:belong;genus;subordinate official;affiliated",Guess the hidden Kanji,Text
"最近ずっと、このお店に通ってます。雰囲気や客〇も良いし、何より落ち着くの。ところで、あなたってここで何年働いてるの？ここで働いてて遣り甲斐を感じる？
その象達は大〇大きな耳を二つ持っているにも拘らず、君の言う事を理解していないというのを知っているのかい。
きらびやかな高〇ビルも、国内最大のテーマパークも、巨大な電車網も、全て真っ暗な世界に消えていった。",層,"層:stratum;social class;layer;story;floor",Guess the hidden Kanji,Text
"なにがしあわせかわからないです。ほんとうにどんなつらいことでもそれがただしいみちを進む中でのできごとなら、〇の上りも下りもみんなほんとうの幸福に近づく一あしずつですから。
私達が〇にさしかかる頃に雨になった。",峠,"峠:mountain peak;mountain pass;climax;crest;(kokuji)",Guess the hidden Kanji,Text
"多くの学生が最高〇の大学群へ入学するために競争する。
日本の最高〇、富士山は高さ３７７６メートルである。
エベレスト山は世界の最高〇である。",峰,"峰:summit;peak",Guess the hidden Kanji,Text
"大西洋上の〇航高度から動力なしで地上へ滑空飛行し、緊急着陸に成功した。
だいたい、この川原の辺りを一〇りするのが、基本的な朝のコースである。
私たちがそこでまた出会ったというのは何とも不思議な〇り合わせだった。",巡,"巡:patrol;go around;circumference",Guess the hidden Kanji,Text
"今日、多くの人々は、〇大な現代社会においては、重要なことで個人にできることは何もないという気持ちをいだいているように思われる。
天の川は、遠方の星が〇大な帯状に見えるものであって、その１つ１つは、われわれの知る太陽に似たものである。
軍備のためにこのような〇額の支出が可能かどうかという問題を考えてみる必要がある。",巨,"巨:gigantic;big;large;great",Guess the hidden Kanji,Text
"忍耐強く事実を覚えていくことが、自〇を表現したり判断を下したりする技術を身につけることにより遥かに大切とされているのである。
世の中には争いの中でしか自〇実現できない人もいるでしょう。僕はそういった人たちを責めたくないんです。
ジョンは実に利〇的で、ややうぬぼれもある。彼は仲良くやっていくにはむずかしい男だ。",己,"己:self",Guess the hidden Kanji,Text
"最近僕の義弟Ｙ砲兵少佐が、三年間の巴里駐在を終へて帰つて来た。数々の土産物を取〇いて、われわれはいろいろな土産話を聴いた。
最近僕の義弟Ｙ砲兵少佐が、三年間のパリ駐在を終えて帰って来た。数々の土産物を取〇いて、われわれはいろいろな土産話を聴いた。
今日のお通しは、蒲鉾を洋風にアレンジした生春〇きです。何も付けずそのままでお召し上がりください。",巻,"巻:scroll;volume;book;part;roll up;wind up;tie;coil;counter for texts (or book scrolls)",Guess the hidden Kanji,Text
"ボールは何でできていたのでしょう。何千年も前には、エジプト人はボールを柔らかい革か〇で作っていました。
妹の趣味はウェブ用のアイコンのデザインで、暇を見つけて作っては自分のサイトで無料で配〇している。
ドラマや映画では、テーブルに突っ伏した人の背中にそっと毛〇を掛けるシーンをよく見かける。",布,"布:linen;cloth;spread;distribute",Guess the hidden Kanji,Text
"カフェで牧〇のグレッグさんは「何を読んでいますか」と尋ねました。 ヴィクトーロさんは「エスペラントの本の『Tra Lando de Indianoj』を読んでいます」と言いました。舞台はブラジルです。
しかしながら、このストライキは平和的ではなく、マーテイン・ルーサー・キング・ジュニア牧〇は労使双方に忍耐と平静さを求めた。
「あ、は、はい・・・ごめん、玲姉」「コラ。幾ら親戚とはいえ、私は先輩医〇よ？院内ではちゃんとケジメをつけなさい」",師,"師:expert;teacher;master;model;exemplar;army (incl. counter);war",Guess the hidden Kanji,Text
"もし、ネイティブ・スピーカーのように発音したければ、「１つの方言」に絞り、練習をしましょう。ネイティブは、たくさんの方言を日〇会話で使いこなすことはありません。
「良い船長というのは、〇に真っ先に船をおりるものさ」と、トムは言う。「だって生きている船長だけが良い船長なのだから」
フレデイはこの一ヶ月というものずっと夜勤だったため、正〇な時間に働いている友人達に会う機会がまるでなかった。",常,"常:usual;ordinary;normal;common;regular;continually;always;long-lasting",Guess the hidden Kanji,Text
"クリストファーコロンブスはある時、ケルベロスという3つの頭を持った冥界の番犬と、自分の〇子しか使わないで戦った。
「この〇子は、どこに納めたらいいですか？」「あそこに丸い箱があります。その中に入れといてください」
ある女性が、〇子をかぶって写っている亡き旦那の写真をカメラマンの元へ持っていった。",帽,"帽:cap;headgear",Guess the hidden Kanji,Text
"大〇な貿易黒字にもかかわらず、貿易収支外の赤字のために計上収支黒字はそれほど大きくない。
大〇な値上げをＯＰＥＣのせいにしようとしたってそうはいかない。とても納得できないね。
カタログを通じて郵便で買い物をすることによって、人々は〇広い商品を選ぶことが出来る。",幅,"幅:hanging scroll;width",Guess the hidden Kanji,Text
"日本語を勉強して嬉しかったのは、字〇なしでドラマが見られるようになったことだ。
〇がまた下りた。美禰子とよし子が席を立った。三四郎もつづいて立った。
日本語の勉強を始めて、ドラマが字〇なしで分かるようになりました。",幕,"幕:curtain;bunting;act of play",Guess the hidden Kanji,Text
"「なんかすごい顔して、どうしたの？」「梅〇し食べたら、めっちゃ辛かった」
彼女をからかわない方がいいよ。３本ビールを飲み〇したところだから。
ただし、〇ばつの時期には湖の水位が大幅に低くなる可能性があります。",干,"干:dry;parch;ebb;recede;interfere;intercede",Guess the hidden Kanji,Text
"きつつきは、長く尖ったくちばしで、木の〇をつついて、中にいる虫を食べます。
労働組合の〇部は賃上げの凍結に反対して、闘っています。
新〇線なら、名古屋から東京もそんなに遠く感じないよ。",幹,"幹:tree trunk;main part;talent;capability",Guess the hidden Kanji,Text
"トム・ミュラーは自身の〇年期から青年期にかけての体験をもとに、3部から成る自伝的小説で彼の代表作でもある『トムとメアリー』を執筆した。
小さいころは、自分が死ねば世界は消えると思っていた。〇稚な妄想！自分はいないのに世界が続くのは許せなかった。
昔は、まだたいへん年齢的に〇いうちに、少年たちは自力で進むことを教えられた。",幼,"幼:infancy;childhood",Guess the hidden Kanji,Text
"長吉は同じようなその冬の今年と去年、去年とその前年、それからそれと〇年も溯って何心なく考えて見ると、人は成長するに従っていかに幸福を失って行くものかを明かに経験した。
女子学寮には非常に小さい駐車場があった。先生と学生の〇人かと学生のボーイフレンドの多くが車を持っていて、駐車する場所をみつけるのがしばしば難しかった。
すべての人をしばらくの間だますことは出来る。また〇人かの人をずっとだましておくことも出来る。しかし、すべての人をずっと騙しとおすことはできない。",幾,"幾:how many;how much;how far;how long;some;several",Guess the hidden Kanji,Text
"どの官〇もお役所主義にはまり込まないで、仕事のスピードアップをはかるという点において問題があるようだ。
気象〇は、東日本大震災のマグニチュードを８．８から、世界観測史上最大級のＭ９．０に修正した。
新たな市〇舎の建設には、景観を損なうものとして市民から反対の声があがっている。",庁,"庁:government office",Guess the hidden Kanji,Text
"「っていうか、あなたは誰なの！？」〇に転がっている俺は無視して、伊織はその少女を問いただしていた。
「こっちに来てひと息いれようよ」「はい。今、厨房の〇を磨いてるんで、終わったらすぐ行きます」
当病院には、免疫力が低下した患者さんを感染から守るため、無菌室を１０〇完備しております。",床,"床:bed;counter for beds;floor;padding;tatami",Guess the hidden Kanji,Text
"〇に、日本でシュークリームと呼んでいる菓子は、英国へ行ってもフランスへ行ってもその名前では通用しない。イギリスでシュークリームを持って来いといったら、靴墨を持って来たというおとしばなしもできているくらいだ。
一般的には、覇権的秩〇というモデルは成功したと認められる交渉ストラテジーすべてに対する説明を与えることはできない。
今時、年功〇列だなんて言っても、若い奴の反発を食うだけですよ。",序,"序:preface;beginning;order;precedence;occasion;chance;incidentally",Guess the hidden Kanji,Text
"十畳と八畳の二間をぶち抜いた〇敷の真ん中に、三つの大きい燭台の灯が気のせいかぼんやりと曇って、庭先の八つ手の葉にさらさらと舞い落ちる雪の音が静かにきこえた。
ハンプティダンプティ、壁の上に〇って、ハンプティダンプティ、ドシンと落ちた。王様の馬のみんなも王様の家来のみんなもハンプティを元に戻せなかった。
「今、行動を起こせ」という、それが伝える実際的な意味に加えて、即〇の行動がなぜ重要であるかという多くの理由をも、言外に示唆していたのであった。",座,"座:squat;seat;cushion;gathering;sit",Guess the hidden Kanji,Text
"時間に縛られた社会では、時は線のように、つまり過去から現在を通って未来に向かって〇びる１本の直線と見られている。
遅〇便については、オリジナルの出発日に基づくシーズナリティを適用するため、マイル差額の払い戻しはいたしません。
日本の安倍晋三首相は、2020年夏季東京オリンピックを〇期せざるを得ないかもしれないと発言した。",延,"延:prolong;stretching",Guess the hidden Kanji,Text
"「トムさんて、背が高くて逞しいのね。こっちにきてキスしてくださらない？」「すんません、勘〇してください。自分、結婚してるんで」
「明日も出勤なんだよね？」「あっ。はい」「お〇当用意しとくからね」「ありがとうございます」
メアリーは、帰りにパンを買うのを忘れないようにと書いたメモを、トムのお〇当箱に入れた。",弁,"弁:valve;petal;braid;speech;dialect;discrimination;dispose of;distinguish;conical cap",Guess the hidden Kanji,Text
"「夏休みの宿題って、何がでた？」「夏休み帳と漢字・計算ドリル、あとは自由工作と絵日記がでた」「お決まりのものだけね。健太は？」「僕は、絵日記はさすがになかったけど、自由研究と読書感想文がでてた。読書感想文とかめんどくさいんだけど」「頑〇って」
「今度、子供たちに英語を教えることになったんだけど、嬉しい反面、緊〇する。上手く喋れるかな」「すごいじゃん。少々失敗しても、ご愛敬ってことで大丈夫よ。自信もって頑〇ってね！」
「やっと着いた」「おかえり。すごい汗ね」「うん。電動自転車に乗ってる奴に追い越されそうになったから、ちょっと頑〇ってみた」「で、どうだったの？」「負けた」",張,"張:counter for bows & stringed instruments;stretch;spread;put up (tent)",Guess the hidden Kanji,Text
"花火の〇ける音が止むと、急に辺りが静かになる。後に残った火薬の匂いが、なんだか俺をセンチメンタルな気分にさせた。
ギターでカントリー・ウエスタンを〇くのは本職のミュージシャンならごくたやすいことだ。
戦場に赴くカメラマンが不発〇の危険性を知らないのは不思議だ、新聞社は教育を怠ってる。",弾,"弾:bullet;twang;flip;snap",Guess the hidden Kanji,Text
"ドキュメントをフランス語に訳すのにフランス語を母国語としない人に頼むのは、水漏れする蛇口の〇理を大工に頼むようなものだよ。
とある映画を文庫化した—いや、映画の為に書かれたシナリオを小説として加筆〇正し、日本語にローカライズしたものだ。
二週間前に水道の〇理を依頼したのにずるずると引き延ばされるだけで、ちっとも来てくれない。",修,"修:discipline;conduct oneself well;study;master",Guess the hidden Kanji,Text
"そのデザイン・ハウスにとって、コンピューター製造にさらに急進的な色〇を導入することは適切な戦略であった。
秋の夜空を〇る「サプライズ花火」は、私たちに笑顔を届けてくれました。
迷〇のショートパンツを履く場合、上は何色のTシャツが合いますか？",彩,"彩:coloring;paint;makeup",Guess the hidden Kanji,Text
"機械式時計の針や、日時計に落ちる〇や、砂時計の中の砂や水がそうであるように、時は我々のために止まってくれはしない。
静かな水が動いて写る〇を乱したように、流れ出したと思ったら、女の眼がぱちりと閉じた。
陽電子放射断層撮〇法では、放射性トレーサーを利用して体内の代謝活動を可視化します。",影,"影:shadow;silhouette;phantom",Guess the hidden Kanji,Text
"少年少女と呼ぶべき年齢の者から、近く大〇生を遂げるのではないかという老齢の者の姿まである。
ずば抜けた着想というのは、〇々にして天啓のごとくヒラメクようだ。
私は病院へ行く途中、交通渋滞にあって立ち〇生してしまった。",往,"往:journey;travel;chase away;let go;going;before;formerly",Guess the hidden Kanji,Text
"インカ族が約四百年前にスペイン人に〇服されたとき、少数のインカ族がクスコを去ってペルーの中心部にあるマチュピチュに行った。
ローマ人がもし始めからラテン語を学んでいたとしたら、世界〇服など不可能だっただろう。
戦車や飛行機は軍隊を打ち破ることはできようが、国民を〇服することはできない。",征,"征:subjugate;attack the rebellious;collect taxes",Guess the hidden Kanji,Text
"その法〇には今後フットボールをしてはならず、そしてこの法〇を破ったものはだれであれ投獄されると書かれていました。
伊勢崎市は６月１９日から、男性職員のひげを禁止したと聞いた。タリバンのひげ強制法〇と正反対ですよね。
というのは、〇法はモーセによって、恵みとまことはイエス・キリストによって実現したからである。",律,"律:rhythm;law;regulation;gauge;control",Guess the hidden Kanji,Text
"通貨、すなわち、当時だれもが用いていた言い方に〇えば、通常の王国法貨を与える代わりに、雇い主は〇業員に代用貨幣をあたえていました。そして、この代用貨幣は金属だったり、木だったり、厚紙だったりしました。
長吉は同じようなその冬の今年と去年、去年とその前年、それからそれと幾年も溯って何心なく考えて見ると、人は成長するに〇っていかに幸福を失って行くものかを明かに経験した。
試験管を壊したり、おもしろ半分に化学製品をあれこれいじって遊んだが、時には、教師の指示になんとか〇って、ずっと以前に他の人々が試みた実験を繰り返すこともした。",従,"従:accompany;obey;submit to;comply;follow;secondary;incidental;subordinate",Guess the hidden Kanji,Text
"今回の金融危機から〇たほかでもない教訓というのは、メーン・ストリート（普通の町の中央通り）が苦しんでいるのにウォール・ストリートだけ栄えるなど、そんなことがあってはならないということ。それを忘れずにいましょう。
日本には、お見合い結婚と恋愛結婚とがあります。お見合い結婚の場合、お互いの家族に釣書を見せ、承諾を〇なければなりません。そのような結婚は、まるでビジネス上の取引関係のようです。
求めよ、さらば与へられん。尋ねよ、さらば見出さん。門を叩け、さらば開かれん。すべて求むる者は〇、たづぬる者は見いだし、門をたたく者は開かるるなり。",得,"得:gain;get;find;earn;acquire;can;may;able to;profit;advantage;benefit",Guess the hidden Kanji,Text
"ボーイング社の安全担当の専門家は航空産業の他の専門家と一緒になって制〇飛行中の墜落（ＣＦＩＴ）として知られている墜落事故をなくそうと国際的な対策委員会を組織している。
この問題集は小学生向けですが、大人でも「あれ？」と頭をひねるような問題が多いので、ぜひ親〇さんも一緒にやってみてください。
また、イエス〇自身で、人のうちにあるものを知っておられたので、人について誰の証言も必要とされなかったからである。",御,"御:honorable;manipulate;govern",Guess the hidden Kanji,Text
"Tatoebaに〇帰してしまった。以前にポストした長文が訳されていたりしてちょっと感動した。また前のようにメールから抜き出してオリジナル例文として投稿するというのをやっていて、今昨年末まで終わったとこ。
チューリッヒからボストンまでは空路で８時間かかるが、〇路は６時間しかかからない。
誕生と死との間を享楽する以外には、この両者に対して回〇の手の施しようがない。",復,"復:restore;return to;revert;resume",Guess the hidden Kanji,Text
"これを最初から正確にやるのは難しいから、まず見当をつけて大雑把にやってから細かい部分を〇調整していかないといけない。
日本文化の文脈の中では当然と思われる〇笑みも、外国人の間では、不気味な笑いとして多くの混乱を生み、また悪評が高い。
蓮くんは察しは良い様だけど、もう少し心の機〇というものを理解出来る様に努力するべきじゃないかしら。",微,"微:delicate;minuteness;insignificance",Guess the hidden Kanji,Text
"よき理論というものは、観察によればだいたいのところ誤りや不正確であるとされるような多くの予言を生み出すという事実によって特〇づけられる。
生まれながらの紳士を特〇づけるのは、何を身につけているかということよりも、むしろどのようにそれを身につけているかということである。
私を騙せると思わないで。あなたの嘘をする能力自体の特〇の一つは、私が信じるには、信じている真似をする必要があるの。",徴,"徴:indications;sign;omen;symptom;collect;seek;refer to;question",Guess the hidden Kanji,Text
"それに、もちろん、話をする人は、普通言葉の他にジェスチャーという、２つの方法によって意〇の伝達をしているのである。
「有〇連合」とは、イラク戦争でイラクを相手に協力して戦った国々のことを指す言葉である。
おそらく円盤の中には誰かがいて、意〇がある。そして、その意思を魔王と呼ぶことにした。",志,"志:intention;plan;resolve;aspire;motive;hopes;shilling",Guess the hidden Kanji,Text
"「あっ、財布にお金入れてくるの〇れたかも」「なぬっ」「まぁ、カードがあるし......。あっ、財布がない。財布、持ってくるの〇れたかも。まぁ、大丈夫かぁ」「はじめから、人の財布を当てにしてただろう？」「違う。違う。本当に〇れたんだって」
「あ、田中さん！」「あっ......！」「元気だった？」「うん。えっと、あっ......！名前ど〇れしちゃった。ごめんなさい。名前なんて言うんだったけ？」「もぉ、国貞よ。国貞恵子」「そうそう、国貞さん。お久しぶり！」
もしあなたが、誰かに期待したほほえみが得られなかったら不愉快になる代わりに、あなたの方からほほえみをかけてごらんなさい。実際ほほえみを〇れたその人ほどあなたからのほほえみを必要としてる人はいないのだから。",忘,"忘:forget",Guess the hidden Kanji,Text
"「お久しぶりって感じね。元気にしてる？」「してる。してる。最近、〇しくてさ、なかなか時間がとれないのよ。今ね、病院の待合室。時間が少しできたからメッセージ書いてみたの」
あなたが〇しいことはわかっていますが、プロジェクトを進めるために、私の最新のメールに対するあなたの返事が必要なのです。返事を書いていただけませんか。
さらにまた、ＲＶ車に乗ってアメリカ中をひたすら旅して、それまで〇しすぎてみることのできなかった地域を見て回る者もいる。",忙,"忙:busy;occupied;restless",Guess the hidden Kanji,Text
"「見て、窓。部長またマインスイーパやってるよ。やることないんなら帰ればいいのにね」「部長も気を使ってるんじゃないの。トラブル対〇してる私たち残して帰るのもな〜って」「にしても、気づかないのかな。見て、また爆弾踏んだよ」
「見てくださいよ、窓。部長またマインスイーパやってますよ。やることないんなら帰ればいいと思いません？」「部長もトラブル対〇してる部下残して帰れないんだよ。部長は部長なりに気を使ってるのさ」「地雷踏みましたよ」
フットボールの試合で、観客はふつうどちらかのチームを熱心に〇援するが、〇援するものの中には勝ち目のあるチームに乗りかえようとするものが少数いる。",応,"応:apply;answer;yes;OK;reply;accept",Guess the hidden Kanji,Text
"ジョージはとても疲れていたので、医者は彼にもっとよく体に気をつけるようにと〇告した。
〇告を与えることは出来るが、行動を起こさせる霊感を吹き込むことは出来ない。
彼の〇告がなかったならば、彼女は飛行機でロンドンへ行かなかっただろう。",忠,"忠:loyalty;fidelity;faithfulness",Guess the hidden Kanji,Text
"我我の行為を決するものは善でもなければ悪でもない。唯我我の好悪である。或は我我の〇不〇である。そうとしかわたしには考えられない。
もっと，私のことを罵ってください！踏まれたりいじめられたりすることに〇感を覚える，私はそういう人種なんです！
「スカイライナー」はゆっくりと動き始め、そして軽〇に速度を上げながら、私たちを東京へと運んで行った。",快,"快:cheerful;pleasant;agreeable;comfortable",Guess the hidden Kanji,Text
"「昨日さぁ、冷蔵庫に入ってたトムのチョコ食べたら、マジ切れされちゃったんだけど、そんなに〇らなくてもいいと思わない？」「冷蔵庫のって、あのピンクの箱に入ったやつ？」「そうそう」「そりゃぁ、〇るわよ。あれ本命にもらったチョコだもん」「マジで？」
〇りっぽい人は１０まで数えるようにすべきだ。そうすれば油が風波をしずめるように、むしゃくしゃした気持ちはおさまる。
この間、ブーツはいてる女の子に「その長靴みたいなのいいね」って言ったら「長靴っていうな！」って〇られた。",怒,"怒:angry;be offended",Guess the hidden Kanji,Text
"今の文学青年はセンチメンタルになることを〇れている。これも傷つけられるのを〇れる一種のさもしい心のあらわれかも知れない。
ベンヤミンは優れた芸術作品を前にして人が経験するであろう畏〇や崇敬の感覚を指して「アウラ」という語を用いた。
「目の手術とか〇い」「そんなこと言ってる場合じゃないでしょ。このままじゃ失明するかもしれないんだよ」",怖,"怖:dreadful;be frightened;fearful",Guess the hidden Kanji,Text
"女〇は沈黙させられ、女〇の希望は否定されていた時代にあって、クーパーさんは生き続け、女〇が立ち上がり、声を上げ、そしてついに投票権に手を伸ばすのを目撃したのです。Yes we can。私たちにはできるのです。
思考と発話とが相互依存することからわかるように、言語は、既成の事実を捉えるための手段というよりも、未知なる真実を見つけ出すための手段である。その多様〇は、音声や記号ではなく世界観の多様〇なのだ。
宗教にハマっている人たちを見てると，なんかイヤになっちゃうよね。どうしてああいう風に理〇的に考えることをやすやすと放棄できるんだろう。",性,"性:sex;gender;nature",Guess the hidden Kanji,Text
"「〇人にさよならのキスくらいしないと、キスしてあばよ、ということになるぞ」とトムは言ったが、それは「〇人に別れのキスくらいしないと、これが今生の別れになるぞ」という意味だった。
「なんで別れちゃったの？」「私はトムのことがほんとに大好きだったんだけど、トムにとって私は〇人っていうよりやっぱり友達って感じだったんだって」
トムに初めて会った時、トムってお金持ちなんだと思ったんだけど、単に見え張ってるだけだってわかったら、急に〇心も冷めちゃった。",恋,"恋:romance;in love;yearn for;miss;darling",Guess the hidden Kanji,Text
"その答えは、何かを達成できることなど冷笑し、〇れ、疑えとあまりにも長い間、多くの人から言われ続けてきた人々を、歴史の円弧に手をかけて向きを変え、もう一度、より良い明日のための希望へと導くものだ。
我我はしたいことの出来るものではない。只出来ることをするものである。これは我我個人ばかりではない。我我の社会も同じことである。〇らくは神も希望通りにこの世界を造ることは出来なかつたであらう。
ますます多くの家がコンクリートで作られるようになり、コンクリートの家は木造の家屋ほど簡単には燃えないため、火事は今は以前ほど〇ろしいものではなくなっている。",恐,"恐:fear;dread;awe",Guess the hidden Kanji,Text
"太陽に最も近い〇星となるプロキシマ・ケンタウリは、連星系アルファ・ケンタウリに属していると、多くの天文学者は推測している。
「地球から一番近い〇星は何でしょう？」「ケンタウルス座のα星」「ブッブー！ 正解は太陽でした」
イングランドとスコットランドの間の〇常的な国境戦争は終わった。",恒,"恒:constancy;always",Guess the hidden Kanji,Text
"〇ずかしげもなく俺すごい発言してくる人、褒めてる女の子たちがみんなお世辞で言ってるの分かってないのかなあ。
死ぬ前には遺書のほかにラブレターも書きたい。どんな〇ずかしいこと書いてももう〇ずかしがらずに済むから。
アメリカ人は〇ずかしがり屋の人々を〇ずかしがりやではない人々よりも能力が低いと見なすかもしれない。",恥,"恥:shame;dishonor",Guess the hidden Kanji,Text
"オーストラリア人は全体として政治システムが安定していることによる〇恵に満足している。
小説家や詩人といった物書きは、科学の進歩の〇恵をあまりうけていないように思われる。
友達にも、親戚にも、旧友にも、〇師にも、最愛のペットにも、誰にも会えなくなった。",恩,"恩:grace;kindness;goodness;favor;mercy;blessing;benefit",Guess the hidden Kanji,Text
"「あ、田中さん！」「あっ......！」「元気だった？」「うん。えっと、あっ......！名前ど忘れしちゃった。ごめんなさい。名前なんて言うんだったけ？」「もぉ、国貞よ。国貞〇子」「そうそう、国貞さん。お久しぶり！」
情報は知識ではなく、知識は知〇ではなく、知〇は真実ではなく、真実は美ではなく、美は愛ではなく、愛は音楽ではない、音楽こそが最上だ。
幸運に〇まれず、飛行機の操縦に明るくなかったならば、リンドバーグは大西洋横断飛行に成功することはできなかっただろう。",恵,"恵:favor;blessing;grace;kindness",Guess the hidden Kanji,Text
"こういうと一部の人たちには、ピンとこないかもしれないが、私はサラリーマンのままでいるほうがいい。収支を償わせることで、頭を〇ます必要がないからだ。
〇んでしまう今の自分になってしまった原因を「過去の出来事や親や人のせい」だと考えると、自分ではどうしようもなくてくよくよしてしまう。
例えば仕事に行き〇んだり、家庭内のもめごとに〇んだりしているときに、 高血圧や胃、十二指腸潰瘍などが起こってきます。",悩,"悩:trouble;worry;in pain;distress;illness",Guess the hidden Kanji,Text
"私は悲しく感じることが好きである。私はたいていの人は、いかなる悲しみの感〇も避けようとすることを知っている。しかし、私はそれは間違っていると思う。
この世で、いくら受けても受けすぎることはなく、いくら与えても与えすぎることのない唯一のものは愛〇である。
お互に恋愛のできないやうな男女が、なんの必要から友〇関係を結ぶのか、筆者にはさつぱりわからんのである。",情,"情:feelings;emotion;passion;sympathy;circumstances;facts",Guess the hidden Kanji,Text
"この国の私たちは、ひとつの国として、ひとつの国民として、共に栄え、共に苦しむのです。この国の政治をあまりにも長いこと毒で満たしてきた、相変わらずの党派対立やくだらない諍いや未熟さに再び落ちてしまわないよう、その誘〇と戦いましょう。
人が何かを始める時、 かならず戸〇いがある。 初めての教室に入る時、 初めて車で道に出る時、 初めてバイトをする時、 初めて誰かに好きだという時。 人生の中に「初めて」は、 たくさんある。
木星の周辺を回っているもっと小さな〇星を見てケプラーは、外出中の王の回りを取り囲む護衛を思いだしたので、それを衛星と名付けたのだ。",惑,"惑:beguile;delusion;perplexity",Guess the hidden Kanji,Text
"植民地主義の支配下で、多くの人々が長期にわたって抑圧と〇めさに苦しんだ。
その事故の映像は思わず目をそむけたくなるほど凄〇なものだった。
町で起こっていたら、その事故は〇事を引き起こしていただろう。",惨,"惨:wretched;disaster;cruelty;harsh",Guess the hidden Kanji,Text
"小学時分は、心から、先生をえらい人だと思っていたから、先生の〇度、教訓で、動かされたが、中学は、一つのビジネスにすぎなかった。
彼は、何一つ役に立つ事はせずに、相変わらず不平ばかりたれているので、ついに私は〇度をはっきりしろと言わざるをえなかった。
彼は初めてヘルスクラブに行ったときには一所懸命だったが、何ヶ月後、まじめな〇度を失って、結局、ヘルスクラブを辞めた。",態,"態:attitude;condition;figure;appearance;voice (of verbs)",Guess the hidden Kanji,Text
"女子の典型的な夏のカトリック学校の制服は、半袖のブラウスとキルト（チェックスカート）またはキュロットで構成され、時には〇み深さのためにキルトの下に着用する短パンが加わることもある。
計画を立てる前に、あまり〇重にしすぎると、計画そのものが、ひっくり返ることも、時にはあり得るだろう。
しかし「すでにフランス語は出来ますよ」みたいな口ぶりは〇まなければいかんな。ぺーぺーなのに。",慎,"慎:humility;be careful;discreet;prudent",Guess the hidden Kanji,Text
"歯医者さんに行ったらさ、「痛かったら、手を上げてください」って言うから、正直に手を上げたら「ちょっと我〇して」って流されたんだけど、あれって何の意味があるのかな？
しばらくプータローしていて、迷ってたんです。勢いで辞表出しちゃったけど、本当は我〇して続けるべきだったのかな、って。
正月太りが解消されないから、我〇しようと思ってはいるんだけど、ついついチョコに手が伸びちゃうのよね。",慢,"慢:ridicule;laziness",Guess the hidden Kanji,Text
"彼はこういうレストランに〇れていないのだろうか、何かとまごまごしていたが、わたしもあまり〇れた感じを出さないように気をつかった。
「パリでの生活はどう？」「そうだなあ、フランス語を話すのにまだ〇れてないから、なんだか赤ちゃんになったみたいな気分」
これは年来の習〇でしょうが、わたしは自宅にいる場合、飯を食うときのほかは机の前を離れたことは殆どありません。",慣,"慣:accustomed;get used to;become experienced",Guess the hidden Kanji,Text
"私はムスリムではないので断食を守る義務はないのだが、同じアパートで暮らす以上、そうした慣習に配〇することは大事なことだ。
さらに質問がございましたら、どうぞご遠〇なくフリーダイヤル０１２０—００—００００までお電話下さい。
このタイミングで、その話を持ち出すのは、周りに対しての配〇がかけていると言わざるを得ない。",慮,"慮:prudence;thought;concern;consider;deliberate;fear",Guess the hidden Kanji,Text
"戦争は軽々しくするものではないし、〇法を改正するのも「戦争したくてしょうがない」わけではない。
アメリカには〇法上の抑制と均衡という入念な制度がある。
学生たちは、〇法を暗記するようにいわれました。",憲,"憲:constitution;law",Guess the hidden Kanji,Text
"幸福人とは、 過去の自分の生涯から、満足だけを記〇して居る人々であり、 不幸人とは、それの反対を記〇して居る人々である。
速い速度でよく理解して本を読むことができれば、たぶん読んだことをたくさん記〇することが容易にできるでしょう。
「レバノン料理って食べたことある？」「うん。一回しか食べたことないけど、すごくおいしかった記〇がある」",憶,"憶:recollection;think;remember",Guess the hidden Kanji,Text
"そして今夜、彼女がアメリカで100年にわたって見てきた全てのものについて考えています。悲嘆や希望、もがきや前進、出来やしないと言われた回数、そしてあのアメリカ的信条を掲げて前進した人々、そう〇々はできる、という。
〇〇はしたいことの出来るものではない。只出来ることをするものである。これは〇〇個人ばかりではない。〇〇の社会も同じことである。恐らくは神も希望通りにこの世界を造ることは出来なかつたであらう。
「さっきの授業、寝てたでしょ」「うん。〇慢できなくてね。先生気づいてそうだった？」「それは、大丈夫そうだったけど、思いっきり船漕いでるから、男の子たち笑ってたよ」「うわっ。その方が嫌かも」",我,"我:ego;I;selfish;our;oneself",Guess the hidden Kanji,Text
"今年新入で入ってきた田中ってさ、給料が少ないからって新聞配達のバイトしてたのがばれてさ、〇告処分になったらしいよ。
事故当時に航行を直接指揮していたコーエン哨〇長の行動が最大のポイントとなる。
〇告処分となった田中君のボーナスは、当然のことながら減給されました。",戒,"戒:commandment",Guess the hidden Kanji,Text
"シェイクスピアは、その〇曲が世界的に有名だが、約４００年前の人である。
「ハムレット」はこれまでで最もおもしろい〇曲だと言われている。
生粋のお嬢様だからな。残念ながら悪〇とかじゃなくてあれで素だ。",戯,"戯:frolic;play;sport",Guess the hidden Kanji,Text
"ほ〜れほれほれ，わしにその乳を見せてくれんかの。ん？もちろんタダとは言わん。この〇子が欲しいんじゃろ？
これは〇子といって、こうやって開くんです。夏の暑い日に使うんです。
暑くなってきたから〇風機の手入れしないとな。",扇,"扇:fan;folding fan",Guess the hidden Kanji,Text
"「ゼミのプレゼン、トップ合格したよ」「ぶっつけ本番でやったやつ？」「うん。なんかね、内容が具体的だったんだって。よかった。留年免れた」「よかった。いらん授業料、〇わずにすんだ」
闇は、闇で追い〇うことはできない。光だけがそれを可能にする。憎しみは憎しみで追い〇うことはできない。愛だけがそれを可能にする。
しかしながら、日本の高校で私の注意を最も引いたのは、先生に対して生徒が多大な敬意を〇っているということでした。",払,"払:pay;clear out;prune;banish;dispose of",Guess the hidden Kanji,Text
"パワーリフティングは高重量を〇える種目であるスクワット、ベンチプレス、デッドリフトの3種目の最大挙上重量の総計を競うスポーツである
日本語を〇う場合にも応用できるように、訳者のひとりである萩原正人が、日本向けに原書にはない12章を書き下ろしました。
人を〇うさいには、どちらにも、それとかわらないようにして、善人と悪人を区別するようにするほうが賢明であろう。",扱,"扱:handle;entertain;thresh;strip",Guess the hidden Kanji,Text
"小説家が嘘を言っても非道徳的と〇判されることはありません。それどころか、その嘘が大きければ大きいほど、うまい嘘であればいっそう、一般市民や〇評家からの称賛が大きくなります。
結局のところ、何をやろうと受け入れてくれる人もいれば、〇判する人もいて、叩かれることを恐れていては何も始まらない。
意思の弱い人は〇判の的になる。だから友達でさえも、その欠点を直せるものならと思っていじめようとするだろう。",批,"批:criticism;strike",Guess the hidden Kanji,Text
"日本には、お見合い結婚と恋愛結婚とがあります。お見合い結婚の場合、お互いの家族に釣書を見せ、〇諾を得なければなりません。そのような結婚は、まるでビジネス上の取引関係のようです。
当店では、お弁当の予約注文も〇っております。営業時間内であればいつでもお電話ください。お待ちしております。
騙されやすい人はたえず生れてくるといった人があるが、詐欺師は、いずれも、このことを〇知している。",承,"承:acquiesce;hear;listen to;be informed;receive",Guess the hidden Kanji,Text
"ノルディックコンバインドは冬季スキー競〇スポーツの一つで、クロスカントリースキーとスキージャンプという二つのノルディックスキー競〇を組み合わせて競う競〇のことである。
マラソン競〇に初めには、何十人もの選手が出発するが、ゴールまでくるのはごく一部の選手であり、優勝するのはたった一人である。
元来フットボールとは、ポロのように馬に乗って行われる競〇とは違って、足で、ボールを使って行われる競〇のことでした。",技,"技:skill;art;craft;ability;feat;performance;vocation;arts",Guess the hidden Kanji,Text
"マーテイン・ルーサー・キング・ジュニアは、不正に対して戦った最初の〇議運動で勝利を収めた。しかも、平和的にである。
マーテイン・ルーサー・キング・ジュニアは、平和的に〇議の意志を表明するように、黒人市民を説得した。
キング牧師は、それに続く数年間にわたって、アメリカ中で行われた〇議運動やデモを指導した。",抗,"抗:confront;resist;defy;oppose",Guess the hidden Kanji,Text
"その医師は内科医として、瀕死の子供の生命を救うために、できることはなんでもしたばかりか、危機を切り〇けるために自分の血を提供までした。
そういやぁ、庭の草〇きしないといけないんだった。やだなぁ。まぁ、しなくても死ぬわけじゃないし、また思い出すまで忘れてたことにしよっと。
弁護士というものは、苦境を切り〇けるために、ささいな点についても徹底して調べ、同じことを反覆して調べてみることが大切である。",抜,"抜:slip out;extract;pull out;pilfer;quote;remove;omit",Guess the hidden Kanji,Text
"「あっ、可愛いワンちゃん。名前は何て言うんですか？」「ポチよ」「ポチ！お手。お手」「お手ね、まだできないのよ」「そっかぁ。〇っこしてみてもいいですか？」「どうぞ」
「わぁ、可愛い赤ちゃん。お名前は何て言うんですか？「理那よ」「理那ちゃん、いないいないばあっ！あっ、笑った。〇っこさせてもらってもいいですか？」「どうぞ」
トムは自分がもうすぐボストン行きの列車に乗らなければいけないとわかっていたから、プラットフォームであんなに激しくメアリーを〇きしめたんだ。",抱,"抱:embrace;hug;hold in arms",Guess the hidden Kanji,Text
"大〇の学芸は、最初に基礎をしっかりやっておかないと、その先スムーズに身に付けることができません。
トムはいつも６時半ぐらいに起きるんだけど、大〇７時になるまでベッドから出てこないよ。
外国語を学ぶ一番良い方法は、ネイティヴスピーカーから学ぶことだと、大〇の人が言う。",抵,"抵:resist;reach;touch",Guess the hidden Kanji,Text
"ＥＵで買った品物を使わないで、店から得た付加価値税金還付フォームを税関に〇されてもらって、三か月以内日本に帰るのは、タックスフリーの条件であります。
僕が学校から帰ってくると、〇入れから物音が聞こえたので、飼い猫のチロかと思ってガラッと戸を開けたら、知らない男の人が中にいた。
玩具も、何も無いから、私は、チョークを買ってもらって、それで、〇入の板戸へ、絵や、字を書き出した",押,"押:push;stop;check;subdue;attach;seize;weight;shove;press;seal;do in spite of",Guess the hidden Kanji,Text
"東京大学理学部生物化学科・生物情報科学科3年生の学生実習を〇当します。修飾siRNAによるオフターゲット効果を調べるため、マイクロアレイのデータを情報基盤センターのiMac端末で解析します。
オバマ大統領が国賓として来日したのを機に、日米の通商〇当高官が深夜から明け方にかけて長時間にわたる交渉を断続的に行った。
彼は絶対にその謀議に加〇していなかった。反政府の悪だくみがあったのは、彼ではなくて、その兄だった。",担,"担:shouldering;carry;raise;bear",Guess the hidden Kanji,Text
"クリスマスにちなんだ曲が演奏されると、家族連れなどが手〇子をして楽しんでいました。
この意見に、宇宙人たちは、パチパチと、それぞれすべての手で〇手して賛成した。
こういう曲好き。っていうか5〇子の曲って無条件に好きなんだよね。",拍,"拍:clap;beat (music)",Guess the hidden Kanji,Text
"アメリカでは、すべてが可能であることを疑い、我々の開〇者の頃の夢が現代に生きているかを怪しみ、民主主義の力に疑問を呈する人がまだいるなら、今夜がその答えだ。
もしも、私どもの製品の新しい市場を開〇していただく助けになるのでしたら、５％の値引きに応じます。
進路を開〇するという同じ目標を持った仲間同士が協力する。",拓,"拓:clear (the land);open;break up (land)",Guess the hidden Kanji,Text
"私は行きたくなかったのだが、あんまり彼女が親切にしてくれるので〇待を受けざるをえなかった。
トムとメアリーは、テストで全く同じ回答を書いてしまったため、先生の疑惑を〇いてしまった。
「トムを遊園地に〇待したよね？何て言ってた？」「忙しいからダメって。ノリ悪いよな〜」",招,"招:beckon;invite;summon;engage",Guess the hidden Kanji,Text
"「こんにちは」「あら、お義父さん、突然どうされたんですか？」「孫の顔が見とうなって、孫の顔を〇みに来たよ」「そうなんですね。もう少ししたら帰ってくるんで、どうぞお上がりください」
システィナ礼〇堂は、１４７３年にバティカン宮殿内に建立された壮大な礼〇堂です。
観客は手のひらを合わせて〇むような仕草をして、無言で試合の行方を見守っている。",拝,"拝:worship;adore;pray to",Guess the hidden Kanji,Text
"ケニアのファッション業界で独自の市場を切り開くことに成功した、ナイロビを〇点とするファッションデザイナーは、多くの小事業主が「高品質の製品を手頃な価格で」手に入れられることに満足していると述べた。
政府官僚は、中国の学生が無意識の内にウイルスを運ぶ媒体になってしまっている可能性があるという見地に対し、それを支持できる根〇はないと表明している。
ハリソンがこの作品をパロディとして意図していなかったという証〇は、エヴァンズ夫人へ当てた手紙に見ることができる。",拠,"拠:foothold;based on;follow;therefore",Guess the hidden Kanji,Text
"これは、バグじゃないんです。ドキュメント化されていない機能〇張なんです。
中国衛生当局は、コロナウイルス〇大を阻止するための措置をとっている。
科学者たちはエイズ・ウイルスの〇散をくい止めようと戦っています。",拡,"拡:broaden;extend;expand;enlarge",Guess the hidden Kanji,Text
"世界ジオパークは、地層、岩石、地形、火山、断層など、地質学的な遺産を保護し、研究に活用するとともに、自然と人間とのかかわりを理解する場所として整備し、科学教育や防災教育の場とするほか、新たな観光資源として地域の〇興に生かすことを目的とした事業です。
私は巴里滞在中、二三の画家諸君と識り合ひになり、ちよいちよいアトリエを訪ねるやうなこともあつたが、いつでもその仕事〇り、生活〇りに多大の興味を惹かれた。
私はパリ滞在中、二三の画家諸君と知り合いになり、ちょいちょいアトリエを訪ねるようなこともあったが、いつでもその仕事〇り、生活〇りに多大の興味を惹かれた。",振,"振:shake;wave;wag;swing",Guess the hidden Kanji,Text
"革命政府は、民衆から兵をつのって防戦するとともに、共和政治を確立して、〇らえていたルイ１６世を処刑しました。
川魚の中には、天然記念物等に指定され保護されているものがいます。〇ったり、購入したりすることもダメです。
少年は戸口に立って、あとを見送りながら、今日は、とうとう〇まっちまった、と、諦めました。",捕,"捕:catch;capture",Guess the hidden Kanji,Text
"「明美さんからのこのラブレターどうする？こんなにあるけど」「〇てていいよ」「あっ、分かった。じゃぁ、一通り目を通したら〇てるね」「ぷっ。貸せっ。俺が〇てる」
Kindleもらったツレからメールが返って来ない。語学の進捗とか実にどうでもいいことしか書かないので、断〇離されてしまったようだ。
トムは自分の古いビデオデッキを〇てずに売ろうとしたが、誰も買ってくれなかったので結局〇てることになった。",捨,"捨:discard;throw away;abandon;resign;reject;sacrifice",Guess the hidden Kanji,Text
"「さっきの〇業、寝てたでしょ」「うん。我慢できなくてね。先生気づいてそうだった？」「それは、大丈夫そうだったけど、思いっきり船漕いでるから、男の子たち笑ってたよ」「うわっ。その方が嫌かも」
先生、ごらん下さい。ヨルダンの向こうであなたと一緒にいたことがあり、そして、あなたがあかしをしておられたあのかたが、バプテスマを〇けており、皆の者が、そのかたのところへ出かけています。
学部2年の終わりに教〇に「君にとってこれが文学だという作品は何かな」と聞かれたことをしょっちゅう思い出す。今なら少しはまともなことが言えるかなあ。",授,"授:impart;instruct;grant;confer",Guess the hidden Kanji,Text
"良く晴れたある春の日に、ジャンが裏庭の砂場を〇っていると、小さな箱を見つけた。箱の中にはぴかぴかの飛び出しナイフが入っており、不思議な刻印が入れてあった。
それは、5ドルや10ドルや20ドルといったごくわずかの貯金を〇り起こした働く人々によってたてられたのだ。
喉が渇いた時になって漸く井戸を〇り始めるものは弱り果てて死ぬよりほかにない。",掘,"掘:dig;delve;excavate",Guess the hidden Kanji,Text
"「『菜種油』って『アブラナ』から〇れるんだよね？」「たぶん」「じゃぁ、『アブラナ』と『菜の花』って、一緒なんだっけ？」「一緒なんじゃない？」
彼らは自分たちの新しいコンセプトを広めるためにあるコミュニケーションポリシーを〇用した。
彼の試験を〇点する前に、彼が病気だったことを考慮に入れなくてはならない。",採,"採:pick;take;fetch;take up",Guess the hidden Kanji,Text
"日本人は出来るだけ自分と同じような結婚相手を選んだり、安定と、ゆっくりではあるが着実な昇進とを保証する職業を〇したり、銀行に貯金したりすることを好むように見える。
日本人とアメリカ人との重要な違いの一つは、日本人が安全な人生のコースを選ぶ傾向があるのに対して、アメリカ人は人生を〇求し、それに挑戦したがることである。
「どのような物件をお〇しですか？もしよろしければお伺いしますが」「WiFi付きがないかなと思って」「それでしたら、こちらなどいかがでしょう？」",探,"探:grope;search;look for",Guess the hidden Kanji,Text
"すなわち、その路線が通る土地の所有者の意向、他の町や村の便宜をはかるために、あるいは他の路線との〇続をはかるために迂回することのメリットなどである。
古い友人にメールを送った。ずっとご無沙汰していて、２年ほど前に一度〇触したがまたすぐ連絡しないようになった。返事はまだ来ない。少しドキドキする。
自分の作った例文がさまざまな言語に訳されて、間〇的に他の言語の学習者の役にも立つことになるというのが、タトエバの醍醐味の一つです。",接,"接:touch;contact;adjoin;piece together",Guess the hidden Kanji,Text
"授賞理由として、国際外交の〇進や各国国民の間の協力関係強化に甚大な努力を示していると評価した。
生産能力の資料としての資本ストックデータの〇計を行うことが生産性の〇定において求められる。
彼女のイントネーションから〇すに少女時代はスペイン語圏に住んでいたと思われる。",推,"推:conjecture;infer;guess;suppose;support;push (for)",Guess the hidden Kanji,Text
"ミケランジェロがシスティナ礼拝堂の天井に人物画を〇けるように、シェークスピアがセリフを書けるように、キーツが詩を書けるように、そうしたことのために無数の人々が生きて、苦しんで、死んだのはそれだけの価値があることのように思えたのだった。
さらに、３点の素〇をベルリン国立版画素〇館から借用し、１点ずつ各セクションのコンセプトを示す導入作品（ライトモチーフ）として展示します。
十分な情報を受け取ることができなかったという理由も一部にはあって、ハーパーの〇写は不完全なものにとどまっている。",描,"描:sketch;compose;write;draw;paint",Guess the hidden Kanji,Text
"君達は自分の〇案が最高にいいと思っているのだろうけど、僕から見れば、五十歩百歩としか思えないけどね。
話し合いのもとにするために、ミーティングに先立ち、皆様からいただいた〇案をとりまとめてみました。
この〇案は、２７の企業から４０人が参加した１２月１７日のＤＣＡの電話会議の結果によるものです。",提,"提:propose;take along;carry in hand",Guess the hidden Kanji,Text
"「爺さま、どうだった？」「ぼちぼちね。でも、先生が『手を〇ってください』って言ったらちゃんと〇るらしいから、言われてることはわかるみたい。元気になってくれるといいんだけど」
ペパーバーグは同じような方法を用いることによって、アレックスが、単に言葉の音だけでなく、意味も把〇するのに役立つと期待した。
旦那の好きなおにぎりは変わっている。ご飯に何も味を付けないかつおぶしを一袋混ぜて、手に塩をして〇る。",握,"握:grip;hold;mould sushi;bribe",Guess the hidden Kanji,Text
"「陸に上がった河童」とは環境が変わったために能力を発〇できずにいることのたとえです。
事故当時に航行を直接指〇していたコーエン哨戒長の行動が最大のポイントとなる。
それだけめんど臭い感じを発〇しつつ、好かれようってのがよくわからん。",揮,"揮:brandish;wave;wag;swing;shake",Guess the hidden Kanji,Text
"６年間の思い出を胸に、僕たち私たちは今日タトエバ小学校を卒業します。僕たちをいつも応〇してくれたお父さん、お母さん。私たちを支えてくださった、先生方。本当にありがとうございました。
フットボールの試合で、観客はふつうどちらかのチームを熱心に応〇するが、応〇するものの中には勝ち目のあるチームに乗りかえようとするものが少数いる。
私はブラジル人ですが、祖父がパリで生まれ、私の苗字がフランス系なのと、私自身フランスが大好きなので、フランス代表チームを応〇しています。",援,"援:abet;help;save",Guess the hidden Kanji,Text
"海抜の低い土地は水浸しになるだろう。このことは、人々が住むところがなくなり、農作物は塩水によって〇害を受けることを意味する。
タトエバに最も深刻な〇害をもたらす行為は、正しい訳のついている正しい文に変更を加えることである。
やりがいはあるけれどもリスクと労働時間を考えると・・・、ものすごく〇な商売なのかもしれませんね。",損,"損:damage;loss;disadvantage;hurt;injure",Guess the hidden Kanji,Text
"クリスマスの数週間前、トムは右足を骨折し、病院に〇送された。
光ファイバーケーブルは膨大な量の情報を〇送できる。
椅子とかテーブルとかの〇入はどうするの？",搬,"搬:conveyor;carry;transport",Guess the hidden Kanji,Text
"暑い中、ランニングをしてたら、急に暑さを感じなくなってきたんだけど、気温は変わってなかったんだ。後でコーチに指〇されて分かったんだけどね、実はそれは熱中症の初期症状だったんだよ。
どこの国でも、何時の時代でも、子供は親の価値観を見習って育つものである。いわゆる「教育ママ」の教育に対する考え方が、子供を精神的にいびつに育ててしまっていると指〇する声もある。
エメット理論の妥当性について再検討する必要があることを指〇しなければならない。",摘,"摘:pinch;pick;pluck;trim;clip;summarize",Guess the hidden Kanji,Text
"「おかしいよね。予定では今頃みんなＵＦＯを目〇して、一丸となって研究してるはずだったんだけどさ」「目〇からしてアリエネー」
最近、市内において猪の目〇情報が増加しています。危険ですので、猪を見かけても近づいたりしないでください。
〇ち合いが少し静まったとき、パパが走ってフラットに行って、私たちにサンドイッチを持ってきてくれたわ。",撃,"撃:beat;attack;defeat;conquer",Guess the hidden Kanji,Text
"大学時代の友達がもう使っていないというのでKindleをくれた。DXという画面の大きいモデルだ。〇作性は良くないが、画面に関してはなるほどいいもんだ。今まではそう気にならなかったが、もはや普通の液晶画面で物を読むのが辛い体になってしまった。
マウスとキーボードを行ったりきたりするのが煩雑なので、キーボードのみで〇作できるようショートカットキーはないのでしょうか？
このゲームは基本的にキーボードとゲームパッドで動くようになっていますがコンフィグだけはマウスしか〇作できません。",操,"操:maneuver;manipulate;operate;steer;chastity;virginity;fidelity",Guess the hidden Kanji,Text
"こういうと一部の人たちには、ピンとこないかもしれないが、私はサラリーマンのままでいるほうがいい。収〇を償わせることで、頭を悩ます必要がないからだ。
そして時折私が仕事と育児を両立させようという試みにくじけそうになったとき、私の決意を〇える助けになったのは夫だった。
ボブはそんなに遠くにいる母親に電話し、〇払いが多いのにほとんどはなせないというのはばかげているとおもっている。",支,"支:branch;support;sustain;branch radical (no. 65)",Guess the hidden Kanji,Text
"その学生は科学を専〇していたから頭の回転がものすごく速くて、すぐ様何かひらめいてこう言ったわ。
いとこのテディーは大学でフランス語を専〇し、パリで１年間勉強しました。
物理学を専〇したい学生は、数学の知識が十分になければならない。",攻,"攻:aggression;attack;criticize;polish",Guess the hidden Kanji,Text
"日本〇府は、2020年の東京オリンピックまでに世界の日本語学習者人口を1億人に引き上げるとの目標を発表した。
私の考えでは、この〇治の意味しているのは、セルビア人とクロアチア人とイスラム教徒ということだわ。
英国の通貨危機は、〇府がポンドの急落をくい止められなかったことをめぐる〇治危機へと発展しました。",政,"政:politics;government",Guess the hidden Kanji,Text
"何〇生きてゆくのは苦しいか、何〇、苦しくとも、生きて行かなければならないか。勿論、李は一度もそう云う問題を考えて見た事がない。
だれも事〇を起こしたいなどとは思っていない。ただ困ったことに、人々は事〇を起こさないことを十分に強く望まないのである。
「ああ、これが愚息のタカシね」「え、は・はい。〈〇〉タカシ君ですね！」「フーちゃんまだ死んでないよ！たぶん」",故,"故:happenstance;especially;intentionally;reason;cause;circumstances;the late;therefore;consequently",Guess the hidden Kanji,Text
"植物の生長と生産性は、気温と湿度が作り出す入り組んだ関係に〇感に反応する。
それにしても、幼稚園というところは、季節の行事にとても〇感です。
都会には、流行に〇感な人や、パーティー好きの人がたくさんいます。",敏,"敏:cleverness;agile;alert",Guess the hidden Kanji,Text
"神が御子を世に遣わされたのは、世を裁くためでなく、御子によって、世が〇われるためである。
警察が〇出に来てくれるまで、彼らはお互いに気を奮い立たせてがんばり抜いた。
私、このひどい地下室だけが命を〇ってくれる唯一の場所だと気がついたの。",救,"救:salvation;save;help;rescue;reclaim",Guess the hidden Kanji,Text
"食わず嫌いで寿司を〇遠する人もいますが、何度か食べるうちに「寿司の虜になった」という人も結構多いですよ。
人にもよるけど、女性に対して「サー」（男性への〇称）を使うことは、とても失礼なことです。
彼の家族は彼のことを〇愛していた。そしてある意味で彼は彼らに甘やかされていた。",敬,"敬:awe;respect;honor;revere",Guess the hidden Kanji,Text
"人を許すことを覚え、身につけなければいけません。許す力量のない者には、愛する力もありません。最悪の人間にもどこか取り柄があるように、最高の人間にも悪い面はあります。これがわかれば、〇を憎む気持ちが薄れます。
オーストラリアに、あるいは行き先がどこであれ、出かけていく家族は素〇な家、あるいはアパート、それもおそらくちょっとした庭付きのものを心に思い描いている、といってもまず間違いないであろう。
「恋文をしたためた」なんて、今ではあまり耳にしない言葉だけど、なんかとても素〇な言葉だよね。",敵,"敵:enemy;foe;opponent",Guess the hidden Kanji,Text
"カーペットを〇き変えさせたら、トムのマンションはすごくいい感じになった。
主任整備員はテニスコートの〇地のちょうど中央に小さな家を持っている。
あんまりご無沙汰してしまって、どうも〇居が高くなってしまいました。",敷,"敷:spread;pave;sit;promulgate",Guess the hidden Kanji,Text
"私たちの前には、長い道のりが待ち受けています。目の前の〇面は急です。目指すところに、1年ではたどりつかないかもしれない。大統領として1期を丸ごと使っても無理かもしれない。しかしアメリカよ、私たちは絶対にたどり着きます。今夜ほどその期待を強くしたことはありません。
トゥロットは〇面をかけ上つて、ジャンヌのお手からチョコレイトを一きれと、三日月パンを一つうけとると、またお山の方へもどつて来ました。
トゥロットは〇面をかけ上って、ジャンヌの手からチョコレイトを1きれと、三日月パンを1つうけとると、また山の方へもどって行きました。",斜,"斜:diagonal;slanting;oblique",Guess the hidden Kanji,Text
"日本では、トンボは、前へ前へ飛んで決して後ろに下がらないことから、勇ましくて決〇力に富む勝負強い虫として「勝虫」といわれ、勝利を呼ぶ縁起のいい虫とされています。
「遅かったわね」「あぁ。『いい仕事するなぁ』って言われてさぁ。〇れなくなって、ついついこんな時間までやっちゃった」「ほんと、褒め言葉に弱いんだから」
普段トムは恥ずかしがり屋で優柔不〇な奴なんだけど、ファースーツを着ると真のトムが表れて、こんなにも社交的で活動的で注目の的みたいな人になるんだよ。",断,"断:severance;decline;refuse;apologize;warn;dismiss;prohibit;decision;judgement;cutting",Guess the hidden Kanji,Text
"〇いものを毀そうとするのは無駄な骨折だ。ほんとうに自分等が新しくなることが出来れば、〇いものは既に毀れている。
どうやら、１年ブランクを取り戻し、〇交を温めることができたみたいだな。
私はビクトリア駅へ行った。そしてそこで〇友に会った。",旧,"旧:old times;old things;old friend;former;ex-",Guess the hidden Kanji,Text
"仏心宗と呼ばれるのは、禅宗が文字や経典をたよらずに、仏の心を師匠から弟子へと直接伝えていくことを根本宗〇としているからです。
「〇そうな日本酒みっけ。飲んでいい？」「ダメよ。お正月用なんだから」「ちぇっ」
トキポナは簡素を〇として作られた、わずか123語から成る人工言語である。",旨,"旨:delicious;relish;show a liking for;purport;will;clever;expert",Guess the hidden Kanji,Text
"私は６月初〇にトロントに来たものです。
７月の上〇は、海に行くのは早いかな？
トムは１０月上〇からここにいます。",旬,"旬:decameron;ten-day period;season (for specific products)",Guess the hidden Kanji,Text
"大和言葉は、日本で昔から使われてきた言葉で、外国語に翻訳し〇いものもあれば、し難いものもあります。
流言飛語に惑わされるべからず、とはいうものの、言うは〇く行うは難し、と思わない？
いつまでも思い悩まないで、とりあえず動いてみたら。案ずるより産むが〇しだよ。",易,"易:easy;ready to;simple;fortune-telling;divination",Guess the hidden Kanji,Text
"「今日さぁ、転校していった友達と偶然会ったんだ」「そうなんだ」「うん。そしたら、〇画の話になってさ、『今度一緒に観に行こう！』って言われたんだけど、行ってきていい？」「まぁ、いいけど、その友達って、男の子なの？女の子なの？」「......」
女房が〇画に行きたがっていることがよくわかったので、いじわるな亭主は一計を案じ、くるあてもない来客を家で待つことにした。
前者がインディペンデント〇画で注目されたのに対して、後者は音楽番組のディレクターから〇画監督に転身したという経歴を持つ。",映,"映:reflect;reflection;projection",Guess the hidden Kanji,Text
"ちょっと、ヨーロッパは行くのは難しいけど、もし、日本でパーティするなら、〇非参加させてください。
これから何か手職を身に付けたいと思う方は、〇非お読みになることをおすすめします。
今までは「なーなー」で付き合ってきたけれど、今後は〇々非々の立場で付き合うよ。",是,"是:just so;this;right;justice",Guess the hidden Kanji,Text
"主人は〇酌が楽しみなので、発泡酒を６缶以上は空けていますし、日本酒の燗が５本も６本も空いていて、たまに休肝日ということで飲まない日もあるのですが２日以上続いたことはありません。
買い物に行ったら、チーズが目に入って、買おうか？どうしようか？迷ったんだけど、「原産国名：ドイツ」って書いてあるの見て、買っちゃった。今〇は、チーズフォンデュにしよう。
今〇は、「ひよこ豆」の代わりに「金時豆」を使ってカレーを作ってみたんだけど、「ひよこ豆」に飽き飽きしてた母さんからは、めっちゃ好評でした。",晩,"晩:nightfall;night",Guess the hidden Kanji,Text
"大学時代の友達がもう使っていないというのでKindleをくれた。DXという画面の大きいモデルだ。操作性は良くないが、画面に関してはなるほどいいもんだ。今まではそう気にならなかったが、もはや〇通の液晶画面で物を読むのが辛い体になってしまった。
今回の金融危機から得たほかでもない教訓というのは、メーン・ストリート（〇通の町の中央通り）が苦しんでいるのにウォール・ストリートだけ栄えるなど、そんなことがあってはならないということ。それを忘れずにいましょう。
「今日ね、久しぶりに海藻を食べてみたんだけど、美味しかった」「日本ではよく食卓にあがるんだけど、アメリカではあまりあがらないの？」「〇通の家ではよく出てるみたいだよ。でも、僕んちではあまり出てこないよ」",普,"普:universal;wide(ly);generally;Prussia",Guess the hidden Kanji,Text
"「今夜も、ネットゲームで遊ぼうよ」「今夜は、無理かも......」「どうして？」「だって、クリスマスだから家族の時間だもん。僕が〇だったら、遊ぼうね」「うん。わかった」
事実、パスポートの写真については、次のような冗談話がある。—本当にパスポートの写真のような顔をしていれば、明らかに休〇が必要だ、というものである。
願わくば一生、物を言ったり考えたりする〇もなく、朝から晩まで働きづめに働いて、そしてバタリと死にたいものだ。",暇,"暇:spare time;rest;leisure;time;leave of absence",Guess the hidden Kanji,Text
"〇かい軽い空気は山越えすると上空に上昇し、地上には下りてこないことなど、風は地形によって変わります。
いつもより寒いときは、生姜湯を飲むと良い。お湯の〇かさだけじゃなくて、生姜の効能でより〇かくなる。
〇房と同様に、冷房時の消費電力量を測定し、旧型と省エネ型（２００１年製）のエアコンを比較しました。",暖,"暖:warmth",Guess the hidden Kanji,Text
"日本では、旧〇の１０月は、全国の神様が出雲大社に集まると言われていて、神様が各地からいなくなるこの旧〇の１０月を「神無月」と呼びます。ただ、神様が集まる出雲地方だけは「神在月」と別名で呼ばれます。
ローマ皇帝コンスタンティヌス帝は西〇313年以来、キリスト教を奨励した。
古代エジプトでは、1年を365日とする太陽〇が用いられた。",暦,"暦:calendar;almanac",Guess the hidden Kanji,Text
"其の日は一日淋しいペンの音を聞いて〇した。其の間には折々千代々々と云う声も聞えた。文鳥も淋しいから鳴くのではなかろうかと考えた。然し縁側へ出て見ると、二本の留り木の間を、彼方へ飛んだり、此方へ飛んだり、絶間なく行きつ戻りつしている。少しも不平らしい様子はなかった。
僕の一番の夢は、先生になること。お金持ちになりたいわけじゃないよ。ただ、愛する人にはいい〇らしをさせてあげたいなぁ。それって、虫が良すぎ？
何もしないでも普通に生活しているだけで、誰かが僕の生活を使って金をもうけてくれる。そうやって〇らしていけたらいいだろうなと思う。",暮,"暮:evening;twilight;season's end;livelihood;make a living;spend time",Guess the hidden Kanji,Text
"いいのよ。いままで実のないブランド品を高く売りつけて〇利をむさぼってきたんだから。今後せいぜい良心的な商売にはげめばいいんだわ。
女というものは、あなたがうまくやった１００ものことには気付かず、ただ失敗したことを〇き立てる、そういうことが出来る生き物だ。
君の創ったロボットが〇走し、これだけの犧牲が出ていると言うのに、君は何も感じないと言うのかね？",暴,"暴:outburst;rave;fret;force;violence;cruelty;outrage",Guess the hidden Kanji,Text
"桜の花の盛りのころには、〇りでなければ風の強い日になりがちである。
私たちが出発するかしないうちに空が〇ってまた雨が降ってきた。
温かいシャワーを浴びたら、浴室の鏡が〇っちゃうんですけど。",曇,"曇:cloudy weather;cloud up",Guess the hidden Kanji,Text
"こちらの文ですが、日本語としては特に問題ないのですが、Tatoebaのルールの一つに「会話文の中の最後の『。』は省略しましょう」というルールがあるので、変〇をしていただけたらと思います。
つまり、おそらく、初めに調査をした者や技術者には知られていなかった物理的な障害が出てきて、それを克服するためにさまざまな変〇が必要になる。
２月２７日の約束についてですが、申し訳ありませんが、私の出張スケジュールが変〇になったため、その日にお会いすることができなくなりました。",更,"更:grow late;night watch;sit up late;of course;renew;renovate;again;more and more;further",Guess the hidden Kanji,Text
"数分話してみたところ、トムはあまりフランス語が得意ではないと分かったので、メアリーは英語に切り〇えた。
目が覚めたら11時だし、着〇えしてたら荷物が来るし、昨日は洗い物やってなかったしで……もう、滅茶苦茶。
そして、宮の中に、牛や羊や鳩を売るもの達と両〇人達が座っているのをご覧になった。",替,"替:exchange;spare;substitute;per-",Guess the hidden Kanji,Text
"体使う人はマイナートランキライザーという物質が定期的に体内に放出されるので 〇らかで不安がなさそうな人が多いのだそうです。
ただ日〇上人の御木像があるとか云う、相応に由緒のある寺だそうです。
〇らかな人はいつも周りを〇らかにし、自分自身も幸福である。",朗,"朗:melodious;clear;bright;serene;cheerful",Guess the hidden Kanji,Text
"〇肉をお借りしてもよろしいですか。
〇に交われば赤くなる。",朱,"朱:vermilion;cinnabar;scarlet;red;bloody",Guess the hidden Kanji,Text
"〇の上には、お昼を用意する時間も余裕もなかったから、近所で買って来いという母親からのメッセージだけが残されていた。
わたしは近眼のせいもありましょうが、〇は明るいところに据えなければ、読むことも書くことも出来ません。
その本を〇の上に戻しておいた方がいいですよ。というのは所有者がそこへ戻ってくるでしょうから。",机,"机:desk;table",Guess the hidden Kanji,Text
"この映画はまさしく不〇の名作である。
その建物は老〇化の兆しを見せている。
〇ちない物は何もない。",朽,"朽:decay;rot;remain in seclusion",Guess the hidden Kanji,Text
"そして今夜、彼女がアメリカで100年にわたって見てきた全てのものについて考えています。悲嘆や希望、もがきや前進、出来やしないと言われた回数、そしてあのアメリカ的信〇を掲げて前進した人々、そう我々はできる、という。
毎年１ヶ月の休暇をもらうことが契約の〇項になっている。
私はこの〇約が世界の平和に役立つことを望んでいます。",条,"条:article;clause;counter for articles, clauses, paragraphs, etc.;twig;item;stripe;streak",Guess the hidden Kanji,Text
"なんぢわが仇のまへに我がために筵をまうけ、わが首にあぶらをそゝぎたまふ。わが酒〇はあふるゝなり。
トムなんてね、メアリーが一〇目のビールを飲み終わらないうちにさぁ、もう三〇目飲んでたのよ。
ぼんやりと空を眺め、何かが起きているぞと、小さじ一〇程度の興味を上空に向けていた。",杯,"杯:counter for cupfuls;wine glass;glass;toast",Guess the hidden Kanji,Text
"原稿用紙１〇にも満たないメールに２時間かけるなんていうのは褒められたことではない。能力のなさを示していると言った方が当たっているだろうね。
ロサンゼルスのある教会は、教会のクッキー入れからクッキーを数〇盗んだかどで、ホームレスの男を告発することに決めた。
トムは６時半にベッドから転がり出ると、もつれた足でキッチンへ行き、トースターに二〇パンを突っ込んだ。",枚,"枚:sheet of...;counter for flat thin objects or sheets",Guess the hidden Kanji,Text
"まるで、大空に両手を広げ、バンザイしたように伸びた〇が、ドームのように、上水路をおおっています。
「どうしたの？」「あのね、植木の〇の剪定をして欲しかったのよ」
私の家に木の〇が入り込んできたので、除去作業を行った。",枝,"枝:bough;branch;twig;limb;counter for branches",Guess the hidden Kanji,Text
"運よ！月のようにひたひたと変わって、大きくなって、そしてまた〇れる。
ある樹が〇れたら、その場所に、もう１本植えたまえ。
その少年は〇れた枝をノコギリで切り取ろうとした。",枯,"枯:wither;die;dry up;be seasoned",Guess the hidden Kanji,Text
"小〇な人と付き合うと、守られてるって感じがしなくて、中学生と出かけてるようなそんな気がするんだよね。だけど、今時、身長なんて気にする人はもうほとんどいないよね？
小〇な人と付き合うとね、守られてるって感じがしなくて、中学生と出かけてるような感覚になるんだよ。でも、今時、身長なんて気にしない人の方が多いよね？
どんなプログラミング言語を学ぶときでも、最初に学ぶべき事〇は値（文字列や数値）の出力方法です。",柄,"柄:design;pattern;build;nature;character;handle;crank;grip;knob;shaft",Guess the hidden Kanji,Text
"英語を話す人にお馴〇みの「once in a blue moon」というフレーズは、稀に起こることを意味します。
つまり、前のメールに添付して送った「ｐｌａｎ．ｄｏｃ」のファイルがウイルスに汚〇されているのです。
彼女の顔、あんなに腫れていたのにおたふくかぜじゃないんだって。なんか原因不明の伝〇病らしいよ。",染,"染:dye;color;paint;stain;print",Guess the hidden Kanji,Text
"ボールは何でできていたのでしょう。何千年も前には、エジプト人はボールを〇らかい革か布で作っていました。
ドイツと聞くとプレッツェルを思い出します。焼きたてで〇らかくちょっと塩味の効いたプレッツェルが好き！
うじうじした優〇不断な男って大っきらい。私はぐいぐい引っ張ってくれる決断力のある男の人が好みなの。",柔,"柔:tender;weakness;gentleness;softness",Guess the hidden Kanji,Text
"新しい調〇では、６５歳以上の病院患者の診察記録には誤りが多く、重大な診察ミスにつながりかねない、ということです。
あらゆるデータを集めて、侵入を試みて、失敗を繰り返して、調〇を進めていった。
ある調〇によると、今日では５人中３人が外交問題には無関心のようだ。",査,"査:investigate",Guess the hidden Kanji,Text
"〇価は半年後、１年後を織り込むと言われるが、それだけでは説明がつかないほど、両者の乖離が大きくなっているためだ。
三村・泰之氏（みむら・やすゆき＝コニチカ〇式会社取締役）三日、心不全で死去。４５歳。
〇式市場は気が短い人から忍耐強い人に富を移すための素晴らしく効率的な仕組みです。",株,"株:stocks;stump;shares;stock;counter for small plants",Guess the hidden Kanji,Text
"ジョンは、日本にあるソフト会社でマネージャーをしてたよ。ハワイ出身の日本人で、ハンサムで色黒。いい体〇をしてたよ。
おしゃれとは縁がなく、ジーパンにティーシャツ、ジャンパーといった〇好で、駅まで自転車を走らせる。
シンプルで〇別に美しいものと、シンプルでどうしようもなく退屈なものとの違いって何なんだろう。",格,"格:status;rank;capacity;character;case (law, grammar)",Guess the hidden Kanji,Text
"肉は〇色をしているといったことについてのすべての慨世観念や先入観。
〇子は、細かいところまで気が利くね。なんていい子なんだ。
みずみずしい〇をかじった時の味が何とも言えません。",桃,"桃:peach",Guess the hidden Kanji,Text
"山の下には野原がひろがっていました。野原には〇の花が咲いていて、よいかおりがしていました。
あなたが帰国なさる頃には、〇はみんな散ってしまっていることでしょう。
〇の花の盛りのころには、曇りでなければ風の強い日になりがちである。",桜,"桜:cherry",Guess the hidden Kanji,Text
"泥〇は、間違いなくここにいるはずよ。きっと、どこかに根城があるから、そこを見つけさえすればいいの。
車は壊れるわぁ、泥〇には入られるわぁ、ついてないったらありゃしない。お祓いにでも行こうかな。
学校に本や紙や鉛筆がないのを知ると、彼女は〇きれで地面にアルファベットを書いた。",棒,"棒:rod;stick;cane;pole;club;line",Guess the hidden Kanji,Text
"自分の名前をネットで〇索したら、初めの５ページは私のことじゃないのよ。それって誇りに思うべきか恥ずべきか。悩ましいわ。
映画の中で気に入った曲があったのでYouTubeで〇索したら、数え切れないほどのリミックスがヒットしたので驚いた。
トムは「英国嫌悪症」という言葉の意味を知らなかったので、意味が調べられればと思い、ちょっとウェブ〇索をかけてみた。",検,"検:examination;investigate",Guess the hidden Kanji,Text
"3つ以上のものを列挙するときは、A, B, C(,) and D というような言い方をします。and の前のコンマはあってもなくても〇いません。
このサイトでは日本語はふりがながついてスペースを取るので、関心のない人にとっては結〇ジャマなんじゃないかと心配してしまう。
一ヶ月前までは、髪に結〇ツヤがあったのですが、髪を切って沢山すいて貰ったところ、急に髪の毛がパサパサになってしまいました。",構,"構:posture;stance;appearance;build;set up",Guess the hidden Kanji,Text
"「『ミーム』ってなぁに？『ムーミン』のこと？」「違うって。『ある情報がヒトからヒトへ〇倣されながら人類の文化を形成していくもの』のこと」「何て？さっぱり分からない」
ロッキード事件とは、アメリカの航空機製造大手のロッキード社による、主に同社の旅客機の受注をめぐって1976年2 月に明るみに出た世界的な大規〇汚職事件。
宮廷では、平安初期には中国文化の〇倣一辺倒でしたが、平安中期には日本的な美意識に基づいた文化が花開きました。",模,"模:imitation;copy;mock",Guess the hidden Kanji,Text
"もし生命の〇利というものがあるなら、死についての〇利もあることになる。そうでなければ生命の〇利は〇利ではなく義務になってしまうだろう。
女性の声が黙殺され、女性の希望は却下されていたその当時、彼女は女性が立ち上がり、声を上げ、選挙〇を獲得するのを見ながら生きてきた。
政府はスーダンの人〇状況への関心を高めるために尽力してきた団体を黙らせることに懸命になっているようだ。",権,"権:authority;power;rights",Guess the hidden Kanji,Text
"山火事は、〇木が燃えるだけの被害と理解されていますが、実はとんでもない「隠れキャラ」があります。
「そうね、たしかに今日の春〇ちゃんは乗ってなかった感じ」「げ。そういうのって分かるのか？」
秀〇ったら、当事は全っ然こっちに慣れなくてね、しょっちゅうふてくされてたのよ。",樹,"樹:timber;trees;wood;establish;set up",Guess the hidden Kanji,Text
"ああそうそう、コメント〇のバグは文字間を調節するletter-spacingタグを使うと起こるものだったみたい。
括弧は使わず、補足情報はコメント〇にてご対応ください。必要に応じて、2文を追加することもできます。
必ず、事前に全ての空〇部分を記入しておいて下さい。",欄,"欄:column;handrail;blank;space",Guess the hidden Kanji,Text
"「あっ、売店しまってる」「あら、どうしたの？」「履歴書が〇しかったんです」「コンビニにも売ってるんじゃないの？コンビニに行っといで」「学校指定の履歴書じゃないと駄目なんです」
「メアリーは、なんでトムを作ったの？」「かわいいショタの彼氏が〇しかったんだ」「へー、メアリーってショタコンだったんだ？知らなかったよ」「まだまだね」
「そうそう。せめて２階にも増やして〇しい・・・ってなんでお前がここにいる！？」「なんでって、そんなん決まってるやんか。一緒に連れションするためや」",欲,"欲:longing;covetousness;greed;passion;desire;craving",Guess the hidden Kanji,Text
"その〇楽に最も金のかからない人が一番の金持ちである。
その老人は、金と宝石で若い女の子の〇心を買った。
周りの〇声が大きくて歌声が聞こえない。",歓,"歓:delight;joy",Guess the hidden Kanji,Text
"１９２０年代初期のメキシコの無法者たちは盗んだ小火器や爆薬で十分に〇装していた。
こうして〇田の悲鳴で通りすがりの船に気付いてもらえ、事なきをえました。
大きな病気にかかった場合でさえも、希望はすばらしい〇器となる。",武,"武:warrior;military;chivalry;arms",Guess the hidden Kanji,Text
"自分の〇より半分＋７〇以下の人とは絶対にお付き合いしない方がいいって、聞いたことがあります。トムは今、３０〇でメアリーは１７〇です。トムがメアリーと付き合えるようになるまで、トムはあと何年待たないといけないでしょう。
この質問に答えとしてもごもごと言ったには、私が５０〇になっても、出かけようとすると母が窓から身を乗り出して飛ばし過ぎないように注意したいという話だけであった。
僕のおばあちゃんは、93〇です。おばあちゃんが初めてFacebookを知ったのは2年くらい前で、1年ぐらい前に初めてスマホを手にしました。",歳,"歳:year-end;age;occasion;opportunity",Guess the hidden Kanji,Text
"「あっ、売店しまってる」「あら、どうしたの？」「履〇書が欲しかったんです」「コンビニにも売ってるんじゃないの？コンビニに行っといで」「学校指定の履〇書じゃないと駄目なんです」
「履〇書の年齢のところって、今の年齢を書けばいいの？それとも、卒業した時の年齢？」「『満』って書いてあるから、今の年齢よ」
なぜかうまくいかず、目下全戦全敗、「彼女いない〇＝自分の年齢」という寂しい生活を送っていました。",歴,"歴:curriculum;continuation;passage of time",Guess the hidden Kanji,Text
"ギンザケの卵を輸入して、ふ化させ、海中で育てる養〇も始まっている。
ビックリしたよ、温泉宿がお魚の養〇場になってたんだね。
養〇の魚は天然物より安くて、味もまあまあだ。",殖,"殖:augment;increase;multiply;raise",Guess the hidden Kanji,Text
"中学の時は普〇から毎日３時間だか勉強している陸上部の友達がいて、そいつはテスト前もそのペースは崩さなかった。部活ない分かえって暇になるということで、テスト前になると毎日そいつん家でゲームをしてた。あれがなけりゃ俺ももう少し好成績取れたはずだが。
「休みは、普〇何してるの？」「自転車が好きだから、自転車に乗ってるよ」「自転車って、何乗ってるの？ロード？マウンテン？」「ロード。ロード。一日に100キロとか走ったりするよ」
線香花火は、火をつけそれが落ちるまで「蕾」「牡丹」「松葉」「散り菊」と名づけられた４つの〇階を楽しむことができます。その美しい名前は、人の人生になぞらえ付けられたそうです。",段,"段:grade;steps;stairs",Guess the hidden Kanji,Text
"ドイツでは今日、いくつかの都市で襲撃に反対する抗議行動が催されましたが、その都市の中には、月曜日の放火による襲撃でトルコ人３人が〇害されたハンブルク近くの都市も含まれています。
「君の仕事についてはお客さんから不満が〇到している。すぐに辞めてもらおう」「ふん、くそったれめ。こんな所はじめから勤めたくなかったんだ」
虫も〇さぬ顔をしているが、二の腕に刺青があり、それを見れば、どんな中学生もふるえ上ってしまう。女学生は勿論である。",殺,"殺:kill;murder;butcher;slice off;split;diminish;reduce;spoil",Guess the hidden Kanji,Text
"国王ヘンリー８世は、ロンドンからさほど遠くないテムズ川河畔にある自分の宮〇ハンプトンコートにテニスコートを持っていた。
システィナ礼拝堂は、１４７３年にバティカン宮〇内に建立された壮大な礼拝堂です。
その宮〇を訪れる人々は、今日でもまだこのテニスコートを見ることができる。",殿,"殿:Mr.;hall;mansion;palace;temple;lord",Guess the hidden Kanji,Text
"信じる人々には次のような印が伴います。すなわち、私の名によって悪霊を追い出し、新しい言葉を語り、蛇をもつかみ、たとい〇を飲んでも決して害を受けず、また、病人に手を置けば病人は癒やされます。
信じる者には次のような印が伴う。彼らは私の名によって悪霊を追い出し、新しい言葉を語る。手で蛇をつかみ、また、〇を飲んでも決して害を受けず、病人に手を置けば治る。
収量が多いからといって尊いとは思わないが、ドカンと発生していると、〇菌でもうれしいもんだ。",毒,"毒:poison;virus;venom;germ;harm;injury;spite",Guess the hidden Kanji,Text
"「いろんなリンゴ買ってきたから、食べ〇べしよう。緑のが『きおう』でそのちっちゃいのが『つるが』。そっちの大きいのは『サンつるが』ね」「また、たくさん買ってきたね」
太陽熱は、他のどのエネルギー源より大きな希望を抱かせるが、それには特に、水が最も不足する地帯が赤道におおむね近く、空気も〇較的きれいだという理由もある。
最近は他人を傷つけることを〇較的気にしなくなったので、そういう点ではメール打つのも気楽になったよ。",比,"比:compare;race;ratio;Philippines",Guess the hidden Kanji,Text
"アメリカ英語とイギリス英語では建物の階の数え方が違う。だから翻訳を繰り返すと〇遠に階を上がっていくことができるのだ。いつか月に届くだろうか。
いくどとなくおのを埋めては、きまって、また、ほりかえす。〇遠の平和がやってくる気配もない。
それは御子を信じるものが、一人として滅びることなく、〇遠の命を持つためである。",永,"永:eternity;long;lengthy",Guess the hidden Kanji,Text
"お母さんが〇水たらして働いたお金なんだから、大切に使わなくては駄目だよ。
はぁ・・・（〇）、それでコンタクトは取れるようになったのかしら・・・？
私はハァハァ言っているのに、トムは〇もかかずのうのうとやってのけた。",汗,"汗:sweat;perspire",Guess the hidden Kanji,Text
"ロッキード事件とは、アメリカの航空機製造大手のロッキード社による、主に同社の旅客機の受注をめぐって1976年2 月に明るみに出た世界的な大規模〇職事件。
使おうと思ったテーブルが〇れてるので、テーブルクロスを探してます。テーブルクロスはどこにありますか？テーブルクロスをお願いします。
トムはしばらく服の洗濯をしていなかったので、なんとか着られる程度にきれいなのがないかと思い、〇れた服の山をかき分けて探した。",汚,"汚:dirty;pollute;disgrace;rape;defile",Guess the hidden Kanji,Text
"ある暖かくて湿気の多い日に太陽の〇むのを見れば、湿気のために太陽の形が変わって見える。
タイタニックが〇んだ時にどれくらいの死者が出たかあなたは見当がつきますか？
なんかさあ、〇んでいく夕日を見てると、切ない気持ちになっちゃうんだよね。",沈,"沈:sink;be submerged;subside;be depressed;aloes",Guess the hidden Kanji,Text
"以前は高校では英語を話す授業はありませんでしたが、今では〇山の高校が英語を話す授業を取り入れています。
長い目で見ると、私達はこの機械を買うことによって、〇山のお金を節約できます。
〇山の金持ちのアメリカ人がいます。一方、何人かのアメリカ人は、大変貧乏です。",沢,"沢:swamp;marsh;brilliance;grace",Guess the hidden Kanji,Text
"〇合という友人の家へ行った時、ピストルを〇合が放った。装弾していないつもりで、口を私の方へ向けていたが、入っていて、私の耳とすれすれに、うしろの押入れへぶち込んだ。
国王ヘンリー８世は、ロンドンからさほど遠くないテムズ川〇畔にある自分の宮殿ハンプトンコートにテニスコートを持っていた。
私は学校で日本文学の英語訳、特に漱石の『吾輩は猫である』や『心』、芥川の『鼻』や『〇童』を楽しく読んだ。",河,"河:river",Guess the hidden Kanji,Text
"何分か経ったのか、それとも何時間か経ったのか、〇田先生が家に入ってきて、禎子の額に手を当てた。
空気中の水分の内90%は海洋、湖〇、河川から蒸発したものだ。
人工衛星から見れば、湖や〇も、こぼれた水だ。",沼,"沼:marsh;lake;bog;swamp;pond",Guess the hidden Kanji,Text
"アメリカの太平洋北西海岸〇いに住む原住民は、おそらくアジアから移住した種族の子孫なのである。
三人の帰還軍人が瀬戸内海〇岸のある小さな町のはずれに一軒の家を借りて共同生活をしている。
どうしてルールに〇った文章にされないんですか？教えてください。",沿,"沿:run alongside;follow along;run along;lie along",Guess the hidden Kanji,Text
"我々が今夜、祝ったとしても、我々は明日にある課題-二つの戦争、危機的状〇にある地球、100年で最悪の金融危機-が人生の中でもっとも大きなものだと私たちは知っている。
手書きしたレポートをスキャンしてPDFに直してから、データを送らないといけないためプリンターが必須な状〇です。
日本人は日本国内を見すぎて海外の状〇を知らない。韓国人は日本ばっかり見て自国の現状を知らない。",況,"況:condition;situation",Guess the hidden Kanji,Text
"長良川温〇の「信長おもてなし御膳」は、戦国時代のおもてなし料理「本膳料理」を現代風にアレンジしたものです。
日本の温〇に入湯が許されるよう、トムは小さな蜘蛛の刺青の上にバンドエイドを貼った。
スキーをした後、温〇の湯船にゆっくり浸かったら、体の芯まで温まることが出来る。",泉,"泉:spring;fountain",Guess the hidden Kanji,Text
"すき焼きをごちそうになって、一晩〇めてもらったうえに、朝めしまで食べてきたなんて、ちょっと厚かましすぎるんじゃないか。
この重要な７月のＤＣＡ会議にご出席いただき、さらにご宿〇中に東京の多様な魅力もお楽しみくださるよう希望しています。
ＤＴＡ総会の出席者は特別料金で宿〇できるので、マリオットホテルを予約する際は、私が会議出席者だと伝えて下さい。",泊,"泊:overnight stay;put up at;ride at anchor",Guess the hidden Kanji,Text
"「お母さん、便所はどこかな？」「『便所』とか言うのはやめなさい」「じゃぁ何て言うの？」「『お手〇い』とか、せめて『トイレ』って言いなさい」
お湯の中で一日の汗や汚れ、苦労を〇い落とすだけでなく、日々の生活のことについておしゃべりをするのを楽しんだのである。
「ただいま」「おかえり」「今日のおやつは何？」「今日はね、お母さん特製のマフィンよ」「やったぁ。手〇ってこよっと」",洗,"洗:wash;inquire into;probe",Guess the hidden Kanji,Text
"間違いだらけで恐ろしく有益な本もあれば、どこも間違いがなくてそうしてただ間違っていないというだけの事以外に何の取柄もないと思われる本もある。これ程立〇な材料をこれ程豊富に寄せ集めて、そうしてよくもこれ程までに面白くなくつまらなく書いたものだと思う本もある。
モントリオールで報道陣と会見したワレサ氏は、東ドイツ指導部の交代は、旧体制の保守〇指導者らが歴史の流れに取り残されたために起きた、と述べました。
結婚式のことだけどさあ、君の一世一代の晴れの舞台なんだから、地味婚などといわないで、パーッと〇手にしたらどうなのさ。",派,"派:faction;group;party;clique;sect;school",Guess the hidden Kanji,Text
"ある朝、彫刻家が〇辺で一本の流木を見つけました。その男はその流木を工房に持ち帰り、今日、村の教会に佇むあの有名な聖母マリアを彫り上げたのでした。
この〇辺にはたくさんの海〇植物がありますから、人気のある泳ぎ場所ではありません。
横〇市は、関東地方南部、神奈川県の東部に位置する都市で、同県の県庁所在地。",浜,"浜:seacoast;beach;seashore",Guess the hidden Kanji,Text
"世界遺産でもある宮島の「厳島神社」は、潮が満ちると神社全体がまるで海に〇かんでいるかのように見えます。その姿は神秘的で、世界中から訪れる観光客を魅了し続けています。
うちのかみさんは元プロレスラーで、だからもし私が〇気をしているところを見つかりでもしようものなら、それこそコテンパンにやられてしまうよ。
これらはヘッジファンドを自分のリソースとは無関係の投資先とみなすことのリスク管理上の問題点を〇き彫りにしている。",浮,"浮:floating;float;rise to surface",Guess the hidden Kanji,Text
"考えて物にしたり味わったりでなくて、ただ頭と心と体を通過させればどこかいいように〇食されるであろう、そういうような読書観を持っています。
スキーをした後、温泉の湯船にゆっくり〇かったら、体の芯まで温まることが出来る。
クレンペ教頭は無骨な男だが、自分の学問の秘密には深く〇っていた。",浸,"浸:immersed;soak;dip;steep;moisten;wet;dunk",Guess the hidden Kanji,Text
"これと同様に、イギリス人なら〇を出して笑いそうな冗談でも、ロシア人なら全然おもしろくないと思うかも知れない。
包丁の手を止めて、流れる〇をエプロンでぬぐったのは、タマネギのせいだけではない。
昔から〇腺はゆるい方でしたが、40を過ぎてからますます〇もろくなりました。",涙,"涙:tears;sympathy",Guess the hidden Kanji,Text
"プラモ作りは家でやってくださいよ。ラッカー〇の臭い、充満してるじゃないですか。
だがシャワーの蛇口を捻ろうとした瞬間、あの黒い泡立った〇体が流れてきた。
その〇から溶剤を揮発させる。残るのは、香り成分と植物ワックスの塊。",液,"液:fluid;liquid;juice;sap;secretion",Guess the hidden Kanji,Text
"本気で似合うと思っていたらしいシャツは辞退し、〇いブルーのポロシャツをいただくことにした。
日本人は知り合いには親切だが、そうでない人に対しては冷〇だと言われています。
その落ち着いて〇々とした弁舌に、とうとう私も根負けしてしまった。",淡,"淡:thin;faint;pale;fleeting",Guess the hidden Kanji,Text
"手順その１。植物油（500ml）（各種油脂、または油と油脂を〇ぜたものでもよい）を強火で鍋に熱し、薄切りにした玉ねぎ（400g）を加え、玉ねぎが黄色く色づくまで炒めたら、さらに肉（種類は何でもよい）（1kg）を加える。
事実は明白だ。それを〇乱は憤慨するだろう、無知は嘲笑するだろう、悪意は曲げようとするだろう、しかしそれが事実なのだ。
旦那の好きなおにぎりは変わっている。ご飯に何も味を付けないかつおぶしを一袋〇ぜて、手に塩をして握る。",混,"混:mix;blend;confuse",Guess the hidden Kanji,Text
"今日の晩ご飯は、ポーランド式餃子ピエロギとインゲンのボイルサラダ・クレームフレーシュ〇えよ。温かいうちにどうぞ。
〇付ファイルに適応したソフトウエアを持っていないので、ファイルを開けません。別のファイル形式で再送して下さい。
マイクロソフトオフィスがパソコンに入っています。〇付ファイルを送るときには、このファイル形式を使って下さい。",添,"添:annexed;accompany;marry;suit;meet;satisfy;attach;append;garnish;imitate",Guess the hidden Kanji,Text
"経〇とか哲学とかのような抽象的なテーマについて話したりするのは僕にはいつまでたってもむずかしいよ。だって、そういう話はあまり使ったり聞いたりしたことのないような用語がたくさんあるんだもの。
そんな風に言うと４語で〇むところが２７語も必要になるし、長たらしい表現の伝えるストレートな内容は理解してもらえるだろうが、説得力は失われてしまうであろう。
鍵のいらない暗証タイプには、お好きな番号を設定できるフリーダイヤル式と、あらかじめ番号が設定〇みの固定式とがあります。",済,"済:settle (debt, etc.);relieve (burden);finish;come to an end;excusable;need not",Guess the hidden Kanji,Text
"他人がどう思うかはともかく、読んでみて「自分の書いたものはやっぱりしっくり来るな」というのでないのなら、それはいい加〇に書いているということだろう。
私はもっと敵の抵抗があると踏んでたんだけど、むしろ中枢に進むほど敵が〇ってきてる・・・。おかしいと思わないかしら？
「トムは食べる前にいつも水飲むんだけど、なんでだろう？」「時々私も飲むわよ。食べる量を〇らしやすくなるからね」",減,"減:dwindle;decrease;reduce;decline;curtail;get hungry",Guess the hidden Kanji,Text
"この組織は、現状のままに、ほうっておかれるならば、やがて、破滅するだろう。だがこの組織を、復旧させようとすることは、川を〇っている最中に、馬をとりかえることと同じように難しい。
「どうしてここにいるの？」「お前こそ」「えっ、トムに『〇したい物があるからここに来て』って言われたから来たんだけど」「俺も」「あっ、分かった。トムの仕業ね」
もっとも正直な男が書いた六行の文章が私に〇されたとしよう。私はそのなかにその男を縛り首にするに足る何かを見つけるだろう。",渡,"渡:transit;ford;ferry;cross;import;deliver;diameter;migrate",Guess the hidden Kanji,Text
"この結果は、当初の予〇に反して、変数の数が処理速度に影響を与えないということを意味しているのである。
この熱源は安心して使えるし、将来の予〇もたてられるが、この分野での研究はさらに必要である。
俺は、もっと恐ろしいこと予〇していた。船の全員はもう死んでいたのではあるまいかと思った。",測,"測:fathom;plan;scheme;measure",Guess the hidden Kanji,Text
"太陽熱は、他のどのエネルギー〇より大きな希望を抱かせるが、それには特に、水が最も不足する地帯が赤道におおむね近く、空気も比較的きれいだという理由もある。
木材はアフリカの大半において消えゆく資〇であり、これらのストーブは現在使われているものよりずっと木材の消費量が少ない。
光〇、つまり光の向きだな、それと陰影とかにも気をつけて、できるだけ正確に手元にあるクロッキー帳に書き取っていくだけ。",源,"源:source;origin",Guess the hidden Kanji,Text
"いわゆる「標〇英語」とは世界中で話されている数多い方言のうちの１つにすぎない。
パスタ会社が主催したのど自慢コンクールに参加して、〇決勝戦まで到達しました。
1998年のワールドカップでは、ブラジルは〇優勝に終わった。",準,"準:semi-;correspond to;proportionate to;conform;imitate",Guess the hidden Kanji,Text
"原子力発電所の１号機で、原子炉内の燃料の〇融が進んでいる可能性が高い、と発表された。
地球温暖化のために、アラスカではそれが〇け始めている地域もある。
バターをシチュー鍋で〇かし、刻んだ玉ねぎと合わせます。",溶,"溶:melt;dissolve;thaw",Guess the hidden Kanji,Text
"インキ補充瓶のキャップを外し、スポイトでインキを吸い上げ、マーカーの吸収体へ適量、〇下してください。
その毒は一〇で１６０人の人を殺すのに十分である。
気密性でない窓ならば、水〇ができるだろう。",滴,"滴:drip;drop",Guess the hidden Kanji,Text
"「僕ね、卒業式で表彰されることになったんだ。今から、予行〇習があるから行ってくるね」「すごいね。行ってらっしゃい。表彰台で躓かないようにね」
プライヤー氏はパリでの公〇のリハーサル中にくも膜下出血で倒れ、市内の病院に運ばれましたが午後４時２３分息を引き取りました。
初出〇の映画で一躍スターの仲間入りを果たした彼女だったが、テレビのバラエティではアドリブの利かなさが目についた。",演,"演:performance;act;play;render;stage",Guess the hidden Kanji,Text
"１９０６年のある日、タッド・ドーガンという名の新聞〇画家が野球の試合を見に行った。
今度の新入社員は揃いも揃って注意力が散〇で、仕事がミスだらけで全く閉口する。
私は大学に入学するまで〇画以外の本を一冊も読んだことがありませんでした。",漫,"漫:cartoon;involuntarily;unrestrained;in spite of oneself;corrupt",Guess the hidden Kanji,Text
"出処進退の〇さをわきまえている、と彼は言っているけれど、いざとなったらどうだかね。
相手の女がどんな莫連だろうと、純〇な青年は純〇な恋を味わうことができる。
神よ、私に貞〇さと堅固さをおあたえください。ですが、いますぐにではなく。",潔,"潔:undefiled;pure;clean;righteous;gallant",Guess the hidden Kanji,Text
"例えば、父の仕事では、売り買いのタイミングは非常に大切であり、彼は同僚にこまごまとしたことを言わないで「〇時というものがある」と言ったり、書いたりすることが時々あった。
「〇時というものがある」という表現は実はシェイクスピアの「ジュリアス・シーザー」にある表現である。
少しは世間の風〇に合わせるほうが賢明かもしれない。",潮,"潮:tide;salt water;opportunity",Guess the hidden Kanji,Text
"空は高く、青く〇んで、頭の上に広がっています。
ここにいるといやでも感覚は研ぎ〇まされる。
私達はベルが鳴るのを耳を〇まして聞いた。",澄,"澄:lucidity;be clear;clear;clarify;settle;strain;look grave",Guess the hidden Kanji,Text
"「彼氏の友達と飲みに行ったら彼に〇怒されちゃった」「その『友達』って、男？女？」「男に決まってるでしょ。どうして、彼氏の女友達と飲みに行かなきゃいけないの？」「そりゃそうだ」「彼ねトムって言うんだけど、めっちゃイケてるの。また行きたいな」
トムは自分がもうすぐボストン行きの列車に乗らなければいけないとわかっていたから、プラットフォームであんなに〇しくメアリーを抱きしめたんだ。
ＣＦＩＴは乗務員が航空機を完全にコントロールし、すべてが正常に作動しているにもかかわらず、地面に〇突する場合に起こるものである。",激,"激:violent;get excited;enraged;chafe;incite",Guess the hidden Kanji,Text
"人が言葉を〇す時というのは、何か後ろめたいことがある時だ。
水面から飛び立つ鳥は努めてあとを〇さぬようにする。
コップの水は〇ってる。",濁,"濁:voiced;uncleanness;wrong;nigori;impurity",Guess the hidden Kanji,Text
"〇縮ウランを粉末状の二酸化ウランに再転換し、原子炉燃料にする。
カレーライスにソースを加えると、より一層、味が〇くなる。
もしコーヒーが〇すぎれば、いくらかお湯を足して下さい。",濃,"濃:concentrated;thick;dark;undiluted",Guess the hidden Kanji,Text
"2010年のデンマークの今年の言葉は、「火山〇の雲」、「デンマークの周辺」、「ブブゼラ」、そして、「ウィキリークス」です。
彼らは長く〇色の通りのはずれのたいへん小さな家に住んでいました。
内部は白い石〇岩と贅沢に整えられた大理石で化粧張りされていた。",灰,"灰:ashes;puckery juice;cremate",Guess the hidden Kanji,Text
"戦争は地震や津波といった〇害とは違う。それは前触れもなくやって来たりはしない。
火事です。火事です。5階で火〇が発生しました。落ち着いて避難してください。
今朝のテレビで、あなたの地域で大火〇があったことを知り、驚いています。",災,"災:disaster;calamity;woe;curse;evil",Guess the hidden Kanji,Text
"我我の行〇を決するものは善でもなければ悪でもない。唯我我の好悪である。或は我我の快不快である。そうとしかわたしには考えられない。
時間というのは、あなたの人生の貨幣です。あなた自身が使うのです。あなたの〇だからといって他人に消費させてはいけません。
とある映画を文庫化した—いや、映画の〇に書かれたシナリオを小説として加筆修正し、日本語にローカライズしたものだ。",為,"為:do;change;make;benefit;welfare;be of use;reach to;try;practice;cost;serve as;good;advantage;as a result of",Guess the hidden Kanji,Text
"空気中には、大麻の強〇な臭いが漂っていた。
トムはメアリーに熱〇な推薦状を書いた。
戦争の早期終結が我々の熱〇な願いです。",烈,"烈:ardent;violent;vehement;furious;severe;extreme",Guess the hidden Kanji,Text
"鍋にごま油を中火で熱し、にんにく、鶏肉を入れて炒め、色が変わったら中華スープと白菜を入れて〇る。
「くたくたに〇た野菜って、おいしいよね」「まあね。でも私はシャキシャキの生野菜の方が好きかな」
お父さん、カンニングしたトム、連れてきたよ。あとは、〇るなり焼くなり好きにしてください。",煮,"煮:boil;cook",Guess the hidden Kanji,Text
"同様に、禁〇する最大の理由はたいてい、短期的な利点（例えば、以前より健康で魅力的になった気がするということなど）なのである。
トムは〇草に火をつけようとマッチを擦ったが、マッチが湿気っていて、何回擦っても火はつかなかった。
ある研究の報告によれば、間接喫〇の結果、53,000人のアメリカ人が毎年死亡しているそうだ。",煙,"煙:smoke",Guess the hidden Kanji,Text
"「一番好きな四字〇語は、何ですか？好きな理由も教えてください」「『四字〇語』です。理由は、他の四字〇語が分からないからです」
国際情勢が、きわめて緊迫してきたので、慎重に扱うには〇練した外交官が必要になろう。
彼女が〇睡しているのを確かめて、彼はこっそり部屋を抜け出して行った。",熟,"熟:mellow;ripen;mature;acquire skill",Guess the hidden Kanji,Text
"ろうそくの両端を〇やすことは、極めて簡単にろうそくを溶かすことになる - 美女を両脇に抱え込んだプレイボーイのように。
焚書が行なわれるところにおいては、いずれ人間もまた〇やされるであろう。
爆発が起こった。あっと言う間に、その飛行機は〇え上がり、墜落した。",燃,"燃:burn;blaze;glow",Guess the hidden Kanji,Text
"中国人の〇買い現象は、日本が相対的に貧しくなっているということではないのか、とその記事は分析していた。
セントヘレンズ山が〇発したのは、ほとんど１０年前、つまり１９８０年の５月８日のことであった。
大津波による災害のせいで核融合炉は損害をこうむり、原子力発電所が〇発を受けてしまった。",爆,"爆:bomb;burst open;pop;split",Guess the hidden Kanji,Text
"彼女はロマンティックになっていたので、人間はどこであれどこか〇隅に住むべきところを見つけ、その周りに自分の全人生を整えていくべきだということを受け入れるような受動的な精神状態にまだ陥っていなかったのである。
チップがグラス一つの中の１０セントであれば、ウェイトレスは次の客に備えて急いでテーブルを〇付けようとしてグラスを持ち上げ、水がこぼれだし、事はおしまいということになろう。
「イヤホン〇方なくしちゃったみたい。ショックだな」「紐付けとけばよかったのに」「それじゃぁ、ワイヤレスの意味がないでしょ？」",片,"片:one-sided;leaf;sheet;right-side kata radical (no. 91)",Guess the hidden Kanji,Text
"Ｍａｒｋ／Ｓｐａｃｅは７月１８日、Ｍａｃ　ＯＳ Ｘ用シンクロソフト、Ｍｉｓｓｉｎｇ　Ｓｙｎｃ　ｆｏｒ　Ｗｉｎｄｏｗｓ　Ｍｏｂｉｌｅのアップデート〇をリリースした。
Mozilla Foundationは5月1日、メール/ニュースクライアントソフトの最新〇「Thunderbird 2.0.0.14」をリリースした。
さっきから例の本、ネットで拾ったフランス語〇も参照しながら訳し始めた。",版,"版:printing block;printing plate;edition;impression;label",Guess the hidden Kanji,Text
"あえて言いますが、もし我々がそんなことをすれば大変な誤りを〇すことになると私は思います。
私の娘ばかりでなく彼女のクラスメイトの数人もその〇人を見たと言っている。
〇人がじわじわと追い詰められていくような、そんな感じのドラマが好きです。",犯,"犯:crime;sin;offense",Guess the hidden Kanji,Text
"暑い中、ランニングをしてたら、急に暑さを感じなくなってきたんだけど、気温は変わってなかったんだ。後でコーチに指摘されて分かったんだけどね、実はそれは熱中症の初期症〇だったんだよ。
我々が今夜、祝ったとしても、我々は明日にある課題-二つの戦争、危機的〇況にある地球、100年で最悪の金融危機-が人生の中でもっとも大きなものだと私たちは知っている。
これはつまり、私たちがどんな〇況を知覚する場合でも、私たちの知覚は、その時に五感が知覚する信号だけに依存しているわけではないということである。",状,"状:status quo;conditions;circumstances;form;appearance",Guess the hidden Kanji,Text
"かれらは風をまきて〇風をかりとらん種ところは生長る穀物なくその穂はみのらざるべしたとひ實るとも他邦人これを呑ん
２つのキャブレターを装備したことで、そのレーシング〇はエンジンをすこぶる強力にした。
「カチカチのフロントガラスにこのポットのあっついお茶かけて」「気でも〇ったのか？」",狂,"狂:lunatic;insane;crazy;confuse",Guess the hidden Kanji,Text
"この静かな原野で〇猟をすることは禁止されています。
この村には、主に木こりと〇人が暮らしています。
この静かな森で動物を〇ることは禁止されている。",狩,"狩:hunt;raid;gather",Guess the hidden Kanji,Text
"彼の本は子供向けなんだけど、ちょくちょく見たことのない単語が飛び出す。それが彼〇自の言葉なのか単に難しい単語なのかわからないんだけど、面倒なので辞書も引かず読み進めている。
こうした熊〇特の特徴が、熊が動かずに狩猟すること（アザラシの呼吸孔の脇でじっと動かず、アザラシが海面に上がってくるのを待つ）を好む説明になっている。
加齢臭は、年を重ねると出てくる中高年〇特のにおいのことだ。世間で言う「おっさん臭い」や「おやじ臭」というのは、この加齢臭のことだ。",独,"独:single;alone;spontaneously;Germany",Guess the hidden Kanji,Text
"〇義のウイルスとは、ウイルス単体では存在できず、他のプログラムに寄生していくことで自身を増やしていき悪事を働いていくプログラムです。
赤道近くの〇い地域にある熱帯雨林は、急速にその姿を消しつつあり、２０００年までにはその８０％が消滅してしまうかもしれない。
ネットワークの帯域を〇めた状態でのレスポンス検証について何か良い方法はないでしょうか？",狭,"狭:cramped;narrow;contract;tight",Guess the hidden Kanji,Text
"目の前に飛んできたフリスビー拾ったら、犬が〇ダッシュでこっち来た。
〇勉強も、受験に受かったから、それだけの値打ちがあった。
ジムは〇スピードで運転したが、それは無謀だった。",猛,"猛:fierce;rave;rush;become furious;wildness;strength",Guess the hidden Kanji,Text
"信じられないだろうけど、その洞窟から怪〇が現れたんだ。
ニューギニア島には、大型の肉食〇がいなかったためです。
ライオンが〇の王であるのと同様、鷲は鳥の王である。",獣,"獣:animal;beast",Guess the hidden Kanji,Text
"基本的なことが分かっていない人間が多いようだが，このゲームは騙し合いのゲームだ。より多く相手を騙してマネーを〇得した人間だけが，外に生きて帰れる。
また、まだ私が支持を〇得していないアメリカ人に言いたい、今夜はあなたがたの票を得られなかったが、あなたがたの声も聞いていく。
あなたはシートベルトをちゃんと使用していたとして、カリフォルニア州交通安全大会において賞金５０００ドルを〇得されました。",獲,"獲:seize;get;find;earn;acquire;can;may;able to",Guess the hidden Kanji,Text
"先日友達のところに立ち寄ったとき、〇関からは友達でなく、その旦那が顔を出した。
ランドセルをそっと〇関に放りこんで、母親に見つからぬように、外に出ていく。
デモインの裏庭、コンコードの居間、チャールストンの〇関からそれは始まった。",玄,"玄:mysterious;occultness;black;deep;profound",Guess the hidden Kanji,Text
"お母さんはいらいらし始めると、〇直にでもやさしく、部屋から出て行くようにベスに言います。
その上院議員は、自分の選挙区の人々のために一身を捧げると〇直に言明した。
君の意見を否定するようで話しにくいんだけど、〇直に言わせてもらうよ。",率,"率:ratio;rate;proportion;%;factor;lead;spearhead;command",Guess the hidden Kanji,Text
"野球とかサッカーとかの観戦にはあまり興味がないんだけど、〇プレーや好プレーを見るのはおもしろいね。
「何、この真っ黒けのパン」「それ、竹炭が入ってるんだって。〇しいから買ってみたんだ」
「お、〇しくいいこと言うじゃん」「でしょー？ なんか私今日冴えてるかも」",珍,"珍:rare;curious;strange",Guess the hidden Kanji,Text
"こちらの数学の先生は、バスケット〇の監督も兼任されています。
彼女はセールス〇の長なので、上司は営業部長だけだ。
鑑識〇は今日の火事の原因を特定しようとしている。",班,"班:squad;corps;unit;group",Guess the hidden Kanji,Text
"第二が周辺〇境との親和性であり、最小の廃棄物、自然エネルギーの利用等、周辺の生態と調和した住空間を形成することである。
「馬鹿」という言葉は、悪い言葉だと言われているが、私の成長してきた〇境では、 それほど悪い言葉ではなかったように思う。
先日我が家の水質検査を行いました。ある有名会社の〇境分析センターとかいうところにしてもらいました。",環,"環:ring;circle;loop",Guess the hidden Kanji,Text
"「トム、また落第点を取ったらしいわよ。卒業できないんじゃないの？」「そうなの？困った子ね。まぁ、そのうち卒業するわよ」「母さんはトムには〇いんだから」
俺のとびきりのアイデアをこき下ろすのはやめてくれ。見通しが〇いとかそんなことないよ。
子どもを〇やかして育てたことで、ステラは後に自ら災いを招くことになってしまった。",甘,"甘:sweet;coax;pamper;be content;sugary",Guess the hidden Kanji,Text
"昨日、引っ越してきて初めてゴキブリを見たんですよ。卒倒するかと思いました。 もちろん、どうにか仕〇めましたけどね。
「〇守だったから、倉庫にスイカと芋菓子入れといたよ。食べてね」「いつもありがとうございます。いただきます」
歌〇多の会が百物語の会にでも変ったように、一種の暗い空気がこの一座を押し包んで、誰も彼もみな黙っていた。",留,"留:detain;fasten;halt;stop",Guess the hidden Kanji,Text
"こちらの文ですが、日本語としては特に問題ないのですが、Tatoebaのルールの一つに「会話文の中の最後の『。』は省〇しましょう」というルールがあるので、変更をしていただけたらと思います。
これもわたしの場合ですが、面とむかって顔と顔を合わせて話す場合には、主語や助詞など省〇していることが多いですね。
そしてディールはヨーロッパ大陸にとても近かったために、いつも最初に侵〇されるイギリスの地域のひとつでした。",略,"略:abbreviation;omission;outline;shorten;capture;plunder",Guess the hidden Kanji,Text
"結局のところ、人間が〇なれば、彼らが伝統的に食べてきた食べ物の種類によって、食べ方も〇なるということだ。
鳥類の発声において真に驚〇的な点は、鳴管の２つの側面が独立して動くことができるということである。
凡そ人間に限らず、あらゆる動物は、〇性に対って、意識的無意識的に、「性的示威」を行うものである。",異,"異:uncommon;different;queerness;strangeness;wonderful;curious;unusual",Guess the hidden Kanji,Text
"ごめん、洗濯物〇めって親がうるさいから一旦切るね。また後で電話する。
服は〇むかハンガーにかけておかないと、くしゃくしゃになっちゃうよ。
真直ぐにその家から竹林まで伸びた道路は石〇で整備されておる。",畳,"畳:tatami mat;counter for tatami mats;fold;shut up;do away with",Guess the hidden Kanji,Text
"中古の車を買おうと思ってたけど、今はそれなりに稼いでるから、〇発して新車を買うことにしたんだ。
興〇の連続に、あっというまもなく３０分のショウタイムが過ぎてしまいました。
彼女がその知らせに興〇しないところを見ると、それを知っていたに違いない。",奮,"奮:stirred up;be invigorated;flourish",Guess the hidden Kanji,Text
"その答えは、何かを達成できることなど冷笑し、恐れ、〇えとあまりにも長い間、多くの人から言われ続けてきた人々を、歴史の円弧に手をかけて向きを変え、もう一度、より良い明日のための希望へと導くものだ。
このメルマガは、昨今の語学産業界の甘言に躍らされることなく、文法解釈という古典的学習法こそ王道と信じて〇わない方のためのメルマガです。
その問題の根本原因は、現代の世界において、賢明な人々が猜〇心に満ちている一方で、愚かな人々が自信過剰であるということである。",疑,"疑:doubt;distrust;be suspicious;question",Guess the hidden Kanji,Text
"このロボット何でも私の言うことを聞くんだ。〇れて、何にもしたくない時は、助かるね。なんて、ありえない話だよね。
初期のジェット旅客機の墜落事故は、機体とエンジンの金属〇労のような、技術的欠陥が原因で起こることが多かった。
ベスはとても一生懸命勉強しなくてはならなかったので、今、お腹が空いて〇れ果てています。",疲,"疲:exhausted;tire;weary",Guess the hidden Kanji,Text
"中学生の頃に、あるセラピストの女性の方と話した後、すごく話が弾んだから「これは脈あり」って思って、キスしようとしたんだ。そしたら「やめなさい」って冷たくあしらわれた。「俺ってバカだよな」って〇感した瞬間でした。
「〇っ。何してんの？」「ぷりぷりして美味しそうだなって思って」「えっ？だからって、人の腕いきなりかじるのやめてよ」
この神社の巫女は男どもにひどい目に合わされて精神が崩壊してしまうほどに心も身体も限界まで〇みつけられていた。",痛,"痛:pain;hurt;damage;bruise",Guess the hidden Kanji,Text
"本来は、貧困層の女性や子供に医〇保護を提供するために創設された制度である、アメリカ低所得者医〇扶助制度が、今日では、その予算の約３分の１を老人に費やしている。
提示された４つの抑制策のうち最も効果があると思われるのが、「予防医〇・健康増進活動の大充実」であろう。
2000年に日本の医〇制度が世界一だが、2003年に研修医制度が始まって目に見えて悪くなった。",療,"療:heal;cure",Guess the hidden Kanji,Text
"そして私がまだ支持を得られていない〇さんにも申し上げたい。今夜は〇さんの票を得られなかったかもしれませんが、私には、〇さんの声も聞こえています。私は、〇さんの助けが必要なのです。私はみなさんの大統領にも、なるつもりです。
毎日、他の人が読んでいないものを読みなさい。毎日。他の人が考えていないことを考えなさい。毎日、他の人が馬鹿馬鹿しくてやらないようなことをしなさい。いつもいつも他の〇と同じであるというのは、精神にとって良くありません。
先生、ごらん下さい。ヨルダンの向こうであなたと一緒にいたことがあり、そして、あなたがあかしをしておられたあのかたが、バプテスマを授けており、〇の者が、そのかたのところへ出かけています。",皆,"皆:all;everything",Guess the hidden Kanji,Text
"こんな歌を残している明治天〇の一面を知っている日本人は少ないのではないだろうか。
1989年の1月に昭和天〇が崩御されたので、年号が昭和から平成に変わりました。
ローマ〇帝コンスタンティヌス帝は西暦313年以来、キリスト教を奨励した。",皇,"皇:emperor",Guess the hidden Kanji,Text
"アイリーン・ペパーバーグが、アレックスと名づけたオウムの前で丸いお〇を持っている。
日本人は、お〇の間先祖が自分達のところにやってきていると信じている。
今年は亡き母の忌中のため盂蘭〇供養会はないが、先祖の墓の掃除に行く。",盆,"盆:basin;lantern festival;tray",Guess the hidden Kanji,Text
"映画館は、インターネット上に出回る違法コピーのせいで、収〇をますます失いつつある。
タトエバの例文は微生物のようなものである。有〇なものもあれば有害なものもある。
彼らは、貴社とお互いに利〇となる事柄について話し合うことを望んでいます。",益,"益:benefit;gain;profit;advantage",Guess the hidden Kanji,Text
"ロサンゼルスのある教会は、教会のクッキー入れからクッキーを数枚〇んだかどで、ホームレスの男を告発することに決めた。
学校へ行ったことのない人は貨車からものを〇みかねないが、大学教育を受けた人なら鉄道全部を〇みかねない。
実は、大きな声で言えませんが、ここ最近このビーチで若い女性が〇撮されたうわさがあるんです。",盗,"盗:steal;rob;pilfer",Guess the hidden Kanji,Text
"「田中さんって、チャレンジ精神旺〇ですよね？」「俺？俺は、単なる新しもの好きなだけだよ」
「今日は、遅かったね」「ごめんね。話が〇り上がっちゃって、気付いたら２時間も話してたわ」
〇大な溜息をつきながら、テーブルの上にどさどさとパンを置き、椅子にどっかりと腰掛ける。",盛,"盛:boom;prosper;copulate",Guess the hidden Kanji,Text
"利用すべきエネルギー、つくり出すべき雇用、建てるべき学校、対話すべき脅威、修復すべき同〇がある。
その会議は、EU加〇国すべての調査結果を比較する機会を与えてくれた。
ドイツとイタリアは第二次世界大戦中、同〇国であった。",盟,"盟:alliance;oath",Guess the hidden Kanji,Text
"前者がインディペンデント映画で注目されたのに対して、後者は音楽番組のディレクターから映画〇督に転身したという経歴を持つ。
政府は、政治問題に関するネット上の会話を〇視し、誤った情報と判断した場合にそれを訂正する方法を模索している。
好きになった人のことをもっとよく知りたくなったら，〇禁して解剖してみるしか無いんですよ。",監,"監:oversee;official;govt office;rule;administer",Guess the hidden Kanji,Text
"これが原因でタイムを大きくロスしてしまい、もしかしたら、このアクシデントがなかったら、レース終〇はもっと良くなっていただろう。
混戦模様となったレースだが、四宮は集団をラップしたこともあり、終〇、確実にタイミングよくポイントを重ね優勝した。
毎週火曜日には、先生のころころした小さな指がピアノの鍵〇をあちこちと鳥のように飛びはねていました。",盤,"盤:tray;shallow bowl;platter;tub;board;phonograph record",Guess the hidden Kanji,Text
"人目をひく記事にするために、やっぱり〇頭にパンチのきいた一言をいれなきゃ。考えていることを、ダイレクトに伝えてください。
本を読んでみると、植民者や〇険家が新たな素晴らしい生活、新たな国やチャンスなどに向かって船出していったようである。
私の好きな物語は、『赤毛のアン』『トム・ソーヤーの〇険』『アルプスの少女ハイジ』なんだ。",冒,"冒:risk;face;defy;dare;damage;assume (a name)",Guess the hidden Kanji,Text
"「今、〇護助手してるんだ」「〇護助手って、何するの？」「患者さんが床ずれを起こさないように動かしたりとか、おむつ替えたり、あとトイレや食事のお手伝いもするよ」「楽しい？」「楽しいって言うか、大切な仕事だなって思う」「そっかぁ。頑張ってね」
中学校時代に、入院中の祖父が病院の〇護師に対して「ありがとう、助かるよ」とよく声をかけていたことがとても印象的でした。
「順路→」といったかんじの〇板を設置したいと思うんですけど、これを英語で作るとどうなるでしょうか？",看,"看:watch over;see",Guess the hidden Kanji,Text
"「寒いね。こんな寒いと冬〇したくなってくるよね」「えー、俺は寒い方がテンション上がるんだけど。むしろ夏ずっと〇ってたい」
酒に酔った父は、しばらくの間低い声でブツブツ言っていたが、〇くなってきたのか、間もなくコックリコックリし始めました。
乳酸菌はかなりしぶとい菌で、冷凍しても単に冬〇するだけで、解凍すればそのまま復活させることができます。",眠,"眠:sleep;die;sleepy",Guess the hidden Kanji,Text
"ある朝洞穴から子どもの狐が　出ようとしましたが、「あっ。」と叫んで〇をおさえながら母さん狐のところへころげてきました。「母ちゃん、〇になにか刺さった、ぬいてちょうだい早く早く。」といいました。
親子の銀狐は洞穴から出ました。子供の方はお母さんのお腹の下へはいりこんで、そこからまんまるな〇をぱちぱちさせながら、あっちやこっちを見ながら歩いて行きました。
ロンパリという言葉は〇がちゃんと前を向かず、左右別の方向を向いているために、まるでロンドンとパリを見ているようだということでロンパリと言われるそうです。",眼,"眼:eyeball",Guess the hidden Kanji,Text
"ここまで来るのに、ずいぶん長くかかりました。しかし今日と言うこの日、この夜、この決定的な〇間に私たちが成し遂げたことのおかげで、アメリカに変化がやってきたのです。
来るまで長かった、しかし今夜、我々がこの日したことのおかげで、この選挙で、この決定的な〇間に、変革はアメリカにきたのだ。
この暑さのなか、仕事をしていると思わずそちらに行ってしまいそうになる〇間があります。",瞬,"瞬:wink;blink;twinkle",Guess the hidden Kanji,Text
"花粉よりも小さな黄〇をマスクでどれだけ防ぐことが出来るのか？花粉よりもずっと厄介者のように思います。
非常に残念なことに地球は一秒で1900平方メートルが〇漠化している。
彼女は犬が好きで、〇漠にいる時でも薄汚れた犬にエサをやる程だった。",砂,"砂:sand",Guess the hidden Kanji,Text
"最近僕の義弟Ｙ〇兵少佐が、三年間の巴里駐在を終へて帰つて来た。数々の土産物を取巻いて、われわれはいろいろな土産話を聴いた。
最近僕の義弟Ｙ〇兵少佐が、三年間のパリ駐在を終えて帰って来た。数々の土産物を取巻いて、われわれはいろいろな土産話を聴いた。
闇夜に鉄〇じゃあるまいし、そんな場当たり的なやり方でうまくいくとは思えないよ。",砲,"砲:cannon;gun",Guess the hidden Kanji,Text
"その法律には今後フットボールをしてはならず、そしてこの法律を〇ったものはだれであれ投獄されると書かれていました。
彼は自分が信じられないほど金持ちでフェラーリを持っていると言ったが、私はすぐに彼の正体を見〇った。
カナダの女子サッカーチームは、１-１の引き分けの後にPK戦でスウェーデンを３-２で〇りました。",破,"破:rend;rip;tear;break;destroy;defeat;frustrate",Guess the hidden Kanji,Text
"物体の電〇波的分光を観測することで、科学者は物体が地球に近づいているか、遠ざかっているかを判別することができる。
地球は内部の高温の液体金属の中心核とともに高速回転するので、地球全体を覆うような〇場を発生させる。
だからハトは自分の頭の上にある〇場を感じることができるが地球の〇場を感じることができない。",磁,"磁:magnet;porcelain",Guess the hidden Kanji,Text
"「お電話ありがとうございます。懐石はなや、フロントマネージャーの山田でございます」「すみません、予約をしたいんですけど」「お食事ですか？ご宿泊ですか？」「食事です。2月12日なんですけど」「かしこまりました。〇認致しますので少々お待ち頂けますか」「はい」
ベイカーさんは若い男がすぐに去っていくと〇信した。それで彼女は、寝る前までに自分の車を本来の場所に駐車できるように、若い男に少し車を動かすように頼もうと思った。
多くの人々が首を長くして待っていたショッピング・フェスティバルが、今日開催されます。このため治安部隊は、来場者の安全を守る対策が万全である事を〇認しました。",確,"確:assurance;firm;tight;hard;solid;confirm;clear;evident",Guess the hidden Kanji,Text
"近い距離を伝えるのにはくるくる輪を描きながら踊り、もっと遠い距離を〇すには体を揺すったり、前後に飛んだりする。
前からあるのは知ってたが、孫訳とか一緒に表〇されるから、間違いだらけで使えないサイトだと思ってた。
というのも、僕は手引き書の指〇に従わなかったし、そのレッスンを学習することもしなかったからである。",示,"示:show;indicate;point out;express;display",Guess the hidden Kanji,Text
"私の聞いたところによれば、英語は金を稼ぐために、フランス語は愛を交わすために、スペイン語は神に〇るために必要だという。
神道の最も大事な行事は初詣で、多くの人々が新年に神社に詣で、1年の幸福と健康を〇ります。
３月３日はひな祭りです。ひな祭りは女の子の健康と成長を〇って行われる日本の伝統行事です。",祈,"祈:pray;wish",Guess the hidden Kanji,Text
"彼がパブロと結婚するつもりだと公に宣言したとき、彼の〇母は心臓が止まりそうになったし、彼の叔母は目玉が飛び出してしまいそうだった。でも彼の妹は鼻高々だった。
私はそれまでタイ料理というものを全く食べたことがなかったので、〇母とタイ料理のレストランに行くことになって、とてもワクワクした。
父の父は〇父、〇父の父は曽〇父、曽〇父の父は高〇父だが、高〇父より前の世代の呼称は決まっていない。",祖,"祖:ancestor;pioneer;founder",Guess the hidden Kanji,Text
"同様に、〇煙する最大の理由はたいてい、短期的な利点（例えば、以前より健康で魅力的になった気がするということなど）なのである。
ドアに「関係者以外の立ち入りを〇じる」という貼り紙がしてあるにもかかわらず、トムは勝手に中に入って行った。
「あの、かりんさん・・・、そろそろお開きにしませんか？」「駄目、勝ち逃げ〇止！今度こそボクが勝つの！」",禁,"禁:prohibition;ban;forbid",Guess the hidden Kanji,Text
"君は本当に優〇な秘書だ。君がいろいろなことを処理してくれなければ、僕には何もできないよ。本当によくやってくれるな。
〇樹ったら、当事は全っ然こっちに慣れなくてね、しょっちゅうふてくされてたのよ。
うちのおばあちゃんってさ、今でも俺のこと「〇ちゃん」っていうんだ。",秀,"秀:excel;excellence;beauty;surpass",Guess the hidden Kanji,Text
"「このカレー、美味しいですね？美味しさの〇訣はなんですか？」「隠し味にコーヒーを入れてます。コーヒーを入れるとコクがでて美味しく仕上がるんですよ」
成功の〇けつは、相手の観点を理解し、自分の立場からだけでなく相手の立場からも、ものごとを見ることができることにある。
彼女は一見おとなしそうだけど、やる時はやるって感じ。中に何か〇めた思いを持っているよ。",秘,"秘:secret;conceal",Guess the hidden Kanji,Text
"私の住む街には、「チンチン電車」の愛〇で親しまれている「路面電車」が走っています。私たちはそれを「市電」または「電車」と呼びます。
紀元前776年、最初のオリンピック競技大会は、ギリシャ人の主神ゼウスを〇えるため、オリンポス山の麓で開催された。
日本海呼〇問題とは、世界中の地図から「日本海」という呼〇を消し、「東海」に書き換えようとする問題である。",称,"称:appellation;praise;admire;name;title;fame",Guess the hidden Kanji,Text
"「誰がこんな所に蚊取り線香置いたの？」「僕だよ」「カーテンの側に置いたらダメだよ。カーテンが風になびいて、火が〇ったら火事になっちゃうよ」
〇住者の部落が野蛮人によって征服され、〇住者の希望も生活も土壇場にきた時、長い歳月をかけての不幸とのたたかいに終止符がうたれた。
初期の新教徒の〇民たちがこの国にやってきたとき、彼らは労働は神と天国に通じる道だという考えを持ってきた。",移,"移:shift;move;change;drift;catch (cold, fire);pass into",Guess the hidden Kanji,Text
"一部のプログラマーは忘れているようだが、良いドキュメントを書くということは、良いプログラムを書くことよりも重要とは言わないまでも、同じ〇度には重要なことなのだ。
俗説で「玉レタスを4分の1〇度食べると眠くなる」と言われ、韓国では仕事前のドライバーが食べてはいけない食べ物として知られている。
ハワイみたいにあまり日本人が多いのも考えものだけど、ある〇度日本人が近くにいた方が多少心強い。気持ちの問題かもしれないけど。",程,"程:extent;degree;law;formula;distance;limits;amount",Guess the hidden Kanji,Text
"だが私たちが無礼のないように、湖に行って，つり針を投げ，最初に釣れた魚を取りなさい。その口を開くと，４ドラクマ硬貨を見つけるだろう。それを取って，わたしとあなたの〇として彼らに与えなさい。
アインシュタインにとって理論物理学は遊びのようなものだったが、そんな彼も〇金の計算となるとからきし駄目だった。
関〇を国ごとではなくブロックでコントロールする方が好都合であることを強調したい。",税,"税:tax;duty",Guess the hidden Kanji,Text
"その小さな女の子は〇妻におびえたけれども、何とかして声を出さなかった。
しかし君に出会えただけでも早〇田に行った甲斐があったというものだ。
新種の〇によっては年に２、３回収穫できる物もある。",稲,"稲:rice plant",Guess the hidden Kanji,Text
"かれらは風をまきて狂風をかりとらん種ところは生長る〇物なくその穂はみのらざるべしたとひ實るとも他邦人これを呑ん
〇物生産の落ち込みによって、中国は急速に日本を上回る世界有数の〇物輸入国となることが予想される。
ビタミンＥを豊富に含む食物には、濃い緑色をした菜っ葉類・豆類・ナッツ類・全粒〇類がある。",穀,"穀:cereals;grain",Guess the hidden Kanji,Text
"メール通知をオフにされているようなので、ここにコメントを投〇したことをお知らせしておきます。 http://tatoeba.org/sentences/show/2371786
原〇用紙１枚にも満たないメールに２時間かけるなんていうのは褒められたことではない。能力のなさを示していると言った方が当たっているだろうね。
「今日すごくいいサイト見つけたんだ。タトエバ・プロジェクトっていうんだけど」「タトエバならもう10年前から知ってるし投〇してるよ」",稿,"稿:draft;copy;manuscript;straw",Guess the hidden Kanji,Text
"ある朝洞〇から子どもの狐が　出ようとしましたが、「あっ。」と叫んで眼をおさえながら母さん狐のところへころげてきました。「母ちゃん、眼になにか刺さった、ぬいてちょうだい早く早く。」といいました。
ごんは、一人ぼっちの小狐で、しだの一ぱいしげった森の中に〇をほって住んでいました。そして、夜でも昼でも、あたりの村へ出て来て、いたずらばかりしました。
店を出るときウェイトレスに言った。「用心してよ、スー。君が出してくれたグラスには何かおかしなところがあるよ。上がふさがっていて下に〇がある」",穴,"穴:hole;aperture;slit;cave;den",Guess the hidden Kanji,Text
"「こんにちは」「あら、お義父さん、〇然どうされたんですか？」「孫の顔が見とうなって、孫の顔を拝みに来たよ」「そうなんですね。もう少ししたら帰ってくるんで、どうぞお上がりください」
たった一つ点っていたその角の家の門灯が、〇然消えたのには、何か意味がありそうだった。 　あるいは偶然かも知れない。が偶然にしても不吉な偶然だと思った。
ＣＦＩＴは乗務員が航空機を完全にコントロールし、すべてが正常に作動しているにもかかわらず、地面に激〇する場合に起こるものである。",突,"突:stab;protruding;thrust;pierce;prick;collision;sudden",Guess the hidden Kanji,Text
"「見てくださいよ、〇。部長またマインスイーパやってますよ。やることないんなら帰ればいいと思いません？」「部長もトラブル対応してる部下残して帰れないんだよ。部長は部長なりに気を使ってるのさ」「地雷踏みましたよ」
彼女はそれゆえにこちら側に近づいた。〇をあけて、自分がそこにいるということに気づいてもらうためにクラクションを軽くならした。
「身長があと10cm高かったら、〇のガラス磨きが楽なんだけどな」「ないものねだりしても仕方ないよ。椅子持ってきてあげたよ」",窓,"窓:window;pane",Guess the hidden Kanji,Text
"日本のカメラ、自動車、ハイファイ装置などは海外で広く使われているし、日本で開発された先〇電子なしにやっていける先進国はほとんどないほどになっている。
日本では2000年頃からの健康ブームの一〇で、「ダンベル体操」という家庭向けのフィットネスも登場した。
入った〇から、そんなにぱっぱとお金を使うものじゃありません。限りあるモノなんだから、考えて使いなさい。",端,"端:edge;origin;end;point;border;verge;cape",Guess the hidden Kanji,Text
"「小説とか書けばいいのに」「いや、自分に書けるとは思わないな。面白い〇を考えるなどというのはとても出来そうには思えない」
別にムキムキになれって言うんじゃないけど、ある程度は〇肉鍛えとかないとそのうち寝たきりになっちゃうよ。
それからその路線の通る最良の道〇を決める必要がある。それは何よりもその路線が通る地形によって決まる。",筋,"筋:muscle;sinew;tendon;fiber;plot;plan;descent",Guess the hidden Kanji,Text
"インフレを抑制しようとして金融政〇に偏重すると、金融、したがって景気を必要以上に締め付けることになりかねない。
新型コロナウイルス（COVID-19）による企業への影響を緩和し、企業を支援するための施〇をご案内します。
提示された４つの抑制〇のうち最も効果があると思われるのが、「予防医療・健康増進活動の大充実」であろう。",策,"策:scheme;plan;policy;step;means",Guess the hidden Kanji,Text
"一年以内に金持ちになろうとする者は六〇月後に絞首刑に処せられるだろう。
修正が必要な〇所には、付箋を貼っておいてください。
エックス線は骨折〇所をつきとめるのに用いられる。",箇,"箇:counter for articles",Guess the hidden Kanji,Text
"行政指導が広〇囲に用いられることは、日本特有のやり方だと考えられている。これにより、官僚は民間に対して、ああしろ、こうしろ、ああするな、こうするな、という強い権限を法律の裏づけなしに行使することができる。
その上、実験が法則に逆らって行われたことはなく、常に、十分に法則の〇囲内で行われた。さもなければ、実験が実験として全く認められなかっただろう。
任意の実数xに対して2次不等式 x² + kx − 3k > 0 が成り立つような定数kの値の〇囲を求めよ。",範,"範:pattern;example;model",Guess the hidden Kanji,Text
"建〇は……そんなことはあんまり考へない。たゞ、書斎と寝室はコンフオルタブルなものが欲しい。
建〇は……そんなことはあんまり考えない。ただ、書斎と寝室はコンフオルタブルなものが欲しい。
医者は自分でミスを隠蔽できるが、建〇家は依頼主にツタを植えるよう、言うことしかできない。",築,"築:fabricate;build;construct",Guess the hidden Kanji,Text
"ますます多くの家がコンクリートで作られるようになり、コンクリートの家は木造の家屋ほど〇単には燃えないため、火事は今は以前ほど恐ろしいものではなくなっている。
iPadではFlashのコンテンツが見られないが、そのウェブページのURLを自分へ電子メールで〇単に送ったら、家に帰って普通のパソコンで見ることが出来る。
「漢字って、どうやったら〇単に覚えられますか？」「〇単には覚えられないよ。人それぞれだとは思うけど、覚えたいなら面倒でも書くのが一番だと思うよ」",簡,"簡:simplicity;brevity",Guess the hidden Kanji,Text
"一番大きなお鍋、小麦〇、バター、牛乳、お砂糖、ボールと泡立て器、エプロンを二枚、マッチ、リュックサックを取った。
大衆は子供のようなので、中に何が入っているかを見る為には、何でもかでも〇砕せずにはおかぬ。
数日前までは、そば〇は18ルーブルだったのに、今じゃぁ21ルーブルもするんだ。",粉,"粉:flour;powder;dust",Guess the hidden Kanji,Text
"ハイゼンベルクの不確定性関係は、〇子の位置と運動量とを同時に且つ厳密に測定出来ないという事を表す。
この実験においては、〇子Ｍを水平方向に加速してやることが非常に重要である。
ここにきて、現代素〇子物理学の先行きがかなり怪しくなった。",粒,"粒:grains;drop;counter for tiny particles",Guess the hidden Kanji,Text
"毎日、他の人が読んでいないものを読みなさい。毎日。他の人が考えていないことを考えなさい。毎日、他の人が馬鹿馬鹿しくてやらないようなことをしなさい。いつもいつも他の皆と同じであるというのは、〇神にとって良くありません。
このような場合、大人はすぐに叱るのではなく、子供たちの〇神的成長を見守りながら、忍耐強く待つべきである。
良いボールボーイやボールガールは〇神を集中することができ、また、速く走ることができなければならない。",精,"精:refined;ghost;fairy;energy;vitality;semen;excellence;purity;skill",Guess the hidden Kanji,Text
"低血〇症の人は、感情を押さえる力がないので、すぐに怖がったり怒ったりする。
今まで、一度、〇が出たことがありますが、今回は蛋白のみでした。
とあるサイトによれば、〇質制限ダイエットは効果があるそうだ。",糖,"糖:sugar",Guess the hidden Kanji,Text
"彼岸花、千年咲き、千年落ち、花と叶ずっと合えなく、情は因果に関〇がなし、生死は縁で予め定められている。
この本は、現代日本語の文法をできるだけわかりやすく、体〇的に説明しようとする本です。
フランス語、日記はほとんど書いとらんが、ご無沙汰していた声出し〇の勉強を再開した。",系,"系:lineage;system",Guess the hidden Kanji,Text
"「美〇ちゃんのおススメのお店ってどこ？」「そうね、そこの角にあるイタリアン料理の名前なんて言ったかな。あそこ、美味しいよ」「林くんのおススメのお店はどこ？」「バーガーキングとココイチ」「まさかのチェーン店......」
「花札のやり方ってわかる？」「小さい頃、お父さんに教えてもらって何回かしたことはあるけど、忘れちゃったな。どうして？」「子供が花札したいって言うんだけど、やり方がよく分からなくて」「美〇の子って、相変わらず渋いわね」
１９世〇になる英語圏の国ではマスターベーションにより、記憶力が弱まる、注意力が散漫になるとよく言われていた。",紀,"紀:chronicle;account;narrative;history;annals;geologic period",Guess the hidden Kanji,Text
"以前はコーヒーより〇茶の方が好きだったんですけど、最近はコーヒーもよく飲みます。
散歩をしながら、トムは鮮やかな赤とオレンジ色の〇葉を堪能しました。
ほお〇や口〇を差すだけで表情や笑顔がどんどん変わってくるんです。",紅,"紅:crimson;deep red",Guess the hidden Kanji,Text
"ランカスター家の〇章が赤バラだったか、白バラだったか忘れてしまった。
泥棒が手袋をはめていたために、指〇は発見できなかった。
警察が言うには、トムの指〇をそこで見つけたんだって。",紋,"紋:family crest;figures",Guess the hidden Kanji,Text
"日本とシンガポールとの時差は１時間なのに、日本とベトナムの時差が2時間なのはどうしても〇得がいかない。
「この帽子は、どこに〇めたらいいですか？」「あそこに丸い箱があります。その中に入れといてください」
間違っているということを馬鹿に〇得させる最も良い方法は、その愚かな行為を遂行させる事である。",納,"納:settlement;obtain;reap;pay;supply;store",Guess the hidden Kanji,Text
"こう考えると、単〇な文化は単〇な言語を使用し、複雑な文化は複雑な言語を使用するなどと信じてしまうかも知れない。
明確にしなければならない最初の点は、そのデザインが〇粋に実験的なものであったということである。
ラッセルは、ずば抜けた哲学者であったが、日常的なことは、ごく単〇なことさえ全然出来なかった。",純,"純:genuine;purity;innocence;net (profit)",Guess the hidden Kanji,Text
"オーストラリアに、あるいは行き先がどこであれ、出かけていく家族は〇敵な家、あるいはアパート、それもおそらくちょっとした庭付きのものを心に思い描いている、といってもまず間違いないであろう。
そ、そうじゃなくて、・・・　〇の自分、本当の私を必要としてくれる人がいるなんて、考えたこともありませんでしたから。
そうやって俺のことを気にしつつ、しかし〇直になりきれない、そのツンデレさが今若い男の間で大ブーム！",素,"素:elementary;principle;naked;uncovered",Guess the hidden Kanji,Text
"〇式部は、子供の時から非常に利口でした。兄が史記を読んでいるのを、そばでじっと聞いていて、兄より先に覚えてしまう程でした。
〇外線は表面エネルギーの小さいポリマーを接着する際の前処理に利用される。
〇外線の急激な上昇は研究者たちにオゾンホールの存在を信じさせた。",紫,"紫:purple;violet",Guess the hidden Kanji,Text
"長吉は同じようなその冬の今年と去年、去年とその前年、それからそれと幾年も溯って何心なく考えて見ると、人は成長するに従っていかに幸福を失って行くものかを明かに〇験した。
ソチオリンピックの頃、コブクロのテーマ曲が流行りました。きっとみんな聞いたことがあると思います。でも、もう３ヶ月〇ちました。最近、この曲を聞くことはないですよね。
私がロシア語の勉強を始めて、まだ一週間くらいしか〇っていないので、 私が言うのもおこがましいですが、私もロシア語母語話者相当のレベルを目指しています。",経,"経:sutra;longitude;pass thru;expire;warp",Guess the hidden Kanji,Text
"「財布落としたんだけど、拾った人が警察に届けてくれてた。よかった」「中身は全部あったの？」「うん。あった。拾ってくれた人に『ありがとう』って電話しといた」「警察って、拾った人の連〇先教えてくれるんだ」「うん。教えてくれたよ」
お電話ありがとうございます。ただいま、電話に出ることができません。折り返しご連〇いたしますので、メッセージをお願いいたします。
時差のある場合、電子メールが最も効果的で便利な手段ですので、メールを使って連〇をしてくださることを希望します。",絡,"絡:entwine;coil around;get caught in",Guess the hidden Kanji,Text
"ドイツでは冬は2週間しか続かないので、寒くて12月の始めに雪が降る時には伝〇的な雪の無いクリスマスを望むことができる。
結局のところ、人間が異なれば、彼らが伝〇的に食べてきた食べ物の種類によって、食べ方も異なるということだ。
３月３日はひな祭りです。ひな祭りは女の子の健康と成長を祈って行われる日本の伝〇行事です。",統,"統:overall;relationship;ruling;governing",Guess the hidden Kanji,Text
"自分の歳より半分＋７歳以下の人とは〇対にお付き合いしない方がいいって、聞いたことがあります。トムは今、３０歳でメアリーは１７歳です。トムがメアリーと付き合えるようになるまで、トムはあと何年待たないといけないでしょう。
「トムとメアリーはただの友達だけど、一緒に住んでるのよ」「どうしてただの友達だってわかるの？」「だって、トムもメアリーも別の人と付き合ってるもの」「へっ、それって微妙ね。私が彼女だったら、〇対に嫌」
若者は無気力だという神話を拒〇した若者たちが、給料の少ない、そして睡眠時間のもっと少ない仕事に自分を捧げるため、家と家族から離れて参加してくれた。だからこの選挙戦はますます力をつけたのです。",絶,"絶:discontinue;sever;cut off;abstain;interrupt;suppress;be beyond;without match;peerless;unparalleled",Guess the hidden Kanji,Text
"次には、これらのやの上に〇の糸をさらに張り、巣の中央に滑らかで、粘りのない部分を残す。
枠が出来上がると、クモはちょうど自転車の車輪のやのように、それに〇の糸をかける。
彼らの主たる輸出品は織物であり、特に〇と木綿である。",絹,"絹:silk",Guess the hidden Kanji,Text
"私達が言語は文化的に伝えられる、つまり、学習されるものであって受け〇がれるものではないと言う場合、言語は、文化人類学者が文化と呼ぶ、学習され共用される行動の複合体の一部であるという事なのである。
しかし、言語の場合は、私達が遺伝的に受け〇ぐのは、話したり、理解したりする能力だけである。私達が話す特定の１つないし複数の言語は、遺伝ではなく、文化的な伝達によって伝えられるのである。
教育は若い時代に限られてはならず、われわれの全生涯を通じて〇続して行われるものでなければならない。",継,"継:inherit;succeed;continue;patch;graft (tree)",Guess the hidden Kanji,Text
"特に約２０年前から、高福祉政策が経済的破綻につながったとされる北欧諸国が示すように、福祉の充実と国際競争力〇持の両立は困難なものであると言える。
民主主義の貴重な成果は国民にとって、非常に大切なものである。だから国民はこの民主主義の理念を〇持するために戦う。
集団生活を営む動物は全て、情報を交換したり秩序ある集団を〇持するため何らかの伝達方法を持っている。",維,"維:fiber;tie;rope",Guess the hidden Kanji,Text
"イエスは、ガリラヤ湖のほとりを歩いておられたとき、シモンとシモンの兄弟アンデレが湖で〇を打っているのをご覧になった。
石綿金〇を発見された場合飛散防止のため石綿の部分を水に濡らしてビニール袋に包み安全を確保して下さい。
『極道の妻たち』は、1986年、東映配給〇により公開されたヤクザ映画。",網,"網:netting;network",Guess the hidden Kanji,Text
"自分が結婚するとして、結婚式の時に和装だったら「〇帽子」と「角隠し」とどっちがいい？
真〇で首を絞めるような言い方をしないで、お願いだから、もっとはっきり言ってくれない。
「なんか〇あめみたいな雲だね。おいしそう」「トムお腹空いてるの？」",綿,"綿:cotton",Guess the hidden Kanji,Text
"パワーリフティングは高重量を扱える種目であるスクワット、ベンチプレス、デッドリフトの3種目の最大挙上重量の〇計を競うスポーツである
安倍内閣は、第９０代の内閣〇理大臣に指名された安倍晋三が２００６年９月２６日に発足させた内閣である。
ちょっと待ってよ、そんなに単純に、終わりよければ〇て良し、ってわけにはいかないよ。",総,"総:general;whole;all;full;total",Guess the hidden Kanji,Text
"ドヴォルザークの『スラヴ舞曲集』はもともとピアノ連弾曲として作られたが、後に作曲者自身の手で管弦楽用にも〇曲された。
私は初心者なので「ガーター〇みのマフラー」か「一目ゴム〇みのマフラー」から始めようと思います。
マイクロファイバークロスは、髪の毛の１００分の１という細さの繊維で〇みあげられたクロスです。",編,"編:compilation;knit;plait;braid;twist;editing;completed poem;part of a book",Guess the hidden Kanji,Text
"トム、経〇も知らないのに口を挟むのは失礼ですよ。
タスマニアは南〇４０度のところにあります。
これが事故が発生した経〇です。",緯,"緯:horizontal;woof;left & right;(parallels of) latitude;prediction",Guess the hidden Kanji,Text
"日本では、トンボは、前へ前へ飛んで決して後ろに下がらないことから、勇ましくて決断力に富む勝負強い虫として「勝虫」といわれ、勝利を呼ぶ〇起のいい虫とされています。
お父さん、〇がギザギザの十円集めてるんでしょ？おじいちゃんが僕にくれたんだけど、これ、お父さんにあげようか？
おしゃれとは〇がなく、ジーパンにティーシャツ、ジャンパーといった格好で、駅まで自転車を走らせる。",縁,"縁:affinity;relation;connection;edge;border;verge;brink",Guess the hidden Kanji,Text
"土を手持ちで1スタック持っていれば、地下で暗闇に入ってしまったときに、ブロックを〇に積み上げて脱出することができます。
このカーペットのサイズは〇120センチ、横160センチです。
このじゅうたんの大きさは〇１２０センチ横１６０センチだ。",縦,"縦:vertical;length;height;self-indulgent;wayward",Guess the hidden Kanji,Text
"覚えておこう、もしこの金融危機が我々に何かを教えたのならば、それはメインストリートが苦しんでると同時にウォール街に〇栄はないということを。
中国では漢字の字数が多いから、複雑な〇体字をやめて覚えやすい簡体字に置き換え、識字率を高めることが簡体字推進の目的でした。
わたしたちの会社はマンモス会社で、〇雑な面を少くし能率を上げるために、改正あるいは撤廃すべき規則とか規約がいくつかある。",繁,"繁:luxuriant;thick;overgrown;frequency;complexity;trouble",Guess the hidden Kanji,Text
"布団は嵩張るので、客布団など使用頻度の低い布団は、圧〇袋に入れて圧〇して保管するのもいいでしょう。
課長がいつも部下を頭ごなしに𠮟りつけるので、みんな委〇して意見を言い出せないでいる。
これらの労働者を一時解雇するかわりに、彼等の労働時間を短〇すればよいじゃないか。",縮,"縮:shrink;contract;shrivel;wrinkle;reduce",Guess the hidden Kanji,Text
"中学の時は普段から毎日３時間だか勉強している陸上部の友達がいて、そいつはテスト前もそのペースは崩さなかった。部活ない分かえって暇になるということで、テスト前になると毎日そいつん家でゲームをしてた。あれがなけりゃ俺ももう少し好成〇取れたはずだが。
最近ノート取り方を変えて、それから数学に自信がついてきた。例えば、テストの時これまでは、何もわからないから、成〇が悪かった。でも、昨日テストをしたら、結果はまだわからないけど、やっと上手くいったと思うよ。
もっと成〇を気にかけられればいいのだけれど、でも自分の人生のある点において成〇はそんなに重要ではないと分かったんだ。",績,"績:exploits;achievements;unreeling cocoons",Guess the hidden Kanji,Text
"「っていうか、あなたは誰なの！？」床に転がっている俺は無視して、伊〇はその少女を問いただしていた。
半袖だと肌寒いんじゃないかな。何か一枚羽〇っていった方がいいよ。
かわいい系の小娘が、デパートの〇物コーナーに行き店員に尋ねた。",織,"織:weave;fabric",Guess the hidden Kanji,Text
"実験結果は測定可能なものでなければならないし、実験過程は、〇り返すことができるものでなければならないのだった。
良家出身のエリート検事と今どきの女子高生という、アンバランスな男女の間に〇り広げられる愛の物語。
質の良い練習を〇り返すことは自分の身になるが、質の悪い練習を〇り返すとそれは悪い癖となる。",繰,"繰:winding;reel;spin;turn (pages);look up;refer to",Guess the hidden Kanji,Text
"「警察だ。ちょっと署まで来てもらおうか」「な、なんで？」「こんな街中でドンパチやって〇にならないわけないだろうが！！」
みんなつらいつらいってばっか言ってるからさ、なんか幸せに生きることは〇なんじゃないかって気がしてくるんだよね。
彼は自分の〇のために死なれたキリストを信じ、平安と希望に満たされつつ、一年後、天に召されて行きました。",罪,"罪:guilt;sin;crime;fault;blame;offense",Guess the hidden Kanji,Text
"日本では、何かと判子を使いますが、実は〇名でもオッケーな場合が多いです。
彼が〇名した契約書がなければ、彼の口頭での同意は何の意味もないだろう。
「〇長！やっと奴の尻尾を掴みました！」「よし、でかしたぞ！」",署,"署:signature;govt office;police station",Guess the hidden Kanji,Text
"教室でどうどうとタバコをすう高校生たちとそれを注意できない教師たちは〇を受けることになります。
この施設内でゴミの投げ捨てをすると、最高５００ドルの〇金を課せられることがあります。
その少年を厳しく〇しないでください。もう少し大目に見てやってください。",罰,"罰:penalty;punishment",Guess the hidden Kanji,Text
"「これ、トムが訳したんだよね？」「うん、そうだけど」「モデム主〇って何？」「分かんないけど原文に modemism って書いてあったから」「ほんとに？」「ほんとだって。ほら」「あ、なんだ、modernism じゃん」
このような民主主〇の世代にあっては、皆自分がどう思うかではなく、一般に人気があるものを強く求めるのです。洗練されたものではなく、値段の高いものを。美しいものではなく、おしゃれなものを。
「こんにちは」「あら、お〇父さん、突然どうされたんですか？」「孫の顔が見とうなって、孫の顔を拝みに来たよ」「そうなんですね。もう少ししたら帰ってくるんで、どうぞお上がりください」",義,"義:righteousness;justice;morality;honor;loyalty;meaning",Guess the hidden Kanji,Text
"〇日、新聞社で、彼は中にダックスフントの入ったパンを描いた。ダックスフント・ソーセージではなく、犬のダックスフントの入ったものをである。
トムとの初デートの〇日、メアリーは一日中ぼーっとしていて、授業にも全く集中できず、ものを食べる気にもなれなかった。
〇月にはＮＨＬ初シャットアウトゲームを記録しＮＨＬスーパーゴーリーとしての才能を見せた。",翌,"翌:the following;next",Guess the hidden Kanji,Text
"日本が平和ボケしていると言っている人って、右〇だよ。
もし私に〇があれば、君のところへ飛んでいくのだが。
小さな〇をバサッと広げ、青い空で会いましょう！",翼,"翼:wing;plane;flank",Guess the hidden Kanji,Text
"忍〇強く事実を覚えていくことが、自己を表現したり判断を下したりする技術を身につけることにより遥かに大切とされているのである。
力、英知、忍〇と革新。あなたはこれら全てを持っているのだろうか？その王冠を手にしようとする汝はその重みに〇えることとなる。
しかしながら、このストライキは平和的ではなく、マーテイン・ルーサー・キング・ジュニア牧師は労使双方に忍〇と平静さを求めた。",耐,"耐:-proof;enduring",Guess the hidden Kanji,Text
"晴〇雨読の人生にも少々は憧れるけれど、僕にはそんな生き方、３日ももたないだろうな。
この〇運機が百万円もしたと聞いたときはびっくりしたよ。
その農民は２００エーカーの農園を〇した。",耕,"耕:till;plow;cultivate",Guess the hidden Kanji,Text
"ある朝、美術家が海岸で流木を見つけました。彼はそれを自分の作業場に持っていき、現在、村の教会に立っている有名な〇母マリア像を彫り上げました。
〇霊がある方の上に下って、その上にとどまられるのが見えたなら、その方こそ〇霊によってバプテスマを授ける方である。
〇職者は人生の落伍者の方に味方して、勝利者を説得し、歩み寄らせることを生業としているようにおもえる。",聖,"聖:holy;saint;sage;master;priest",Guess the hidden Kanji,Text
"「大学は今、家から通ってるんだよね？」「そうよ」「就〇はどうするの？家から通えるところにするの？それとも一人暮らしがしたいの？」「そうね。家から出て一人暮らしがしたいな」
私は図書館の〇員に金曜日締め切りのレポートのためにその本が必要だと言った。そうしたら彼女は借りている人に返却を求めるように言うと言った。
あなたの〇業がなんであれ、また、その〇業にどんなに満足していても、何かほかの仕事を選べばよかったと思うときがあるものだ。",職,"職:post;employment;work",Guess the hidden Kanji,Text
"ここの人たちは舌が〇えていますから、安くてもまずい店はすぐにつぶれてしまうんですよ。
その結果、雨が降れば、大量の表土、赤土、化学〇料、農薬が、海に流れだす。
熊は岩の下にいる、〇った虫をさがして、石という石をひっくりかえした。",肥,"肥:fertilizer;get fat;fertile;manure;pamper",Guess the hidden Kanji,Text
"たたんである半纏を広げれば、あちこちにつぎはぎがあり、〇口にできたほころびなんか、去年のままになっている。
英語をもっと頑張って、みんなと〇を並べて話ができるようになりたいと思っています。
確かに私の〇はコリコリだけど、今揉んでくれているゴリゴリしたところは骨だから！",肩,"肩:shoulder",Guess the hidden Kanji,Text
"ちなみに、魚のえらが真っ赤であるのは、〇と同じように「毛細血管」が多く集まっているからである。
のどの手術は彼の〇炎の回復には役だったが、手術の結果、彼の声は出なくなってしまった。
あの先生タバコで〇がんになったんだって。医者の不養生、そのものだね。",肺,"肺:lungs",Guess the hidden Kanji,Text
"そんな詰まらないことでトムとケンカしちゃって信じられないよ！〇がムカムカして気持ち悪いな～。
ストレスが〇の粘膜を荒らす原因のひとつは次のように考えられています。
こんなものを荒れた〇に流し込む俺の気持ちにもなってみろよ。",胃,"胃:stomach;paunch;crop;craw",Guess the hidden Kanji,Text
"違反のスピードを出して、突っ走っていた車がブレーキをかけたが、空回りして、運転手があっというまもなく、トラックの〇後に、もろにぶつかった。
「トムさんて、〇が高くて逞しいのね。こっちにきてキスしてくださらない？」「すんません、勘弁してください。自分、結婚してるんで」
小娘は商品を素早く受け取ると、彼女の隣に立っていた〇の小さな年寄りを指差してにっこり笑ってこう言った。",背,"背:stature;height;back;behind;disobey;defy;go back on;rebel",Guess the hidden Kanji,Text
"ダックスフントは、非常に長い〇と短い足をしたドイツ犬である。
人の体は、頭と首と〇体そして上肢と下肢で構成されている。
座席の下に救命〇衣があります。",胴,"胴:trunk;torso;hull (ship);hub of wheel",Guess the hidden Kanji,Text
"「愛してるよ、トム」「どれくらい？」「トムのこと考えるだけで〇がきゅーってなるくらい」
僕の〇はいちじくの実よりもやわらかく、僕の心はいちじくの葉よりももろくなっていたのだ。
今まで〇にこみ合っていたさまざまの忿怒のかたちは、太陽の光に当った霧と消えてしまった。",胸,"胸:bosom;breast;chest;heart;feelings",Guess the hidden Kanji,Text
"電子レンジにキッチンタイマー機〇を付けたら便利だと思う。まあ温めるつもりがタイマーにしてしまって、冷たくてびっくりとかありそうだが。
後者の〇力はすべて遺伝によって私達に伝えられる。つまり、親から受けつぐ遺伝子を通して私たちはそうした〇力を受け取るのである。
トラックバックとは、自分のブログ記事に他者のブログを引用したことを相手に伝えるための、ブログの機〇の一つである。",能,"能:ability;talent;skill;capacity",Guess the hidden Kanji,Text
"男性の方が女性より肌が〇っぽいって本当ですか？
バターは乳〇から作られる。
肉から〇身を取りなさい。",脂,"脂:fat;grease;tallow;lard;rosin;gum;tar",Guess the hidden Kanji,Text
"トムに君はどう思う？って聞かれたけど、〇なしだよ、とも言えないし。
彼はアルプス山〇の夜明けの美しさをぼんやりとたたずんで見ていた。
肺、心臓、静〇、動〇、毛細血管により循環器系が形成されています。",脈,"脈:vein;pulse;hope",Guess the hidden Kanji,Text
"２００６年９月の軍事クーデターで失〇、事実上亡命中だったタイのタクシン元首相が２８日、約１年半ぶりに帰国した。
〇本作者ピエール・オービュルナンの給仕クレマンが、主人の書斎の戸を大切そうに開いた。
ん～、イマイチなんだよねえ。この〇のあたりの線とかさぁ。なんとかなんないの？",脚,"脚:skids;leg;undercarriage;lower part;base",Guess the hidden Kanji,Text
"その女性は断固として「我々は値下げをしません」と言った。「びた一文たりともです。さぁ、お買い上げ頂けないのでしたら、そのスーツを〇いで下さい」
土を手持ちで1スタック持っていれば、地下で暗闇に入ってしまったときに、ブロックを縦に積み上げて〇出することができます。
此処に来て、それまでは一度も海にはいらうと思はなかつた私は、この時、何となく、着物が〇ぎたくなつた。",脱,"脱:undress;removing;escape from;get rid of;be left out;take off",Guess the hidden Kanji,Text
"しかし、もしその人が〇死状態であれば、二度と考えたり、しゃべったり、聞いたりすることは絶対にありません。
体が触れられたとき肌の感覚器官は〇に信号を送り、エンドルフィンのような化学物質が放出される。
もっとも重要なことは、〇にはこれらの解剖学的組織を結合する全体的な再入経路が必要である。",脳,"脳:brain;memory",Guess the hidden Kanji,Text
"私はこの三日間、傷んだサンドイッチと〇ったりんご、だめになったヨーグルトの他は食べていません。
もしかして、食卓の上に置きっぱなし？冷蔵庫に入れておかないと、〇っちゃうよ。
パソコンの使い方も知らないのにあんな高い機種を買うなんて、宝の持ち〇れだ。",腐,"腐:rot;decay;sour",Guess the hidden Kanji,Text
"禁酒法のしかれていた時代に、酒類密輸入の悪どい商売を〇ずくで自分の支配下におくために、てき屋たちは、おたがいに殺しあっていた。
「痛っ。何してんの？」「ぷりぷりして美味しそうだなって思って」「えっ？だからって、人の〇いきなりかじるのやめてよ」
しかし、アメリカではふつう、スポーツチームは〇で選ばれ、学業のコースは学力によって選ばれます。",腕,"腕:arm;ability;talent",Guess the hidden Kanji,Text
"「今日は、どうされましたか？」「昨日から、〇を曲げるとここら辺に激痛が走って、何もできないんです」「そうですか。わかりました。一度レントゲンを撮ってみましょうね」
盛大な溜息をつきながら、テーブルの上にどさどさとパンを置き、椅子にどっかりと〇掛ける。
最近流行りの〇パンはだらしなく見えるだけで、一度も格好いいと思ったことがない。",腰,"腰:loins;hips;waist;low wainscoting",Guess the hidden Kanji,Text
"特定の栄養素が〇の細菌叢の成長に影響を与えます。
あなたに以て戦ったとき、彼は断〇の思いがした。
大〇の長さは1.5メートルぐらいです。",腸,"腸:intestines;guts;bowels;viscera",Guess the hidden Kanji,Text
"「帰るの遅かったね」「それがね、家へ帰る途中、昔の友達にバッタリ会っちゃってさ、話が弾んでこんな時間になっちゃった」「お〇すいた」「わかった。わかった。すぐ作るから」
「昨夜、食べすぎてお〇壊してて、さっきからずっとトイレと友達なの」「大丈夫？今日休む？」「ありがとう。大丈夫。頑張って行く」「無理しないようにね」「うん」
「彼女のお〇に赤ちゃんいるってお母さんたち知ってるの？」「多分知らないと思う。言えるわけないだろう？」「でも、黙ってるわけにはいかないでしょ？」",腹,"腹:abdomen;belly;stomach",Guess the hidden Kanji,Text
"すべて人は、人種、皮〇の色、性、言語、宗教、政治上その他の意見、国民的若しくは社会的出身、財産、門地その他の地位又はこれに類するいかなる事由による差別をも受けることなく、この宣言に掲げるすべての権利と自由とを享有することができる。
最近、赤ちゃんのアトピー性皮〇炎が増えています。
おたがいに皮〇の色によって判断してはいけない。",膚,"膚:skin;body;grain;texture;disposition",Guess the hidden Kanji,Text
"トムの心〇の鼓動は止まってしまったが、医師たちは彼を蘇生させることに成功した。
もし〇器の販売を合法化したら、潜在的な健康問題が生じるかも知れません。
くーっ、ビールが五〇六腑にしみわたる。やっぱり仕事の後はビールだね。",臓,"臓:entrails;viscera;bowels",Guess the hidden Kanji,Text
"おやおや。いかな体育の授業といえど・・・真剣勝負の意気込みで〇まなければ、いざ実戦と言う時に役に立ちませんよ。
来年は〇時社員として１年間、市役所の仕事をすることになっています。
心身共にベストのコンディションで新人養成合宿に〇みましょう。",臨,"臨:look to;face;meet;confront;attend;call on",Guess the hidden Kanji,Text
"一方、全国紙の一社だけが夕刊に日米交渉は実質合意に〇ったという見出しを掲げて、政府関係者を含め多くの人を驚かせた。
一人物と馬丁が騎馬で一月一日に牛小屋に〇たりました。 だから数奇屋のなかで、可塑物の大口が一つだけあります。
天候は、世界の〇る所で、植物界と下等動物界の間の複雑な調和状態に影響を与えている。",至,"至:climax;arrive;proceed;reach;attain;result in",Guess the hidden Kanji,Text
"「いらっしゃいませ」「１０時に予約していた本田です」「ご来店ありがとうございます。本日は、タクシーでのご案内となります。タクシー〇着までもう少しお時間をいただくようになりますので、もしよろしければこちらに掛けてお待ちください」「じゃぁ、ちょっとタバコ吸ってくる」
「君の仕事についてはお客さんから不満が殺〇している。すぐに辞めてもらおう」「ふん、くそったれめ。こんな所はじめから勤めたくなかったんだ」
両親と一緒でなければその美術館に入れてもらえないだろうということにトムが気づいていなかったとは、〇底考えにくい。",到,"到:arrival;proceed;reach;attain;result in",Guess the hidden Kanji,Text
"パターソンの実験ではアウトプットされた物体がデザインされたモデルと完全に一〇するかどうかが不明確である。
しかし物々交換制は、人々の要求が一〇することは希であったので、非常に不満足な制度だった。
病室には白い服をまとった看護婦と産婆とが出産の準備を〇して居りました。",致,"致:doth;do;send;forward;cause;exert;incur;engage",Guess the hidden Kanji,Text
"「フランス語、〇味はあるけど難しいんでしょ？」「そんなことないよ。英語の100倍簡単だよ」「ほんとに？」「少なくとも僕にとってはね」「それはトムがネイティブだからじゃん」
「お医者さんになろうと思ったきっかけは何だったの？」「僕はね、人体に〇味があったのと、人の役に立ちたいって思ったからなんだ」
昨日トムと話してて、プログラミングに〇味あるって言ったら Python っていう言語薦められたんだけど、メアリー知ってる？",興,"興:entertain;revive;retrieve;interest;pleasure",Guess the hidden Kanji,Text
"ゴリラは話すのに唇や〇を使うことができないが、別の方法で人々とコミュニケーションができるのである。
あお向けに寝ると、〇やノドチンコがノドの奥に下がるため、上気道が塞がりやすくなります。
ここの人たちは〇が肥えていますから、安くてもまずい店はすぐにつぶれてしまうんですよ。",舌,"舌:tongue;reed;clapper",Guess the hidden Kanji,Text
"田〇では草も木も石も人間くさい呼吸をして四方から私に話しかけ私に取りすがるが、都会ではぎっしり詰まった満員電車の乗客でも川原の石ころどうしのように黙ってめいめいが自分の事を考えている。
田〇だけしか知らない人には田〇はわからないし、都会から踏み出した事のない人には都会はわからない。
彼女が都市に住んでいるか、それとも田〇に住んでいるかということは、どうでも良いことだ。",舎,"舎:cottage;inn;hut;house;mansion",Guess the hidden Kanji,Text
"すごいわね。できてまだ間もない会社なのに店〇も多いし、流行ってるし。
この街にはどこか他にも老〇のパン屋さんはありませんか？
サブフランチャイザーを増やして目指せ百店〇。",舗,"舗:shop;store;pave",Guess the hidden Kanji,Text
"ひとの声に似た不気味な鳴き声、漆黒の羽、死肉を啄む姿などから、鴉は不幸に〇い降りる不吉な鳥として世界に知られています。
もしこれが〇台の上で演じられたのだったら、まるっきり真実味のないフィクションだって悪態をついただろうな。
入学して１か月・・・まだ一人も友達がいないってのはやばすぎる。このままじゃ中学の二の〇だ！！",舞,"舞:dance;flit;circle;wheel",Guess the hidden Kanji,Text
"むろん、〇は何百艘も水面を動きまわっているが、どれでもいいというわけにはいかない。
その〇は、今晩イギリスに向けて出港することになっている。
安心して〇をこぐこともできれば、やじも飛ばせる。",舟,"舟:boat;ship",Guess the hidden Kanji,Text
"「１７歳の時スクーナー船で地中海を〇海したわ」彼女はゆっくりと注意深く言う。
このボートのエンジンがハワイへの〇路のなかばで駄目にならなければよいね。
大西洋上の巡〇高度から動力なしで地上へ滑空飛行し、緊急着陸に成功した。",航,"航:navigate;sail;cruise;fly",Guess the hidden Kanji,Text
"一〇的な誤解に反して、ケモナーが集まるコミュニティに関する10年間の専門的調査の末に収集されたデータはケモナーたちが一〇人よりも動物に'惹かれる'可能性が低いことを示していた。
一〇に、ある表現が自然だとか不自然だとかいう感覚はあまりあてにならないものです。たとえ不自然だと感じても、それは単に経験不足のせいだということは往々にしてあります。
一〇投票による「ピープルズ・チョイス賞」が今年も発表され、メル・ギブソンとジュリア・ロバーツが最も人気のある映画男優と女優に選ばれた。",般,"般:carrier;carry;all;general;sort;kind",Guess the hidden Kanji,Text
"最新のバイオ技術によって、〇の臭みを最小限に抑え、非常に飲みやすい「〇焼酎」です。
いつの日かこの〇虫は美しい蝶へと変化することでしょう。
じゃが〇が熱かったので口を火傷しました。",芋,"芋:potato",Guess the hidden Kanji,Text
"今でも寺子屋の〇居をみると、何だか昔がなつかしいように思われます。
こんなシリアスな〇居を見るのは初めてで貴重な経験ができました。
乱交パーティーの中で、めぐみはすっぱだかで〇生を走り回った。",芝,"芝:turf;lawn",Guess the hidden Kanji,Text
"そうしたら、〇みの下にいくつかの１０００ドル札の束を見つけ、それをバスケットの中に入れた。
これは、私が小さいときに、村の〇平というおじいさんからきいたお話です。
野〇が打者をおさえると観客がわきあがります。",茂,"茂:overgrown;grow thick;be luxuriant",Guess the hidden Kanji,Text
"だから、この〇々しい試合では選手がひどいけがを負っていたし、ときには死ぬこともあったのです。
ストレスが胃の粘膜を〇らす原因のひとつは次のように考えられています。
そのボクシングの試合は、どうかと思ったら、結局、〇れもようになった。",荒,"荒:laid waste;rough;rude;wild",Guess the hidden Kanji,Text
"序に、日本でシュークリームと呼んでいる〇子は、英国へ行ってもフランスへ行ってもその名前では通用しない。イギリスでシュークリームを持って来いといったら、靴墨を持って来たというおとしばなしもできているくらいだ。
序に、日本でシユウ・クリイムと呼んでゐる〇子は、英国へ行つても仏蘭西へ行つてもその名前では通用しない。英吉利でシユウ・クリイムを持つて来いと云つたら、靴墨を持つて来たといふおとしばなしもできてゐるくらゐだ。
「プリャーニクって知ってる？ ロシアのお〇子なんだけど」「あ、知ってるかも。蜂蜜が入ったクッキーみたいなやつ？」「そうそうそうそう！」",菓,"菓:candy;cakes;fruit",Guess the hidden Kanji,Text
"ラテン語が世界最初の「国際語」として何百年以上もの間使われてきたことがわかると、英語との類似点はよりいっそう顕〇になってくる。
本のそれぞれの部は〇者の人生から採られた引用―本の一節、道端の見知らぬ人への質問、ガールフレンドの叫び―で始められている。
米国の研修医制度については、田中まゆみ氏の〇書「ハーバードの医師づくり」（医学書院）を一部参考とさせていただきました。",著,"著:renowned;publish;write;remarkable;phenomenal;put on;don;wear;arrival;finish (race);counter for suits of clothing;literary work",Guess the hidden Kanji,Text
"１モルの氷を水にするときと、１モルの水を水〇気にするとき、より多くのエネルギーが必要なのは？
かつてはロードローラーは馬が曳いていたが、〇気機関の発明により、スチームローラーが現れた。
空気中の水分の内90%は海洋、湖沼、河川から〇発したものだ。",蒸,"蒸:steam;heat;sultry;foment;get musty",Guess the hidden Kanji,Text
"北極熊は、生きていくために体を適温に保ち、数日か数ヶ月もあくかもしれない食事の間持ちこたえられるだけの十分なエネルギーを〇えねばならない。
日本の高い家計貯〇率にはいくつかの理由があるが、中でも家を買うために貯金しようとする人々の欲求に帰せられる。
高い貯〇率は日本の高い経済成長の一つの要因にあげられる。それが豊富な投資資金が存在することを意味するからだ。",蓄,"蓄:amass;raise;hoard;store",Guess the hidden Kanji,Text
"「昨日さぁ、冷〇庫に入ってたトムのチョコ食べたら、マジ切れされちゃったんだけど、そんなに怒らなくてもいいと思わない？」「冷〇庫のって、あのピンクの箱に入ったやつ？」「そうそう」「そりゃぁ、怒るわよ。あれ本命にもらったチョコだもん」「マジで？」
１０世紀、シーラーズにはすでに、当時よく知られたすべての本を所〇していたと言われる図書館があった。
このような辞書には、「冷〇庫」という言葉を使った例文が少なくとも2つは載っているはずだ。",蔵,"蔵:storehouse;hide;own;have;possess",Guess the hidden Kanji,Text
"ヌテラは日本のなかでなじみが〇いが、アメリカやヨーロッパなどでは人気のあるスプレッドであり、スーパーマーケットや食料品店には、大小さまざまなサイズの瓶が並んでいる光景が見られる。
言葉にできないものを大切にするのは大事なことだが、言葉を使って言葉にできないものに肉〇しようとする努力を怠ってはならない。
私はある時、初めて識り合ひになつた画家に伴はれて、深夜そのアトリエにはひつたことがある。屋根裏の〇暗い部屋である。",薄,"薄:dilute;thin;weak (tea);pampas grass",Guess the hidden Kanji,Text
"暖炉には〇が足りず、早くも火勢が衰え始めている。
おっと！火種が残りすくないぞ！〇割りしてくれ！
〇が足りず、はやくも火勢が衰えはじめた暖炉。",薪,"薪:fuel;firewood;kindling",Guess the hidden Kanji,Text
"〇が糸を吐いている。
〇は繭を作る。",蚕,"蚕:silkworm",Guess the hidden Kanji,Text
"「ハナミズキ」は、1915年アメリカ合〇国ワシントンD.C.から苗木が贈られ日本で植栽されるようになった。
マイアミ・ヒートは、アメリカ合〇国フロリダ州マイアミに本拠を置く全米プロバスケットボール協会のチーム。
合〇国は長い間「るつぼ」として知られているが、それは国民のほとんどが移民の子孫だからである。",衆,"衆:masses;great numbers;multitude;populace",Guess the hidden Kanji,Text
"両親と一緒でなければその美〇館に入れてもらえないだろうということにトムが気づいていなかったとは、到底考えにくい。
「目の手〇とか怖い」「そんなこと言ってる場合じゃないでしょ。このままじゃ失明するかもしれないんだよ」
俳優、芸〇家、音楽家、それに作家は、話し言葉、身振り、色彩、音などを含む色々な形を使うことが出来る。",術,"術:art;technique;skill;means;trick;resources;magic",Guess the hidden Kanji,Text
"高齢の守〇、トム・スケレトンは、よれよれのアームチェアーに座りこんで、俳優たちが楽屋からの石段を上ってくるのを聞いていた。
下戸だから、飲みに誘われても行くのに気が引けちゃうんだ。のん兵〇の中だと疎外感しかないじゃん。
世界初の人工〇星はスプートニク1号で、ロシアにより1957年に打ち上げられた。",衛,"衛:defense;protection",Guess the hidden Kanji,Text
"私の孫息子は猫を飼っている。その猫は白と黒の〇毛を持ち緑がかった瞳をしている。孫はその猫と遊ぶのが大好きで、その猫をビビと名づけた。ビビは美しい。それは私たちのペットである。
コーネル大学の研究によると、ブサイクな〇告はイケメン、美女の〇告より２２パーセント高い確率で有罪になるんだって。
コーネル大学の研究によると、容貌の悪い〇告は良い〇告より２２パーセント高い確率で有罪判決を受けるということだ。",被,"被:incur;cover;veil;brood over;shelter;wear;put on;be exposed (film);receiving",Guess the hidden Kanji,Text
"共産主義は失敗し、プロレタリア独〇は時代遅れとなったので、資本主義そのものは、未だ人類を脅かすものであるにもかかわらず、今迄のところ一番良い体制であることがわかる。
その〇きというのはこうである。光が世に来ているのに、人々は光よりやみを愛した。その行いが悪かったからである。
「そのスーツいいね」「ありがとう。母さんが縫ってくれのよ」「母さんやるね」「うん。洋〇の先生してたからね」",裁,"裁:tailor;judge;decision;cut out (pattern)",Guess the hidden Kanji,Text
"その間にトニーは６０代半ばになっていたが、まだよく仕事ができた。しかし新品のトラック、新しい芝刈り機、たくさんの〇備を手に入れ３人の手伝いを抱えていた。
日本のカメラ、自動車、ハイファイ〇置などは海外で広く使われているし、日本で開発された先端電子なしにやっていける先進国はほとんどないほどになっている。
彼の色とりどりの服〇、長いカツラ、白い手袋を見たら、ディズニーランドか何かから逃げ出してきたのかと思う人もいるだろう。",装,"装:attire;dress;pretend;disguise;profess",Guess the hidden Kanji,Text
"「パパ、三人で鬼ごっこしよ。パパ、鬼ね」「ガオー。悪い子はどこだ。捕まえて食べちゃうぞ。よし捕まえた」「きゃぁ。痩せっぽちの僕を食べても美味しくないぞっ！メアリーの方がきっと美味しいって」「トムの〇切り者！」
「娘のインスタの〇アカを見つけたって喜んでるようじゃぁ、まだまだだね。〇には〇があるから、気をつけてね」「つまり、『いたちごっこ』ってことね」
大学出たての新人は資料を作ったり、コピーをとったりと〇方仕事に徹するのだろうと、勝手に想像していたのですが見事に〇切られました。",裏,"裏:back;amidst;in;reverse;inside;palm;sole;rear;lining;wrong side",Guess the hidden Kanji,Text
"「メアリーは部長に立候〇しないの？」「したいんだけどさ、規約上部長は男性しかなれないんだよ」「そんなウン十年前の規約、とっとと廃止しようぜ」
母国語が日本語ではない方々が、一生懸命頑張って書いておられる日本語は、多少違っていても頭の中で〇正して読んでしまいます。
括弧は使わず、〇足情報はコメント欄にてご対応ください。必要に応じて、2文を追加することもできます。",補,"補:supplement;supply;make good;offset;compensate;assistant;learner",Guess the hidden Kanji,Text
"「ただいま」「おかえり」「今日のおやつは何？」「今日はね、お母さん特〇のマフィンよ」「やったぁ。手洗ってこよっと」
弊社はこの新〇品を、新しい商品のジャンルを創り、新しい客層の創出を目標として位置づけています。
私って新しいもの好きで、店で新〇品をみるとすぐ買ってしまう。でも、そのうち半分は失敗するね。",製,"製:made in...;manufacture",Guess the hidden Kanji,Text
"私達が言語は文化的に伝えられる、つまり、学習されるものであって受け継がれるものではないと言う場合、言語は、文化人類学者が文化と呼ぶ、学習され共用される行動の〇合体の一部であるという事なのである。
エスペラント語では、名詞は「o」で終わります。〇数形は「j」をつけることで表されます。
競馬などで、ｓｔａｋｅｓと言う。この意味では〇数形で使われることが多い。",複,"複:duplicate;double;compound;multiple",Guess the hidden Kanji,Text
"基本はアスカがシンジをいじめる。で、たまにキレたシンジがアスカを〇う。その時のアスカはやけにしおらしい。
おそらく長期にわたって首都を〇った自然災害のため、この時代に関する現存する記録はことに希少である。
パックマンがある条件を満たすと、追ってくるモンスターを逆〇して食べることができる。",襲,"襲:attack;advance on;succeed to;pile;heap",Guess the hidden Kanji,Text
"外国人を悩ますもう一つの、多くの日本人のもつ傾向は、「すべての」「あらゆる」というような言葉を使ったり、仄めかしたりして、あまりにも一般的であり、あまりにも広がりのある表〇をする点にある。
私は例文の作成や翻訳作業を、母国語で行うことをおすすめします。それは、多くの人が信用できる自然な言い方や表〇を使った例文を作成したり、例文を自然に翻訳することができるためです。
人々は自分の考えを表〇しなければならない。人々は、社会が彼らにそうする自由を認めなければ、自分の考えを表〇することはできない。",現,"現:present;existing;actual",Guess the hidden Kanji,Text
"１平方メートルの太陽光発電パネルの出力は約１ワットであり、今のところ大〇模に太陽電力を利用するのは困難である。
米国通貨を大量に売っている投機筋に対抗して、主要国の中央銀行は市場で大〇模な協調介入を行った。
世界的な全面核戦争が起これば、地球〇模でこの「核の冬」が数カ月間も続くと言われています。",規,"規:standard;measure",Guess the hidden Kanji,Text
"統合医療 とは、個人差を重〇して、現代西洋医学を基にした科学的な先端医療から伝統医学、自然療法といったさまざまな治療法を積極的に取り入れ、多面的に組み合わせた医療です。
教育システムにおいて、本当の学びよりも受験での点数の方がより重要〇されるのがわけわからない。こんなの、システムを実行しやすいだけで、ベストな選択じゃないと思うな。
ラビ、〇よ、汝とともにヨルダンの彼方にありし者、なんぢが證せし者、バプテスマを施し、人みなその許に往くなり。",視,"視:inspection;regard as;see;look at",Guess the hidden Kanji,Text
"イエスは、ガリラヤ湖のほとりを歩いておられたとき、シモンとシモンの兄弟アンデレが湖で網を打っているのをご〇になった。
他の写真をご〇になりたい場合は、どうぞ当方までご連絡ください。電子メールでお送り致します。
「うっかり観〇車の中で脱糞してしまったわい」「もう，おじいちゃんったら」",覧,"覧:perusal;see",Guess the hidden Kanji,Text
"英語の文を理〇するには、「主語」と「動詞」そして、その後に来る「目的語」にあたる単語または文の部分をはっきりさせなければなりません。まず、「誰が」「何を」「どのようにしたか」を理〇する必要があります。
散文を読んでも詩を読んでも十分に理〇できないことの多い僕が、一時期好んで詩を読み漁っていたのは、詩は「分からなくてもいいんだよ」って言ってくれる感じがしたからだったのかもしれない。
人が肉体を持ち、地上に生まれたからといって、地上のことを全て理〇するわけではないのと同様に、死んだからといって霊的世界を全て理〇しているわけでもないのです。",解,"解:unravel;notes;key;explanation;understanding;untie;undo;solve;answer;cancel;absolve;explain;minute",Guess the hidden Kanji,Text
"今日の授業は、コロナで休んでいる人が多かったから、自習になりました。その間、先生はリラックスした様子でパソコンを〇っていました。
ツイッターを始める前は一日中日記を書いていた。朝から晩まで日記帳を〇っていたから、十数ページ埋めた頃にはボロボロになっていた。
適切にアースされていないマイクに〇れると、命に関わる場合があります。何人かの歌手は実際そうやって亡くなっているのです。",触,"触:contact;touch;feel;hit;proclaim;announce;conflict",Guess the hidden Kanji,Text
"ミーティングの前に他のメンバーに検〇してもらうため、４月５日の午前中までにそれが必要です。
面倒なようでも、基本に立ち返って検〇し直したらどうだろう。急がば回れ、というじゃない。
現在、中古で10万円前後にて、150cc〜250ccのバイク購入検〇しているのですが。",討,"討:chastise;attack;defeat;destroy;conquer",Guess the hidden Kanji,Text
"お宮参りで〇れた大西幸治さん(40)、由希恵さん(34)夫妻は「子どもが健やかに育つことを祈りました」と話していた。
ストラットフォード・オン・エイヴォンは、シェイクスピアの生まれたところですが、毎年多くの観光客が〇れます。
もし東京を〇れたら、必ず名物の「深大寺そば」を食べてみて。ほっぺたが落ちるほど美味しいから！",訪,"訪:call on;visit;look up;offer sympathy",Guess the hidden Kanji,Text
"私たちがその目の不自由な人のための施〇に着くか着かないうちに、私は、幼くて目の見えない子供たちと友達になり始めていた。
やっぱりハイエンド機種だけあって〇定項目とかすごい細かい。自分の物にするにはしばらく時間が掛かりそう。
学寮長のベイカーさんは、それゆえに自分の所有する小さい車のために、駐車場に特別なスペースを〇けた。",設,"設:establishment;provision;prepare",Guess the hidden Kanji,Text
"人を〇すことを覚え、身につけなければいけません。〇す力量のない者には、愛する力もありません。最悪の人間にもどこか取り柄があるように、最高の人間にも悪い面はあります。これがわかれば、敵を憎む気持ちが薄れます。
ある朝、食事のときに、私たち子どもは、もうこれからはしたい放題のことをして暮らすことは〇されなくなると知らされて、すっかり落胆した。
我らに今日も日々の糧をお与えください。我らの負い目をお〇しください。我々も、我らに負い目のある者たちを〇します。",許,"許:permit;approve",Guess the hidden Kanji,Text
"「これ、トムが〇したんだよね？」「うん、そうだけど」「モデム主義って何？」「分かんないけど原文に modemism って書いてあったから」「ほんとに？」「ほんとだって。ほら」「あ、なんだ、modernism じゃん」
わたしにとってはひと昔前の学校での英語の〇は、まぁ、不自然でした。でも慣れてしまうこともあって、「ゆるせんぞ！」とまではいかなかったのかなぁ。そんなもんかと適応しようとしたといった方がいいかもしれません。
Tatoebaに復帰してしまった。以前にポストした長文が〇されていたりしてちょっと感動した。また前のようにメールから抜き出してオリジナル例文として投稿するというのをやっていて、今昨年末まで終わったとこ。",訳,"訳:translate;reason;circumstance;case",Guess the hidden Kanji,Text
"スポーツが人々に〇えるのは、その健康的側面によるだけでなく、チーム競技が養う協調精神、それに競争的側面そのものにもよるのである。
憂国者はいつも国のために死のうと〇えていて、国のために人を殺そうとは言わない。
政府は通常インフレがある水準に達した場合は、物価の抑制の措置に〇える。",訴,"訴:accusation;sue;complain of pain;appeal to",Guess the hidden Kanji,Text
"日本では甘党辛党などと称し、酒好きと菓子好きとを対立させているが、これはどうも理屈に合わないらしい。ババ・オオ・ロムのごとく、酒入りの菓子があることはその不合理を〇明している。
日本では甘党辛党などゝ称し、酒好きと菓子好きとを対立させてゐるが、これはどうも理屈に合はぬらしい。ババ・オオ・ロムの如く、酒入りの菓子があることはその不合理を〇明してゐる。
ヨハネの〇言はこうである。ユダヤ人達が祭司とレビ人をエルサレムからヨハネのもとに遣わして、あなたは誰ですかと尋ねさせた。",証,"証:evidence;proof;certificate",Guess the hidden Kanji,Text
"今晩は、「ひよこ豆」の代わりに「金時豆」を使ってカレーを作ってみたんだけど、「ひよこ豆」に飽き飽きしてた母さんからは、めっちゃ好〇でした。
公平に〇すれば、彼は善意からやったのだと認めなければならない。
彼はもう一回、君の作文についての先生の批〇を読んだ方がいい。",評,"評:evaluate;criticism;comment",Guess the hidden Kanji,Text
"英語の文を理解するには、「主語」と「動〇」そして、その後に来る「目的語」にあたる単語または文の部分をはっきりさせなければなりません。まず、「誰が」「何を」「どのようにしたか」を理解する必要があります。
動〇helpはto不定〇・原形不定〇の両方をとりますが、くだけた文体では原形不定〇が多いとされており、この例文でもそれが使われています。
これもわたしの場合ですが、面とむかって顔と顔を合わせて話す場合には、主語や助〇など省略していることが多いですね。",詞,"詞:part of speech;words;poetry",Guess the hidden Kanji,Text
"「ねえねえ、知ってる？あなたが買ってきてくれた缶〇って、人間用じゃなくて猫用だって」「マジで？あれ、キャットフード？」「そうね」
メアリーはトムに〇め寄った。「なんでそんなこと言うの？ うちトムのこと好きって言ったよね？ 好きになっちゃダメだったの？」
「少し〇めていただけませんか」「あ、ごめんなさい。こんなに場所をとっていたなんて気付きませんでした」",詰,"詰:packed;close;pressed;reprove;rebuke;blame",Guess the hidden Kanji,Text
"「なんでそんなにフランス語に〇しいの？」「そりゃフランス人だもん。〇しいに決まってんじゃん」「でも僕日本人だけど日本語のことそんなにうまく説明できないよ？」
私どもの製品についての〇細な情報は、インターネット上のｈｔｔｐ：／／ｗｗｗ．ｊｐｇａｒｄｅｎ．ｃｏｍでご覧になれます。
国防総省関係者は、異常がいつ発生したかについては口を閉ざしており、飛行の〇細についても論評をさけました。",詳,"詳:detailed;full;minute;accurate;well-informed",Guess the hidden Kanji,Text
"「見て見て！ 聞き流すだけで1週間で英語がペラペラになるCDだって」「馬鹿、そんなもん〇大広告に決まってんだろ」
みんなは絵が上手い。でも、いつも別の人を目標にして自分のこと厳しく責めちゃダメだよ。〇りは持てれば十分。
学校がきれいに保たれており、生徒がそれに〇りを持っていることも、印象深いものでした。",誇,"誇:boast;be proud;pride;triumphantly",Guess the hidden Kanji,Text
"そのように売り上げが大きいとは、セールスマンにとって名〇である。
スポイルされた子を〇める価値がない。厳しい教育を受けるべきです。
言葉に出して〇めることで子供にやる気を出させるようにしなさい。",誉,"誉:reputation;praise;honor;glory",Guess the hidden Kanji,Text
"返事が来なくても別に何とも思わない相手にこちらからメールを送るのは、〇実さに欠ける行為なのかもしれない。
誰もが賛辞を耳にするのは好きであるが、過剰な賛辞は〇実さを感じさせないという逆の効果をもつ。
ジョンは、その〇実でないセールスマンが、彼をだまして無用な機械を買わせたと主張した。",誠,"誠:sincerity;admonish;warn;prohibit;truth;fidelity",Guess the hidden Kanji,Text
"その伝達の方法には、カタログはもちろんであるが、手紙、雑〇や新聞による広告、ラジオやテレビのコマーシャル、電話による買い物なども含めることが出来る。
ところで君は何かチェックしてるブログとかコラムとかそういったものはあるのかい？いや別にウェブに限らず雑〇とかでもいいが。
確かに、Ｍａｎｋｉｎｄ　Ｑｕａｒｔｅｒｌｙ〇は出典として頼るにはもっとも奇妙なものである。",誌,"誌:document;records",Guess the hidden Kanji,Text
"「これね、カチョカヴァロって言うんだけど、焼いてたべると美味しいんだって」「えっ？チュパカブラ？」「ちゃいます。それは、南米の未確〇生物。これはチーズ！」
彼はいろいろ他人の欠点をあげつらうのにうんざりしてしまった。そこで彼らの言うことは何でも、たとえどんなにくだらなくてもそのまま〇めることにしている。
その上、実験が法則に逆らって行われたことはなく、常に、十分に法則の範囲内で行われた。さもなければ、実験が実験として全く〇められなかっただろう。",認,"認:acknowledge;witness;discern;recognize;appreciate;believe",Guess the hidden Kanji,Text
"「トムの〇生日にさ、みんなで遊園地に行かない？トム、絶叫マシンに乗ってみたいって言ってたし。どう？」「いいね」
それは、アンソニー卿の８０歳の〇生日でのコンサートであり、みんな切符を手に入れたがっていました。
その人気テレビシリーズが発端となって、秋には二つのショー番組が〇生することになっている。",誕,"誕:nativity;be born;declension;lie;be arbitrary",Guess the hidden Kanji,Text
"フランス語では正しい道を進む（prendre le bon chemin）のと道を〇る（perdre le bon chemin）との間に文字二つの違いしかない。
普通の人間なら言語を使うことができるというのは事実だが、この能力を食べたり、眠ったり、歩いたりする能力と比べるのは〇解を招きやすい。
いずれにせよ、その隔たりは現実のものであり、実際に役に立つものではあるのだが、同時にそれは〇解を招くおそれのあるものでもある。",誤,"誤:mistake;err;do wrong;mislead",Guess the hidden Kanji,Text
"「トム、おはよう。どうしたの？今日来るの早いね」「うん。早く目が覚めたから、来てみた」「ふぅん。そうなんだ。それはそうとして、今日の１限目の国際政治〇って、休講だって知ってる？」「えっ！！」
進化〇は研究で証明されているというのに、いまだに科学というより神話に基づいたような使い古された説明にしがみついている人たちがいる。
何故生きてゆくのは苦しいか、何故、苦しくとも、生きて行かなければならないか。勿〇、李は一度もそう云う問題を考えて見た事がない。",論,"論:argument;discourse",Guess the hidden Kanji,Text
"クリストファーコロンブスは、あまりにつまらないと見なしたヨーロッパの〇言語に不満を感じて、自分しか話せないほど複雑な「コロン語」を考案した。
パプアニューギニア近くのカーテレット〇島では、海水が家のまわりにうち寄せているので、すでに家を離れなければならなくなった人たちがいる。
日本では、〇外国と比較して食生活におけるトランス脂肪酸の平均摂取量は少なく、相対的に健康への影響は少ないと主張する説もある。",諸,"諸:various;many;several;together",Guess the hidden Kanji,Text
"最近は老若男女が歌えるような歌〇曲を耳にすることもなくなった。
あなたは童〇のレコードのセットをさがしているそうですね。",謡,"謡:song;sing;ballad;noh chanting",Guess the hidden Kanji,Text
"「・・・おい・・・おい、先生！」「え？・・・あ、ああ」「マジだいじょうぶ？休〇にしたら？」
クラスメートは、このようなオンラインコースを受〇することについてどう思っていますか？
君のクラスの人は、このようなオンライン〇座を受けることをどう思ってるの？",講,"講:lecture;club;association",Guess the hidden Kanji,Text
"ええ、そうすれば感〇されるということは重々分かっています。だけどそれは僕をこの上もなく退屈させるのです。
僕はスーザンに〇ろうと電話したのに、彼女ときたら一方的に電話を切っちゃったんだ。
彼が〇ろうとしていたちょうどそのとき、その人は彼の顔にパンチをくらわせた。",謝,"謝:apologize;thank;refuse",Guess the hidden Kanji,Text
"しかしながら、未知の外国語を聞くとき、我々は異なる単語を聞き分けることができず、発言をほとんど休止のない音の連続であると認〇します。
ポルトガル語で面白いと思った文を書いて、外国語に翻訳したかった。でも、悲しいことに、僕の外国語の知〇ではやっぱり十分じゃないんだな。
面白いと感じたことをポルトガル語で書き、他の言語に翻訳したいと思いました。しかしながら、私の外国語の知〇ではたかが知れています。",識,"識:discriminating;know;write",Guess the hidden Kanji,Text
"〇官は犯人にピストルを向けた。するとその犯人が、こんどは〇官に直接自分のピストルをつきつけた。どちらも勝ち目はなかった。絶体絶命だった。
公園で酔っ払いが騒いでいると近隣住民から通報があり、〇察官が駆けつけたところ、泥酔し全裸になった草彅が一人でいた。
交通量の多いことによる騒音は大変なものだったので、その〇官は自分の声を通すことができなかった。",警,"警:admonish;commandment",Guess the hidden Kanji,Text
"そのため、要介〇認定の結果は介〇サービスの量と関係している必要があります。
難しい食事療法から、下痢の世話まで、二十四時間介〇の日々が続いた。
肌の色のいかんを問わず、彼は万人の言論の自由を擁〇した。",護,"護:safeguard;protect",Guess the hidden Kanji,Text
"ビタミンＥを〇富に含む食物には、濃い緑色をした菜っ葉類・豆類・ナッツ類・全粒穀類がある。
日本文学は、その美しさと〇かさにもかかわらず、西欧ではまだ不十分にしか知られていない。
わたし達は皆、この方の満ち満ちた〇かさの中から、恵みの上に更に恵みを受けたのである。",豊,"豊:bountiful;excellent;rich",Guess the hidden Kanji,Text
"初の海外で、一緒に旅行にいったうちの一人がスリに遭ってもう大変だったんだ。だから、あまりいい印〇が残ってないのだと思う。
トーテムポールと呼ばれるこれらの柱は、崇拝の対〇として、あるいは敵を驚かせるために作られたと考えられている。
若い頃には、人気者にとてもなりたかったので、誰にでもよい印〇を与えたかったと、彼は私に言った。",象,"象:elephant;pattern after;imitate;image;shape;sign (of the times)",Guess the hidden Kanji,Text
"今年の夏は少雨による水不足が懸念される一方で、局地的なゲリラ〇雨は昨年の3.5倍になるとの予想も出ている。
たとえいくらかかろうともその傑作は手に入れると、その大富〇は言い張った。
あのね、ゴリラ〇雨じゃなくて、ゲリラ〇雨だよ。ちゃんとわかってる？",豪,"豪:overpowering;great;powerful;excelling;Australia",Guess the hidden Kanji,Text
"幸せって小さな中にあるの。ちっちゃいヨット、こぢんまりとした邸宅、わずかな〇産......。
どんなに〇産があっても、貪欲な人間は満足できない。世界中の〇宝を集めても幸福にはなれない。
そのあてもないのに、父親の〇産相続を口にするとは、ボッブも根も葉もないことをいう人だ。",財,"財:property;money;wealth;assets",Guess the hidden Kanji,Text
"いろいろできるし、みんなから重宝されるのはいいけれど、気がついたら器用〇乏といわれないようにな。
トムはメアリーが金目当ての女だと知ってがっかりし、メアリーはトムが〇乏だと知ってがっかりした。
巨乳か〇乳かどっちが好きかって？そりゃあ，巨乳だよ。〇乳が好きだなんて奴はみんなロリコンさ。",貧,"貧:poverty;poor",Guess the hidden Kanji,Text
"保健省は今日、心臓への副作用に関する問題のために、子供向けの薬の流通を停止し、回収することを発表しました。これを受けて政府は、この薬の輸入〇売禁止を決定しました。
製品やサービスを世界市場に〇売しようとする企業にとっては複数外国語によるコミュニケーションのノウハウが必須である。
商務省の報告によれば、先月の小売り〇売は０．７％増加しましたが、これはもっぱら好調な自動車〇売によるものです。",販,"販:marketing;sell;trade",Guess the hidden Kanji,Text
"みんなは絵が上手い。でも、いつも別の人を目標にして自分のこと厳しく〇めちゃダメだよ。誇りは持てれば十分。
生まれてはじめて良心の呵〇を感じましたが、そうする以外にその場をしのぐ方法はありませんでした。
それが、私の失敗だってことは自分でもよくわかってるけど、そんなに〇めることなくない？",責,"責:blame;condemn;censure",Guess the hidden Kanji,Text
"〇金箱って、普通ブタの形してるのに、僕のはカンガルーのような形なんだよな。どうしてなのか、未だに謎なんだ。
それは、5ドルや10ドルや20ドルといったごくわずかの〇金を掘り起こした働く人々によってたてられたのだ。
会社をクビになったけど、〇金がすこしあるので、差し詰め生活には困らない。",貯,"貯:savings;store;lay in;keep;wear mustache",Guess the hidden Kanji,Text
"〇社の技術部長はミーティングの日時を４月６日の午後１時とおっしゃっていましたが、４月７日の午前１０時ではどうでしょうか。
お化けなんてこわくないと言っていた〇士だが、誰もいないはずの２階で物音がした途端、すたこらさっさと逃げ出したのだった。
民主主義の〇重な成果は国民にとって、非常に大切なものである。だから国民はこの民主主義の理念を維持するために戦う。",貴,"貴:precious;value;prize;esteem;honor",Guess the hidden Kanji,Text
"「明美さんからのこのラブレターどうする？こんなにあるけど」「捨てていいよ」「あっ、分かった。じゃぁ、一通り目を通したら捨てるね」「ぷっ。〇せっ。俺が捨てる」
「場所を〇してくださったお礼として何か持って行った方がよくないかな？」「そうねぇ。コーヒーなんかどうかな？」「いいねぇ。それにしよう」
本日は8時で閉館です。カウンターの受付は7時50分で終了しますので、図書の返却・〇出等の手続きはお早めにお願いします。",貸,"貸:lend",Guess the hidden Kanji,Text
"彼らは少しの間どうしたものか考えていたけど、どうしたらいいか考えて一日中〇やすわけにもいかないでしょう。そこで最後にはもう一つのグラスも持ち上げたわ。そしたらまた水が床一面にこぼれたわけ。
時間というのは、あなたの人生の貨幣です。あなた自身が使うのです。あなたの為だからといって他人に消〇させてはいけません。
凍死しそうな乞食が手当てのため、病院に運び込まれた。だが、その乞食は治療〇を清算するような金は一文も、もってなかった。",費,"費:expense;cost;spend;consume;waste",Guess the hidden Kanji,Text
"労働者は〇上げやより良い労働条件を求めて、ストライキをすることができる。
今や男女の〇金を平等にするだけでなく、家事の責任も平等にすべき時である。
その結果、同一労働に対し同一〇金を得ている女性が増えつつある。",賃,"賃:fare;fee;hire;rent;wages;charge",Guess the hidden Kanji,Text
"「あっ、時間ないし。やけっぱちよ。ぶっつけ本番でいこう。明日、がんばろう。もう、どうにでもなれってんだ」「どうしたの？」「明日、ゼミのプレゼンがあるの。〇料が今できたんだけど、まだ一度も通してやってないの。どうしよう」「どうにもならないね」
「ゆみ先輩って、今日はどうしてお休みなんですか？」「あっ、猫が家出したらしいよ」「えっ？それって、ＯＫなんですか？」「ＯＫだよ。彼女の有休だから。彼女にお願いしようと思ってた〇料があるんだけど、今日中によろしくね」「はい」
「田中先生に頼まれていた〇料を持ってまいりました。どういたしましょうか？」「先生は学会です。そこに置いておいてください」",資,"資:assets;resources;capital;funds;data;be conducive to;contribute to",Guess the hidden Kanji,Text
"月〇によって人々は昔よりたくさんのものを購入できる。
このテレビを月〇で買った。",賦,"賦:levy;ode;prose;poem;tribute;installment",Guess the hidden Kanji,Text
"分からないことを教えてもらいたいと思う気持ちを恥ずかしがるんじゃない。分かろうとすることは、称〇に値する。何も学びたくないとか、けしからん。
あいつのことを好きなやつは誰もいない。なぜならあいつはいつも自分のことを自画自〇ばかりしているからだ。
トムの考えは〇同できないところも多いけど、あいつの文章の読みやすさは見習いたい。",賛,"賛:approve;praise;title or inscription on picture;assist;agree with",Guess the hidden Kanji,Text
"一般投票による「ピープルズ・チョイス〇」が今年も発表され、メル・ギブソンとジュリア・ロバーツが最も人気のある映画男優と女優に選ばれた。
今回ご紹介するのは、低カロリーで滑らかな口当たりの豆腐でできたケーキです。ぜひご〇味ください。
記憶をなくした「機械仕掛けの少女」アリアはふとした事から〇金稼ぎをしている男・ロイと出会う。",賞,"賞:prize;reward;praise",Guess the hidden Kanji,Text
"正しい文を書くのはとても簡単なので、間違っている文を抹消しているうちに、不意に一つ、二つ正しい文を一緒に抹消してしまっても、かまわないと私は思います。そうすることで、コーパス全体の〇を上げられるからです。
「おバカチックな〇問していい？これなんて読むの？コロナ......？うず？なべ？違うよね」「コロナか」「あっ、『か』なんだ」「もっとテレビも見た方がいいと思うよ」
先月私達が係わっていたＸＹＺプロジェクトについて今日社長から〇問を受け、その答えを用意していなかったので正に不意をつかれた形になってしまった。",質,"質:substance;quality;matter;temperament",Guess the hidden Kanji,Text
"どのような集まりでも〇り物を交換することの喜びの半分は、他の人たちが持ってきたものを見、そしてそれについて語り合うことの中。
昨日はもう過去の歴史。 明日は何が起こるか分からない謎。 今日は〇り物。 だから今日のことを”プレゼント”と言うのさ。
「ハナミズキ」は、1915年アメリカ合衆国ワシントンD.C.から苗木が〇られ日本で植栽されるようになった。",贈,"贈:presents;send;give to;award to;confer on;presenting something",Guess the hidden Kanji,Text
"なあトム、今頃のこのこやってきて「手伝おうか？」はないだろ。メアリーの引っ〇しは朝８時からやるって言ったよな？こんな昼から顔を出されたところで、もうやることなんて残ってないよ。
一つの仕事（プロジェクト）に於いて困難性の尺度で、仕事の遂行能力が、その頂上（ハンプ）を〇えない場合は、何時まで待っても解決しない。
「それを乗り〇えて、初めて少年は男にうんちゃらかんちゃらです」「何となくよさげな事を言おうってんなら、最後までちゃんと言えよ！」",越,"越:surpass;cross over;move to;exceed;Vietnam",Guess the hidden Kanji,Text
"「ほら、早く早く。タトエバっていうサイトが、集めた文章を一つ一セントで売ってるよ！文章を百個買うと一つ無料の特別セールもあるんだよ！」「ああ、そりゃいい！今じゃ世間では〇味として文章を集めるのかい！？世界はどこへ向かっているのやら！」
「面接で〇味はピアノですって言ったら協調性のない人だと思われるらしいよ。合唱とかオケだったらいいんだって」「それ誰から聞いたの？」
大部分ではないにしても多くの人々が文学的〇味を優美なたしなみと見なしている。",趣,"趣:purport;gist;elegance;interest;proceed to;tend;become",Guess the hidden Kanji,Text
"一つも翻訳がついていない文章を翻訳するのは、誰の足〇もついていない雪の表面に、自分が初めて足〇をつけるみたいな感覚と少し似ている気がする。
「アンコール・トムって知ってる？」「ううん、知らない。どんな人？」「いや人じゃないから。カンボジアにある遺〇の名前」
そのような痕〇がくっきりと残っているかどうかによって、これらの人々がいつも重労働に従事していたかどうかがわかる。",跡,"跡:tracks;mark;print;impression",Guess the hidden Kanji,Text
"地面から〇ね上り、空に飛び上がった――しばらくすると、雲が眼下に、白い綿の絨毯のように広がり、夕日にてらされてキラキラと光った。
中東の石油価格は１バレル当たり５ドルほど〇ね上がりました。
トムは庭にしゃがんで、カエルが〇ねるのをずっと見ていた。",跳,"跳:hop;leap up;spring;jerk;prance;buck;splash;sputter;snap",Guess the hidden Kanji,Text
"小さいおうちは夜に田舎のことや、ひなぎくの野原や、月明かりの下でりんごの木が〇っているのを夢に見るのでした。
生きるとは嵐の過ぎるのを待つことではなく、雨の中で〇ることを覚えることである。
メアリーは今ではあまり〇らないが、昔はかなり〇っていたことを私は知っている。",踊,"踊:jump;dance;leap;skip",Guess the hidden Kanji,Text
"もっと，私のことを罵ってください！〇まれたりいじめられたりすることに快感を覚える，私はそういう人種なんです！
田舎だけしか知らない人には田舎はわからないし、都会から〇み出した事のない人には都会はわからない。
また、「安楽いすに座りながらの買い物」には、雑〇や交通から来るフラストレーションが伴わない。",踏,"踏:step;trample;carry through;appraise;evade payment",Guess the hidden Kanji,Text
"世界の旅客機の半数以上を製造しているボーイング社は、もっともなことだが、機体の他に欠陥を起こす可能性のあるものに、注意を引こうと〇起になっている。
デザインも、アーチ型のロゴデザインにより現代的で「登場感」「〇動感」のあるものに仕上げました。
デザインも、アーチ型のロゴデザインにより、現代的で登場感、〇動感あるものに仕上げました。",躍,"躍:leap;dance;skip",Guess the hidden Kanji,Text
"「二〇先の青木さんとこの茉奈ちゃん、女の子を産んだんだって」「えっ、名前なんて言うの？」「『ひまり』って言ってたよ」「どんな字、書くの？」「あっ、聞きそびれちゃった。どんな字、書くんだろうね？」
三人の帰還軍人が瀬戸内海沿岸のある小さな町のはずれに一〇の家を借りて共同生活をしている。
この界隈に、すごくいいレストランを一〇知っているんだ。手頃な値段で美味いんだよ。",軒,"軒:flats;counter for houses;eaves",Guess the hidden Kanji,Text
"インターネットなどで誰かに話しかける雰囲気が強い場合の書き言葉は、比〇的話し言葉に近いです。それでもすっかり日常の会話どおりかというとそうでもありません。
比〇的活動していない状態で、風にさらされていなければ、熊は寒い天候においても余分なエネルギーを消費することはない。
Sっ気ってことはないよ。それで快感てことないからな。ただ傷つけたり嫌われたりを比〇的気にしないだけ。",較,"較:contrast;compare",Guess the hidden Kanji,Text
"米航空宇宙局によれば、ガリレオ搭〇のものと類似した発電機を搭〇して行った宇宙飛行２２回のうち、３回の飛行で事故が発生したとのことです。
「トムは、教室の掃除サボってどこに行ったの？」「なんかね、『学校新聞に〇せる記事の取材してくる』っていいながら、給食室に行ったよ」
メアリーがね、おばあちゃんの本に〇ってた魔法の呪文を使って、トムをリスにしちゃおうとしたんだけど、何も起きなかったのよ。",載,"載:ride;board;get on;place;spread;10**44;record;publish",Guess the hidden Kanji,Text
"ひとつのヒントに目を〇かせた女の子は、可愛らしい猫型のシャープペンシルをノートに走らせていく。
「店のばーさんは、すげー愛想悪いんだけどさー」「大〇、聞こえとるぞ」「げっ・・・」
ベランダから寒空を見上げると、春の星座たちが、ちょっぴりひかえめに〇いています。",輝,"輝:radiance;shine;sparkle;gleam;twinkle",Guess the hidden Kanji,Text
"「先〇、お昼ご飯、奢ってください！」「いつもいつも集るな」「いいじゃないですかぁ。先〇、昨日、バイト代が入ったんでしょ？」「仕方ないな。何食べに行く？」
「由美さんって、『負けず嫌い』ですよね？」「えっ、今頃知ったの？っていうか、先〇に『負けず嫌い』って言うな！」「すみません」
先〇は、嫌味なくらいの完璧超人でしたからね。だから逆にその「癖」は先〇の可愛げ・・・というか、チャームポイントでしたよ。",輩,"輩:comrade;fellow;people;companions",Guess the hidden Kanji,Text
"自分はいつも人力車と牛鍋とを、明治時代が西洋から〇入して作ったものの中で一番成功したものと信じている。
サービス産業には、通信、運〇、流通、金融をはじめものの生産には関係ないたくさんの分野が含まれる。
穀物生産の落ち込みによって、中国は急速に日本を上回る世界有数の穀物〇入国となることが予想される。",輸,"輸:transport;send;be inferior",Guess the hidden Kanji,Text
"中国でのコロナウイルスのアウトブレイクに対する不安により、全世界の経済を支えるサプライチェーンに長期的な損害を生み出す可能性が見〇まれ、全世界の株価は月曜日に急落した。
トムはメアリーの発言が自分への当てつけなのだと思い〇んで気に病んでいたが、実はメアリーは自嘲的に自分自身のことを語っていただけだった。
二人は、重い障害を持って生まれた我が子に、その命がいつまでも結び繋がれますようにという願いを〇め「結希」と名付けることにしました。",込,"込:crowded;mixture;in bulk;included;(kokuji)",Guess the hidden Kanji,Text
"「トムって中学受験するんだってね。どこの塾にいってるの」「市内の塾に行ってるよ」「どうやって行くの？送り〇えしてるの？」「ううん。いつも自分で帰ってくるよ」
「先生すみません、今日はこの子を早退させます」「わかりました。何時にお〇えに来られますか？」「1時に参ります。よろしくお願いします」
将来、いつかコンピューターが文学作品の翻訳に着手するようになれば、われわれが知るような文学は最期を〇えることになるだろう。",迎,"迎:welcome;meet;greet",Guess the hidden Kanji,Text
"公定歩合の引き下げは産業界を苦しめてきた厳しい金融逼〇を緩和するだろうと期待されている。
大寒：１年で最も寒さが厳しくなる日ですが、春がもうすぐ間近に〇っているとも言えます。
初期の宗教指導者の中には敵対する人々に〇害されたものもいる。",迫,"迫:urge;force;imminent;spur on",Guess the hidden Kanji,Text
"その問題をもう少しわかりやすくしてくれる、どんなことを権威者が〇べているのか知ろうと、私はとてもたくさんの本を読んできた。
私は目上として敬っている人を訪問しようと思う時には、まず最初に手紙を書いて面会したい理由を〇べる。
項目リストの中に、あなたがご意見を〇べたものがありましたら、それもご連絡下さいますか。",述,"述:mention;state;speak;relate",Guess the hidden Kanji,Text
"メアリーは遊園地で一人で泣いている男の子を見つけて、やさしく声をかけた。「ねえ、ぼく、どうしたの？ 〇子になっちゃったの？ お姉ちゃんが〇子センターに連れてってあげようか？」
買い物に行ったら、チーズが目に入って、買おうか？どうしようか？〇ったんだけど、「原産国名：ドイツ」って書いてあるの見て、買っちゃった。今晩は、チーズフォンデュにしよう。
インターネットにおける”荒らし”が人に〇惑をかけないようにするためには、何もせずに放置しておけば良いのだ。彼らに”エサ”を与えてはならない。",迷,"迷:astray;be perplexed;in doubt;lost;err;illusion",Guess the hidden Kanji,Text
"「先生すみません、今日はこの子を早〇させます」「わかりました。何時にお迎えに来られますか？」「1時に参ります。よろしくお願いします」
もし全ての人が同じように感じ、同じように考え、同じように話すとしたら、人生はひどく単調で、死ぬほど〇屈なものになるだろう。
全国教育情報センターによれば、〇職した教員が復職しているおかげで、予測された教員不足は起こらないだろう、ということです。",退,"退:retreat;withdraw;retire;resign;repel;expel;reject",Guess the hidden Kanji,Text
"冗談だ。仮に本気だとしてもそういうことにして置かないと「本気でこんなものか」と思われてしまうだろう。「そうやって本気のフィールドで勝負することを〇げ続けていればいいさ」そんなツッコミが聞こえた気がした。
自分のことをダメ人間とか，茶化した表現をして〇げまわっているのは君か。君はダメ人間どころかクズだよ，人間のクズ。
１０時前にはホテルを出発しなければなりません。さもなければマイアミ行きの電車を乗り〇がしてしまいます。",逃,"逃:escape;flee;shirk;evade;set free",Guess the hidden Kanji,Text
"「フランス語で1から100まで数えられるようになったよ」「おお、すごいじゃん。じゃあ今度は〇に100から始めて1まで言える？」「えー、それはまだ無理」
ハングリーでいるというのは成功するのには大切なことかもしれないけど、幸せになるためには〇を行っているような気がするよ。
ネズミは日本語の〇さ言葉を話す人とオランダ語の〇さ言葉を話す人とを聞き分けられない場合がある。",逆,"逆:inverted;reverse;opposite;wicked",Guess the hidden Kanji,Text
"開け放たれた窓を外から見る者は、閉ざされた窓を〇かして見る者と決して同じほど多くのものを見ない。
家主は、この３日間暖房がきかなかった理由をあれこれ並べ立てたが、どうせ見え〇いたウソだった。
アメリカは戦争をする時は「石油のため」というような明け〇けなことは口が裂けても言えない。",透,"透:transparent;permeate;filter;penetrate",Guess the hidden Kanji,Text
"スフィンクスはテーベ市へ行く〇中の何百人もの人を食べてしまっていた。というのはその人達が、こうかつなスフィンクスが出すなぞなぞに答えられなかったからであった。
駅からここに来る〇中で迷っちゃって、あっちへうろうろ、こっちへうろうろ、もう大変だったよ。
失業率が上昇の一〇をたどる昨今の景気動向を勘案して、政府は追加の経済対策を打ち出した。",途,"途:route;way;road",Guess the hidden Kanji,Text
"他の点では分別のある人が、この同じ屋根、あの殆ど幻想になりつつある商品が荷〇りをして別の国へ行くだけで自由に手に入ると信じるようになるのはどうしてなのか、ということである。
うちが援助してる酒〇さんがね、新しい甘酒を〇ったから試飲してみてくださいって持ってきてくれたんだけど。
マクリネ・ビルンギは、靴・衣服・刃物などの偽〇品が売られているカンパラのいくつかの通りを歩き回った。",造,"造:make;structure;physique;create",Guess the hidden Kanji,Text
"共産主義は失敗し、プロレタリア独裁は時代〇れとなったので、資本主義そのものは、未だ人類を脅かすものであるにもかかわらず、今迄のところ一番良い体制であることがわかる。
「〇かったわね」「あぁ。『いい仕事するなぁ』って言われてさぁ。断れなくなって、ついついこんな時間までやっちゃった」「ほんと、褒め言葉に弱いんだから」
多くの国々が失業問題に苦しんでいる。すなわちそこには将来が保障されず、人生という汽車に乗り〇れてしまう多くの若者達がいる。",遅,"遅:slow;late;back;later",Guess the hidden Kanji,Text
"「昨夜、遅くまでごそごそしてたわね。何時に寝たの？」「五時。だって、前の日に麻雀しててさぁ、寝たのが明け方で起きたの夕方の５時〇ぎだったんだよ。寝れなくて」「なるほどね、朝日と共に寝て、夕日と共に起きるってことね。大学生ならではだよね」
「今日はタトエバが〇疎ってるね。天気がすごくいいせいかな」とトムが言うと、「そんなわけないじゃん」とメアリーは答えた。「天気なんて場所によって全然違うんだよ」
ただ、一さいは〇ぎて行きます。自分がいままで阿鼻叫喚で生きて来た所謂「人間」の世界に於いて、たった一つ、真理らしく思われたのは、それだけでした。",過,"過:overdo;exceed;go beyond;error",Guess the hidden Kanji,Text
"「このベジタリアンのお店、美味しそうじゃない？ねぇ、今日行ってみようよ」「俺、肉が食べたいんだけど」「えっ、昨日、焼肉食べてなかった？」「昨日は昨日、今日は今日。それに俺、肉なら毎日でも食べれるし」「もういい。〇う人、誘う。じゃぁね」
一つ一つ〇っていて、広々とした庭があって魅力的な家並が、もっぱら機能だけを追求したマンションにとって代わられるが、このマンションには、行き過ぎを思えるほど賞賛される「現代の便利な設備」以外に褒めるべき点はないのである。
日本語はその他の言語に対して量子力学とその他の物理学との様な関係にあると、誰かに聞いたことがあります。量子力学が間〇いなく物理学に於ける最も良い理論となっているがゆえ、私はその主張に賛成できると思います。",違,"違:difference;differ",Guess the hidden Kanji,Text
"最近ずっと、このお店に通ってます。雰囲気や客層も良いし、何より落ち着くの。ところで、あなたってここで何年働いてるの？ここで働いてて〇り甲斐を感じる？
1859年以降、プロテスタント宣教師がアメリカから派〇され、またカトリックとロシア正教も布教活動を行った。
１９５１年にシスター・テレサは当時インド最大の都市であったカルカッタに派〇された。",遣,"遣:dispatch;despatch;send;give;donate;do;undertake",Guess the hidden Kanji,Text
"深刻にやりすぎなんだろうね。塾的には学校の予習を７０％やる方針らしいから、〇当にやってりゃいいんだろうが。
インキ補充瓶のキャップを外し、スポイトでインキを吸い上げ、マーカーの吸収体へ〇量、滴下してください。
トムはベッドから跳ね起き、〇当な服をひっかけ、朝食を腹におさめると、10分後にはもう玄関の外にいた。",適,"適:suitable;occasional;rare;qualified;capable",Guess the hidden Kanji,Text
"「アンコール・トムって知ってる？」「ううん、知らない。どんな人？」「いや人じゃないから。カンボジアにある〇跡の名前」
おそらく知らず知らずのうちに〇伝子組み換えの果物や野菜をいつも口にしているだろう。
〇伝子解析は癌やその他の疾患の可能性を予測するのに役立てることができます。",遺,"遺:bequeath;leave behind;reserve",Guess the hidden Kanji,Text
"パリなどでは、夏になると、細君や子供を〇暑地にやって置いて、夫は、土曜日の晩から日曜へかけてそこへ出掛けて行く風習があります。
パリなどでは、夏になると、細君や子供を〇暑地にやつて置いて、夫は、土曜日の晩から日曜へかけてそこへ出掛けて行く風習があります。
安全日だからといって、サルのように生ではしません。しっかり〇妊するのが愛のセックスの義務ではないでしょうか？",避,"避:evade;avoid;avert;ward off;shirk;shun",Guess the hidden Kanji,Text
"日本語用のワープロソフトには、Ｍｉｃｒｏｓｏｆｔ社の「Ｗｏｒｄ」や、ＪＵＳＴＳＹＳＴＥＭ社の「一太〇」などがあります。
一〇はどことなく傷ついたように言ったが、それが嘘っぱちであることはこいつとの長年の付き合いが教えてくれた。
内閣総理大臣指名選挙が行われ、第８２代内閣総理大臣に橋本龍太〇氏が選出されました。",郎,"郎:son;counter for sons",Guess the hidden Kanji,Text
"バースデーカードを送ろうとしたけど、〇便局で受け付けてもらえなかったので、代わりにメールで送ります。
「この近くに〇便局って、ありませんか？」「そこの十字路を右に曲がったところにありますよ」
カタログを通じて〇便で買い物をすることによって、人々は幅広い商品を選ぶことが出来る。",郵,"郵:mail;stagecoach stop",Guess the hidden Kanji,Text
"小沢は外地から復員して、今夜やっと故〇の大阪へ帰って来たばかしだが、終戦後の都会や近郊の辻強盗の噂は、汽車の中できいて知っていた。
病気の母を見舞うために帰〇しなければならないといった話をでっちあげた。
彼はどんなに忙しくても、月に少なくとも一度は故〇の父母に便りをします。",郷,"郷:home town;village;native place;district",Guess the hidden Kanji,Text
"アルコールが〇化するとアルデヒドとなりますが、アルデヒドが〇化するとどうなりますか。
できることならもう一度、中学生みたいな甘〇っぱい恋がしてみたいなあ。
パイナップルを食べるのって、好きじゃないのよね。〇味が強いでしょ。",酸,"酸:acid;bitterness;sour;tart",Guess the hidden Kanji,Text
"私たちがこの世界を経験し理解するのは、五感を通じて受け入れられ、脳によって解〇される信号を通じてなのである。そして、この両方のプロセスともゆがめられやすい。
何しろ朝から夕方まで、校舎の中で軟禁状態だからな。〇放されれば元気にもなるってもんだ。
我々の解〇では、表２に示された出力データは表１のデータの容認できる変異形と言える。",釈,"釈:explanation",Guess the hidden Kanji,Text
"一貫した行動指〇というものが無い人もいます。彼らはただ、その時々で自分に都合の良い指〇があれば、何でも受け入れるのです。
主治医の方〇が本人の希望に合わないのでセカンドオピニオンを求めることにした。
縫い物をする時の糸や〇は、長ければ長いほどいいというわけではありません。",針,"針:needle;pin;staple;stinger",Guess the hidden Kanji,Text
"他方、何もすることもなく長時間１人にほっておくと、子供は〇くて愚かな子供になりやすい。
「最近、書道してないんだ」「そうなんだ。たまにはしないと勘が〇るよ」
元はと言えば、健ちゃんが〇ちんなのがいけないんだからね～っ。",鈍,"鈍:dull;slow;foolish;blunt",Guess the hidden Kanji,Text
"ポケットの計算機は靴下と同じくらい安く買え、また、〇筆や消しゴムと同じくらい、何千人というイギリスの学童にとっては生活に不可欠のものである。
できたらスケッチブックと４Ｂの〇筆も買ってきておいてね。まだそんなに高い画材はいらないよ。
ペンしか使わないんだけど、なんとなくリュックの中にはまだ〇筆削りをいれてます。",鉛,"鉛:lead",Guess the hidden Kanji,Text
"〇山労働者が賃上げを要求してストに突入した。
〇山を所有している人から銀を買っています。
炭〇の内部に多くの労働者が閉じ込められた。",鉱,"鉱:mineral;ore",Guess the hidden Kanji,Text
"オリンピックでは金メダルが１位、銀メダルが２位、〇メダルが３位だ。
5円玉は黄〇、10円玉は青〇でできている。
青〇器は主として〇と錫の合金で出来ている。",銅,"銅:copper",Guess the hidden Kanji,Text
"金〇のためではなく、経験をとおして学ぶという気持ちでその活動に参加しなさい。
手紙に貼る三〇切手が買えないで、幾日も床の間の上に置いてあるようになった。
金〇的に余裕があるのなら併用しても構わないが催眠だけで、十分に効果がある。",銭,"銭:coin;.01 yen;money",Guess the hidden Kanji,Text
"当社はアンケート入力、アンケート集計のお手伝いをする少数精〇のベンチャーです。
〇い舌は絶えず用いることによって、ますます〇利になる片刃の道具である。
手荷物の中に、液体あるいは〇利なものは入っていませんか？",鋭,"鋭:pointed;sharpness;edge;weapon;sharp;violent",Guess the hidden Kanji,Text
"今年の鉄〇生産は１億トンに達するものと見積もられている。
〇材不足にも関わらず、工業生産高は５％だけ増加した。
昨年の鉄〇生産は１億トンに達したものとみられている。",鋼,"鋼:steel",Guess the hidden Kanji,Text
"このソフトウエアはギブスサンプリングのアルゴリズムによりマルコフ連〇モンテカルロ法の計算を行います。
アットホームな雰囲気ですと言いながら、実際は閉〇的だったりする。
インフルエンザの欠席者が多いから、明日から三日間学級閉〇だって。",鎖,"鎖:chain;irons;connection",Guess the hidden Kanji,Text
"このギザギザした葉っぱの花、何て言う名前の植物だと思う？図〇で調べてみたけどよくわからないんだ。
時間があるときには、いつもクラシック音楽〇賞を楽しんでいる。
よい音楽を〇賞することはそれほど難しいことではない。",鑑,"鑑:take warning from;learn from;specimen",Guess the hidden Kanji,Text
"本日は8時で〇館です。カウンターの受付は7時50分で終了しますので、図書の返却・貸出等の手続きはお早めにお願いします。
彼女が押し入れの中を覗き込んだ時、彼がドアを〇め、彼女を真っ暗な押し入れに〇じ込めてしまったのでした。
ダイアログボックスを〇じるには、ウィンドウの右上にある Ｘ ボタンをクリックする必要があります。",閉,"閉:closed;shut",Guess the hidden Kanji,Text
"安倍内〇は、第９０代の内〇総理大臣に指名された安倍晋三が２００６年９月２６日に発足させた内〇である。
内〇総理大臣指名選挙が行われ、第８２代内〇総理大臣に橋本龍太郎氏が選出されました。
雪に包まれた金〇の美しさは、比べるものがなかった。",閣,"閣:tower;tall building;palace",Guess the hidden Kanji,Text
"近代戦の戦術は兵士が戦〇員として効果的な働きをするために必ずしも十分に武装することを必要とはしていない。
戦〇に携わる兵士たちは戦〇が止んでいるときに好んで、平穏無事な時代を想い返す。
ジョージは、最近３時間の格〇の末に釣った、重さ３０ポンドのバスの話をしていた。",闘,"闘:fight;war",Guess the hidden Kanji,Text
"二つの軍隊が対立しているとき、戦える者は戦うべきであり、戦えない者は〇御に回るべきであり、〇御ができない者は逃げるべきであり、逃げることができない者は投降すべきであり、投降もできない者は死ぬべきである。
偏頭痛がおこったときに対処するだけではなく、普段の生活のなかで、偏頭痛をなるべく〇いでいくのも大事なことです。
ランプが熱い場合は、やけどを〇ぐため、ランプが冷却するまで約45分間待ってください。",防,"防:ward off;defend;protect;resist",Guess the hidden Kanji,Text
"二つの軍隊が対立しているとき、戦える者は戦うべきであり、戦えない者は防御に回るべきであり、防御ができない者は逃げるべきであり、逃げることができない者は投〇すべきであり、投〇もできない者は死ぬべきである。
エレベーターに乗って一番下の階に〇りて、あそこで5分ごとに走っている電車に乗ってください。その電車は自動で動いてターミナルに行きます。
車を〇りたのは、一目でパリからの客とわかりはしましたが、どっちかといえば地味なつくりをした、二十二三の女でした。 女は一人でした。",降,"降:descend;precipitate;fall;surrender",Guess the hidden Kanji,Text
"「今度は『呼び出す権〇がありません』とか出てるんだけど、これどうしたらいいの？」「権〇を与えてやればいいんだよ」「それが分からないから、聞いてるの！」
なんだかよくわからないものに直面したときに、「頭が良かったらよくわかるに違いない」と考えるのは、いつでも正しいとは〇らない。
入った端から、そんなにぱっぱとお金を使うものじゃありません。〇りあるモノなんだから、考えて使いなさい。",限,"限:limit;restrict;to best of ability",Guess the hidden Kanji,Text
"モントリオールで報道〇と会見したワレサ氏は、東ドイツ指導部の交代は、旧体制の保守派指導者らが歴史の流れに取り残されたために起きた、と述べました。
経営〇は果たして本気で我々のボーナスについて考えようとしているのか、それとも単に口先だけだったのだろうか。
敵が守っている〇地はたいへん重要なので、その〇地を守るために敵はあくまで戦う。",陣,"陣:camp;battle array;ranks;position;sudden;brief time",Guess the hidden Kanji,Text
"北朝鮮が６か国協議の合意に基づき核開発計画を申告した２６日、米国が「テロ支援国」の指定解〇手続きに入ったことで、拉致被害者の家族らには「拉致問題が置き去りにされるのでは」という不安が広がった。
僕が英語ネイティブのように話していなかったからか、語学交換用のDiscordサーバーで、僕のプロフィールから英語ネイティブというロールが削〇された。
ユーモアのない人生なんて、凡そ糞面白くないものだが、同時に、人生から偶然というものを取り〇いてしまえば、随分味気ないことになるだろう。",除,"除:exclude;division (x/3);remove;abolish;cancel;except",Guess the hidden Kanji,Text
"人の面前にいるときと〇にまわったときとで、まったく別の態度をとろうとすることなど、危険な企てはない。
あなたが自分の質問に自分で答える様な質問者のお〇で、質問を受けた人は回答を探さずに済みます。
素晴らしく富んだ気候のお〇で合衆国はほとんどのあらゆる種類のスポーツの天国になっている。",陰,"陰:shade;yin;negative;sex organs;secret;shadow",Guess the hidden Kanji,Text
"今夜ここにこうして立つ今も、私たちは知っています。イラクの砂漠でいま目覚めようとする勇敢なアメリカ人たちがいることを。アフガニスタンの山岳で目覚めるアメリカ人たちがいることを。彼らが、私たちのために命を危〇をさらしていることを。
今夜、ここにたったとしても、自らの命を危〇に晒してアフガニスタンの山やイラクの砂漠の中で起きているアメリカ人がいることを我々は知っている。
宇宙塵はあまり危〇そうに思えないかもしれないが、ごく小さな粒であっても、銃弾の何倍もの速度で飛んでくるので、怪我をしかねない。",険,"険:precipitous;inaccessible place;impregnable position;steep place;sharp eyes",Guess the hidden Kanji,Text
"トムの家は僕んちの川向うにあって、直線距離だと１００メートルもないんだけど、実〇に行こうと思ったら、橋までが１キロぐらいあるから歩いて２０分もかかっちゃうんだ。
マーケティング分科会の実〇のミーティングは、１９９９年１月２７日の午後、カリフォルニア州サンフランシスコ・エアポートマリオットで行います。
多くの人が、スポンジケーキを焼くのは難しいと考えている。しかしながら、十分な量の卵を使用すれば、実〇何も失敗するようなことはない。",際,"際:occasion;side;edge;verge;dangerous;adventurous;indecent;time;when",Guess the hidden Kanji,Text
"つまり、おそらく、初めに調査をした者や技術者には知られていなかった物理的な〇害が出てきて、それを克服するためにさまざまな変更が必要になる。
国土安全保〇省の主要業務は、米国内のテロ攻撃を未然に防ぎ、万一、発生した場合は、被害を最小限に食い止め、速やかな復旧を実施することにある。
あと５００００マイルほど走行距離を出してみたかったのだが、高速道路で故〇してしまった。修理となるとえらく金がかかってとても無理だろう。",障,"障:hinder;hurt;harm",Guess the hidden Kanji,Text
"結局のところ「女らしさ」というものは、女である以上誰でも備えているのが当然で、努力をしてそれを示す必要もなく、また、意識的にそれを〇してもなんにもならない性質のものである。
結局のところ「女らしさ」といふものは、女である以上誰でも備へてゐるのが当然で、努力をしてそれを示す必要もなく、また、意識的にそれを〇してもなんにもならない性質のものである。
「このカレー、美味しいですね？美味しさの秘訣はなんですか？」「〇し味にコーヒーを入れてます。コーヒーを入れるとコクがでて美味しく仕上がるんですよ」",隠,"隠:conceal;hide;cover",Guess the hidden Kanji,Text
"海に面した都市で、〇のもっと有名な都市、ドーヴァーからは、海岸を１３キロほど北に寄ったところに位置しています。
そういえば、電車の中で〇に座ったほろ酔いのおっさんに、自分の俳句を見て欲しいと言われたことがある。
私の場合、家で読書するほうが図書館で見知らぬ人の〇に座って読書するより好きだ。",隣,"隣:neighboring",Guess the hidden Kanji,Text
"ボクが憧れたのは翔太部長の『力』じゃない。体を張ってでも信念を貫こうとする〇々しい勇気だったはず。
武〇は受かり、邦夫は受からないと思っていたが、結果は逆だった。
やつらは〇牛を丸焼きにするくらいの火をおこしていた。",雄,"雄:masculine;male;hero;leader;superiority;excellence",Guess the hidden Kanji,Text
"どんなに優〇で堂々とした既存のビルも、今や、その怪物のわきでは、ちょっと滑稽にさえ見えるほど痛ましいまでに小さくなってしまうだろう。
エステサロンで優〇な至福のひとときを過ごしてみませんか？
スカートの裾を両手でもつ仕草があまりに優〇だ。",雅,"雅:gracious;elegant;graceful;refined",Guess the hidden Kanji,Text
"著者たちはごく少数の種の〇も歌うと非常に明確に述べている。
カンガルーの〇は子供を腹の袋に入れて動く。
〇豚の耳から絹の財布は作れない。",雌,"雌:feminine;female",Guess the hidden Kanji,Text
"マウスとキーボードを行ったりきたりするのが煩〇なので、キーボードのみで操作できるようショートカットキーはないのでしょうか？
スレートの小道では芝は刈り残されており、〇草も残っており、道路のそばの生け垣の外側の芝は刈っていないことが多かった。
〇誌によってはライターに自由に書かせて後でレイアウトなんだけど、あの〇誌はデザイン優先で字数全部決まってた。",雑,"雑:miscellaneous",Guess the hidden Kanji,Text
"僕には、食べすぎる癖があるんで、ちょっと肥満なんだ。それで、体重を減らすために、同じ経験のあるパパが僕にダイエットを始めさせたんだ。このダイエットでは、パパも僕も朝ご飯を食べない。最初はやっぱり〇しかったけどでも頑張ったら慣れて、ちゃんとできる。
この組織は、現状のままに、ほうっておかれるならば、やがて、破滅するだろう。だがこの組織を、復旧させようとすることは、川を渡っている最中に、馬をとりかえることと同じように〇しい。
「うっせぇな。俺の親父はマイクロソフトのオーナーで、お前のアカウントなんか〇なくBANできるんだぞ」「待って？お父さんってビル・ゲイツなの？」「誰？ビル・ゲイツって？」",難,"難:difficult;impossible;trouble;accident;defect",Guess the hidden Kanji,Text
"物体が地球から〇れ去っていくときには、その物体から発せられる光はより波長の長いものとして（赤っぽい色に）見えます。物体が地球に向かってくるときは、その物体から発せられる光はより波長の短いものとして（青っぽい色に）見えます。
パプアニューギニア近くのカーテレット諸島では、海水が家のまわりにうち寄せているので、すでに家を〇れなければならなくなった人たちがいる。
日本人〇れしたこの美しい相貌からもわかるように、優奈は実は生粋の日本人じゃない。西洋人をおばあちゃんに持つ、クォーターだったりする。",離,"離:detach;separation;disjoin;digress",Guess the hidden Kanji,Text
"戦艦ビスマルク号を海のもくずとするには、何発もの魚〇を命中させなければならなかった。
さっきから近くで〇がゴロゴロ鳴っているんだよ。もうすぐこっちに来るんじゃないかな。
今日は大気が不安定な状態です。急な雨や〇雨にご注意ください。",雷,"雷:thunder;lightning bolt",Guess the hidden Kanji,Text
"日本では、英語から日本語（英日）、日本語から英語（日英）への翻訳が多く、日西、西日の実〇があまりありません。
同社の売上げは輸出の〇要が強いおかげで伸びたが、競争が激しく利益はそれほど伸びなかった。
この新型の車はとても人気があるので〇要に応じるために新しい工場を作らねばならなかった。",需,"需:demand;request;need",Guess the hidden Kanji,Text
"日本ではリヒター・スケールでマグニチュード5.0以上の余〇が今週5回ありました。しかし科学者たちは、最大規模の余〇はまだ先に起こりうると警告しています。
こう見えても意外に人前で話すの苦手で、手なんか〇えるし、口ごもちゃって、自分でも何言っているかわからない時がある。
わたしたち学生も、地〇の犠牲になった人たちの福祉のために寄付をしよう。わずかな金でも大いに役立とう。",震,"震:quake;shake;tremble;quiver;shiver",Guess the hidden Kanji,Text
"私たちは〇のため、２時間サンフランシスコに立ち寄らなければならなかった。
〇が深かったので、歩いている人たちの姿を見分けるのは困難だった。
ロンドンは、私の住んでいるところだが、以前は〇で有名だった。",霧,"霧:fog;mist",Guess the hidden Kanji,Text
"「春樹、あなたも前の方の席を希望しなさい」「どうしたんですの？〇骨にイヤな顔をして」
「その人なんて言ってたんスか？」「〇語が全く通じなかったので〇語でなじってやった」
ジャーン。それじゃ春田くん、もう見てもいいわよ。みんなの浴衣、お披〇目ねぇ～。",露,"露:dew;tears;expose;Russia",Guess the hidden Kanji,Text
"下北沢で買った高校生の女の子をうっかり妊娠させてしまったが，そもそも売春をしているような奴の方に〇があるんだよね。
ちょっと、ヨーロッパは行くのは難しいけど、もし、日本でパーティするなら、是〇参加させてください。
トムが言ってることも、無きにしも〇ず。でもね、メアリーが言ってることの方が筋が通ってるよね。",非,"非:un-;mistake;negative;injustice;non-",Guess the hidden Kanji,Text
"力、英知、忍耐と〇新。あなたはこれら全てを持っているのだろうか？その王冠を手にしようとする汝はその重みに耐えることとなる。
普通のことがまともにできないから個性だとか〇新だとか言ってごまかしてるつもりになってる人って、よくいるよね。
ボールは何でできていたのでしょう。何千年も前には、エジプト人はボールを柔らかい〇か布で作っていました。",革,"革:leather;skin;reform;become serious",Guess the hidden Kanji,Text
"教室に入って席に着くのとほぼ同時に、始業を知らせるチャイムの音が鳴り〇く。
静まり返った部屋の中では、古い時計のコチコチいう音だけが〇いていた。
サボったりしたら・・・、内申に〇いてもおかしくないと思いませんか？",響,"響:echo;sound;resound;ring;vibrate",Guess the hidden Kanji,Text
"６００００キリリクイラスト：キリ番を踏んだBeikyuさんのサイト「小さなカエデの木のそばで」のイメージイラストを描いてほしいというリクエストを〇きました。
山の〇上に近づいたら大きな岩がゴロゴロあって、そこを乗り越えるのに一苦労だったよ。時々グラグラしている岩もあったしね。
今後は皆様方から〇きました御芳情に感謝しながら新しい人生を有意義に送りたいと念願しております。",頂,"頂:place on the head;receive;top of head;top;summit;peak",Guess the hidden Kanji,Text
"やっぱりハイエンド機種だけあって設定〇目とかすごい細かい。自分の物にするにはしばらく時間が掛かりそう。
我々の最優先事〇はこの論争にきっぱりと決着を付ける事だ。そのためには相手側との妥協も覚悟している。
〇目が増えたり減ったりする表示なら、Accessでなくて表計算ソフトを活用すべきだと思います。",項,"項:paragraph;nape of neck;clause;item;term (expression)",Guess the hidden Kanji,Text
"キリストでもなく、エリヤでもなく、またあの〇言者でもないなら、なぜ、あなたはバプテスマを授けているのですか。
しかし、その貸金庫に〇けているものを狙った男達に、ハナを誘拐されてしまう。その誘拐犯達とは、実は刑事だった。
カウンターでパスポートとEチケットを出し、荷物を〇け、チェックインしてください。",預,"預:deposit;custody;leave with;entrust to",Guess the hidden Kanji,Text
"第一次世界大戦後、イタリアは密約を結んだにもかかわらず、外国〇土に対して債権を全て行使することができなかった。
彼は口下手で、お世辞にも要〇がいいとは言えませんが、それだけかえって私は彼が好きなのです。
母親がいなくなったので、ヂュークは会社からお金を横〇する計画をすすめた。",領,"領:jurisdiction;dominion;territory;fief;reign",Guess the hidden Kanji,Text
"「この間、〇んだリストの整理って終わった？」「あっ、すっかり忘れてました」「あのね、そのリストがないと困るんだけど『すっかり忘れてた』ってどういうこと？」「あっ、すみません」
あれからずっと、学校にメールで問い合わせをしてるんだけど、全く答えらしい答えを貰えないのよ。もうね、学校の人って〇りになんないよね。どうしたら早く落ち着くと思う？
「どうも馬鹿な子供で困ります」と言うのを、 「なアに、ふたりとも利口なたちだから、おぼえがよくッて末〇もしい」と、僕は讃めてやった。",頼,"頼:trust;request",Guess the hidden Kanji,Text
"小沢はほっとして、部屋の中を見廻した、寝台は一つしかなかった。その上の方に、安っぽい女の裸体画の〇が掛っていた。
金〇にもかかわらず、ブライアンは来週までに間違いなく全〇返してもらいたがっています。
ジョンソンさんは不注意な管理のせいで失われつつあるお金の〇を心配していた。",額,"額:forehead;tablet;plaque;framed picture;sum;amount;volume",Guess the hidden Kanji,Text
"私の孫は子猫を〇っています。その猫の毛並みは白と黒で瞳はグリーンがかっています。孫はその猫と遊ぶのが大好きで、ヴィヴィと呼んでいます。ヴィヴィは綺麗な猫で、私たちのペットです。
私の孫息子は猫を〇っている。その猫は白と黒の被毛を持ち緑がかった瞳をしている。孫はその猫と遊ぶのが大好きで、その猫をビビと名づけた。ビビは美しい。それは私たちのペットである。
僕が学校から帰ってくると、押入れから物音が聞こえたので、〇い猫のチロかと思ってガラッと戸を開けたら、知らない男の人が中にいた。",飼,"飼:domesticate;raise;keep;feed",Guess the hidden Kanji,Text
"兄が急逝したのは２年前、義姉は一人兄の遺した小さな宝〇店を健気に守ってきた。
このようなものを修〇語と呼ばずに、付加語(A)と呼んでいる文法書もあります。
オープニングを〇るのは初出場、Tom and Maryのお二人です。",飾,"飾:decorate;ornament;adorn;embellish",Guess the hidden Kanji,Text
"第四に、小熊を連れ去ることに成功しても、私たちは休憩をせずに山を〇け上がることができるだろうか。
灰色をしたうさぎが姿を見せたので近寄ろうとすると、ぴょんぴょんとまた林の中へ〇けていった。
いつも真っ向勝負だけでなく、たまには虚虚実実の〇け引きとやらもやってみたいよね。",駆,"駆:drive;run;gallop;advance;inspire;impel",Guess the hidden Kanji,Text
"酒を飲んでも、ウイスキーを飲んでも同じだ。どちらにしたところで飲み過ぎれば、飲めや歌えの〇ぎになるから。
風鈴が奏でる涼やかな音は日本の夏の風物詩の一つだが、近年ではただの〇音と捉える人も増えている。
交通量の多いことによる〇音は大変なものだったので、その警官は自分の声を通すことができなかった。",騒,"騒:boisterous;make noise;clamor;disturb;excite",Guess the hidden Kanji,Text
"話し言葉において、我々は言葉の中に休止を入れないが、あたかも分けられた言葉を聞いているようにそれらを明確に理解できることは、いくらか〇かされる事実である。
ロッテリアは、最大10段までチーズバーガーを積み上げることのできる〇異の「タワーチーズバーガー」を展開していました。
映画の中で気に入った曲があったのでYouTubeで検索したら、数え切れないほどのリミックスがヒットしたので〇いた。",驚,"驚:wonder;be surprised;frightened;amazed",Guess the hidden Kanji,Text
"「この〇折って、どれくらいで治るもんかな？」「〇が元に戻るのは日にち薬だからなあ。無理して動いたりしない方が早く治ると思うよ」
旧いものを毀そうとするのは無駄な〇折だ。ほんとうに自分等が新しくなることが出来れば、旧いものは既に毀れている。
調べを進めるうちに、頭蓋〇が、何か重い一撃を受けて打ち砕かれているのが明らかになった。",骨,"骨:skeleton;bone;remains;frame",Guess the hidden Kanji,Text
"グループの仲間の一員のように感じることはいい気持ちでした。私は金〇で、１８５センチもあるので、別の意味で目立ってしまうからです。
「ねぇ、トム、見て！昨日パーマをかけたよ！どう思う？」「すごい〇クルクルになったね。でも、似合ってるよ！」
今朝は〇の毛が撥ねてるんだ。せめて手鏡を貸してくれ、そこの引き出しにしまってあるだろ。",髪,"髪:hair of the head",Guess the hidden Kanji,Text
"そんな些細なことで、〇の首を取ったようにはしゃがなくてもいいじゃない。
その後、この横町で、ふたたび〇婆のすがたを認めたという者はなかった。
トムとメアリーとジョンは、運動場で〇ごっこをして遊んでいた。",鬼,"鬼:ghost;devil",Guess the hidden Kanji,Text
"家というものは、十分な新〇な空気はもちろんのこと十分な光を入れるように作られるべきである。
いらっしゃい。いらっしゃい。そこの姉さん、今日も新〇な魚が入ってるよ。おひとつどう？
私には見慣れた風景もトムには新〇だったようで、しきりに写真を撮っていました。",鮮,"鮮:fresh;vivid;clear;brilliant;Korea",Guess the hidden Kanji,Text
"私の孫は子猫を飼っています。その猫の毛並みは白と黒で瞳はグリーンがかっています。孫はその猫と遊ぶのが大好きで、ヴィヴィと呼んでいます。ヴィヴィは綺〇な猫で、私たちのペットです。
地域参加を呼びかけてもしょせんは美辞〇句、どのみち市役所はやりたいことを勝手にやるに決まっている。
「Tatoebaって私より綺〇なの？」「Tatoebaは女の子じゃないよ。ウェブサイトだよ」",麗,"麗:lovely;beautiful;graceful;resplendent",Guess the hidden Kanji,Text
"あなたがこれらの事をしたのを、わたしが〇っていたので、あなたはわたしを全く自分とひとしい者と思った。しかしわたしはあなたを責め、あなたの目の前にその罪をならべる。「詩篇５０：２１」
一つ忘れてならない大切なことは、あなたが同意できないことを言ったときアメリカ人は〇ったままでいることがある、ということである。
二人の職場へ、一人の少女が〇々として近づいて来た。 〇々として――といったのは、実は、その少女は唖なのだ。",黙,"黙:silence;become silent;stop speaking;leave as is",Guess the hidden Kanji,Text
"鉦や太〇で探しあてた割には、あいつ期待はずれだったよな。
愛も悲しみも入り乱れた胸の〇動が聞こえてくる。
生きている限り、心臓は〇動を決して止めない。",鼓,"鼓:drum;beat;rouse;muster",Guess the hidden Kanji,Text
"加〇臭は、年を重ねると出てくる中高年独特のにおいのことだ。世間で言う「おっさん臭い」や「おやじ臭」というのは、この加〇臭のことだ。
欧州を参考にしつつ、超高〇化社会への政策対応、「経済大国」から「生活大国」への転換を２１世紀に向けて日本はしていかねばならない。
「履歴書の年〇のところって、今の年〇を書けばいいの？それとも、卒業した時の年〇？」「『満』って書いてあるから、今の年〇よ」",齢,"齢:age",Guess the hidden Kanji,Text