Question,Answer,Comment,Instruction,Render as
"safe driving
その道路の幅は||安＊＊＊||に不十分だ。
そんなに慌てて運転して、一体、どこへ行こうってんだよ。時間はあるんだから、||安＊＊＊||してくれよ。
||安＊＊＊||してね。
||安＊＊＊||しなさい。
時間はあるんだから、||安＊＊＊||してくれよ。","あんぜんうんてん,安全運転","",Guess the term having 4 (Grade-3 level) Kanji or its reading(not strictly same reading as one in the example),Text
"drink-driving; drinking and driving; driving und..
あいつさぁ、||飲＊＊＊||で捕まったんだよ。
トムは||飲＊＊＊||で逮捕された。
トムは||飲＊＊＊||の容疑を認めた。
彼は||飲＊＊＊||で罰せられた。
警官は||飲＊＊＊||で彼を逮捕した。
||飲＊＊＊||は危険だ。
||飲＊＊＊||は重大な問題だ。","いんしゅうんてん,飲酒運転","drink-driving; drinking and driving; driving under the influence (of alcohol); driving while intoxicated; drunk driving",Guess the term having 4 (Grade-3 level) Kanji or its reading(not strictly same reading as one in the example),Text
"research publication; scholarly publication
大学における演習とは、少人数の学生が教員指導の下に||研＊＊＊||、討論を行うゼミナールのことを言います。","けんきゅうはっぴょう,研究発表","",Guess the term having 4 (Grade-3 level) Kanji or its reading(not strictly same reading as one in the example),Text
"R&D; research and development
企業は規模を縮小し、||研＊＊＊||にふりむける利益分も減らしています。
||研＊＊＊||にお金を割り当てる。","けんきゅうかいはつ,研究開発","",Guess the term having 4 (Grade-3 level) Kanji or its reading(not strictly same reading as one in the example),Text
"product development
エンドユーザーの視野にたった||商＊＊＊||が必須。
来週、||商＊＊＊||の打ち合わせをしたいから、どこか会議室押さえといてくれる？","しょうひんかいはつ,商品開発","",Guess the term having 4 (Grade-3 level) Kanji or its reading(not strictly same reading as one in the example),Text
"consultation on career, university, etc. choices
「今日お父さんに会いに行く。||進＊＊＊||だ」「いいですよ、そんなの」
あいつ、||進＊＊＊||があるんだってさ。だから今日は俺とお前だけだよ。
||進＊＊＊||があるんだってさ。だから今日は俺とパムだけだ。","しんろそうだん,進路相談","",Guess the term having 4 (Grade-3 level) Kanji or its reading(not strictly same reading as one in the example),Text
"world peace
||世＊＊＊||を常に祈っている。
||世＊＊＊||を祈っています。
彼らと協力して||世＊＊＊||を図る。
我々は||世＊＊＊||を望んでいる。
誰もが||世＊＊＊||を望んでいる。
首脳会談は||世＊＊＊||に貢献した。
首脳会議は||世＊＊＊||に貢献した。","せかいへいわ,世界平和","",Guess the term having 4 (Grade-3 level) Kanji or its reading(not strictly same reading as one in the example),Text
"relative motion
第１３週：絶対運動と||相＊＊＊||について学習する。","そうたいうんどう,相対運動","",Guess the term having 4 (Grade-3 level) Kanji or its reading(not strictly same reading as one in the example),Text
"opposition movement
活動家たちは||反＊＊＊||を強めています。
首相の発言が||反＊＊＊||に火をつけた。","はんたいうんどう,反対運動","",Guess the term having 4 (Grade-3 level) Kanji or its reading(not strictly same reading as one in the example),Text
"surface temperature
太陽の||表＊＊＊||は約6000℃とされている。","ひょうめんおんど,表面温度","",Guess the term having 4 (Grade-3 level) Kanji or its reading(not strictly same reading as one in the example),Text
"peace movement
彼の時ならぬ発言は秘密をもらしたばかりではなく、||平＊＊＊||の計画をも、くつがえしてしまった。","へいわうんどう,平和運動","",Guess the term having 4 (Grade-3 level) Kanji or its reading(not strictly same reading as one in the example),Text
"bureaucratic bungling; officialism; red tape; re..
この手続きにはお||役＊＊＊||がだいぶからんでいます。
そういった国家は、お||役＊＊＊||に陥る可能性がある。","やくしょしごと,役所仕事","bureaucratic bungling; officialism; red tape; red-tapism",Guess the term having 4 (Grade-3 level) Kanji or its reading(not strictly same reading as one in the example),Text
"exercises; practice problem
この||練＊＊＊||は、私がひとりでできるくらいやさしい。
先生は本の２１ページの||練＊＊＊||を省いた。
彼女は与えられた時間で||練＊＊＊||を終えた。
教科書の各章に約１２もの||練＊＊＊||がついている。
||練＊＊＊||の解答は巻末にまとめてあります。
英作文の||練＊＊＊||をしなさい。","れんしゅうもんだい,練習問題","",Guess the term having 4 (Grade-3 level) Kanji or its reading(not strictly same reading as one in the example),Text
"(Western) clothing store; clothes shop; dressmak..
父はいつもその||洋＊＊||に服を作ってもらう。
私の||洋＊＊||から戻ってきた時に破れていた。","ようふくや,洋服屋","(Western) clothing store; clothes shop; dressmaker; tailor; tailor's shop",Guess the term having 3 (Grade-3 level) Kanji or its reading(not strictly same reading as one in the example),Text
"itinerary; program; programme; schedule
||予＊＊||を見ましょう。","よていひょう,予定表","",Guess the term having 3 (Grade-3 level) Kanji or its reading(not strictly same reading as one in the example),Text
"problem collection; problem set; question collec..
「この||問＊＊||、買おっかな」「やらないくせに」「なんか言った？」
この||問＊＊||、解説があまりに不親切だなぁ。
この||問＊＊||は小学生向けですが、大人でも「あれ？」と頭をひねるような問題が多いので、ぜひ親御さんも一緒にやってみてください。","もんだいしゅう,問題集","problem collection; problem set; question collection; workbook",Guess the term having 3 (Grade-3 level) Kanji or its reading(not strictly same reading as one in the example),Text
"broadcaster; broadcasting station
反乱軍は||放＊＊||を占拠した。
||放＊＊||の前で待っているよ。","ほうそうきょく,放送局","",Guess the term having 3 (Grade-3 level) Kanji or its reading(not strictly same reading as one in the example),Text
"comfortable clothing worn at home; loungewear
彼はパジャマの上に||部＊＊||を着ていた。","へやぎ,部屋着","",Guess the term having 3 (Grade-3 level) Kanji or its reading(not strictly same reading as one in the example),Text
"room rent
あなたの||部＊＊||は一月とどこおっています。
あなたは||部＊＊||を１ヶ月滞納している。
会計は||部＊＊||につけてください。
君は||部＊＊||を前もって払うべきだ。
私は||部＊＊||が２ヵ月分たまっている。
||部＊＊||はいくらですか？
||部＊＊||はとても高い。","へやだい,部屋代","",Guess the term having 3 (Grade-3 level) Kanji or its reading(not strictly same reading as one in the example),Text
"Fukushima Prefecture (Tohoku area)
||福＊＊||で取った小女子から、基準値を超える量の放射性セシウムが検出されました。
||福＊＊||の県庁所在地は福島市です。","ふくしまけん,福島県","",Guess the term having 3 (Grade-3 level) Kanji or its reading(not strictly same reading as one in the example),Text
"dentist
３時に||歯＊＊||の予約がある。
彼の職業は||歯＊＊||である。
彼は||歯＊＊||に行った。
||歯＊＊||さんが怖くて。
||歯＊＊||に行かないと。
私は１日おきに||歯＊＊||へ行く。
私は||歯＊＊||に行ってきた。","はいしゃ,歯医者","",Guess the term having 3 (Grade-3 level) Kanji or its reading(not strictly same reading as one in the example),Text
"gardening
彼は||庭＊＊||が好きなんだ。
明日は||庭＊＊||をするつもりよ。
雨じゃなかったら、明日は||庭＊＊||しようかな。
雨で彼女は||庭＊＊||ができなかった。","にわしごと,庭仕事","",Guess the term having 3 (Grade-3 level) Kanji or its reading(not strictly same reading as one in the example),Text
"working in the fields; working on a farm
||畑＊＊||をしているとき彼はまるで水を得た魚のようだ。","はたけしごと,はたしごと,畑仕事","",Guess the term having 3 (Grade-3 level) Kanji or its reading(not strictly same reading as one in the example),Text
"coordinating role; coordinator
彼は優れた||調＊＊||で、ずっとそのように見られていた。","ちょうせいやく,調整役","",Guess the term having 3 (Grade-3 level) Kanji or its reading(not strictly same reading as one in the example),Text
"flora and fauna; plants and animals
皆さんは、皮膚がんになる危険性が大いにあり、体を弱りきらせ、食料の乏しい、||動＊＊||の減少した未来の世界を私たちにつくるつもりですか。
破壊の結果、毎日５０種類もの野生の||動＊＊||が消滅していると見積もられている。
雨林は地表のわずか２％をしめるに過ぎないが、世界の野生の||動＊＊||、及び昆虫の半分以上の種類がそこで生息している。","どうしょくぶつ,動植物","",Guess the term having 3 (Grade-3 level) Kanji or its reading(not strictly same reading as one in the example),Text
"across-the-board fall in prices
市場は||全＊＊||ですね。","ぜんめんやす,全面安","",Guess the term having 3 (Grade-3 level) Kanji or its reading(not strictly same reading as one in the example),Text
"the whole world
1929年米国で起こった経済恐慌は||全＊＊||に広まった。
その時代は||全＊＊||の人々が飢えていた。
一度の核戦争で||全＊＊||の破滅も起こりうる。
僕たちは||全＊＊||の切手を集める。
||全＊＊||が戦争に関係した。
||全＊＊||の人が衝撃を受けた。
彼らはキリストの福音を||全＊＊||に広めた。","ぜんせかい,全世界","",Guess the term having 3 (Grade-3 level) Kanji or its reading(not strictly same reading as one in the example),Text
"delegate; representative
この会に出席している他の||代＊＊||に直接話すのではなく、どうか議長に話して下さい。
その||代＊＊||は年次会議を欠席した。","だいひょうしゃ,代表者","",Guess the term having 3 (Grade-3 level) Kanji or its reading(not strictly same reading as one in the example),Text
"commercialisation; commercialization
肥大化、過度の||商＊＊||などの問題も抱えて、五輪は新世紀に向かう。","しょうぎょうか,商業化","",Guess the term having 3 (Grade-3 level) Kanji or its reading(not strictly same reading as one in the example),Text
"plant kingdom; Plantae
天候は、世界の至る所で、||植＊＊||と下等動物界の間の複雑な調和状態に影響を与えている。","しょくぶつかい,植物界","",Guess the term having 3 (Grade-3 level) Kanji or its reading(not strictly same reading as one in the example),Text
"personal belongings; things at hand
彼の||所＊＊||は全部あの箱に入っている。
彼女の遺体は公共の集団墓に埋葬され、彼女の||所＊＊||は焼かれました。","しょじひん,所持品","",Guess the term having 3 (Grade-3 level) Kanji or its reading(not strictly same reading as one in the example),Text
"owner
この家の||所＊＊||はどなたでしょうか。
この家の||所＊＊||は山田さんだ。
彼はその会社の合法的な||所＊＊||だ。
||所＊＊||の側には異存はなかった。
私が||所＊＊||です。
私はこの建物の||所＊＊||です。","しょゆうしゃ,所有者","",Guess the term having 3 (Grade-3 level) Kanji or its reading(not strictly same reading as one in the example),Text
"possession; property
この土地は私の||所＊＊||だ。
この本はあなたの||所＊＊||ですか？
奴隷は||所＊＊||として考えられていた。
私はあなたの||所＊＊||ではありません。","しょゆうぶつ,所有物","",Guess the term having 3 (Grade-3 level) Kanji or its reading(not strictly same reading as one in the example),Text
"credibility; fidelity; good faith; honesty; sinc..
もしこれが舞台の上で演じられたのだったら、まるっきり||真＊＊||のないフィクションだって悪態をついただろうな。
彼が写真を見せると、彼の話に||真＊＊||が出た。
彼が写真を見せると||真＊＊||が出た。
彼の話にはいくらか||真＊＊||がある。","しんじつみ,真実味","credibility; fidelity; good faith; honesty; sincerity; truthfulness",Guess the term having 3 (Grade-3 level) Kanji or its reading(not strictly same reading as one in the example),Text
"batter on deck
トムが||次＊＊||として控えています。","じだしゃ,次打者","",Guess the term having 3 (Grade-3 level) Kanji or its reading(not strictly same reading as one in the example),Text
"starting station
||始＊＊||に電車が入ってきて、やがてドアが開くと、並んでいた客たちは目の色を変えて座席になだれ込む。
私は||始＊＊||で電車に乗る。","しはつえき,始発駅","",Guess the term having 3 (Grade-3 level) Kanji or its reading(not strictly same reading as one in the example),Text
"Shimane Prefecture (Chugoku area)
||島＊＊||の県庁所在地は松江市です。","しまねけん,島根県","",Guess the term having 3 (Grade-3 level) Kanji or its reading(not strictly same reading as one in the example),Text
"photograph album
彼は彼の||写＊＊||を私に見せてくれた。","しゃしんちょう,写真帳","",Guess the term having 3 (Grade-3 level) Kanji or its reading(not strictly same reading as one in the example),Text
"camera shop; photo finishing shop; photo process..
ホテルの中に||写＊＊||はありますか。","しゃしんや,写真屋","camera shop; photo finishing shop; photo processing shop; photo studio; photographer; photography supplies shop",Guess the term having 3 (Grade-3 level) Kanji or its reading(not strictly same reading as one in the example),Text
"ceremony held at the end of a school term; end-o..
今日は、平成20年度（2008年）の||終＊＊||でした。
学校の||終＊＊||が昨日あった。","しゅうぎょうしき,終業式","ceremony held at the end of a school term; end-of-term ceremony",Guess the term having 3 (Grade-3 level) Kanji or its reading(not strictly same reading as one in the example),Text
"researcher
「僕は||研＊＊||になるつもりだ」と彼は言った。
トムは日本文学の||研＊＊||だ。
市場調査のためにオクテル社は||研＊＊||らにかなりの助成金をだした。
彼はかつて大学教授であり、||研＊＊||でもあった。
彼は日本文学の||研＊＊||だ。
||研＊＊||が癌を治療するための有望な方向性を指し示した。
||研＊＊||は頭脳の新しい受容器の複合体を識別する。","けんきゅうしゃ,研究者","",Guess the term having 3 (Grade-3 level) Kanji or its reading(not strictly same reading as one in the example),Text
"laboratory; research establishment; research ins..
いつかその||研＊＊||で働きたいものだ。
トムは||研＊＊||で働いています。
バクスゲン社の||研＊＊||で新薬の試験が行われる。
実験が||研＊＊||で行われる。
彼は多額のお金を||研＊＊||に寄付した。","けんきゅうしょ,けんきゅうじょ,研究所","laboratory; research establishment; research institute",Guess the term having 3 (Grade-3 level) Kanji or its reading(not strictly same reading as one in the example),Text
"euphoria; feeling of happiness; sense of well-be..
彼の心は||幸＊＊||に満たされた。
私の心は||幸＊＊||でいっぱいだった。","こうふくかん,幸福感","euphoria; feeling of happiness; sense of well-being",Guess the term having 3 (Grade-3 level) Kanji or its reading(not strictly same reading as one in the example),Text
"degree of happiness; level of happiness
どうして日本は良い国なのに、国民の||幸＊＊||が低いのでしょうか。","こうふくど,幸福度","",Guess the term having 3 (Grade-3 level) Kanji or its reading(not strictly same reading as one in the example),Text
"council (regional); ward office
１０年前の成人の日に||区＊＊||からボールペンをもらった。
世界中の子どもたちが一度に笑ったら，多分すごい数の苦情が||区＊＊||に届くだろう。
車を買うためは||区＊＊||に駐車スペースがあることを証明しなければならない。","くやくしょ,区役所","",Guess the term having 3 (Grade-3 level) Kanji or its reading(not strictly same reading as one in the example),Text
"opening ceremony (of the school term)
その学生が３年生になって学校に来たのは||始＊＊||の日だけです。","しぎょうしき,始業式","",Guess the term having 3 (Grade-3 level) Kanji or its reading(not strictly same reading as one in the example),Text
"(production) facility; business site; establishm..
この||事＊＊||には百人以上の人が勤めています。
この大分類には、金融業又は保険業を営む||事＊＊||が分類される。","じぎょうしょ,事業所","(production) facility; business site; establishment; office; place of business",Guess the term having 3 (Grade-3 level) Kanji or its reading(not strictly same reading as one in the example),Text
"business suit; work clothes
||仕＊＊||に着替えなければいけない。","しごとぎ,仕事着","",Guess the term having 3 (Grade-3 level) Kanji or its reading(not strictly same reading as one in the example),Text
"first time that one works in the year; resuming ..
今の||仕＊＊||めてから全くと言っていいほど運動してないな。","しごとはじめ,仕事始","first time that one works in the year; resuming work after the New Year's vacation",Guess the term having 3 (Grade-3 level) Kanji or its reading(not strictly same reading as one in the example),Text
"business circles; business world
||実＊＊||では、きちんとした身なりがとても重要です。
彼はきっと||実＊＊||で成功すると思う。
彼は大学へ進まず||実＊＊||に入った。
彼は||実＊＊||に強い影響力を持っている。
田村さんは||実＊＊||で成功した。
私は||実＊＊||ではうまくやっていけない。","じつぎょうかい,実業界","",Guess the term having 3 (Grade-3 level) Kanji or its reading(not strictly same reading as one in the example),Text
"live-action adaptation (of a cartoon or animated..
この||実＊＊||は原作ファンも納得です。","じっしゃか,実写化","live-action adaptation (of a cartoon or animated movie)",Guess the term having 3 (Grade-3 level) Kanji or its reading(not strictly same reading as one in the example),Text
"interesting; meaningful; pregnant with significa..
あのドラマ、最後にいつも||意＊＊||な言葉を言って終わるよね。
聴衆は彼の||意＊＊||い講演に感銘を受けた。","いみしん,いみぶか,意味深","interesting; meaningful; pregnant with significance; suggestive; with profound (often hidden) meaning",Guess the term having 3 (Grade-3 level) Kanji or its reading(not strictly same reading as one in the example),Text
"drugs; medical and pharmaceutical products; medi..
ボランティアグループの人達は戦争被害者に食料と||医＊＊||を配っている。","いやくひん,医薬品","drugs; medical and pharmaceutical products; medicinal supplies; medicine; pharmaceuticals",Guess the term having 3 (Grade-3 level) Kanji or its reading(not strictly same reading as one in the example),Text
"dependent on luck; matter of luck
結婚は||運＊＊||。","うんしだい,運次第","",Guess the term having 3 (Grade-3 level) Kanji or its reading(not strictly same reading as one in the example),Text
"driver (of a vehicle)
この事故は||運＊＊||の不注意から起こった。
せっかちな||運＊＊||が赤信号を無視して交差点を通りぬけた。
彼女の立っていた場所から||運＊＊||が見えた。
自動車事故の大部分が||運＊＊||の不注意に起因する。
||運＊＊||は停止信号を無視した。
||運＊＊||は高速を出し続けた。
風景に気を取られて||運＊＊||は道路から目をそらした。","うんてんしゃ,運転者","",Guess the term having 3 (Grade-3 level) Kanji or its reading(not strictly same reading as one in the example),Text
"sports clothes; sportswear
私は妹のために||運＊＊||をさがしている。","うんどうぎ,運動着","",Guess the term having 3 (Grade-3 level) Kanji or its reading(not strictly same reading as one in the example),Text
"encipherment; encryption; password protection
ファイルを||暗＊＊||しないでください。","あんごうか,暗号化","",Guess the term having 3 (Grade-3 level) Kanji or its reading(not strictly same reading as one in the example),Text
"dormitory room; match between wrestlers from the..
その晩は見知らぬ人と||相＊＊||になった。
私は彼と||相＊＊||でもかまわない。","あいべや,相部屋","dormitory room; match between wrestlers from the same stable; sharing a room",Guess the term having 3 (Grade-3 level) Kanji or its reading(not strictly same reading as one in the example),Text
"physician in private practice; private clinician
彼は||開＊＊||をやっている。","かいぎょうい,開業医","",Guess the term having 3 (Grade-3 level) Kanji or its reading(not strictly same reading as one in the example),Text
"developer
彼女は||開＊＊||ですか。
||開＊＊||は集合体として以下の権限を持つ。３：１の賛成多数をもって、この憲章を修正できる。","かいはつしゃ,開発者","",Guess the term having 3 (Grade-3 level) Kanji or its reading(not strictly same reading as one in the example),Text
"snowscape
あすの朝までには一面の||銀＊＊||になっているだろう。","ぎんせかい,銀世界","",Guess the term having 3 (Grade-3 level) Kanji or its reading(not strictly same reading as one in the example),Text
"silver-capped tooth
「ガムいる？」「いらない。||銀＊||が外れるといけないから」","ぎんば,銀歯","",Guess the term having 2 (Grade-3 level) Kanji or its reading(not strictly same reading as one in the example),Text
"medicine box
||薬＊||は子供の手の届かない所に置いとく方がいいよ。","くすりばこ,薬箱","",Guess the term having 2 (Grade-3 level) Kanji or its reading(not strictly same reading as one in the example),Text
"apothecary; apothecary; chemist; chemist's (shop..
およそ百年前には、薬剤として||薬＊||で売っていた。
||薬＊||はこの道の突き当たりにあります。","くすりや,薬屋","apothecary; apothecary; chemist; chemist's (shop); druggist; drugstore; pharmacist; pharmacy",Guess the term having 2 (Grade-3 level) Kanji or its reading(not strictly same reading as one in the example),Text
"fourth finger (in piano-playing); fourth toe; ri..
彼女は左手の||薬＊||にダイヤの指輪をはめていた。
||薬＊||を曲げずに、小指だけを曲げれる？","くすりゆび,薬指","fourth finger (in piano-playing); fourth toe; ring finger; third finger",Guess the term having 2 (Grade-3 level) Kanji or its reading(not strictly same reading as one in the example),Text
"apparition; expert; ghost; goblin; highly skille..
||曲＊||ですが、人畜無害です。よろしゅう。","くせもの,曲者","apparition; expert; ghost; goblin; highly skilled person; idiosyncratic person; knave; master; monster; peculiar person; phantom; ruffian; something that is more than it seems; specter; spectre; stubborn fellow; suspicious fellow; thief; tricky thing; villain",Guess the term having 2 (Grade-3 level) Kanji or its reading(not strictly same reading as one in the example),Text
"bitter taste; bitterness
この咳止め用トローチは||苦＊||があるがよくきく。","くみ,にがみ,苦味","",Guess the term having 2 (Grade-3 level) Kanji or its reading(not strictly same reading as one in the example),Text
"clothes; clothing; Japanese traditional clothing..
この||着＊||を着ませんか。
何とすばらしい||着＊||でしょう。
彼女は||着＊||に穴を空けた。
母はいつも家で||着＊||を着ている。
||着＊||に足袋は欠かせません。
||着＊||は着ますか。
私は急いで||着＊||を着た。","きもの,きるもの,着物","clothes; clothing; Japanese traditional clothing (esp. full-length); kimono
clothes; something to wear",Guess the term having 2 (Grade-3 level) Kanji or its reading(not strictly same reading as one in the example),Text
"(the) industry; business circles; business world
この||業＊||ではもう年をとりすぎている。
この||業＊||では金がものをいうんだ。
この||業＊||も、もう終わりかな。
コンピューター||業＊||は景気がいい。
大企業が||業＊||を支配しています。
||業＊||の健全な成長のために公正な競争が確保される必要がある。
||業＊||の裏話を聞きたい。","ぎょうかい,業界","",Guess the term having 2 (Grade-3 level) Kanji or its reading(not strictly same reading as one in the example),Text
"businessperson; company; contractor; dealer; fel..
卸売り||業＊||は取引から手を引こうとするかもしれません。
我々は価格について||業＊||と相談がまとまった。
我々は海外の||業＊||からの競争に直面している。
||業＊||が造花の花束を届けて飾っている。
私たちは床下の虫を駆除するため||業＊||を雇いました。
韓流ドラマブームに便乗して、韓国の製品を売る||業＊||が増えた。","ぎょうしゃ,業者","businessperson; company; contractor; dealer; fellow trader; maker; manufacturer; people in the same trade; supplier; trader; vendor",Guess the term having 2 (Grade-3 level) Kanji or its reading(not strictly same reading as one in the example),Text
"attendant; official; person in charge
「身分確認のためにあなたの運転免許証を見せていただけますか」とその||係＊||はいった。
「都庁舎でもらえますよ」と||係＊||が付け加えた。
そこにいる||係＊||から買ってください。
||係＊||が頷いたので彼女は小切手を書き、それを手渡した。","かかりいん,係員","",Guess the term having 2 (Grade-3 level) Kanji or its reading(not strictly same reading as one in the example),Text
"promotion of enterprise; starting a business
ジョンは会社を辞め、||起＊||しました。
ボブが||起＊||してから３年が経ちます。
||起＊||を志す者には予期せぬ困難をはねのける力が求められる。
||起＊||を志す者には予期せぬ困難を跳ね除ける力が求められる。","きぎょう,起業","",Guess the term having 2 (Grade-3 level) Kanji or its reading(not strictly same reading as one in the example),Text
"promising; rising; up-and-coming; anticipation; ..
ご||期＊||に添いかねます。
彼の援助を||期＊||するな。
彼の胸は||期＊||に弾んだ。
最善を||期＊||しよう。
||期＊||しているから。
||期＊||しないでね。
私の胸は||期＊||にはずむ。","きたい,期待","promising; rising; up-and-coming; anticipation; expectation; hope",Guess the term having 2 (Grade-3 level) Kanji or its reading(not strictly same reading as one in the example),Text
"activation; booting up; launch; starting (e.g. e..
いろんな方法を試しても、パソコンが||起＊||しないな。ハードウェアの問題かな？
ゲームカセットの金属端子が汚れていると、ゲーム機にカセットを差し込んだ時、ゲームが||起＊||しにくくなります。
これは、||起＊||および制御システムのテストで特に役立ちます。
パソコンが||起＊||しない。どうすればいいんだ？
パソコンが||起＊||しなくなりました。","きどう,起動","activation; booting up; launch; starting (e.g. engine, computer); startup",Guess the term having 2 (Grade-3 level) Kanji or its reading(not strictly same reading as one in the example),Text
"sudden death
友人の父親が||急＊||したのを大変気の毒に思った。
彼は父の||急＊||のために留学するのをあきらめた。
彼女の||急＊||で私は一時何も考えられなかった。
我々は彼の||急＊||の報に大いに驚いた。
私は、友人の父が||急＊||したのを気の毒に思った。","きゅうし,急死","",Guess the term having 2 (Grade-3 level) Kanji or its reading(not strictly same reading as one in the example),Text
"crux (of a problem); essential point; heart (of ..
うぬぼれは人の一番の||急＊||だ。
彼の言葉はズバリ||急＊||を言い当てた。
||急＊||を除くすべての攻撃を認める。","きゅうしょ,きゅうじょ,急所","crux (of a problem); essential point; heart (of a matter); key point; male crotch (as a target in fighting); tender spot; vital part (of the body); vitals; weak point
critical place to make a move; vital point",Guess the term having 2 (Grade-3 level) Kanji or its reading(not strictly same reading as one in the example),Text
"despatch; dispatch
被災地に救援物資が||急＊||された。","きゅうそう,急送","",Guess the term having 2 (Grade-3 level) Kanji or its reading(not strictly same reading as one in the example),Text
"rapid (e.g. progress)
その国は||急＊||に工業化された。
北京は||急＊||に変わっている。
彼女は||急＊||に英語力が伸びた。
日本経済は||急＊||に成長した。
潮が||急＊||に満ちてくる。","きゅうそく,急速","",Guess the term having 2 (Grade-3 level) Kanji or its reading(not strictly same reading as one in the example),Text
"sudden illness
リンダ父親の||急＊||で大学から呼び出された。
彼の||急＊||で旅行は取りやめになった。
||急＊||のために、彼女は約束を取り消した。
||急＊||のために彼はそこへ行くことができなかった。","きゅうびょう,急病","",Guess the term having 2 (Grade-3 level) Kanji or its reading(not strictly same reading as one in the example),Text
"sharp drop; sharp fall; sudden drop; sudden fall
ドルが円をはじめとする主要なアジア通貨に対して||急＊||しているなか、実質上のドルペッグ政策を採っている中国の人民元は割安となっている。
中国でのコロナウイルスのアウトブレイクに対する不安により、全世界の経済を支えるサプライチェーンに長期的な損害を生み出す可能性が見込まれ、全世界の株価は月曜日に||急＊||した。
株価が||急＊||した。
経済回復の遅れは自動車の売り上げを||急＊||させました。
英国の通貨危機は、政府がポンドの||急＊||をくい止められなかったことをめぐる政治危機へと発展しま","きゅうらく,急落","",Guess the term having 2 (Grade-3 level) Kanji or its reading(not strictly same reading as one in the example),Text
"rapids; swift current
この||急＊||で泳ぐのはとても無謀なことだ。
この||急＊||で泳ぐのは危険に違いない。
ボートは||急＊||に巻き込まれた。
大きな渦巻きと||急＊||があります。","きゅうりゅう,急流","",Guess the term having 2 (Grade-3 level) Kanji or its reading(not strictly same reading as one in the example),Text
"allowing (public) access; leaving open; opening ..
この庭園は一般に||開＊||されています。
その公園は全ての人に||開＊||されています。
婦人に||開＊||されている職業は多い。
日本は金融市場を||開＊||するようにアメリカの圧力を受けた。
試験中は、全てのドア及び窓を||開＊||してください。","かいほう,開放","allowing (public) access; leaving open; opening (a door, window, etc.); opening up (e.g. to the public)",Guess the term having 2 (Grade-3 level) Kanji or its reading(not strictly same reading as one in the example),Text
"opening (for that day's business; of a library, ..
「こんな朝早くから||開＊||してるんですか？」「私は顔パスよ」
土日月の午前１０時半から午後４時まで||開＊||。","かいかん,開館","opening (for that day's business; of a library, museum, cinema, etc.); opening (of a new library, museum, cinema, etc.)",Guess the term having 2 (Grade-3 level) Kanji or its reading(not strictly same reading as one in the example),Text
"(social) class; grade; rank
アメリカは自国には||階＊||がないと信じたがる国だ。
人の考え方は、その人の教育や、性別、||階＊||、年齢などによって決定されるものだ。
制服は||階＊||の差を取り除くだろうか。
大尉は軍曹よりも||階＊||が上だ。
彼は２年前に、大佐の||階＊||に昇進した。","かいきゅう,階級","",Guess the term having 2 (Grade-3 level) Kanji or its reading(not strictly same reading as one in the example),Text
"opening a business; opening a practice
その店は明日から||開＊||する。
レストランを||開＊||したいんだ。
彼は肉屋を||開＊||した。
彼女は歯科医を||開＊||している。
私の父は医者を||開＊||している。","かいぎょう,開業","",Guess the term having 2 (Grade-3 level) Kanji or its reading(not strictly same reading as one in the example),Text
"opening a port (seaport, airport, etc.); opening..
新東京国際空港が成田に||開＊||した。","かいこう,開港","opening a port (seaport, airport, etc.); opening a port to foreign vessels or trade; starting operations at a port",Guess the term having 2 (Grade-3 level) Kanji or its reading(not strictly same reading as one in the example),Text
"beginning; commencement; initiation; start
両国は平和交渉を||開＊||した。
兵士たちは攻撃を||開＊||した。
敵は我々に攻撃を||開＊||した。
敵軍が攻撃を||開＊||した。
雪の為に競技の||開＊||が遅れた。","かいし,開始","",Guess the term having 2 (Grade-3 level) Kanji or its reading(not strictly same reading as one in the example),Text
"factorial
10の||階＊||は362万8800、20の||階＊||は243京2902兆81億7664万である。","かいじょう,階乗","",Guess the term having 2 (Grade-3 level) Kanji or its reading(not strictly same reading as one in the example),Text
"development; exploitation (of resources)
そもそも||開＊||する人がいない。
もう誰も||開＊||に関わってない。
海底油田の||開＊||をしたい。
細々とだが||開＊||は続いている。
現場は||開＊||に積極的だった。
||開＊||チームはすでに別のプロジェクトに移ってます。
||開＊||の継続に寄付は大切です。","かいはつ,かいほつ,開発","",Guess the term having 2 (Grade-3 level) Kanji or its reading(not strictly same reading as one in the example),Text
"encumbrance; heavy burden; heavy freight; heavy ..
その知らせを聞いて彼の||重＊||が取れた。
その責任は彼にとって||重＊||だ。
彼の成功で私の心の||重＊||がおりた。
彼は||重＊||に喘いだ。
彼女の親切が私には||重＊||になり始めた。
||重＊||で机がまた軋んだ。","おもに,じゅうか,重荷","encumbrance; heavy burden; heavy freight; heavy responsibility; load",Guess the term having 2 (Grade-3 level) Kanji or its reading(not strictly same reading as one in the example),Text
"countenance; expression; face; look
トムは４階の自宅から、隣の川土手が崩れていくのを不安げな||面＊||ちで見つめていた。
彼女はいつも緊張した||面＊||ちをしているが、物を食べる時に限ってはリラックスして見える。
彼女は消沈した||面＊||ちで部屋を出ていった。","おももち,面持","",Guess the term having 2 (Grade-3 level) Kanji or its reading(not strictly same reading as one in the example),Text
"(company) director; executive; important post; r..
われわれは||重＊||と向かい合って座った。
彼はどこかの会社の||重＊||に違いない。
彼は保険会社の||重＊||である。
彼女は実権のない||重＊||に祭り上げられました。
退職する||重＊||に敬意を表して送別会が開かれた。
||重＊||たちは朝食会に集まっています。","おもやく,じゅうやく,重役","(company) director; executive; important post; role with heavy responsibilities; top management",Guess the term having 2 (Grade-3 level) Kanji or its reading(not strictly same reading as one in the example),Text
"temperature
朝から||温＊||が下がってきた。
水の||温＊||は38℃です。
氷の||温＊||は何度ですか。
||温＊||が下がる。
||温＊||は七十度です。
||温＊||計は||温＊||を測る器具です。
私は||温＊||を毎日記録している。","おんど,温度","",Guess the term having 2 (Grade-3 level) Kanji or its reading(not strictly same reading as one in the example),Text
"agreeable; clement; gentle (nature, personality,..
その国は気候が||温＊||だ。
彼は生まれつき||温＊||な気質だ。
彼女は||温＊||な婦人です。
概して日本の気候は||温＊||である。
概して言えば、当地の気候は||温＊||です。
||温＊||な太陽が出ている。","おんわ,温和","agreeable; clement; gentle (nature, personality, etc.); mild; mild; mild (climate); moderate (statement, measure, etc.); pleasant; pleasant; quiet; temperate; temperate",Guess the term having 2 (Grade-3 level) Kanji or its reading(not strictly same reading as one in the example),Text
"ace; God; god; god (amongst men); king; superior..
あなたは||神＊||を信じますか。
彼は人民にとって||神＊||でした。
彼らは||神＊||を信じている。
愛は、||神＊||からの贈り物です。
||神＊||はいない。
||神＊||を信じている？
私達は||神＊||を信じます。","かみさま,神様","ace; God; god; god (amongst men); king; superior person",Guess the term having 2 (Grade-3 level) Kanji or its reading(not strictly same reading as one in the example),Text
"person who administered religious rituals within..
ソクラテスは||主＊||ゼウスを信じなかったので無神論の罪に問われた。
紀元前776年、最初のオリンピック競技大会は、ギリシャ人の||主＊||ゼウスを称えるため、オリンポス山の麓で開催された。","かみづかさ,かむづかさ,かんづかさ,しゅしん,主神","person who administered religious rituals within the dazaifu jurisdiction (ritsuryo system)
chief god",Guess the term having 2 (Grade-3 level) Kanji or its reading(not strictly same reading as one in the example),Text
"age of the gods; ancient time
「元日や||神＊||のことも思はるゝ」と守武の発句を見まして、演題を、七福神詣りとつけましたので御座ります。","かみよ,じんだい,神代","",Guess the term having 2 (Grade-3 level) Kanji or its reading(not strictly same reading as one in the example),Text
"divine work; miracle; Shinto ritual; superhuman ..
彼の行為は全く||神＊||だった。","かみわざ,かむわざ,かんわざ,神業","divine work; miracle; Shinto ritual; superhuman feat",Guess the term having 2 (Grade-3 level) Kanji or its reading(not strictly same reading as one in the example),Text
"Chinese poem
Chinese poem; Chinese poetry
君は||漢＊||を読んだことがありますか。
彼はその||漢＊||を肉太に書いた。
脚韻と平仄が||漢＊||の基本的ルールとなっています。","からうた,かんし,漢詩","",Guess the term having 2 (Grade-3 level) Kanji or its reading(not strictly same reading as one in the example),Text
"influence (on someone); inspiration
料理好きなドイツの友達に||感＊||されて、ドイツ料理を習いに行くことにしました。","かんか,感化","",Guess the term having 2 (Grade-3 level) Kanji or its reading(not strictly same reading as one in the example),Text
"(radio) receptivity; sensitivity; susceptibility
美というのは事物そのものに内在する質ではない。それは単に対象を観察する側の精神に存在するものであって、個々人の精神は異なった美を||感＊||する。","かんじゅ,感受","",Guess the term having 2 (Grade-3 level) Kanji or its reading(not strictly same reading as one in the example),Text
"feelings; impressions; reactions; thoughts
あくまでも個人の||感＊||です。
ゲームについてのご||感＊||は？
それの||感＊||は？
彼はその詩の||感＊||を述べた。
映画のご||感＊||は？","かんそう,感想","",Guess the term having 2 (Grade-3 level) Kanji or its reading(not strictly same reading as one in the example),Text
"Han era; Han period (China; 202 BCE-220 CE)
||漢＊||にはローマガラスの容器が輸入され、5世紀には北魏でガラス容器の製作が始まりました。","かんだい,漢代","",Guess the term having 2 (Grade-3 level) Kanji or its reading(not strictly same reading as one in the example),Text
"being deeply moved emotionally; deep emotion; ex..
とても||感＊||したわ。
彼の勇気に||感＊||した。
彼の涙に||感＊||した。
||感＊||して涙を流した。
||感＊||をありがとう！
映画を見て||感＊||した。
聴衆は深く||感＊||した。","かんどう,感動","being deeply moved emotionally; deep emotion; excitement; inspiration; passion; strong impression",Guess the term having 2 (Grade-3 level) Kanji or its reading(not strictly same reading as one in the example),Text
"cold wave
この地方を||寒＊||が襲った。
この地方を襲った||寒＊||のためかなり大勢の人が亡くなった。
||寒＊||が稲の発育を遅らせた。
||寒＊||への備えはできてる？","かんぱ,寒波","",Guess the term having 2 (Grade-3 level) Kanji or its reading(not strictly same reading as one in the example),Text
"admiration; being impressed (by)
君の勇気には全く||感＊||する。
彼の勇気には||感＊||する。
彼女はジョンの勇敢さに||感＊||している。","かんぷく,感服","",Guess the term having 2 (Grade-3 level) Kanji or its reading(not strictly same reading as one in the example),Text
"involving only the parties concerned; tete-a-tet..
このため、会談の席の配置では米国と||相＊||して座る場所を求めた。","あいたい,そうたい,相対","involving only the parties concerned; tete-a-tete
relativity; relative; confronting; facing (e.g. a problem)",Guess the term having 2 (Grade-3 level) Kanji or its reading(not strictly same reading as one in the example),Text
"fried food; frying food
それは出来ない相談だな。||油＊||してる時に、火の傍から離れるのは言語道断だ。","あぶらもの,油物","",Guess the term having 2 (Grade-3 level) Kanji or its reading(not strictly same reading as one in the example),Text
"circumstances; condition; ideal state; sight; sp..
いつも世の中の||有＊||を揶揄するような感じで観ている。
このような||有＊||になっているのは、おそらく魑魅魍魎が跋扈する北方のディジェネ―ル地方と繋がっているからだろう。
それはさんたんたる||有＊||だった。
彼女は哀れを誘う||有＊||だった。","ありさま,ありよう,有様","circumstances; condition; ideal state; sight; spectacle; state; the way things should be; truth",Guess the term having 2 (Grade-3 level) Kanji or its reading(not strictly same reading as one in the example),Text
"bad meaning; evil intention; ill will; malice; s..
彼は私に||悪＊||を抱いている。
||悪＊||でしたのではない。
||悪＊||のない嘘だ。
私には||悪＊||はありません。
私は君に||悪＊||はない。
私は彼になんの||悪＊||も持っていない。
私は||悪＊||があってしたのではない。","あくい,悪意","bad meaning; evil intention; ill will; malice; spite; bad faith; criminal intent to deceive; mala fides; malice",Guess the term having 2 (Grade-3 level) Kanji or its reading(not strictly same reading as one in the example),Text
"bad luck; dumb luck; luck of the devil; undeserv..
僕は何をやっても||悪＊||が強いんだ。
奴の||悪＊||が尽きるのも時間の問題だ。
彼はとても||悪＊||があるよ。
彼女は失敗を||悪＊||のせいにした。
||悪＊||が強い。
黒猫は||悪＊||を招きます。","あくうん,悪運","bad luck; dumb luck; luck of the devil; undeserved good luck",Guess the term having 2 (Grade-3 level) Kanji or its reading(not strictly same reading as one in the example),Text
"misdeed; wickedness; wrongdoing
bad karma; evil ..
その雑誌の記事で彼の||悪＊||は白日の下にさらされましたね。","あくぎょう,あくごう,悪業","misdeed; wickedness; wrongdoing
bad karma; evil deed; sinful deed",Guess the term having 2 (Grade-3 level) Kanji or its reading(not strictly same reading as one in the example),Text
"calamity; crime; evil deed; misfortune; vice; wr..
君の||悪＊||は当然に有罪判決だった。
彼はどんな||悪＊||でもやりかねない。
彼は||悪＊||を働いている。
彼は||悪＊||を重ねた。
彼らは彼をけしかけてその||悪＊||を働かせた。
||悪＊||の報い。
||悪＊||は必ず露見する。","あくじ,悪事","calamity; crime; evil deed; misfortune; vice; wrongdoing",Guess the term having 2 (Grade-3 level) Kanji or its reading(not strictly same reading as one in the example),Text
"bad custom; bad habit; evil practice; vice
この||悪＊||は次第になくなるだろう。
そう言った||悪＊||は廃止すべきだ。
そんな||悪＊||は廃止するべきだ。
君は||悪＊||をやめなければいけない。
彼らはその||悪＊||を打破した。
||悪＊||に染まるのは簡単だ。
||悪＊||は身につきやすい。","あくしゅう,悪習","",Guess the term having 2 (Grade-3 level) Kanji or its reading(not strictly same reading as one in the example),Text
"bad boy; brat; naughty child
彼は||悪＊||である。","あくどう,悪童","",Guess the term having 2 (Grade-3 level) Kanji or its reading(not strictly same reading as one in the example),Text
"bad road
||悪＊||になると、この小型の車が本当にその本領を発揮する。","あくろ,悪路","",Guess the term having 2 (Grade-3 level) Kanji or its reading(not strictly same reading as one in the example),Text
"being content with one's present position; being..
覚えようとするのじゃなくて、圧倒的な量を体にくぐらせるという方法は、性格に合う人間にとってはまったく努力のうちに入らない。楽すぎてそこに||安＊||してアウトプットに挑まない人が出てくる。俺もそっちのタイプ。","あんじゅう,安住","being content with one's present position; being satisfied with one's lot; living a quiet life; living in peace",Guess the term having 2 (Grade-3 level) Kanji or its reading(not strictly same reading as one in the example),Text
"safety; security
ここの方が||安＊||だよ。
ここは||安＊||なの？
原子力は||安＊||だ。
君はここなら||安＊||だ。
||安＊||が第一だよ。
||安＊||な旅を。
私の仕事は||安＊||です。","あんせん,あんぜん,安全","",Guess the term having 2 (Grade-3 level) Kanji or its reading(not strictly same reading as one in the example),Text
"aggravation; corruption; degeneration; deteriora..
トムの体調は||悪＊||した。
トムの容体が||悪＊||した。
事態はますます||悪＊||した。
年々公害が||悪＊||する。
彼の容体が||悪＊||した。
||悪＊||したのですか。","あっか,悪化","aggravation; corruption; degeneration; deterioration; getting worse; worsening",Guess the term having 2 (Grade-3 level) Kanji or its reading(not strictly same reading as one in the example),Text
"crook; rascal; ruffian; scoundrel; villain
||悪＊||は金銭登録機のお金を要求した。","あっかん,悪漢","",Guess the term having 2 (Grade-3 level) Kanji or its reading(not strictly same reading as one in the example),Text
"repose; rest
どっちが最終的な||安＊||の地となるんだろう。
私の部屋は誰も人をいれない||安＊||の場所です。","あんそく,安息","",Guess the term having 2 (Grade-3 level) Kanji or its reading(not strictly same reading as one in the example),Text
"stable; balance; composure; consistency; equilib..
このところ物価が||安＊||している。
その国の政府は||安＊||している。
||安＊||してからスピード上げてください。
||安＊||してる株に手を出したら、着実に値下がりしていった。
彼は||安＊||を失って倒れた。
日本の円は||安＊||した通貨だ。
生活を||安＊||させたい。","あんてい,安定","stable; balance; composure; consistency; equilibrium; stability; steadiness",Guess the term having 2 (Grade-3 level) Kanji or its reading(not strictly same reading as one in the example),Text
"idea; inclination; intention; wish
彼の||意＊||に逆らうな。
彼の||意＊||をもう一度確認すべきだ。
彼は||意＊||を遠回しに言った。
政府は減税の||意＊||を明言した。
私は彼を無理強いして私の||意＊||に従わせた。","いこう,意向","",Guess the term having 2 (Grade-3 level) Kanji or its reading(not strictly same reading as one in the example),Text
"doctor; physician
||医＊||の不養生。
||医＊||は何だって？
彼は||医＊||だ。
彼は||医＊||の卵だ。
彼女は||医＊||です。
父は||医＊||です。
私は||医＊||です。","いしゃ,医者","",Guess the term having 2 (Grade-3 level) Kanji or its reading(not strictly same reading as one in the example),Text
"clinic; doctor's office; doctor's surgery
||医＊||を受診した。","いいん,医院","",Guess the term having 2 (Grade-3 level) Kanji or its reading(not strictly same reading as one in the example),Text
"committee member
大多数の||委＊||はその案に反対した。
||委＊||は全員その計画に賛成である。
||委＊||は全員出席している。
||委＊||会の||委＊||は全員男性だ。
彼は||委＊||に選ばれました。
彼は||委＊||会の||委＊||だ。
彼らは彼女を||委＊||に選びました。","いいん,委員","",Guess the term having 2 (Grade-3 level) Kanji or its reading(not strictly same reading as one in the example),Text
"something unexpected; surprise
君はみんなの||意＊||をついたね。","いひょう,意表","",Guess the term having 2 (Grade-3 level) Kanji or its reading(not strictly same reading as one in the example),Text
"meaning; sense; significance
いい||意＊||でだよ。
これどういう||意＊||？
それどういう||意＊||？
どういう||意＊||？
どういう||意＊||ですか？
||意＊||がわからない。
||意＊||は分かります。","いみ,意味","",Guess the term having 2 (Grade-3 level) Kanji or its reading(not strictly same reading as one in the example),Text
"destiny; fate; lot
人は死ぬ||運＊||にある。
君と||運＊||を共にしよう。
孤独は人間共通の||運＊||だ。
彼の||運＊||は定まった。
私は||運＊||に満足している。
||運＊||って信じる？
||運＊||は大胆な者に微笑む。","うんめい,運命","",Guess the term having 2 (Grade-3 level) Kanji or its reading(not strictly same reading as one in the example),Text
"appeal; athletics; campaign; crusade; drive; exe..
トムは||運＊||した。
トムは||運＊||する。
散歩は良い||運＊||だ。
水泳はよい||運＊||だ。
私は||運＊||する。
||運＊||した。
||運＊||します。","うんどう,運動","appeal; athletics; campaign; crusade; drive; exercise; lobbying; motion; movement; movement; physical training; sports; workout",Guess the term having 2 (Grade-3 level) Kanji or its reading(not strictly same reading as one in the example),Text
"a swimmer
||泳＊||の呼吸機能の特性について。
||泳＊||は寒さで感覚がまひしていた。","えいしゃ,泳者","",Guess the term having 2 (Grade-3 level) Kanji or its reading(not strictly same reading as one in the example),Text
"(train) station attendant; station employee; sta..
１９７１年から１９８７年まで私の母は日本国有鉄道の||駅＊||でした。
どれに乗ったらよいか分からない。||駅＊||を探すが見つからなかった。
私は||駅＊||に切符を見せました。
||駅＊||に連絡したが、男はその場を立ち去り、改札口を出て行った。","えきいん,駅員","(train) station attendant; station employee; station staff",Guess the term having 2 (Grade-3 level) Kanji or its reading(not strictly same reading as one in the example),Text
"brazenly dishonest; impudent; laziness; shirking
さすが||横＊||な私も、我慢しきれず、胃腸の専門病院へ入院した。
トムは||横＊||な人じゃない。
||横＊||しないで、教わった漢字を使いなさい。","おうちゃく,横着","",Guess the term having 2 (Grade-3 level) Kanji or its reading(not strictly same reading as one in the example),Text
"barrel roll; falling over sideways; toppling sid..
そしたら||横＊||したの手伝ってやっからよ。
ボートが渦潮に巻き込まれ||横＊||しました。
農家の男の子が、小麦を乗せた小型トラックを過って||横＊||させてしまった。","おうてん,横転","barrel roll; falling over sideways; toppling sideways; turning sideways",Guess the term having 2 (Grade-3 level) Kanji or its reading(not strictly same reading as one in the example),Text
"ague; chill; shakes
||悪＊||がするわ。","おかん,悪寒","",Guess the term having 2 (Grade-3 level) Kanji or its reading(not strictly same reading as one in the example),Text
"blunder; error; fault; lapse; mistake; omission;..
喧嘩は||落＊||が一方にだけある場合には、永くは続かないであろう。","おちど,落度","blunder; error; fault; lapse; mistake; omission; oversight; slip",Guess the term having 2 (Grade-3 level) Kanji or its reading(not strictly same reading as one in the example),Text
"defoliation; dropping leaves; leaf fall; deciduo..
啄木鳥や||落＊||をいそぐ牧の木々
秋には||落＊||します。
||落＊||を取り除いて下さい。","おちば,らくよう,落葉","defoliation; dropping leaves; leaf fall; deciduous; fallen leaves; falling leaves; leaf litter",Guess the term having 2 (Grade-3 level) Kanji or its reading(not strictly same reading as one in the example),Text
"driving (a vehicle); investment; management; use..
トムは||運＊||した。
君が||運＊||して。
彼は||運＊||が上手だ。
彼は||運＊||が下手だ。
彼は||運＊||が荒い。
||運＊||できるの？
||運＊||できるよ。","うんてん,運転","driving (a vehicle); investment; management; use (of capital, funds, etc.); operation (of a machine); running; working",Guess the term having 2 (Grade-3 level) Kanji or its reading(not strictly same reading as one in the example),Text
"realm of existence
bounded
[a_n]が||有＊||で単調増加なら、[a_n]は収束する。
リウヴィル定理は、複素平面全体に亙り正則で||有＊||な有らゆる函数は定数函数であるという事を主張する定理である。
収束する数列は||有＊||である。","うかい,うがい,ゆうかい,有界","",Guess the term having 2 (Grade-3 level) Kanji or its reading(not strictly same reading as one in the example),Text
"receipt; receiving
彼が一切お金を||受＊||らなかったという事実から、彼が正直な男だという事が分かる。
未払い給料の||受＊||りを諦めました。","うけとり,受取","",Guess the term having 2 (Grade-3 level) Kanji or its reading(not strictly same reading as one in the example),Text
"cipher; code; password
この||暗＊||は私には解読できない。
この秘密の||暗＊||では、それぞれの数字がアルファベットの文字を表している。
スパイは情報を||暗＊||で送った。
フランクは||暗＊||による伝言を残した。
第三者が解読を試みても、この||暗＊||を解読することはできない。","あんごう,暗号","",Guess the term having 2 (Grade-3 level) Kanji or its reading(not strictly same reading as one in the example),Text
"drinking alcohol
Buddhist precept prohibiting th..
学内での||飲＊||は禁止されています。
彼は||飲＊||について私にお説教した。
彼は||飲＊||にふけって健康を害した。
彼らは||飲＊||にふけっていた。
彼女は||飲＊||にふけった。
||飲＊||も喫煙も健康に悪いのです。
||飲＊||を控えたほうがいいです。","いんしゅ,おんしゅ,おんじゅ,飲酒","drinking alcohol
Buddhist precept prohibiting the consumption of alcohol; consumption of alcohol (as prohibited by one of the Buddhist precepts)",Guess the term having 2 (Grade-3 level) Kanji or its reading(not strictly same reading as one in the example),Text
"drill; practical exercise; practice (in the fiel..
マンツーマンで指導して頂けたという点でも、非常に充実した||実＊||になった。
普通科目の他に機械についての基礎的な事柄を学習し、各種の機械の使用法や技術を身につける||実＊||などを行います。","じっしゅう,実習","drill; practical exercise; practice (in the field); training (esp. practical and hands-on)",Guess the term having 2 (Grade-3 level) Kanji or its reading(not strictly same reading as one in the example),Text
"real state of affairs; reality; true form of all..
クレオパトラの鼻が曲っていたとすれば、世界の歴史はその為に一変していたかも知れないとは名高いパスカルの警句である。しかし恋人と云うものは滅多に||実＊||を見るものではない。いや、我我の自己欺瞞は一たび恋愛に陥ったが最後、最も完全に行われるのである。","じっそう,実相","real state of affairs; reality; true form of all things as they are; true state of affairs; ultimate reality",Guess the term having 2 (Grade-3 level) Kanji or its reading(not strictly same reading as one in the example),Text
"actual; original; real thing
ornamental plant us..
あの彼の写真は||実＊||より悪く撮れている。
この絵は||実＊||にそっくりだ。
これは||実＊||そっくりだ、生き写しだ。
その絵は||実＊||そっくりだ。
その肖像画は||実＊||そっくりだ。","じつぶつ,みもの,実物","actual; original; real thing
ornamental plant used primarily for the visual effect of its fruit",Guess the term having 2 (Grade-3 level) Kanji or its reading(not strictly same reading as one in the example),Text
"appointment; assignment; designation; pointing a..
この地域は保全地域に||指＊||されています。
その映画はアダルト||指＊||だよ。
切符を申し込まれる際は代替日もご||指＊||ください。
別の日をご||指＊||いただけませんか。
日時は||指＊||されたが、場所は||指＊||されていない。","してい,指定","appointment; assignment; designation; pointing at; specification",Guess the term having 2 (Grade-3 level) Kanji or its reading(not strictly same reading as one in the example),Text
"activation; starting (machine, engine, car, etc...
エンジンを||始＊||させた。
寒い朝に車を||始＊||させることは難しい。
機械を||始＊||させた。
機械を||始＊||するには、このボタンを押しなさい。","しどう,始動","activation; starting (machine, engine, car, etc.)",Guess the term having 2 (Grade-3 level) Kanji or its reading(not strictly same reading as one in the example),Text
"fact; reality; truth
あれは||事＊||だった。
それは||事＊||とは違う。
だって||事＊||だろ。
||事＊||が知りたい。
||事＊||だよ。
彼女の死は||事＊||だ。
気候変動は||事＊||です。","じじつ,事実","",Guess the term having 2 (Grade-3 level) Kanji or its reading(not strictly same reading as one in the example),Text
"emissary; envoy; messenger
||使＊||はひそかにロンドンへ出発した。
別に制服着込んだ外宇宙の||使＊||が、伴侶を求めて徘徊してるわけでもなかろうに。
私はただの||使＊||だ。
私は自分でいかないで、||使＊||を使った。
私は自分で行かないで、||使＊||を行かせた。
私は自分で行かないで、||使＊||を送った。","ししゃ,使者","",Guess the term having 2 (Grade-3 level) Kanji or its reading(not strictly same reading as one in the example),Text
"(the) dead; (the) deceased; casualties; dead per..
その事故で多数の||死＊||が出た。
交通事故の結果、||死＊||が数人出た。
全員、||死＊||にしばし黙とうを捧げた。
||死＊||が見えます。
||死＊||はほめよ。
生存者の数は||死＊||の数より少なかった。
車の衝突事故で||死＊||が三名でた。","ししゃ,死者","(the) dead; (the) deceased; casualties; dead person",Guess the term having 2 (Grade-3 level) Kanji or its reading(not strictly same reading as one in the example),Text
"collected poems; collection of poems; poetry ant..
僕はこの||詩＊||がそれを読んだ人たちに忘れられたころ、不意に何ものともわからないしらべとなって、たしかめられず心の底でかすかにうたう奇蹟をねがう。
彼女の||詩＊||が出版されたところだ。","ししゅう,詩集","collected poems; collection of poems; poetry anthology",Guess the term having 2 (Grade-3 level) Kanji or its reading(not strictly same reading as one in the example),Text
"continuously; from beginning to end; from first ..
俺らは||始＊||、つるんでいる。
||始＊||ほえてばかりいる犬は、いい番犬にはならない。
私は||始＊||あなたのことを考えています。","しじゅう,始終","continuously; from beginning to end; from first to last",Guess the term having 2 (Grade-3 level) Kanji or its reading(not strictly same reading as one in the example),Text
"circumstances; course of events; order; preceden..
あなた||次＊||です。
こういう||次＊||だ。
彼は||次＊||に出世した。
日にち||次＊||ですね。
日にち||次＊||よ。
||次＊||に多くのつばめを見ることができる。
||次＊||に多くの医者が新薬を使い始めた。","しだい,次第","circumstances; course of events; order; precedence; program; programme; reason; state of things; as (e.g. -as one is told-, -as one wishes-); depending on; whatever (e.g. -whatever is at hand-); as soon as; immediately after; upon",Guess the term having 2 (Grade-3 level) Kanji or its reading(not strictly same reading as one in the example),Text
"arrangements; preparation
今夜は外で食事しましょうよ。疲れていて、食事の||仕＊||ができないの。
学校に行く||仕＊||しなくっちゃ。
彼は帰るとすぐに食事の||仕＊||に取りかかった。
彼女はお客に出す夕食の||仕＊||で非常に忙しかった。
母は夕飯の||仕＊||をしている。","したく,仕度","",Guess the term having 2 (Grade-3 level) Kanji or its reading(not strictly same reading as one in the example),Text
"the next issue
あなたの劇に対する好意的な批評が||次＊||に出ます。
||次＊||では離婚について特集します。","じごう,次号","",Guess the term having 2 (Grade-3 level) Kanji or its reading(not strictly same reading as one in the example),Text
"assignment; business; employment; job; labor; la..
さあ||仕＊||だ。
どう、||仕＊||は？
今日は||仕＊||？
||仕＊||に戻れ！
||仕＊||はどう？
||仕＊||は||仕＊||だ！
彼は||仕＊||の鬼だ。","しごと,仕事","assignment; business; employment; job; labor; labour; occupation; task; work; work",Guess the term having 2 (Grade-3 level) Kanji or its reading(not strictly same reading as one in the example),Text
"one's end; one's final hour; time of death
彼女の||死＊||は近づいている。
私はいつも思っていた、心筋梗塞を患うことは||死＊||を知らせる前兆だと。","しき,死期","",Guess the term having 2 (Grade-3 level) Kanji or its reading(not strictly same reading as one in the example),Text
"next period; next release; next term; next versi..
そして私は、１６年来の親友の強固な助けなしには今夜ここには立ってないだろう、家族の大黒柱で、愛する者で、||次＊||ファーストレディーのミッシェル・オバマだ。
水泳が||次＊||オリンピックの主要競技となるだろう。","じき,次期","next period; next release; next term; next version",Guess the term having 2 (Grade-3 level) Kanji or its reading(not strictly same reading as one in the example),Text
"ceremonial dress
学生服は普段着としても||式＊||としても着られるので便利だ。","しきふく,式服","",Guess the term having 2 (Grade-3 level) Kanji or its reading(not strictly same reading as one in the example),Text
"death; decease; passing away
アニメーション監督の今敏さんが２０１０年８月２４日、膵臓がんのため４７歳の誕生日を前にして||死＊||した。
ノーベル賞受賞者湯川博士は１９８１年に||死＊||した。
ブルース歌手のロバート・ジョンソンは、もし27歳で||死＊||していなければ、2011年5月8日で100歳になっていたはずだった。
三村・泰之氏（みむら・やすゆき＝コニチカ株式会社取締役）三日、心不全で||死＊||。４５歳。
私は新聞で彼の||死＊||のことを知った。","しきょ,死去","",Guess the term having 2 (Grade-3 level) Kanji or its reading(not strictly same reading as one in the example),Text
"commencement; opening; start of work
教室に入って席に着くのとほぼ同時に、||始＊||を知らせるチャイムの音が鳴り響く。","しぎょう,始業","",Guess the term having 2 (Grade-3 level) Kanji or its reading(not strictly same reading as one in the example),Text
"bottle shop; brewer; liquor store; liquor-store ..
彼があそこの||酒＊||の主人です。
私は||酒＊||でビールを一本買った。","さかや,酒屋","bottle shop; brewer; liquor store; liquor-store owner; sake dealer; wine shop",Guess the term having 2 (Grade-3 level) Kanji or its reading(not strictly same reading as one in the example),Text
"affected part (of the body); genitals; part; pri..
２時間毎に||局＊||を湿布しなさい。
||局＊||にかゆみがあります。
||局＊||には必ずモザイクをかけて下さい。","きょくぶ,局部","affected part (of the body); genitals; part; private parts; section",Guess the term having 2 (Grade-3 level) Kanji or its reading(not strictly same reading as one in the example),Text
"aspect; phase; position in a game; situation; st..
われわれは||局＊||の打開を図らなくてはならない。
交渉は大事な||局＊||を迎えた。
交渉は極めて重大な||局＊||に入った。
別の||局＊||では、新しい時代への予測が見られた。
情勢は新しい||局＊||を呈した。","きょくめん,局面","aspect; phase; position in a game; situation; stage; state of the game",Guess the term having 2 (Grade-3 level) Kanji or its reading(not strictly same reading as one in the example),Text
"monarch; ruler; sovereign
アリストテレスが暴君と||君＊||を区別するのに、前者は自らの利益のために統治を行い、後者は臣民のために統治を行うという事実をもってしたのは本当である。しかしながらアリストテレスの区分によれば、有史以来この世界にはただの一人も||君＊||が存在したことはないということになる。
その||君＊||は臣民に対して絶対の支配権を持っていた。
ビクトリア女王は英国の||君＊||だった。
||君＊||はその葬儀に出席することになっている。
||君＊||は病気から完全に回復した。
楽隊が滞在中の||君＊||のために演奏した。
英国の||君＊||は君臨するが","くんしゅ,君主","",Guess the term having 2 (Grade-3 level) Kanji or its reading(not strictly same reading as one in the example),Text
"light; mild (disability, symptoms, etc.); slight
被告は精神鑑定で||軽＊||の知的障害があることがわかった。","けいど,軽度","",Guess the term having 2 (Grade-3 level) Kanji or its reading(not strictly same reading as one in the example),Text
"avatar; impersonation; incarnation; personificat..
彼は利己主義の||化＊||だ。","けしん,化身","avatar; impersonation; incarnation; personification",Guess the term having 2 (Grade-3 level) Kanji or its reading(not strictly same reading as one in the example),Text
"decision; determination; resolution
トムは大学進学を||決＊||した。
トムは禁煙を||決＊||した。
よくまあ禁煙を||決＊||しましたね。
彼女はアメリカ留学を||決＊||した。
||決＊||をひるがえすな。
父は禁煙を||決＊||した。","けつい,決意","",Guess the term having 2 (Grade-3 level) Kanji or its reading(not strictly same reading as one in the example),Text
"decision of a contest; finals (in sports)
ウィンブルドンで行われる男子と女子のシングルス||決＊||は、１年で最もわくわくする、そして最も人気のあるスポーツ行事の１つである。
うちのエースがいれば地区大会は||決＊||までいける。
そのチームは準||決＊||に勝って||決＊||に進出した。
トムは||決＊||ゴールを決めた。
||決＊||まで残った走者は５人だった。","けっしょう,決勝","",Guess the term having 2 (Grade-3 level) Kanji or its reading(not strictly same reading as one in the example),Text
"expression; looks
いつものコーヒーショップでコーヒーを飲んでいると、トムが||血＊||を変えてやってきた。何事かと思いきや、どうやら、まだ結婚していない最愛の娘メアリーが、妊娠したと言うのだ。トムはかなり取り乱しているようだった。
図書館で本を読んでいると、トムが||血＊||を変えてやってきた。「どうしたの？」って聞くと、自分の彼女がジョンと浮気をしたというのだ。トムはかなり怒っているようだった。
気持ちよく寝ているところに、トムが||血＊||を変えてやってきた。","けっそう,血相","",Guess the term having 2 (Grade-3 level) Kanji or its reading(not strictly same reading as one in the example),Text
"blood relative
彼は私の||血＊||である。","けつぞく,血族","",Guess the term having 2 (Grade-3 level) Kanji or its reading(not strictly same reading as one in the example),Text
"conclusion; decision; end; settlement
あの件はまだ||決＊||がついてないんだ。
その状況は戦争を以てしか||決＊||できない。
彼らはその問題に最終的な||決＊||をつけた。
男らしく||決＊||をつけるぞ。サイコロ持ってこい！
裁判で||決＊||をつけましょう。","けっちゃく,決着","",Guess the term having 2 (Grade-3 level) Kanji or its reading(not strictly same reading as one in the example),Text
"decision; determination
この||決＊||は最終的だ。
これは経営者の||決＊||だ。
彼が戻るまで||決＊||できない。
||決＊||は君次第である。
||決＊||は延期された。
私たちの||決＊||に不服ですか。
私はこの新車に||決＊||した。","けってい,決定","",Guess the term having 2 (Grade-3 level) Kanji or its reading(not strictly same reading as one in the example),Text
"blood flow; bloodstream
少量のアルコールは心身をリラックスさせ、||血＊||を良くします。","けつりゅう,血流","",Guess the term having 2 (Grade-3 level) Kanji or its reading(not strictly same reading as one in the example),Text
"investigation; research; study
彼は||研＊||に夢中だ。
彼は||研＊||に専念する。
彼は||研＊||の対象を広げた。
彼女は||研＊||に夢中だ。
||研＊||しすぎて普通の人には理解できなくなった。
||研＊||ははかどりましたか。
野生の花の||研＊||が好きだ。","けんきゅう,研究","",Guess the term having 2 (Grade-3 level) Kanji or its reading(not strictly same reading as one in the example),Text
"lakeshore; lakeside
私は||湖＊||で写真をとってもらった。","こがん,湖岸","",Guess the term having 2 (Grade-3 level) Kanji or its reading(not strictly same reading as one in the example),Text
"act; business; conduct; deed; enterprise; indust..
この||事＊||は金を食う。
||事＊||に失敗した。
||事＊||は旨く行っている。
彼の父は||事＊||に失敗した。
彼は||事＊||に失敗した。
彼は||事＊||に成功した。
彼は||事＊||を息子に譲った。","ことわざ,じぎょう,事業","act; business; conduct; deed; enterprise; industry; operations; project; service; venture",Guess the term having 2 (Grade-3 level) Kanji or its reading(not strictly same reading as one in the example),Text
"lake surface
彼女は細かな雪が||湖＊||に降るのを眺めていた。
||湖＊||はまるで鏡のようだ。","こめん,湖面","",Guess the term having 2 (Grade-3 level) Kanji or its reading(not strictly same reading as one in the example),Text
"fortune; good luck
なんて||幸＊||なのだろう。
なんて||幸＊||なんだ。
僕は||幸＊||にも成功した。
||幸＊||か厄災か？
||幸＊||を祈るよ。
私は||幸＊||にも成功した。
私は||幸＊||にも選ばれた。","こううん,幸運","",Guess the term having 2 (Grade-3 level) Kanji or its reading(not strictly same reading as one in the example),Text
"blessedness; happiness; joy; welfare; well-being
ケンは||幸＊||です。
||幸＊||って何？
||幸＊||は買えない。
無知は||幸＊||。
私は||幸＊||です。
自由は||幸＊||です。
誰でも||幸＊||を望む。","こうふく,幸福","",Guess the term having 2 (Grade-3 level) Kanji or its reading(not strictly same reading as one in the example),Text
"beginning and end; consistently; from beginning ..
何を聞かれても具体策のない返答に||終＊||した。
前の会社では何でも屋に||終＊||したので今度は専門職に就きたい。
学生たちは||終＊||じっと座っていた。
彼女は落ち着いた態度に||終＊||した。","しゅうし,終始","beginning and end; consistently; from beginning to end; the whole time; throughout; being unchanged from beginning to end; doing something from beginning to end",Guess the term having 2 (Grade-3 level) Kanji or its reading(not strictly same reading as one in the example),Text
"address; domicile; residence
これが||住＊||です。
ご||住＊||はどこですか。
ご||住＊||をお書き下さい。
||住＊||はどこなの？
||住＊||をメールして。
彼は||住＊||が変わった。
私は彼に||住＊||を教えた。","じゅうしょ,住所","",Guess the term having 2 (Grade-3 level) Kanji or its reading(not strictly same reading as one in the example),Text
"county town; provincial capital; state capital
「テキサス州の||州＊||って、どこ？」「オースティンよ」
フェニックスはアリゾナの||州＊||である。
ムンバイはインド・マハラシュトラ州の||州＊||である。
ランシングはミシガンの||州＊||である。
破壊的な被害をもたらす規模の地震が||州＊||を襲った。","しゅうと,州都","",Guess the term having 2 (Grade-3 level) Kanji or its reading(not strictly same reading as one in the example),Text
"jubako; multi-tiered food box
||重＊||の隅をつつくようなことはやめて。","じゅうばこ,重箱","",Guess the term having 2 (Grade-3 level) Kanji or its reading(not strictly same reading as one in the example),Text
"serious illness
その少年は||重＊||と戦った。
彼は||重＊||だと言われている。
彼は||重＊||で回復しそうにない。
彼は||重＊||にかかっている。
彼女は||重＊||だそうだ。
||重＊||には思い切った療法が必要だ。
||重＊||のために、彼は、たいていの人のようには体を動かすことができない。","じゅうびょう,重病","",Guess the term having 2 (Grade-3 level) Kanji or its reading(not strictly same reading as one in the example),Text
"(bacterial) colony; community; settlement; town;..
それからまもなく幾人かの測量士と自称する変な服装をした人たちが||集＊||にやってきて、祖母の小屋の前を測っていきました。
川の中流に||集＊||がある。","しゅうらく,集落","(bacterial) colony; community; settlement; town; village",Guess the term having 2 (Grade-3 level) Kanji or its reading(not strictly same reading as one in the example),Text
"assignment; homework; open question; pending iss..
今日は||宿＊||が無い。
||宿＊||は完璧？
||宿＊||やった？
私は||宿＊||で忙しい。
私は||宿＊||に飽きた。
私は||宿＊||をする。
私は||宿＊||を終えた。","しゅくだい,宿題","assignment; homework; open question; pending issue; unresolved problem",Guess the term having 2 (Grade-3 level) Kanji or its reading(not strictly same reading as one in the example),Text
"destiny; fate; predestination
このことは、人間共通の||宿＊||とさえいえる素因であって、なにも、ドイツ人に限ったことではない。
しかし、天才であるが故に一般ピーポーから理解され難いというのは||宿＊||とも言えるわ。
仲間外れになるのが私の||宿＊||みたいだ。
洪水はかつてはこの地方には||宿＊||であった。","しゅくめい,宿命","",Guess the term having 2 (Grade-3 level) Kanji or its reading(not strictly same reading as one in the example),Text
"lord; master
根本と曽原は||主＊||を批判した。","しゅくん,主君","",Guess the term having 2 (Grade-3 level) Kanji or its reading(not strictly same reading as one in the example),Text
"motif; subject; theme
その本の||主＊||はアメリカ独立戦争である。
||主＊||を見失ってはいけない。
司書は||主＊||によって本を分類した。
彼の話の内容は||主＊||と一致していない。
彼の講演の||主＊||を理解するのは難しかった。
私はこの||主＊||に精通している。","しゅだい,主題","",Guess the term having 2 (Grade-3 level) Kanji or its reading(not strictly same reading as one in the example),Text
"accepting an order; closed won; orders received;..
ロッキード事件とは、アメリカの航空機製造大手のロッキード社による、主に同社の旅客機の||受＊||をめぐって1976年2 月に明るみに出た世界的な大規模汚職事件。","じゅちゅう,受注","accepting an order; closed won; orders received; receiving an order",Guess the term having 2 (Grade-3 level) Kanji or its reading(not strictly same reading as one in the example),Text
"editor-in-chief
その新聞は新しい||主＊||のプロフィールを載せた。
十二月八日の開戦をスクープした夜、||主＊||として、眠れぬ夜を過ごした。","しゅひつ,主筆","",Guess the term having 2 (Grade-3 level) Kanji or its reading(not strictly same reading as one in the example),Text
"leading actor; leading actress; leading part
ケイトは映画で||主＊||を演じる機会を与えられました。
ボブは今度の学園祭で初めて||主＊||を演じる。
次の文化祭で初めて||主＊||を演じることになっています。
私の妹が||主＊||を演じた。","しゅやく,主役","",Guess the term having 2 (Grade-3 level) Kanji or its reading(not strictly same reading as one in the example),Text
"(the) mainstream; main course (of a river); main..
ユダヤ正統派の||主＊||から外れた部分においては、黙示録はある種の運動に対して、より成功を収めたのである。
彼のやり方は||主＊||からは外れているけれど、悪くない仕事をしてると俺は思うよ。
日本はこうした判子が使われていますが、外国はサインが||主＊||です。","しゅりゅう,主流","(the) mainstream; main course (of a river); main stream",Guess the term having 2 (Grade-3 level) Kanji or its reading(not strictly same reading as one in the example),Text
"duty; errand; mission; obligation; task
人生は上を上を目指すのが||使＊||です。
||使＊||というものがないということは、人生を空しくさせると私は思います。
彼は||使＊||を果たした。
彼は極秘の||使＊||を帯びていた。
彼は重大な||使＊||を任された。
彼らは||使＊||を果たした。","しめい,使命","",Guess the term having 2 (Grade-3 level) Kanji or its reading(not strictly same reading as one in the example),Text
"article; goods; thing
この||品＊||は品質がよい。
この||品＊||は売り物です。
この||品＊||は安い。
これらの||品＊||は免税品だ。
その||品＊||は本物だ。
||品＊||は昨日入荷しました。
||品＊||は昨日出荷されました。","しなもの,品物","",Guess the term having 2 (Grade-3 level) Kanji or its reading(not strictly same reading as one in the example),Text
"Death; death deity; god of death; Grim Reaper
iPhoneはインターネットにとって||死＊||なんだって。
||死＊||は餌食を求めている。","しにがみ,死神","",Guess the term having 2 (Grade-3 level) Kanji or its reading(not strictly same reading as one in the example),Text
"departing one's home station (of a train, bus, e..
この路線は||始＊||から終点まで約４５分です。
||始＊||の電車には間に合ったの？
||始＊||は何時に出ますか。
寝坊しちゃって、||始＊||に間に合わなかったんだ。
私は||始＊||バスに乗れるように、早めに出かけた。","しはつ,始発","departing one's home station (of a train, bus, etc.); first bus; first departure (of the day); first train",Guess the term having 2 (Grade-3 level) Kanji or its reading(not strictly same reading as one in the example),Text
"bad habit; chronic disease; intractable habit
日本の安倍晋三首相は||持＊||を懸念し辞意を表明しました。
腰に||持＊||があります。","じびょう,持病","",Guess the term having 2 (Grade-3 level) Kanji or its reading(not strictly same reading as one in the example),Text
"affairs; things
幸福は||事＊||の中にはない。||事＊||を観たり扱ったりする人の精神の中にある。
私はいつも||事＊||をあるがままに描くことにしている。
美というのは||事＊||そのものに内在する質ではない。それは単に対象を観察する側の精神に存在するものであって、個々人の精神は異なった美を感受する。","じぶつ,事物","",Guess the term having 2 (Grade-3 level) Kanji or its reading(not strictly same reading as one in the example),Text
"to actually feel; to experience personally; to h..
この本を読んで、友情の大切さを改めて||実＊||しました。
なんかまだ結婚したっていう||実＊||がわかないんだよ。
動けるようになると健康の有難さを||実＊||しますよね。
||実＊||がわかない。本当のことだと信じることができない。
生きていることを||実＊||する。
衰退してると言われても||実＊||わかない。","じっかん,実感","to actually feel; to experience personally; to have a real feeling (that ...); actual feeling; real feeling",Guess the term having 2 (Grade-3 level) Kanji or its reading(not strictly same reading as one in the example),Text
"employment; setting (someone) to work; using; ca..
実は、「have 目的語 done」は||使＊||じゃない場合が多い。","しえき,使役","employment; setting (someone) to work; using; causative",Guess the term having 2 (Grade-3 level) Kanji or its reading(not strictly same reading as one in the example),Text
"enterprising; go-ahead; progressive
その困難に打ち勝つには||進＊||の精神が必要だ。
彼は||進＊||の気性を持つ男だ。","しんしゅ,進取","",Guess the term having 2 (Grade-3 level) Kanji or its reading(not strictly same reading as one in the example),Text
"sacred sake; sacred wine; sake offered to the go..
お正月には金箔入りのお||神＊||を頂きました。","しんしゅ,みき,みわ,神酒","sacred sake; sacred wine; sake offered to the gods",Guess the term having 2 (Grade-3 level) Kanji or its reading(not strictly same reading as one in the example),Text
"real situation; truth
そのうち||真＊||が知られるよ。
それは||真＊||ではない。
やっと||真＊||がわかった。
僕に||真＊||を話してくれ。
彼の証言は||真＊||に近い。
||真＊||をご存じですか？
||真＊||を知っておいたほうがいい。","しんそう,真相","",Guess the term having 2 (Grade-3 level) Kanji or its reading(not strictly same reading as one in the example),Text
"fortune; property
その司祭は病気の男の||身＊||わりになった。
幼少の時、父が死んで、その弟が、時代の衰勢と、自分の怠惰とから、すっかり、||身＊||をつぶしてしまったらしく、後に、筆墨行商人になって、私の家へ、よく来たが、くると、母に叱られて、よわっていた。
自分の罪を認めて、悔い改め、イエス・キリストが、自分の罪の||身＊||わりになって死なれたことを信じる時、罪赦され、永遠の命が与えられるのです。
誰が彼の||身＊||わりに行かされるのか、さっぱりわからない。","しんだい,身代","",Guess the term having 2 (Grade-3 level) Kanji or its reading(not strictly same reading as one in the example),Text
"child prodigy; infant genius; wonder child
トムは||神＊||だった。
彼は本当に||神＊||である。","しんどう,神童","",Guess the term having 2 (Grade-3 level) Kanji or its reading(not strictly same reading as one in the example),Text
"one's life
||身＊||をかけて職務を実践し、すべての警察官の心に火をともしてくれました。","しんみょう,しんめい,身命","",Guess the term having 2 (Grade-3 level) Kanji or its reading(not strictly same reading as one in the example),Text
"gift; present
多くの実業家たちは政府の役人にとり入るために、||進＊||や金を惜しげもなくあたえる。","しんもつ,進物","",Guess the term having 2 (Grade-3 level) Kanji or its reading(not strictly same reading as one in the example),Text
"course; one's future course (e.g. after graduati..
工事が通りへの||進＊||を塞いだ。
私たちは||進＊||を変えてきた。
船の||進＊||は真東だった。
船は北方に||進＊||をとった。
船は||進＊||を変えた。
||進＊||について先生に相談した。
||進＊||のことで先生に助言を求めた。","しんろ,進路","course; one's future course (e.g. after graduating high school); path; route",Guess the term having 2 (Grade-3 level) Kanji or its reading(not strictly same reading as one in the example),Text
"row of teeth
娘の||歯＊||を矯正していただきたいのです。","しれつ,歯列","",Guess the term having 2 (Grade-3 level) Kanji or its reading(not strictly same reading as one in the example),Text
"appointed; designated; fixed; prescribed
大学を卒業するためには||所＊||の単位を取らなければなりません。
私たちは||所＊||の場所で会った。","しょてい,所定","",Guess the term having 2 (Grade-3 level) Kanji or its reading(not strictly same reading as one in the example),Text
"one's possessions; ownership
ここの土地は誰の||所＊||ですか？
この土地は池田氏の||所＊||だ。
この家はだれの||所＊||ですか。
その家は彼が||所＊||している。
彼はこの土地を||所＊||している。
||所＊||する喜びは、私の思うところでは、手に入れる為の苦労に対して割に合わない。","しょゆう,所有","",Guess the term having 2 (Grade-3 level) Kanji or its reading(not strictly same reading as one in the example),Text
"carrying (with one); having (on one's person); p..
叔父は膨大な財産を||所＊||している。
最近では、誰でも銃を||所＊||している。
海外へ行くのならパスポートの||所＊||が必要です。
私は、車を||所＊||しています。","しょじ,所持","carrying (with one); having (on one's person); possession",Guess the term having 2 (Grade-3 level) Kanji or its reading(not strictly same reading as one in the example),Text
"victor; winner
万一第三次世界大戦が起こるようなことがあれば、||勝＊||はあり得ないだろう。
||勝＊||となることはよいことである。
審判は彼を||勝＊||と認めた。
決勝戦の||勝＊||に金のカップが贈られた。
群集は||勝＊||に拍手喝采を送った。","しょうしゃ,勝者","",Guess the term having 2 (Grade-3 level) Kanji or its reading(not strictly same reading as one in the example),Text
"permanent residency; settlement
||定＊||してる生活するほとんどのイタチ科と違って、クズリは、絶えず餌食を捜して、1500-2000平方キロまでを占める自分の土地の上で歩き回る。
彼はロンドンの郊外に||定＊||することにした。
彼は故郷に||定＊||した。
彼らはカナダに||定＊||した。
彼らは日本に||定＊||した。
彼らは田舎に||定＊||した。","じょうじゅう,ていじゅう,定住","",Guess the term having 2 (Grade-3 level) Kanji or its reading(not strictly same reading as one in the example),Text
"(someone's) movements; (someone's) whereabouts; ..
あの人はアメリカへ立ったまま||消＊||がない。
それ以来、彼の||消＊||を聞いていない。
それ以来彼らの||消＊||は不明だ。
田中君からこの半年間何の||消＊||もない。
私はそれ以来彼の||消＊||は聞いていない。","しょうそく,しょうそこ,消息","(someone's) movements; (someone's) whereabouts; contact; letter; news (from someone)",Guess the term having 2 (Grade-3 level) Kanji or its reading(not strictly same reading as one in the example),Text
"business discussion; negotiation
||商＊||の第１回目は明日の朝１０時です。
||商＊||を成立させるなら今だぞ。
彼は不成功に終わった||商＊||について意見を述べた。","しょうだん,商談","",Guess the term having 2 (Grade-3 level) Kanji or its reading(not strictly same reading as one in the example),Text
"article of commerce; commodity; goods; merchandi..
この||商＊||、不評なんだ。
この||商＊||の需要は多い。
この||商＊||は免税品です。
これらの||商＊||は無税です。
||商＊||に触れるな。
||商＊||は船で輸送された。
本当に最高の||商＊||です。","しょうひん,商品","article of commerce; commodity; goods; merchandise; stock",Guess the term having 2 (Grade-3 level) Kanji or its reading(not strictly same reading as one in the example),Text
"bout; contest; game; match; victory or defeat
トムと||勝＊||してるの？
トムと||勝＊||するつもりなの？
まだまだ||勝＊||は分からない。
||勝＊||は問題ではない。
||勝＊||は預かりとなった。
水泳では兄といい||勝＊||だ。
魔王が神に野球で||勝＊||を挑んだ。","しょうぶ,勝負","",Guess the term having 2 (Grade-3 level) Kanji or its reading(not strictly same reading as one in the example),Text
"old-fashioned; old-school; quaint; reminiscent o..
「デリバリー」は最近になってちょこちょこ出はじめた言い方、「宅配」が現在主流の言い方、「出前」は||昭＊||の言い方。
1989年の1月に||昭＊||天皇が崩御されたので、年号が||昭＊||から平成に変わりました。
ぼくは||昭＊||に生まれた人です。
||昭＊||の次は平成です。
||昭＊||の雰囲気がよく出てる。","しょうわ,昭和","old-fashioned; old-school; quaint; reminiscent of the Showa era; Showa-nostalgic; Showa era (1926.12.25-1989.1.7)",Guess the term having 2 (Grade-3 level) Kanji or its reading(not strictly same reading as one in the example),Text
"feelings; impressions; opinions; thoughts
彼女は戦争について||所＊||を述べた。","しょかん,所感","",Guess the term having 2 (Grade-3 level) Kanji or its reading(not strictly same reading as one in the example),Text
"plant; vegetation
この||植＊||は食べられる。
冬には枯れる||植＊||もある。
日光は||植＊||に有益である。
||植＊||が生える。
||植＊||は土壌で育つ。
水は||植＊||には欠かせない。
苗は若い||植＊||です。","しょくぶつ,植物","",Guess the term having 2 (Grade-3 level) Kanji or its reading(not strictly same reading as one in the example),Text
"cause; reason
すべて人は、人種、皮膚の色、性、言語、宗教、政治上その他の意見、国民的若しくは社会的出身、財産、門地その他の地位又はこれに類するいかなる||事＊||による差別をも受けることなく、この宣言に掲げるすべての権利と自由とを享有することができる。","じゆう,事由","",Guess the term having 2 (Grade-3 level) Kanji or its reading(not strictly same reading as one in the example),Text
"(technical) specification; means; method; remedy..
この文章はそう解釈するよりほかに解釈の||仕＊||がない。
それはバグじゃなくて、ドキュメント化されてない||仕＊||です。
リモート||仕＊||にする必要がある。
||仕＊||、価格は変更することがあります。
||仕＊||および価格は変更される場合があります。
全てを考慮してもやはり勝てない||仕＊||になっています。
運転しなかったら、車持ってても||仕＊||がないでしょ？","しよう,仕様","(technical) specification; means; method; remedy; resource; way",Guess the term having 2 (Grade-3 level) Kanji or its reading(not strictly same reading as one in the example),Text
"crew; crew member; crewman
この飛行機には１４４人の客と６人の||乗＊||が乗っていました。
||乗＊||は皆無事だった。","じょういん,乗員","",Guess the term having 2 (Grade-3 level) Kanji or its reading(not strictly same reading as one in the example),Text
"losing one's form and turning into something els..
おかゆは||消＊||しやすいんです。
チーズは簡単に||消＊||しない。
ワインは||消＊||を助ける。
自然食は人間の||消＊||に合っている。
食物は胃の中で||消＊||される。","しょうか,消化","losing one's form and turning into something else; absorption; assimilation; completion; consumption; digestion (of food); digestion (of information); meeting (e.g. a quota); thorough understanding; using up",Guess the term having 2 (Grade-3 level) Kanji or its reading(not strictly same reading as one in the example),Text
"passenger
５０人もの||乗＊||が死んだ。
||乗＊||は何人ですか。
||乗＊||は何人ですか？
列車は||乗＊||でいっぱいだった。
大勢の||乗＊||がけがをした。
数人の||乗＊||が飛行機に乗った。
終電の多くの||乗＊||は眠っていた。","じょうかく,じょうきゃく,乗客","",Guess the term having 2 (Grade-3 level) Kanji or its reading(not strictly same reading as one in the example),Text
"clearing; deletion; elimination; elimination (of..
セーブされたゲームは破損しているようで、利用できません。ゲームを終了した後、セーブデータを||消＊||してからやり直してください。
一番下の背景レイヤーを||消＊||します。","しょうきょ,消去","clearing; deletion; elimination; elimination (of variables); erasure; extinction",Guess the term having 2 (Grade-3 level) Kanji or its reading(not strictly same reading as one in the example),Text
"business; commerce; trade
||商＊||の生命は正直な取引である。
||商＊||は都市の発展をもたらした。
大阪は日本の||商＊||の中心地です。
彼は||商＊||に従事している。
日本では東京とならんで大阪は||商＊||の中心地である。
英語は||商＊||において役に立つ。
英語は||商＊||において役立つ。","しょうぎょう,商業","",Guess the term having 2 (Grade-3 level) Kanji or its reading(not strictly same reading as one in the example),Text
"answer a roll call for another
いつも授業をサボって友人に||代＊||を頼むような人は嫌いです。","だいへん,代返","",Guess the term having 2 (Grade-3 level) Kanji or its reading(not strictly same reading as one in the example),Text
"double; fill-in; stand-in; substitute (actor); u..
||代＊||を探すのはおおごとだよ。
彼は父親の||代＊||をした。
彼女が私の||代＊||をしてくれるものと当てにしていた。","だいやく,代役","double; fill-in; stand-in; substitute (actor); understudy",Guess the term having 2 (Grade-3 level) Kanji or its reading(not strictly same reading as one in the example),Text
"journey; route of a journey
これまでのこの||旅＊||を共にしてくれたパートナーに感謝したい。彼は心を尽くして戦い、スクラントンの街で一緒に育った人たちのために語ってきた。デラウェアの自宅に電車で帰る際、一緒に乗り合わせる人たちのために戦ってきた。アメリカの次期副大統領ジョー・バイデンに、私は感謝したい。
私は今まさに最後の||旅＊||につき、暗黒へと一大飛躍しようとしている。","たびじ,旅路","",Guess the term having 2 (Grade-3 level) Kanji or its reading(not strictly same reading as one in the example),Text
"short-term
どんな語学も||短＊||では無理だ。
図表２を見ると、これらの貿易サイクルのいくつかは非常に||短＊||のものであることが判明する。","たんき,短期","",Guess the term having 2 (Grade-3 level) Kanji or its reading(not strictly same reading as one in the example),Text
"verselet
基本的に俺は||短＊||が好きだ。||短＊||の中では、この詩がトップだった。
私は||短＊||が好きです。","たんし,短詩","",Guess the term having 2 (Grade-3 level) Kanji or its reading(not strictly same reading as one in the example),Text
"defect; demerit; disadvantage; weak point
すべての人は長所と||短＊||を持っている。
その提案には||短＊||ばかりでなく長所もある。
なんにでも、長所と||短＊||の両方がある。
||短＊||も含め、彼のことが好きなの。
私は彼に||短＊||があるから、かえっていっそう好きだ。
誰にでも長所と||短＊||がある。","たんしょ,短所","",Guess the term having 2 (Grade-3 level) Kanji or its reading(not strictly same reading as one in the example),Text
"minor key
その交響曲はト||短＊||である。","たんちょう,短調","",Guess the term having 2 (Grade-3 level) Kanji or its reading(not strictly same reading as one in the example),Text
"short life; short lived
トムは||短＊||でした。
内気な人は外向的な人より||短＊||？","たんめい,短命","",Guess the term having 2 (Grade-3 level) Kanji or its reading(not strictly same reading as one in the example),Text
"reliable; solid; sound; steady; trustworthy
人口は||着＊||に増えていた。
景気は||着＊||に悪くなった。
犯罪率は||着＊||に増加している。
||着＊||に働く者が結局は勝つ。
遅くても||着＊||な方が競争に勝つ。
遅くとも||着＊||なのが競争に勝つ。","ちゃくじつ,着実","",Guess the term having 2 (Grade-3 level) Kanji or its reading(not strictly same reading as one in the example),Text
"conception; idea
ずば抜けた||着＊||というのは、往々にして天啓のごとくヒラメクようだ。
君の||着＊||は完璧だ。
彼はすばらしい||着＊||を得て、その機械を発明した。
新型車に関するジョーの||着＊||は彼を大金持ちにするだろう。","ちゃくそう,着想","",Guess the term having 2 (Grade-3 level) Kanji or its reading(not strictly same reading as one in the example),Text
"dressing oneself; putting on clothes; embezzleme..
彼は公金を||着＊||した。","ちゃくふく,ちゃくぶく,ちゃくぼく,着服","dressing oneself; putting on clothes; embezzlement; misappropriation; pocketing",Guess the term having 2 (Grade-3 level) Kanji or its reading(not strictly same reading as one in the example),Text
"movie; moving picture; photo; photograph; pictur..
あれは僕の||写＊||？
この||写＊||いいね。
それは最近の||写＊||？
||写＊||は見た？
||写＊||を撮ろう。
昔の||写＊||だよ。
昨夜の||写＊||よ。","しゃしん,写真","movie; moving picture; photo; photograph; picture; snap; snapshot",Guess the term having 2 (Grade-3 level) Kanji or its reading(not strictly same reading as one in the example),Text
"multiplication; synergism
昨夜、パリスヒルトンとタクシーに||相＊||りしました。
||相＊||りしている人は他の乗客との会話を慎むべきだ。","そうじょう,相乗","",Guess the term having 2 (Grade-3 level) Kanji or its reading(not strictly same reading as one in the example),Text
"hidden purpose; ill will; malice; other intentio..
ちょっと絵を描いただけで||他＊||はありません。","たい,他意","hidden purpose; ill will; malice; other intention; ulterior motive",Guess the term having 2 (Grade-3 level) Kanji or its reading(not strictly same reading as one in the example),Text
"opposite shore
ひとりの男が||対＊||で釣りをしていた。
||対＊||の火事で良かった。
戦争は、もう||対＊||の火事ではない。","たいがん,対岸","",Guess the term having 2 (Grade-3 level) Kanji or its reading(not strictly same reading as one in the example),Text
"confrontation; showdown
古巣との||対＊||は、感じたことのない闘志がわいてきた。
失敗の際の危険を考慮しながら、彼は相手との||対＊||を要求した。
経営側と労働者側との||対＊||があるでしょう。
追われた敗残兵は、どうやら||対＊||のときがきたと、腹をきめた。
首相が政敵の挑戦と真っ向から||対＊||しました。","たいけつ,対決","",Guess the term having 2 (Grade-3 level) Kanji or its reading(not strictly same reading as one in the example),Text
"pinch hitter; pinch-hitting
彼はその試合に||代＊||として出場した。","だいだ,代打","",Guess the term having 2 (Grade-3 level) Kanji or its reading(not strictly same reading as one in the example),Text
"conversation; dialogue; talk
その上、ある大学教授と||対＊||しなければならない。
私たちは老人と楽しく||対＊||した。","たいだん,対談","",Guess the term having 2 (Grade-3 level) Kanji or its reading(not strictly same reading as one in the example),Text
"equal footing; equal terms; equality (esp. of st..
あなたは私と||対＊||で私より下でも上でもない。
お母さんと||対＊||になりたかった。
すべての人は||対＊||の権利を有する。
すべての人間は法律的には||対＊||である。
わがチームはＳチームと||対＊||に戦った。
||対＊||の条件で契約を結びたいと思った。","たいとう,対等","equal footing; equal terms; equality (esp. of status)",Guess the term having 2 (Grade-3 level) Kanji or its reading(not strictly same reading as one in the example),Text
"leader; main number; switchboard number; being r..
||代＊||の人間が彼らの部署の誰であろうと、大切に扱え。
彼は党の||代＊||に立てられた。
彼は日本を||代＊||して会議に出た。
彼らは国連のインド||代＊||だった。
彼を私たちの||代＊||として選ぶ。
我々は彼を||代＊||に指名した。","だいひょう,代表","leader; main number; switchboard number; being representative of; being typical of; delegate; delegation; exemplar; exemplification; model; representation; representative; representative example; typification",Guess the term having 2 (Grade-3 level) Kanji or its reading(not strictly same reading as one in the example),Text
"to die; to pass away; death; the next world
トムは３年前に||他＊||しました。
母方の祖父は10年前に||他＊||した。
父は４９歳にして||他＊||した。
祖母は、86歳で||他＊||しました。
祖父は５年前に||他＊||した。","たかい,他界","",Guess the term having 2 (Grade-3 level) Kanji or its reading(not strictly same reading as one in the example),Text
"break in the deadlock
データギャップを||打＊||するように簡単な方法論を開発した。
われわれは局面の||打＊||を図らなくてはならない。","だかい,打開","",Guess the term having 2 (Grade-3 level) Kanji or its reading(not strictly same reading as one in the example),Text
"batted ball; batting; hitting (a ball with a bat..
ピッチャーは青ざめた顔で||打＊||の行方を追う。
||打＊||がインかアウトかを判定するのは難しいことが多い。","だきゅう,打球","batted ball; batting; hitting (a ball with a bat, racket, golf club, etc.); struck ball",Guess the term having 2 (Grade-3 level) Kanji or its reading(not strictly same reading as one in the example),Text
"another person; others
あらゆる人の友人であることは美徳ではない、それは||他＊||に合わせようとするがために自分自身を失いかけていることを意味するからだ。
トラックバックとは、自分のブログ記事に||他＊||のブログを引用したことを相手に伝えるための、ブログの機能の一つである。
一般人は||他＊||と同じことを好み、||他＊||と異なることを嫌うものだ。
私たちはだれでも、||他＊||との一体感を切望する何かをうちに秘めている。
自虐趣味とは、||他＊||からの攻撃を予め想定した上で、心理的ダメージを最小化しようとする防衛機制の一種ではないだろうか。","たしゃ,他者","",Guess the term having 2 (Grade-3 level) Kanji or its reading(not strictly same reading as one in the example),Text
"batter
１塁があいていたので||打＊||を歩かせた。
審判は||打＊||にアウトを宣した。
||打＊||はアウトになった。
||打＊||を三振に打ち取る。
最初の||打＊||はアウトになった。
監督は||打＊||にバントのサインを送った。
野茂が||打＊||をおさえると観客がわきあがります。","だしゃ,打者","",Guess the term having 2 (Grade-3 level) Kanji or its reading(not strictly same reading as one in the example),Text
"another place; elsewhere; moving (to another pla..
彼は||他＊||で働くことができないので、ここに来たんだ。","たしょ,よそ,他所","another place; elsewhere; moving (to another place); somewhere else
another place; other people; outside (one's family or group); someone else; somewhere else; strange parts; being indifferent to; ignoring; neglecting; not caring for; taking little notice of",Guess the term having 2 (Grade-3 level) Kanji or its reading(not strictly same reading as one in the example),Text
"full speed
彼は||全＊||で駆けた。","ぜんそく,全速","",Guess the term having 2 (Grade-3 level) Kanji or its reading(not strictly same reading as one in the example),Text
"all; altogether; entire; whole
これが||全＊||ですか？
これ||全＊||、請求書。
これ||全＊||いるの？
これ||全＊||やったの？
それで||全＊||？
||全＊||あるみたい。
||全＊||そこにある？","ぜんぶ,全部","",Guess the term having 2 (Grade-3 level) Kanji or its reading(not strictly same reading as one in the example),Text
"entire; whole surface
拡大すると詳細は見やすくなるけど地図の||全＊||は見えなくなっちゃう。","ぜんめん,全面","",Guess the term having 2 (Grade-3 level) Kanji or its reading(not strictly same reading as one in the example),Text
"all the questions (in an exam, quiz, etc.)
私は||全＊||に答えることができた。","ぜんもん,全問","",Guess the term having 2 (Grade-3 level) Kanji or its reading(not strictly same reading as one in the example),Text
"generation; the age; the world
あの人たちは同じ||世＊||です。
お前の||世＊||は理解できんわ。
今日の若い||世＊||はしらけている。
君たちは次の||世＊||の人間だ。
彼らの間には||世＊||の断絶がある。","せだい,世代","",Guess the term having 2 (Grade-3 level) Kanji or its reading(not strictly same reading as one in the example),Text
"asking (someone) for advice; consultation; discu..
ものは||相＊||だけど。
医師に||相＊||しなさい。
医者に||相＊||しなよ。
姉に||相＊||してみたの。
||相＊||し合う。
||相＊||に来てください。
私は姉に||相＊||した。","そうだん,相談","asking (someone) for advice; consultation; discussing; discussion",Guess the term having 2 (Grade-3 level) Kanji or its reading(not strictly same reading as one in the example),Text
"anticipation; assumption; expectation; hypothesi..
この言葉は新しい生活様式を||想＊||させる。
彼のいうことは、私の||想＊||の裏付けとなる。
彼はその男が何か隠していると||想＊||した。
||想＊||の範囲外だ。
||想＊||外を||想＊||せよ。
枝が伸び、実が成ることを||想＊||して接ぐ場所を選びましょう。","そうてい,想定","anticipation; assumption; expectation; hypothesis; supposition",Guess the term having 2 (Grade-3 level) Kanji or its reading(not strictly same reading as one in the example),Text
"contradiction; contrariety; mutual opposition; r..
これに関しては||相＊||する思いがあります。
彼の意見は私のと||相＊||している。
我々の利害は||相＊||するようだ。
||相＊||する理想を抱いた二つの強力な勢力が対決するのは、最終手段の時である。","そうはん,相反","contradiction; contrariety; mutual opposition; repulsion",Guess the term having 2 (Grade-3 level) Kanji or its reading(not strictly same reading as one in the example),Text
"pace; rate; speed; velocity; velocity
彼は光の||速＊||を計算した。
彼は自転車を一定の||速＊||で走らせた。
機体は||速＊||を上げた。
突然彼は車の||速＊||を上げた。
||速＊||のだし過ぎは事故のもとになる。
||速＊||を測定する方法はいくつかある。
飛行機は||速＊||を増した。","そくど,速度","",Guess the term having 2 (Grade-3 level) Kanji or its reading(not strictly same reading as one in the example),Text
"fastball
君は||速＊||が投げられますか。
彼は||速＊||をバットで打った。
||速＊||を投げる。","そっきゅう,速球","",Guess the term having 2 (Grade-3 level) Kanji or its reading(not strictly same reading as one in the example),Text
"lecher; lewd person; lewdness; pervert
かげでは、二人して僕のことを迂濶な奴、頓馬な奴、||助＊||な奴などあざ笑っているのかも知れないと、僕は非常に不愉快を感じた。","すけべ,すけべい,助平","",Guess the term having 2 (Grade-3 level) Kanji or its reading(not strictly same reading as one in the example),Text
"real intention; true meaning; true motive
わたしはそれの||真＊||を疑う。
彼の||真＊||がかつかめない。
彼は自分の||真＊||を漏らしてしまった。
彼女の||真＊||は明らかではなかった。
彼女の言葉の||真＊||は何だろうか。","しんい,真意","",Guess the term having 2 (Grade-3 level) Kanji or its reading(not strictly same reading as one in the example),Text
"divine will
機会とは||神＊||を表す一つのあだ名である。","しんい,神意","",Guess the term having 2 (Grade-3 level) Kanji or its reading(not strictly same reading as one in the example),Text
"becoming more advanced; development; evolution; ..
エレキッドはエレブーに||進＊||できる。
どこまで||進＊||するか想像つかない。
扇風機も||進＊||してんだ。
絶滅は||進＊||の一部である。
||進＊||してるんだか退化してるんだかよくわからない。
||進＊||とは快適な悪疫である。
鳥は恐竜から||進＊||しました。","しんか,進化","becoming more advanced; development; evolution; evolution; improvement; progress",Guess the term having 2 (Grade-3 level) Kanji or its reading(not strictly same reading as one in the example),Text
"reality; truth; really; truly; absolute truth
それは||真＊||の愛だ。
嘘から出た||真＊||。
夢は||真＊||を語る。
彼は||真＊||を話した。
||真＊||が勝つ。
||真＊||が必要だ。
私は||真＊||を言った。","しんじち,しんじつ,真実","",Guess the term having 2 (Grade-3 level) Kanji or its reading(not strictly same reading as one in the example),Text
"affair; article; cost; fellow; fine thing; goods..
その中古の冷蔵庫はひどい||代＊||だった。
その店には色んな||代＊||があります。
私の靴は２度とはけないような||代＊||だ。","しろもの,だいぶつ,代物","affair; article; cost; fellow; fine thing; goods; money; price; product; prostitute; stuff
substitute",Guess the term having 2 (Grade-3 level) Kanji or its reading(not strictly same reading as one in the example),Text
"act; action; deed (esp. negative); one's doing
これは、お前の||仕＊||か？
それ、ウィルスの||仕＊||じゃないかな。
それは本当にトムの||仕＊||なのか？
トムの||仕＊||であることは明らかだった。
恐らく、トムの||仕＊||だよ。","しわざ,仕業","",Guess the term having 2 (Grade-3 level) Kanji or its reading(not strictly same reading as one in the example),Text
"all hands; all members; everybody; everyone; who..
ほとんど||全＊||が招待された。
体育の授業は||全＊||が必修です。
||全＊||ここにいる？
||全＊||で十五名です。
生徒は||全＊||、出席でした。
皆さん||全＊||、初心者ですか？
私の家族は||全＊||、早起きだ。","ぜいいん,ぜんいん,全員","all hands; all members; everybody; everyone; whole crew",Guess the term having 2 (Grade-3 level) Kanji or its reading(not strictly same reading as one in the example),Text
"alignment; forming a line; standing in a row
そのバス停で人々は||整＊||して待っていたが、バスが止まるとすぐにその列は崩れた。
軍隊は戦闘の配置で||整＊||していた。","せいれつ,整列","",Guess the term having 2 (Grade-3 level) Kanji or its reading(not strictly same reading as one in the example),Text
"circle; realm governed by one Buddha; society; s..
この||世＊||は難しい。
一つの||世＊||である。
||世＊||は奇人の巣だ。
||世＊||は広い。
君は||世＊||の光だよ。
彼は||世＊||で有名です。
彼は||世＊||を知らない。","せかい,世界","circle; realm governed by one Buddha; society; space; sphere; the universe; the world; world; world-famous; world-renowned",Guess the term having 2 (Grade-3 level) Kanji or its reading(not strictly same reading as one in the example),Text
"full power; full throttle; opening fully
彼は他の車に追い越されるとアドレナリンが||全＊||になる。
犬が遊びたいオーラ||全＊||でこっちを見てる。
裏口が||全＊||だったよ。
裏口が||全＊||だよ。","ぜんかい,全開","",Guess the term having 2 (Grade-3 level) Kanji or its reading(not strictly same reading as one in the example),Text
"all compositions; the entire composition
トムはベートーヴェンのピアノ・ソナタ||全＊||を暗譜で演奏できる。","ぜんきょく,全曲","",Guess the term having 2 (Grade-3 level) Kanji or its reading(not strictly same reading as one in the example),Text
"complete collection; complete series; complete w..
この||全＊||の５巻目が見当たらない。
この||全＊||は最終巻が欠けている。
ジョンはサミーのレコード||全＊||を持っている。","ぜんしゅう,全集","complete collection; complete series; complete works",Guess the term having 2 (Grade-3 level) Kanji or its reading(not strictly same reading as one in the example),Text
"full-length (e.g. portrait); whole (body); syste..
||全＊||すべてが耳だ。
||全＊||に痛みがある。
彼は||全＊||を耳にしている。
彼は日光を||全＊||に浴びた。
彼女は||全＊||ずぶぬれだった。
毒が||全＊||に回った。
私は||全＊||が痛い。","ぜんしん,全身","full-length (e.g. portrait); whole (body); systemic",Guess the term having 2 (Grade-3 level) Kanji or its reading(not strictly same reading as one in the example),Text
"being astonished; being frightened; being upset;..
その出来事が彼を||動＊||させた。
悲しみのあまり気が||動＊||していた。","どうてん,動転","being astonished; being frightened; being upset; changing; disturbance of mind; losing one's head; moving; transition",Guess the term having 2 (Grade-3 level) Kanji or its reading(not strictly same reading as one in the example),Text
"animal
人間は||動＊||です。
||動＊||、大好きだよ。
||動＊||は火を恐れる。
彼らは||動＊||だよ。
猫は||動＊||です。
茶色の||動＊||は？
馬は||動＊||である。","どうぶつ,動物","",Guess the term having 2 (Grade-3 level) Kanji or its reading(not strictly same reading as one in the example),Text
"administration; dosage; medication
トムは||投＊||の内容を変えてほしいと、主治医に頼んだ。
医者は患者に||投＊||した。","とうやく,投薬","",Guess the term having 2 (Grade-3 level) Kanji or its reading(not strictly same reading as one in the example),Text
"enquiry; examination; inquiry; investigation (e...
トムの会社は連邦取引委員会の||取＊||べを受けている。","とりしらべ,取調","enquiry; examination; inquiry; investigation (e.g. by police or prosecutors)",Guess the term having 2 (Grade-3 level) Kanji or its reading(not strictly same reading as one in the example),Text
"advice; attention; care; caution; caution; heed;..
スリに||注＊||。
ペンキ塗りたて||注＊||
偽物にご||注＊||。
||注＊||！
||注＊||してください。
狂犬にご||注＊||。
猛犬に||注＊||！
落下物に||注＊||！","ちゅうい,注意","advice; attention; care; caution; caution; heed; looking out (for); notice; precaution; reminder; warning; watching out (for); admonishment; reprimand; telling-off",Guess the term having 2 (Grade-3 level) Kanji or its reading(not strictly same reading as one in the example),Text
"lubrication; oiling
この自転車、||注＊||しないと。","ちゅうゆ,注油","",Guess the term having 2 (Grade-3 level) Kanji or its reading(not strictly same reading as one in the example),Text
"wholesale dealer; wholesale store; wholesaler
いやいや、そうは||問＊||が卸さないだろ。
インターネットは広く普及したにも関わらず、依然として商品分野ごとに大規模な中間流通業者、つまり||問＊||が存在している。
そうは||問＊||がおろさないぞ。","といや,とんや,問屋","",Guess the term having 2 (Grade-3 level) Kanji or its reading(not strictly same reading as one in the example),Text
"as if; as though; exactly; fortunately; just; ju..
「これ入れるのに||丁＊||いい大きさの入れ物ない？」「この箱どう？」
この手袋、||丁＊||いい？
ぼた雪ってね、雪だるまを作るのに||丁＊||いいんだよ。
わたしは||丁＊||シャワーを浴びているところでした。
||丁＊||、ランチを食べてたんです。
||丁＊||いい大きさよ。
肩慣らしには||丁＊||いいかも。","ちょうど,丁度","as if; as though; exactly; fortunately; just; just (like); opportunely; precisely; right",Guess the term having 2 (Grade-3 level) Kanji or its reading(not strictly same reading as one in the example),Text
"account book; notebook; register
この||帳＊||にあなたの名前を書いてください。","ちょうめん,帳面","",Guess the term having 2 (Grade-3 level) Kanji or its reading(not strictly same reading as one in the example),Text
"accord; agreement; harmony; reconciliation
グリーンは赤と||調＊||されない。
この建物は||調＊||を欠いている。
その別荘は風景と||調＊||していた。
彼は||調＊||と言う言葉を知らない。
日本人は自然と||調＊||して暮らす。","ちょうわ,調和","",Guess the term having 2 (Grade-3 level) Kanji or its reading(not strictly same reading as one in the example),Text
"close inquiry (enquiry); investigation (e.g. aca..
彼らは宇宙のなぞを||追＊||している。","ついきゅう,追究","close inquiry (enquiry); investigation (e.g. academically, of the unknown)",Guess the term having 2 (Grade-3 level) Kanji or its reading(not strictly same reading as one in the example),Text
"banishment; deportation; elimination (e.g. of po..
彼は故国を||追＊||された。
彼は母国を||追＊||された。
我々は彼を国外に||追＊||した。
汚職政治家を||追＊||せよ。
犯人は国外に||追＊||された。","ついほう,追放","banishment; deportation; elimination (e.g. of poverty); eviction; exile; expulsion; ousting; purge; removal",Guess the term having 2 (Grade-3 level) Kanji or its reading(not strictly same reading as one in the example),Text
"ice; ice pillar (for cooling a room); icicle
家の屋根から||氷＊||が垂れてるよ。
屋根から||氷＊||が垂れてたんだ。
||氷＊||が家の屋根から垂れ下がってるよ。
||氷＊||が屋根から垂れ下がっていた。
見て！軒下に大きな||氷＊||ができてるよ。","つらら,ひょうちゅう,氷柱","",Guess the term having 2 (Grade-3 level) Kanji or its reading(not strictly same reading as one in the example),Text
"capacity (of a bus, boat, theatre, etc.); comple..
アメリカでは、犯罪人を収容する刑務所のための場所以上に犯罪人がいるのでいつも刑務所は||定＊||オーバーの状態である。
このエレベーターの||定＊||は１０人だ。
ボートは||定＊||オーバーでバランスを失った。","ていいん,定員","capacity (of a bus, boat, theatre, etc.); complement; fixed number (of people); numerical limit; prescribed number (of regular personnel, students, etc.); quota; seating capacity",Guess the term having 2 (Grade-3 level) Kanji or its reading(not strictly same reading as one in the example),Text
"periodic; periodical; regular; fixed period; fix..
３月いっぱいで||定＊||が切れる。
ボブは||定＊||を家に忘れ、そのせいで学校に遅刻した。
今日は仕事が終わってから、歯の||定＊||クリーニングに行ってくるから、帰りが遅くなるよ。
||定＊||テストの前にもっと勉強しとくんだった。
汽車の中で眠っている間に、財布と||定＊||を盗まれてしまった。","ていき,定期","periodic; periodical; regular; fixed period; fixed term; fixed-term commuter pass; fixed-term deposit; futures contracts",Guess the term having 2 (Grade-3 level) Kanji or its reading(not strictly same reading as one in the example),Text
"adherence; becoming established (of a custom, sy..
オーストラリアではハロウィンってどれくらい||定＊||してるんですか？
この習慣は日本人の間にすっかり||定＊||した。
室町時代には禅宗寺院の枠を越えて水墨画が展開し、日本に||定＊||します。
誤用なのに||定＊||してしまった。","ていちゃく,定着","adherence; becoming established (of a custom, system, etc.); fixation; fixing; fixing; settling; sticking (in one place, position, etc.); taking hold; taking root",Guess the term having 2 (Grade-3 level) Kanji or its reading(not strictly same reading as one in the example),Text
"courteous; hospitable; polite
彼の態度は決して||丁＊||ではない。
彼は就職を||丁＊||に断った。
彼は目上の人に対して||丁＊||である。
彼女は||丁＊||にも私の手紙に返事をくれた。
彼女は私を見ると、||丁＊||におじぎをした。","ていちょう,丁重","",Guess the term having 2 (Grade-3 level) Kanji or its reading(not strictly same reading as one in the example),Text
"iron bridge; railway bridge
その川には||鉄＊||がすでに建設中だ。
トムは||鉄＊||の前で自分の人生に終止符を打つか逡巡している。
||鉄＊||が川にかけられた。
||鉄＊||まで川沿いに歩いて行った。","てっきょう,鉄橋","",Guess the term having 2 (Grade-3 level) Kanji or its reading(not strictly same reading as one in the example),Text
"certain winner; iron plate; joke that gets peopl..
||鉄＊||にお肉を叩きつける音は'あの音'に似ている。","てっぱん,鉄板","certain winner; iron plate; joke that gets people every time; no-fail joke; steel plate; sure thing",Guess the term having 2 (Grade-3 level) Kanji or its reading(not strictly same reading as one in the example),Text
"hospital transfer; transfer to a different hospi..
うん。前の先生に紹介してもらって、||転＊||したの。","てんいん,転院","hospital transfer; transfer to a different hospital",Guess the term having 2 (Grade-3 level) Kanji or its reading(not strictly same reading as one in the example),Text
"about-face; conversion; shift; switch
コンピューターの仕事から金融、会計などの仕事に||転＊||することは可能である。
彼は社会主義から||転＊||した。
彼女は||転＊||した。","てんこう,転向","",Guess the term having 2 (Grade-3 level) Kanji or its reading(not strictly same reading as one in the example),Text
"changing (job, career, lifestyle, social positio..
前者がインディペンデント映画で注目されたのに対して、後者は音楽番組のディレクターから映画監督に||転＊||したという経歴を持つ。","てんしん,転身","changing (job, career, lifestyle, social position, beliefs, etc.)",Guess the term having 2 (Grade-3 level) Kanji or its reading(not strictly same reading as one in the example),Text
"forwarding (a letter, email, etc.); redirection;..
セミナーのご案内と共に、この情報を貴社内の担当の管理職にご||転＊||ください。
データは、メインコンピューターから自分のものに||転＊||できるし、またその逆もできる。
トムはメアリーからのメールをジョンに||転＊||した。
私の郵便物をこの住所に||転＊||して下さい。
総会に出席し、データ||転＊||の新技術を知ることができました。","てんそう,転送","forwarding (a letter, email, etc.); redirection; transfer (of a call, patient, etc.); transfer (of data); transmission",Guess the term having 2 (Grade-3 level) Kanji or its reading(not strictly same reading as one in the example),Text
"changing post (department, club, etc.)
何人社員が||転＊||を申し込んできましたか。","てんぶ,転部","",Guess the term having 2 (Grade-3 level) Kanji or its reading(not strictly same reading as one in the example),Text
"comedown; degradation; demotion; descent; dive; ..
トムはボートから||転＊||して行方不明になった。
地獄への||転＊||は容易である。
彼はまっさかさまに川に||転＊||した。
彼は列車を崖から||転＊||させた。
彼は船から||転＊||し溺死した。","てんらく,転落","comedown; degradation; demotion; descent; dive; downfall; fall; fall (in position, standing, etc.); plunge; spill; tumble",Guess the term having 2 (Grade-3 level) Kanji or its reading(not strictly same reading as one in the example),Text
"delivery
１０個ではなく５個だけが||配＊||されました。
商品は無料で||配＊||されます。
||配＊||は有料ですか。","はいそう,配送","",Guess the term having 2 (Grade-3 level) Kanji or its reading(not strictly same reading as one in the example),Text
"cast; casting (of a play, film, etc.)
その映画の||配＊||が決まった。
彼はハムレットに||配＊||された。","はいやく,配役","",Guess the term having 2 (Grade-3 level) Kanji or its reading(not strictly same reading as one in the example),Text
"apparition; ghost; goblin; monster; phantom; spe..
レクスは犬の||化＊||だった。","ばけもの,ばけもん,化物","apparition; ghost; goblin; monster; phantom; specter; spectre",Guess the term having 2 (Grade-3 level) Kanji or its reading(not strictly same reading as one in the example),Text
"bowling (in cricket); pitched ball; pitching; th..
彼の||投＊||を見せたかったよ。
||投＊||フォームが独特でタイミングが取りづらい。","とうきゅう,投球","bowling (in cricket); pitched ball; pitching; throwing a ball",Guess the term having 2 (Grade-3 level) Kanji or its reading(not strictly same reading as one in the example),Text
"attitude; movement; tendency; trend
新聞は世の||動＊||を左右する。
民生用・産業用を含めて、ゴミのかさをコンパクト化する機器の今後の市場成長性が法制度の||動＊||と関連して注目される。
財政の専門家たちは最近の||動＊||をどう判断してよいのかわからないのです。","どうこう,動向","",Guess the term having 2 (Grade-3 level) Kanji or its reading(not strictly same reading as one in the example),Text
"baggage; burden; luggage; package; payload (of a..
トムは||荷＊||を下ろした。
彼は私に||荷＊||を運ばせた。
彼は||荷＊||を下に置いた。
彼は||荷＊||を下ろした。
私は私の||荷＊||を請求した。
||荷＊||が届いた。
||荷＊||を準備して。","にもつ,荷物","baggage; burden; luggage; package; payload (of a packet, cell, etc.)",Guess the term having 2 (Grade-3 level) Kanji or its reading(not strictly same reading as one in the example),Text
"Welsh onion (species of scallion, Allium fistulo..
彼らは多くの||根＊||い迷信に打ち勝った。
日本は一見天下泰平だが、実はいろいろな||根＊||い問題を抱えている。","ねぶか,根深","Welsh onion (species of scallion, Allium fistulosum)",Guess the term having 2 (Grade-3 level) Kanji or its reading(not strictly same reading as one in the example),Text
"agriculture
僕は決して||農＊||が嫌いな訳じゃない。
彼には||農＊||の経験がありますか。
彼は||農＊||に従事していた。
彼は||農＊||の研究をしている。
私の専攻は||農＊||です。
||農＊||はどうでしょうか。
||農＊||は多量の水を消費する。","のうぎょう,農業","",Guess the term having 2 (Grade-3 level) Kanji or its reading(not strictly same reading as one in the example),Text
"agrichemical; agricultural chemical (i.e. pestic..
その結果、雨が降れば、大量の表土、赤土、化学肥料、||農＊||が、海に流れだす。
大根の皮も料理に使えるというが、||農＊||が心配なので捨ててしまうことが多い。
彼らは果樹に||農＊||を散布している。
殺虫剤とは、植物に害を与える害虫を防除する||農＊||のこと。
無||農＊||栽培とは、||農＊||を使わずに穀物、野菜、果物などの植物を栽培する方法です。","のうやく,農薬","agrichemical; agricultural chemical (i.e. pesticide, herbicide, fungicide, etc.); agrochemical",Guess the term having 2 (Grade-3 level) Kanji or its reading(not strictly same reading as one in the example),Text
"beverage; drink
お||飲＊||はいかがですか。
この||飲＊||は店のおごりです。
何か||飲＊||をください。
私は何か||飲＊||が欲しい。
食事の前にお||飲＊||はいかがですか。
||飲＊||のミニマムはありますか。
||飲＊||はいかが？","のみもの,飲物","",Guess the term having 2 (Grade-3 level) Kanji or its reading(not strictly same reading as one in the example),Text
"conveyance; playground facility; ride (playgroun..
道路は様々な||乗＊||で混雑していた。","のりもの,乗物","conveyance; playground facility; ride (playground, fair, carnival); transport; vehicle",Guess the term having 2 (Grade-3 level) Kanji or its reading(not strictly same reading as one in the example),Text
"circle inversion; flipping; inversion; plane inv..
敵は機首を||反＊||して我々の方向に向けた。","はんてん,反転","circle inversion; flipping; inversion; plane inversion; producing a negative from a positive; producing a positive from a negative; reversal (of direction, course, etc.); rolling over; turning around (the other way); turning over",Guess the term having 2 (Grade-3 level) Kanji or its reading(not strictly same reading as one in the example),Text
"backlash; kick; reaction; recoil
我慢してた||反＊||で焼き肉ざんまいの日々が続く。","はんどう,反動","",Guess the term having 2 (Grade-3 level) Kanji or its reading(not strictly same reading as one in the example),Text
"backlash; opposition; rally (e.g. in stock price..
そういう言葉は||反＊||を呼ぶだろう。
収賄スキャンダルは海外で激しい||反＊||を生みました。
若者達は本来の親の考えに対して||反＊||するものだ。
彼は||反＊||したいという気になったが、思い直してやめた。
財界では、法案提出断念に||反＊||を強めているそうだ。","はんぱつ,反発","backlash; opposition; rally (e.g. in stock prices); rebellion; rebounding; recoiling; recovery; refusal; repulsion; resistance; revolt",Guess the term having 2 (Grade-3 level) Kanji or its reading(not strictly same reading as one in the example),Text
"(but) on the other hand; although; though; while..
「今度、子供たちに英語を教えることになったんだけど、嬉しい||反＊||、緊張する。上手く喋れるかな」「すごいじゃん。少々失敗しても、ご愛敬ってことで大丈夫よ。自信もって頑張ってね！」
セキュリティーを強化した||反＊||、使いにくくなった。
彼の顔は怖そうに見える||反＊||、声は優しくおだやかだった。
憂いの||反＊||には喜びがあるものだ。
昨年は輸出が好調の||反＊||、輸入が落ち着いていたので貿易収支は改善した。","はんめん,反面","(but) on the other hand; although; though; while; opposite side; reverse",Guess the term having 2 (Grade-3 level) Kanji or its reading(not strictly same reading as one in the example),Text
"asking in return; cross-examination; retort
この事で私は||反＊||した。","はんもん,反問","",Guess the term having 2 (Grade-3 level) Kanji or its reading(not strictly same reading as one in the example),Text
"(physical) growth; development
冷たい天候が稲の||発＊||を遅らせた。
寒波が稲の||発＊||を遅らせた。
花はつぼみから||発＊||する。
赤ちゃんは子宮内の羊水で||発＊||します。
赤ん坊は正常な||発＊||を示した。","はついく,発育","",Guess the term having 2 (Grade-3 level) Kanji or its reading(not strictly same reading as one in the example),Text
"departure (from a base); launch; moving off; sta..
ときどき、とても寒いときは、私は車を||発＊||させることができない。
極めて緊急事態だったから、信号の色が変わるが早いか、父は車を||発＊||させた。
電車は急に||発＊||した。","はっしん,発進","departure (from a base); launch; moving off; start; starting (to move; of a car); takeoff",Guess the term having 2 (Grade-3 level) Kanji or its reading(not strictly same reading as one in the example),Text
"conception; idea; approach; expression; way of t..
これまた、大胆な||発＊||ですね。
その||発＊||、いいね。
その||発＊||、マジいいね。
彼の||発＊||はいつも斜め上だ。
||発＊||はユニークでもやってみたらいまいちだったりする。
逆転の||発＊||が成功のカギです。","はっそう,発想","conception; idea; approach; expression; way of thinking",Guess the term having 2 (Grade-3 level) Kanji or its reading(not strictly same reading as one in the example),Text
"forwarding; sending; shipping
いつ||発＊||してもらえるのか知りたいのですが。
彼は小包をおととい||発＊||した。
明日、この報告書を||発＊||するよういって下さい。
明日この報告書を||発＊||すること、言ってくださいね。
私たちはそのパーティーの招待状をすでに||発＊||していた。","はっそう,発送","",Guess the term having 2 (Grade-3 level) Kanji or its reading(not strictly same reading as one in the example),Text
"order; ordering (materials); placing an order
それの価格を５％値引きしていただけるのでしたら、||発＊||しようと思います。
彼は職場に着いたあと、電話で||発＊||した。
電話でデパートにその本を||発＊||した。","はっちゅう,発注","",Guess the term having 2 (Grade-3 level) Kanji or its reading(not strictly same reading as one in the example),Text
"invocation; putting into operation
春機が||発＊||して、ソレをナニしたい盛りなのは理解するけど、・・・まあ、そこにお座りなさい。","はつどう,発動","",Guess the term having 2 (Grade-3 level) Kanji or its reading(not strictly same reading as one in the example),Text
"announcement; breaking (news story); communique;..
２人は婚約を||発＊||した。
会議は延期されると||発＊||された。
嵐が接近していると||発＊||された。
意外な結果が||発＊||された。
政府の国内政策が||発＊||された。
||発＊||の時間は三十分でお願いします。
||発＊||は３０分以内に制限して下さい。","はっぴょう,発表","announcement; breaking (news story); communique; expressing (one's opinion); making known; presenting; publication; releasing; statement; unveiling",Guess the term having 2 (Grade-3 level) Kanji or its reading(not strictly same reading as one in the example),Text
"surge; undulation; wave; wave motion
歴史は量子物理学のようなもので、観測者が観測した事象に影響してしまう。ケネディ暗殺は粒子だろうか、それとも||波＊||だろうか？","はどう,波動","",Guess the term having 2 (Grade-3 level) Kanji or its reading(not strictly same reading as one in the example),Text
"compulsory service; forced labor; military servi..
トムは今、150年の懲役に||服＊||している。
囚人は強盗罪により||服＊||していた。
裁判官が有罪の判決を下した以上、いさぎよく||服＊||しなければならない。","ふくえき,服役","compulsory service; forced labor; military service; penal servitude; serving time in prison",Guess the term having 2 (Grade-3 level) Kanji or its reading(not strictly same reading as one in the example),Text
"Fukushima (city, prefecture)
2011年（平成23年）3月11日に、||福＊||で空前絶後の事故が起きた。
昨日兄が||福＊||へ住民の手伝いに行った。私は放射線量の増加を危惧していた。","ふくしま,福島","",Guess the term having 2 (Grade-3 level) Kanji or its reading(not strictly same reading as one in the example),Text
"member (club, society, etc.); staff
このクラブの||部＊||の４分の３は女子です。
マイクは水泳部の||部＊||ですか。
私はテニス||部＊||です。
私は中学のときはサッカー||部＊||だった。
私は水泳部の||部＊||です。
||部＊||は先輩に一人ずつブローチを贈ることにした。","ぶいん,部員","",Guess the term having 2 (Grade-3 level) Kanji or its reading(not strictly same reading as one in the example),Text
"load (electrical, CPU, etc.); burden
パララックスよりバンプマッピングの方が||負＊||かかるんですか？
言うまでもなく、サーバの||負＊||が増大してしまうのです。
部分一致検索はサーバーに||負＊||がかかるから、やめたほうがいいね。","ふか,負荷","",Guess the term having 2 (Grade-3 level) Kanji or its reading(not strictly same reading as one in the example),Text
"heavy drinking
彼は||深＊||がなおった。
彼女はかなり||深＊||をする癖がある。
||深＊||は体によくない。","ふかざけ,深酒","",Guess the term having 2 (Grade-3 level) Kanji or its reading(not strictly same reading as one in the example),Text
"articles; goods
あらゆる||物＊||の価格が上昇した。
必要な||物＊||を急いで購入しなさい。","ぶっぴん,物品","",Guess the term having 2 (Grade-3 level) Kanji or its reading(not strictly same reading as one in the example),Text
"pencil box; pencil case; writing brush case
||筆＊||の中にペンがあります。","ふでばこ,筆箱","",Guess the term having 2 (Grade-3 level) Kanji or its reading(not strictly same reading as one in the example),Text
"accessories; components; parts
この工場では、車の||部＊||を作っています。
その機械は||部＊||が足りない。
古い||部＊||を新しいのと交換しなさい。
彼は予備の||部＊||を次々と調べていった。
車の||部＊||は、高い。","ぶひん,部品","",Guess the term having 2 (Grade-3 level) Kanji or its reading(not strictly same reading as one in the example),Text
"burakumin area; hamlet; subunit of village
移住者の||部＊||が野蛮人によって征服され、移住者の希望も生活も土壇場にきた時、長い歳月をかけての不幸とのたたかいに終止符がうたれた。","ぶらく,部落","",Guess the term having 2 (Grade-3 level) Kanji or its reading(not strictly same reading as one in the example),Text
"peace; tranquility; tranquillity; Heian period (..
彼は自分の罪のために死なれたキリストを信じ、||平＊||と希望に満たされつつ、一年後、天に召されて行きました。","へいあん,平安","peace; tranquility; tranquillity; Heian period (794-1185)",Guess the term having 2 (Grade-3 level) Kanji or its reading(not strictly same reading as one in the example),Text
"flat board; plane table; slab; slat; boring; dul..
俺、||平＊||なヤマのない話好きなんだよね。小津映画みたいな。
||平＊||なメロディーでサビと気づかなかった。","へいばん,平板","flat board; plane table; slab; slat; boring; dull; flat; monotonous",Guess the term having 2 (Grade-3 level) Kanji or its reading(not strictly same reading as one in the example),Text
"civilian clothes; everyday attire; ordinary clot..
どうか||平＊||でおいで下さい。
||平＊||でお越しください。","へいふく,平服","civilian clothes; everyday attire; ordinary clothes; plain clothes",Guess the term having 2 (Grade-3 level) Kanji or its reading(not strictly same reading as one in the example),Text
"level surface; plane
マインクラフトが||平＊||という理由で地球も||平＊||だと言うのはダメなんです！","へいめん,平面","",Guess the term having 2 (Grade-3 level) Kanji or its reading(not strictly same reading as one in the example),Text
"bungalow; one-story house
トムとメアリーは||平＊||に住んでいます。","ひらや,平屋","",Guess the term having 2 (Grade-3 level) Kanji or its reading(not strictly same reading as one in the example),Text
"concealed winning hand consisting of chows, a pa..
ハトは||平＊||の象徴だ。
||平＊||だなぁ。
||平＊||はとても大切です。
彼の魂に||平＊||を！
愛と||平＊||です。
私達は||平＊||を願う。
鳩は||平＊||の象徴です。","ピンフ,ピンホー,へいわ,平和","concealed winning hand consisting of chows, a pair that isn't a value pair, and an open wait
harmony; peace",Guess the term having 2 (Grade-3 level) Kanji or its reading(not strictly same reading as one in the example),Text
"nosebleed
あなたは||鼻＊||がでているよ。
お前ら、||鼻＊||でてるぞ。
プールに入った瞬間、||鼻＊||が出始めた。
今日、私は||鼻＊||が出た。
彼は||鼻＊||を出した。
||鼻＊||が出てるわよ。
||鼻＊||が止まりません。","はなじ,はなぢ,鼻血","",Guess the term having 2 (Grade-3 level) Kanji or its reading(not strictly same reading as one in the example),Text
"animosity; antagonism; antipathy; ill feeling; r..
あの政治家は職権乱用で国民の||反＊||を買った。
いらぬ||反＊||を買っても損なだけよ。
ナイキはたった一つのコマーシャルで、多くの日本人の||反＊||を買ってしまった。
彼女は多分君が友達に対し||反＊||を持つように仕向けたのだろう。
私は話し手に対して||反＊||を持った。","はんかん,反感","animosity; antagonism; antipathy; ill feeling; revulsion",Guess the term having 2 (Grade-3 level) Kanji or its reading(not strictly same reading as one in the example),Text
"antagonism; dissent; hostility; objection; oppos..
||反＊||したはずだ。
||反＊||です。
戦争に||反＊||です。
戦争は||反＊||です。
母は喫煙に||反＊||だ。
私は||反＊||です。
結婚に||反＊||です。","はんたい,反対","antagonism; dissent; hostility; objection; opposition; resistance; contrary; inverse; opposite; reverse",Guess the term having 2 (Grade-3 level) Kanji or its reading(not strictly same reading as one in the example),Text
"impressive tale; moving tale
凄いです！こんな感動的な話は初めてです！まさに||美＊||の中の||美＊||です！
若い友人に||美＊||を語ってあげてください。","びだん,美談","",Guess the term having 2 (Grade-3 level) Kanji or its reading(not strictly same reading as one in the example),Text
"copying (by hand); transcribing
先ずは憧れの作家の文章の呼吸をつかむためにひたすら||筆＊||、丸写しをする。","ひっしゃ,筆写","",Guess the term having 2 (Grade-3 level) Kanji or its reading(not strictly same reading as one in the example),Text
"author; writer
あなたは||筆＊||が言っていることを理解できますか。
この本で||筆＊||は日本とアメリカを対照させている。
この記事の||筆＊||は有名な批評家だ。
この記事の||筆＊||は有名な評論家です。
その||筆＊||は本の中で、たいした才能を発揮していない。
||筆＊||が何を言おうとしているのかわからない。
||筆＊||はそうした風潮を好まない。","ひっしゃ,筆者","",Guess the term having 2 (Grade-3 level) Kanji or its reading(not strictly same reading as one in the example),Text
"dainty; delicacy; good flavor; good flavour
これは||美＊||しい。
スープ||美＊||しい？
それ||美＊||しい？
本当に||美＊||しい。
||美＊||しい！
||美＊||しいと思う。
魚、||美＊||しい？","びみ,美味","",Guess the term having 2 (Grade-3 level) Kanji or its reading(not strictly same reading as one in the example),Text
"clinic; doctor's office; doctor's surgery; hospi..
ここは||病＊||だ。
ここは||病＊||です。
トムは||病＊||にいる。
彼は||病＊||で働きたい。
||病＊||に行けよ。
||病＊||に行った。
近くに||病＊||がある。","びょういん,病院","clinic; doctor's office; doctor's surgery; hospital; infirmary",Guess the term having 2 (Grade-3 level) Kanji or its reading(not strictly same reading as one in the example),Text
"ill health; weak constitution
彼女は献身的に||病＊||の父親に仕えた。
正ちゃんは十二歳で、||病＊||だけに、少し薄のろの方であった。","びょうしん,病身","",Guess the term having 2 (Grade-3 level) Kanji or its reading(not strictly same reading as one in the example),Text
"a few seconds; instant; moment; speed per second..
光の速度は||秒＊||およそ186,000マイルである。","びょうそく,秒速","a few seconds; instant; moment; speed per second; velocity per second",Guess the term having 2 (Grade-3 level) Kanji or its reading(not strictly same reading as one in the example),Text
"equality; evenness; impartiality
人は||平＊||にできている。
人は||平＊||に造られている。
人は誰でも||平＊||である。
人間はみな||平＊||である。
人間は全て||平＊||である。
||平＊||は憲法で保障されている。
||平＊||は憲法で守られている。","びょうどう,平等","",Guess the term having 2 (Grade-3 level) Kanji or its reading(not strictly same reading as one in the example),Text
"appearances; exterior; face; outside; superficia..
その物体の||表＊||はかなり粗い。
地球の||表＊||の７０％は水である。
彼は月の||表＊||に立った。
月の||表＊||はでこぼこだ。
突然の風で池の||表＊||が波立った。
||表＊||に現れているのは氷山の先端に過ぎない。
||表＊||も角も剥がれていて、綺麗だった菱形は見る影もない。","ひょうめん,表面","appearances; exterior; face; outside; superficiality; surface",Guess the term having 2 (Grade-3 level) Kanji or its reading(not strictly same reading as one in the example),Text
"(right at the) side; just beside
このアルファベットの形、人が笑っているところを||真＊||から見た感じがしない？
目が覚めたら、彼女はすぐ||真＊||にいたに気づいた。","まよこ,真横","",Guess the term having 2 (Grade-3 level) Kanji or its reading(not strictly same reading as one in the example),Text
"(doing) as one pleases; leaving (something) to t..
あなたは好き||放＊||に酒を飲んではならない。
彼女はやりたい||放＊||にやるに違いない。
期間内乗り||放＊||チケットを利用しよう。
部屋は散らかし||放＊||だった。
部屋は散らかり||放＊||だった。","ほうだい,放題","(doing) as one pleases; leaving (something) to take its own course; leaving uncontrolled; letting (something) go unchecked; to one's heart's content",Guess the term having 2 (Grade-3 level) Kanji or its reading(not strictly same reading as one in the example),Text
"directly opposite; helmet front; middle of the f..
その家は教会の||真＊||かいにある。
その店は私の家の||真＊||かいです。
客は私の||真＊||かいに座っていた。
彼女は我々の||真＊||かいに住んでいる。
私の家は病院の||真＊||かいです。","まっこう,真向","directly opposite; helmet front; middle of the forehead; right in front",Guess the term having 2 (Grade-3 level) Kanji or its reading(not strictly same reading as one in the example),Text
"apartment; chamber; flat; pad; room; stable
この||部＊||は暑い。
小さな||部＊||ね。
彼の||部＊||は汚い。
狭い||部＊||だね。
私は||部＊||で眠る。
||部＊||が暑い。
||部＊||を出ろ。","へや,部屋","",Guess the term having 2 (Grade-3 level) Kanji or its reading(not strictly same reading as one in the example),Text
"clan; house; tribe
その||部＊||のひとびとはその川沿いに定住した。
その||部＊||の民はその川沿いに住み着いた。
その||部＊||は年中砂漠に住んでいる。
その||部＊||は祖先を崇拝している。
彼は35年間自分の||部＊||の酋長だった。","ぶぞく,部族","",Guess the term having 2 (Grade-3 level) Kanji or its reading(not strictly same reading as one in the example),Text
"return toss (e.g. from a catcher to a pitcher)
彼らはどんな体勢で捕っても地肩が強いからいい||返＊||ができる。","へんきゅう,返球","",Guess the term having 2 (Grade-3 level) Kanji or its reading(not strictly same reading as one in the example),Text
"answer; reply; response
お||返＊||ありがとう。
お||返＊||ください。
彼は||返＊||に困った。
明日、お||返＊||します。
考えて||返＊||します。
||返＊||がない。
||返＊||もらった？","へんじ,返事","",Guess the term having 2 (Grade-3 level) Kanji or its reading(not strictly same reading as one in the example),Text
"return to sender; sending back
イニシャルをサインしてご||返＊||ください。
一通に署名の上ご||返＊||ください。
使用許諾契約書の条項に同意されない場合は、未開封のメディアパッケージを速やかにABC社に||返＊||していただければ、商品代金を全額払い戻し致します。
商品はお引き取りいただいても結構ですし、||返＊||してもかまいません。","へんそう,返送","",Guess the term having 2 (Grade-3 level) Kanji or its reading(not strictly same reading as one in the example),Text
"returned goods; returning purchased goods
いったん封を切るとそのテープは||返＊||できません。
ミスったなあ。開封してなかったら||返＊||できたのに。
||返＊||お断り。
||返＊||した品物の代金を私の口座に振り込んで下さい。","へんぴん,返品","",Guess the term having 2 (Grade-3 level) Kanji or its reading(not strictly same reading as one in the example),Text
"retaliation; return gift; return present; reveng..
私は彼の好意の||返＊||に贈り物をした。","へんれい,返礼","retaliation; return gift; return present; revenge; something done in return (as way of thanks)",Guess the term having 2 (Grade-3 level) Kanji or its reading(not strictly same reading as one in the example),Text
"announcement; broadcast; broadcasting; program
この劇はあす||放＊||される。
今は何を||放＊||していますか。
国会討論の||放＊||を聞きましたか。
彼の死は世界中に||放＊||された。
||放＊||される英語の番組を聞くことがありますか。
昨日私は||放＊||が二時間あった。","ほうそう,放送","",Guess the term having 2 (Grade-3 level) Kanji or its reading(not strictly same reading as one in the example),Text
"director; executive; officer; official; person i..
その会議は十二人の||役＊||で成り立っている。
彼の経営手腕を疑問視する||役＊||もいた。
彼は||役＊||の地位をねらっている。
矛盾する報告を受けて、その||役＊||は自分の立場を考え直した。
私は||役＊||になった。","やくいん,役員","director; executive; officer; official; person in charge",Guess the term having 2 (Grade-3 level) Kanji or its reading(not strictly same reading as one in the example),Text
"actor; actress; clever person; cunning fellow; m..
あなたの大好きな||役＊||はだれですか。
その||役＊||の事は聞いたことが無い。
トムは||役＊||さんなの？
||役＊||は台詞を暗記しなければならない。
彼は||役＊||中の||役＊||だ。
私は自分をいい||役＊||だと思ったことはない。","やくしゃ,役者","actor; actress; clever person; cunning fellow; man of wits",Guess the term having 2 (Grade-3 level) Kanji or its reading(not strictly same reading as one in the example),Text
"government office; public office
assigned role; ..
君は||役＊||に自分で出頭する事が必要なのだ。","やくしょ,やくどころ,役所","government office; public office
assigned role; best-suited job; duty; position; suitable role",Guess the term having 2 (Grade-3 level) Kanji or its reading(not strictly same reading as one in the example),Text
"chemicals; medicine
この||薬＊||は場合によって毒にも薬にもなる。
この||薬＊||は日光に当てないようにしなさい。","やくひん,薬品","",Guess the term having 2 (Grade-3 level) Kanji or its reading(not strictly same reading as one in the example),Text
"drugs; medicines
アルコールは||薬＊||だよ。
トムは||薬＊||の過剰摂取で2013年に死亡した。
私は彼に||薬＊||の摂取を辞めるように頼んだ。
||薬＊||は現代社会の癌だ。
警察は学校で大量の||薬＊||を押収した。
道教経典には中国の||薬＊||による養生法の記載が多数ある。","やくぶつ,薬物","",Guess the term having 2 (Grade-3 level) Kanji or its reading(not strictly same reading as one in the example),Text
"condiment (e.g. grated or chopped topping such a..
かけそばにいろんな||薬＊||を入れて香りを楽しむ。
カツオの刺身に||薬＊||をたっぷりのせて食べるのが、美味しいんだよ。","やくみ,薬味","condiment (e.g. grated or chopped topping such as daikon, wasabi, ginger, green onion, red pepper); spice",Guess the term having 2 (Grade-3 level) Kanji or its reading(not strictly same reading as one in the example),Text
"name of store; stage name (e.g. of actor); trade..
「お祝いを預かってきたんだけど、お礼の電話を入れといてね」「あっ、はい。ところで、この『高広』さんって、どこの方なんですか？」「それは、||屋＊||で寺の向かいの高岡さんよ」「じゃぁ、この『高野』っていうのも||屋＊||なんですか？」「違う違う。それは、本名でうちの２件上の家よ。||屋＊||は『野上』ね」「？？お礼の電話をする時には、||屋＊||で言った方がいいんですか？それとも本名？」「どっちでもいいわよ」","やごう,屋号","name of store; stage name (e.g. of actor); trade name (esp. of a sole proprietorship)",Guess the term having 2 (Grade-3 level) Kanji or its reading(not strictly same reading as one in the example),Text
"interview
その件についてあなたのお父さんと||面＊||したい。","めんだん,面談","",Guess the term having 2 (Grade-3 level) Kanji or its reading(not strictly same reading as one in the example),Text
"owner; possessor (e.g. of talent, beauty, etc.);..
実際のところ、このレストランの||持＊||は僕の友人だ。
彼女は内気に見えるが、実際は強い意志の||持＊||だ。","もちぬし,持主","owner; possessor (e.g. of talent, beauty, etc.); proprietor",Guess the term having 2 (Grade-3 level) Kanji or its reading(not strictly same reading as one in the example),Text
"everything; things
あまり||物＊||を難しく考えすぎるな。
あらゆる角度から||物＊||を見る。
各人各様の||物＊||のやり方がある。
急いで||物＊||をすると間違えますよ。
我々は貧富に応じて||物＊||を見る。
||物＊||には限度がある。
||物＊||は重なって起こる。","ものごと,物事","",Guess the term having 2 (Grade-3 level) Kanji or its reading(not strictly same reading as one in the example),Text
"measure; ruler
タクシー運転手になった東大卒の木村さんは誰かの||物＊||しで、落ちこぼれなのかもしれないけど、運転好きならいいんじゃないかな。","ものさし,物指","",Guess the term having 2 (Grade-3 level) Kanji or its reading(not strictly same reading as one in the example),Text
"keeping things for a long time and taking care o..
何か食べる||物＊||ってくね。
何か飲み||物＊||ってこようか？","ものもち,物持","keeping things for a long time and taking care of them; rich person; taking good care of things; wealthy person",Guess the term having 2 (Grade-3 level) Kanji or its reading(not strictly same reading as one in the example),Text
"agile; carefree; casual (clothing); light (e.g. ..
シンガポールに住んでる人って、いつも半袖で、いつも||身＊||そうでいいな。
捕らえることのできないもの、||身＊||で素早いもののたとえ、だそうです。","みがる,身軽","agile; carefree; casual (clothing); light (e.g. luggage); light (of foot); nimble; with limited responsibility",Guess the term having 2 (Grade-3 level) Kanji or its reading(not strictly same reading as one in the example),Text
"adjustment; coordination; fixing; reconciliation..
彼はクラリネットを||調＊||してもらった。
彼は望遠鏡を自分に合うように||調＊||した。
時計を||調＊||しなければ。遅れているのだ。
自転車のブレーキを||調＊||してもらった。
||調＊||がうまくいかず開幕に間に合わない。
音楽のボリュームを||調＊||したいのですが。","ちょうせい,調整","adjustment; coordination; fixing; reconciliation; regulation; tailoring; tuning",Guess the term having 2 (Grade-3 level) Kanji or its reading(not strictly same reading as one in the example),Text
"case; controversy; difficulty; inconvenience; is..
それが||問＊||？
なにか||問＊||でも？
何が||問＊||なの？
何も||問＊||はない。
||問＊||ないよ。
||問＊||なし。
好みの||問＊||だ。","もんだい,問題","case; controversy; difficulty; inconvenience; issue; matter; problem; problem; problem (e.g. societal, political); public discussion; question; question (e.g. on a test); question (i.e. doubt); subject (e.g. of research); trouble",Guess the term having 2 (Grade-3 level) Kanji or its reading(not strictly same reading as one in the example),Text
"ceremonial clothes formerly worn by nobility
cer..
将軍は||礼＊||を着てひときわ目立っていた。","らいふく,れいふく,礼服","ceremonial clothes formerly worn by nobility
ceremonial dress; dress suit; evening dress; formal dress; morning dress",Guess the term having 2 (Grade-3 level) Kanji or its reading(not strictly same reading as one in the example),Text
"failing to advance (to the next year); failure (..
これじゃ||落＊||だよ。
ほとんどの生徒が||落＊||しました。
もっと勉強しない限り||落＊||しますよ。
彼はいつも遊んでいたため||落＊||した。
||落＊||しちゃう！
||落＊||しないように一生懸命勉強しなさい。
誰も||落＊||しなかった。","らくだい,落第","failing to advance (to the next year); failure (in an examination); falling short of the standard; not making the grade",Guess the term having 2 (Grade-3 level) Kanji or its reading(not strictly same reading as one in the example),Text
"being settled; coming to a conclusion
その一件はめでたく||落＊||するだろう。
われわれは先月この家に引っ越しましたが、まだ||落＊||かない。
最初に、訓練生達は彼が一緒だったので||落＊||かなかった。","らくちゃく,落着","",Guess the term having 2 (Grade-3 level) Kanji or its reading(not strictly same reading as one in the example),Text
"double-sided wait (for one's last tile); wait fo..
||両＊||コピーって、やったことないんだ。どうやればいいの？
彼らの申し出には||両＊||があるぞ。
盾の||両＊||を見よ。","リャンメン,りょうめん,両面","double-sided wait (for one's last tile); wait for either of two different tiles to complete a chow which will finish one's hand
both sides; double-sided; two sides",Guess the term having 2 (Grade-3 level) Kanji or its reading(not strictly same reading as one in the example),Text
"preparation for a lesson
||予＊||を始めた方がいいですよ。
君は||予＊||をするべきだ。
子供たちは授業の||予＊||で忙しかった。
彼は||予＊||した。
授業の||予＊||をしてくるべきだったのに。
次の章を||予＊||しておきなさい。","よしゅう,予習","",Guess the term having 2 (Grade-3 level) Kanji or its reading(not strictly same reading as one in the example),Text
"anticipation; conjecture; expectation; forecast;..
||予＊||した以上に悪い天候だ。
||予＊||に反して楽に勝てましたね。
次の||予＊||に誰もが注目した。
激しい雷雨が||予＊||されます。
良い結果が||予＊||される。
誰もが||予＊||できたことじゃない？
開票は||予＊||した通りだ。","よそう,予想","anticipation; conjecture; expectation; forecast; prediction",Guess the term having 2 (Grade-3 level) Kanji or its reading(not strictly same reading as one in the example),Text
"arrangement; estimate; expectation; plans; progr..
||予＊||があるの？
||予＊||を組んだ。
今日の||予＊||は？
今晩は||予＊||がある？
何か||予＊||はあるの？
家にいる||予＊||です。
明日の||予＊||は？","よてい,予定","arrangement; estimate; expectation; plans; program; programme; schedule",Guess the term having 2 (Grade-3 level) Kanji or its reading(not strictly same reading as one in the example),Text
"archipelago; chain of islands
日本は||列＊||であり、山が多く、森は殆どない。","れっとう,列島","",Guess the term having 2 (Grade-3 level) Kanji or its reading(not strictly same reading as one in the example),Text
"(an) exercise; drill; practice; training; workou..
ぜひ||練＊||を続けなさい。
ちょっと||練＊||しなきゃ。
彼は毎日家で||練＊||した。
柔道を||練＊||しています。
毎日英作文の||練＊||をする。
||練＊||が完成を生む。
||練＊||は熟達の道。","れんしゅう,練習","(an) exercise; drill; practice; training; workout",Guess the term having 2 (Grade-3 level) Kanji or its reading(not strictly same reading as one in the example),Text
"flu; influenza
君は||流＊||にかかってるんだよ。
彼は||流＊||で寝ている。
彼は||流＊||にかかった。
||流＊||で彼はゴルフが出来なかった。
||流＊||で死ぬ人は少ない。
私たちはみんな||流＊||にかかり、先生もかかった。
私の父は||流＊||にかかっている。","りゅうかん,流感","",Guess the term having 2 (Grade-3 level) Kanji or its reading(not strictly same reading as one in the example),Text
"bloodshed
警察は||流＊||を避けたかった。","りゅうけつ,流血","",Guess the term having 2 (Grade-3 level) Kanji or its reading(not strictly same reading as one in the example),Text
"continual change; metempsychosis; transmigration..
それから幾千年かを隔てた後、この魂は無数の||流＊||を閲して、また生を人間に託さなければならなくなった。それがこう云う私に宿っている魂なのである。だから私は現代に生れはしたが、何一つ意味のある仕事が出来ない。昼も夜も漫然と夢みがちな生活を送りながら、ただ、何か来るべき不可思議なものばかりを待っている。ちょうどあの尾生が薄暮の橋の下で、永久に来ない恋人をいつまでも待ち暮したように。
万物は||流＊||する。","りゅうてん,るてん,流転","continual change; metempsychosis; transmigration; vicissitudes",Guess the term having 2 (Grade-3 level) Kanji or its reading(not strictly same reading as one in the example),Text
"drift ice; ice floe
||流＊||を見るために北海道に行った。","りゅうひょう,流氷","",Guess the term having 2 (Grade-3 level) Kanji or its reading(not strictly same reading as one in the example),Text
"both houses of parliament; both upper and lower ..
法案は||両＊||を通った。","りょういん,両院","both houses of parliament; both upper and lower house",Guess the term having 2 (Grade-3 level) Kanji or its reading(not strictly same reading as one in the example),Text
"both banks (of a river)
大雨が続いて川の水が||両＊||からあふれ出た。","りょうがん,りょうぎし,両岸","",Guess the term having 2 (Grade-3 level) Kanji or its reading(not strictly same reading as one in the example),Text
"both persons; both things; pair; the two
この||両＊||は長い間ずっと敵同士だった。
この||両＊||は長い間ずっと敵対していた。
ついに||両＊||の間の不和は終わりになった。
もちろん、||両＊||はある点では似ている。
||両＊||の溝が狭まった。
||両＊||の間に関係はない。
新しい計画の準備が||両＊||で同時に進行中である。","りょうしゃ,両者","",Guess the term having 2 (Grade-3 level) Kanji or its reading(not strictly same reading as one in the example),Text
"passenger; tourist; traveler; traveller
||旅＊||は歩道橋を使って路線を渡ってください。
覆面をした男達が||旅＊||を襲って金を奪った。","りょかく,りょきゃく,旅客","",Guess the term having 2 (Grade-3 level) Kanji or its reading(not strictly same reading as one in the example),Text
"ryokan; traditional Japanese inn
あの||旅＊||は家庭的だ。
この||旅＊||は客の扱いがよい。
山間の||旅＊||で２泊しました。
||旅＊||は、上げ膳据え膳がうれしいね。
日没後彼らはその||旅＊||に着いた。
海沿いの||旅＊||は眺めがいい。","りょかん,旅館","",Guess the term having 2 (Grade-3 level) Kanji or its reading(not strictly same reading as one in the example),Text
"afforestation; greening (i.e. planting to increa..
地表を||緑＊||して、温暖化を抑止する能力を強くする。","りょくか,りょっか,緑化","afforestation; greening (i.e. planting to increase greenery); tree planting",Guess the term having 2 (Grade-3 level) Kanji or its reading(not strictly same reading as one in the example),Text
"hunch; premonition; presentiment; to have a hunc..
何か嫌な||予＊||がした。
嫌な||予＊||が的中した。
彼の||予＊||があたった。
撮れ高の||予＊||です！
雨の降る||予＊||がする。","よかん,予感","hunch; premonition; presentiment; to have a hunch; to have a premonition",Guess the term having 2 (Grade-3 level) Kanji or its reading(not strictly same reading as one in the example),Text
"anticipation; expectation; forecast
その質問は||予＊||していなかった。
||予＊||しない結果に達した。
||予＊||せぬ困難が起こった。
人生には||予＊||しないことがよく起こる。
彼がくることを||予＊||している。
彼は||予＊||せぬ障害に出会った。
私たちは||予＊||しない困難にあった。","よき,予期","",Guess the term having 2 (Grade-3 level) Kanji or its reading(not strictly same reading as one in the example),Text
"Western-style house
若い男女が人里離れた||洋＊||で恐怖の一夜を過ごすという、ホラーの定番スタイルだ。","ようかん,洋館","",Guess the term having 2 (Grade-3 level) Kanji or its reading(not strictly same reading as one in the example),Text
"form; pattern; style
大聖堂は西の扉にロマネスク||様＊||の名残があり、半円状のアーチを見ることができる。
新しい学校は単純で近代的な||様＊||で建てられている。","ようしき,様式","",Guess the term having 2 (Grade-3 level) Kanji or its reading(not strictly same reading as one in the example),Text
"foreign; Western-style; flush toilet; water clos..
私は||洋＊||のホテルに泊まりたい。","ようしき,洋式","foreign; Western-style; flush toilet; water closet; Western-style toilet",Guess the term having 2 (Grade-3 level) Kanji or its reading(not strictly same reading as one in the example),Text
"aspect; condition; modality; phase
コンピューターが産業の||様＊||を大きく変えた。
望遠鏡を通してみると、惑星はまったく新たな||様＊||を呈する。","ようそう,様相","",Guess the term having 2 (Grade-3 level) Kanji or its reading(not strictly same reading as one in the example),Text
"Western-style clothes (cf. traditional Japanese ..
この||洋＊||はお買い得です。
とてもすてきな||洋＊||ですね。
どんな||洋＊||が好みですか。
彼女は次々に||洋＊||を買った。
彼女は||洋＊||の好みが極端だ。
||洋＊||は和服より働きやすい。
||洋＊||を定期的に買う余裕はありません。","ようふく,洋服","Western-style clothes (cf. traditional Japanese clothes)",Guess the term having 2 (Grade-3 level) Kanji or its reading(not strictly same reading as one in the example),Text
"cheap article; poor quality article
このワインは||安＊||だよ。
||安＊||でも充分に満足です。
||安＊||でも普通に使える。
彼女のガウンは||安＊||だった。
彼女のドレスは||安＊||だった。
彼女のドレスは||安＊||に見えた。
彼女は||安＊||は身につけません。","やすもの,安物","",Guess the term having 2 (Grade-3 level) Kanji or its reading(not strictly same reading as one in the example),Text
"cheap hotel
これは||安＊||ではありません。","やすやど,安宿","",Guess the term having 2 (Grade-3 level) Kanji or its reading(not strictly same reading as one in the example),Text
"chemist's (shop); dispensary; drugstore; hospita..
ここから一番近い||薬＊||はどこですか。
この薬はまだ||薬＊||で売られていない。
この近くに||薬＊||はありますか？
すみません。ここは||薬＊||でしょうか？
一番近い||薬＊||はどこにありますか。
||薬＊||で買うものがあるんだよ。
||薬＊||へ行って薬を買う。","やっきょく,薬局","chemist's (shop); dispensary; drugstore; hospital pharmacy; pharmacy",Guess the term having 2 (Grade-3 level) Kanji or its reading(not strictly same reading as one in the example),Text
"hotel charges (for lodging, not meals, etc.)
||宿＊||をケチって野宿しました。","やどだい,宿代","",Guess the term having 2 (Grade-3 level) Kanji or its reading(not strictly same reading as one in the example),Text
"hotel register
新しい客はホテルの||宿＊||に登録せねばならない。","やどちょう,宿帳","",Guess the term having 2 (Grade-3 level) Kanji or its reading(not strictly same reading as one in the example),Text
"inn
夜が更けて疲れていたので私は||宿＊||に泊まった。
||宿＊||といってもまるで丸太小屋のようだった。
彼らの泊まっていた||宿＊||で火事が起こった。
私は||宿＊||で部屋を見つけました。","やどや,宿屋","",Guess the term having 2 (Grade-3 level) Kanji or its reading(not strictly same reading as one in the example),Text
"roof
うちの||屋＊||は赤なのよ。
その家の||屋＊||は赤い。
トムは||屋＊||の上にいる。
||屋＊||に穴が空いてる。
||屋＊||は雨漏りしていた。
彼女は||屋＊||から下りた。
私の家の||屋＊||は赤い。","やね,屋根","",Guess the term having 2 (Grade-3 level) Kanji or its reading(not strictly same reading as one in the example),Text
"bathing; getting on in the world; swimming
彼は宇宙を||遊＊||した最初の人間だった。","ゆうえい,遊泳","",Guess the term having 2 (Grade-3 level) Kanji or its reading(not strictly same reading as one in the example),Text
"play equipment; playground equipment
そして、この||遊＊||には滑り台のデッキに上がる方法がもう一つあります。
どれも変わっていない。公園の中の||遊＊||や設備は昔のままだ。","ゆうぐ,遊具","",Guess the term having 2 (Grade-3 level) Kanji or its reading(not strictly same reading as one in the example),Text
"teacup
壊れた||湯＊||みの補充をした。","ゆのみ,湯飲","",Guess the term having 2 (Grade-3 level) Kanji or its reading(not strictly same reading as one in the example),Text
"road surface
タイヤはゴムと||路＊||の摩擦によってすり減る。
私は||路＊||がゆれるのを感じた。
||路＊||が凍結して滑りやすくなっています。
||路＊||の凍結には気をつけなければならない。
車が凍てついた||路＊||を滑った時は「ひやっ」とした。","ろめん,路面","",Guess the term having 2 (Grade-3 level) Kanji or its reading(not strictly same reading as one in the example),Text
"Japanese clothes
あなたは||和＊||の方がよく似合います。
||和＊||を着て椅子に腰をかけると、何となく心細い。裾から風がはいるような気がする。
||和＊||を着て椅子に腰をかけると、何となく心細い。裾から風がはひるやうな気がする。
彼女は||和＊||の方が良く似合う。
彼女は||和＊||を着て、実に美しく見える。
洋服は||和＊||より働きやすい。
確かに彼女は||和＊||を着ると美しく見える。","わふく,和服","",Guess the term having 2 (Grade-3 level) Kanji or its reading(not strictly same reading as one in the example),Text
"bad guy; evildoer; scoundrel; villain
いない者がいつも||悪＊||になる。
お互いの行き違いがあった以上、相手側を一方的に||悪＊||にするのはどうかと思う。
だってこの世には||悪＊||と偽善者しかいないのよ。","わるもの,悪者","",Guess the term having 2 (Grade-3 level) Kanji or its reading(not strictly same reading as one in the example),Text
"I; me
||予||め断りますが、今日のブログは面白くないよ～。
休暇の計画を||予||め立てている。
彼岸花、千年咲き、千年落ち、花と叶ずっと合えなく、情は因果に関系がなし、生死は縁で||予||め定められている。
自虐趣味とは、他者からの攻撃を||予||め想定した上で、心理的ダメージを最小化しようとする防衛機制の一種ではないだろうか。","よ,予","",Guess the term having 1 (Grade-3 level) Kanji or its reading(not strictly same reading as one in the example),Text
"aside; beside; breadth; horizontal (as opposed t..
さあ||横||になって。
彼は枕に頭を||横||たえた。
彼は首を||横||に振った。
||横||っ腹が痛い。
||横||に座って。
私は首を||横||に振った。
芝生の上に||横||になる。","よこ,横","aside; beside; breadth; horizontal (as opposed to vertical); lying down; next to; side (of a box, etc.); side-to-side (as opposed to front-to-back); unconnected; width",Guess the term having 1 (Grade-3 level) Kanji or its reading(not strictly same reading as one in the example),Text
"cause; I hear that ...; it is said that ...; pie..
それについては知る||由||もなかった。
まさかこんなことが起きようとは、トムには知る||由||もなかった。
何が起こるか知る||由||もない。
彼がどこへ行ってしまったか知る||由||もない。
誰も知る||由||もない。","よし,由","cause; I hear that ...; it is said that ...; piece of information that one has heard; reason; significance",Guess the term having 1 (Grade-3 level) Kanji or its reading(not strictly same reading as one in the example),Text
"bow (i.e. bending of the body); bowing; ceremony..
お||礼||が言いたいです。
お||礼||には及びません。
お||礼||の手紙が届いた。
トムは||礼||をした。
彼は目で||礼||を言った。
||礼||には及びません。","れい,礼","bow (i.e. bending of the body); bowing; ceremony; etiquette; gift; gratitude; key money; manners; reward; ritual; thanks",Guess the term having 1 (Grade-3 level) Kanji or its reading(not strictly same reading as one in the example),Text
"counter for rows; column; company (of someone); ..
おい、||列||に並べよ。
トムは||列||の最後だ。
||列||に並んで。
||列||に戻れ。
彼はその||列||の中にいた。
彼女が||列||の先頭です。
貴族に||列||せられた。","れつ,列","counter for rows; column; company (of someone); file; group; line; procession; queue; rank; ranks; row; sequence",Guess the term having 1 (Grade-3 level) Kanji or its reading(not strictly same reading as one in the example),Text
"class; current; fashion; flow; manner; mode; ran..
あ、||流||れ星だ！
あっ！||流||れ星！
水に||流||す。
||流||れる水は腐らず。
||流||れ星が見たいな。
私は涙を||流||した。
見て！||流||れ星！","りゅう,る,流","class; current; fashion; flow; manner; mode; rank; rate; school (e.g. of flower arrangement); stream; style; way;counter for flags, banners, etc.
exile (second most severe of the five ritsuryo punishments)",Guess the term having 1 (Grade-3 level) Kanji or its reading(not strictly same reading as one in the example),Text
"greenery; verdure; green
その山は||緑||です。
テーブルは||緑||です。
丘はいつも||緑||だ。
彼は||緑||が一番好きだ。
私は柵を||緑||に塗った。
||緑||です。
||緑||は草を連想させる。","みどり,緑","",Guess the term having 1 (Grade-3 level) Kanji or its reading(not strictly same reading as one in the example),Text
"former; olden days
世界は||昔||とは違う。
俺は、||昔||のままだ。
彼は||昔||の彼ではない。
彼は||昔||より裕福だ。
||昔||はよかった。
||昔||はよくした。
話は遠い||昔||に始まる。","むかし,昔","",Guess the term having 1 (Grade-3 level) Kanji or its reading(not strictly same reading as one in the example),Text
"all; both; many; together; various
two
both (han..
どちらが勝ってもおかしくない。||両||チームとも実力はほぼ互角だからね。
審判は||両||チームに対して公平でなければならない。
混同しないように、||両||チームは色の違う服を着ていた。","もろ,りゃん,りょう,両","all; both; many; together; various
two
both (hands, parents, sides, etc.); pre-Meiji unit of currency, orig. the value of one ryo of gold; ryo; ryo; ryo; ryo; tael; tael; traditional measure of fabric, 2 tan; traditional unit of weight (for gold, silver and drugs), 4-5 monme, 15-19 g; unit of weight under the ritsuryo system, 1/16 kin, 42-43 g; counter for carriages (e.g. in a train); counter for suits of clothing, sets of armor, etc.; counter for vehicles",Guess the term having 1 (Grade-3 level) Kanji or its reading(not strictly same reading as one in the example),Text
"careless; frivolous; indiscreet; rash; thoughtle..
お||安||いご用です。
この品物は||安||い。
今日は魚が||安||い。
円高ドル||安||だ。
||安||いね。
||安||いようでした。
肉が||安||い。","やす,安","careless; frivolous; indiscreet; rash; thoughtless; cheap",Guess the term having 1 (Grade-3 level) Kanji or its reading(not strictly same reading as one in the example),Text
"loot; products; spoils; stock; stolen goods
for ..
忘れ||物||ない？
||物||は言いようだな。
||物||は試し。
着る||物||がないの。
縫い||物||は手仕事。
食べる||物||ある？
食べ||物||！","ぶつ,もの,もん,物","loot; products; spoils; stock; stolen goods
for some reason; really; somehow; somewhat; truly; anything; article; belongings; everything; nothing; object; one's things; possessions; property; quality; reason; something; stuff; substance; the way of things; thing; things; used to emphasize emotion, judgment, etc.; used to indicate a common occurrence in the past (after a verb in past tense); used to indicate a general tendency; used to indicate something that should happen; cause for ...; cause o",Guess the term having 1 (Grade-3 level) Kanji or its reading(not strictly same reading as one in the example),Text
"feast; festival; flaming; harassment by an Inter..
３月３日はひな||祭||りです。
お||祭||り中に高山に行きたい。
今更悔やんでも後の||祭||りだ。
彼らはお||祭||りを中止した。
後の||祭||り。
||祭||が終わった。","まつり,祭","feast; festival; flaming; harassment by an Internet pitchfork mob; online shaming; frenzy; galore (as in -goals galore-); mania",Guess the term having 1 (Grade-3 level) Kanji or its reading(not strictly same reading as one in the example),Text
"baby; child; midget; miniature; small; small-sca..
エンドウ||豆||は好き？
コーヒー||豆||はどこ？
ひよこ||豆||が大好きなの。
君に||豆||を煮てあげよう。
妹は||豆||の皮をむいた。
||豆||が大好きです。
||豆||はもううんざりだ。","まめ,豆","baby; child; midget; miniature; small; small-scale; bean; female genitalia (esp. the clitoris); kidney; legume (esp. edible legumes or their seeds, e.g. beans, peas, pulses); pea; soy; soya bean (Glycine max); soybean",Guess the term having 1 (Grade-3 level) Kanji or its reading(not strictly same reading as one in the example),Text
"blade (as opposed to its handle); container (as ..
待つ||身||は長い。
心配は||身||の毒。
明日は我が||身||。
結婚は||身||の枷。
芸は||身||を助く。
||身||に余る栄光。
||身||の程を知れ。","み,むくろ,身","blade (as opposed to its handle); container (as opposed to its lid); main part; meat (as opposed to bone, skin, etc.); one's appearance; one's body; one's person; one's place (in society, etc.); one's position; oneself; wood (as opposed to bark)
(dead) body; corpse",Guess the term having 1 (Grade-3 level) Kanji or its reading(not strictly same reading as one in the example),Text
"answer; reply;number of times
かばんを||返||せ。
帽子、||返||して。
引き||返||そう。
歴史は繰り||返||す。
財布を||返||せ。
||返||してよ。","へん,返","",Guess the term having 1 (Grade-3 level) Kanji or its reading(not strictly same reading as one in the example),Text
"(land) lot; plot; drawing with a brush; paintbru..
その美観は||筆||では書き表せない。
仕上げの||筆||を少し加える。
弘法も||筆||の誤り。
彼は||筆||で生計を立てている。
彼は||筆||まめだ。","ひつ,ふで,筆","(land) lot; plot; drawing with a brush; paintbrush; pen; penmanship; something drawn with a brush; the written word; writing (composing text); writing brush; writing with a brush",Guess the term having 1 (Grade-3 level) Kanji or its reading(not strictly same reading as one in the example),Text
"sheep (Ovis aries)
少年は||羊||の番をしている。
彼は||羊||の毛を刈った。
森で||羊||の群れを見ました。
私は||羊||の群を見た。
||羊||は何て鳴くの？
||羊||は草を食べる。
野原には六頭の||羊||がいた。","ひつじ,羊","",Guess the term having 1 (Grade-3 level) Kanji or its reading(not strictly same reading as one in the example),Text
"counter for copies of a newspaper, magazine, boo..
この||部||の責任者は誰か。
ダンス||部||に入||部||しませんか。
テニス||部||と合コンしましょう。
テニス||部||に所属しています。
私はヨット||部||に入っている。
||部||の責任者は彼です。
||部||の野外パーティーは今度の土曜日に公園で行います。","ぶ,べ,部","counter for copies of a newspaper, magazine, book, etc.; area; bureau; category; class; club (at a school, university, etc.); department (in an organization, company, etc.); division; division; faculty; heading; part; portion; region; section; team
hereditary occupational group (Yamato period)",Guess the term having 1 (Grade-3 level) Kanji or its reading(not strictly same reading as one in the example),Text
"blessing; good fortune; good luck; happiness
彼は会社をくびになったんだけど、わざわい転じて||福||となすで、見事独立したから偉いよ。
災いを転じて||福||としなさい。
災い転じて||福||となせ。
災い転じて||福||となる。","ふく,福","",Guess the term having 1 (Grade-3 level) Kanji or its reading(not strictly same reading as one in the example),Text
"counter for doses of medicine, gulps of tea, dra..
いい||服||を買え。
ケンは||服||を着た。
その||服||いいね。
俺の||服||、返せよ。
||服||を着なさい。
||服||を着ましたか。
素敵な||服||ですね。","ふく,ぶく,服","counter for doses of medicine, gulps of tea, drags of a cigarette, etc.; clothes (esp. Western clothes)
mourning; mourning clothes; period of mourning",Guess the term having 1 (Grade-3 level) Kanji or its reading(not strictly same reading as one in the example),Text
"growing late; latening
august; beautiful
この湖は||深||い。
どのくらい||深||い？
彼は||深||く息をした。
||深||い闇だった。
||深||くご同情申し上げます。
雪が||深||い。
霧が||深||い。","ふけ,み,深","",Guess the term having 1 (Grade-3 level) Kanji or its reading(not strictly same reading as one in the example),Text
"nose
彼は||鼻||が高い。
彼女の||鼻||は高い。
得手に||鼻||がつく。
犬は||鼻||が敏感だ。
象は||鼻||が長い。
||鼻||が冷たい。
||鼻||をかんで。","はな,鼻","",Guess the term having 1 (Grade-3 level) Kanji or its reading(not strictly same reading as one in the example),Text
"karuna (compassion)
ああ||悲||しい。
今でもまだ||悲||しい？
何が||悲||しかったの？
彼女は||悲||しそうだ。
||悲||しい。
||悲||しいの？
私の猫は||悲||しそう。","ひ,悲","",Guess the term having 1 (Grade-3 level) Kanji or its reading(not strictly same reading as one in the example),Text
"beauty
august; beautiful
人生は||美||しい。
地球は||美||しい。
庭の花は||美||しい。
彼女は||美||しい。
私は||美||しい。
||美||しい！
||美||は皮一重。","び,み,美","",Guess the term having 1 (Grade-3 level) Kanji or its reading(not strictly same reading as one in the example),Text
"sun; sunlight; sunshine
public place; the open; ..
ここは||陽||だまりだと思うね。
ここは||陽||の当たらない世界です。
パラソルは顔に||陽||が当たらないように夏に用いる。
||陽||があかあかと沈む。
||陽||が昇らないうちに出発しよう。
雲が晴れて||陽||が差し始めた。","ひ,よう,陽","sun; sunlight; sunshine
public place; the open; visible place; yang (in Chinese divination); (the) positive",Guess the term having 1 (Grade-3 level) Kanji or its reading(not strictly same reading as one in the example),Text
"(pine) needle; blade (of grass); leaf
counter fo..
木の||葉||が赤くなった。
木の||葉||が風で飛んだ。
木々は||葉||をつけ始めた。
秋には||葉||が散る。
||葉||が散ってゆく。
||葉||が落ちた。
見て！四つ||葉||！","は,よう,葉","(pine) needle; blade (of grass); leaf
counter for boats; counter for leaves, pieces of paper, etc.",Guess the term having 1 (Grade-3 level) Kanji or its reading(not strictly same reading as one in the example),Text
"double; twice (as much); 1 in n; 1 to n; 1-nth; ..
彼の年齢は彼女の||倍||である。
彼の部屋は私の部屋の||倍||の広さだ。
彼は私の||倍||の給料を稼ぐ。
彼は私の||倍||の金を持っていた。
物価は１０年前の||倍||になっている。","ばい,倍","double; twice (as much); 1 in n; 1 to n; 1-nth; -fold; times (as much)",Guess the term having 1 (Grade-3 level) Kanji or its reading(not strictly same reading as one in the example),Text
"area; courtyard; field (of action); garden; yard
トムは||庭||にいる？
トムも||庭||にいるよ。
家の前に||庭||がある。
||庭||に水をまこう。
||庭||の花は美しい。
私は||庭||で遊びます。
綺麗なお||庭||ですね！","にわ,庭","",Guess the term having 1 (Grade-3 level) Kanji or its reading(not strictly same reading as one in the example),Text
"box; car (of a train, etc.); case; chest; commun..
この||箱||は上げ底だ。
その||箱||は木製です。
その||箱||は重すぎた。
廊下に||箱||がある。
空き||箱||あったよ。
||箱||がある。
||箱||を開けて。","はこ,箱","box; car (of a train, etc.); case; chest; community building; crate; feces (faeces); man who carries a geisha's shamisen; pack; package; public building; receptacle for human waste; shamisen; shamisen case; counter for boxes (or boxed objects)",Guess the term having 1 (Grade-3 level) Kanji or its reading(not strictly same reading as one in the example),Text
"birth; birthplace; cultivated land; field (for g..
ここは昔、||畑||だった。
それは僕の||畑||じゃない。
家は||畑||に囲まれていた。
彼らは||畑||で働いている。
||畑||は干上がり、土は割れる。
||畑||は雑草で覆われていた。
農夫が||畑||に種を蒔いている。","はた,はたけ,畑","birth; birthplace; cultivated land; field (for growing wheat, fruit, vegetables, etc.); kitchen garden; plantation; vegetable plot; womb; area; field (of specialization); line; sphere",Guess the term having 1 (Grade-3 level) Kanji or its reading(not strictly same reading as one in the example),Text
"green dragon tile; winning hand with a pung (or ..
いつここを||発||ちますか。
彼はパリへ||発||った。
彼は来月パリに||発||つ。
私は日曜日に||発||つ。
私達はすぐに当地を||発||つ。","ハツ,はつ,発","green dragon tile; winning hand with a pung (or kong) of green dragon tiles
counter for blows (punches); counter for bullets, bombs, etc.; counter for ejaculations or sexual intercourse; counter for engines (on an aircraft); counter for gunshots, bursts of gas, etc.; counter for ideas, thoughts or guesses; counter for jokes, puns, etc.; (a letter, etc.) dated ...; datelined ...; departing from ...; departure; leaving at (e.g. 8:30); sent from ...",Guess the term having 1 (Grade-3 level) Kanji or its reading(not strictly same reading as one in the example),Text
"dummy; idiot; slow person
ご飯はまだ||温||かい。
スープ、||温||めるね。
味噌汁が||温||まった。
彼は手を||温||めた。
水は、||温||かかった。
||温||かい水が欲しい。
||温||めて。","ぬく,温","",Guess the term having 1 (Grade-3 level) Kanji or its reading(not strictly same reading as one in the example),Text
"counter for cities and towns; (Tokyo) Metropolit..
ヴェネツィアは水の||都||です。
ドロシーたちはエメラルドの||都||を目指して旅を続けた。
ロンドンはもはや霧の||都||ではない。
住めば||都||。
奈良はとても古い||都||です。","と,みやこ,都","counter for cities and towns; (Tokyo) Metropolitan District; capital; Metropolis (of Tokyo); metropolitan prefecture
capital (esp. Kyoto, Japan's former capital); capital (of music, fashion, etc.); city (e.g. of light); location of the Imperial Palace; seat of government",Guess the term having 1 (Grade-3 level) Kanji or its reading(not strictly same reading as one in the example),Text
"query; question
counter for questions
おかしな||問||ですね。
その男は窃盗犯に||問||われた。
||問||い合わせてみて、彼女は不在だとわかった。
||問||い合わせ先を確認する。
彼は殺人罪に||問||われた。
彼は脱税の罪に||問||われた。
知らずば人に||問||え。","とい,もん,問","",Guess the term having 1 (Grade-3 level) Kanji or its reading(not strictly same reading as one in the example),Text
"counter for casts (of a line); counter for throw..
彼は５回を||投||げた。
彼は一塁へ||投||げた。
||投||げるものが何もない。
||投||げ出すな。
誰が||投||げたんだ？
賽は||投||げられた。
速球を||投||げる。","とう,投","counter for casts (of a line); counter for throws (of a javelin, bowling ball, etc.); pitching ability",Guess the term having 1 (Grade-3 level) Kanji or its reading(not strictly same reading as one in the example),Text
"motion
ここから||動||くな。
トムは||動||いた。
俺は||動||き続ける。
||動||いた！
||動||くな！
地面が||動||いた。
心が||動||くね。","どう,動","",Guess the term having 1 (Grade-3 level) Kanji or its reading(not strictly same reading as one in the example),Text
"class; order; rank; equal; iso-; and the like; e..
AはBと大きさが||等||しい。
この条件では拒絶に||等||しい。
どれも||等||しく重要です。
全く意味の||等||しい言葉はない。
彼の依頼は命令に||等||しかった。","とう,など,ら,等","class; order; rank; equal; iso-; and the like; et cetera; etc.
and so forth; and the like; et cetera; etc.; for example; for instance; for one; or something; the likes of
nominalizing suffix; or so; pluralizing suffix; rough indicator of direction, location, amount, etc.",Guess the term having 1 (Grade-3 level) Kanji or its reading(not strictly same reading as one in the example),Text
"mood; style; tendency; first a tax on rice field..
先生は答案を||調||べた。
報告書をよく||調||べた。
詳しく||調||べてみます。
||調||べてみるよ。
||調||べてもらう必要がある。
辞書で単語を||調||べる。
辞書で||調||べます。","ちょう,調","mood; style; tendency; first a tax on rice fields and households, then on individuals; key; pitch; tax paid in kind (ritsuryo period); tempo; time; tone",Guess the term having 1 (Grade-3 level) Kanji or its reading(not strictly same reading as one in the example),Text
"book; register
bunting; curtain; hanging
アドレス||帳||を部屋に忘れちゃった。
シンと静まった部室。響くのは、クロッキー||帳||に擦れる鉛筆の音だけ。
トムはメアリーの電話番号をアドレス||帳||に書き留めた。
彼らは税金を逃れるために||帳||じりをごまかした。
非ヴァーチャルアドレス||帳||を数分前に見つけたところです。","ちょう,とばり,帳","",Guess the term having 1 (Grade-3 level) Kanji or its reading(not strictly same reading as one in the example),Text
"calm (at sea); lull
calm; peaceful; quiet; tranq..
5と3の||和||は8である。
木で風の力が||和||らぐ。
木を見ると心が||和||んだ。
老人の怒りも||和||らいだ。
風が||和||らいだ。","なぎ,のど,やわ,わ,和","calm (at sea); lull
calm; peaceful; quiet; tranquil
fragile; insubstantial; poorly built; soft; weak
Japan; Japanese-style; harmony; peace; sum",Guess the term having 1 (Grade-3 level) Kanji or its reading(not strictly same reading as one in the example),Text
"open sea
European; foreign; Western; Occident an..
さらにインド||洋||のモルジブ諸島の中には、完全に水没する島も出ることが予想される。
それから彼らはインド||洋||へとまわり南極まで飛んでいきます。
上から眺めたときのその島は形が||洋||ナシに似ている。","なだ,よう,洋","open sea
European; foreign; Western; Occident and Orient (esp. the Occident); ocean; sea",Guess the term having 1 (Grade-3 level) Kanji or its reading(not strictly same reading as one in the example),Text
"ups and downs; wave
counter for waves (of a repe..
今日は||波||が高い。
悲しみの海歓びの||波||は。
||波||が立ち始めた。
||波||が高い。
船が||波||に浮かんでいた。
船は||波||を切って進んだ。
風の水の面が||波||だった。","なみ,は,ぽ,波","ups and downs; wave
counter for waves (of a repeated occurrence)
Poland",Guess the term having 1 (Grade-3 level) Kanji or its reading(not strictly same reading as one in the example),Text
"printed style writing; seriousness; star perform..
外は||真||っ暗だ。
外は||真||っ暗だよ。
||真||っ暗闇だ。
||真||っ白です。
空は||真||っ暗だった。
逆もまた||真||なり。
頭が||真||っ白です。","しん,ま,まな,真","printed style writing; seriousness; star performer; truth; genuineness; reality; truth
due (east); genuine; just; pure; right; true; truth
beloved; dear",Guess the term having 1 (Grade-3 level) Kanji or its reading(not strictly same reading as one in the example),Text
"charcoal; charred remains
木片をつまんで、火の付いた||炭||の上に捨てる動作を三回繰り返す。
私たちはバーベキューパーティーでその||炭||を袋ごと使った。","すみ,炭","",Guess the term having 1 (Grade-3 level) Kanji or its reading(not strictly same reading as one in the example),Text
"counter for generations; epoch
age; epoch; era; ..
万事が金の||世||の中だ。
||世||に真の大事なし。
||世||の中は藪医者だらけ。
||世||知辛い||世||の中だね。
光が||世||にやって来た。
厳しい||世||の中だなあ。
旅は道連れ||世||は情け。","せい,よ,世","counter for generations; epoch
age; epoch; era; generation; life; lifetime; period; public; reign; rule; society; the times; world; world (of existence)",Guess the term having 1 (Grade-3 level) Kanji or its reading(not strictly same reading as one in the example),Text
"batting; hitting a ball (with a bat, golf club, ..
出る杭は||打||たれる。
出る釘は||打||たれる。
彼は||打||ち解けた。
||打||ち間違いです。すみません。
||打||つ手がないね。
波が岩に||打||ち寄せた。
雨が窓を||打||った。","だ,ダース,打","batting; hitting a ball (with a bat, golf club, etc.); stroke
dozen",Guess the term having 1 (Grade-3 level) Kanji or its reading(not strictly same reading as one in the example),Text
"other (esp. people and abstract matters)
another..
そうする||他||ないよ。
||他||にご用は？
||他||のをくれ。
何か||他||の言い方はある？
出せ。||他||にないのか。
己も生き||他||も生かせ。
選択肢は||他||にない。","た,ほか,他","other (esp. people and abstract matters)
another place; apart from; but; except; other than; outside; some other place; somewhere else; as well as; besides; in addition to; on top of; another (person or thing); beyond (one's expectations, imagination, etc.); different; et al.; other; outside; someone else; something else; the rest",Guess the term having 1 (Grade-3 level) Kanji or its reading(not strictly same reading as one in the example),Text
"gear; speed (e.g. 4-speed transmission)
彼は足が||速||い。
彼は||速||く走る。
彼は||速||く走れる。
話すの||速||いね。
車は||速||いな。
||速||く。遅いです。
||速||くここに来なさい。","そく,速","",Guess the term having 1 (Grade-3 level) Kanji or its reading(not strictly same reading as one in the example),Text
"all; complete; entire; pan-; total; whole; compl..
それが||全||てです。
||全||くですね。
||全||く同感です。
彼の||全||てが好き。
潮の||全||てはひく。
砂糖は||全||て甘い。
音楽が||全||てです。","ぜん,全","all; complete; entire; pan-; total; whole; complete (set); in total",Guess the term having 1 (Grade-3 level) Kanji or its reading(not strictly same reading as one in the example),Text
"conception; idea; samjna (perception); thought
あなたのことを、いつも||想||っています。
密かに||想||いを寄せている人がいると聞いたよ。
彼女の話は私の両親の||想||い出を呼び戻してくれる。
||想||いが届かないってことは、よくあることよ。
||想||い出をありがとう。
死を||想||え。
泣きたくなれば君を||想||う。","そう,想","",Guess the term having 1 (Grade-3 level) Kanji or its reading(not strictly same reading as one in the example),Text
"time (three times, each time, etc.); times
alcoh..
会いに行く||度||に彼は寝ている。
完全に私の落ち||度||です。
||度||の強いサングラスが欲しいのですが。
||度||を超した親切はありがた迷惑である。
彼は冗談の||度||を過ごしてしまった。
彼は自分の落ち||度||を認めた。
私のほうに落ち||度||はない。","たび,ど,ド,どう,度","time (three times, each time, etc.); times
alcohol by volume; alcohol content (percentage); degree (angle, temperature, scale, etc.); glasses prescription; strength (of glasses); counter for occurrences; composure; degree; extent; limit; presence of mind;cursed; damn; exactly; plumb; precisely; stupid; totally; very much
cursed; damn; exactly; plumb; precisely; stupid; totally; very much",Guess the term having 1 (Grade-3 level) Kanji or its reading(not strictly same reading as one in the example),Text
"journey; travel; trip
500-man battalion (Zhou dy..
いい||旅||だった？
いい||旅||だったよ。
安全な||旅||を。
||旅||は道連れ。
||旅||をしなければ。
楽しい||旅||を。
良い||旅||を！","たび,りょ,旅","journey; travel; trip
500-man battalion (Zhou dynasty Chinese army)",Guess the term having 1 (Grade-3 level) Kanji or its reading(not strictly same reading as one in the example),Text
"problem (on a test); question; subject; theme; t..
「友情」という||題||で作文を書きなさい。
「秘めた恋」という||題||の作文で、メアリーは賞をもらった。
この劇の||題||は「オセロ」です。
なぜその||題||を選んだのか。
中国政府は２５日、「釣魚島は中国固有の領土」と||題||する白書を発表した。","だい,題","problem (on a test); question; subject; theme; title; topic; counter for questions (on a test)",Guess the term having 1 (Grade-3 level) Kanji or its reading(not strictly same reading as one in the example),Text
"against ...; anti-; to ...; toward ...; with .....
万人の万人に||対||する戦い
||対||イタリアの決勝戦で、ジダンはマテラッツィに頭突きを食らわせたためレッドカードを受けた。
彼は友人に||対||して寛大だ。
彼は我々に||対||し傲慢だ。
彼女は私に||対||し敵||対||的だ。
敵に||対||して寛大だ。","たい,つい,対","against ...; anti-; to ...; toward ...; with ...; against; equal footing; equal terms; opposite; to (e.g. score of 4 to 2, ratio of 3 to 1, vote of 320 to 180); v.; versus; vs.
antithesis; couple; pair; set; counter for items that come in pairs; counter for sets (of clothes, small furniture, utensils, etc.)",Guess the term having 1 (Grade-3 level) Kanji or its reading(not strictly same reading as one in the example),Text
"annotation; comment; explanatory note
その川は流れて海に||注||ぐ。
小川が湖に||注||いでいる。
川は湖に||注||いでいる。
||注||・かなり昔に描いてるのでクオリティは低いです。
||注||はページの下欄についている。
流れは池に||注||いでいる。
火に油を||注||ぐだけだ。","ちゅう,注","",Guess the term having 1 (Grade-3 level) Kanji or its reading(not strictly same reading as one in the example),Text
"(the) blood; ancestry; blood; blood; feelings; l..
||血||は争えない。
あれって、||血||？
それって本物の||血||？
傷口から||血||がでた。
怪我で||血||が流れた。
||血||で||血||を洗う。","ち,血","(the) blood; ancestry; blood; blood; feelings; lineage; passions; stock;(the) blood; ancestry; blood; blood; feelings; lineage; passions; stock;(the) blood; ancestry; blood; blood; feelings; lineage; passions; stock",Guess the term having 1 (Grade-3 level) Kanji or its reading(not strictly same reading as one in the example),Text
"clarinet; fife; flageolet; flute; pipe; recorder..
ゲームの開始には||笛||が吹かれる。
合図の||笛||がなった。
||笛||が鳴るとレースが始まります。
||笛||の音がなるとウサギのキッドが早速ぴょんと跳ねた。
警官はその車が止まるように||笛||を吹いた。
警官はその車に停車せよと||笛||で合図した。
警官は||笛||を携帯している。","ちゃく,ふえ,笛","clarinet; fife; flageolet; flute; pipe; recorder; shakuhachi; whistle",Guess the term having 1 (Grade-3 level) Kanji or its reading(not strictly same reading as one in the example),Text
"conversation; story; talk
「や、それほどでも。せいぜい、大きさ比べたり、わい||談||するくらいだし」「大きさって何の？」「ナニの」","だん,談","",Guess the term having 1 (Grade-3 level) Kanji or its reading(not strictly same reading as one in the example),Text
"300 tsubo (991.74 meters square, 0.24506 acres);..
それは私の主義に||反||する。
それは道徳に||反||する。
彼の話は事実に||反||する。
彼は意に||反||して解雇された。
殺人は法に||反||する。","たん,はん,反","300 tsubo (991.74 meters square, 0.24506 acres); for haori: at least 7.27 m in length; for kimonos: at least 10 m in length; for other clothes: at least 6.06 m in length; six ken (10.91 m); variable measure of fabric (28.8 cm in width)
antithesis; fanqie; traditional Chinese spelling system in which two characters are used: the first one for the onset, the second one for rhyme and tone; anti-",Guess the term having 1 (Grade-3 level) Kanji or its reading(not strictly same reading as one in the example),Text
"short; 5-point card; defect; fault; minor; weak ..
人生なんて||短||い。
人生は||短||い。
幻想の命は||短||い。
彼は気が||短||い。
彼女の髪は||短||い。
||短||い沈黙があった。
||短||くしてもらわなくちゃ。","たん,みじか,短","short; 5-point card; defect; fault; minor; weak point
brief; short",Guess the term having 1 (Grade-3 level) Kanji or its reading(not strictly same reading as one in the example),Text
"soup
hot bath; hot spring; hot water; molten iro..
いい||湯||だなあ。
お||湯||が出ません。
お||湯||が沸き始めた。
||湯||あがりの化粧をした顔には、ほんのりと赤みを帯びて、見ちがえるほど美しかった。
煮え||湯||を飲まされる。
風呂に||湯||を入れる。","タン,ゆ,湯","soup
hot bath; hot spring; hot water; molten iron",Guess the term having 1 (Grade-3 level) Kanji or its reading(not strictly same reading as one in the example),Text
"plain; plateau; tableland
common; ordinary; plai..
あの山の頂上は||平||らだ。
その丘の頂上は||平||らである。
デニスは床に||平||らになった。
どうぞ、お||平||らに。
トムはアイスを||平||らげた。
||平||なべを火からおろしなさい。
||平||らな土地には山も丘もない。","だいら,ひら,へい,平","plain; plateau; tableland
common; ordinary; plain; rank-and-file; freshman; low-ranking employee; novice; private; something broad and flat
nth year in the Heisei era (1989.1.8-2019.4.30)",Guess the term having 1 (Grade-3 level) Kanji or its reading(not strictly same reading as one in the example),Text
"counter for vehicles; (nth) power; Buddha's teac..
さあ||乗||って。
||乗||りますか。
||乗||れよ。
図に||乗||るな。
車に||乗||って。
車に||乗||る。
馬に||乗||せてよ。","じょう,乗","counter for vehicles; (nth) power; Buddha's teachings; multiplication",Guess the term having 1 (Grade-3 level) Kanji or its reading(not strictly same reading as one in the example),Text
"canton; continent; county (e.g. of the UK); depa..
２日で３つの||州||を走破した。
この||州||では同性婚は合法だ。
ネッドはユタ||州||の出身。
ムーラはトルコの||州||です。
||州||の選手権がかかっているので、チームのみんなは一生懸命試合をした。
彼はオハイオ||州||で生まれた。","しゅう,す,州","canton; continent; county (e.g. of the UK); department; oblast; prefecture; province (e.g. of Canada); province (of ancient China); region (e.g. of Italy); state (of the US, Australia, India, Germany, etc.); province (of Japan); dear
sandbank; sandbar",Guess the term having 1 (Grade-3 level) Kanji or its reading(not strictly same reading as one in the example),Text
"area required for something; margin (e.g. for st..
お||代||は要りません。
タクシー||代||あるの？
バス||代||が上がった。
バス||代||はいくら？
ビール||代||はいくら？
||代||わりの日を書いて下さい。
||代||わり番こでボートを漕ごう。","しろ,だい,よ,代","area required for something; margin (e.g. for stapling, etc.); material; price; shiro (unit of land area equal to one-fiftieth of a tan; approx. 19.83 m.sq.); substitution
(school) year; a representative of; age; charge; cohort; cost; era; for (someone); generation; on behalf of; price; reign; switchboard number; counter for decades of ages, eras, etc.; counter for generations (of inheritors to a throne, etc.); proxy application company; pronoun
age; epoch; era; generation; life; lifetime; perio",Guess the term having 1 (Grade-3 level) Kanji or its reading(not strictly same reading as one in the example),Text
"fashion; form; method; style; system; type; way;..
その||式||に参加してくれますか。
体育館は||式||のために使用されます。
||式||には出席するつもりですか。
||式||には参加したくないよ。
彼はその||式||に列席していた。
彼は市長の名代として||式||に出席した。
悪天候が||式||を台無しにした。","しき,式","fashion; form; method; style; system; type; way; celebration; ceremony; enforcement regulations (of the ritsuryo legal codes); equation; expression; formula; rite; ritual; wedding (ceremony)",Guess the term having 1 (Grade-3 level) Kanji or its reading(not strictly same reading as one in the example),Text
"island; one's territory (e.g. of a sex worker, o..
イギリスは||島||です。
その王は||島||を治めた。
||島||が見えてきた。
||島||は幅が１マイル近くある。
海には||島||がある。
海の上に||島||がある。
遠くに||島||が見えた。","しま,とう,島","island; one's territory (e.g. of a sex worker, organized crime gang); one's turf
insula; island; islet; Island",Guess the term having 1 (Grade-3 level) Kanji or its reading(not strictly same reading as one in the example),Text
"expert; geisha; prostitute; -er; person
person
トムは働き||者||だ。
トムは怠け||者||。
彼は働き||者||だ。
彼は怠け||者||だ。
私は切れ||者||だ。","しゃ,もの,もん,者","",Guess the term having 1 (Grade-3 level) Kanji or its reading(not strictly same reading as one in the example),Text
"vedana (sensation)
まあ||受||け取って。
冗談が||受||けたよ。
||受||け入れて頂けますか？
||受||け取ったらご連絡下さい。
愛を||受||けいれる。
私も||受||けました。
私を||受||け入れて。","じゅ,受","",Guess the term having 1 (Grade-3 level) Kanji or its reading(not strictly same reading as one in the example),Text
"appropriation; obtaining
collecting; collector; ..
キーを||取||って。
それ||取||って。
どっち||取||る？
||取||っておいて。
||取||り消します。
新聞を||取||って。
書き||取||れ！","しゅ,とり,どり,取","appropriation; obtaining
collecting; collector; removal; remover; taker; taking; active partner (e.g. in judo demonstration); last performance of the day; last performer of the day (usu. the star performer); emphatic or formal prefix
offering of rice cake containing this much rice; person receiving this amount of money as a salary; samurai receiving this much rice as a fee",Guess the term having 1 (Grade-3 level) Kanji or its reading(not strictly same reading as one in the example),Text
"collection; compilation
がは灯に||集||まる。
はがきを||集||める。
また||集||まりましょう。
何か||集||めていますか。
||集||まって話し合おうよ。
||集||めてるものってある？
類をもって||集||まる。","しゅう,集","",Guess the term having 1 (Grade-3 level) Kanji or its reading(not strictly same reading as one in the example),Text
"dwelling; living
||住||めば京。
||住||めば都。
寺の隣に鬼が||住||む。
広州に||住||んでいる。
彼女は町で||住||みたい
森は僕の||住||む家だ。
田舎に||住||みたいな。","じゅう,住","",Guess the term having 1 (Grade-3 level) Kanji or its reading(not strictly same reading as one in the example),Text
"10; ten; book containing a collection of poems; ..
いくら||拾||ったの？
それ||拾||って。
タクシーを||拾||って。
トムを||拾||うつもりだ。
||拾||った者が持ち主。
||拾||っちゃダメよ。ばっちいよ。
道で一ドルを||拾||った。","じゅう,拾","10; ten; book containing a collection of poems; ten years of age",Guess the term having 1 (Grade-3 level) Kanji or its reading(not strictly same reading as one in the example),Text
"heat; midsummer
クソ||暑||い。
今日は||暑||い。
外は||暑||い？
||暑||い？
||暑||すぎ。
猛烈な||暑||さだ。
部屋が||暑||い。","しょ,暑","",Guess the term having 1 (Grade-3 level) Kanji or its reading(not strictly same reading as one in the example),Text
"assistant; help; rescue
assistance; babe; broad;..
||助||かった。
||助||けて！
私を||助||けに来て。
芸は身を||助||く。
芸は身を||助||ける。
誰か||助||けて。
誰か||助||けてくれ。","じょ,すけ,助","assistant; help; rescue
assistance; babe; broad; chick; help; helper",Guess the term having 1 (Grade-3 level) Kanji or its reading(not strictly same reading as one in the example),Text
"counter for places
about to; as a result; have j..
わが||所||にとどまれ。
元の||所||へ戻しなさい。
危うい||所||を助かった。
彼の||所||は大家族だ。
意志ある||所||に道あり。
||所||によって、雪が降るかもしれません。
||所||もあろうにモンゴルで偶然彼女に出会った。","しょ,とこ,ところ,所","counter for places
about to; as a result; have just done; just finished doing; on the verge of; was in the process of doing; was just doing; whereupon; address; area; aspect; district; facet; locality; matter; one's house; part; passage (in text); point; room; side; space; thing; place; scene; site; spot",Guess the term having 1 (Grade-3 level) Kanji or its reading(not strictly same reading as one in the example),Text
"counter for wins; beautiful scenery; scenic spot..
俺の||勝||ちー！
||勝||った！
||勝||った？
戦いに||勝||つ。
真実が||勝||つ。
私が||勝||ち！
私の||勝||ち！","しょう,勝","counter for wins; beautiful scenery; scenic spot; victory; win",Guess the term having 1 (Grade-3 level) Kanji or its reading(not strictly same reading as one in the example),Text
"business; dealer; merchant; quotient; second deg..
あの||商||人は絹織物を||商||う。
彼は穀物を||商||っている。
彼は金物を||商||っている。
私の叔父は魚を||商||っている。
竜也氏は穀類を||商||っている。","しょう,商","business; dealer; merchant; quotient; second degree (of the Japanese and Chinese pentatonic scale); Shang dynasty (of China; approx. 1600-1046 BCE); Yin dynasty",Guess the term having 1 (Grade-3 level) Kanji or its reading(not strictly same reading as one in the example),Text
"badge; insignia; medal; chapter; section
この本は３つの||章||から成り立っています。
つまらない||章||は飛ばせ。
先生は私に一番長い||章||を割り当てた。
次の||章||を予習しておきなさい。
退屈な||章||を飛ばして読む。","しょう,章","",Guess the term having 1 (Grade-3 level) Kanji or its reading(not strictly same reading as one in the example),Text
"constellation; mansion (in Chinese astronomy); p..
この世は仮の||宿||に過ぎない。
||宿||では昼食は出ません。
||宿||の主人は召使い達にがなりたてた。
旅行者は一夜の||宿||を求めた。
神は細部に||宿||る。
細部に神は||宿||る。
美は見る者の眼に||宿||る。","しゅく,やど,宿","constellation; mansion (in Chinese astronomy); post town; relay station; lodging;outcasts common around the Kyoto region from the Kamakura period to the Edo period
dwelling; home; home of a servant's parents (or guarantor, etc.); hotel; house; inn; lodging",Guess the term having 1 (Grade-3 level) Kanji or its reading(not strictly same reading as one in the example),Text
"lake (in place names)
lake
この||湖||は浅いのよ。
この||湖||は深い。
その||湖||の水は冷たい。
川は||湖||に注いでいる。
森を抜けて||湖||に出た。
||湖||は凍っていた。
||湖||は氷に閉ざされた。","こ,みずうみ,湖","",Guess the term having 1 (Grade-3 level) Kanji or its reading(not strictly same reading as one in the example),Text
"edition; issue; make; model; number; part of tha..
1912年、タイタニック||号||は処女航海中に沈没した。
タイタニック||号||は処女航海で沈没した。
のぞみ||号||は日本のすべての列車の中で一番速い。
ひかり||号||は東京と新大阪の間を３時間１０分で走る。
次のひかり||号||は９時１５分に到着する。","ごう,号","edition; issue; make; model; number; part of that group; pen-name; size (of printing types, canvases, knitting needles, etc.); sobriquet; suffix attached to names of ships, trains, airplanes, etc.",Guess the term having 1 (Grade-3 level) Kanji or its reading(not strictly same reading as one in the example),Text
"fortune; good luck; happiness; harvest; yield
お||幸||せに！
みんなが||幸||せ。
十分に||幸||せだ。
||幸||せです。
||幸||せですか？
彼は||幸||せだ。
私は||幸||せだ。","こう,さき,さち,幸","",Guess the term having 1 (Grade-3 level) Kanji or its reading(not strictly same reading as one in the example),Text
"harbour
harbor; harbour; port
この||港||は封鎖されうる。
その船はいま||港||にある。
||港||には、たくさんの船がある。
||港||に行く。
神戸は||港||で有名である。
船は||港||に着いた。
豪華客船が||港||に入った。","こう,みなと,港","",Guess the term having 1 (Grade-3 level) Kanji or its reading(not strictly same reading as one in the example),Text
"indriya (faculty of the body having a specific f..
彼は||根||が優しい。
彼は||根||っからの親切だ。
彼は||根||はいい人だ。
彼は||根||はいい奴だ。
||根||に持ってないって。
||根||も葉もない噂でした。
草の||根||を分けて探す。","こん,ね,根","indriya (faculty of the body having a specific function, i.e. the sensory organs); perseverance; persistence; radical (esp. one that tends to ionize easily); root; stick-to-itiveness
(fishing) reef; basis; cause; center (of a pimple, etc.); one's true nature; origin; root (of a plant); root (of a tooth, hair, etc.); root (of all evil, etc.); source",Guess the term having 1 (Grade-3 level) Kanji or its reading(not strictly same reading as one in the example),Text
"(age) mark; hill; incline; milestone; slope
ケンは||坂||を駆け上った。
商売は下り||坂||である。
||坂||を下りるときに彼女のおんぼろ自転車はキーキー音を立てた。
||坂||を下ると海が見えてきました。
彼はもう下り||坂||だね。
車は上り||坂||にかかった。
道が急に下り||坂||になる。","さか,坂","",Guess the term having 1 (Grade-3 level) Kanji or its reading(not strictly same reading as one in the example),Text
"nominalizing suffix; playing make-believe ...; p..
ささいな||事||だ。
めでたい||事||じゃ。
||事||なかれ主義なんです。
||事||の経緯はこうです。
厄介な||事||だ。
自分の||事||をしろ。
願い||事||をして。","ごと,こと,こん,じ,事","nominalizing suffix; playing make-believe ...; pretending to ...
affair; after an inflectable word, creates a noun phrase indicating something the speaker does not feel close to; alias; also known as; business; circumstances; crisis; event; I advise that you ...; incident; it's important to ...; matter; necessity; need; occurrence; or; otherwise known as; situation; something serious; state of affairs; thing; trouble; work; you should ...; nominalizing suffix; playing make-believe ...; pretendin",Guess the term having 1 (Grade-3 level) Kanji or its reading(not strictly same reading as one in the example),Text
"ice; shaved ice (usually served with flavored si..
トムは||氷||で滑った。
今夜は||氷||が張るよ。
水は||氷||になります。
水中の||氷||が溶けた。
||氷||が欲しいの？
||氷||は入れる？
重みで||氷||が砕けた。","こおり,つらら,ひ,氷","ice; shaved ice (usually served with flavored simple syrup)
ice; ice pillar (for cooling a room); icicle
hail; ice",Guess the term having 1 (Grade-3 level) Kanji or its reading(not strictly same reading as one in the example),Text
"decision; vote
何を||決||めたの？
後で||決||めます。
投票で||決||める。
条件を||決||める。
||決||めてない。
||決||めました。
話は||決||まった。","けつ,決","",Guess the term having 1 (Grade-3 level) Kanji or its reading(not strictly same reading as one in the example),Text
"light (e.g. aircraft, truck); kei car; light mot..
このいすは||軽||い。
この椅子は||軽||い。
トムは口が||軽||い。
彼は口が||軽||い。
彼女は口が||軽||い。
||軽||い風邪です。
||軽||く食べましょう。","けい,軽","light (e.g. aircraft, truck); kei car; light motor vehicle (up to 660cc and 64bhp)",Guess the term having 1 (Grade-3 level) Kanji or its reading(not strictly same reading as one in the example),Text
"silver (Ag); silver color; silver colour; bank; ..
これは本物の||銀||ですか？
弁舌は||銀||、沈黙は金。
金は||銀||より重い。
||銀||とブリキの区別がつきますか。
銅も||銀||も金属である。
雄弁は||銀||、沈黙は金。","ぎん,しろかね,しろがね,銀","silver (Ag); silver color; silver colour; bank; money; silver coin; silver general; silver medal",Guess the term having 1 (Grade-3 level) Kanji or its reading(not strictly same reading as one in the example),Text
"iron
iron (Fe); steel; railway enthusiast; iron ..
木は浮くが||鉄||は沈む。
磁石は||鉄||を引きつける。
金は||鉄||よりも貴重だ。
金は||鉄||より重い。
金門橋は||鉄||でできている。
||鉄||は硬い。
||鉄||は金よりも硬い。","くろがね,てつ,鉄","iron
iron (Fe); steel; railway enthusiast; iron (will, discipline, lady, etc.); railway",Guess the term having 1 (Grade-3 level) Kanji or its reading(not strictly same reading as one in the example),Text
"certainly; truly
actuality; certainty; reality; ..
やっと天候が||定||まった。
彼の運命は||定||まった。
彼女は的にねらいを||定||めた。
案の||定||、彼は第一位になった。
薬効の程は||定||かでない。","さだ,じょう,定","certainly; truly
actuality; certainty; reality; samadhi (state of intense concentration achieved through meditation); permanent; regular",Guess the term having 1 (Grade-3 level) Kanji or its reading(not strictly same reading as one in the example),Text
"clitoris; core; heart; kernel; pip; pit; seed (o..
名を捨てて||実||を取る。
||実||にずうずうしい！
||実||に目障りだな。
彼の努力が||実||った。
彼は||実||に勉強家だ。
彼は||実||に頭がいい。
木はその||実||で分かる。","さね,じち,じつ,そうじみ,ただみ,むざね,まこと,み,実","clitoris; core; heart; kernel; pip; pit; seed (of a fruit); stone; tongue (projecting strip on a board that fits into a groove on another board)
(good) result; content; fidelity; honesty; reality; sincerity; substance; truth
genuine article; real thing; said person; the real person
fidelity; honesty; integrity; reality; sincerity; that's right; truth
(in broth) pieces of meat, vegetable, etc.; content; fruit; nut; seed; substance",Guess the term having 1 (Grade-3 level) Kanji or its reading(not strictly same reading as one in the example),Text
"appearance; manner; situation; state; makes a wo..
お疲れ||様||でした。
グレイ||様||からの恋文？
どちら||様||でしょうか。
どちら||様||ですか。
みんな、お疲れ||様||！","さま,ざま,ためし,よう,様","appearance; manner; situation; state; makes a word more polite (usu. in fixed expressions); Miss; Mr; Mrs; Ms
mess; plight; sad sight; sorry state; in the act of ...; just as one is ...; manner of ...; -wards; way of ...; -ways
example; precedent
appearing ...; design; form; like; looking ...; method of ...ing; similar to; style; way to ...; thing (thought or spoken)",Guess the term having 1 (Grade-3 level) Kanji or its reading(not strictly same reading as one in the example),Text
"course; helping; serving; disc; dish; kanji radi..
お||皿||がいるよ。
お||皿||は洗うから。
お||皿||は洗った？
お||皿||を洗います。
この||皿||、汚ね。
||皿||が必要だよ。
||皿||はもう洗ったよ。","さら,皿","course; helping; serving; disc; dish; kanji radical 108 (at the bottom); plate; platter",Guess the term having 1 (Grade-3 level) Kanji or its reading(not strictly same reading as one in the example),Text
"7th month of the lunar calendar; hour of the Mon..
それは||申||し分ない。
トムと||申||します。
||申||し分のない人だ！
||申||し分のない味です。
私は周と||申||します。
遅れて||申||し訳ない。
鈴木と||申||します。","さる,申","7th month of the lunar calendar; hour of the Monkey (around 4pm, 3-5pm, or 4-6pm); the Monkey (ninth sign of the Chinese zodiac); west-southwest",Guess the term having 1 (Grade-3 level) Kanji or its reading(not strictly same reading as one in the example),Text
"civil service; official
彼はその主人に||仕||えた。
彼は主人によく||仕||えた。
彼は年輩の婦人に||仕||えている。
彼は彼女に||仕||えている。
彼女は彼に||仕||えた。","し,仕","",Guess the term having 1 (Grade-3 level) Kanji or its reading(not strictly same reading as one in the example),Text
"klesha (polluting thoughts such as greed, hatred..
これを||使||いな！
これ||使||う？
これ||使||って。
何に||使||うの？
||使||いやすいよ。
||使||い方教えて。
頭を||使||え。","し,使","klesha (polluting thoughts such as greed, hatred and delusion, which result in suffering); messenger; police and judicial chief (Heian and Kamakura periods)",Guess the term having 1 (Grade-3 level) Kanji or its reading(not strictly same reading as one in the example),Text
"(an) out; death; death penalty (by strangulation..
さっさと||死||ね！
人は必ず||死||ぬ。
彼女は||死||んだ。
||死||ぬな！
||死||ね！
私は||死||が怖い。
私は||死||だ。","し,死","(an) out; death; death penalty (by strangulation or decapitation; most severe of the five ritsuryo punishments)",Guess the term having 1 (Grade-3 level) Kanji or its reading(not strictly same reading as one in the example),Text
"draw (in go, poetry contest, etc.); tie
これ||持||って。
それ||持||って。
それ||持||つよ。
僕が||持||つよ。
夢を||持||て。
||持||ってたよ。
||持||ってるよ。","じ,持","",Guess the term having 1 (Grade-3 level) Kanji or its reading(not strictly same reading as one in the example),Text
"distance travelled in a day; one's ... (age, e.g..
いずれにしても、この雪のふる宵に、ひとりの老婆が||路||ばたに坐っていたのは事実である。
三人がつづいて横町へはいると、||路||ばたの大きい椎の木のこずえから、鴉らしい一羽の鳥がおどろかされたように飛び起った。","じ,ち,ぢ,みち,路","distance travelled in a day; one's ... (age, e.g. 40s, 60s); road; route
road; way; road to ...; way to ...
course; distance; dogma; field (e.g. of medicine); journey; lane; means; method; moral principles; passage; path; road; road (e.g. to victory); route; speciality; street; subject; teachings (esp. Confucian or Buddhist); way; way; way (of living, proper conduct, etc.)",Guess the term having 1 (Grade-3 level) Kanji or its reading(not strictly same reading as one in the example),Text
"bridge (of a koto, etc.); cylinder; prism
fret (..
その||柱||は垂直になっていない。
彼は||柱||に頭をぶつけた。
彼らは彼を||柱||に縛り付けた。
||柱||は右へ傾いて倒れた。
||柱||は大理石で作られていた。
犬は||柱||に鎖でつながれていた。
猫が||柱||でつめを研いでいた。","じ,ちゅう,じゅう,はしら,柱","bridge (of a koto, etc.); cylinder; prism
fret (of a biwa)
mainstay; pillar; post; prop; support; counter for buddhas, gods, nobles, etc.",Guess the term having 1 (Grade-3 level) Kanji or its reading(not strictly same reading as one in the example),Text
"order; sequence; time; times; hypo- (i.e. contai..
またこの||次||までね。
例は||次||の通りです。
彼は||次||の角に居る。
彼は||次||の駅で降りた。
春は冬の||次||です。
||次||は誰。
||次||は誰？","じ,つぎ,次","order; sequence; time; times; hypo- (i.e. containing an element with low valence); next
following; next; stage; station; subsequent",Guess the term having 1 (Grade-3 level) Kanji or its reading(not strictly same reading as one in the example),Text
"age; tooth; years
cog; support (of a geta); teet..
この||歯||が痛いです。
その||歯||が痛い。
トムは||歯||が痛い。
ひどく||歯||が痛い。
||歯||が痛い。
||歯||が痛いの？
男の人は||歯||を磨く。","し,は,よわい,歯","age; tooth; years
cog; support (of a geta); teeth; tooth; tooth (of a comb, saw, etc.)
(one's) age",Guess the term having 1 (Grade-3 level) Kanji or its reading(not strictly same reading as one in the example),Text
"article; coquetry; flirtatiousness; goods; item;..
この||品||は販路が広い。
この服はお値打ち||品||です。
||品||の良い横顔が、さみしそうだった。
彼は||品||がない。
最高の||品||を扱う。
注文の||品||が届いた。","しな,ひん,ほん,品","article; coquetry; flirtatiousness; goods; item; quality; stock; thing
article; item; class; dignity; elegance; grace; refinement; counter for dishes or courses (at a restaurant); counter for items (of food, etc.)
court rank; chapter; grade; level; section; volume",Guess the term having 1 (Grade-3 level) Kanji or its reading(not strictly same reading as one in the example),Text
"bhava (becoming, existence)
existence; limited c..
彼は学生に人気が||有||る。
||有||り得ない！
||有||り金全部なくなったよ。
無から||有||は生じない。
無から||有||は生じ得ない。
立ち見席は||有||りますか。
袋は||有||りますか？","う,ゆう,有","bhava (becoming, existence)
existence; limited company; having; possession",Guess the term having 1 (Grade-3 level) Kanji or its reading(not strictly same reading as one in the example),Text
"cloister; former (esp. of emperors, daimyos, etc..
「お宅のお坊ちゃまって、今年就職したの？それとも||院||に行ったの？」「就職したよ」
「息子さんって、就職したの？それとも||院||に行ったの？」「||院||に行ったよ」","いん,院","cloister; former (esp. of emperors, daimyos, etc.); government office; institution (often medical); institutional building; late; minor temple building; sub-temple; temple; graduate school; house of parliament (congress, diet, etc.); imperial palace; postgraduate school; title bestowed on empresses, princesses, etc.",Guess the term having 1 (Grade-3 level) Kanji or its reading(not strictly same reading as one in the example),Text
"drink; drinking (sometimes esp. alcohol); drinki..
ビール||飲||む？
何か||飲||む？
何か||飲||もう。
何か||飲||んで。
||飲||まされた。
||飲||みな。
黙って||飲||め。","いん,飲","drink; drinking (sometimes esp. alcohol); drinking party",Guess the term having 1 (Grade-3 level) Kanji or its reading(not strictly same reading as one in the example),Text
"classical Japanese poem (esp. tanka); modern poe..
あれは大した||詩||だ。
この||詩||、いいね。
彼は||詩||を暗記した。
私は||詩||がすきです。
||詩||は彼の専門ではない。
||詩||を書くのが好きなんだ。
||詩||人は||詩||を書く。","うた,し,詩","classical Japanese poem (esp. tanka); modern poetry; singing; song
Chinese poem; poem; poetry; verse",Guess the term having 1 (Grade-3 level) Kanji or its reading(not strictly same reading as one in the example),Text
"all the more; increasingly; more and more
abrupt..
彼は||転||んで怪我をした。
災い||転||じて福となせ。
災い||転||じて福となる。
私は氷の上で||転||んだ。
赤ん坊はよく||転||ぶ。
||転||ばないようにね。
||転||ばぬ先の杖。","うたた,くるり,てん,転","all the more; increasingly; more and more
abruptly; beautiful, round (eyes); completely (wrapped in something); quickly (unwrapping something); suddenly; turning around (once); flail (for threshing grain)
change in pronunciation or meaning of a word; sound change; turning or twisting part of a text (in Chinese poetry); word with an altered pronunciation or meaning",Guess the term having 1 (Grade-3 level) Kanji or its reading(not strictly same reading as one in the example),Text
"chance; fortune; luck
あなたは||運||がいい。
これ||運||んで。
ボーイが||運||ぶ。
彼女は||運||がいい。
私は||運||が良かった。
||運||がいいね。
||運||も実力の内。","うん,運","",Guess the term having 1 (Grade-3 level) Kanji or its reading(not strictly same reading as one in the example),Text
"blood relative
(taxonomical) tribe; band; clan; ..
インカ||族||の家には家具がない。
インカ||族||は幅広い興味を持っていた。
ハイダ||族||はサーモン料理が好きです。
マヤ||族||の人々はボールをゴムで作っていました。
南アメリカにインカ||族||と呼ばれる人々がいる。","うから,ぞう,ぞく,やから,族","blood relative
(taxonomical) tribe; band; clan; family; group (of the periodic table); tribe
clan; family; fellow; party (of people); set (of people)",Guess the term having 1 (Grade-3 level) Kanji or its reading(not strictly same reading as one in the example),Text
"face; mask (esp. a noh or kyogen mask); surface
..
二人は||面||と向かった。
後で吠え||面||かくなよ！
泣きっ||面||に蜂。
泣き||面||に蜂。
蛙の||面||に水。
||面||と向かい合って立ちなさい。
||面||と向かって言ってくれ。","おも,おもて,も,もて,つら,づら,めん,面","face; mask (esp. a noh or kyogen mask); surface
cheek; cheek meat; cheeks; face; mug; surface; surrounding area
acting as if a ...; looking like a ...
counter for broad, flat objects, levels or stages, e.g. in a video game; aspect; chamfer; facet; side; face; face guard; mask; page; striking the head (in kendo); surface (esp. a geometrical surface)",Guess the term having 1 (Grade-3 level) Kanji or its reading(not strictly same reading as one in the example),Text
"appearance; cover (for tatami mats, etc.); exter..
口では言い||表||せません。
彼は怒気を顔に||表||した。
沈黙は同意を||表||す。
||表||か裏か。
||表||に出ろ。
言葉でそれを||表||せない。
酒は本心を||表||す。","おもて,ひょう,表","appearance; cover (for tatami mats, etc.); exterior; face (i.e. the visible side of an object); first half (of an inning); foreground; front (of a building, etc.); obverse side (i.e. -head-) of a coin; Omotesenke school of tea ceremony; outside; public; surface; top (of an inning)
memorial to an emperor; chart; list; table",Guess the term having 1 (Grade-3 level) Kanji or its reading(not strictly same reading as one in the example),Text
"building; house; roof
restaurant; shop; someone ..
トムは怖がり||屋||だ。
仕立て||屋||は人物を作る。
彼は何でも||屋||だ。
私はパン||屋||です。
私は淋しがり||屋||です。","おく,や,屋","building; house; roof
restaurant; shop; someone who sells (something) or works as (something); someone with a (certain) personality trait; store; house; roof",Guess the term having 1 (Grade-3 level) Kanji or its reading(not strictly same reading as one in the example),Text
"beginning; cause; genesis; origin; source
いつ||起||きた？
まだ||起||きてる？
何が||起||きたの？
嵐が||起||こった。
早く||起||きろ。
||起||きて！
||起||きろ！","おこり,起","",Guess the term having 1 (Grade-3 level) Kanji or its reading(not strictly same reading as one in the example),Text
"denouement; final result; omission; outcome; pun..
トムは||落||ちた。
まあ||落||ち着け。
受験に||落||ちた。
||落||ち着け！
||落||ち着けよ。
葉が||落||ちた。
銃を||落||とせ。","おち,落","denouement; final result; omission; outcome; punch line (of a joke); slip; upshot",Guess the term having 1 (Grade-3 level) Kanji or its reading(not strictly same reading as one in the example),Text
"wooden box carried on one's back to store items ..
トムが||負||けた。
君の||負||けだね。
弱者は||負||ける。
彼らは||負||けた。
私の||負||けだ。
||負||けない！
||負||けるな。","おい,ふ,負","wooden box carried on one's back to store items for a pilgrimage
minus; negative",Guess the term having 1 (Grade-3 level) Kanji or its reading(not strictly same reading as one in the example),Text
"counter for railway stations and bus stations; r..
あれが||駅||なの？
彼は||駅||に着いた。
彼は||駅||へ急いだ。
私は||駅||に行った。
私は||駅||へ行った。
||駅||に着いたよ。
||駅||は右側です。","えき,駅","counter for railway stations and bus stations; railway station; staging post on a highway (in pre-modern Japan); train station",Guess the term having 1 (Grade-3 level) Kanji or its reading(not strictly same reading as one in the example),Text
"battle; campaign; forced labor; unpaid work (rit..
てんで||役||にたたない。
何の||役||にも立たない。
||役||に立つでしょう。
||役||に立つはずだ。
彼は何かの||役||に立つ。
重要な||役||を演じる。
鉄は||役||に立つ金属だ。","えき,えだち,やく,役","battle; campaign; forced labor; unpaid work (ritsuryo system); war
assignment; character; duty; function; hand; job; meld; office; part (in a play, film, etc.); position (of responsibility); post; responsibility; role; role; scoring combination; service; yaku",Guess the term having 1 (Grade-3 level) Kanji or its reading(not strictly same reading as one in the example),Text
"-fold; -ply
chief; important; main; main seconda..
この本は||重||い。
トムは||重||い。
彼は口が||重||い。
彼は尻が||重||い。
||重||いですよ。
||重||たぁ。
頭が||重||い。","え,おも,じゅう,重","-fold; -ply
chief; important; main; main secondary or supporting role (in kyogen); principal
extreme; heavy; serious; -fold; -ply; jubako; multi-tiered food box",Guess the term having 1 (Grade-3 level) Kanji or its reading(not strictly same reading as one in the example),Text
"breath; breathing; mood; tone
interest (on a loa..
口で||息||をして。
君は||息||が臭い。
彼は||息||をのんだ。
彼は||息||を止めた。
||息||がハアハアだよ。
||息||を深く吸いなさい。
鼻で||息||をして。","いき,おき,そく,むすこ,息","breath; breathing; mood; tone
interest (on a loan, deposit, etc.); son;penis; son
penis; son",Guess the term having 1 (Grade-3 level) Kanji or its reading(not strictly same reading as one in the example),Text
"board; chef (esp. of high-end Japanese cuisine);..
この||板||は楽に穴があく。
床は||板||でできている。
彼は||板||にくぎを打ち込んだ。
彼は||板||の片端を持ち上げた。
||板||にくぎを打ち込んだ。
||板||は地面に凍りついた。
矢が厚い||板||を貫通した。","いた,板","board; chef (esp. of high-end Japanese cuisine); chopping board; cook; cutting board; pane; plank; plate (of glass); sheet (of metal); slab; stage (i.e. at a theatre)",Guess the term having 1 (Grade-3 level) Kanji or its reading(not strictly same reading as one in the example),Text
"illness; pain; trouble
disease; -pathy
bad habit..
彼は精神的に||病||んでいた。
彼女は心臓を||病||んでいる。
彼女は痛風を||病||んでいる。
恋の||病||に薬なし。
惚れた||病||に薬なし。
||病||は気から。
||病||は気からとはうまく言ったものですね。","いたずき,いたつき,いたづき,びょう,やまい,病","illness; pain; trouble
disease; -pathy
bad habit; disease; fault; illness; weakness",Guess the term having 1 (Grade-3 level) Kanji or its reading(not strictly same reading as one in the example),Text
"core; destiny; fate; foundation; karma; life; li..
人の||命||は儚い。
||命||あっての物種。
||命||をかけて！
回れ右を||命||じる。
幻想の||命||は短い。
彼の||命||が心配だ。
私は||命||がほしい。","いのち,みこと,めい,命","core; destiny; fate; foundation; karma; life; life force; lifespan; lifetime; most important thing; paired tattoos of the -life- kanji on the upper arms of a man and woman (indicating unwavering love)
the spoken words of the emperor or a noble;you; Highness; Lord
command; decree; destiny; fate; life; order",Guess the term having 1 (Grade-3 level) Kanji or its reading(not strictly same reading as one in the example),Text
"feelings; meaning; thoughts
彼はどんな忠告も||意||に介さない。
彼は何でも||意||のままにしたがる。
彼は||意||に反して解雇された。
彼女は判決に不満の||意||を表した。
||意||を決して海の中に飛び込んだ。
私は||意||に反して彼と結婚した。","い,意","",Guess the term having 1 (Grade-3 level) Kanji or its reading(not strictly same reading as one in the example),Text
"oil
少し||油||を足して。
水と||油||はまざらない。
水は||油||よりも重い。
||油||が切れてきたぞ。
||油||を少し加えて。
火に||油||を注ぐだけだ。
紙は||油||を吸うよ。","あぶら,油","",Guess the term having 1 (Grade-3 level) Kanji or its reading(not strictly same reading as one in the example),Text
"clever; smart; strange; witty; appeal; attractiv..
レモン||味||です。
||味||の秘訣は？
||味||はいかがですか。
塩で||味||を付ける。
彼は||味||のある人だ。
恋の||味||は苦い。
隠し||味||は何？","あじ,み,味","clever; smart; strange; witty; appeal; attractiveness; charm; experience; flavor; flavour; taste; taste (e.g. of victory); uniqueness
counter for food, drink, medicine, etc.; (sense of) taste",Guess the term having 1 (Grade-3 level) Kanji or its reading(not strictly same reading as one in the example),Text
"entertaining someone as one's guest; head (of a ..
あなたが持ち||主||です。
||主||なクレジットカードは全てご利用になれます。
||主||なる神に聖められた民の諸部族をさばく。
彼は強い体の持ち||主||だ。
彼は強い心の持ち||主||だ。
彼らは雇い||主||に忠実だ。
拾った者が持ち||主||。","あるじ,おも,しゅ,しゅう,す,にし,のし,ぬし,主","entertaining someone as one's guest; head (of a household); landlady; landlord; master (of a servant); proprietor (of a store); proprietress
chief; important; main; main secondary or supporting role (in kyogen); principal
the main thing; the majority; the primary concern; (one's) master; Lord
honorific (or familiar) suffix used after a name
you
doer (of a deed); guardian spirit (e.g. long-resident beast, usu. with mystical powers); head (of a household, etc.); husband; leader; long-time resident",Guess the term having 1 (Grade-3 level) Kanji or its reading(not strictly same reading as one in the example),Text
"darkness
ここは||暗||い。
もう||暗||いよ。
外は||暗||い。
戸外は||暗||い。
||暗||かった。
||暗||すぎる。
洞窟は||暗||い。","あん,暗","",Guess the term having 1 (Grade-3 level) Kanji or its reading(not strictly same reading as one in the example),Text
"fellow; mutually; together
alternately; in succe..
「私もそう思うわ」と彼女は||相||づちを打った。
その考えは私たちの考えとまったく||相||いれないものだ。
実用性と芸術性が||相||まって住みよい家ができる。
彼の思想は時勢と||相||いれなかった。
彼はすぐに||相||づちを打った。","あい,こもごも,さが,しょう,そう,相","fellow; mutually; together
alternately; in succession
convention; custom; habit; one's destiny; one's nature; tradition
minister (of a government department)
appearance; aspect; aspect; look; phase (e.g. solid, liquid and gaseous); physiognomy (as an indication of one's fortune)",Guess the term having 1 (Grade-3 level) Kanji or its reading(not strictly same reading as one in the example),Text
"countryside; territory (pre-Taika: under the Yam..
この川が二つの||県||の境界になっている。
チューリップは、私たちの||県||の||県||花です。
日本には、||県||がいくつありますか。
海なし||県||なのに魚が新鮮で驚いた。
静岡||県||は、太平洋に面する、日本の||県||の一つ。","あがた,けん,県","countryside; territory (pre-Taika: under the Yamato court; Heian: under a provincial governor, etc.)
county (China, Taiwan, Norway, etc.); department (France); prefecture (Japan); province (Italy, Spain, etc.)",Guess the term having 1 (Grade-3 level) Kanji or its reading(not strictly same reading as one in the example),Text
"(role of) the villain (in theatre, etc.); evil; ..
体に||悪||いよ。
後味が||悪||い。
||悪||い子ね！
||悪||かった。
景気が||悪||い。
気分が||悪||い。
気持ち||悪||い！","あく,わる,悪","(role of) the villain (in theatre, etc.); evil; the bad guy; wickedness
bad child; bad guy; bad thing; evil person; mischief; naughty child; scoundrel; wicked person",Guess the term having 1 (Grade-3 level) Kanji or its reading(not strictly same reading as one in the example),Text
"alcohol; sake
お||酒||は控えめに。
お||酒||は苦手です。
お||酒||は飲みますか。
お||酒||を飲もうよ。
彼はよく||酒||を飲む。
||酒||でも飲もうよ。
||酒||におぼれるな。","き,くし,さけ,ささ,しゅ,酒","",Guess the term having 1 (Grade-3 level) Kanji or its reading(not strictly same reading as one in the example),Text
"chance; occasion; opportunity; age; period; time..
２?３歳の時のイヤイヤ||期||は、子どもが自立する上で通らなければならない段階なんです。
中2のころが最初で最後のモテ||期||だったな。
商品の品質には万全を||期||しておりますが、万一商品が破損・汚損していた場合、またはご注文と異なる場合は、お届け後7日以内にご連絡ください。
慎重を||期||して一度全ての項目の点検を行った。","き,ご,期","chance; occasion; opportunity; age; period; time; season (e.g. of a TV series); session (e.g. of parliament); stage (e.g. of a disease); term (e.g. in office)
last moment; limit; midnight in red-light districts during the Edo period; moment; time; time of death",Guess the term having 1 (Grade-3 level) Kanji or its reading(not strictly same reading as one in the example),Text
"clothes; outfit; uniform
arrival; arriving at ....
いつ||着||くの？
||着||いた。
||着||てみない？
落ち||着||いて。
落ち||着||け！
落ち||着||けよ！
落ち||着||けよ。","ぎ,ちゃく,着","clothes; outfit; uniform
arrival; arriving at ...; counter for items or suits of clothing; counter for moves; nth place (in a race)",Guess the term having 1 (Grade-3 level) Kanji or its reading(not strictly same reading as one in the example),Text
"bark; fur; hide; husk; mask (hiding one's true n..
モモの||皮||は傷みやすい。
リンゴの||皮||を剥いて。
妹は豆の||皮||をむいた。
少年は木の||皮||を剥いだ。
彼らは木の||皮||を剥いだ。
||皮||は乾くにつれて堅くなった。","かわ,皮","bark; fur; hide; husk; mask (hiding one's true nature); peel; pelt; rind; seeming; sheath; shell; skin; wrapping",Guess the term having 1 (Grade-3 level) Kanji or its reading(not strictly same reading as one in the example),Text
"interjection; admiration; emotion; feeling; impr..
いい||感||じ。
何か||感||じる。
嫌な||感||じ。
||感||じ悪いやつだな。
||感||じ悪いわよ。彼女に謝りなさいよ。
生を||感||じる。
空腹を||感||じた。","かん,感","interjection; admiration; emotion; feeling; impression; sensation",Guess the term having 1 (Grade-3 level) Kanji or its reading(not strictly same reading as one in the example),Text
"cold season; coldest days of the year; midwinter..
かなり||寒||い。
まだ||寒||い？
外は||寒||い？
||寒||い。
||寒||っ！
少し||寒||いな。
足が||寒||い。","かん,さぶ,さむ,寒","cold season; coldest days of the year; midwinter
cold",Guess the term having 1 (Grade-3 level) Kanji or its reading(not strictly same reading as one in the example),Text
"becoming ...; change to ...; -ification; -izatio..
お||化||けって信じますか？
お||化||けって信じる？
建物は、灰と||化||した。
建物は、灰燼と||化||した。
猫は||化||けると言われる。","か,化","becoming ...; change to ...; -ification; -ization; making into ...",Guess the term having 1 (Grade-3 level) Kanji or its reading(not strictly same reading as one in the example),Text
"counter for loads (that can be carried on one's ..
これで肩の||荷||がおりました。
その船の||荷||を降ろした。
積み||荷||は無事届きました。
船はその港で||荷||を下ろされた。
船はパナマで||荷||を降ろした。","か,に,荷","counter for loads (that can be carried on one's shoulders)
baggage; burden; cargo; freight; goods; load; responsibility",Guess the term having 1 (Grade-3 level) Kanji or its reading(not strictly same reading as one in the example),Text
"floor; stage (in chronostratigraphy); storey; st..
トイレは上の||階||です。
どの||階||に住んでるの？
上の||階||の窓が開いた。
下の||階||に行こうか。
私は上の||階||にいます。","かい,きざはし,きだはし,はし,しな,階","floor; stage (in chronostratigraphy); storey; story; counter for storeys and floors of a building; stairs
stairs; stairs at the front of a noh stage
article; coquetry; flirtatiousness; goods; item; quality; stock; thing",Guess the term having 1 (Grade-3 level) Kanji or its reading(not strictly same reading as one in the example),Text
"border; boundary; division; circles; community; ..
サッカー||界||に新たなスターが彗星のごとく現れた。
スポーツ||界||はこの際、犯罪組織との癒着を一掃すべきです。
僕はケモナー||界||のプリンスマイルズだよ！
彼はジャーナリズム||界||の大物です。
日本シンクロ||界||の悲願である金には、あと一歩で届かなかった。","かい,さかい,界","border; boundary; division; circles; community; field (electrical); world; erathem; kingdom
area; border; boundary; cognitive object; environment; mental state; psychological state; region; something perceptible by the sense organs or mind; space; spot; turning point; watershed",Guess the term having 1 (Grade-3 level) Kanji or its reading(not strictly same reading as one in the example),Text
"digit; finger; toe
prefix used for stress or emp..
人差し||指||が痛い。
彼は針で||指||を刺した。
彼女は彼を||指||さした。
||指||をなめるな。
||指||を開いて。
磁石の針は北を||指||す。
私は彼を||指||さした。","おゆび,および,ゆび,さし,指","digit; finger; toe
prefix used for stress or emphasis; counter for traditional dance songs; arrhythmic section of recitative in noh music; between (e.g. two people); face to face; hindrance; impediment; playing with only 2 players",Guess the term having 1 (Grade-3 level) Kanji or its reading(not strictly same reading as one in the example),Text
"close; conclusion; death; end; end of (one's) li..
いつ||終||わるの？
ほぼ||終||わった。
もう||終||わった？
夏は||終||わった。
祭が||終||わった。
||終||わった？
||終||わったの？","おわり,つい,終","close; conclusion; death; end; end of (one's) life; ending
death; end; end of life; final; never; not at all",Guess the term having 1 (Grade-3 level) Kanji or its reading(not strictly same reading as one in the example),Text
"charge; clerk; connection; duty; linking; offici..
こちら国際電話の||係||りです。
じゃんけんで||係||を決めることになった。
そんなことに||係||わり合いたくない。
今、誰か||係||りの者を差し向けます。
||係||わることを真剣に考えていますか？
虫歯を侮ると命に||係||わる場合もあるのです。","かかり,がかり,係","charge; clerk; connection; duty; linking; official; person in charge
charge; clerk; duty; official; person in charge",Guess the term having 1 (Grade-3 level) Kanji or its reading(not strictly same reading as one in the example),Text
"agency; business; company; study; work
destiny; ..
あのプロのスキーヤーは離れ||業||をしながら山をおりるのが好きだった。
それは、至難の||業||だな。
同社は国のタバコ||業||を独占している。
過ちは人の常、許すは神の||業||。","ぎょう,ごう,わざ,業","agency; business; company; study; work
destiny; fate; karma; result of one's karma; uncontrollable temper
act; deed; performance; work",Guess the term having 1 (Grade-3 level) Kanji or its reading(not strictly same reading as one in the example),Text
"part of the brain stem (links the medulla oblong..
この||橋||を渡るの？
この||橋||を通るな。
当市には||橋||が多い。
彼らは||橋||を造った。
敵は||橋||を爆破した。
||橋||は修理中です。
||橋||は石造りだ。","きょう,はし,橋","part of the brain stem (links the medulla oblongata and cerebellum with the midbrain); pons (pontes); pons Varolii; pontine
bridge",Guess the term having 1 (Grade-3 level) Kanji or its reading(not strictly same reading as one in the example),Text
"buddy; he; pal; she; you; (one's) master; monarc..
あれが||君||の家？
うん、||君||は？
ちょっと、||君||。
僕は||君||だよ。
||君||が走れ。
||君||は誰？
次は||君||の番だ。","きみ,ぎみ,きんじ,くん,君","buddy; he; pal; she; you; (one's) master; monarch; ruler; sovereign
suffix appended to someone else's family members
you
boy; madam; master; miss; Mr; Ms; sir",Guess the term having 1 (Grade-3 level) Kanji or its reading(not strictly same reading as one in the example),Text
"bank; coast; shore
ボートは||岸||の近くを進んだ。
||岸||から遠く離れたところに何せきか船が見える。
彼らはその船を||岸||にあげた。
彼らは船を||岸||に引き上げた。
波は激しく||岸||にぶつかった。
船は||岸||と並行に進んだ。","きし,岸","",Guess the term having 1 (Grade-3 level) Kanji or its reading(not strictly same reading as one in the example),Text
"counter for containers used to entertain guests;..
トムはお||客||さんです。
トムは||客||だ。
トムは私たちの||客||だ。
今夜何人かの||客||がある。
||客||の足が遠のいた。
||客||はみな帰った。
店は||客||でいっぱいだ。","かく,きゃく,まれびと,まろうと,まろうど,客","counter for containers used to entertain guests; audience; client; customer; guest; passenger; shopper; sightseer; spectator; tourist; visitor
joy-bringing spirit from the divine realms; visitor from afar
guest; visitor from afar",Guess the term having 1 (Grade-3 level) Kanji or its reading(not strictly same reading as one in the example),Text
"amazing; fantastic; incredible; deity; divinity;..
もう||神||も仏もない。
民の声は||神||の声。
||神||はそうする。
||神||は存在する。
私は||神||を信じます。
私は||神||を殺した。
細部に||神||は宿る。","かみ,かむ,かん,しん,じん,み,神","amazing; fantastic; incredible; deity; divinity; Emperor (of Japan); god; kami; spirit; thunder
divine; godly
deity; divinity; god; kami; psyche; spirit
divine spirit; soul; spirit",Guess the term having 1 (Grade-3 level) Kanji or its reading(not strictly same reading as one in the example),Text
"director (of the provincial governors under the ..
||守||りたい、この笑顔。
||守||りたい世界がある。
彼は約束を||守||る。
秘密は||守||れよ。
秘密を||守||れる？
約束、||守||れる？
約束は||守||るよ。","かみ,まもり,もり,守","director (of the provincial governors under the ritsuryo system)
amulet; charm; defence; defense; protection; providence; talisman
babysitter; babysitting; keeper; keeping; protecting",Guess the term having 1 (Grade-3 level) Kanji or its reading(not strictly same reading as one in the example),Text
"composition; piece of music; song; track (on a r..
右に||曲||がって。
左に||曲||がって。
彼は背を||曲||げた。
折り||曲||げ厳禁。
||曲||がり角のない道はない。
||曲||り角のないのは長い道である。
有名な||曲||よ。","きょく,くせ,くま,まが,曲","composition; piece of music; song; track (on a record); air; enjoyment; fun; interest; melody; pleasure; tune
improper; indecent; wrong; long segment of a noh play forming its musical highlight
corner; dark area; dark circles (under the eyes); dark rings; gradation; kumadori; nook; recess; shade; shading; shadow; style of kabuki makeup used for violent roles
calamity; disaster; evil; wickedness",Guess the term having 1 (Grade-3 level) Kanji or its reading(not strictly same reading as one in the example),Text
"affair; broadcasting station (e.g. television, r..
あのテレビ||局||は１日２４時間放送中だ。
この街には大手テレビ||局||があります。
この都市には大きなテレビ||局||がある。
ラジオ||局||の前で待ってるね。
嵐の後すぐ、そのラジオ||局||は放送を再開した。","きょく,つぼね,局","affair; broadcasting station (e.g. television, radio); bureau; channel; department; exchange; office (e.g. post, telephone); situation; game (of go, shogi, etc.)
court lady (Heian period); lady-in-waiting; room for a very low class prostitute; separate room in a palace (esp. for a lady; Heian period); very low class prostitute",Guess the term having 1 (Grade-3 level) Kanji or its reading(not strictly same reading as one in the example),Text
"(in gagaku or noh) end of a song; crisis; danger..
お||急||ぎですか？
さあ、||急||いで。
とにかく||急||げ。
善は||急||げだ。
彼は駅へ||急||いだ。
||急||いで！
||急||げ！","きゅう,急","(in gagaku or noh) end of a song; crisis; danger; emergency; haste; hurrying; urgency; abrupt; fast; precipitous; pressing; rapid; sharp; steep; sudden; swift; unexpected; urgent",Guess the term having 1 (Grade-3 level) Kanji or its reading(not strictly same reading as one in the example),Text
"(school) grade; class; kyu (junior rank in marti..
フライ||級||チャンピオンは強い挑戦者と戦った。
彼はあしたヘビー||級||チャンピオンと対戦する。
彼はまだヘビー||級||の選手権を保持している。
彼は一年飛び||級||をした。
日本語能力試験は５つの||級||に分かれる。５||級||が一番易しくて、１||級||が一番難しい。","きゅう,級","(school) grade; class; kyu (junior rank in martial arts, go, shogi, etc.); year; class; grade; level; rank",Guess the term having 1 (Grade-3 level) Kanji or its reading(not strictly same reading as one in the example),Text
"counter for pitches; ball; ball; bulb; globe; sp..
すべての星は||球||だ。
厳密にいえば、地||球||は||球||ではない。
地||球||は||球||のような形をしている。
地||球||は||球||の形をしている。
彼にいい||球||を投げてやった。
||球||はバウンドして塀を越えた。
||球||はわずかにカーブした。","きゅう,たま,まり,球","counter for pitches; ball; ball; bulb; globe; sphere; sphere
beautiful; coin; excellent; precious; egg; okonomiyaki; ball; ball (i.e. a testicle); ball (in sports); bead (of an abacus); bead (of sweat, dew, etc.); bulb (i.e. a light bulb); bullet; character; drop; droplet; female entertainer (e.g. a geisha); gem; globe; item, funds or person used as part of a plot; jewel (esp. spherical; sometimes used figuratively); lens (of glasses, etc.); orb; pearl; person (when commenting on their nature); ",Guess the term having 1 (Grade-3 level) Kanji or its reading(not strictly same reading as one in the example),Text
"ancient Chinese punishment (castration for men, ..
そして、||宮||の中に、牛や羊や鳩を売るもの達と両替人達が座っているのをご覧になった。
そして彼は牛や羊も皆、||宮||から追いだした。
京子がどこに住んでいるのか正確にはしりませんが、三ノ||宮||の方です。
以前この辺りに小さなお||宮||があった。","きゅう,みや,宮","ancient Chinese punishment (castration for men, or confinement for women); palace; tonic (of the Japanese and Chinese pentatonic scale); zodiacal sign
headboard with built-in shelves, drawers, etc.; Imperial prince; Imperial princess; imperial residence; palace; shrine; temple",Guess the term having 1 (Grade-3 level) Kanji or its reading(not strictly same reading as one in the example),Text
"borough; city (in Tokyo); district (e.g. elector..
市内の||区||から他の||区||へ引っ越した場合は、||区||間異動届をご提出ください。","く,区","borough; city (in Tokyo); district (e.g. electoral); section; ward; zone (e.g. postal)",Guess the term having 1 (Grade-3 level) Kanji or its reading(not strictly same reading as one in the example),Text
"anguish; anxiety; difficulty; distress; duhkha (..
めちゃ||苦||い。
恋の味は||苦||い。
胃痛に||苦||しむ。
良薬口に||苦||し
||苦||しい、やめろ。
||苦||は楽の種。
薬は||苦||い。","く,苦","anguish; anxiety; difficulty; distress; duhkha (suffering); hardship; pain; suffering; trouble; worry",Guess the term having 1 (Grade-3 level) Kanji or its reading(not strictly same reading as one in the example),Text
"ingredients (added to soup, rice, etc.); means; ..
パスタにいろんな||具||を入れて、毎回違った味を楽しんでます。
||具||たっぷりのシチューが食べたい。
好きな味噌汁の||具||は何ですか？
家のギョウザはみっちり||具||が入ってる。
赤い絵の||具||に青い絵の||具||を混ぜなさい。
青い絵の||具||と黄色の絵の||具||を混ぜなさい。","ぐ,つま,具","ingredients (added to soup, rice, etc.); means; tool; counter for sets of armor, utensils, furniture, etc.
accompaniment; garnish (esp. one served with sashimi); side (remark); trimmings; wife",Guess the term having 1 (Grade-3 level) Kanji or its reading(not strictly same reading as one in the example),Text
"(illegal) drug; (legal) drugs; (pottery) glaze; ..
この||薬||は苦い。
その||薬||はきいた。
甲の||薬||は乙の毒。
睡眠は||薬||に勝る。
節制は最良の||薬||。
||薬||が効いた。
||薬||は苦い。","くすり,やく,薬","(illegal) drug; (legal) drugs; (pottery) glaze; efficacious chemical (gunpowder, pesticide, etc.); medicine; narcotic; ointment; pharmaceuticals; pill; salve; small bribe
dope; drug; narcotic",Guess the term having 1 (Grade-3 level) Kanji or its reading(not strictly same reading as one in the example),Text