Question,Answer,Comment,Instruction,Render as
"引,||ひく,ひける||","draw, pull, haul, tug, jerk, drag, trail, bend, attract, lead (horses or captives), draw (lines), admit, install (utilities), quote, refer to, look up (words), subtract, reduce, apply, daub on, b","Onyomi: イン = draw, pull, haul, tug, jerk, drag, trail, bend, attract, lead (horses or captives), draw (lines), admit, install (utilities), quote, refer to, look up (words), subtract, reduce, apply, daub on, blunt (a sword), patronize, choose, draw (a line), catch (a cold), retreat, withdraw, retire, subside",Guess the meaning of the Kunyomi reading,Text
"羽,||は,はね||","feather, plumage, wing, blade, paddle, fan","Onyomi: ウ = feather",Guess the meaning of the Kunyomi reading,Text
"雲,||くも||","cloud","Onyomi: ウン = cloud",Guess the meaning of the Kunyomi reading,Text
"園,||その||","garden, park","Onyomi: エン = garden, yard, plantation, farm",Guess the meaning of the Kunyomi reading,Text
"遠,||とおい||","far, distant, remote, hard (of hearing)","Onyomi: エン,オン = far, distant, remote, hard (of hearing)",Guess the meaning of the Kunyomi reading,Text
"歌,||うた,うたう||","sing, recite, chant, carol, poem, tanka, ballad, poetry, singing","Onyomi: カ = sing, recite, chant, carol",Guess the meaning of the Kunyomi reading,Text
"何,||なに,なん||","what","Onyomi: カ = what",Guess the meaning of the Kunyomi reading,Text
"家,||いえ,や||","house, home, residence, housing, family, household, family name, fortune, shop, store, seller, dealer","Onyomi: カ,ケ = house",Guess the meaning of the Kunyomi reading,Text
"夏,||なつ||","summer","Onyomi: カ,ゲ = summer",Guess the meaning of the Kunyomi reading,Text
"海,||うみ||","sea, ocean","Onyomi: カイ = sea, ocean",Guess the meaning of the Kunyomi reading,Text
"会,||あう||","meet, interview","Onyomi: カイ,エ = Buddhist ceremony, understanding, meeting, assembly, party, association, club",Guess the meaning of the Kunyomi reading,Text
"回,||まわる,まわす||","and, turn, go around, revolve, rotate, spin, gyrate, patrol, tour, take effect (medicine), be distributed, be past (time), be transferred, circularize, pass around, forward, transmit, refer to, t","Onyomi: カイ,エ = time, round, game, bout, heat, inning, innings, go around",Guess the meaning of the Kunyomi reading,Text
"外,||そと,ほか,はずす,はずれる||","outside, exterior, open air, some other place, outside, the rest, take off, remove, unfasten, undo, detach, disconnect, put out off gear, miss, fail, avoid, evade, dodge, be off, come off, be or ","Onyomi: ガイ,ゲ = outside, without, beside, beyond the scope off",Guess the meaning of the Kunyomi reading,Text
"角,||かど,つの||","corner, angle, edge, angularity, harshness, horn, feeler, tentacle","Onyomi: カク = angle, corner, square, squared timber, target",Guess the meaning of the Kunyomi reading,Text
"楽,||たのしい,たのしむ||","enjoy, amuse oneself, anticipate, merry, pleasant, cheerful, joyful","Onyomi: ガク,ラク = music, comfort, ease, relief, pleasure, concluding program",Guess the meaning of the Kunyomi reading,Text
"顔,||かお||","face, countenance, expression, honor, prestige","Onyomi: ガン = face, countenance",Guess the meaning of the Kunyomi reading,Text
"丸,||まる,まるい,まるめる||","full (month), perfection, purity, the shipname suffix anciently used after the name of a sword or a child, make round, round off, roll up, curl up, seduce, cajole, explain away, round, circular, ","Onyomi: ガン = full (month), perfection, purity, the shipname suffix anciently used after the name of a sword or a child",Guess the meaning of the Kunyomi reading,Text
"岩,||いわ||","rock, crag, reef","Onyomi: ガン = rock, crag, reef",Guess the meaning of the Kunyomi reading,Text
"間,||あいだ,ま||","space, interval, gap, between, among, midway, on the way, distance, time, period, relationship, room, pause, rest (in music), a while, leisure, luck, timing, harmony","Onyomi: カン,ケン = interval, space, between, among, discord, favorable opportunity, six feet",Guess the meaning of the Kunyomi reading,Text
"記,||しるす||","write down, inscribe, mention, give an account of","Onyomi: キ = account, narrative, history, annals, remembering, writing, the Kojiki",Guess the meaning of the Kunyomi reading,Text
"帰,||かえる,かえす||","return, take one's leave, come again, come around (time), send (someone) back","Onyomi: キ = return, take one's leave, come again, come around (time)",Guess the meaning of the Kunyomi reading,Text
"牛,||うし||","cattle, cow, bull, ox","Onyomi: ギュウ = beef, cow",Guess the meaning of the Kunyomi reading,Text
"弓,||ゆみ||","bow, archery, violin bow, bow shape","Onyomi: キュウ = bow, violin bow",Guess the meaning of the Kunyomi reading,Text
"魚,||うお,さかな||","fish","Onyomi: ギョ = fish",Guess the meaning of the Kunyomi reading,Text
"教,||おしえる,おそわる||","teach, give lessons, inform, coach, learn, be taught, take lessons in","Onyomi: キョウ = faith",Guess the meaning of the Kunyomi reading,Text
"強,||つよい,つよまる,つよめる,しいる||","strong, powerful, mighty, robust, vigorous, healthy, brave, courageous, severe, intense, durable, solid, get strong, strengthen, intensify, invigorate, confirm, emphasize, increase, redouble, for","Onyomi: キョウ,ゴウ = strength, might, strong person",Guess the meaning of the Kunyomi reading,Text
"近,||ちかい||","early, immediate, near, short (road), close by, akin to, nearby, bordering on, verge of, tantamount to, intimate, friendly","Onyomi: キン = early, immediate, near, short (road), close by, akin to, nearby, bordering on, verge of, tantamount to, intimate, friendly",Guess the meaning of the Kunyomi reading,Text
"計,||はかる,はからう||","measure, gauge, weigh, fathom, sound, compute, estimate, manage, arrange, dispose of, see about, talk over","Onyomi: ケイ = plan, scheme, trick, total, meter, gauge",Guess the meaning of the Kunyomi reading,Text
"兄,||あに||","elder brother","Onyomi: ケイ,キョウ = brother, you, elder brother",Guess the meaning of the Kunyomi reading,Text
"形,||かた,かたち||","shape, form, make, size, format, mark, pattern, design, personal appearance","Onyomi: ケイ,ギョウ = shape",Guess the meaning of the Kunyomi reading,Text
"原,||はら||","field, plain, prairie, tundra, moor, wilderness","Onyomi: ゲン = original, primitive",Guess the meaning of the Kunyomi reading,Text
"元,||もと||","beginning, origin, foundation, basis, source, cause, root (of a tree), (raw) material, base, capital, principal, cost, forebears, formerly","Onyomi: ゲン,ガン = yuan, origin, New Year’s Day, first year of an era,Gen Mongol (dynasty)",Guess the meaning of the Kunyomi reading,Text
"言,||いう,こと||","say, tell, talk, speak, declare, call, term, name.word","Onyomi: ゲン,ゴン = word, phrase, speech, statement",Guess the meaning of the Kunyomi reading,Text
"戸,||と||","door","Onyomi: コ = house, door, family, counter for houses",Guess the meaning of the Kunyomi reading,Text
"古,||ふるい,ふるす||","old, aged, ancient, antiquated, stale, threadbare, outmoded, obsolete article","Onyomi: コ = old",Guess the meaning of the Kunyomi reading,Text
"語,||かたる,かたらう||","talk, tell, narrate, recite,chat, pledge one's troth, invite, entice, win, conspire with","Onyomi: ゴ = word, speech, language, term",Guess the meaning of the Kunyomi reading,Text
"後,||のち,うしろ,あと,おくれる||","after, since then, future, after one's death,back, rear, behind,results, remainder, sequel, posterity, successor, survivor, effect, influence, estate,be late, be delayed, be overdue, lag behind, ","Onyomi: ゴ,コウ = back, rear, behind",Guess the meaning of the Kunyomi reading,Text
"交,||まじわる,まじえる,まじる,まざる,まぜる,かう,かわす||","associate with, mingle with, interest, join,mix, converse with, cross (swords),blend, mingle, include, let in on,be mixed, be blended,exchange (messages), dodge, parry, avoid, turn aside","Onyomi: コウ = coming and going, association, change of seasons",Guess the meaning of the Kunyomi reading,Text
"高,||たかい,たか,たかまる,たかめる||","high, tall, lofty, raised, elevated, eminent, exalted, noble, loud, stentorian, expensive, widely known,quantity, volume, amount, sum, rise (in prices), fief,rise, swell, be elevated, be promoted","Onyomi: コウ = high",Guess the meaning of the Kunyomi reading,Text
"光,||ひかる,ひかり||","shine, glitter, sparkle, twinkle, flash,light, beam, glare, gleam, glimmer, glow, brightness, radiance, glitter, luster, influence (of parents)","Onyomi: コウ = light",Guess the meaning of the Kunyomi reading,Text
"公,||おおやけ||","public, open, official, governmental, formal","Onyomi: コウ = public, duke, lord, public",Guess the meaning of the Kunyomi reading,Text
"広,||ひろい,ひろまる,ひろめる,ひろがる,ひろげる||","spread out, extend, reach to,expand, enlarge, widen, unfurl, open (arms of a package), stretch, spread,be diffused, prevail, be propagated, prevade, be circulated, become popular,enlargel, dissem","Onyomi: コウ = spread out, extend, reach to",Guess the meaning of the Kunyomi reading,Text
"考,||かんがえる||","think, consider, believe, suspect, be of the opinion, intend, expect, hope, fear, judge, conclude, imagine, suppose, regard as, be discreet, ponder over, reconsider, be prepared for, invent","Onyomi: コウ = thought, consideration, research, treatise",Guess the meaning of the Kunyomi reading,Text
"黄,||き,こ||","yellow,turn yellow,yellow tint","Onyomi: コウ,オウ = yellow",Guess the meaning of the Kunyomi reading,Text
"合,||あう,あわす,あわせる||","fit, suit, agree with, match, be correct, pay, be profitable,join together, be opposite, face, unite, combine, connect, add up, mix, match, overlap, compare, check with","Onyomi: ゴウ,ガッ,カッ = onetenth",Guess the meaning of the Kunyomi reading,Text
"行,||いく,ゆく,おこなう||","go, run (water),do, act, conduct oneself, carry out, perform, conduct (school), exercise (control), hold (a ceremony)","Onyomi: コウ,ギョウ,アン = party, suite, journey, expedition, line, row,religious austerities.",Guess the meaning of the Kunyomi reading,Text
"黒,||くろ,くろい||","black, dark, swarthy, browned, dirty","Onyomi: コク = black, dark",Guess the meaning of the Kunyomi reading,Text
"国,||くに||","country, land, realm, province, native land","Onyomi: コク = country",Guess the meaning of the Kunyomi reading,Text
"谷,||たに||","valley, dale, ravine, trough (of a wave), trough (in atmospheric pressure)","Onyomi: コク = valley, dale, ravine, trough (of a wave), trough (in atmospheric pressure)",Guess the meaning of the Kunyomi reading,Text
"今,||いま||","now, present time, just now, soon, immediately, (one) more","Onyomi: コン,キン = now, the present, the coming, this",Guess the meaning of the Kunyomi reading,Text
"細,||ほそい,ほそる,こまか,こまかい||","get thin, taper off,fine (line), thin (voice), slender, narrow (trousers),small, fine, detailed, minor, trifling, elaborate, delicate, stingy, frugal, small (change)","Onyomi: サイ = get thin, taper off",Guess the meaning of the Kunyomi reading,Text
"作,||つくる||","a work, a production, tillage, harvest, ridge (in a field)","Onyomi: サク,サ = a work, a production, tillage, harvest, ridge (in a field)",Guess the meaning of the Kunyomi reading,Text
"矢,||や||","arrow","Onyomi: シ = arrow",Guess the meaning of the Kunyomi reading,Text
"市,||いち||","market, fair","Onyomi: シ = city, town, market",Guess the meaning of the Kunyomi reading,Text
"姉,||あね||","elder sister","Onyomi: シ = elder sister",Guess the meaning of the Kunyomi reading,Text
"時,||とき||","time, hour, moment, occasion, season, opportunity, the times, tense","Onyomi: ジ = hour, o'clock, time, Buddhist sect originating in the thirteenth century",Guess the meaning of the Kunyomi reading,Text
"紙,||かみ||","paper","Onyomi: シ = paper",Guess the meaning of the Kunyomi reading,Text
"止,||とまる,とめる||","stop, halt, stand still, pull up, cease, be interrupted, be discontinued, be choked, alight on, perch, roost, be held in position,check, allay (pain), fasten, turn off, detain, forbid to do, diss","Onyomi: シ = stop, halt, stand still, pull up, cease, be interrupted, be discontinued, be choked, alight on, perch, roost, be held in position",Guess the meaning of the Kunyomi reading,Text
"寺,||てら||","temple","Onyomi: ジ = temple",Guess the meaning of the Kunyomi reading,Text
"思,||おもう||","think, believe, judge, esteem, consider, realize, feel like, regard as, anticipate, imagine, suppose, guess, mistake for, recall, intend, desire, love, care for, yearn after, wonder, suspect","Onyomi: シ = think, believe, judge, esteem, consider, realize, feel like, regard as, anticipate, imagine, suppose, guess, mistake for, recall, intend, desire, love, care for, yearn after, wonder, suspect",Guess the meaning of the Kunyomi reading,Text
"自,||みずから||","oneself, personally","Onyomi: ジ,シ = oneself",Guess the meaning of the Kunyomi reading,Text
"室,||むろ||","greenhouse, (ice) house, cellar","Onyomi: シツ = room, apartment, compartment, chamber",Guess the meaning of the Kunyomi reading,Text
"社,||やしろ||","Shinto shrine","Onyomi: シャ = Shinto shrine, association, firm, company, office",Guess the meaning of the Kunyomi reading,Text
"弱,||よわい,よわる,よわまる,よわめる||","weaken, be emaciated, be dejected, be perplexed,impair, enfeeble,weak, feeble, frail, tender, unskilled, weak (alcoholic beverage)","Onyomi: ジャク = weakness, the weak",Guess the meaning of the Kunyomi reading,Text
"首,||くび||","neck, head","Onyomi: シュ = head, neck, beginning, the first, poem and song counter",Guess the meaning of the Kunyomi reading,Text
"秋,||あき||","autumn","Onyomi: シュウ = autumn",Guess the meaning of the Kunyomi reading,Text
"春,||はる||","spring, springtime","Onyomi: シュン = spring",Guess the meaning of the Kunyomi reading,Text
"書,||かく||","write, compose, draw, paint","Onyomi: ショ = handwriting, letter, note, book",Guess the meaning of the Kunyomi reading,Text
"少,||すくない,すこし||","a small quantity, a little, a few, something, a little while, a short distance,few, a little, scarce, insufficient, seldom","Onyomi: ショウ = few, small, young",Guess the meaning of the Kunyomi reading,Text
"場,||ば||","place, site, space, seat, scene, occasion, situation","Onyomi: ジョウ = place, grounds, links, range, course, track, ring",Guess the meaning of the Kunyomi reading,Text
"色,||いろ||","color, tint, tinge, complexion, countenance, look, sensual pleasure, sweetheart, charms, fall colors, embellishment, slight concession, kind","Onyomi: ショク,シキ = color",Guess the meaning of the Kunyomi reading,Text
"食,||くう,くらう,たべる||","eat, subsist on, support oneself, consume, get (a scolding), encroach, bite at, gnaw at, (shoes) pinch, be cheated,drink, receive (a blow)","Onyomi: ショク,ジキ = food, provisions, eating, meal, appetite",Guess the meaning of the Kunyomi reading,Text
"心,||こころ||","mind, spirit, mentality, idea, thought, heart, feeling, wholeheartedness, sincerity, sympathy, attention, interest, care, will, intention, taste, mood, true meaning (of a poem)","Onyomi: シン = heart, mind, spirit, motive, sense (of duty), padding, wick, core, marrow, vitality",Guess the meaning of the Kunyomi reading,Text
"親,||おや,したしい,したしむ||","parent, dealer (in card games), banker (in gambling),intimate, familiar, friendly,be intimate with, have a liking for, take habitually","Onyomi: シン = intimacy, parents, relative",Guess the meaning of the Kunyomi reading,Text
"新,||あたらしい,あらた,にい||","new, novel, fresh, recent, modern","Onyomi: シン = newness, novelty,new, modern, novel, fresh, neo",Guess the meaning of the Kunyomi reading,Text
"図,||はかる||","measure, gauge, weigh, fathom, sound, compute, estimate, plan, devise, scheme, counsel with, have in mind, aim at, deceive, impose on","Onyomi: ズ,ト = drawing, plan, figure, cut, chart, diagram, illustration, graph",Guess the meaning of the Kunyomi reading,Text
"数,||かず,かぞえる||","number, figure,count, calculate, enumerate","Onyomi: スウ,ス = strength, fate, law, numbers, figures, numerical",Guess the meaning of the Kunyomi reading,Text
"晴,||はれる,はらす||","clear up, (doubts) vanish, be refreshed,dispel, clear away (gloom), refresh (oneself)","Onyomi: セイ = clear up, (doubts) vanish, be refreshed",Guess the meaning of the Kunyomi reading,Text
"西,||にし||","west","Onyomi: セイ,サイ = west",Guess the meaning of the Kunyomi reading,Text
"星,||ほし||","star, spot, dot, mark, bull's eye, one's fortune, point, score","Onyomi: セイ,ショウ = star",Guess the meaning of the Kunyomi reading,Text
"声,||こえ,こわ||","voice, tone, alarm, cry, (bird) song, chirp","Onyomi: セイ,ショウ = voice, tone, alarm, cry, (bird) song, chirp",Guess the meaning of the Kunyomi reading,Text
"雪,||ゆき||","snow, snowfall","Onyomi: セツ = snow, snowfall",Guess the meaning of the Kunyomi reading,Text
"切,||きる,きれる||","cut, chop, hash, carve, saw, clip, shear, slice, strip, fell, cut down, punch, sever (connections), pause, break off, disconnect, turn off, hang up, cross (a street), discount, sell below cost, s","Onyomi: セツ,サイ = cut, chop, hash, carve, saw, clip, shear, slice, strip, fell, cut down, punch, sever (connections), pause, break off, disconnect, turn off, hang up, cross (a street), discount, sell below cost, shake (water) off",Guess the meaning of the Kunyomi reading,Text
"前,||まえ||","front, fore part, head (of a line), presence, ago, before, previously, (five minutes) to","Onyomi: ゼン = before",Guess the meaning of the Kunyomi reading,Text
"船,||ふね,ふな||","boat, ship, vessel, steamer, liner, barge, shipping, tank, trough, cistern, vat","Onyomi: セン = ship",Guess the meaning of the Kunyomi reading,Text
"組,||くむ,くみ||","braid, plait, construct, assemble, cross (legs), fold (arms), unite with, cooperate with, grapple with,class, party, group, set, pack (of cards), suit, assortment, typesetting","Onyomi: ソ = take part in, be implicated in, side with, support",Guess the meaning of the Kunyomi reading,Text
"走,||はしる||","run, rush, flee, turn to, become, go to excess","Onyomi: ソウ = run, rush, flee, turn to, become, go to excess",Guess the meaning of the Kunyomi reading,Text
"多,||おおい||","many, copious, abundant, much, frequent","Onyomi: タ = much",Guess the meaning of the Kunyomi reading,Text
"太,||ふとい,ふとる||","get fat, gain, fill out,big, thick, burly, fat, deep, sonorous (voice), shameless, audacious, insolent","Onyomi: タイ,タ = get fat, gain, fill out",Guess the meaning of the Kunyomi reading,Text
"体,||からだ||","body, health","Onyomi: タイ,テイ = the body, substance, object, reality, style, form, image counter,appearance, air, condition, state",Guess the meaning of the Kunyomi reading,Text
"知,||しる||","know, understand, appreciate recognize, realize, notice, sense, feel, remember, infer, gather, be concerned with","Onyomi: チ = know, acquaintance, sense",Guess the meaning of the Kunyomi reading,Text
"池,||いけ||","pond, pool, cistern, basin, reservoir","Onyomi: チ = pond, pool, cistern, basin, reservoir",Guess the meaning of the Kunyomi reading,Text
"昼,||ひる||","daytime, midday, noon","Onyomi: チュウ = daytime, midday",Guess the meaning of the Kunyomi reading,Text
"鳥,||とり||","bird, chicken, fowl","Onyomi: チョウ = bird",Guess the meaning of the Kunyomi reading,Text
"朝,||あさ||","morning, forenoon","Onyomi: チョウ = dynasty, reign, regime, period, epoch, the court",Guess the meaning of the Kunyomi reading,Text
"長,||ながい||","long, lengthy","Onyomi: チョウ = head, chief, headman, commander, director, manager, merit, forte, advantage, superiority, length",Guess the meaning of the Kunyomi reading,Text
"直,||ただちに,なおす,なおる||","be mended, get well, be restored, return to normal, be installed (as a legal wife), change (from third to second class),mend, repair, put in order, reform, correct, revise, amend, redo, alter, cu","Onyomi: チョク,ジキ = honesty, frankness, simplicity, correctness, being straight, night duty",Guess the meaning of the Kunyomi reading,Text
"通,||とおる,とおす,かよう||","walk along, pass by, pass through, pass (exams), be knows as, be admissible, come in, be understood, reach, draw (on a piece), drain (as a sink), be consistent,let (someone) pass, pass (something","Onyomi: ツウ,ツ = pass, expert",Guess the meaning of the Kunyomi reading,Text
"弟,||おとうと||","younger brother","Onyomi: テイ,ダイ,デ = younger brother, faithful service to those older, brotherly affection",Guess the meaning of the Kunyomi reading,Text
"店,||みせ||","shop, store, booth","Onyomi: テン = shop, store",Guess the meaning of the Kunyomi reading,Text
"答,||こたえる,こたえ||","answer, respond, solve,solution","Onyomi: トウ = answer",Guess the meaning of the Kunyomi reading,Text
"東,||ひがし||","east","Onyomi: トウ = east",Guess the meaning of the Kunyomi reading,Text
"当,||あたる,あてる||","hit, strike, dash into, touch, shine on, guess right, be fulfilled, succeed, confront, lie (to the south), treat, fell out, undertake, be worth, correspond to, be related to, apply to, draw (a pr","Onyomi: トウ = right, appropriateness, fairness, himself, itself, at the time",Guess the meaning of the Kunyomi reading,Text
"刀,||かたな||","sword, blade","Onyomi: トウ = sword, saber, knife, engraving tool",Guess the meaning of the Kunyomi reading,Text
"同,||おなじ||","same, identical, equal, uniform, equivalent, similar, common (origin), changeless","Onyomi: ドウ = the same, the said, ibid",Guess the meaning of the Kunyomi reading,Text
"冬,||ふゆ||","winter","Onyomi: トウ = winter",Guess the meaning of the Kunyomi reading,Text
"頭,||あたま,かしら||","head, brain, mind, intellect, leader, top, head (of boil), idea, hair, point of view, consideration,leader, chief","Onyomi: トウ,ズ,ト = head, counter for large mammals",Guess the meaning of the Kunyomi reading,Text
"道,||みち||","road, path, lane, way, street, highway, route, journey, distance, course, way, means, duty, morality, moral doctrine, teachings, specialty, an art, reason, justice","Onyomi: ドウ,トウ = district, province, prefecture, road",Guess the meaning of the Kunyomi reading,Text
"読,||よむ||","read, peruse, understand, read (one's heart), guess, divine","Onyomi: ドク,トク,トウ = reading",Guess the meaning of the Kunyomi reading,Text
"内,||うち||","inside, interior, house, home, within, between, among, out of, mind, myself,inner","Onyomi: ナイ,ダイ = inside, interior, within, between, among,within, within the scope of",Guess the meaning of the Kunyomi reading,Text
"南,||みなみ||","south","Onyomi: ナン,ナ = south",Guess the meaning of the Kunyomi reading,Text
"馬,||うま,ま||","horse, horseflesh","Onyomi: バ = horse",Guess the meaning of the Kunyomi reading,Text
"買,||かう||","buy, invest in, incur, appreciate, call in (geisha)","Onyomi: バイ = buying",Guess the meaning of the Kunyomi reading,Text
"売,||うる,うれる||","sell, deal in, betray, deceive, impose on, tell on, pick (a quarrel),be in demand, enjoy a large sale, be well known","Onyomi: バイ = selling",Guess the meaning of the Kunyomi reading,Text
"麦,||むぎ||","wheat, barley, oats, rye","Onyomi: バク = wheat, barley, oats, rye",Guess the meaning of the Kunyomi reading,Text
"半,||なかば||","half, semi, middle, halfway, partly","Onyomi: ハン = half, odd number, semi, hemi, demi",Guess the meaning of the Kunyomi reading,Text
"父,||ちち||","father","Onyomi: フ = father",Guess the meaning of the Kunyomi reading,Text
"風,||かぜ,かざ||","wind, storm, breeze, draft, current of air, a cold","Onyomi: フウ,フ = wind, air, look, appearance, bearing, mien, deportment, manners, custom, trend, tone, tendency, way, fashion, manner, style, type, disposition, turn of mind, kind, vein, state, condition",Guess the meaning of the Kunyomi reading,Text
"分,||わける,わかれる,わかる,わかつ||","understand, comprehend, know, be known, be identified, be open to reason, be sensible, can tell (what will happen), appreciate, be announced, be discovered, recognize,divide, split, separate, iso","Onyomi: ブン,フン,ブ = dividing, part, segment, share, ration, rate, degree, one's lot, one's status, relation, duty, kind, lot,a minute of time, onesixtieth of a degree, onetenth of a momme,rate, part, percentage, one percent, thickness, odds, chance of winning, onetenth of a shaku, one quarter of a ryo",Guess the meaning of the Kunyomi reading,Text
"聞,||きく,きこえる||","hear, listen to, learn of, inquire, follow advice,be heard, sound, ring, seem, be well known, be reasonable","Onyomi: ブン,モン = hear, listen to, learn of, inquire, follow advice",Guess the meaning of the Kunyomi reading,Text
"米,||こめ||","rice","Onyomi: ベイ,マイ = rice, U.S.A.",Guess the meaning of the Kunyomi reading,Text
"母,||はは||","mother, cause, motive","Onyomi: ボ = mother, cause, motive",Guess the meaning of the Kunyomi reading,Text
"歩,||あるく,あゆむ||","walk, hike, step","Onyomi: ホ,ブ,フ = step, pace, foot soldier,rate, six feet square, tsubo, change of winning,pawn (in Japanese chess)",Guess the meaning of the Kunyomi reading,Text
"方,||かた||","direction, settlement, person","Onyomi: ホウ = direction, way, side, part, square, way, method, means, scheme, process",Guess the meaning of the Kunyomi reading,Text
"北,||きた||","north","Onyomi: ホク = north",Guess the meaning of the Kunyomi reading,Text
"妹,||いもうと||","younger sister","Onyomi: マイ = younger sister",Guess the meaning of the Kunyomi reading,Text
"鳴,||なく,なる,ならす||","(animals and birds) cry, bark, chirp, etc,sound, ring, roar, (thunder) rumbles, (clocks) strike, boom, resound, echo, be famous, (fingers) itch for, sonorous, ringing, squeaky,blow (a whistle), b","Onyomi: メイ = (animals and birds) cry, bark, chirp, etc,",Guess the meaning of the Kunyomi reading,Text
"明,||あかり,あかるい,あかるむ,あからむ,あきらか,あける,あく,あくる,あかす||","open, empty, vacate, leave (a space), clear (the table), make (a hole), reserve (a seat), stay away from, dawn, end, expire, be over, open, begin,be opened, start, commence, become vacant, become","Onyomi: メイ,ミョウ = clearness, shining, eyesight, discernment,next (week), tomorrow (morning)",Guess the meaning of the Kunyomi reading,Text
"毛,||け||","hair, fur, feather, down","Onyomi: モウ = hair, tenth of a rin",Guess the meaning of the Kunyomi reading,Text
"門,||かど||","gate, door","Onyomi: モン = gate, gateway, private school, class, counter for cannon",Guess the meaning of the Kunyomi reading,Text
"野,||の||","field, plain","Onyomi: ヤ = field, plain, the Opposition, civilian life, rustic",Guess the meaning of the Kunyomi reading,Text
"夜,||よ,よる||","evening, night, nighttime, at night","Onyomi: ヤ = night",Guess the meaning of the Kunyomi reading,Text
"友,||とも||","friend, companion, pal","Onyomi: ユウ = friend, companion, pal",Guess the meaning of the Kunyomi reading,Text
"用,||もちいる||","use, adopt (a method), employ","Onyomi: ヨウ = business, work, function, errand, engagement, use, service, expenses, call of nature,for, used for",Guess the meaning of the Kunyomi reading,Text
"来,||くる,きたる,きたす||","come, arrive, be due to, next, forthcoming,cause, bring about, produce,come to hand, approach, call on, come on (rain), set in, be due, become, grow, get, come from, be caused by, derive from","Onyomi: ライ = come,since (last month), for (ten days),next (year)",Guess the meaning of the Kunyomi reading,Text
"里,||さと||","village, hamlet, the country, parents' home","Onyomi: リ = village, a Japanese league, 2.44 miles",Guess the meaning of the Kunyomi reading,Text
"話,||はなす,はなし||","talk, speak, converse, tell, explain,chat, conversation, story, rumor, news, consultation, negotiations, facts, reasons","Onyomi: ワ = talk, speak, converse, tell, explain",Guess the meaning of the Kunyomi reading,Text
"万,||マン,バン||","ten thousand, myriad,fully, if by any chance","",Guess the meaning of the Onyomi reading,Text
"京,||キョウ,ケイ||","ten quadrillion, captital, metropolis, Kyoto","",Guess the meaning of the Onyomi reading,Text
"午,||ゴ||","11 a.m.1 p.m., 7th zodiac sign","",Guess the meaning of the Onyomi reading,Text
"台,||ダイ,タイ||","stand, pedestal, rack, table, dais, bench, block, holder, support, mounting, setting","",Guess the meaning of the Onyomi reading,Text
"地,||チ,ジ||","earth, land, ground, the surface of the earth, soil, place, region, territory, room, space, position, site, foundation,texture, weave, fabric, field (of a flag), disposition, respectability, acco","",Guess the meaning of the Onyomi reading,Text
"工,||コウ,ク||","artisan, mechanic, manufacture, work","",Guess the meaning of the Onyomi reading,Text
"才,||サイ||","ability, talent, aptitude, genius, acumen, intelligence, wit, cubic foot, year, age, time, occasion, opportunity, limit, vicinity","",Guess the meaning of the Onyomi reading,Text
"曜,||ヨウ||","day of the week, light, shining","",Guess the meaning of the Onyomi reading,Text
"毎,||マイ||","each, every, at an interval of, whenever,Apiece","",Guess the meaning of the Onyomi reading,Text
"汽,||キ||","vapor, steam","",Guess the meaning of the Onyomi reading,Text
"活,||カツ||","living, being helped, resuscitation","",Guess the meaning of the Onyomi reading,Text
"点,||テン||","point, mark, score, run, speck, stain, defect, a detail, standpoint, items, pieces, decimal point, vote","",Guess the meaning of the Onyomi reading,Text
"理,||リ||","reason, justice, truth, principle","",Guess the meaning of the Onyomi reading,Text
"画,||ガ,カク||","picture, drawing, painting, sketch, stroke (in a character)","",Guess the meaning of the Onyomi reading,Text
"番,||バン||","watch, guard, duty, number, order, size, game, round, turn, bout","",Guess the meaning of the Onyomi reading,Text
"科,||カ||","course, branch, department, faculty, school, college, arm (of defense), family (in biology)","",Guess the meaning of the Onyomi reading,Text
"算,||サン||","divining (block), calculation, number, abacus, plan, probability","",Guess the meaning of the Onyomi reading,Text
"絵,||カイ,エ||","picture, drawing, painting, sketch, illustration, cut, print","",Guess the meaning of the Onyomi reading,Text
"線,||セン||","line, track, route, wire","",Guess the meaning of the Onyomi reading,Text
"肉,||ニク||","flesh, muscles, meat, the flesh, seal pad, ink pad, thickness, succulence","",Guess the meaning of the Onyomi reading,Text
"茶,||チャ,サ||","tea, tea plant, tea leaves, light brown","",Guess the meaning of the Onyomi reading,Text
"週,||シュウ||","week","",Guess the meaning of the Onyomi reading,Text
"電,||デン||","electricity","",Guess the meaning of the Onyomi reading,Text
"間,||カン,ケン||","interval, space, between, among, discord, favorable opportunity, six feet","Kunyomi: あいだ,ま = space, interval, gap, between, among, midway, on the way, distance, time, period, relationship, room, pause, rest (in music), a while, leisure, luck, timing, harmony",Guess the meaning of the Onyomi reading,Text
"会,||カイ,エ||","Buddhist ceremony, understanding, meeting, assembly, party, association, club","Kunyomi: あう = meet, interview",Guess the meaning of the Onyomi reading,Text
"合,||ゴウ,ガッ,カッ||","onetenth","Kunyomi: あう,あわす,あわせる = fit, suit, agree with, match, be correct, pay, be profitable,join together, be opposite, face, unite, combine, connect, add up, mix, match, overlap, compare, check with",Guess the meaning of the Onyomi reading,Text
"明,||メイ,ミョウ||","clearness, shining, eyesight, discernment,next (week), tomorrow (morning)","Kunyomi: あかり,あかるい,あかるむ,あからむ,あきらか,あける,あく,あくる,あかす = open, empty, vacate, leave (a space), clear (the table), make (a hole), reserve (a seat), stay away from, dawn, end, expire, be over, open, begin,be opened, start, commence, become vacant, become empty, be disengaged, be free, expire, be over,spend, pass the time, reveal, divulge,light, lamp, vindication,bright, cheerful, sunny, clear, clean, conversant with,plain, distinct, definite, obvious, indisputable, evident,next, following",Guess the meaning of the Onyomi reading,Text
"秋,||シュウ||","autumn","Kunyomi: あき = autumn",Guess the meaning of the Onyomi reading,Text
"朝,||チョウ||","dynasty, reign, regime, period, epoch, the court","Kunyomi: あさ = morning, forenoon",Guess the meaning of the Onyomi reading,Text
"頭,||トウ,ズ,ト||","head, counter for large mammals","Kunyomi: あたま,かしら = head, brain, mind, intellect, leader, top, head (of boil), idea, hair, point of view, consideration,leader, chief",Guess the meaning of the Onyomi reading,Text
"新,||シン||","newness, novelty,new, modern, novel, fresh, neo","Kunyomi: あたらしい,あらた,にい = new, novel, fresh, recent, modern",Guess the meaning of the Onyomi reading,Text
"当,||トウ||","right, appropriateness, fairness, himself, itself, at the time","Kunyomi: あたる,あてる = hit, strike, dash into, touch, shine on, guess right, be fulfilled, succeed, confront, lie (to the south), treat, fell out, undertake, be worth, correspond to, be related to, apply to, draw (a prize), be assigned to, be affected by, be spoiling, be exposed to, warm oneself, shave, grind, this coming (15th), turn out well, take well, be punished (by heaven), stand to reason, deal with, engage (the enemy), need not to (with negative), have (one's turn), be charged with,apply, place, put, hit (the mark), guess, succeed, expose to, sit (on a cushion), assign, allocate, call",Guess the meaning of the Onyomi reading,Text
"兄,||ケイ,キョウ||","brother, you, elder brother","Kunyomi: あに = elder brother",Guess the meaning of the Onyomi reading,Text
"姉,||シ||","elder sister","Kunyomi: あね = elder sister",Guess the meaning of the Onyomi reading,Text
"歩,||ホ,ブ,フ||","step, pace, foot soldier,rate, six feet square, tsubo, change of winning,pawn (in Japanese chess)","Kunyomi: あるく,あゆむ = walk, hike, step",Guess the meaning of the Onyomi reading,Text
"言,||ゲン,ゴン||","word, phrase, speech, statement","Kunyomi: いう,こと = say, tell, talk, speak, declare, call, term, name.word",Guess the meaning of the Onyomi reading,Text
"家,||カ,ケ||","house","Kunyomi: いえ,や = house, home, residence, housing, family, household, family name, fortune, shop, store, seller, dealer",Guess the meaning of the Onyomi reading,Text
"行,||コウ,ギョウ,アン||","party, suite, journey, expedition, line, row,religious austerities.","Kunyomi: いく,ゆく,おこなう = go, run (water),do, act, conduct oneself, carry out, perform, conduct (school), exercise (control), hold (a ceremony)",Guess the meaning of the Onyomi reading,Text
"池,||チ||","pond, pool, cistern, basin, reservoir","Kunyomi: いけ = pond, pool, cistern, basin, reservoir",Guess the meaning of the Onyomi reading,Text
"市,||シ||","city, town, market","Kunyomi: いち = market, fair",Guess the meaning of the Onyomi reading,Text
"今,||コン,キン||","now, the present, the coming, this","Kunyomi: いま = now, present time, just now, soon, immediately, (one) more",Guess the meaning of the Onyomi reading,Text
"妹,||マイ||","younger sister","Kunyomi: いもうと = younger sister",Guess the meaning of the Onyomi reading,Text
"色,||ショク,シキ||","color","Kunyomi: いろ = color, tint, tinge, complexion, countenance, look, sensual pleasure, sweetheart, charms, fall colors, embellishment, slight concession, kind",Guess the meaning of the Onyomi reading,Text
"岩,||ガン||","rock, crag, reef","Kunyomi: いわ = rock, crag, reef",Guess the meaning of the Onyomi reading,Text
"魚,||ギョ||","fish","Kunyomi: うお,さかな = fish",Guess the meaning of the Onyomi reading,Text
"牛,||ギュウ||","beef, cow","Kunyomi: うし = cattle, cow, bull, ox",Guess the meaning of the Onyomi reading,Text
"歌,||カ||","sing, recite, chant, carol","Kunyomi: うた,うたう = sing, recite, chant, carol, poem, tanka, ballad, poetry, singing",Guess the meaning of the Onyomi reading,Text
"内,||ナイ,ダイ||","inside, interior, within, between, among,within, within the scope of","Kunyomi: うち = inside, interior, house, home, within, between, among, out of, mind, myself,inner",Guess the meaning of the Onyomi reading,Text
"馬,||バ||","horse","Kunyomi: うま,ま = horse, horseflesh",Guess the meaning of the Onyomi reading,Text
"海,||カイ||","sea, ocean","Kunyomi: うみ = sea, ocean",Guess the meaning of the Onyomi reading,Text
"売,||バイ||","selling","Kunyomi: うる,うれる = sell, deal in, betray, deceive, impose on, tell on, pick (a quarrel),be in demand, enjoy a large sale, be well known",Guess the meaning of the Onyomi reading,Text
"多,||タ||","much","Kunyomi: おおい = many, copious, abundant, much, frequent",Guess the meaning of the Onyomi reading,Text
"公,||コウ||","public, duke, lord, public","Kunyomi: おおやけ = public, open, official, governmental, formal",Guess the meaning of the Onyomi reading,Text
"教,||キョウ||","faith","Kunyomi: おしえる,おそわる = teach, give lessons, inform, coach, learn, be taught, take lessons in",Guess the meaning of the Onyomi reading,Text
"弟,||テイ,ダイ,デ||","younger brother, faithful service to those older, brotherly affection","Kunyomi: おとうと = younger brother",Guess the meaning of the Onyomi reading,Text
"同,||ドウ||","the same, the said, ibid","Kunyomi: おなじ = same, identical, equal, uniform, equivalent, similar, common (origin), changeless",Guess the meaning of the Onyomi reading,Text
"思,||シ||","think, believe, judge, esteem, consider, realize, feel like, regard as, anticipate, imagine, suppose, guess, mistake for, recall, intend, desire, love, care for, yearn after, wonder, suspect","Kunyomi: おもう = think, believe, judge, esteem, consider, realize, feel like, regard as, anticipate, imagine, suppose, guess, mistake for, recall, intend, desire, love, care for, yearn after, wonder, suspect",Guess the meaning of the Onyomi reading,Text
"親,||シン||","intimacy, parents, relative","Kunyomi: おや,したしい,したしむ = parent, dealer (in card games), banker (in gambling),intimate, familiar, friendly,be intimate with, have a liking for, take habitually",Guess the meaning of the Onyomi reading,Text
"買,||バイ||","buying","Kunyomi: かう = buy, invest in, incur, appreciate, call in (geisha)",Guess the meaning of the Onyomi reading,Text
"帰,||キ||","return, take one's leave, come again, come around (time)","Kunyomi: かえる,かえす = return, take one's leave, come again, come around (time), send (someone) back",Guess the meaning of the Onyomi reading,Text
"顔,||ガン||","face, countenance","Kunyomi: かお = face, countenance, expression, honor, prestige",Guess the meaning of the Onyomi reading,Text
"書,||ショ||","handwriting, letter, note, book","Kunyomi: かく = write, compose, draw, paint",Guess the meaning of the Onyomi reading,Text
"数,||スウ,ス||","strength, fate, law, numbers, figures, numerical","Kunyomi: かず,かぞえる = number, figure,count, calculate, enumerate",Guess the meaning of the Onyomi reading,Text
"風,||フウ,フ||","wind, air, look, appearance, bearing, mien, deportment, manners, custom, trend, tone, tendency, way, fashion, manner, style, type, disposition, turn of mind, kind, vein, state, condition","Kunyomi: かぜ,かざ = wind, storm, breeze, draft, current of air, a cold",Guess the meaning of the Onyomi reading,Text
"方,||ホウ||","direction, way, side, part, square, way, method, means, scheme, process","Kunyomi: かた = direction, settlement, person",Guess the meaning of the Onyomi reading,Text
"形,||ケイ,ギョウ||","shape","Kunyomi: かた,かたち = shape, form, make, size, format, mark, pattern, design, personal appearance",Guess the meaning of the Onyomi reading,Text
"刀,||トウ||","sword, saber, knife, engraving tool","Kunyomi: かたな = sword, blade",Guess the meaning of the Onyomi reading,Text
"語,||ゴ||","word, speech, language, term","Kunyomi: かたる,かたらう = talk, tell, narrate, recite,chat, pledge one's troth, invite, entice, win, conspire with",Guess the meaning of the Onyomi reading,Text
"門,||モン||","gate, gateway, private school, class, counter for cannon","Kunyomi: かど = gate, door",Guess the meaning of the Onyomi reading,Text
"角,||カク||","angle, corner, square, squared timber, target","Kunyomi: かど,つの = corner, angle, edge, angularity, harshness, horn, feeler, tentacle",Guess the meaning of the Onyomi reading,Text
"紙,||シ||","paper","Kunyomi: かみ = paper",Guess the meaning of the Onyomi reading,Text
"体,||タイ,テイ||","the body, substance, object, reality, style, form, image counter,appearance, air, condition, state","Kunyomi: からだ = body, health",Guess the meaning of the Onyomi reading,Text
"考,||コウ||","thought, consideration, research, treatise","Kunyomi: かんがえる = think, consider, believe, suspect, be of the opinion, intend, expect, hope, fear, judge, conclude, imagine, suppose, regard as, be discreet, ponder over, reconsider, be prepared for, invent",Guess the meaning of the Onyomi reading,Text
"黄,||コウ,オウ||","yellow","Kunyomi: き,こ = yellow,turn yellow,yellow tint",Guess the meaning of the Onyomi reading,Text
"聞,||ブン,モン||","hear, listen to, learn of, inquire, follow advice","Kunyomi: きく,きこえる = hear, listen to, learn of, inquire, follow advice,be heard, sound, ring, seem, be well known, be reasonable",Guess the meaning of the Onyomi reading,Text
"北,||ホク||","north","Kunyomi: きた = north",Guess the meaning of the Onyomi reading,Text
"切,||セツ,サイ||","cut, chop, hash, carve, saw, clip, shear, slice, strip, fell, cut down, punch, sever (connections), pause, break off, disconnect, turn off, hang up, cross (a street), discount, sell below cost, s","Kunyomi: きる,きれる = cut, chop, hash, carve, saw, clip, shear, slice, strip, fell, cut down, punch, sever (connections), pause, break off, disconnect, turn off, hang up, cross (a street), discount, sell below cost, shake (water) off,cut well, be sharp, break, snap, wear out, be injured, burst, collapse, break off, be disconnected, be out of, expire, sever (connections) with, sharp, shrewd, less than",Guess the meaning of the Onyomi reading,Text
"食,||ショク,ジキ||","food, provisions, eating, meal, appetite","Kunyomi: くう,くらう,たべる = eat, subsist on, support oneself, consume, get (a scolding), encroach, bite at, gnaw at, (shoes) pinch, be cheated,drink, receive (a blow)",Guess the meaning of the Onyomi reading,Text
"国,||コク||","country","Kunyomi: くに = country, land, realm, province, native land",Guess the meaning of the Onyomi reading,Text
"首,||シュ||","head, neck, beginning, the first, poem and song counter","Kunyomi: くび = neck, head",Guess the meaning of the Onyomi reading,Text
"組,||ソ||","take part in, be implicated in, side with, support","Kunyomi: くむ,くみ = braid, plait, construct, assemble, cross (legs), fold (arms), unite with, cooperate with, grapple with,class, party, group, set, pack (of cards), suit, assortment, typesetting",Guess the meaning of the Onyomi reading,Text
"雲,||ウン||","cloud","Kunyomi: くも = cloud",Guess the meaning of the Onyomi reading,Text
"来,||ライ||","come,since (last month), for (ten days),next (year)","Kunyomi: くる,きたる,きたす = come, arrive, be due to, next, forthcoming,cause, bring about, produce,come to hand, approach, call on, come on (rain), set in, be due, become, grow, get, come from, be caused by, derive from",Guess the meaning of the Onyomi reading,Text
"黒,||コク||","black, dark","Kunyomi: くろ,くろい = black, dark, swarthy, browned, dirty",Guess the meaning of the Onyomi reading,Text
"毛,||モウ||","hair, tenth of a rin","Kunyomi: け = hair, fur, feather, down",Guess the meaning of the Onyomi reading,Text
"声,||セイ,ショウ||","voice, tone, alarm, cry, (bird) song, chirp","Kunyomi: こえ,こわ = voice, tone, alarm, cry, (bird) song, chirp",Guess the meaning of the Onyomi reading,Text
"心,||シン||","heart, mind, spirit, motive, sense (of duty), padding, wick, core, marrow, vitality","Kunyomi: こころ = mind, spirit, mentality, idea, thought, heart, feeling, wholeheartedness, sincerity, sympathy, attention, interest, care, will, intention, taste, mood, true meaning (of a poem)",Guess the meaning of the Onyomi reading,Text
"答,||トウ||","answer","Kunyomi: こたえる,こたえ = answer, respond, solve,solution",Guess the meaning of the Onyomi reading,Text
"米,||ベイ,マイ||","rice, U.S.A.","Kunyomi: こめ = rice",Guess the meaning of the Onyomi reading,Text
"里,||リ||","village, a Japanese league, 2.44 miles","Kunyomi: さと = village, hamlet, the country, parents' home",Guess the meaning of the Onyomi reading,Text
"知,||チ||","know, acquaintance, sense","Kunyomi: しる = know, understand, appreciate recognize, realize, notice, sense, feel, remember, infer, gather, be concerned with",Guess the meaning of the Onyomi reading,Text
"記,||キ||","account, narrative, history, annals, remembering, writing, the Kojiki","Kunyomi: しるす = write down, inscribe, mention, give an account of",Guess the meaning of the Onyomi reading,Text
"少,||ショウ||","few, small, young","Kunyomi: すくない,すこし = a small quantity, a little, a few, something, a little while, a short distance,few, a little, scarce, insufficient, seldom",Guess the meaning of the Onyomi reading,Text
"外,||ガイ,ゲ||","outside, without, beside, beyond the scope off","Kunyomi: そと,ほか,はずす,はずれる = outside, exterior, open air, some other place, outside, the rest, take off, remove, unfasten, undo, detach, disconnect, put out off gear, miss, fail, avoid, evade, dodge, be off, come off, be or get out of place, be out of gear, run off the track, slip out or off, be dislocated, be disconnected, be off the hook (a phone), be unbuttoned, be unzipped",Guess the meaning of the Onyomi reading,Text
"園,||エン||","garden, yard, plantation, farm","Kunyomi: その = garden, park",Guess the meaning of the Onyomi reading,Text
"高,||コウ||","high","Kunyomi: たかい,たか,たかまる,たかめる = high, tall, lofty, raised, elevated, eminent, exalted, noble, loud, stentorian, expensive, widely known,quantity, volume, amount, sum, rise (in prices), fief,rise, swell, be elevated, be promoted, increase,raise, lift, promote, elevate, improve, enhance, ennoble, heighten, boost",Guess the meaning of the Onyomi reading,Text
"直,||チョク,ジキ||","honesty, frankness, simplicity, correctness, being straight, night duty","Kunyomi: ただちに,なおす,なおる = be mended, get well, be restored, return to normal, be installed (as a legal wife), change (from third to second class),mend, repair, put in order, reform, correct, revise, amend, redo, alter, cure, restore, adjust, regulate, convert (money),immediately, directly, in person",Guess the meaning of the Onyomi reading,Text
"谷,||コク||","valley, dale, ravine, trough (of a wave), trough (in atmospheric pressure)","Kunyomi: たに = valley, dale, ravine, trough (of a wave), trough (in atmospheric pressure)",Guess the meaning of the Onyomi reading,Text
"楽,||ガク,ラク||","music, comfort, ease, relief, pleasure, concluding program","Kunyomi: たのしい,たのしむ = enjoy, amuse oneself, anticipate, merry, pleasant, cheerful, joyful",Guess the meaning of the Onyomi reading,Text
"近,||キン||","early, immediate, near, short (road), close by, akin to, nearby, bordering on, verge of, tantamount to, intimate, friendly","Kunyomi: ちかい = early, immediate, near, short (road), close by, akin to, nearby, bordering on, verge of, tantamount to, intimate, friendly",Guess the meaning of the Onyomi reading,Text
"父,||フ||","father","Kunyomi: ちち = father",Guess the meaning of the Onyomi reading,Text
"作,||サク,サ||","a work, a production, tillage, harvest, ridge (in a field)","Kunyomi: つくる = a work, a production, tillage, harvest, ridge (in a field)",Guess the meaning of the Onyomi reading,Text
"強,||キョウ,ゴウ||","strength, might, strong person","Kunyomi: つよい,つよまる,つよめる,しいる = strong, powerful, mighty, robust, vigorous, healthy, brave, courageous, severe, intense, durable, solid, get strong, strengthen, intensify, invigorate, confirm, emphasize, increase, redouble, force, coerce, constrain, compel",Guess the meaning of the Onyomi reading,Text
"寺,||ジ||","temple","Kunyomi: てら = temple",Guess the meaning of the Onyomi reading,Text
"戸,||コ||","house, door, family, counter for houses","Kunyomi: と = door",Guess the meaning of the Onyomi reading,Text
"遠,||エン,オン||","far, distant, remote, hard (of hearing)","Kunyomi: とおい = far, distant, remote, hard (of hearing)",Guess the meaning of the Onyomi reading,Text
"通,||ツウ,ツ||","pass, expert","Kunyomi: とおる,とおす,かよう = walk along, pass by, pass through, pass (exams), be knows as, be admissible, come in, be understood, reach, draw (on a piece), drain (as a sink), be consistent,let (someone) pass, pass (something) through, make way for, let in, admit, usher in, cut through, pierce, permeate, penetrate, carry one's point, persist in, look over (a book), keep on doing, continue, pose as, pass (a law), order (a meal),commute, attend (school), ply between, frequent (a place), go (for treatments), circulate, breathe, be charged with",Guess the meaning of the Onyomi reading,Text
"時,||ジ||","hour, o'clock, time, Buddhist sect originating in the thirteenth century","Kunyomi: とき = time, hour, moment, occasion, season, opportunity, the times, tense",Guess the meaning of the Onyomi reading,Text
"止,||シ||","stop, halt, stand still, pull up, cease, be interrupted, be discontinued, be choked, alight on, perch, roost, be held in position","Kunyomi: とまる,とめる = stop, halt, stand still, pull up, cease, be interrupted, be discontinued, be choked, alight on, perch, roost, be held in position,check, allay (pain), fasten, turn off, detain, forbid to do, dissuade",Guess the meaning of the Onyomi reading,Text
"友,||ユウ||","friend, companion, pal","Kunyomi: とも = friend, companion, pal",Guess the meaning of the Onyomi reading,Text
"鳥,||チョウ||","bird","Kunyomi: とり = bird, chicken, fowl",Guess the meaning of the Onyomi reading,Text
"長,||チョウ||","head, chief, headman, commander, director, manager, merit, forte, advantage, superiority, length","Kunyomi: ながい = long, lengthy",Guess the meaning of the Onyomi reading,Text
"半,||ハン||","half, odd number, semi, hemi, demi","Kunyomi: なかば = half, semi, middle, halfway, partly",Guess the meaning of the Onyomi reading,Text
"鳴,||メイ||","(animals and birds) cry, bark, chirp, etc,","Kunyomi: なく,なる,ならす = (animals and birds) cry, bark, chirp, etc,sound, ring, roar, (thunder) rumbles, (clocks) strike, boom, resound, echo, be famous, (fingers) itch for, sonorous, ringing, squeaky,blow (a whistle), beat (drums), clank, clink, clap, crack (a whip), smack (lips), cluck (one's tongue), honk, air (grievances), attain (celebrity)",Guess the meaning of the Onyomi reading,Text
"夏,||カ,ゲ||","summer","Kunyomi: なつ = summer",Guess the meaning of the Onyomi reading,Text
"何,||カ||","what","Kunyomi: なに,なん = what",Guess the meaning of the Onyomi reading,Text
"西,||セイ,サイ||","west","Kunyomi: にし = west",Guess the meaning of the Onyomi reading,Text
"野,||ヤ||","field, plain, the Opposition, civilian life, rustic","Kunyomi: の = field, plain",Guess the meaning of the Onyomi reading,Text
"後,||ゴ,コウ||","back, rear, behind","Kunyomi: のち,うしろ,あと,おくれる = after, since then, future, after one's death,back, rear, behind,results, remainder, sequel, posterity, successor, survivor, effect, influence, estate,be late, be delayed, be overdue, lag behind, (clocks) lose",Guess the meaning of the Onyomi reading,Text
"場,||ジョウ||","place, grounds, links, range, course, track, ring","Kunyomi: ば = place, site, space, seat, scene, occasion, situation",Guess the meaning of the Onyomi reading,Text
"羽,||ウ||","feather","Kunyomi: は,はね = feather, plumage, wing, blade, paddle, fan",Guess the meaning of the Onyomi reading,Text
"図,||ズ,ト||","drawing, plan, figure, cut, chart, diagram, illustration, graph","Kunyomi: はかる = measure, gauge, weigh, fathom, sound, compute, estimate, plan, devise, scheme, counsel with, have in mind, aim at, deceive, impose on",Guess the meaning of the Onyomi reading,Text
"計,||ケイ||","plan, scheme, trick, total, meter, gauge","Kunyomi: はかる,はからう = measure, gauge, weigh, fathom, sound, compute, estimate, manage, arrange, dispose of, see about, talk over",Guess the meaning of the Onyomi reading,Text
"走,||ソウ||","run, rush, flee, turn to, become, go to excess","Kunyomi: はしる = run, rush, flee, turn to, become, go to excess",Guess the meaning of the Onyomi reading,Text
"話,||ワ||","talk, speak, converse, tell, explain","Kunyomi: はなす,はなし = talk, speak, converse, tell, explain,chat, conversation, story, rumor, news, consultation, negotiations, facts, reasons",Guess the meaning of the Onyomi reading,Text
"母,||ボ||","mother, cause, motive","Kunyomi: はは = mother, cause, motive",Guess the meaning of the Onyomi reading,Text
"原,||ゲン||","original, primitive","Kunyomi: はら = field, plain, prairie, tundra, moor, wilderness",Guess the meaning of the Onyomi reading,Text
"春,||シュン||","spring","Kunyomi: はる = spring, springtime",Guess the meaning of the Onyomi reading,Text
"晴,||セイ||","clear up, (doubts) vanish, be refreshed","Kunyomi: はれる,はらす = clear up, (doubts) vanish, be refreshed,dispel, clear away (gloom), refresh (oneself)",Guess the meaning of the Onyomi reading,Text
"東,||トウ||","east","Kunyomi: ひがし = east",Guess the meaning of the Onyomi reading,Text
"光,||コウ||","light","Kunyomi: ひかる,ひかり = shine, glitter, sparkle, twinkle, flash,light, beam, glare, gleam, glimmer, glow, brightness, radiance, glitter, luster, influence (of parents)",Guess the meaning of the Onyomi reading,Text
"引,||イン||","draw, pull, haul, tug, jerk, drag, trail, bend, attract, lead (horses or captives), draw (lines), admit, install (utilities), quote, refer to, look up (words), subtract, reduce, apply, daub on, b","Kunyomi: ひく,ひける = draw, pull, haul, tug, jerk, drag, trail, bend, attract, lead (horses or captives), draw (lines), admit, install (utilities), quote, refer to, look up (words), subtract, reduce, apply, daub on, blunt (a sword), patronize, choose, draw (a line), catch (a cold), retreat, withdraw, retire, subside, close, be over, can discount, slink away",Guess the meaning of the Onyomi reading,Text
"昼,||チュウ||","daytime, midday","Kunyomi: ひる = daytime, midday, noon",Guess the meaning of the Onyomi reading,Text
"広,||コウ||","spread out, extend, reach to","Kunyomi: ひろい,ひろまる,ひろめる,ひろがる,ひろげる = spread out, extend, reach to,expand, enlarge, widen, unfurl, open (arms of a package), stretch, spread,be diffused, prevail, be propagated, prevade, be circulated, become popular,enlargel, disseminate, popularize, advertise, introduce, announcement, advertisement,wide, broad, extensive, spacious",Guess the meaning of the Onyomi reading,Text
"太,||タイ,タ||","get fat, gain, fill out","Kunyomi: ふとい,ふとる = get fat, gain, fill out,big, thick, burly, fat, deep, sonorous (voice), shameless, audacious, insolent",Guess the meaning of the Onyomi reading,Text
"船,||セン||","ship","Kunyomi: ふね,ふな = boat, ship, vessel, steamer, liner, barge, shipping, tank, trough, cistern, vat",Guess the meaning of the Onyomi reading,Text
"冬,||トウ||","winter","Kunyomi: ふゆ = winter",Guess the meaning of the Onyomi reading,Text
"古,||コ||","old","Kunyomi: ふるい,ふるす = old, aged, ancient, antiquated, stale, threadbare, outmoded, obsolete article",Guess the meaning of the Onyomi reading,Text
"星,||セイ,ショウ||","star","Kunyomi: ほし = star, spot, dot, mark, bull's eye, one's fortune, point, score",Guess the meaning of the Onyomi reading,Text
"細,||サイ||","get thin, taper off","Kunyomi: ほそい,ほそる,こまか,こまかい = get thin, taper off,fine (line), thin (voice), slender, narrow (trousers),small, fine, detailed, minor, trifling, elaborate, delicate, stingy, frugal, small (change)",Guess the meaning of the Onyomi reading,Text
"前,||ゼン||","before","Kunyomi: まえ = front, fore part, head (of a line), presence, ago, before, previously, (five minutes) to",Guess the meaning of the Onyomi reading,Text
"交,||コウ||","coming and going, association, change of seasons","Kunyomi: まじわる,まじえる,まじる,まざる,まぜる,かう,かわす = associate with, mingle with, interest, join,mix, converse with, cross (swords),blend, mingle, include, let in on,be mixed, be blended,exchange (messages), dodge, parry, avoid, turn aside",Guess the meaning of the Onyomi reading,Text
"丸,||ガン||","full (month), perfection, purity, the shipname suffix anciently used after the name of a sword or a child","Kunyomi: まる,まるい,まるめる = full (month), perfection, purity, the shipname suffix anciently used after the name of a sword or a child, make round, round off, roll up, curl up, seduce, cajole, explain away, round, circular, spherical",Guess the meaning of the Onyomi reading,Text
"回,||カイ,エ||","time, round, game, bout, heat, inning, innings, go around","Kunyomi: まわる,まわす = and, turn, go around, revolve, rotate, spin, gyrate, patrol, tour, take effect (medicine), be distributed, be past (time), be transferred, circularize, pass around, forward, transmit, refer to, transfer, lend money",Guess the meaning of the Onyomi reading,Text
"自,||ジ,シ||","oneself","Kunyomi: みずから = oneself, personally",Guess the meaning of the Onyomi reading,Text
"店,||テン||","shop, store","Kunyomi: みせ = shop, store, booth",Guess the meaning of the Onyomi reading,Text
"道,||ドウ,トウ||","district, province, prefecture, road","Kunyomi: みち = road, path, lane, way, street, highway, route, journey, distance, course, way, means, duty, morality, moral doctrine, teachings, specialty, an art, reason, justice",Guess the meaning of the Onyomi reading,Text
"南,||ナン,ナ||","south","Kunyomi: みなみ = south",Guess the meaning of the Onyomi reading,Text
"麦,||バク||","wheat, barley, oats, rye","Kunyomi: むぎ = wheat, barley, oats, rye",Guess the meaning of the Onyomi reading,Text
"室,||シツ||","room, apartment, compartment, chamber","Kunyomi: むろ = greenhouse, (ice) house, cellar",Guess the meaning of the Onyomi reading,Text
"用,||ヨウ||","business, work, function, errand, engagement, use, service, expenses, call of nature,for, used for","Kunyomi: もちいる = use, adopt (a method), employ",Guess the meaning of the Onyomi reading,Text
"元,||ゲン,ガン||","yuan, origin, New Year’s Day, first year of an era,Gen Mongol (dynasty)","Kunyomi: もと = beginning, origin, foundation, basis, source, cause, root (of a tree), (raw) material, base, capital, principal, cost, forebears, formerly",Guess the meaning of the Onyomi reading,Text
"矢,||シ||","arrow","Kunyomi: や = arrow",Guess the meaning of the Onyomi reading,Text
"社,||シャ||","Shinto shrine, association, firm, company, office","Kunyomi: やしろ = Shinto shrine",Guess the meaning of the Onyomi reading,Text
"雪,||セツ||","snow, snowfall","Kunyomi: ゆき = snow, snowfall",Guess the meaning of the Onyomi reading,Text
"弓,||キュウ||","bow, violin bow","Kunyomi: ゆみ = bow, archery, violin bow, bow shape",Guess the meaning of the Onyomi reading,Text
"夜,||ヤ||","night","Kunyomi: よ,よる = evening, night, nighttime, at night",Guess the meaning of the Onyomi reading,Text
"読,||ドク,トク,トウ||","reading","Kunyomi: よむ = read, peruse, understand, read (one's heart), guess, divine",Guess the meaning of the Onyomi reading,Text
"弱,||ジャク||","weakness, the weak","Kunyomi: よわい,よわる,よわまる,よわめる = weaken, be emaciated, be dejected, be perplexed,impair, enfeeble,weak, feeble, frail, tender, unskilled, weak (alcoholic beverage)",Guess the meaning of the Onyomi reading,Text
"分,||ブン,フン,ブ||","dividing, part, segment, share, ration, rate, degree, one's lot, one's status, relation, duty, kind, lot,a minute of time, onesixtieth of a degree, onetenth of a momme,rate, part, percentage, one","Kunyomi: わける,わかれる,わかる,わかつ = understand, comprehend, know, be known, be identified, be open to reason, be sensible, can tell (what will happen), appreciate, be announced, be discovered, recognize,divide, split, separate, isolate, distribute, share, distinguish, spare,share with, distinguish between,branch off, diverge from, fork, split, be divided, part with, be divorced, bid farewell, break up, disperse, scatter",Guess the meaning of the Onyomi reading,Text
"draw, pull, haul, tug, jerk, drag, trail, bend, attract, lead (horses or captives), draw (lines), admit, install (utilities), quote, refer to, look up (words), subtract, reduce, apply, daub on, blunt (a sword), patronize, choose, draw (a line), catch (a cold), retreat, withdraw, retire, subside, close, be over, can discount, slink away [**Kun**]","引,ひく,ひける","Onyomi: イン = draw, pull, haul, tug, jerk, drag, trail, bend, attract, lead (horses or captives), draw (lines), admit, install (utilities), quote, refer to, look up (words), subtract, reduce, apply, daub on, blunt (a sword), patronize, choose, draw (a line), catch (a cold), retreat, withdraw, retire, subside",Guess the romaji equivalent of the Kunyomi reading,Text
"feather, plumage, wing, blade, paddle, fan [**Kun**]","羽,は,はね","Onyomi: ウ = feather",Guess the romaji equivalent of the Kunyomi reading,Text
"cloud [**Kun**]","雲,くも","Onyomi: ウン = cloud",Guess the romaji equivalent of the Kunyomi reading,Text
"garden, park [**Kun**]","園,その","Onyomi: エン = garden, yard, plantation, farm",Guess the romaji equivalent of the Kunyomi reading,Text
"far, distant, remote, hard (of hearing) [**Kun**]","遠,とおい","Onyomi: エン,オン = far, distant, remote, hard (of hearing)",Guess the romaji equivalent of the Kunyomi reading,Text
"sing, recite, chant, carol, poem, tanka, ballad, poetry, singing [**Kun**]","歌,うた,うたう","Onyomi: カ = sing, recite, chant, carol",Guess the romaji equivalent of the Kunyomi reading,Text
"what [**Kun**]","何,なに,なん","Onyomi: カ = what",Guess the romaji equivalent of the Kunyomi reading,Text
"house, home, residence, housing, family, household, family name, fortune, shop, store, seller, dealer [**Kun**]","家,いえ,や","Onyomi: カ,ケ = house",Guess the romaji equivalent of the Kunyomi reading,Text
"summer [**Kun**]","夏,なつ","Onyomi: カ,ゲ = summer",Guess the romaji equivalent of the Kunyomi reading,Text
"sea, ocean [**Kun**]","海,うみ","Onyomi: カイ = sea, ocean",Guess the romaji equivalent of the Kunyomi reading,Text
"meet, interview [**Kun**]","会,あう","Onyomi: カイ,エ = Buddhist ceremony, understanding, meeting, assembly, party, association, club",Guess the romaji equivalent of the Kunyomi reading,Text
"and, turn, go around, revolve, rotate, spin, gyrate, patrol, tour, take effect (medicine), be distributed, be past (time), be transferred, circularize, pass around, forward, transmit, refer to, transfer, lend money [**Kun**]","回,まわる,まわす","Onyomi: カイ,エ = time, round, game, bout, heat, inning, innings, go around",Guess the romaji equivalent of the Kunyomi reading,Text
"outside, exterior, open air, some other place, outside, the rest, take off, remove, unfasten, undo, detach, disconnect, put out off gear, miss, fail, avoid, evade, dodge, be off, come off, be or get out of place, be out of gear, run off the track, slip out or off, be dislocated, be disconnected, be off the hook (a phone), be unbuttoned, be unzipped [**Kun**]","外,そと,ほか,はずす,はずれる","Onyomi: ガイ,ゲ = outside, without, beside, beyond the scope off",Guess the romaji equivalent of the Kunyomi reading,Text
"corner, angle, edge, angularity, harshness, horn, feeler, tentacle [**Kun**]","角,かど,つの","Onyomi: カク = angle, corner, square, squared timber, target",Guess the romaji equivalent of the Kunyomi reading,Text
"enjoy, amuse oneself, anticipate, merry, pleasant, cheerful, joyful [**Kun**]","楽,たのしい,たのしむ","Onyomi: ガク,ラク = music, comfort, ease, relief, pleasure, concluding program",Guess the romaji equivalent of the Kunyomi reading,Text
"face, countenance, expression, honor, prestige [**Kun**]","顔,かお","Onyomi: ガン = face, countenance",Guess the romaji equivalent of the Kunyomi reading,Text
"full (month), perfection, purity, the shipname suffix anciently used after the name of a sword or a child, make round, round off, roll up, curl up, seduce, cajole, explain away, round, circular, spherical [**Kun**]","丸,まる,まるい,まるめる","Onyomi: ガン = full (month), perfection, purity, the shipname suffix anciently used after the name of a sword or a child",Guess the romaji equivalent of the Kunyomi reading,Text
"rock, crag, reef [**Kun**]","岩,いわ","Onyomi: ガン = rock, crag, reef",Guess the romaji equivalent of the Kunyomi reading,Text
"space, interval, gap, between, among, midway, on the way, distance, time, period, relationship, room, pause, rest (in music), a while, leisure, luck, timing, harmony [**Kun**]","間,あいだ,ま","Onyomi: カン,ケン = interval, space, between, among, discord, favorable opportunity, six feet",Guess the romaji equivalent of the Kunyomi reading,Text
"write down, inscribe, mention, give an account of [**Kun**]","記,しるす","Onyomi: キ = account, narrative, history, annals, remembering, writing, the Kojiki",Guess the romaji equivalent of the Kunyomi reading,Text
"return, take one's leave, come again, come around (time), send (someone) back [**Kun**]","帰,かえる,かえす","Onyomi: キ = return, take one's leave, come again, come around (time)",Guess the romaji equivalent of the Kunyomi reading,Text
"cattle, cow, bull, ox [**Kun**]","牛,うし","Onyomi: ギュウ = beef, cow",Guess the romaji equivalent of the Kunyomi reading,Text
"bow, archery, violin bow, bow shape [**Kun**]","弓,ゆみ","Onyomi: キュウ = bow, violin bow",Guess the romaji equivalent of the Kunyomi reading,Text
"fish [**Kun**]","魚,うお,さかな","Onyomi: ギョ = fish",Guess the romaji equivalent of the Kunyomi reading,Text
"teach, give lessons, inform, coach, learn, be taught, take lessons in [**Kun**]","教,おしえる,おそわる","Onyomi: キョウ = faith",Guess the romaji equivalent of the Kunyomi reading,Text
"strong, powerful, mighty, robust, vigorous, healthy, brave, courageous, severe, intense, durable, solid, get strong, strengthen, intensify, invigorate, confirm, emphasize, increase, redouble, force, coerce, constrain, compel [**Kun**]","強,つよい,つよまる,つよめる,しいる","Onyomi: キョウ,ゴウ = strength, might, strong person",Guess the romaji equivalent of the Kunyomi reading,Text
"early, immediate, near, short (road), close by, akin to, nearby, bordering on, verge of, tantamount to, intimate, friendly [**Kun**]","近,ちかい","Onyomi: キン = early, immediate, near, short (road), close by, akin to, nearby, bordering on, verge of, tantamount to, intimate, friendly",Guess the romaji equivalent of the Kunyomi reading,Text
"measure, gauge, weigh, fathom, sound, compute, estimate, manage, arrange, dispose of, see about, talk over [**Kun**]","計,はかる,はからう","Onyomi: ケイ = plan, scheme, trick, total, meter, gauge",Guess the romaji equivalent of the Kunyomi reading,Text
"elder brother [**Kun**]","兄,あに","Onyomi: ケイ,キョウ = brother, you, elder brother",Guess the romaji equivalent of the Kunyomi reading,Text
"shape, form, make, size, format, mark, pattern, design, personal appearance [**Kun**]","形,かた,かたち","Onyomi: ケイ,ギョウ = shape",Guess the romaji equivalent of the Kunyomi reading,Text
"field, plain, prairie, tundra, moor, wilderness [**Kun**]","原,はら","Onyomi: ゲン = original, primitive",Guess the romaji equivalent of the Kunyomi reading,Text
"beginning, origin, foundation, basis, source, cause, root (of a tree), (raw) material, base, capital, principal, cost, forebears, formerly [**Kun**]","元,もと","Onyomi: ゲン,ガン = yuan, origin, New Year’s Day, first year of an era,Gen Mongol (dynasty)",Guess the romaji equivalent of the Kunyomi reading,Text
"say, tell, talk, speak, declare, call, term, name.word [**Kun**]","言,いう,こと","Onyomi: ゲン,ゴン = word, phrase, speech, statement",Guess the romaji equivalent of the Kunyomi reading,Text
"door [**Kun**]","戸,と","Onyomi: コ = house, door, family, counter for houses",Guess the romaji equivalent of the Kunyomi reading,Text
"old, aged, ancient, antiquated, stale, threadbare, outmoded, obsolete article [**Kun**]","古,ふるい,ふるす","Onyomi: コ = old",Guess the romaji equivalent of the Kunyomi reading,Text
"talk, tell, narrate, recite,chat, pledge one's troth, invite, entice, win, conspire with [**Kun**]","語,かたる,かたらう","Onyomi: ゴ = word, speech, language, term",Guess the romaji equivalent of the Kunyomi reading,Text
"after, since then, future, after one's death,back, rear, behind,results, remainder, sequel, posterity, successor, survivor, effect, influence, estate,be late, be delayed, be overdue, lag behind, (clocks) lose [**Kun**]","後,のち,うしろ,あと,おくれる","Onyomi: ゴ,コウ = back, rear, behind",Guess the romaji equivalent of the Kunyomi reading,Text
"associate with, mingle with, interest, join,mix, converse with, cross (swords),blend, mingle, include, let in on,be mixed, be blended,exchange (messages), dodge, parry, avoid, turn aside [**Kun**]","交,まじわる,まじえる,まじる,まざる,まぜる,かう,かわす","Onyomi: コウ = coming and going, association, change of seasons",Guess the romaji equivalent of the Kunyomi reading,Text
"high, tall, lofty, raised, elevated, eminent, exalted, noble, loud, stentorian, expensive, widely known,quantity, volume, amount, sum, rise (in prices), fief,rise, swell, be elevated, be promoted, increase,raise, lift, promote, elevate, improve, enhance, ennoble, heighten, boost [**Kun**]","高,たかい,たか,たかまる,たかめる","Onyomi: コウ = high",Guess the romaji equivalent of the Kunyomi reading,Text
"shine, glitter, sparkle, twinkle, flash,light, beam, glare, gleam, glimmer, glow, brightness, radiance, glitter, luster, influence (of parents) [**Kun**]","光,ひかる,ひかり","Onyomi: コウ = light",Guess the romaji equivalent of the Kunyomi reading,Text
"public, open, official, governmental, formal [**Kun**]","公,おおやけ","Onyomi: コウ = public, duke, lord, public",Guess the romaji equivalent of the Kunyomi reading,Text
"spread out, extend, reach to,expand, enlarge, widen, unfurl, open (arms of a package), stretch, spread,be diffused, prevail, be propagated, prevade, be circulated, become popular,enlargel, disseminate, popularize, advertise, introduce, announcement, advertisement,wide, broad, extensive, spacious [**Kun**]","広,ひろい,ひろまる,ひろめる,ひろがる,ひろげる","Onyomi: コウ = spread out, extend, reach to",Guess the romaji equivalent of the Kunyomi reading,Text
"think, consider, believe, suspect, be of the opinion, intend, expect, hope, fear, judge, conclude, imagine, suppose, regard as, be discreet, ponder over, reconsider, be prepared for, invent [**Kun**]","考,かんがえる","Onyomi: コウ = thought, consideration, research, treatise",Guess the romaji equivalent of the Kunyomi reading,Text
"yellow,turn yellow,yellow tint [**Kun**]","黄,き,こ","Onyomi: コウ,オウ = yellow",Guess the romaji equivalent of the Kunyomi reading,Text
"fit, suit, agree with, match, be correct, pay, be profitable,join together, be opposite, face, unite, combine, connect, add up, mix, match, overlap, compare, check with [**Kun**]","合,あう,あわす,あわせる","Onyomi: ゴウ,ガッ,カッ = onetenth",Guess the romaji equivalent of the Kunyomi reading,Text
"go, run (water),do, act, conduct oneself, carry out, perform, conduct (school), exercise (control), hold (a ceremony) [**Kun**]","行,いく,ゆく,おこなう","Onyomi: コウ,ギョウ,アン = party, suite, journey, expedition, line, row,religious austerities.",Guess the romaji equivalent of the Kunyomi reading,Text
"black, dark, swarthy, browned, dirty [**Kun**]","黒,くろ,くろい","Onyomi: コク = black, dark",Guess the romaji equivalent of the Kunyomi reading,Text
"country, land, realm, province, native land [**Kun**]","国,くに","Onyomi: コク = country",Guess the romaji equivalent of the Kunyomi reading,Text
"valley, dale, ravine, trough (of a wave), trough (in atmospheric pressure) [**Kun**]","谷,たに","Onyomi: コク = valley, dale, ravine, trough (of a wave), trough (in atmospheric pressure)",Guess the romaji equivalent of the Kunyomi reading,Text
"now, present time, just now, soon, immediately, (one) more [**Kun**]","今,いま","Onyomi: コン,キン = now, the present, the coming, this",Guess the romaji equivalent of the Kunyomi reading,Text
"get thin, taper off,fine (line), thin (voice), slender, narrow (trousers),small, fine, detailed, minor, trifling, elaborate, delicate, stingy, frugal, small (change) [**Kun**]","細,ほそい,ほそる,こまか,こまかい","Onyomi: サイ = get thin, taper off",Guess the romaji equivalent of the Kunyomi reading,Text
"a work, a production, tillage, harvest, ridge (in a field) [**Kun**]","作,つくる","Onyomi: サク,サ = a work, a production, tillage, harvest, ridge (in a field)",Guess the romaji equivalent of the Kunyomi reading,Text
"arrow [**Kun**]","矢,や","Onyomi: シ = arrow",Guess the romaji equivalent of the Kunyomi reading,Text
"market, fair [**Kun**]","市,いち","Onyomi: シ = city, town, market",Guess the romaji equivalent of the Kunyomi reading,Text
"elder sister [**Kun**]","姉,あね","Onyomi: シ = elder sister",Guess the romaji equivalent of the Kunyomi reading,Text
"time, hour, moment, occasion, season, opportunity, the times, tense [**Kun**]","時,とき","Onyomi: ジ = hour, o'clock, time, Buddhist sect originating in the thirteenth century",Guess the romaji equivalent of the Kunyomi reading,Text
"paper [**Kun**]","紙,かみ","Onyomi: シ = paper",Guess the romaji equivalent of the Kunyomi reading,Text
"stop, halt, stand still, pull up, cease, be interrupted, be discontinued, be choked, alight on, perch, roost, be held in position,check, allay (pain), fasten, turn off, detain, forbid to do, dissuade [**Kun**]","止,とまる,とめる","Onyomi: シ = stop, halt, stand still, pull up, cease, be interrupted, be discontinued, be choked, alight on, perch, roost, be held in position",Guess the romaji equivalent of the Kunyomi reading,Text
"temple [**Kun**]","寺,てら","Onyomi: ジ = temple",Guess the romaji equivalent of the Kunyomi reading,Text
"think, believe, judge, esteem, consider, realize, feel like, regard as, anticipate, imagine, suppose, guess, mistake for, recall, intend, desire, love, care for, yearn after, wonder, suspect [**Kun**]","思,おもう","Onyomi: シ = think, believe, judge, esteem, consider, realize, feel like, regard as, anticipate, imagine, suppose, guess, mistake for, recall, intend, desire, love, care for, yearn after, wonder, suspect",Guess the romaji equivalent of the Kunyomi reading,Text
"oneself, personally [**Kun**]","自,みずから","Onyomi: ジ,シ = oneself",Guess the romaji equivalent of the Kunyomi reading,Text
"greenhouse, (ice) house, cellar [**Kun**]","室,むろ","Onyomi: シツ = room, apartment, compartment, chamber",Guess the romaji equivalent of the Kunyomi reading,Text
"Shinto shrine [**Kun**]","社,やしろ","Onyomi: シャ = Shinto shrine, association, firm, company, office",Guess the romaji equivalent of the Kunyomi reading,Text
"weaken, be emaciated, be dejected, be perplexed,impair, enfeeble,weak, feeble, frail, tender, unskilled, weak (alcoholic beverage) [**Kun**]","弱,よわい,よわる,よわまる,よわめる","Onyomi: ジャク = weakness, the weak",Guess the romaji equivalent of the Kunyomi reading,Text
"neck, head [**Kun**]","首,くび","Onyomi: シュ = head, neck, beginning, the first, poem and song counter",Guess the romaji equivalent of the Kunyomi reading,Text
"autumn [**Kun**]","秋,あき","Onyomi: シュウ = autumn",Guess the romaji equivalent of the Kunyomi reading,Text
"spring, springtime [**Kun**]","春,はる","Onyomi: シュン = spring",Guess the romaji equivalent of the Kunyomi reading,Text
"write, compose, draw, paint [**Kun**]","書,かく","Onyomi: ショ = handwriting, letter, note, book",Guess the romaji equivalent of the Kunyomi reading,Text
"a small quantity, a little, a few, something, a little while, a short distance,few, a little, scarce, insufficient, seldom [**Kun**]","少,すくない,すこし","Onyomi: ショウ = few, small, young",Guess the romaji equivalent of the Kunyomi reading,Text
"place, site, space, seat, scene, occasion, situation [**Kun**]","場,ば","Onyomi: ジョウ = place, grounds, links, range, course, track, ring",Guess the romaji equivalent of the Kunyomi reading,Text
"color, tint, tinge, complexion, countenance, look, sensual pleasure, sweetheart, charms, fall colors, embellishment, slight concession, kind [**Kun**]","色,いろ","Onyomi: ショク,シキ = color",Guess the romaji equivalent of the Kunyomi reading,Text
"eat, subsist on, support oneself, consume, get (a scolding), encroach, bite at, gnaw at, (shoes) pinch, be cheated,drink, receive (a blow) [**Kun**]","食,くう,くらう,たべる","Onyomi: ショク,ジキ = food, provisions, eating, meal, appetite",Guess the romaji equivalent of the Kunyomi reading,Text
"mind, spirit, mentality, idea, thought, heart, feeling, wholeheartedness, sincerity, sympathy, attention, interest, care, will, intention, taste, mood, true meaning (of a poem) [**Kun**]","心,こころ","Onyomi: シン = heart, mind, spirit, motive, sense (of duty), padding, wick, core, marrow, vitality",Guess the romaji equivalent of the Kunyomi reading,Text
"parent, dealer (in card games), banker (in gambling),intimate, familiar, friendly,be intimate with, have a liking for, take habitually [**Kun**]","親,おや,したしい,したしむ","Onyomi: シン = intimacy, parents, relative",Guess the romaji equivalent of the Kunyomi reading,Text
"new, novel, fresh, recent, modern [**Kun**]","新,あたらしい,あらた,にい","Onyomi: シン = newness, novelty,new, modern, novel, fresh, neo",Guess the romaji equivalent of the Kunyomi reading,Text
"measure, gauge, weigh, fathom, sound, compute, estimate, plan, devise, scheme, counsel with, have in mind, aim at, deceive, impose on [**Kun**]","図,はかる","Onyomi: ズ,ト = drawing, plan, figure, cut, chart, diagram, illustration, graph",Guess the romaji equivalent of the Kunyomi reading,Text
"number, figure,count, calculate, enumerate [**Kun**]","数,かず,かぞえる","Onyomi: スウ,ス = strength, fate, law, numbers, figures, numerical",Guess the romaji equivalent of the Kunyomi reading,Text
"clear up, (doubts) vanish, be refreshed,dispel, clear away (gloom), refresh (oneself) [**Kun**]","晴,はれる,はらす","Onyomi: セイ = clear up, (doubts) vanish, be refreshed",Guess the romaji equivalent of the Kunyomi reading,Text
"west [**Kun**]","西,にし","Onyomi: セイ,サイ = west",Guess the romaji equivalent of the Kunyomi reading,Text
"star, spot, dot, mark, bull's eye, one's fortune, point, score [**Kun**]","星,ほし","Onyomi: セイ,ショウ = star",Guess the romaji equivalent of the Kunyomi reading,Text
"voice, tone, alarm, cry, (bird) song, chirp [**Kun**]","声,こえ,こわ","Onyomi: セイ,ショウ = voice, tone, alarm, cry, (bird) song, chirp",Guess the romaji equivalent of the Kunyomi reading,Text
"snow, snowfall [**Kun**]","雪,ゆき","Onyomi: セツ = snow, snowfall",Guess the romaji equivalent of the Kunyomi reading,Text
"cut, chop, hash, carve, saw, clip, shear, slice, strip, fell, cut down, punch, sever (connections), pause, break off, disconnect, turn off, hang up, cross (a street), discount, sell below cost, shake (water) off,cut well, be sharp, break, snap, wear out, be injured, burst, collapse, break off, be disconnected, be out of, expire, sever (connections) with, sharp, shrewd, less than [**Kun**]","切,きる,きれる","Onyomi: セツ,サイ = cut, chop, hash, carve, saw, clip, shear, slice, strip, fell, cut down, punch, sever (connections), pause, break off, disconnect, turn off, hang up, cross (a street), discount, sell below cost, shake (water) off",Guess the romaji equivalent of the Kunyomi reading,Text
"front, fore part, head (of a line), presence, ago, before, previously, (five minutes) to [**Kun**]","前,まえ","Onyomi: ゼン = before",Guess the romaji equivalent of the Kunyomi reading,Text
"boat, ship, vessel, steamer, liner, barge, shipping, tank, trough, cistern, vat [**Kun**]","船,ふね,ふな","Onyomi: セン = ship",Guess the romaji equivalent of the Kunyomi reading,Text
"braid, plait, construct, assemble, cross (legs), fold (arms), unite with, cooperate with, grapple with,class, party, group, set, pack (of cards), suit, assortment, typesetting [**Kun**]","組,くむ,くみ","Onyomi: ソ = take part in, be implicated in, side with, support",Guess the romaji equivalent of the Kunyomi reading,Text
"run, rush, flee, turn to, become, go to excess [**Kun**]","走,はしる","Onyomi: ソウ = run, rush, flee, turn to, become, go to excess",Guess the romaji equivalent of the Kunyomi reading,Text
"many, copious, abundant, much, frequent [**Kun**]","多,おおい","Onyomi: タ = much",Guess the romaji equivalent of the Kunyomi reading,Text
"get fat, gain, fill out,big, thick, burly, fat, deep, sonorous (voice), shameless, audacious, insolent [**Kun**]","太,ふとい,ふとる","Onyomi: タイ,タ = get fat, gain, fill out",Guess the romaji equivalent of the Kunyomi reading,Text
"body, health [**Kun**]","体,からだ","Onyomi: タイ,テイ = the body, substance, object, reality, style, form, image counter,appearance, air, condition, state",Guess the romaji equivalent of the Kunyomi reading,Text
"know, understand, appreciate recognize, realize, notice, sense, feel, remember, infer, gather, be concerned with [**Kun**]","知,しる","Onyomi: チ = know, acquaintance, sense",Guess the romaji equivalent of the Kunyomi reading,Text
"pond, pool, cistern, basin, reservoir [**Kun**]","池,いけ","Onyomi: チ = pond, pool, cistern, basin, reservoir",Guess the romaji equivalent of the Kunyomi reading,Text
"daytime, midday, noon [**Kun**]","昼,ひる","Onyomi: チュウ = daytime, midday",Guess the romaji equivalent of the Kunyomi reading,Text
"bird, chicken, fowl [**Kun**]","鳥,とり","Onyomi: チョウ = bird",Guess the romaji equivalent of the Kunyomi reading,Text
"morning, forenoon [**Kun**]","朝,あさ","Onyomi: チョウ = dynasty, reign, regime, period, epoch, the court",Guess the romaji equivalent of the Kunyomi reading,Text
"long, lengthy [**Kun**]","長,ながい","Onyomi: チョウ = head, chief, headman, commander, director, manager, merit, forte, advantage, superiority, length",Guess the romaji equivalent of the Kunyomi reading,Text
"be mended, get well, be restored, return to normal, be installed (as a legal wife), change (from third to second class),mend, repair, put in order, reform, correct, revise, amend, redo, alter, cure, restore, adjust, regulate, convert (money),immediately, directly, in person [**Kun**]","直,ただちに,なおす,なおる","Onyomi: チョク,ジキ = honesty, frankness, simplicity, correctness, being straight, night duty",Guess the romaji equivalent of the Kunyomi reading,Text
"walk along, pass by, pass through, pass (exams), be knows as, be admissible, come in, be understood, reach, draw (on a piece), drain (as a sink), be consistent,let (someone) pass, pass (something) through, make way for, let in, admit, usher in, cut through, pierce, permeate, penetrate, carry one's point, persist in, look over (a book), keep on doing, continue, pose as, pass (a law), order (a ","通,とおる,とおす,かよう","Onyomi: ツウ,ツ = pass, expert",Guess the romaji equivalent of the Kunyomi reading,Text
"younger brother [**Kun**]","弟,おとうと","Onyomi: テイ,ダイ,デ = younger brother, faithful service to those older, brotherly affection",Guess the romaji equivalent of the Kunyomi reading,Text
"shop, store, booth [**Kun**]","店,みせ","Onyomi: テン = shop, store",Guess the romaji equivalent of the Kunyomi reading,Text
"answer, respond, solve,solution [**Kun**]","答,こたえる,こたえ","Onyomi: トウ = answer",Guess the romaji equivalent of the Kunyomi reading,Text
"east [**Kun**]","東,ひがし","Onyomi: トウ = east",Guess the romaji equivalent of the Kunyomi reading,Text
"hit, strike, dash into, touch, shine on, guess right, be fulfilled, succeed, confront, lie (to the south), treat, fell out, undertake, be worth, correspond to, be related to, apply to, draw (a prize), be assigned to, be affected by, be spoiling, be exposed to, warm oneself, shave, grind, this coming (15th), turn out well, take well, be punished (by heaven), stand to reason, deal with, engage ","当,あたる,あてる","Onyomi: トウ = right, appropriateness, fairness, himself, itself, at the time",Guess the romaji equivalent of the Kunyomi reading,Text
"sword, blade [**Kun**]","刀,かたな","Onyomi: トウ = sword, saber, knife, engraving tool",Guess the romaji equivalent of the Kunyomi reading,Text
"same, identical, equal, uniform, equivalent, similar, common (origin), changeless [**Kun**]","同,おなじ","Onyomi: ドウ = the same, the said, ibid",Guess the romaji equivalent of the Kunyomi reading,Text
"winter [**Kun**]","冬,ふゆ","Onyomi: トウ = winter",Guess the romaji equivalent of the Kunyomi reading,Text
"head, brain, mind, intellect, leader, top, head (of boil), idea, hair, point of view, consideration,leader, chief [**Kun**]","頭,あたま,かしら","Onyomi: トウ,ズ,ト = head, counter for large mammals",Guess the romaji equivalent of the Kunyomi reading,Text
"road, path, lane, way, street, highway, route, journey, distance, course, way, means, duty, morality, moral doctrine, teachings, specialty, an art, reason, justice [**Kun**]","道,みち","Onyomi: ドウ,トウ = district, province, prefecture, road",Guess the romaji equivalent of the Kunyomi reading,Text
"read, peruse, understand, read (one's heart), guess, divine [**Kun**]","読,よむ","Onyomi: ドク,トク,トウ = reading",Guess the romaji equivalent of the Kunyomi reading,Text
"inside, interior, house, home, within, between, among, out of, mind, myself,inner [**Kun**]","内,うち","Onyomi: ナイ,ダイ = inside, interior, within, between, among,within, within the scope of",Guess the romaji equivalent of the Kunyomi reading,Text
"south [**Kun**]","南,みなみ","Onyomi: ナン,ナ = south",Guess the romaji equivalent of the Kunyomi reading,Text
"horse, horseflesh [**Kun**]","馬,うま,ま","Onyomi: バ = horse",Guess the romaji equivalent of the Kunyomi reading,Text
"buy, invest in, incur, appreciate, call in (geisha) [**Kun**]","買,かう","Onyomi: バイ = buying",Guess the romaji equivalent of the Kunyomi reading,Text
"sell, deal in, betray, deceive, impose on, tell on, pick (a quarrel),be in demand, enjoy a large sale, be well known [**Kun**]","売,うる,うれる","Onyomi: バイ = selling",Guess the romaji equivalent of the Kunyomi reading,Text
"wheat, barley, oats, rye [**Kun**]","麦,むぎ","Onyomi: バク = wheat, barley, oats, rye",Guess the romaji equivalent of the Kunyomi reading,Text
"half, semi, middle, halfway, partly [**Kun**]","半,なかば","Onyomi: ハン = half, odd number, semi, hemi, demi",Guess the romaji equivalent of the Kunyomi reading,Text
"father [**Kun**]","父,ちち","Onyomi: フ = father",Guess the romaji equivalent of the Kunyomi reading,Text
"wind, storm, breeze, draft, current of air, a cold [**Kun**]","風,かぜ,かざ","Onyomi: フウ,フ = wind, air, look, appearance, bearing, mien, deportment, manners, custom, trend, tone, tendency, way, fashion, manner, style, type, disposition, turn of mind, kind, vein, state, condition",Guess the romaji equivalent of the Kunyomi reading,Text
"understand, comprehend, know, be known, be identified, be open to reason, be sensible, can tell (what will happen), appreciate, be announced, be discovered, recognize,divide, split, separate, isolate, distribute, share, distinguish, spare,share with, distinguish between,branch off, diverge from, fork, split, be divided, part with, be divorced, bid farewell, break up, disperse, scatter [**Kun*","分,わける,わかれる,わかる,わかつ","Onyomi: ブン,フン,ブ = dividing, part, segment, share, ration, rate, degree, one's lot, one's status, relation, duty, kind, lot,a minute of time, onesixtieth of a degree, onetenth of a momme,rate, part, percentage, one percent, thickness, odds, chance of winning, onetenth of a shaku, one quarter of a ryo",Guess the romaji equivalent of the Kunyomi reading,Text
"hear, listen to, learn of, inquire, follow advice,be heard, sound, ring, seem, be well known, be reasonable [**Kun**]","聞,きく,きこえる","Onyomi: ブン,モン = hear, listen to, learn of, inquire, follow advice",Guess the romaji equivalent of the Kunyomi reading,Text
"rice [**Kun**]","米,こめ","Onyomi: ベイ,マイ = rice, U.S.A.",Guess the romaji equivalent of the Kunyomi reading,Text
"mother, cause, motive [**Kun**]","母,はは","Onyomi: ボ = mother, cause, motive",Guess the romaji equivalent of the Kunyomi reading,Text
"walk, hike, step [**Kun**]","歩,あるく,あゆむ","Onyomi: ホ,ブ,フ = step, pace, foot soldier,rate, six feet square, tsubo, change of winning,pawn (in Japanese chess)",Guess the romaji equivalent of the Kunyomi reading,Text
"direction, settlement, person [**Kun**]","方,かた","Onyomi: ホウ = direction, way, side, part, square, way, method, means, scheme, process",Guess the romaji equivalent of the Kunyomi reading,Text
"north [**Kun**]","北,きた","Onyomi: ホク = north",Guess the romaji equivalent of the Kunyomi reading,Text
"younger sister [**Kun**]","妹,いもうと","Onyomi: マイ = younger sister",Guess the romaji equivalent of the Kunyomi reading,Text
"(animals and birds) cry, bark, chirp, etc,sound, ring, roar, (thunder) rumbles, (clocks) strike, boom, resound, echo, be famous, (fingers) itch for, sonorous, ringing, squeaky,blow (a whistle), beat (drums), clank, clink, clap, crack (a whip), smack (lips), cluck (one's tongue), honk, air (grievances), attain (celebrity) [**Kun**]","鳴,なく,なる,ならす","Onyomi: メイ = (animals and birds) cry, bark, chirp, etc,",Guess the romaji equivalent of the Kunyomi reading,Text
"open, empty, vacate, leave (a space), clear (the table), make (a hole), reserve (a seat), stay away from, dawn, end, expire, be over, open, begin,be opened, start, commence, become vacant, become empty, be disengaged, be free, expire, be over,spend, pass the time, reveal, divulge,light, lamp, vindication,bright, cheerful, sunny, clear, clean, conversant with,plain, distinct, definite, obvious","明,あかり,あかるい,あかるむ,あからむ,あきらか,あける,あく,あくる,あかす","Onyomi: メイ,ミョウ = clearness, shining, eyesight, discernment,next (week), tomorrow (morning)",Guess the romaji equivalent of the Kunyomi reading,Text
"hair, fur, feather, down [**Kun**]","毛,け","Onyomi: モウ = hair, tenth of a rin",Guess the romaji equivalent of the Kunyomi reading,Text
"gate, door [**Kun**]","門,かど","Onyomi: モン = gate, gateway, private school, class, counter for cannon",Guess the romaji equivalent of the Kunyomi reading,Text
"field, plain [**Kun**]","野,の","Onyomi: ヤ = field, plain, the Opposition, civilian life, rustic",Guess the romaji equivalent of the Kunyomi reading,Text
"evening, night, nighttime, at night [**Kun**]","夜,よ,よる","Onyomi: ヤ = night",Guess the romaji equivalent of the Kunyomi reading,Text
"friend, companion, pal [**Kun**]","友,とも","Onyomi: ユウ = friend, companion, pal",Guess the romaji equivalent of the Kunyomi reading,Text
"use, adopt (a method), employ [**Kun**]","用,もちいる","Onyomi: ヨウ = business, work, function, errand, engagement, use, service, expenses, call of nature,for, used for",Guess the romaji equivalent of the Kunyomi reading,Text
"come, arrive, be due to, next, forthcoming,cause, bring about, produce,come to hand, approach, call on, come on (rain), set in, be due, become, grow, get, come from, be caused by, derive from [**Kun**]","来,くる,きたる,きたす","Onyomi: ライ = come,since (last month), for (ten days),next (year)",Guess the romaji equivalent of the Kunyomi reading,Text
"village, hamlet, the country, parents' home [**Kun**]","里,さと","Onyomi: リ = village, a Japanese league, 2.44 miles",Guess the romaji equivalent of the Kunyomi reading,Text
"talk, speak, converse, tell, explain,chat, conversation, story, rumor, news, consultation, negotiations, facts, reasons [**Kun**]","話,はなす,はなし","Onyomi: ワ = talk, speak, converse, tell, explain",Guess the romaji equivalent of the Kunyomi reading,Text
"11 a.m.1 p.m., 7th zodiac sign [**On**]","午,ゴ","",Guess the romaji equivalent of the Onyomi reading,Text
"ability, talent, aptitude, genius, acumen, intelligence, wit, cubic foot, year, age, time, occasion, opportunity, limit, vicinity [**On**]","才,サイ","",Guess the romaji equivalent of the Onyomi reading,Text
"artisan, mechanic, manufacture, work [**On**]","工,コウ,ク","",Guess the romaji equivalent of the Onyomi reading,Text
"course, branch, department, faculty, school, college, arm (of defense), family (in biology) [**On**]","科,カ","",Guess the romaji equivalent of the Onyomi reading,Text
"day of the week, light, shining [**On**]","曜,ヨウ","",Guess the romaji equivalent of the Onyomi reading,Text
"divining (block), calculation, number, abacus, plan, probability [**On**]","算,サン","",Guess the romaji equivalent of the Onyomi reading,Text
"each, every, at an interval of, whenever,Apiece [**On**]","毎,マイ","",Guess the romaji equivalent of the Onyomi reading,Text
"earth, land, ground, the surface of the earth, soil, place, region, territory, room, space, position, site, foundation,texture, weave, fabric, field (of a flag), disposition, respectability, accompaniment, narrative part, fact [**On**]","地,チ,ジ","",Guess the romaji equivalent of the Onyomi reading,Text
"electricity [**On**]","電,デン","",Guess the romaji equivalent of the Onyomi reading,Text
"flesh, muscles, meat, the flesh, seal pad, ink pad, thickness, succulence [**On**]","肉,ニク","",Guess the romaji equivalent of the Onyomi reading,Text
"line, track, route, wire [**On**]","線,セン","",Guess the romaji equivalent of the Onyomi reading,Text
"living, being helped, resuscitation [**On**]","活,カツ","",Guess the romaji equivalent of the Onyomi reading,Text
"picture, drawing, painting, sketch, illustration, cut, print [**On**]","絵,カイ,エ","",Guess the romaji equivalent of the Onyomi reading,Text
"picture, drawing, painting, sketch, stroke (in a character) [**On**]","画,ガ,カク","",Guess the romaji equivalent of the Onyomi reading,Text
"point, mark, score, run, speck, stain, defect, a detail, standpoint, items, pieces, decimal point, vote [**On**]","点,テン","",Guess the romaji equivalent of the Onyomi reading,Text
"reason, justice, truth, principle [**On**]","理,リ","",Guess the romaji equivalent of the Onyomi reading,Text
"stand, pedestal, rack, table, dais, bench, block, holder, support, mounting, setting [**On**]","台,ダイ,タイ","",Guess the romaji equivalent of the Onyomi reading,Text
"tea, tea plant, tea leaves, light brown [**On**]","茶,チャ,サ","",Guess the romaji equivalent of the Onyomi reading,Text
"ten quadrillion, captital, metropolis, Kyoto [**On**]","京,キョウ,ケイ","",Guess the romaji equivalent of the Onyomi reading,Text
"ten thousand, myriad,fully, if by any chance [**On**]","万,マン,バン","",Guess the romaji equivalent of the Onyomi reading,Text
"vapor, steam [**On**]","汽,キ","",Guess the romaji equivalent of the Onyomi reading,Text
"watch, guard, duty, number, order, size, game, round, turn, bout [**On**]","番,バン","",Guess the romaji equivalent of the Onyomi reading,Text
"week [**On**]","週,シュウ","",Guess the romaji equivalent of the Onyomi reading,Text
"interval, space, between, among, discord, favorable opportunity, six feet [**On**]","間,カン,ケン","Kunyomi: あいだ,ま = space, interval, gap, between, among, midway, on the way, distance, time, period, relationship, room, pause, rest (in music), a while, leisure, luck, timing, harmony",Guess the romaji equivalent of the Onyomi reading,Text
"Buddhist ceremony, understanding, meeting, assembly, party, association, club [**On**]","会,カイ,エ","Kunyomi: あう = meet, interview",Guess the romaji equivalent of the Onyomi reading,Text
"onetenth [**On**]","合,ゴウ,ガッ,カッ","Kunyomi: あう,あわす,あわせる = fit, suit, agree with, match, be correct, pay, be profitable,join together, be opposite, face, unite, combine, connect, add up, mix, match, overlap, compare, check with",Guess the romaji equivalent of the Onyomi reading,Text
"clearness, shining, eyesight, discernment,next (week), tomorrow (morning) [**On**]","明,メイ,ミョウ","Kunyomi: あかり,あかるい,あかるむ,あからむ,あきらか,あける,あく,あくる,あかす = open, empty, vacate, leave (a space), clear (the table), make (a hole), reserve (a seat), stay away from, dawn, end, expire, be over, open, begin,be opened, start, commence, become vacant, become empty, be disengaged, be free, expire, be over,spend, pass the time, reveal, divulge,light, lamp, vindication,bright, cheerful, sunny, clear, clean, conversant with,plain, distinct, definite, obvious, indisputable, evident,next, following",Guess the romaji equivalent of the Onyomi reading,Text
"autumn [**On**]","秋,シュウ","Kunyomi: あき = autumn",Guess the romaji equivalent of the Onyomi reading,Text
"dynasty, reign, regime, period, epoch, the court [**On**]","朝,チョウ","Kunyomi: あさ = morning, forenoon",Guess the romaji equivalent of the Onyomi reading,Text
"head, counter for large mammals [**On**]","頭,トウ,ズ,ト","Kunyomi: あたま,かしら = head, brain, mind, intellect, leader, top, head (of boil), idea, hair, point of view, consideration,leader, chief",Guess the romaji equivalent of the Onyomi reading,Text
"newness, novelty,new, modern, novel, fresh, neo [**On**]","新,シン","Kunyomi: あたらしい,あらた,にい = new, novel, fresh, recent, modern",Guess the romaji equivalent of the Onyomi reading,Text
"right, appropriateness, fairness, himself, itself, at the time [**On**]","当,トウ","Kunyomi: あたる,あてる = hit, strike, dash into, touch, shine on, guess right, be fulfilled, succeed, confront, lie (to the south), treat, fell out, undertake, be worth, correspond to, be related to, apply to, draw (a prize), be assigned to, be affected by, be spoiling, be exposed to, warm oneself, shave, grind, this coming (15th), turn out well, take well, be punished (by heaven), stand to reason, deal with, engage (the enemy), need not to (with negative), have (one's turn), be charged with,apply, place, put, hit (the mark), guess, succeed, expose to, sit (on a cushion), assign, allocate, call",Guess the romaji equivalent of the Onyomi reading,Text
"brother, you, elder brother [**On**]","兄,ケイ,キョウ","Kunyomi: あに = elder brother",Guess the romaji equivalent of the Onyomi reading,Text
"elder sister [**On**]","姉,シ","Kunyomi: あね = elder sister",Guess the romaji equivalent of the Onyomi reading,Text
"step, pace, foot soldier,rate, six feet square, tsubo, change of winning,pawn (in Japanese chess) [**On**]","歩,ホ,ブ,フ","Kunyomi: あるく,あゆむ = walk, hike, step",Guess the romaji equivalent of the Onyomi reading,Text
"word, phrase, speech, statement [**On**]","言,ゲン,ゴン","Kunyomi: いう,こと = say, tell, talk, speak, declare, call, term, name.word",Guess the romaji equivalent of the Onyomi reading,Text
"house [**On**]","家,カ,ケ","Kunyomi: いえ,や = house, home, residence, housing, family, household, family name, fortune, shop, store, seller, dealer",Guess the romaji equivalent of the Onyomi reading,Text
"party, suite, journey, expedition, line, row,religious austerities. [**On**]","行,コウ,ギョウ,アン","Kunyomi: いく,ゆく,おこなう = go, run (water),do, act, conduct oneself, carry out, perform, conduct (school), exercise (control), hold (a ceremony)",Guess the romaji equivalent of the Onyomi reading,Text
"pond, pool, cistern, basin, reservoir [**On**]","池,チ","Kunyomi: いけ = pond, pool, cistern, basin, reservoir",Guess the romaji equivalent of the Onyomi reading,Text
"city, town, market [**On**]","市,シ","Kunyomi: いち = market, fair",Guess the romaji equivalent of the Onyomi reading,Text
"now, the present, the coming, this [**On**]","今,コン,キン","Kunyomi: いま = now, present time, just now, soon, immediately, (one) more",Guess the romaji equivalent of the Onyomi reading,Text
"younger sister [**On**]","妹,マイ","Kunyomi: いもうと = younger sister",Guess the romaji equivalent of the Onyomi reading,Text
"color [**On**]","色,ショク,シキ","Kunyomi: いろ = color, tint, tinge, complexion, countenance, look, sensual pleasure, sweetheart, charms, fall colors, embellishment, slight concession, kind",Guess the romaji equivalent of the Onyomi reading,Text
"rock, crag, reef [**On**]","岩,ガン","Kunyomi: いわ = rock, crag, reef",Guess the romaji equivalent of the Onyomi reading,Text
"fish [**On**]","魚,ギョ","Kunyomi: うお,さかな = fish",Guess the romaji equivalent of the Onyomi reading,Text
"beef, cow [**On**]","牛,ギュウ","Kunyomi: うし = cattle, cow, bull, ox",Guess the romaji equivalent of the Onyomi reading,Text
"sing, recite, chant, carol [**On**]","歌,カ","Kunyomi: うた,うたう = sing, recite, chant, carol, poem, tanka, ballad, poetry, singing",Guess the romaji equivalent of the Onyomi reading,Text
"inside, interior, within, between, among,within, within the scope of [**On**]","内,ナイ,ダイ","Kunyomi: うち = inside, interior, house, home, within, between, among, out of, mind, myself,inner",Guess the romaji equivalent of the Onyomi reading,Text
"horse [**On**]","馬,バ","Kunyomi: うま,ま = horse, horseflesh",Guess the romaji equivalent of the Onyomi reading,Text
"sea, ocean [**On**]","海,カイ","Kunyomi: うみ = sea, ocean",Guess the romaji equivalent of the Onyomi reading,Text
"selling [**On**]","売,バイ","Kunyomi: うる,うれる = sell, deal in, betray, deceive, impose on, tell on, pick (a quarrel),be in demand, enjoy a large sale, be well known",Guess the romaji equivalent of the Onyomi reading,Text
"much [**On**]","多,タ","Kunyomi: おおい = many, copious, abundant, much, frequent",Guess the romaji equivalent of the Onyomi reading,Text
"public, duke, lord, public [**On**]","公,コウ","Kunyomi: おおやけ = public, open, official, governmental, formal",Guess the romaji equivalent of the Onyomi reading,Text
"faith [**On**]","教,キョウ","Kunyomi: おしえる,おそわる = teach, give lessons, inform, coach, learn, be taught, take lessons in",Guess the romaji equivalent of the Onyomi reading,Text
"younger brother, faithful service to those older, brotherly affection [**On**]","弟,テイ,ダイ,デ","Kunyomi: おとうと = younger brother",Guess the romaji equivalent of the Onyomi reading,Text
"the same, the said, ibid [**On**]","同,ドウ","Kunyomi: おなじ = same, identical, equal, uniform, equivalent, similar, common (origin), changeless",Guess the romaji equivalent of the Onyomi reading,Text
"think, believe, judge, esteem, consider, realize, feel like, regard as, anticipate, imagine, suppose, guess, mistake for, recall, intend, desire, love, care for, yearn after, wonder, suspect [**On**]","思,シ","Kunyomi: おもう = think, believe, judge, esteem, consider, realize, feel like, regard as, anticipate, imagine, suppose, guess, mistake for, recall, intend, desire, love, care for, yearn after, wonder, suspect",Guess the romaji equivalent of the Onyomi reading,Text
"intimacy, parents, relative [**On**]","親,シン","Kunyomi: おや,したしい,したしむ = parent, dealer (in card games), banker (in gambling),intimate, familiar, friendly,be intimate with, have a liking for, take habitually",Guess the romaji equivalent of the Onyomi reading,Text
"buying [**On**]","買,バイ","Kunyomi: かう = buy, invest in, incur, appreciate, call in (geisha)",Guess the romaji equivalent of the Onyomi reading,Text
"return, take one's leave, come again, come around (time) [**On**]","帰,キ","Kunyomi: かえる,かえす = return, take one's leave, come again, come around (time), send (someone) back",Guess the romaji equivalent of the Onyomi reading,Text
"face, countenance [**On**]","顔,ガン","Kunyomi: かお = face, countenance, expression, honor, prestige",Guess the romaji equivalent of the Onyomi reading,Text
"handwriting, letter, note, book [**On**]","書,ショ","Kunyomi: かく = write, compose, draw, paint",Guess the romaji equivalent of the Onyomi reading,Text
"strength, fate, law, numbers, figures, numerical [**On**]","数,スウ,ス","Kunyomi: かず,かぞえる = number, figure,count, calculate, enumerate",Guess the romaji equivalent of the Onyomi reading,Text
"wind, air, look, appearance, bearing, mien, deportment, manners, custom, trend, tone, tendency, way, fashion, manner, style, type, disposition, turn of mind, kind, vein, state, condition [**On**]","風,フウ,フ","Kunyomi: かぜ,かざ = wind, storm, breeze, draft, current of air, a cold",Guess the romaji equivalent of the Onyomi reading,Text
"direction, way, side, part, square, way, method, means, scheme, process [**On**]","方,ホウ","Kunyomi: かた = direction, settlement, person",Guess the romaji equivalent of the Onyomi reading,Text
"shape [**On**]","形,ケイ,ギョウ","Kunyomi: かた,かたち = shape, form, make, size, format, mark, pattern, design, personal appearance",Guess the romaji equivalent of the Onyomi reading,Text
"sword, saber, knife, engraving tool [**On**]","刀,トウ","Kunyomi: かたな = sword, blade",Guess the romaji equivalent of the Onyomi reading,Text
"word, speech, language, term [**On**]","語,ゴ","Kunyomi: かたる,かたらう = talk, tell, narrate, recite,chat, pledge one's troth, invite, entice, win, conspire with",Guess the romaji equivalent of the Onyomi reading,Text
"gate, gateway, private school, class, counter for cannon [**On**]","門,モン","Kunyomi: かど = gate, door",Guess the romaji equivalent of the Onyomi reading,Text
"angle, corner, square, squared timber, target [**On**]","角,カク","Kunyomi: かど,つの = corner, angle, edge, angularity, harshness, horn, feeler, tentacle",Guess the romaji equivalent of the Onyomi reading,Text
"paper [**On**]","紙,シ","Kunyomi: かみ = paper",Guess the romaji equivalent of the Onyomi reading,Text
"the body, substance, object, reality, style, form, image counter,appearance, air, condition, state [**On**]","体,タイ,テイ","Kunyomi: からだ = body, health",Guess the romaji equivalent of the Onyomi reading,Text
"thought, consideration, research, treatise [**On**]","考,コウ","Kunyomi: かんがえる = think, consider, believe, suspect, be of the opinion, intend, expect, hope, fear, judge, conclude, imagine, suppose, regard as, be discreet, ponder over, reconsider, be prepared for, invent",Guess the romaji equivalent of the Onyomi reading,Text
"yellow [**On**]","黄,コウ,オウ","Kunyomi: き,こ = yellow,turn yellow,yellow tint",Guess the romaji equivalent of the Onyomi reading,Text
"hear, listen to, learn of, inquire, follow advice [**On**]","聞,ブン,モン","Kunyomi: きく,きこえる = hear, listen to, learn of, inquire, follow advice,be heard, sound, ring, seem, be well known, be reasonable",Guess the romaji equivalent of the Onyomi reading,Text
"north [**On**]","北,ホク","Kunyomi: きた = north",Guess the romaji equivalent of the Onyomi reading,Text
"cut, chop, hash, carve, saw, clip, shear, slice, strip, fell, cut down, punch, sever (connections), pause, break off, disconnect, turn off, hang up, cross (a street), discount, sell below cost, shake (water) off [**On**]","切,セツ,サイ","Kunyomi: きる,きれる = cut, chop, hash, carve, saw, clip, shear, slice, strip, fell, cut down, punch, sever (connections), pause, break off, disconnect, turn off, hang up, cross (a street), discount, sell below cost, shake (water) off,cut well, be sharp, break, snap, wear out, be injured, burst, collapse, break off, be disconnected, be out of, expire, sever (connections) with, sharp, shrewd, less than",Guess the romaji equivalent of the Onyomi reading,Text
"food, provisions, eating, meal, appetite [**On**]","食,ショク,ジキ","Kunyomi: くう,くらう,たべる = eat, subsist on, support oneself, consume, get (a scolding), encroach, bite at, gnaw at, (shoes) pinch, be cheated,drink, receive (a blow)",Guess the romaji equivalent of the Onyomi reading,Text
"country [**On**]","国,コク","Kunyomi: くに = country, land, realm, province, native land",Guess the romaji equivalent of the Onyomi reading,Text
"head, neck, beginning, the first, poem and song counter [**On**]","首,シュ","Kunyomi: くび = neck, head",Guess the romaji equivalent of the Onyomi reading,Text
"take part in, be implicated in, side with, support [**On**]","組,ソ","Kunyomi: くむ,くみ = braid, plait, construct, assemble, cross (legs), fold (arms), unite with, cooperate with, grapple with,class, party, group, set, pack (of cards), suit, assortment, typesetting",Guess the romaji equivalent of the Onyomi reading,Text
"cloud [**On**]","雲,ウン","Kunyomi: くも = cloud",Guess the romaji equivalent of the Onyomi reading,Text
"come,since (last month), for (ten days),next (year) [**On**]","来,ライ","Kunyomi: くる,きたる,きたす = come, arrive, be due to, next, forthcoming,cause, bring about, produce,come to hand, approach, call on, come on (rain), set in, be due, become, grow, get, come from, be caused by, derive from",Guess the romaji equivalent of the Onyomi reading,Text
"black, dark [**On**]","黒,コク","Kunyomi: くろ,くろい = black, dark, swarthy, browned, dirty",Guess the romaji equivalent of the Onyomi reading,Text
"hair, tenth of a rin [**On**]","毛,モウ","Kunyomi: け = hair, fur, feather, down",Guess the romaji equivalent of the Onyomi reading,Text
"voice, tone, alarm, cry, (bird) song, chirp [**On**]","声,セイ,ショウ","Kunyomi: こえ,こわ = voice, tone, alarm, cry, (bird) song, chirp",Guess the romaji equivalent of the Onyomi reading,Text
"heart, mind, spirit, motive, sense (of duty), padding, wick, core, marrow, vitality [**On**]","心,シン","Kunyomi: こころ = mind, spirit, mentality, idea, thought, heart, feeling, wholeheartedness, sincerity, sympathy, attention, interest, care, will, intention, taste, mood, true meaning (of a poem)",Guess the romaji equivalent of the Onyomi reading,Text
"answer [**On**]","答,トウ","Kunyomi: こたえる,こたえ = answer, respond, solve,solution",Guess the romaji equivalent of the Onyomi reading,Text
"rice, U.S.A. [**On**]","米,ベイ,マイ","Kunyomi: こめ = rice",Guess the romaji equivalent of the Onyomi reading,Text
"village, a Japanese league, 2.44 miles [**On**]","里,リ","Kunyomi: さと = village, hamlet, the country, parents' home",Guess the romaji equivalent of the Onyomi reading,Text
"know, acquaintance, sense [**On**]","知,チ","Kunyomi: しる = know, understand, appreciate recognize, realize, notice, sense, feel, remember, infer, gather, be concerned with",Guess the romaji equivalent of the Onyomi reading,Text
"account, narrative, history, annals, remembering, writing, the Kojiki [**On**]","記,キ","Kunyomi: しるす = write down, inscribe, mention, give an account of",Guess the romaji equivalent of the Onyomi reading,Text
"few, small, young [**On**]","少,ショウ","Kunyomi: すくない,すこし = a small quantity, a little, a few, something, a little while, a short distance,few, a little, scarce, insufficient, seldom",Guess the romaji equivalent of the Onyomi reading,Text
"outside, without, beside, beyond the scope off [**On**]","外,ガイ,ゲ","Kunyomi: そと,ほか,はずす,はずれる = outside, exterior, open air, some other place, outside, the rest, take off, remove, unfasten, undo, detach, disconnect, put out off gear, miss, fail, avoid, evade, dodge, be off, come off, be or get out of place, be out of gear, run off the track, slip out or off, be dislocated, be disconnected, be off the hook (a phone), be unbuttoned, be unzipped",Guess the romaji equivalent of the Onyomi reading,Text
"garden, yard, plantation, farm [**On**]","園,エン","Kunyomi: その = garden, park",Guess the romaji equivalent of the Onyomi reading,Text
"high [**On**]","高,コウ","Kunyomi: たかい,たか,たかまる,たかめる = high, tall, lofty, raised, elevated, eminent, exalted, noble, loud, stentorian, expensive, widely known,quantity, volume, amount, sum, rise (in prices), fief,rise, swell, be elevated, be promoted, increase,raise, lift, promote, elevate, improve, enhance, ennoble, heighten, boost",Guess the romaji equivalent of the Onyomi reading,Text
"honesty, frankness, simplicity, correctness, being straight, night duty [**On**]","直,チョク,ジキ","Kunyomi: ただちに,なおす,なおる = be mended, get well, be restored, return to normal, be installed (as a legal wife), change (from third to second class),mend, repair, put in order, reform, correct, revise, amend, redo, alter, cure, restore, adjust, regulate, convert (money),immediately, directly, in person",Guess the romaji equivalent of the Onyomi reading,Text
"valley, dale, ravine, trough (of a wave), trough (in atmospheric pressure) [**On**]","谷,コク","Kunyomi: たに = valley, dale, ravine, trough (of a wave), trough (in atmospheric pressure)",Guess the romaji equivalent of the Onyomi reading,Text
"music, comfort, ease, relief, pleasure, concluding program [**On**]","楽,ガク,ラク","Kunyomi: たのしい,たのしむ = enjoy, amuse oneself, anticipate, merry, pleasant, cheerful, joyful",Guess the romaji equivalent of the Onyomi reading,Text
"early, immediate, near, short (road), close by, akin to, nearby, bordering on, verge of, tantamount to, intimate, friendly [**On**]","近,キン","Kunyomi: ちかい = early, immediate, near, short (road), close by, akin to, nearby, bordering on, verge of, tantamount to, intimate, friendly",Guess the romaji equivalent of the Onyomi reading,Text
"father [**On**]","父,フ","Kunyomi: ちち = father",Guess the romaji equivalent of the Onyomi reading,Text
"a work, a production, tillage, harvest, ridge (in a field) [**On**]","作,サク,サ","Kunyomi: つくる = a work, a production, tillage, harvest, ridge (in a field)",Guess the romaji equivalent of the Onyomi reading,Text
"strength, might, strong person [**On**]","強,キョウ,ゴウ","Kunyomi: つよい,つよまる,つよめる,しいる = strong, powerful, mighty, robust, vigorous, healthy, brave, courageous, severe, intense, durable, solid, get strong, strengthen, intensify, invigorate, confirm, emphasize, increase, redouble, force, coerce, constrain, compel",Guess the romaji equivalent of the Onyomi reading,Text
"temple [**On**]","寺,ジ","Kunyomi: てら = temple",Guess the romaji equivalent of the Onyomi reading,Text
"house, door, family, counter for houses [**On**]","戸,コ","Kunyomi: と = door",Guess the romaji equivalent of the Onyomi reading,Text
"far, distant, remote, hard (of hearing) [**On**]","遠,エン,オン","Kunyomi: とおい = far, distant, remote, hard (of hearing)",Guess the romaji equivalent of the Onyomi reading,Text
"pass, expert [**On**]","通,ツウ,ツ","Kunyomi: とおる,とおす,かよう = walk along, pass by, pass through, pass (exams), be knows as, be admissible, come in, be understood, reach, draw (on a piece), drain (as a sink), be consistent,let (someone) pass, pass (something) through, make way for, let in, admit, usher in, cut through, pierce, permeate, penetrate, carry one's point, persist in, look over (a book), keep on doing, continue, pose as, pass (a law), order (a meal),commute, attend (school), ply between, frequent (a place), go (for treatments), circulate, breathe, be charged with",Guess the romaji equivalent of the Onyomi reading,Text
"hour, o'clock, time, Buddhist sect originating in the thirteenth century [**On**]","時,ジ","Kunyomi: とき = time, hour, moment, occasion, season, opportunity, the times, tense",Guess the romaji equivalent of the Onyomi reading,Text
"stop, halt, stand still, pull up, cease, be interrupted, be discontinued, be choked, alight on, perch, roost, be held in position [**On**]","止,シ","Kunyomi: とまる,とめる = stop, halt, stand still, pull up, cease, be interrupted, be discontinued, be choked, alight on, perch, roost, be held in position,check, allay (pain), fasten, turn off, detain, forbid to do, dissuade",Guess the romaji equivalent of the Onyomi reading,Text
"friend, companion, pal [**On**]","友,ユウ","Kunyomi: とも = friend, companion, pal",Guess the romaji equivalent of the Onyomi reading,Text
"bird [**On**]","鳥,チョウ","Kunyomi: とり = bird, chicken, fowl",Guess the romaji equivalent of the Onyomi reading,Text
"head, chief, headman, commander, director, manager, merit, forte, advantage, superiority, length [**On**]","長,チョウ","Kunyomi: ながい = long, lengthy",Guess the romaji equivalent of the Onyomi reading,Text
"half, odd number, semi, hemi, demi [**On**]","半,ハン","Kunyomi: なかば = half, semi, middle, halfway, partly",Guess the romaji equivalent of the Onyomi reading,Text
"(animals and birds) cry, bark, chirp, etc, [**On**]","鳴,メイ","Kunyomi: なく,なる,ならす = (animals and birds) cry, bark, chirp, etc,sound, ring, roar, (thunder) rumbles, (clocks) strike, boom, resound, echo, be famous, (fingers) itch for, sonorous, ringing, squeaky,blow (a whistle), beat (drums), clank, clink, clap, crack (a whip), smack (lips), cluck (one's tongue), honk, air (grievances), attain (celebrity)",Guess the romaji equivalent of the Onyomi reading,Text
"summer [**On**]","夏,カ,ゲ","Kunyomi: なつ = summer",Guess the romaji equivalent of the Onyomi reading,Text
"what [**On**]","何,カ","Kunyomi: なに,なん = what",Guess the romaji equivalent of the Onyomi reading,Text
"west [**On**]","西,セイ,サイ","Kunyomi: にし = west",Guess the romaji equivalent of the Onyomi reading,Text
"field, plain, the Opposition, civilian life, rustic [**On**]","野,ヤ","Kunyomi: の = field, plain",Guess the romaji equivalent of the Onyomi reading,Text
"back, rear, behind [**On**]","後,ゴ,コウ","Kunyomi: のち,うしろ,あと,おくれる = after, since then, future, after one's death,back, rear, behind,results, remainder, sequel, posterity, successor, survivor, effect, influence, estate,be late, be delayed, be overdue, lag behind, (clocks) lose",Guess the romaji equivalent of the Onyomi reading,Text
"place, grounds, links, range, course, track, ring [**On**]","場,ジョウ","Kunyomi: ば = place, site, space, seat, scene, occasion, situation",Guess the romaji equivalent of the Onyomi reading,Text
"feather [**On**]","羽,ウ","Kunyomi: は,はね = feather, plumage, wing, blade, paddle, fan",Guess the romaji equivalent of the Onyomi reading,Text
"drawing, plan, figure, cut, chart, diagram, illustration, graph [**On**]","図,ズ,ト","Kunyomi: はかる = measure, gauge, weigh, fathom, sound, compute, estimate, plan, devise, scheme, counsel with, have in mind, aim at, deceive, impose on",Guess the romaji equivalent of the Onyomi reading,Text
"plan, scheme, trick, total, meter, gauge [**On**]","計,ケイ","Kunyomi: はかる,はからう = measure, gauge, weigh, fathom, sound, compute, estimate, manage, arrange, dispose of, see about, talk over",Guess the romaji equivalent of the Onyomi reading,Text
"run, rush, flee, turn to, become, go to excess [**On**]","走,ソウ","Kunyomi: はしる = run, rush, flee, turn to, become, go to excess",Guess the romaji equivalent of the Onyomi reading,Text
"talk, speak, converse, tell, explain [**On**]","話,ワ","Kunyomi: はなす,はなし = talk, speak, converse, tell, explain,chat, conversation, story, rumor, news, consultation, negotiations, facts, reasons",Guess the romaji equivalent of the Onyomi reading,Text
"mother, cause, motive [**On**]","母,ボ","Kunyomi: はは = mother, cause, motive",Guess the romaji equivalent of the Onyomi reading,Text
"original, primitive [**On**]","原,ゲン","Kunyomi: はら = field, plain, prairie, tundra, moor, wilderness",Guess the romaji equivalent of the Onyomi reading,Text
"spring [**On**]","春,シュン","Kunyomi: はる = spring, springtime",Guess the romaji equivalent of the Onyomi reading,Text
"clear up, (doubts) vanish, be refreshed [**On**]","晴,セイ","Kunyomi: はれる,はらす = clear up, (doubts) vanish, be refreshed,dispel, clear away (gloom), refresh (oneself)",Guess the romaji equivalent of the Onyomi reading,Text
"east [**On**]","東,トウ","Kunyomi: ひがし = east",Guess the romaji equivalent of the Onyomi reading,Text
"light [**On**]","光,コウ","Kunyomi: ひかる,ひかり = shine, glitter, sparkle, twinkle, flash,light, beam, glare, gleam, glimmer, glow, brightness, radiance, glitter, luster, influence (of parents)",Guess the romaji equivalent of the Onyomi reading,Text
"draw, pull, haul, tug, jerk, drag, trail, bend, attract, lead (horses or captives), draw (lines), admit, install (utilities), quote, refer to, look up (words), subtract, reduce, apply, daub on, blunt (a sword), patronize, choose, draw (a line), catch (a cold), retreat, withdraw, retire, subside [**On**]","引,イン","Kunyomi: ひく,ひける = draw, pull, haul, tug, jerk, drag, trail, bend, attract, lead (horses or captives), draw (lines), admit, install (utilities), quote, refer to, look up (words), subtract, reduce, apply, daub on, blunt (a sword), patronize, choose, draw (a line), catch (a cold), retreat, withdraw, retire, subside, close, be over, can discount, slink away",Guess the romaji equivalent of the Onyomi reading,Text
"daytime, midday [**On**]","昼,チュウ","Kunyomi: ひる = daytime, midday, noon",Guess the romaji equivalent of the Onyomi reading,Text
"spread out, extend, reach to [**On**]","広,コウ","Kunyomi: ひろい,ひろまる,ひろめる,ひろがる,ひろげる = spread out, extend, reach to,expand, enlarge, widen, unfurl, open (arms of a package), stretch, spread,be diffused, prevail, be propagated, prevade, be circulated, become popular,enlargel, disseminate, popularize, advertise, introduce, announcement, advertisement,wide, broad, extensive, spacious",Guess the romaji equivalent of the Onyomi reading,Text
"get fat, gain, fill out [**On**]","太,タイ,タ","Kunyomi: ふとい,ふとる = get fat, gain, fill out,big, thick, burly, fat, deep, sonorous (voice), shameless, audacious, insolent",Guess the romaji equivalent of the Onyomi reading,Text
"ship [**On**]","船,セン","Kunyomi: ふね,ふな = boat, ship, vessel, steamer, liner, barge, shipping, tank, trough, cistern, vat",Guess the romaji equivalent of the Onyomi reading,Text
"winter [**On**]","冬,トウ","Kunyomi: ふゆ = winter",Guess the romaji equivalent of the Onyomi reading,Text
"old [**On**]","古,コ","Kunyomi: ふるい,ふるす = old, aged, ancient, antiquated, stale, threadbare, outmoded, obsolete article",Guess the romaji equivalent of the Onyomi reading,Text
"star [**On**]","星,セイ,ショウ","Kunyomi: ほし = star, spot, dot, mark, bull's eye, one's fortune, point, score",Guess the romaji equivalent of the Onyomi reading,Text
"get thin, taper off [**On**]","細,サイ","Kunyomi: ほそい,ほそる,こまか,こまかい = get thin, taper off,fine (line), thin (voice), slender, narrow (trousers),small, fine, detailed, minor, trifling, elaborate, delicate, stingy, frugal, small (change)",Guess the romaji equivalent of the Onyomi reading,Text
"before [**On**]","前,ゼン","Kunyomi: まえ = front, fore part, head (of a line), presence, ago, before, previously, (five minutes) to",Guess the romaji equivalent of the Onyomi reading,Text
"coming and going, association, change of seasons [**On**]","交,コウ","Kunyomi: まじわる,まじえる,まじる,まざる,まぜる,かう,かわす = associate with, mingle with, interest, join,mix, converse with, cross (swords),blend, mingle, include, let in on,be mixed, be blended,exchange (messages), dodge, parry, avoid, turn aside",Guess the romaji equivalent of the Onyomi reading,Text
"full (month), perfection, purity, the shipname suffix anciently used after the name of a sword or a child [**On**]","丸,ガン","Kunyomi: まる,まるい,まるめる = full (month), perfection, purity, the shipname suffix anciently used after the name of a sword or a child, make round, round off, roll up, curl up, seduce, cajole, explain away, round, circular, spherical",Guess the romaji equivalent of the Onyomi reading,Text
"time, round, game, bout, heat, inning, innings, go around [**On**]","回,カイ,エ","Kunyomi: まわる,まわす = and, turn, go around, revolve, rotate, spin, gyrate, patrol, tour, take effect (medicine), be distributed, be past (time), be transferred, circularize, pass around, forward, transmit, refer to, transfer, lend money",Guess the romaji equivalent of the Onyomi reading,Text
"oneself [**On**]","自,ジ,シ","Kunyomi: みずから = oneself, personally",Guess the romaji equivalent of the Onyomi reading,Text
"shop, store [**On**]","店,テン","Kunyomi: みせ = shop, store, booth",Guess the romaji equivalent of the Onyomi reading,Text
"district, province, prefecture, road [**On**]","道,ドウ,トウ","Kunyomi: みち = road, path, lane, way, street, highway, route, journey, distance, course, way, means, duty, morality, moral doctrine, teachings, specialty, an art, reason, justice",Guess the romaji equivalent of the Onyomi reading,Text
"south [**On**]","南,ナン,ナ","Kunyomi: みなみ = south",Guess the romaji equivalent of the Onyomi reading,Text
"wheat, barley, oats, rye [**On**]","麦,バク","Kunyomi: むぎ = wheat, barley, oats, rye",Guess the romaji equivalent of the Onyomi reading,Text
"room, apartment, compartment, chamber [**On**]","室,シツ","Kunyomi: むろ = greenhouse, (ice) house, cellar",Guess the romaji equivalent of the Onyomi reading,Text
"business, work, function, errand, engagement, use, service, expenses, call of nature,for, used for [**On**]","用,ヨウ","Kunyomi: もちいる = use, adopt (a method), employ",Guess the romaji equivalent of the Onyomi reading,Text
"yuan, origin, New Year’s Day, first year of an era,Gen Mongol (dynasty) [**On**]","元,ゲン,ガン","Kunyomi: もと = beginning, origin, foundation, basis, source, cause, root (of a tree), (raw) material, base, capital, principal, cost, forebears, formerly",Guess the romaji equivalent of the Onyomi reading,Text
"arrow [**On**]","矢,シ","Kunyomi: や = arrow",Guess the romaji equivalent of the Onyomi reading,Text
"Shinto shrine, association, firm, company, office [**On**]","社,シャ","Kunyomi: やしろ = Shinto shrine",Guess the romaji equivalent of the Onyomi reading,Text
"snow, snowfall [**On**]","雪,セツ","Kunyomi: ゆき = snow, snowfall",Guess the romaji equivalent of the Onyomi reading,Text
"bow, violin bow [**On**]","弓,キュウ","Kunyomi: ゆみ = bow, archery, violin bow, bow shape",Guess the romaji equivalent of the Onyomi reading,Text
"night [**On**]","夜,ヤ","Kunyomi: よ,よる = evening, night, nighttime, at night",Guess the romaji equivalent of the Onyomi reading,Text
"reading [**On**]","読,ドク,トク,トウ","Kunyomi: よむ = read, peruse, understand, read (one's heart), guess, divine",Guess the romaji equivalent of the Onyomi reading,Text
"weakness, the weak [**On**]","弱,ジャク","Kunyomi: よわい,よわる,よわまる,よわめる = weaken, be emaciated, be dejected, be perplexed,impair, enfeeble,weak, feeble, frail, tender, unskilled, weak (alcoholic beverage)",Guess the romaji equivalent of the Onyomi reading,Text
"dividing, part, segment, share, ration, rate, degree, one's lot, one's status, relation, duty, kind, lot,a minute of time, onesixtieth of a degree, onetenth of a momme,rate, part, percentage, one percent, thickness, odds, chance of winning, onetenth of a shaku, one quarter of a ryo [**On**]","分,ブン,フン,ブ","Kunyomi: わける,わかれる,わかる,わかつ = understand, comprehend, know, be known, be identified, be open to reason, be sensible, can tell (what will happen), appreciate, be announced, be discovered, recognize,divide, split, separate, isolate, distribute, share, distinguish, spare,share with, distinguish between,branch off, diverge from, fork, split, be divided, part with, be divorced, bid farewell, break up, disperse, scatter",Guess the romaji equivalent of the Onyomi reading,Text