Question,Answer,Comment,Instruction,Render as
"examination results; test outcome; test result
この国では、長い間、||試＊＊＊||のみを重視した教育を行ってきた。
君の||試＊＊＊||は優秀だ。","しけんけっか,試験結果","",Guess the term having 4 (Grade-4 level) Kanji or its reading(not strictly same reading as one in the example),Text
"bar examination
今年は例年に無く多くの学生が||司＊＊＊||を受けた。
彼は||司＊＊＊||に合格し、法律事務所を創設した。
長年にわたる努力が実を結び、トムは||司＊＊＊||に合格することができました。","しほうしけん,司法試験","",Guess the term having 4 (Grade-4 level) Kanji or its reading(not strictly same reading as one in the example),Text
"election results
出席していた人々は皆その||選＊＊＊||に驚いた。","せんきょけっか,選挙結果","",Guess the term having 4 (Grade-4 level) Kanji or its reading(not strictly same reading as one in the example),Text
"industrial dispute; labor dispute; labour disput..
||労＊＊＊||によって失われた日数が反対ページの表に示されている。
彼はその||労＊＊＊||の経済的側面より、政治的側面により多くの関心を持っていた。","ろうどうそうぎ,労働争議","industrial dispute; labor dispute; labour dispute; strike",Guess the term having 4 (Grade-4 level) Kanji or its reading(not strictly same reading as one in the example),Text
"labor law; labour law
会社は複数の||労＊＊||に違反している。","ろうどうほう,労働法","",Guess the term having 3 (Grade-4 level) Kanji or its reading(not strictly same reading as one in the example),Text
"historic; historical; traditional
その生物学者は自分の||歴＊＊||な発見を誇りに思っている。
フォークを使う人々は、||歴＊＊||にみて、ずっと少数派であった。
彼はその謎を解くために||歴＊＊||な文書を調べた。
彼は||歴＊＊||な航海に出かけた。
彼は||歴＊＊||な航海に出た。","れきしてき,歴史的","",Guess the term having 3 (Grade-4 level) Kanji or its reading(not strictly same reading as one in the example),Text
"derisive; sarcastic
彼女は人生に対してとても||冷＊＊||だ。","れいしょうてき,冷笑的","",Guess the term having 3 (Grade-4 level) Kanji or its reading(not strictly same reading as one in the example),Text
"ill health; poor health; unhealthy
一日にオレンジを二十個以上食べるのは||不＊＊||だと思う。
||不＊＊||そうね。
喫煙は||不＊＊||だからやめるべきである。
彼女はなかなかきれいだが||不＊＊||そうだ。
極く常識的に考えて見ても、笑いのない人生は暗く冷たい。そして||不＊＊||であるように思われます。
私達は彼の||不＊＊||を考慮しなければならない。","ふけんこう,不健康","",Guess the term having 3 (Grade-4 level) Kanji or its reading(not strictly same reading as one in the example),Text
"imperfect; incomplete; unfinished
このリストは||未＊＊||です。
私の仕事はまだ||未＊＊||です。","みかんせい,未完成","",Guess the term having 3 (Grade-4 level) Kanji or its reading(not strictly same reading as one in the example),Text
"not having to take an examination; not taking an..
彼は||無＊＊||でその学校の入学が認められた。
||無＊＊||で入学を許可された。","むしけん,無試験","not having to take an examination; not taking an examination",Guess the term having 3 (Grade-4 level) Kanji or its reading(not strictly same reading as one in the example),Text
"election campaign
先ほど少し前に、マケイン上院議員から実に丁重な電話をいただきました。マケイン議員はこの||選＊＊||を長く、激しく戦ってきた。しかし議員はそのずっと前から、愛するこの国のために、もっと長くもっと激しく戦った人です。マケイン氏がこの国のために払ったすさまじい犠牲のほどを、私たちのほとんどは想像すらできない。勇敢で、わが身を忘れて国に献身するジョン・マケインというリーダーがこれまで国のために尽くし、働いてくれたおかげで、私たちの世界はより良いところになりました。
若者は無気力だという神話を拒絶した若者たちが、給料の少ない、そして睡眠時間のもっと少ない仕事に自分を","せんきょせん,選挙戦","",Guess the term having 3 (Grade-4 level) Kanji or its reading(not strictly same reading as one in the example),Text
"constituents; electorate; voters
||選＊＊||は増税にがまんできません。
||選＊＊||は投票によって不満をぶつけています。","せんきょみん,選挙民","",Guess the term having 3 (Grade-4 level) Kanji or its reading(not strictly same reading as one in the example),Text
"active; aggressive; assertive; positive; proacti..
あの学生はとても||積＊＊||だ。
あの生徒はとても||積＊＊||です。
アメリカ人は||積＊＊||な国民である。
民主主義は自由を||積＊＊||に認める。
||積＊＊||な姿勢があれば、解決できる問題はそのやり方を求め、掌握できない事柄からは手を引くことになる。
||積＊＊||に情報を公開することが、ゆくゆくは利益になる。
現場は開発に||積＊＊||だった。","せっきょくてき,積極的","active; aggressive; assertive; positive; proactive",Guess the term having 3 (Grade-4 level) Kanji or its reading(not strictly same reading as one in the example),Text
"commandant; commanding officer; general
||司＊＊||は部下に向かって直ちに発砲するよう命令を発した。","しれいかん,司令官","",Guess the term having 3 (Grade-4 level) Kanji or its reading(not strictly same reading as one in the example),Text
"examiner
その志望者は||試＊＊||に好ましい印象を与えた。
口頭試験、うまくいくといいね。||試＊＊||はフランス人なの？
||試＊＊||に読んでほしくない言葉はすべて消しなさい。
||試＊＊||は答案用紙・試験問題の配布および回収時には、ゴム手袋を着用してください。","しけんかん,試験官","",Guess the term having 3 (Grade-4 level) Kanji or its reading(not strictly same reading as one in the example),Text
"test tube
５．反応が終わったら、濡れ雑巾の上に||試＊＊||をおく。
||試＊＊||を壊したり、おもしろ半分に化学製品をあれこれいじって遊んだが、時には、教師の指示になんとか従って、ずっと以前に他の人々が試みた実験を繰り返すこともした。","しけんかん,試験管","",Guess the term having 3 (Grade-4 level) Kanji or its reading(not strictly same reading as one in the example),Text
"archetypal; model; quintessential; representativ..
トムは||典＊＊||なイギリス人だ。
||典＊＊||です。
||典＊＊||な英国の食事は何ですか。
彼は||典＊＊||な仕事人間だね。
彼は||典＊＊||な日本人だ。
彼は||典＊＊||な日本男児だなぁ。
彼らは||典＊＊||な若者だ。","てんけいてき,典型的","archetypal; model; quintessential; representative; stereotypical; typical",Guess the term having 3 (Grade-4 level) Kanji or its reading(not strictly same reading as one in the example),Text
"special award; special prize
ビルが||特＊＊||に選ばれた。
彼には||特＊＊||が与えられた。","とくべつしょう,特別賞","",Guess the term having 3 (Grade-4 level) Kanji or its reading(not strictly same reading as one in the example),Text
"special seat
||特＊＊||を二枚買いたい。","とくべつせき,特別席","",Guess the term having 3 (Grade-4 level) Kanji or its reading(not strictly same reading as one in the example),Text
"remnants of a defeated army
追われた||敗＊＊||は、どうやら対決のときがきたと、腹をきめた。","はいざんへい,敗残兵","",Guess the term having 3 (Grade-4 level) Kanji or its reading(not strictly same reading as one in the example),Text
"inevitable; necessary
それは||必＊＊||に延期しなければならない。
文明が進むにつれて、詩は殆ど||必＊＊||に衰える。","ひつぜんてき,必然的","",Guess the term having 3 (Grade-4 level) Kanji or its reading(not strictly same reading as one in the example),Text
"homely; incompetent; lacking ability; plain; ugl..
彼女は人気スターとしては||無＊＊||で肉付きがよい。","ぶきりょう,無器量","homely; incompetent; lacking ability; plain; ugly (of a person); unattractive",Guess the term having 3 (Grade-4 level) Kanji or its reading(not strictly same reading as one in the example),Text
"homely; incompetent; lacking ability; plain; ugl..
彼女を公平に評価すれば、彼女は||不＊＊||ではない。","ふきりょう,ぶきりょう,不器量","homely; incompetent; lacking ability; plain; ugly (of a person); unattractive",Guess the term having 3 (Grade-4 level) Kanji or its reading(not strictly same reading as one in the example),Text
"abortive (attempt, action); failure
彼は||不＊＊||に終わった商談について意見を述べた。","ふせいこう,不成功","",Guess the term having 3 (Grade-4 level) Kanji or its reading(not strictly same reading as one in the example),Text
"needless; unnecessary
あなたは||不＊＊||な語は消したほうがよい。
その突発について||不＊＊||に心配する必要はない。
よく計画を練れば、あなたは||不＊＊||なことに取られる時間を少なくでき、仕事をより速く終わらせることができます。
君の論文から||不＊＊||な語を削除した方がよろしい。","ふひつよう,不必要","",Guess the term having 3 (Grade-4 level) Kanji or its reading(not strictly same reading as one in the example),Text
"impactful; impressive; memorable; striking
おもちゃコンサルタントの方々が甲斐甲斐しく働く姿がとても||印＊＊||でした。
中学校時代に、入院中の祖父が病院の看護師に対して「ありがとう、助かるよ」とよく声をかけていたことがとても||印＊＊||でした。
彼はなんと||印＊＊||な人なのでしょう。
彼女の濃いブルーの瞳がとても||印＊＊||だった。","いんしょうてき,印象的","",Guess the term having 3 (Grade-4 level) Kanji or its reading(not strictly same reading as one in the example),Text
"printing press
トムたちは毎月学校の||印＊＊||を使って生徒会報を発行している。
ネットワーク経由で||印＊＊||にデータ送信する。
最初の||印＊＊||はグーテンベルグによって発明された。","いんさつき,印刷機","",Guess the term having 3 (Grade-4 level) Kanji or its reading(not strictly same reading as one in the example),Text
"academic; conceptual; ideational; notional; theo..
彼の福祉の概念はかなり||観＊＊||だ。","かんねんてき,観念的","academic; conceptual; ideational; notional; theoretical",Guess the term having 3 (Grade-4 level) Kanji or its reading(not strictly same reading as one in the example),Text
"mechanical
単なる||機＊＊||な問題です。
科学的研究は||機＊＊||な決まりきった仕事ではなく、科学者の側の継続的な努力である。","きかいてき,機械的","",Guess the term having 3 (Grade-4 level) Kanji or its reading(not strictly same reading as one in the example),Text
"equipment; gadgetry; machinery
その工場は古い||機＊＊||を廃棄することにした。","きかいるい,機械類","",Guess the term having 3 (Grade-4 level) Kanji or its reading(not strictly same reading as one in the example),Text
"seasonal
その会社は社員を||季＊＊||に採用する。
毎年のように4月にのど壊してる気がする。||季＊＊||なものなのかなあ。","きせつてき,季節的","",Guess the term having 3 (Grade-4 level) Kanji or its reading(not strictly same reading as one in the example),Text
"healthful; healthy; hygienic; sanitary
トムはいつも||健＊＊||です。
||健＊＊||な昼食をとることの大切さを学びました。
僕の食生活は||健＊＊||じゃないよ。
学校は||健＊＊||な環境に位置している。
水泳は、||健＊＊||だ。
海辺の空気はきれいで||健＊＊||だ。","けんこうてき,健康的","",Guess the term having 3 (Grade-4 level) Kanji or its reading(not strictly same reading as one in the example),Text
"hygiene
||健＊＊||の一つに、発音できない原材料を含む食品は一切口にしない、というものがあるらしい。","けんこうほう,健康法","",Guess the term having 3 (Grade-4 level) Kanji or its reading(not strictly same reading as one in the example),Text
"favorable impression; good impression
太郎のアシストのおかげで少しは彼女に||好＊＊||を与えられた気がする。","こういんしょう,好印象","",Guess the term having 3 (Grade-4 level) Kanji or its reading(not strictly same reading as one in the example),Text
"hands-on; participating; participatory
||参＊＊||の意思決定様式を奨励することが緊急課題である。","さんかがた,参加型","",Guess the term having 3 (Grade-4 level) Kanji or its reading(not strictly same reading as one in the example),Text
"entrance fee; participation cost
||参＊＊||はかかりません。","さんかひ,参加費","",Guess the term having 3 (Grade-4 level) Kanji or its reading(not strictly same reading as one in the example),Text
"consolation prize
僕は勝ちはしなかったけど、少なくとも||残＊＊||は貰ったよ。","ざんねんしょう,残念賞","",Guess the term having 3 (Grade-4 level) Kanji or its reading(not strictly same reading as one in the example),Text
"food scraps; leftover food; leftovers
たくさんの||残＊||が残っていた。
最もすばらしい食事もブタにやる||残＊||のようになってしまう。
||残＊||の屑は害虫の住処になる。
||残＊||は捨てた方がいいです。","ざんぱん,残飯","",Guess the term having 2 (Grade-4 level) Kanji or its reading(not strictly same reading as one in the example),Text
"remaining quantity; residual quantity
バッテリー||残＊||が少なくなっています。","ざんりょう,残量","",Guess the term having 2 (Grade-4 level) Kanji or its reading(not strictly same reading as one in the example),Text
"killing; murder
７名の警察官が||殺＊||された。
あの子を||殺＊||しようとしてるのよ。
トムに||殺＊||すると脅された。
トムは教室にいた全員を||殺＊||した。
彼らは王の||殺＊||をたくらんでいる。
||殺＊||の動機は明らかではない。","さつがい,せちがい,せつがい,殺害","",Guess the term having 2 (Grade-4 level) Kanji or its reading(not strictly same reading as one in the example),Text
"roll of banknotes
そこには||札＊||がいくつも入っていた。
たくさん||札＊||が入っていたが、１０００ドル札ではなかった。
やつは||札＊||に埋もれるぐらい金がある。","さつたば,札束","",Guess the term having 2 (Grade-4 level) Kanji or its reading(not strictly same reading as one in the example),Text
"boiling seawater to get salt; broiling with salt..
やっぱり天然アユの||塩＊||きは最高だね。","しおやき,塩焼","boiling seawater to get salt; broiling with salt; grilling (fish) with salt",Guess the term having 2 (Grade-4 level) Kanji or its reading(not strictly same reading as one in the example),Text
"exam; examination; experiment; test; test; trial
彼は||試＊||に合格した。
彼は||試＊||に落ちた。
彼らは||試＊||に落ちた。
来週は||試＊||だ。
私は||試＊||に落ちた。
||試＊||に失敗した。
||試＊||は全て済んだ。","しけん,試験","",Guess the term having 2 (Grade-4 level) Kanji or its reading(not strictly same reading as one in the example),Text
"browsing (to a file or folder); comparison; cons..
１０頁を||参＊||してください。
１０項を||参＊||して下さい。
上記の例をご||参＊||ください。
作家はよく辞書を||参＊||する。
私はよくその辞書を||参＊||する。","さんしょう,参照","browsing (to a file or folder); comparison; consultation; reference (e.g. to a dictionary, passage, footnotes)",Guess the term having 2 (Grade-4 level) Kanji or its reading(not strictly same reading as one in the example),Text
"disappointing; regrettable; unfortunate; vexing
それは||残＊||だね。
それは||残＊||だよ。
それは||残＊||です。
本当に||残＊||だと思う。
本当に||残＊||ですね。
||残＊||！
||残＊||だ！","ざんねん,残念","",Guess the term having 2 (Grade-4 level) Kanji or its reading(not strictly same reading as one in the example),Text
"differentiation; discrimination; discrimination ..
しかし今日でも、女性たちは||差＊||と戦っている。
その週間は||差＊||とは関係がなかった。
人を人種で||差＊||するのは間違っている。
国籍や性別または職業などで人を||差＊||してはいけない。
性別による||差＊||は禁じられています。","さべつ,しゃべち,しゃべつ,差別","differentiation; discrimination; discrimination (against people); distinction",Guess the term having 2 (Grade-4 level) Kanji or its reading(not strictly same reading as one in the example),Text
"chance; good opportunity
この||好＊||を逃すな。
こんな||好＊||は逃すなよ。
||好＊||を逃すな。
||好＊||を逸するな。
彼らは||好＊||を逸した。
私はこの||好＊||を利用した。
私は||好＊||に乗じた。","こうき,好機","",Guess the term having 2 (Grade-4 level) Kanji or its reading(not strictly same reading as one in the example),Text
"consolidation; hardening
解けにくい||固＊||びってどうやるの？","こけつ,固結","",Guess the term having 2 (Grade-4 level) Kanji or its reading(not strictly same reading as one in the example),Text
"firm refusal
彼は総理のたっての要請を||固＊||した。","こじ,固辞","",Guess the term having 2 (Grade-4 level) Kanji or its reading(not strictly same reading as one in the example),Text
"dictionary; lexicon
Tatoebaは||辞＊||じゃないからね。
この||辞＊||は全１２巻です。
私はいつも||辞＊||を３冊手元に置いています。
||辞＊||と聞いて想像するほど紙面に密度がないので、言うほど通読も大変ではないだろう。","ことばてん,じてん,辞典","",Guess the term having 2 (Grade-4 level) Kanji or its reading(not strictly same reading as one in the example),Text
"beloved; dearest
いつものコーヒーショップでコーヒーを飲んでいると、トムが血相を変えてやってきた。何事かと思いきや、どうやら、まだ結婚していない||最＊||の娘メアリーが、妊娠したと言うのだ。トムはかなり取り乱しているようだった。
そしてこの国の次のファーストレディ、ミシェル・オバマ。彼女が絶え間なく私を支えてくれなければ、16年前からずっと最高の親友でいてくれた彼女が、礎となって家族を支えてくれた彼女が、私にとって||最＊||の彼女がいなければ、私は今夜ここに立っていません。
トムは||最＊||の息子を亡くした。
友達にも、親戚にも、旧友にも、恩師にも、||最＊||のペットに","さいあい,最愛","",Guess the term having 2 (Grade-4 level) Kanji or its reading(not strictly same reading as one in the example),Text
"beginning; first; onset; outset
何事も||最＊||が肝心だよな。
厄介なのは||最＊||の一歩だ。
彼が||最＊||に来た。
我々は||最＊||に着いた。
||最＊||から始めよう。
||最＊||の信号を右に。
私が||最＊||に行きます。","さいしょ,最初","",Guess the term having 2 (Grade-4 level) Kanji or its reading(not strictly same reading as one in the example),Text
"least; lowest; minimum; at the very least; awful..
あなたって、||最＊||。
あの映画、||最＊||！
お前ら、||最＊||だな。
||最＊||！
株価はこれまでの||最＊||に下がった。
私のボスは||最＊||なやつだ。","さいてい,最低","least; lowest; minimum; at the very least; awful; disgusting; horrible; nasty; worst",Guess the term having 2 (Grade-4 level) Kanji or its reading(not strictly same reading as one in the example),Text
"ideal; the best
これは||最＊||の方法だ。
||最＊||の材料のみを使用するよう十分な注意を払っております。
正直は||最＊||の方策。
犬は人間の||最＊||の友です。
節制は||最＊||の薬。
経験は||最＊||の教師である。","さいりょう,最良","",Guess the term having 2 (Grade-4 level) Kanji or its reading(not strictly same reading as one in the example),Text
"(market) factor; basis; data; evidence; grounds ..
大きな||材＊||をかついで持ち帰った。
小麦粉はケーキの主な||材＊||だ。
日曜日、カレーの||材＊||を買いました。
||材＊||は何ですか？
||材＊||は残り物で大丈夫。
残りの||材＊||を加えてください。
泥は陶器を作るのに必要な||材＊||です。","ざいりょう,材料","(market) factor; basis; data; evidence; grounds (for a decision, judgement, etc.); ingredients; material (for a novel, experiment, etc.); materials; subject matter",Guess the term having 2 (Grade-4 level) Kanji or its reading(not strictly same reading as one in the example),Text
"building material
良質の||建＊||が不足している。","けんざい,建材","",Guess the term having 2 (Grade-4 level) Kanji or its reading(not strictly same reading as one in the example),Text
"scenery
アルプスの||景＊||は私の印象に残った。
これは||景＊||で有名な山です。
新たな市庁舎の建設には、||景＊||を損なうものとして市民から反対の声があがっている。
私たちは富士山の||景＊||に感嘆した。","けいかん,景観","",Guess the term having 2 (Grade-4 level) Kanji or its reading(not strictly same reading as one in the example),Text
"consequence; effect; outcome; result; after ...;..
テストの||結＊||が心配だ。
当然の||結＊||だ。
彼女は||結＊||に満足した。
後で||結＊||を教えてね。
||結＊||は気にするな。
||結＊||は良い。
良い||結＊||が予想される。","けっか,結果","consequence; effect; outcome; result; after ...; as a consequence of ...; as a result of ...; following ...; bearing fruit; fruiting",Guess the term having 2 (Grade-4 level) Kanji or its reading(not strictly same reading as one in the example),Text
"cancellation (of a flight or sea voyage)
その便は濃霧のため||欠＊||になりました。
その飛行機は濃霧のために||欠＊||になった。
大阪行きの最終便が||欠＊||になった。
濃い霧のために飛行機は||欠＊||した。
私たちのフライトが||欠＊||になりました。","けっこう,欠航","",Guess the term having 2 (Grade-4 level) Kanji or its reading(not strictly same reading as one in the example),Text
"combination; formation
さらに、お年寄りが互いに交流し、アメリカの生活の中で何時までも積極的に参加していられるように、多くの団体が||結＊||されている。
ボート競技に参加する為に新チームが||結＊||された。
彼らは、アメリカ退職者協会という独自の全国組織を||結＊||している。
新卒技術者は重大な政府機関に潜入する部隊を||結＊||した。
目標はチームを||結＊||することです。","けっせい,結成","",Guess the term having 2 (Grade-4 level) Kanji or its reading(not strictly same reading as one in the example),Text
"absence; non-attendance
トムは||欠＊||です。
会を||欠＊||した。
彼は会合を||欠＊||した。
彼は学校を||欠＊||した。
||欠＊||させて下さい。
||欠＊||した生徒は一人もいなかった。
私は会を||欠＊||した。","けっせき,欠席","",Guess the term having 2 (Grade-4 level) Kanji or its reading(not strictly same reading as one in the example),Text
"conclusion; end
その映画の||結＊||はどうなっていますか。
なんてドラマチックな||結＊||だろう。
悲しい||結＊||の物語が好きです。
物語の||結＊||はどうでしたか。
物語は||結＊||に近づいた。","けつまつ,結末","",Guess the term having 2 (Grade-4 level) Kanji or its reading(not strictly same reading as one in the example),Text
"fit; healthy; sound; wholesome; health
||健＊||が第一だ。
||健＊||は宝です。
彼は||健＊||そうだ。
彼は||健＊||だ。
彼らは||健＊||そうだ。
私の兄は||健＊||だ。
私達は||健＊||です。","けんこう,健康","",Guess the term having 2 (Grade-4 level) Kanji or its reading(not strictly same reading as one in the example),Text
"fisherman
他の物が||漁＊||の利を占める。
君は||漁＊||の利を占めようとしているのか。
本命と対抗馬が競り合ったお陰で、ダークホースの彼が||漁＊||の利を得たってわけだ。
||漁＊||の利。
||漁＊||の利を占める。
苛酷な価格競争の中で、Ａ社は我々をけしかけてＢ社と戦わせて||漁＊||の利を得ようとしている。","ぎょふ,漁夫","",Guess the term having 2 (Grade-4 level) Kanji or its reading(not strictly same reading as one in the example),Text
"(public) estimation (esp. of a man); ability; ca..
彼女は||器＊||の点では姉に劣らない。","きりょう,器量","(public) estimation (esp. of a man); ability; caliber; calibre; capability; capacity; credit; dignity; facial appearance; facial beauty; features; honour; looks (esp. of a woman); talent",Guess the term having 2 (Grade-4 level) Kanji or its reading(not strictly same reading as one in the example),Text
"benefit; conferral; delivery; furnishing; paymen..
連邦政府の予算削減は社会保障の||給＊||に影響が及ぶでしょう。","きゅうふ,給付","benefit; conferral; delivery; furnishing; payment; provision (of money or goods)",Guess the term having 2 (Grade-4 level) Kanji or its reading(not strictly same reading as one in the example),Text
"pay; salary; wages
４月から||給＊||があがる。
今月は||給＊||が多かった。
彼の||給＊||はいい。
私の||給＊||は３０万円だ。
私の||給＊||は週給です。
||給＊||はいくら？
||給＊||は歩合制です。","きゅうりょう,給料","",Guess the term having 2 (Grade-4 level) Kanji or its reading(not strictly same reading as one in the example),Text
"armed forces; military; troops
その||軍＊||は隣国に侵入した。
トムは||軍＊||に召集された。
大統領は||軍＊||を招集した。
彼は||軍＊||にいる。
日本の||軍＊||は非常に強力だった。
||軍＊||がいっぱい来てる。
||軍＊||は反乱を制圧した。","ぐんたい,軍隊","",Guess the term having 2 (Grade-4 level) Kanji or its reading(not strictly same reading as one in the example),Text
"aspiration; hope; wish; (bright) prospects; expe..
あまり||希＊||がない。
また||希＊||が出てきた。
命ある限り||希＊||あり。
少しは||希＊||があるのか。
||希＊||を失った。
||希＊||を失ってはいけない。
昨日の夢は今日の||希＊||。","きぼう,希望","aspiration; hope; wish; (bright) prospects; expectation",Guess the term having 2 (Grade-4 level) Kanji or its reading(not strictly same reading as one in the example),Text
"agenda item; legislative bill; measure
この||議＊||は我々の政策に合っている。
委員の大多数はその||議＊||に反対投票をした。
委員会はその||議＊||を可決した。
我々はその||議＊||に反対投票をした。
社会党の猛烈な反対にもかかわらず、その||議＊||は過半数で可決された。
||議＊||は１０票の小差で通過した。
||議＊||を撤した。","ぎあん,議案","",Guess the term having 2 (Grade-4 level) Kanji or its reading(not strictly same reading as one in the example),Text
"apparatus; appliance; instrument; machine; mecha..
この||機＊||は故障中だ。
この||機＊||は電気で動く。
その||機＊||は今運転中だ。
その||機＊||は場所をとる。
ようこそ||機＊||へ。
||機＊||は動いてる？
||機＊||を始動させた。","きかい,機械","apparatus; appliance; instrument; machine; mechanism",Guess the term having 2 (Grade-4 level) Kanji or its reading(not strictly same reading as one in the example),Text
"conference; consultation; discussion; negotiatio..
その問題については||協＊||するつもりです。
役員評議会が組織されて新提案を||協＊||した。
彼はその問題について幹部の何人かと||協＊||した。
私たちはその問題を彼らと||協＊||した。
貿易赤字について慎重に||協＊||しなければならない。","きょうぎ,協議","conference; consultation; discussion; negotiation",Guess the term having 2 (Grade-4 level) Kanji or its reading(not strictly same reading as one in the example),Text
"competition; competition (between organisms or s..
とても激しい||競＊||だった。
彼はその||競＊||に楽勝した。
彼は||競＊||で５着になった。
私は彼と一マイル||競＊||した。
私は彼と||競＊||した。
||競＊||はいつ始めますか？
||競＊||は激しくなった。","きょうそう,競争","competition; competition (between organisms or species); contest; race; rivalry",Guess the term having 2 (Grade-4 level) Kanji or its reading(not strictly same reading as one in the example),Text
"coaction
「少しうちに寄っていかない？」「いいの？」「うち||共＊||きで親は遅いの」
例年通りだった。特に落胆はなかった。||共＊||きの家では当たり前のことだから。","きょうどう,共働","",Guess the term having 2 (Grade-4 level) Kanji or its reading(not strictly same reading as one in the example),Text
"cooperation
あなたは素晴らしい関係を「得る」ことはできない。あなたができることは、ただ心から愛する人を見つけて、素晴らしい関係を作るために||協＊||することだ。","きょうどう,協働","",Guess the term having 2 (Grade-4 level) Kanji or its reading(not strictly same reading as one in the example),Text
"organ
物を視覚的に覚える||器＊||は視床下部の下にある。","きかん,器官","",Guess the term having 2 (Grade-4 level) Kanji or its reading(not strictly same reading as one in the example),Text
"apparatus; device; equipment; machinery
こういう||機＊||では買いたくなるような値段です。
セガはかつてテレビゲーム||機＊||を作っていた。
トムはその||機＊||をチェックした。
人工内耳は技術的に巧妙な||機＊||です。
最近、我が社の||機＊||を最新のものにした。","きき,機器","",Guess the term having 2 (Grade-4 level) Kanji or its reading(not strictly same reading as one in the example),Text
"equipment; machine parts; machinery
ひと昔前のプロ向けの||機＊||が、今や個人でも手が届く価格になっている。
昨日、私たちはその||機＊||でちょっとしたトラブルがあった。
楽器・||機＊||の質は完全にプロ仕様！ですが値段は何処よりも安い！
確かに世代でも教育の程度に差が出るが、近年の||機＊||の差には目も当てられない。","きざい,機材","",Guess the term having 2 (Grade-4 level) Kanji or its reading(not strictly same reading as one in the example),Text
"model (of machine, device); model of aircraft; t..
この新しい||機＊||を買う前に一度試してみたい。
この||機＊||は気に入らないが、これで間に合わせなければならない。
パソコンの使い方も知らないのにあんな高い||機＊||を買うなんて、宝の持ち腐れだ。
古い||機＊||に比べてこちらのほうがずっと扱いやすい。
古い||機＊||に比べてこちらの方がずっと使いやすい。","きしゅ,機種","model (of machine, device); model of aircraft; type of aircraft",Guess the term having 2 (Grade-4 level) Kanji or its reading(not strictly same reading as one in the example),Text
"parliamentary seat
古参議員たちは、選挙で参議院の||議＊||を失いそうになりました。
彼は国会に||議＊||をもっている。
衆議院の少数派の||議＊||は、急速にむしばまれてきています。","ぎせき,議席","",Guess the term having 2 (Grade-4 level) Kanji or its reading(not strictly same reading as one in the example),Text
"season; time of year
イチゴの||季＊||です。
この||季＊||は卵が安い。
スキーの||季＊||です。
春は楽しい||季＊||だ。
春は花の||季＊||ですね。
||季＊||にあった服をご用意ください。
||季＊||の変わり目で体調等は崩してませんか？","きせつ,季節","",Guess the term having 2 (Grade-4 level) Kanji or its reading(not strictly same reading as one in the example),Text
"(suffering a) complete defeat; annihilation; utt..
ドジャースはジャイアンツに||完＊||した。","かんぱい,完敗","(suffering a) complete defeat; annihilation; utter defeat",Guess the term having 2 (Grade-4 level) Kanji or its reading(not strictly same reading as one in the example),Text
"aspiration; desire; wish
トムにフランス語を学びたいという||願＊||はない。
ほっそりとした姿に対する若い女性の||願＊||は強い。
医者になりたいという||願＊||は病弱な弟の世話をしたことから芽生えた。
彼の||願＊||は商売を始める事です。
彼女は世界一周をしたいという強い||願＊||を持っている。","がんぼう,がんもう,願望","",Guess the term having 2 (Grade-4 level) Kanji or its reading(not strictly same reading as one in the example),Text
"connection; relation; relevance
この事実はお互いに||関＊||し合っている。
コンピューター||関＊||の仕事をしています。
ビートルズ||関＊||の本を読んでみたいです。
俳句は季節と||関＊||が深い。
少年は暴動に||関＊||したために逮捕された。","かんれん,関連","",Guess the term having 2 (Grade-4 level) Kanji or its reading(not strictly same reading as one in the example),Text
"all sorts; every kind
その店は||各＊||ワインをたくさん在庫している。
低賃金、劣悪な労働条件、一方的な首切りなどの経済・労働問題はもとより、||各＊||の人道的問題までも引き起こしている。
||各＊||の性格類型が概略図の形で図１に示されている。
||各＊||の調査では、民間セクターが政策決定にほとんど影響力をもたないことが示されている。
普通科目の他に機械についての基礎的な事柄を学習し、||各＊||の機械の使用法や技術を身につける実習などを行います。
海は||各＊||の資源を与えてくれる。","かくしゅ,各種","",Guess the term having 2 (Grade-4 level) Kanji or its reading(not strictly same reading as one in the example),Text
"government forces; loyalist army
勝てば||官＊||。
||官＊||に入城を許すとはどういう了見だ。","かんぐん,官軍","",Guess the term having 2 (Grade-4 level) Kanji or its reading(not strictly same reading as one in the example),Text
"observation; survey; watching
同一現象が||観＊||された。
太陽の黒点を||観＊||しよう。
女は||観＊||し、男は判断する。
彼の||観＊||は正確だ。
科学は||観＊||に基づいている。
||観＊||は消極的な科学であり、実験は積極的な科学である。","かんさつ,観察","",Guess the term having 2 (Grade-4 level) Kanji or its reading(not strictly same reading as one in the example),Text
"complete recovery
科学者たちは未だに癌を||完＊||させる方法を見出していない。","かんじ,かんち,完治","",Guess the term having 2 (Grade-4 level) Kanji or its reading(not strictly same reading as one in the example),Text
"admiration; appreciation; enjoyment; viewing (fo..
手前のガラス張りの建物は薔薇園なんです。温室になっていて、いつも薔薇を||観＊||できるようになってるんですよ。","かんしょう,観賞","admiration; appreciation; enjoyment; viewing (for pleasure)",Guess the term having 2 (Grade-4 level) Kanji or its reading(not strictly same reading as one in the example),Text
"accomplishment; completion; perfection
いつ||完＊||したのですか。
これで全てが||完＊||だ。
やっと絵が||完＊||したよ。
||完＊||した本のコピーを１部送っていただくという条件で、私どものソフトウエアを収録することを許可します。
彼の仕事は||完＊||している。
練習が||完＊||を生む。","かんせい,完成","",Guess the term having 2 (Grade-4 level) Kanji or its reading(not strictly same reading as one in the example),Text
"joint (knee, elbow, etc.)
どこの||関＊||がはずれたの？
右腕の||関＊||が脱臼したようです。
左肩の||関＊||が痛みます。
私は左肩の||関＊||が痛い。
肘は上腕と前腕をつなぐ||関＊||だ。","かんせつ,関節","",Guess the term having 2 (Grade-4 level) Kanji or its reading(not strictly same reading as one in the example),Text
"observing (military operations); spectating; wat..
トムはスポーツ||観＊||が大好きだった。
レース||観＊||は楽しいよ。
相撲を||観＊||したことある？
私はサッカー||観＊||が大好きです。
私達はその試合を||観＊||して興奮した。","かんせん,観戦","observing (military operations); spectating; watching a (sports) game",Guess the term having 2 (Grade-4 level) Kanji or its reading(not strictly same reading as one in the example),Text
"acceptance; preparedness; resignation (to one's ..
もう助からないものと||観＊||した。
幸福の||観＊||はきわめて抽象的だ。
彼は義務の||観＊||がすっかりなくなっている。
彼は義務の||観＊||がすっかりなくなってしまっている。
彼女には義務の||観＊||が無い。","かんねん,観念","acceptance; preparedness; resignation (to one's fate); concept; conception; idea; meditation; notion; observation and contemplation; sense (e.g. of duty)",Guess the term having 2 (Grade-4 level) Kanji or its reading(not strictly same reading as one in the example),Text
"impression
アメリカの||印＊||はいかがですか。
この本の||印＊||をどうぞ。
それは深い||印＊||を私に与えた。
||印＊||が強いから記憶に残ってるだけ。
彼はあざやかな||印＊||を残した。
私の||印＊||ではそれは非常によい。","いんしょう,印象","",Guess the term having 2 (Grade-4 level) Kanji or its reading(not strictly same reading as one in the example),Text
"printing
この本は英国で||印＊||された。
すぐ||印＊||します。
その通知はひどい||印＊||だった。
||印＊||インキが不足している。
||印＊||の誤りがたくさん見つかった。
彼の仕事は||印＊||と関係がある。
私は百枚のページを||印＊||する。","いんさつ,印刷","",Guess the term having 2 (Grade-4 level) Kanji or its reading(not strictly same reading as one in the example),Text
"examination of tickets; ticket barrier; ticket g..
最近駅の||改＊||あたりで、平気でイチャイチャしてる若い奴等多くなったよなあ。","かいさつ,改札","examination of tickets; ticket barrier; ticket gate",Guess the term having 2 (Grade-4 level) Kanji or its reading(not strictly same reading as one in the example),Text
"re-election
今日の議題は生徒会の||改＊||についてです。誰か立候補したい人がいたら手を挙げてください。","かいせん,改選","",Guess the term having 2 (Grade-4 level) Kanji or its reading(not strictly same reading as one in the example),Text
"street light; streetlamp
あ、||街＊||がつき始めました。
このことは家が沈み始め、道路が裂けて||街＊||が途方もない角度に傾きつつあることを意味する。","がいとう,街灯","",Guess the term having 2 (Grade-4 level) Kanji or its reading(not strictly same reading as one in the example),Text
"improvement; reform
この制度には||改＊||の余地がない。
コンピューターはたえず||改＊||されている。
実際のところ、現在の方法には||改＊||の余地がたくさんある。
||改＊||が進むとパンはどんどんおいしくなる。
||改＊||された医療技術は、宇宙開発計画の副産物として派生したものの一つである。
有効な触媒がないので、その装置を||改＊||することは困難であろう。
自動ドアは今までよりもよりスマートな方法で制御されるかもしれない。新しく||改＊||されたコントロールシステムでは、ドアは人がドアに向かって真っ直ぐ進んで来た時にのみ開きます。もし、人がドアの前でただ立っ","かいりょう,改良","",Guess the term having 2 (Grade-4 level) Kanji or its reading(not strictly same reading as one in the example),Text
"application of heat; heating
||加＊||した林檎にシュガーとシナモンを入れてね。
水は充分に||加＊||すると沸騰する。
電子レンジの||加＊||の時間、十秒伸びて季節知る。","かねつ,加熱","",Guess the term having 2 (Grade-4 level) Kanji or its reading(not strictly same reading as one in the example),Text
"addition
実数の集合は||加＊||について閉じている。","かほう,加法","",Guess the term having 2 (Grade-4 level) Kanji or its reading(not strictly same reading as one in the example),Text
"contrivance; device; dodge; machinery; mechanica..
この三つの||機＊||とは国際通貨基金、国際復興開発銀行、関税・貿易一般協定である。
その||機＊||は１９６０年代後半に設立された。","からくり,きかん,機関","contrivance; device; dodge; machinery; mechanical doll; mechanism; string puppet; trick
agency; body; engine; facilities; facility; institution; organ; organisation; organization; system",Guess the term having 2 (Grade-4 level) Kanji or its reading(not strictly same reading as one in the example),Text
"nourishment; nutrition
この食べ物はあまり||栄＊||がない。
この魚は安くてしかも||栄＊||がある。
これはすごく||栄＊||があります。
一日分の||栄＊||がまかなえます。
||栄＊||のある朝食をとった。
||栄＊||バランスを気にした献立は手間がかかる。
牛乳は||栄＊||のある食品である。","えいよう,栄養","",Guess the term having 2 (Grade-4 level) Kanji or its reading(not strictly same reading as one in the example),Text
"(state of) health; condition; physical condition..
いい||塩＊||だ。
ガチョウの番がどうにかこうにか務まるといった||塩＊||の、のらくら者であることを、しょっちゅうこぼしていました。
||塩＊||はいかがですか。","あんばい,えんばい,塩梅","(state of) health; condition; physical condition; situation; state; adjustment; arrangement; assignment; dealing with; flavor; flavour; handling; seasoning; taste
flavor; flavour; seasoning; serving one's lord well (of a retainer)",Guess the term having 2 (Grade-4 level) Kanji or its reading(not strictly same reading as one in the example),Text
"adoration; love
フランス人は芸術を||愛＊||すると言われている。
また、『源氏物語』をはじめとする物語が||愛＊||されました。
彼は釣りを||愛＊||する。
彼女は音楽を熱烈に||愛＊||していた。","あいこう,愛好","",Guess the term having 2 (Grade-4 level) Kanji or its reading(not strictly same reading as one in the example),Text
"position; situation; standing; status; location;..
その天文台はよい||位＊||にある。
||位＊||について、よーい、ドン！
||位＊||について、用意、ドン。
全員それぞれの||位＊||に着いた。
地図で町の||位＊||を見つけた。
日本は北半球に||位＊||する。
私の||位＊||からは塔は見えない。","いち,位置","position; situation; standing; status; location; place; position",Guess the term having 2 (Grade-4 level) Kanji or its reading(not strictly same reading as one in the example),Text
"digestive organs; gastrointestinal tract; stomac..
さすが横着な私も、我慢しきれず、||胃＊||の専門病院へ入院した。
トムは||胃＊||が弱い。","いちょう,胃腸","digestive organs; gastrointestinal tract; stomach and intestines",Guess the term having 2 (Grade-4 level) Kanji or its reading(not strictly same reading as one in the example),Text
"clothing
この代用貨幣では、会社の直営店に行き、その店で食料品や||衣＊||を買うことしかできませんでした。
その店ではくつと||衣＊||が売られている。
私たちの毎月の収入は、食料、部屋代、||衣＊||、交通費などをカバーできなければならない。","いりょう,衣料","",Guess the term having 2 (Grade-4 level) Kanji or its reading(not strictly same reading as one in the example),Text
"clothes; clothing; garments
その少年は||衣＊||を残らず鞄に詰め込んだ。
上着は、||衣＊||の１つである。
彼女は数分前に||衣＊||のアイロンがけを終えた。
男性用の||衣＊||はゆったりしている。
私は||衣＊||は普通地元の店で買います。","いるい,衣類","",Guess the term having 2 (Grade-4 level) Kanji or its reading(not strictly same reading as one in the example),Text
"piteous; pitiable; pitiful; poor
inconvenience; ..
ここは公共の乗り物が||不＊||だ。
夜会服は仕事をするには||不＊||だ。
鉛筆は折れやすくて||不＊||です。
電話がないのは||不＊||だ。
電話がないのは||不＊||なことだ。","ふびん,ふべん,不便","piteous; pitiable; pitiful; poor
inconvenience; inexpediency; unhandiness",Guess the term having 2 (Grade-4 level) Kanji or its reading(not strictly same reading as one in the example),Text
"constant; eternal; everlasting; immovable; immut..
ある人物が||不＊||の性質で全人生を貫くということは小説の中だけの話だ。
これ||不＊||の真理なり。","ふへん,不変","constant; eternal; everlasting; immovable; immutable; indestructible; permanent; unchangeable; invariant",Guess the term having 2 (Grade-4 level) Kanji or its reading(not strictly same reading as one in the example),Text
"illegal; outrageous; unjust; unlawful; unreasona..
変な男が私の地所に||不＊||に侵入してきた。","ふほう,不法","illegal; outrageous; unjust; unlawful; unreasonable; unwarranted",Guess the term having 2 (Grade-4 level) Kanji or its reading(not strictly same reading as one in the example),Text
"complaint; discontent; displeasure; dissatisfact..
あなたに||不＊||があります。
||不＊||が世に広まっている。
||不＊||はないよ。
君には||不＊||が全くない。
彼女は||不＊||な様子だ。
私には||不＊||はない。
私は||不＊||です。","ふまん,不満","complaint; discontent; displeasure; dissatisfaction; unhappiness",Guess the term having 2 (Grade-4 level) Kanji or its reading(not strictly same reading as one in the example),Text
"unnecessary; unneeded
フィルターの手入れ||不＊||とあっても手入れしてしまう。
参加のための会費は||不＊||です。
参加会費は||不＊||です。
安かったので||不＊||なものまで買う気になってしまった。
小屋をきれいにして||不＊||のものを捨てなさい。","ふよう,不要","",Guess the term having 2 (Grade-4 level) Kanji or its reading(not strictly same reading as one in the example),Text
"disadvantage; handicap; unfavorable position
判決は彼に||不＊||だった。
彼に||不＊||な判決がでた。
情勢は我々に||不＊||だ。
状況は彼女に||不＊||だ。
証拠は私に||不＊||だった。","ふり,不利","",Guess the term having 2 (Grade-4 level) Kanji or its reading(not strictly same reading as one in the example),Text
"delinquent; hoodlum; hooligan; bad; defective; i..
うちのお兄ちゃん、高校の頃、手に負えない程の||不＊||だったのよ。
うちのお姉ちゃん、中学校の頃、||不＊||だったのよ。
コアを取り付けるロボットのアームの調子が悪かったので、たくさんの||不＊||が出た。
その若い男性は、少女を||不＊||の集団から助け出した。
||不＊||たちは彼を殴り倒して財布を奪った。
描画が||不＊||です。","ふりょう,不良","delinquent; hoodlum; hooligan; bad; defective; inferior; poor",Guess the term having 2 (Grade-4 level) Kanji or its reading(not strictly same reading as one in the example),Text
"annex; appendix; extra (of a newspaper or magazi..
来月6月号の||付＊||は、保温保冷ポーチつきトートバッグです！お楽しみに！","ふろく,付録","annex; appendix; extra (of a newspaper or magazine); supplement",Guess the term having 2 (Grade-4 level) Kanji or its reading(not strictly same reading as one in the example),Text
"fine powder
アルミニウム、マグネシウム、シリコンなどの||粉＊||が爆発する。
僕は、黄色い||粉＊||を白い||粉＊||と混ぜて茶色の||粉＊||にしたり、結晶を||粉＊||と混ぜてほこりにしたり、液体を固体と結合させて、泥を作ったりなどあれこれやってみたのだ。","ふんまつ,粉末","",Guess the term having 2 (Grade-4 level) Kanji or its reading(not strictly same reading as one in the example),Text
"arms; ordnance; weapon
この||兵＊||では歯が立たない。
日本は||兵＊||にあまりお金を使うべきではない。","へいき,兵器","",Guess the term having 2 (Grade-4 level) Kanji or its reading(not strictly same reading as one in the example),Text
"soldier
その||兵＊||たちは裏切った。
その||兵＊||は戦死した。
その||兵＊||は足を負傷した。
||兵＊||は武装する。
||兵＊||は皆勇敢だった。
彼は勇敢な||兵＊||でした。
彼らは粒よりの||兵＊||だ。","へいし,兵士","",Guess the term having 2 (Grade-4 level) Kanji or its reading(not strictly same reading as one in the example),Text
"(common) soldier; private (soldier); rank and fi..
摸造品ばかりでなく、本物のドイツ将校や||兵＊||のヘルメットを売っているのもある。","へいそつ,兵卒","(common) soldier; private (soldier); rank and file; ranks",Guess the term having 2 (Grade-4 level) Kanji or its reading(not strictly same reading as one in the example),Text
"sailor; soldier
ヴィルヘルム隊長の演説は、すべての||兵＊||にインスピレーションを与えました。
その市はやがて||兵＊||によって占領された。
もしあの時水がなければ、||兵＊||は死んでいただろう。
||兵＊||が橋を見張っていた。
||兵＊||が町への道を封鎖した。","へいたい,兵隊","",Guess the term having 2 (Grade-4 level) Kanji or its reading(not strictly same reading as one in the example),Text
"fresh fish; naive person; purity; raw fish; ugly..
このケーキを作るためには膨らし粉と||無＊||バターが必要だ。","ぶえん,むえん,無塩","fresh fish; naive person; purity; raw fish; ugly woman; no-salt; salt free; unsalted",Guess the term having 2 (Grade-4 level) Kanji or its reading(not strictly same reading as one in the example),Text
"blunder; defeat; failure; indiscretion; mistake;..
なんて||不＊||！","ふかく,不覚","blunder; defeat; failure; indiscretion; mistake; negligence; unconsciousness",Guess the term having 2 (Grade-4 level) Kanji or its reading(not strictly same reading as one in the example),Text
"target
その銃で||標＊||を狙って。
トムが撃った弾は||標＊||を2フィート外れた。
彼女の成功は彼女を嫉妬の||標＊||にした。
米国の核廃棄物、テロ攻撃の||標＊||になりうる。
銃を||標＊||にあわせろ。","ひょうてき,標的","",Guess the term having 2 (Grade-4 level) Kanji or its reading(not strictly same reading as one in the example),Text
"essential; indispensable; necessary; needed; nec..
それは||必＊||だ。
君が||必＊||だ。
修理が||必＊||だ。
||必＊||ありません。
||必＊||なら来ます。
火が||必＊||だ。
紙が||必＊||だ。","ひつよう,必要","essential; indispensable; necessary; needed; necessity; need; requirement",Guess the term having 2 (Grade-4 level) Kanji or its reading(not strictly same reading as one in the example),Text
"becoming old; grain or plant harvested more than..
老衰するな！||老＊||せよ！","ひね,ろうせい,老成","becoming old; grain or plant harvested more than a year ago
experienced; mature; mature for one's age; precocious",Guess the term having 2 (Grade-4 level) Kanji or its reading(not strictly same reading as one in the example),Text
"doctor; Dr.; PhD; expert; instructor at the impe..
ジャクソン||博＊||は我慢強いです。
ホワイト||博＊||につないで下さい。
メースン||博＊||は仕事第一だった。
一時半に||博＊||に会う予定だ。
||博＊||たちは自然の神秘を探求した。
彼らはシュワイツァー||博＊||を尊敬した。","はかせ,はくし,博士","doctor; Dr.; PhD; expert; instructor at the imperial court (ritsuryo period); learned person; pitch and length marks (to accompany a Buddhist liturgical chant, etc.)
doctor; Dr.; PhD",Guess the term having 2 (Grade-4 level) Kanji or its reading(not strictly same reading as one in the example),Text
"dispersal; flying apart; flying off (in all dire..
カーペットには埃を吸収するダストポケット効果があり、埃の||飛＊||を防ぐ特長があるのだが、それが仇になった結果といえる。","ひさん,飛散","dispersal; flying apart; flying off (in all directions); scattering (e.g. dust in the wind, enemies before an assault)",Guess the term having 2 (Grade-4 level) Kanji or its reading(not strictly same reading as one in the example),Text
"defeat; losing a war; lost battle
||敗＊||のうわさが広まった。","はいせん,敗戦","",Guess the term having 2 (Grade-4 level) Kanji or its reading(not strictly same reading as one in the example),Text
"syphilis
||梅＊||は性行為を通じて感染する病気です。","ばいどく,梅毒","",Guess the term having 2 (Grade-4 level) Kanji or its reading(not strictly same reading as one in the example),Text
"banner (e.g. of democracy); cause; design (on a ..
多くの人がこの自由の||旗＊||の下に集った。","はたじるし,旗印","banner (e.g. of democracy); cause; design (on a banner); emblem (on a flag); insignia; objective; slogan",Guess the term having 2 (Grade-4 level) Kanji or its reading(not strictly same reading as one in the example),Text
"bottom (e.g. of the class); foot of the table; l..
彼はテーブルの||末＊||についた。
新しく来た人は||末＊||についた。","ばっせき,まっせき,末席","bottom (e.g. of the class); foot of the table; lowest rank; lowest seat; seat furthest from the seat of honour",Guess the term having 2 (Grade-4 level) Kanji or its reading(not strictly same reading as one in the example),Text
"ardent love; devotion; love passionately
父は母に劣らず私を||熱＊||した。
自分の作ったものを||熱＊||の眼を以て見てくれる一人の人があるという意識ほど、美術家にとって力となるものはない。","ねつあい,熱愛","",Guess the term having 2 (Grade-4 level) Kanji or its reading(not strictly same reading as one in the example),Text
"tropics
それらは、世界中の温帯、||熱＊||の海洋で見られます。
||熱＊||の国々ではたいてい１０代で結婚するという話である。
||熱＊||の太陽は容赦なくぎらぎら照り付けた。","ねったい,熱帯","",Guess the term having 2 (Grade-4 level) Kanji or its reading(not strictly same reading as one in the example),Text
"burning desire; longing for
人々は平和を||熱＊||していた。
彼は名声を||熱＊||している。
彼は成功を||熱＊||している。
彼は社長の地位を||熱＊||した。
私は名声を||熱＊||している。","ねつぼう,熱望","",Guess the term having 2 (Grade-4 level) Kanji or its reading(not strictly same reading as one in the example),Text
"one's dearest wish; one's heart's desire
トムはついに||念＊||のマイホームを手に入れた。
今後は皆様方からいただきましたご芳情に感謝しながら毎日を有意義に送りたいと||念＊||しております。
彼は国民の幸福を||念＊||した。
彼は||念＊||を果たした。
私達は君の成功を||念＊||している。","ねんがん,念願","",Guess the term having 2 (Grade-4 level) Kanji or its reading(not strictly same reading as one in the example),Text
"archetype; epitome; exemplar; model; pattern; pe..
彼はまさに英国紳士の||典＊||だ。
彼は積極的なセールスマンの||典＊||だ。
彼女はあらゆる婦徳の||典＊||である。
浅学な人ほど自分が正しいと思っている||典＊||ですね。
福岡は私が好きなタイプの町のまさに||典＊||です。","てんけい,典型","archetype; epitome; exemplar; model; pattern; perfect example; type",Guess the term having 2 (Grade-4 level) Kanji or its reading(not strictly same reading as one in the example),Text
"defeat; defeated army; lost battle
||敗＊||の将兵を語らず。","はいぐん,敗軍","",Guess the term having 2 (Grade-4 level) Kanji or its reading(not strictly same reading as one in the example),Text
"abortive scheme; fruitless effort; futility; was..
私はその計画を実現するためにあらゆる努力をしたが、結局それは||徒＊||に終わった。
言うまでもないことだが捜索は||徒＊||に終わった。","とろう,徒労","abortive scheme; fruitless effort; futility; wasted effort",Guess the term having 2 (Grade-4 level) Kanji or its reading(not strictly same reading as one in the example),Text
"armistice; ceasefire
この||停＊||が世界平和に役立つことを私達はみな望んでいる。","ていせん,停戦","",Guess the term having 2 (Grade-4 level) Kanji or its reading(not strictly same reading as one in the example),Text
"base (e.g. of support); base (of a polygon); bas..
ウーマン・リブは||底＊||は広いが、非公式な民衆の運動である。","ていへん,底辺","base (e.g. of support); base (of a polygon); basis; bottom (of the social scale); foundation; lower classes; lower levels",Guess the term having 2 (Grade-4 level) Kanji or its reading(not strictly same reading as one in the example),Text
"kill by poison; poisoning
彼は妻を||毒＊||したと言われている。","どくさつ,毒殺","",Guess the term having 2 (Grade-4 level) Kanji or its reading(not strictly same reading as one in the example),Text
"amenity; benefit; perk; prerogative; privilege; ..
こういう||特＊||に対して私達はどんな代償を支払わなければならないのか。
このクレジット・カードは私たちにある種の||特＊||を与えてくれる。
彼は会員の||特＊||を持っている。
彼は外国で２年間研究する||特＊||を得た。
有料会員専用のコミュに入会出来る||特＊||があります。
||特＊||の一つとして専属運転手がお客様に一人ずつ着きます。","とくてん,特典","amenity; benefit; perk; prerogative; privilege; special favor; special favour",Guess the term having 2 (Grade-4 level) Kanji or its reading(not strictly same reading as one in the example),Text
"especial; exceptional; extraordinary; particular..
トムは||特＊||な子です。
今日は||特＊||な日だね。
今日は||特＊||な日なんだ。
何か||特＊||なことやるの？
君は||特＊||だよ。
||特＊||いい気分だ。
||特＊||に行きたい場所はありますか？","とくべつ,特別","especial; exceptional; extraordinary; particular; special",Guess the term having 2 (Grade-4 level) Kanji or its reading(not strictly same reading as one in the example),Text
"folklore; legend; tradition
その地名は||伝＊||に由来する。
その歌は||伝＊||に由来する物だった。
その物語は||伝＊||に基づいている。
||伝＊||では、彼女は人魚だったと言われる。
||伝＊||の最後の部分は後世付け加えられたものだ。
古いインドの||伝＊||が数多くある。
日本には多くの||伝＊||がある。","でんせつ,伝説","",Guess the term having 2 (Grade-4 level) Kanji or its reading(not strictly same reading as one in the example),Text
"communication; conduction; conveyance; delivery;..
人間も色々な方法で||伝＊||し会う。
水は空気よりも音をよく||伝＊||する。
英語は||伝＊||の手段だ。
言葉は||伝＊||の手段である。
言語は||伝＊||の手段である。","でんたつ,伝達","communication; conduction; conveyance; delivery; propagation; relay; transfer; transmission (e.g. news, chemical signals, electricity)",Guess the term having 2 (Grade-4 level) Kanji or its reading(not strictly same reading as one in the example),Text
"chit; slip; ticket; voucher
すぐに||伝＊||をお持ちします。
||伝＊||は別々にお願いします。","でんぴょう,伝票","",Guess the term having 2 (Grade-4 level) Kanji or its reading(not strictly same reading as one in the example),Text
"indication; omen; sign; symptom
これって、よくない||兆＊||かしら？
これは悪い||兆＊||だ。
それって、よくない||兆＊||ね。
発熱は病気の||兆＊||です。
社会不安の||兆＊||が高まりつつある。","ちょうこう,兆候","",Guess the term having 2 (Grade-4 level) Kanji or its reading(not strictly same reading as one in the example),Text
"laughing at an inappropriate time; not being abl..
あなた様の行動にいつも||失＊||してますよ。
||失＊||してしまった。","しっしょう,失笑","laughing at an inappropriate time; not being able to hold back one's laughter; scornful laughter; snicker; snigger",Guess the term having 2 (Grade-4 level) Kanji or its reading(not strictly same reading as one in the example),Text
"blunder; failure; mistake
トムは||失＊||した。
事業に||失＊||した。
||失＊||した。
||失＊||するよ。
怠惰は||失＊||を招く。
私の||失＊||？
試験に||失＊||した。","しっぱい,失敗","",Guess the term having 2 (Grade-4 level) Kanji or its reading(not strictly same reading as one in the example),Text
"despair; disappointment
トムは||失＊||していた。
||失＊||してないの？
||失＊||するな。
新製品には||失＊||した。
私は彼に||失＊||した。
私は彼女に||失＊||した。
私は決して||失＊||しない。","しつぼう,失望","",Guess the term having 2 (Grade-4 level) Kanji or its reading(not strictly same reading as one in the example),Text
"circumference; environs; surroundings
その町の||周＊||は景色が美しい。
僕らの||周＊||で水はよどんでいた。
||周＊||には誰も居なかった。
||周＊||に敵影ありません。
地球は太陽の||周＊||を回る。
惑星は太陽の||周＊||を回転する。
池の||周＊||は木で囲まれていた。","しゅうい,周囲","",Guess the term having 2 (Grade-4 level) Kanji or its reading(not strictly same reading as one in the example),Text
"(computer) peripheral; around; circumference; en..
ケイトのお父さんは家の||周＊||にいる。
その州は||周＊||にさまざまな原料を供給している。
ブレークはロンドン||周＊||の郊外を歩くのを好んだ。
宇宙は中心が至る所にあり||周＊||が何処にもない円である。
現在では我々が作った人工衛星が地球の||周＊||を回転している。","しゅうへん,周辺","(computer) peripheral; around; circumference; environs; in the area of; in the vicinity of; outskirts",Guess the term having 2 (Grade-4 level) Kanji or its reading(not strictly same reading as one in the example),Text
"congratulatory address
そのめでたいときに当たり彼は||祝＊||を述べた。","しゅくじ,祝辞","",Guess the term having 2 (Grade-4 level) Kanji or its reading(not strictly same reading as one in the example),Text
"celebration
私はその||祝＊||に出席できなかった。","しゅくてん,祝典","",Guess the term having 2 (Grade-4 level) Kanji or its reading(not strictly same reading as one in the example),Text
"counter for kinds, species, etc.; category; kind..
これは珍しい||種＊||の魚です。
どんな||種＊||の花が好きですか。
パンの||種＊||を3つ挙げてみて。
ほかの||種＊||の飲み物はいやだ。
私はどんな||種＊||の花も好きだ。
||種＊||に富んだ新鮮な果物と野菜を食べるべきです。","しゅるい,種類","counter for kinds, species, etc.; category; kind; type; variety",Guess the term having 2 (Grade-4 level) Kanji or its reading(not strictly same reading as one in the example),Text
"order; position (e.g. in a race); precedence; ra..
去年もこのくらいの時期から||順＊||を落とした。","じゅんい,順位","order; position (e.g. in a race); precedence; rank",Guess the term having 2 (Grade-4 level) Kanji or its reading(not strictly same reading as one in the example),Text
"being burnt down; destruction by fire; losing in..
１０軒の家がその火事で||焼＊||した。
その家は||焼＊||した。
城は1485年に||焼＊||し、再建されることはなかった。
火災で郵便列車は郵便物の大半を||焼＊||した。
蔵書の半分以上が昨夜の火事で||焼＊||してしまった。","しょうしつ,焼失","being burnt down; destruction by fire; losing in a fire",Guess the term having 2 (Grade-4 level) Kanji or its reading(not strictly same reading as one in the example),Text
"vein
彼が叫ぶと、首の||静＊||がはっきりと浮き上がった。
看護婦は||静＊||を探り当てた。
肺、心臓、||静＊||、動脈、毛細血管により循環器系が形成されています。","じょうみゃく,静脈","",Guess the term having 2 (Grade-4 level) Kanji or its reading(not strictly same reading as one in the example),Text
"first print (run); first print of the new year (..
その小説の||初＊||は１００００部だった。","しょさつ,しょずり,はつずり,初刷","first print (run); first print of the new year (esp. newspaper printed on January 1)",Guess the term having 2 (Grade-4 level) Kanji or its reading(not strictly same reading as one in the example),Text
"near-elderly; nearing old age; past middle age; ..
「夫は２年前に亡くなりました」と||初＊||の女性は言った。
彼は||初＊||だが若く見える。
私はすでにいわゆる||初＊||だ。","しょろう,初老","near-elderly; nearing old age; past middle age; age 40",Guess the term having 2 (Grade-4 level) Kanji or its reading(not strictly same reading as one in the example),Text
"choice of language; notice of personnel change (..
彼は||辞＊||を受けるように結局説得された。","じれい,辞令","choice of language; notice of personnel change (appointment, dismissal, etc.); phraseology; wording",Guess the term having 2 (Grade-4 level) Kanji or its reading(not strictly same reading as one in the example),Text
"fuse
彼らは爆弾が爆発する前にその||信＊||をはずした。","しんかん,信管","",Guess the term having 2 (Grade-4 level) Kanji or its reading(not strictly same reading as one in the example),Text
"belief; conviction; faith
それは私の||信＊||には合わない。
||信＊||にしたがって行動するのは難しい。
||信＊||を行動に移した。
実際、彼は||信＊||の人だ。
彼の行動は彼の||信＊||と反する。
彼は||信＊||の人です。
彼は自分の||信＊||を公言した。","しんねん,信念","",Guess the term having 2 (Grade-4 level) Kanji or its reading(not strictly same reading as one in the example),Text
"confidence; popularity
彼女はその町での||信＊||を得た。","しんぼう,信望","",Guess the term having 2 (Grade-4 level) Kanji or its reading(not strictly same reading as one in the example),Text
"citizen; national; subject
アリストテレスが暴君と君主を区別するのに、前者は自らの利益のために統治を行い、後者は||臣＊||のために統治を行うという事実をもってしたのは本当である。しかしながらアリストテレスの区分によれば、有史以来この世界にはただの一人も君主が存在したことはないということになる。
その君主は||臣＊||に対して絶対の支配権を持っていた。","しんみん,臣民","",Guess the term having 2 (Grade-4 level) Kanji or its reading(not strictly same reading as one in the example),Text
"(good) result; accomplishment; fruits (of one's ..
これは私たちの研究の||成＊||です。
その成功は君の努力の||成＊||だ。
努力してもすぐに||成＊||は出ません。
小さな親切大きな||成＊||。
彼女は私たちの||成＊||を見ています。","せいか,成果","(good) result; accomplishment; fruits (of one's labors); outcome; product",Guess the term having 2 (Grade-4 level) Kanji or its reading(not strictly same reading as one in the example),Text
"(worldly) success; achievement; prosperity; succ..
勤勉は||成＊||の母。
君は||成＊||するよ。
彼は必ず||成＊||する。
彼は||成＊||した。
彼女は||成＊||した。
||成＊||だ！
||成＊||を祈るわ。","せいこう,成功","(worldly) success; achievement; prosperity; succeeding (in life); success",Guess the term having 2 (Grade-4 level) Kanji or its reading(not strictly same reading as one in the example),Text
"success and failure
judgement; judgment; punishm..
どんな組織であれ、内部の融和と団結はその組織の||成＊||を決める重要な要素だ。","せいはい,せいばい,成敗","success and failure
judgement; judgment; punishment",Guess the term having 2 (Grade-4 level) Kanji or its reading(not strictly same reading as one in the example),Text
"(convalescent) rest
医者は彼女に||静＊||するように言った。","せいよう,静養","",Guess the term having 2 (Grade-4 level) Kanji or its reading(not strictly same reading as one in the example),Text
"entry; joining; participation
ぜひご||参＊||ください。
だれでも||参＊||できる。
会話に||参＊||しませんか。
||参＊||したい。
||参＊||できなくて残念です。
彼はレースに||参＊||した。
奮ってご||参＊||ください。","さんか,参加","",Guess the term having 2 (Grade-4 level) Kanji or its reading(not strictly same reading as one in the example),Text
"election
全国民が||選＊||で投票した。
彼は||選＊||で大勝した。
彼は||選＊||で苦戦している。
我々は||選＊||で選ばれます。
新しい政府が||選＊||された。
||選＊||って行ったことない。
||選＊||の結果はどうでしたか。","せんきょ,選挙","",Guess the term having 2 (Grade-4 level) Kanji or its reading(not strictly same reading as one in the example),Text
"persuasion
トムを||説＊||するだけ無駄だ。
彼は私を||説＊||して行かせた。
彼を||説＊||しても無駄だ。
彼女を||説＊||するのは一仕事だ。
私はトムを||説＊||できない。
||説＊||するのは無理だ。
||説＊||に努めた。","せっとく,説得","",Guess the term having 2 (Grade-4 level) Kanji or its reading(not strictly same reading as one in the example),Text
"lecture; moralising; moralizing; preaching; prea..
それは釈迦に||説＊||というもの。
釈迦に||説＊||。
釈迦に||説＊||とは存じますが、医者も禁煙されたほうがよろしいのではないでしょうか。","せっぽう,説法","lecture; moralising; moralizing; preaching; preaching; scolding; sermon",Guess the term having 2 (Grade-4 level) Kanji or its reading(not strictly same reading as one in the example),Text
"economising; saving
もっと||節＊||したいな。
主婦は||節＊||に努めるべきである。
作り置きして時間を||節＊||する。
時間の||節＊||になりました。
水を||節＊||して下さい。
||節＊||したい。
||節＊||したまえ。","せつやく,節約","",Guess the term having 2 (Grade-4 level) Kanji or its reading(not strictly same reading as one in the example),Text
"farsighted view; long view; looking at philosoph..
だれにも不満の種はある。だが、それを||達＊||できるのは、ごく少数の人だけだ。
彼は降格されたことを||達＊||している。","たっかん,達観","farsighted view; long view; looking at philosophically; philosophical view",Guess the term having 2 (Grade-4 level) Kanji or its reading(not strictly same reading as one in the example),Text
"accomplishment; achievement; attainment; realiza..
彼は望みを||達＊||した。
彼は目的を||達＊||した。
彼らは目標を||達＊||した。
彼女は目標を||達＊||した。
彼女は目的を||達＊||した。
||達＊||したことの意義を理解したアメリカ人はきわめて少数であった。","たっせい,達成","accomplishment; achievement; attainment; realization",Guess the term having 2 (Grade-4 level) Kanji or its reading(not strictly same reading as one in the example),Text
"credit (in school); denomination; unit; in amoun..
ダース||単＊||で卵を買う。
ポンドは重さの||単＊||である。
||単＊||を落としちゃうかもしれないんだよ。
||単＊||を落としてしまうかもしれません。
卵は１ダース||単＊||で売られる。
時間の||単＊||は何か。
米はキロ||単＊||で売られる。","たんい,単位","credit (in school); denomination; unit; in amounts of; in units of (e.g. -in thousands-)",Guess the term having 2 (Grade-4 level) Kanji or its reading(not strictly same reading as one in the example),Text
"combatant; soldier; warrior
その||戦＊||はヤリに敏感である。
その||戦＊||は自分の強さも弱さも分かっている。
彼は人生のほとんどを敵と戦ってすごしてきた勇敢な||戦＊||だった。
||戦＊||が戦う。
||戦＊||が戦った。
酋長はとりでを攻撃するために||戦＊||を集結させた。","せんし,戦士","",Guess the term having 2 (Grade-4 level) Kanji or its reading(not strictly same reading as one in the example),Text
"fierce competition; fighting; war
今や||戦＊||は終わった。
彼は||戦＊||で負傷した。
我々は||戦＊||に反対だ。
||戦＊||が怖い。
||戦＊||はよくない。
私達は||戦＊||に反対だ。
誰が||戦＊||を好むか。","せんそう,戦争","",Guess the term having 2 (Grade-4 level) Kanji or its reading(not strictly same reading as one in the example),Text
"war expenditures
||戦＊||の捻出に国債が発行された。","せんぴ,戦費","",Guess the term having 2 (Grade-4 level) Kanji or its reading(not strictly same reading as one in the example),Text
"classification; screening; selection; sorting; t..
卵は大きさと重さによって||選＊||された。
農民たちはよいリンゴと不良品を||選＊||する。","せんべつ,選別","classification; screening; selection; sorting; triage",Guess the term having 2 (Grade-4 level) Kanji or its reading(not strictly same reading as one in the example),Text
"combat experience; military service
チャンピオンの||戦＊||は若い相手の力に屈してしまいました。","せんれき,戦歴","",Guess the term having 2 (Grade-4 level) Kanji or its reading(not strictly same reading as one in the example),Text
"dispute; quarrel; strike
||争＊||は円満に解決した。","そうぎ,争議","",Guess the term having 2 (Grade-4 level) Kanji or its reading(not strictly same reading as one in the example),Text
"freedom from obstructive thoughts; chagrin; mort..
交通事故で息子を失ったことが||無＊||でなりません。
今日の試合は||無＊||な結果に終わってしまいました。","むねん,無念","freedom from obstructive thoughts; chagrin; mortification; regret",Guess the term having 2 (Grade-4 level) Kanji or its reading(not strictly same reading as one in the example),Text
"agreement; arrangement; contract; destiny; fate;..
今、||約＊||して。
彼は||約＊||を守る。
私は||約＊||した。
||約＊||する？
||約＊||するよ。
||約＊||は||約＊||。
||約＊||は||約＊||だ。","やくそく,約束","agreement; arrangement; contract; destiny; fate; one's word; pact; promise; appointment; convention; date; engagement; rule",Guess the term having 2 (Grade-4 level) Kanji or its reading(not strictly same reading as one in the example),Text
"free (of charge); gratuitous
この電話は||無＊||よ。
これ||無＊||です。
それは||無＊||です。
入場料は||無＊||です。
||無＊||です。
||無＊||でどうぞ。
飲み物は||無＊||ですか。","むりょう,無料","",Guess the term having 2 (Grade-4 level) Kanji or its reading(not strictly same reading as one in the example),Text
"before it happens; previously
国土安全保障省の主要業務は、米国内のテロ攻撃を||未＊||に防ぎ、万一、発生した場合は、被害を最小限に食い止め、速やかな復旧を実施することにある。
政府は感染の拡大を||未＊||に防ぐための適切な措置を取らなかった。","みぜん,未然","",Guess the term having 2 (Grade-4 level) Kanji or its reading(not strictly same reading as one in the example),Text
"all seats occupied; full house; fully occupied
６時は||満＊||です。
このクラスはすでに||満＊||です。
ただ今すべて||満＊||です。
恐れ入りますが、本日は||満＊||です。
||満＊||です。
申し訳ありませんが、||満＊||です。","まんせき,満席","",Guess the term having 2 (Grade-4 level) Kanji or its reading(not strictly same reading as one in the example),Text
"incomplete; unfinished
それは||未＊||に終わった小説です。
彼の書いた小説の多くは||未＊||に終わっている。","みかん,未完","",Guess the term having 2 (Grade-4 level) Kanji or its reading(not strictly same reading as one in the example),Text
"civil code; civil law
日本では、||民＊||の改正により、２０２２年４月から成人年齢が１８歳に引き下げられます。","みんぽう,民法","",Guess the term having 2 (Grade-4 level) Kanji or its reading(not strictly same reading as one in the example),Text
"harmless
この島ではたいていのヘビは||無＊||である。
この除草剤は人間には||無＊||だ。
その音はいらいらさせるけれど人体には||無＊||です。
熱がこの化学薬品を||無＊||な気体に分解するだろう。
細菌はただの小さい細胞で、||無＊||です。","むがい,無害","",Guess the term having 2 (Grade-4 level) Kanji or its reading(not strictly same reading as one in the example),Text
"nonsalaried; unpaid
２次試験てのは名目で実態は||無＊||の研修だという噂あり。","むきゅう,無給","",Guess the term having 2 (Grade-4 level) Kanji or its reading(not strictly same reading as one in the example),Text
"lacking accomplishments; lacking talent
あいつの多芸は||無＊||のたぐいだ。
多芸は||無＊||。","むげい,無芸","",Guess the term having 2 (Grade-4 level) Kanji or its reading(not strictly same reading as one in the example),Text
"atrocious; cold-blooded; cruel; horrible; mercil..
エリザベスはアリスターを||無＊||に殺した。
卵がテーブルから落ちて、見るも||無＊||に割れてしまった。
彼の希望は||無＊||に砕かれた。
私の手から滑り落ちた卵は、殻も黄身も飛び散り見るも||無＊||な姿となった。","むざん,無残","atrocious; cold-blooded; cruel; horrible; merciless; miserable; pitiful; ruthless; tragic; breaking a religious precept without shame",Guess the term having 2 (Grade-4 level) Kanji or its reading(not strictly same reading as one in the example),Text
"incurability
トムは||不＊||の病にかかっている。
彼は||不＊||の病にかかっている。
彼は||不＊||の病にかかってしまった。","ふじ,ふち,不治","",Guess the term having 2 (Grade-4 level) Kanji or its reading(not strictly same reading as one in the example),Text
"disbelief; discredit; distrust; faithlessness; i..
花子は||不＊||に思って本当かどうか問いただした。","ふしん,不信","disbelief; discredit; distrust; faithlessness; impiety; insincerity; mistrust",Guess the term having 2 (Grade-4 level) Kanji or its reading(not strictly same reading as one in the example),Text
"certain; inevitable; necessary; sure; inevitabil..
偶然も３度重なれば||必＊||になる。
彼らの出会いは||必＊||だった。","ひつぜん,必然","certain; inevitable; necessary; sure; inevitability; necessity",Guess the term having 2 (Grade-4 level) Kanji or its reading(not strictly same reading as one in the example),Text
"adjutant; aide; aide-de-camp
||副＊||は戦術の変更を彼に提案した。","ふくかん,ふっかん,副官","",Guess the term having 2 (Grade-4 level) Kanji or its reading(not strictly same reading as one in the example),Text
"another kind; distinct species; variety
二日も三日も捜しあるいて、いかにしても見つからぬというのが神隠しで、これに対しては右のごとき||別＊||の手段が、始めて必要であったのだが、前代の人たちは久しい間の経験によって、子供がいなくなれば最初からこれを神隠しと推定して、それに相応する処置を執ったものである。
墓地とはまた||別＊||の、神秘性が潜んでいるように思われた。","べっしゅ,別種","",Guess the term having 2 (Grade-4 level) Kanji or its reading(not strictly same reading as one in the example),Text
"bedpan; chamber pot; toilet bowl; urinal
一般的に、||便＊||は白いものである。","べんき,便器","",Guess the term having 2 (Grade-4 level) Kanji or its reading(not strictly same reading as one in the example),Text
"convenient; handy; useful
そりゃ||便＊||だね。
それ、とても||便＊||よ。
それ、本当に||便＊||よ。
フランス語は||便＊||よ。
||便＊||さに惹かれて、このスマホにしました。
||便＊||な隠しコマンド教えてあげようか。
制汗性は||便＊||です。","べんり,便利","",Guess the term having 2 (Grade-4 level) Kanji or its reading(not strictly same reading as one in the example),Text
"bill (law); measure
その||法＊||に反対です。
その||法＊||に賛成です。
その||法＊||はついに通過した。
その||法＊||は国会を通過した。
彼らは||法＊||を議会に提出した。
||法＊||は両院を通った。
||法＊||は間違いなく通るよ。","ほうあん,法案","",Guess the term having 2 (Grade-4 level) Kanji or its reading(not strictly same reading as one in the example),Text
"besiegement; encirclement; envelopment; siege; s..
お前は||包＊||されている。
我々の軍隊に完全に||包＊||されてしまって敵はとうとう降伏した。
犬たちが鹿の周りを||包＊||していた。
警察はその建物を||包＊||した。
軍隊は城を何日間も||包＊||した。","ほうい,包囲","besiegement; encirclement; envelopment; siege; surrounding",Guess the term having 2 (Grade-4 level) Kanji or its reading(not strictly same reading as one in the example),Text
"priest's robe; vestment
法王は赤い||法＊||をまとって現れた。","ほうい,ほうえ,法衣","",Guess the term having 2 (Grade-4 level) Kanji or its reading(not strictly same reading as one in the example),Text
"bandage; dressing
トムは頭に||包＊||をしている。
トムは額に||包＊||をしていた。
トムは額に||包＊||を巻いていた。
||包＊||をしなさい。
||包＊||をする前に彼は傷を洗浄した。
医者は私の傷に||包＊||をした。
彼女は傷口に||包＊||をした。","ほうたい,包帯","",Guess the term having 2 (Grade-4 level) Kanji or its reading(not strictly same reading as one in the example),Text
"legal
医療行為により患者が死亡している場合、その医療行為に過失があれば、過失の程度を問わず、直ちに「異状死」に||法＊||に該当しない。
日本では、||法＊||には２０歳で成人になる。
製造業者はその製品の欠陥に対して||法＊||な責任がある。","ほうてき,法的","",Guess the term having 2 (Grade-4 level) Kanji or its reading(not strictly same reading as one in the example),Text
"act; law; ordinance; regulation; statute
その日は国会の||法＊||によって祝日になった。","ほうれい,法令","",Guess the term having 2 (Grade-4 level) Kanji or its reading(not strictly same reading as one in the example),Text
"calmness; composure; coolness; presence of mind;..
まあ||冷＊||になれよ。
みんな||冷＊||だった。
||冷＊||に。
||冷＊||になれ！
彼はいつも||冷＊||だ。
彼は||冷＊||ですね。
父はいつも||冷＊||である。","れいせい,冷静","calmness; composure; coolness; presence of mind; serenity",Guess the term having 2 (Grade-4 level) Kanji or its reading(not strictly same reading as one in the example),Text
"cold war; the Cold War
||冷＊||の緊張が高まった。
||冷＊||はソビエトの崩壊と共に終わった。
第二次世界大戦が終わると||冷＊||が始まった。","れいせん,冷戦","",Guess the term having 2 (Grade-4 level) Kanji or its reading(not strictly same reading as one in the example),Text
"history
彼は||歴＊||から消えた。
||歴＊||が得意です。
||歴＊||は繰り返す。
私の専攻は||歴＊||です。
私は||歴＊||が好きだ。
私は||歴＊||に弱い。
私は||歴＊||を専攻した。","れきし,歴史","",Guess the term having 2 (Grade-4 level) Kanji or its reading(not strictly same reading as one in the example),Text
"good money
悪貨は||良＊||を駆逐する。","りょうか,良貨","",Guess the term having 2 (Grade-4 level) Kanji or its reading(not strictly same reading as one in the example),Text
"excellent; favorable; favourable; fine; good; sa..
それに比べ最近彼女のお天気は||良＊||。
トムの職場環境は||良＊||だった。
品物は||良＊||な状態で到着した。
結果はあり得ないほど||良＊||だった。
結果はすこぶる||良＊||だった。","りょうこう,良好","excellent; favorable; favourable; fine; good; satisfactory",Guess the term having 2 (Grade-4 level) Kanji or its reading(not strictly same reading as one in the example),Text
"mass production
その作家は７０歳だが、２０年前と変わらず作品を||量＊||している。","りょうさん,量産","",Guess the term having 2 (Grade-4 level) Kanji or its reading(not strictly same reading as one in the example),Text
"concerning the quantity; quantitative
愛は百人を愛すれば百分されるような||量＊||なものではない。甲を愛しているから、乙を愛されないというのは真の愛ではない。","りょうてき,量的","",Guess the term having 2 (Grade-4 level) Kanji or its reading(not strictly same reading as one in the example),Text
"brave man; brave warrior; hero
古今無双の||勇＊||だ。","ゆうし,勇士","",Guess the term having 2 (Grade-4 level) Kanji or its reading(not strictly same reading as one in the example),Text
"yukata (light cotton kimono worn in the summer o..
「トムの||浴＊||も右前でいいんだよね？」「そうよ。和装は男女関係なく右前よ」「ありがとう」
「由美ちゃん、||浴＊||の前合わせが左前になってるよ。右前にしなきゃ」「えっ、これが右前じゃないの？」「違うよ。右前は『左が上になる』ってことよ。みっともないから直しておいで」
ジャーン。それじゃ春田くん、もう見てもいいわよ。みんなの||浴＊||、お披露目ねぇ～。
我ながら、見よう見まねで縫った||浴＊||は、なかなかの仕上がりでした。","ゆかた,よくい,浴衣","yukata (light cotton kimono worn in the summer or used as a bathrobe)",Guess the term having 2 (Grade-4 level) Kanji or its reading(not strictly same reading as one in the example),Text
"demand; desire; firm request; requirement; requi..
その||要＊||に屈するな。
彼の||要＊||を拒絶する。
彼は金を||要＊||した。
彼女は昇給を||要＊||した。
私は彼の||要＊||を断った。
||要＊||されたものは全て送りました。
||要＊||は認められた。","ようきゅう,要求","demand; desire; firm request; requirement; requisition",Guess the term having 2 (Grade-4 level) Kanji or its reading(not strictly same reading as one in the example),Text
"demand for; request
ご||要＊||にお応えし兼ねます。
ご||要＊||には応じられません。
ご||要＊||の通りにいたします。
他にご||要＊||がございますか？
他にご||要＊||はありませんか？","ようぼう,要望","",Guess the term having 2 (Grade-4 level) Kanji or its reading(not strictly same reading as one in the example),Text
"digest; summary
その報告を１ページに||要＊||せよ。
君の考えを||要＊||して下さい。
君の||要＊||は平均以下だね。
彼の演説の||要＊||が新聞に載せられた。
彼の言葉は次のように||要＊||できる。
||要＊||を火曜日までに提出しなさい。","ようやく,要約","",Guess the term having 2 (Grade-4 level) Kanji or its reading(not strictly same reading as one in the example),Text
"advantages and disadvantages; interests (of part..
彼の||利＊||は私と一致しない。
彼は自分の||利＊||に敏感である。
我々の||利＊||は彼らの||利＊||と衝突する。
我々の||利＊||は相反するようだ。
日米の||利＊||がこの点で衝突した。","りがい,利害","advantages and disadvantages; interests (of parties)",Guess the term having 2 (Grade-4 level) Kanji or its reading(not strictly same reading as one in the example),Text
"army
多くの国民が||陸＊||に入隊した。
彼は２０年前に||陸＊||を退役した。
彼は||陸＊||に入った。
戦時中、彼は||陸＊||に所属していた。
私は||陸＊||に入った。","りくぐん,陸軍","",Guess the term having 2 (Grade-4 level) Kanji or its reading(not strictly same reading as one in the example),Text
"amplification; benefit; gain; profit
政治家は国民の無関心に付け込んで||利＊||に走っています。","りとく,利得","",Guess the term having 2 (Grade-4 level) Kanji or its reading(not strictly same reading as one in the example),Text
"clear; distinct; evident; plain
両者の間には||歴＊||とした違いがある。
君が注意を払っていなかったのは||歴＊||としている。
物腰から彼が軍人であることは||歴＊||としていた。","れきぜん,歴然","",Guess the term having 2 (Grade-4 level) Kanji or its reading(not strictly same reading as one in the example),Text
"attaching; concatenation; connection; consolidat..
ここでも、このアプローチがマシュー・アーノルドの「どこにも||連＊||がある」という考えに由来していることを見て取ることができる。
その男は二本の電線を||連＊||した。
||連＊||リストの概念はそう難しくはない。","れんけつ,連結","attaching; concatenation; connection; consolidation (e.g. of company accounts); coupling; joining; junction; linking",Guess the term having 2 (Grade-4 level) Kanji or its reading(not strictly same reading as one in the example),Text
"continuation; series; succession
人生は全て活動の||連＊||である。
人生は決して失敗の||連＊||ではない。
彼の生涯は長い失敗の||連＊||だった。
彼女は||連＊||して医学的発見をした。
私は||連＊||で引き金を引いた。","れんぞく,連続","",Guess the term having 2 (Grade-4 level) Kanji or its reading(not strictly same reading as one in the example),Text
"solidarity; collective; joint
彼らはこの計画に||連＊||してあたった。","れんたい,連帯","",Guess the term having 2 (Grade-4 level) Kanji or its reading(not strictly same reading as one in the example),Text
"regiment
この犬は我が||連＊||のマスコットだ。","れんたい,連隊","",Guess the term having 2 (Grade-4 level) Kanji or its reading(not strictly same reading as one in the example),Text
"consecutive defeats; series of defeats
みじめな||連＊||で我々は意気消沈した。
夏から||連＊||しまくっていつの間にか最下位。","れんぱい,連敗","",Guess the term having 2 (Grade-4 level) Kanji or its reading(not strictly same reading as one in the example),Text
"breed; genre; pattern; shape; similar pattern; s..
分析においては、クルツによって最初に分析された権威的行動の||類＊||に負っている部分が大きい。","るいけい,類型","breed; genre; pattern; shape; similar pattern; similar type; type",Guess the term having 2 (Grade-4 level) Kanji or its reading(not strictly same reading as one in the example),Text
"cold-weather damage (to crops)
東北地方は大変な||冷＊||に見舞われた。
洪水、激しい暴風、干魃、霜の||冷＊||、空気汚染の問題などは全て現代社会にしばしば影響を与えている。","れいがい,冷害","",Guess the term having 2 (Grade-4 level) Kanji or its reading(not strictly same reading as one in the example),Text
"cold smile; derision; scornful laugh; sneer
その答えは、何かを達成できることなど||冷＊||し、恐れ、疑えとあまりにも長い間、多くの人から言われ続けてきた人々を、歴史の円弧に手をかけて向きを変え、もう一度、より良い明日のための希望へと導くものだ。","れいしょう,冷笑","",Guess the term having 2 (Grade-4 level) Kanji or its reading(not strictly same reading as one in the example),Text
"Labour Party; manual labor; manual labour; toil;..
||労＊||コストの上昇で、我々の競争力は弱まっている。
||労＊||はただ単に必要なものであるばかりか、楽しみでもある。
彼は||労＊||の報酬をもらわなかった。
彼は||労＊||の報酬を何も貰わなかった。
彼は||労＊||の給料を何ももらわなかった。
彼らは奴隷のように||労＊||した。
黒人は綿畑での||労＊||を強制された。","ろうどう,労働","Labour Party; manual labor; manual labour; toil; work",Guess the term having 2 (Grade-4 level) Kanji or its reading(not strictly same reading as one in the example),Text
"record; transcript
この番組、ビデオに||録||っておいて。
||録||りためて一気に観るのが好きだ。","ろく,録","",Guess the term having 1 (Grade-4 level) Kanji or its reading(not strictly same reading as one in the example),Text
"haha; LOL
haha; LOL;laugh; laughter; sex aids (e..
トムが||笑||う。
トムは||笑||った。
彼は||笑||った。
皆が||笑||った。
||笑||、何？
||笑||うな。
誰かが||笑||った。","わら,わらい,笑","haha; LOL
haha; LOL;laugh; laughter; sex aids (e.g. dildos, pornographic books, erotic woodblock prints, etc.); smile; sneer",Guess the term having 1 (Grade-4 level) Kanji or its reading(not strictly same reading as one in the example),Text
"effort; labor; labour; pains; striving; toil; tr..
||労||なくして益なし。
彼は||労||をいとわず私を助けてくれた。
彼女は||労||を惜しまず空港へ友人を迎えに行った。
彼女は彼らのために||労||をいとわず家を見つけてやった。","ろう,労","effort; labor; labour; pains; striving; toil; trouble; work",Guess the term having 1 (Grade-4 level) Kanji or its reading(not strictly same reading as one in the example),Text
"age; elder; old age; old people; senior; the age..
彼は年の割には||老||けて見える。
彼は||老||けて見える。
彼女は急に||老||け込んできた。
彼女は||老||いた母の世話をした。
||老||いも若きも戦争にいった。
||老||いを感じる。
髭があると||老||けて見えるよ。","ろう,老","age; elder; old age; old people; senior; the aged; the old; I; me; my humble self",Guess the term having 1 (Grade-4 level) Kanji or its reading(not strictly same reading as one in the example),Text
"B; Good (grade); good (quality, condition, etc.)
それで||良||し。
座って||良||いよ。
彼は||良||い人だ。
景気が||良||い。
結果は||良||い。
||良||い旅を！
||良||い週末を。","りょう,良","",Guess the term having 1 (Grade-4 level) Kanji or its reading(not strictly same reading as one in the example),Text
"advantage; benefit; interest; profit
彼は絵には目が||利||く。
気が||利||くなあ。
漁夫の||利||。
漁夫の||利||を占める。
猫は夜目が||利||く。","り,利","",Guess the term having 1 (Grade-4 level) Kanji or its reading(not strictly same reading as one in the example),Text
"counter for wheels and flowers
circle; circle (e..
お父さんは煙草の煙でたくさん||輪||を作れる。
大きな||輪||を描こうよ。
彼の葉巻から煙の||輪||が空中に漂っていた。
彼らは||輪||になった。
我々は家族の||輪||の中で育った。
||輪||ゴムならたくさん持ってるわよ。
||輪||になって手をつないでください。","りん,わ,輪","counter for wheels and flowers
circle; circle (e.g. of friends); hoop; loop; planetary ring; ring; wheel",Guess the term having 1 (Grade-4 level) Kanji or its reading(not strictly same reading as one in the example),Text
"regional governor in ancient China
grazing land;..
啄木鳥や落葉をいそぐ||牧||の木々","ぼく,まき,牧","regional governor in ancient China
grazing land; pasture",Guess the term having 1 (Grade-4 level) Kanji or its reading(not strictly same reading as one in the example),Text
"highest (of a three-tier ranking system); pine t..
これは格好のよい||松||の木だ。
それは||松||の木です。
彼の家の前には||松||の木が立っている。
昔私の家の前には大きな||松||の木があった。
||松||の木を植えたんだよ。
||松||の木を植樹しました。
高い||松||の木が湖の周囲を取り囲んでいる。","まつ,松","highest (of a three-tier ranking system); pine tree (Pinus spp.)",Guess the term having 1 (Grade-4 level) Kanji or its reading(not strictly same reading as one in the example),Text
"(counting) completed years (e.g. when calculatin..
彼は野心に||満||ちている。
彼女は善意に||満||ちている。
||満||タン、頼みますよ。
||満||タンにしてください。
潮が急速に||満||ちてくる。
潮が||満||ち始めている。
花瓶を水で||満||たした。","まん,満","(counting) completed years (e.g. when calculating age); being full; Manchuria; full (years, months, etc.)",Guess the term having 1 (Grade-4 level) Kanji or its reading(not strictly same reading as one in the example),Text
"15th day of the lunar month; full moon
彼は成功を||望||んだ。
彼は||望||みを捨てた。
成功の||望||みはない。
||望||みは何だ？
||望||んでも無駄だ。
私はそう||望||みます。
誰でも幸福を||望||む。","ぼう,もち,望","",Guess the term having 1 (Grade-4 level) Kanji or its reading(not strictly same reading as one in the example),Text
"accident; change; curious; disaster; disturbance..
これは||変||だ。
これ||変||？
めっちゃ||変||！
何か||変||だ。
||変||なの！
||変||ね。
彼は頭が||変||だ。","へん,変","accident; change; curious; disaster; disturbance; eccentric; fishy; funny; incident; odd; peculiar; queer; strange; suspicious; unexpected; weird; flat",Guess the term having 1 (Grade-4 level) Kanji or its reading(not strictly same reading as one in the example),Text
"chain (of mountains, etc.); hope; pulse; thread ..
おい、||脈||がないぞ。
トムの||脈||が速いんだ。
医者は彼の||脈||をとった。
医者は私の||脈||をとった。
君の||脈||は正常だ。
||脈||がはやいです。
||脈||が遅いです。","みゃく,脈","chain (of mountains, etc.); hope; pulse; thread (of an argument); vein",Guess the term having 1 (Grade-4 level) Kanji or its reading(not strictly same reading as one in the example),Text
"bud; germinal disk (in an egg); shoot; sprout
その木は||芽||が出ている。
今年は木の||芽||の出方が早い。
木が||芽||をふいている。
木々に||芽||が出ている。
木々は||芽||を出し始めた。
||芽||がでてきた。","め,芽","",Guess the term having 1 (Grade-4 level) Kanji or its reading(not strictly same reading as one in the example),Text
"cooking, esp. frying or stir-frying; heating; te..
何を||焼||いたの？
卵を||焼||いてくれ。
栗を||焼||こう。
||焼||き栗が好きです。
||焼||けるように熱い。
老婆が||焼||け死んだ。
魚を||焼||いてるよ。","やき,焼","cooking, esp. frying or stir-frying; heating; tempering; -ware",Guess the term having 1 (Grade-4 level) Kanji or its reading(not strictly same reading as one in the example),Text
"about; approximately; appointment; contraction (..
お茶碗一杯のご飯は||約||、１８０ｇです。","やく,約","about; approximately; appointment; contraction (in phonetics); engagement; promise; reduction; shortening; simplification",Guess the term having 1 (Grade-4 level) Kanji or its reading(not strictly same reading as one in the example),Text
"bravery; courage; heroism
ジャイアンに食って掛かるとは、今日ののび太は||勇||ましいね。
一人で原始林へ乗り込もうとは君はなんて||勇||ましいんだ。
||勇||ましい子に育って欲しいって思って「||勇||」と名付けることにしました。
彼女は||勇||ましかった。
日本では、トンボは、前へ前へ飛んで決して後ろに下がらないことから、||勇||ましくて決断力に富む勝負強い虫として「勝虫」といわれ、勝利を呼ぶ縁起のいい虫とされています。","ゆう,勇","",Guess the term having 1 (Grade-4 level) Kanji or its reading(not strictly same reading as one in the example),Text
"Muraji (hereditary title; orig. one of the two h..
トムを||連||れてきて。
娘が||連||れ去られた。
子供を||連||れていった。
弟、||連||れて来いよ。
犬を中へ||連||れ込むな。
||連||ドラにハマってます。
||連||れてきてもらえてうれしいです。","むらじ,れん,連","Muraji (hereditary title; orig. one of the two highest such titles, later demoted to seventh highest of eight)
company; group; party; set; falcon; things strung in a line, e.g. pearls, dried fish, spans of a bridge, etc.; 1000 sheets (of paper); bet which predicts the top 2 finishers (i.e. quinella or perfecta bet); forecast (bet); stanza; tribe (in taxonomy); two reams (of paper); verse",Guess the term having 1 (Grade-4 level) Kanji or its reading(not strictly same reading as one in the example),Text
"counter for large bundles (e.g. 10 sheafs of ric..
彼は、まきを||束||ねた。
彼は古い手紙を||束||にした。
彼は小枝を||束||にした。
彼は衣服を紐で||束||ねた。
髪を後ろで||束||ねる。","そく,たば,つか,束","counter for large bundles (e.g. 10 sheafs of rice, 200 sheets of calligraphy paper, 20 whistling arrows, 100 fish); handbreadth (unit for measuring the length of arrows); lattice
bunch; bundle; sheaf
bundle; handbreadth; short vertical post; strut; thickness (of a book minus the cover, a sheaf of paper, etc.)",Guess the term having 1 (Grade-4 level) Kanji or its reading(not strictly same reading as one in the example),Text
"bottom; sole
base (logarithmic, exponential, num..
この箱は上げ||底||だ。
||底||なしの胃袋ですね！
||底||を持ってくれ。
彼は貧乏のどん||底||だ。
心の||底||から言いたい。
船は||底||に沈んだ。
資金が||底||をついた。","そこ,てい,底","bottom; sole
base (logarithmic, exponential, number system); base (triangle, cone, cylinder, etc.); degree; extent; kind; radix; type",Guess the term having 1 (Grade-4 level) Kanji or its reading(not strictly same reading as one in the example),Text
"descendant (usu. of a certain generation); grand..
あなたの||孫||たちはどこ？
あなたの||孫||はどこ？
ひ||孫||の子供は、玄||孫||です。
ひ||孫||は八歳ですよ。
||孫||はいないよ。
||孫||は八つだよ。
彼らは||孫||を誉めた。","そん,まご,孫","descendant (usu. of a certain generation); grandchild; lineage; pedigree
grandchild",Guess the term having 1 (Grade-4 level) Kanji or its reading(not strictly same reading as one in the example),Text
"body; company (of troops); corps; crew; group; p..
デモ||隊||は整然と行進した。
兄はレスキュー||隊||のメンバーだ。
警官がデモ||隊||を追いまくっている。
警官||隊||がデモ||隊||に多数の催涙弾を投げた。
警官||隊||はデモ||隊||と乱闘になった。","たい,隊","body; company (of troops); corps; crew; group; party; squad; team; unit",Guess the term having 1 (Grade-4 level) Kanji or its reading(not strictly same reading as one in the example),Text
"equal; kind; match; peer; sort; type
class; fami..
アルコール||類||は控えてください。
コップ||類||を丁寧に扱いなさい。
これは高度の集中を要する||類||の仕事だ。
そういう||類||いのことは好きじゃない。
||類||は友を呼ぶ。
||類||は||類||をもって集まる。
||類||をもって集まる。","たぐい,るい,類","equal; kind; match; peer; sort; type
class; family; genus; kind; order; parallel; similar example; sort; the like; type",Guess the term having 1 (Grade-4 level) Kanji or its reading(not strictly same reading as one in the example),Text
"leader of a powerful tribe
commitment; contract
トムがこれを||建||てた。
彼は新しい家を||建||てた。
彼らは家を||建||てている。
私は新しい家を||建||てた。
誰が||建||てたんですか？","たける,たて,建","",Guess the term having 1 (Grade-4 level) Kanji or its reading(not strictly same reading as one in the example),Text
"pluralizing suffix (esp. for people and animals;..
彼女は目的を||達||した。
興奮は極点に||達||した。
討論は結論に||達||した。
試合は最高潮に||達||した。
遂に彼は目的を||達||した。","たち,だち,達","pluralizing suffix (esp. for people and animals; formerly honorific)
friend",Guess the term having 1 (Grade-4 level) Kanji or its reading(not strictly same reading as one in the example),Text
"administration; cure; government; medical treatm..
かぜが||治||らない。
暴動が||治||まった。
||治||るのにしばらくかかりますね。
||治||るのにどのくらいの期間がかかりますか。
火は||治||まった。
頭痛いの||治||った？
風が||治||まった。","ち,治","administration; cure; government; medical treatment; peace; politics; rule",Guess the term having 1 (Grade-4 level) Kanji or its reading(not strictly same reading as one in the example),Text
"1,000,000,000,000; 10^12; trillion; indication; ..
その建物は老朽化の||兆||しを見せている。
まだ目にみえる春の||兆||しはなかった。
彼の事業もやっと萌芽の||兆||しを見せた。
彼は糖尿病のどんな||兆||しにも注意していた。
雨は止む||兆||しが無い。","ちょう,兆","1,000,000,000,000; 10^12; trillion; indication; omen; portent; sign",Guess the term having 1 (Grade-4 level) Kanji or its reading(not strictly same reading as one in the example),Text
"bowels; guts; intestines
特定の栄養素が||腸||の細菌叢の成長に影響を与えます。
||腸||チフスは怖い病気。
||腸||の具合が悪い。","ちょう,はらわた,わた,腸","",Guess the term having 1 (Grade-4 level) Kanji or its reading(not strictly same reading as one in the example),Text
"citizens; folk; people; subjects
citizen; person..
その部族の||民||はその川沿いに住み着いた。
主なる神に聖められた||民||の諸部族をさばく。
彼は自分のところにきたのに、自分の||民||は彼を受けいれなかった。
||民||の声は神の声。","たみ,みん,民","citizens; folk; people; subjects
citizen; person; resident; user (of a website, esp. as a collective, e.g. Twittersphere)",Guess the term having 1 (Grade-4 level) Kanji or its reading(not strictly same reading as one in the example),Text
"example; precedent
case; custom; example; habit;..
これは大変珍しい||例||だ。
||例||は次の通りです。
||例||を示しましょう。
別の||例||をあげてください。
別の||例||を示しなさい。
次の||例||をご覧ください。
裸で物を落とす||例||なし。","ためし,れい,例","example; precedent
case; custom; example; habit; illustration; instance; practice; precedent; usage",Guess the term having 1 (Grade-4 level) Kanji or its reading(not strictly same reading as one in the example),Text
"simple; single; singles (tennis, badminton, etc...
お金は||単||なる紙よ。
これは||単||なる夢だよ。
それは||単||なる偶然なの？
それは||単||なる冗談だよ。
それは||単||なる手落ちだ。
||単||なる個人的意見です。
||単||なる推測だろ。","たん,ひとえ,単","simple; single; singles (tennis, badminton, etc.); win bet (bet which predicts the winner of a race)
monopetalous; one layer; single layer; eyelid with an epicanthic fold; single-edged eyelid; unlined kimono; upper eyelid with no fold",Guess the term having 1 (Grade-4 level) Kanji or its reading(not strictly same reading as one in the example),Text
"choice; choosing; election; picking; selection
これを||選||びます。
トムは||選||んだ。
一つ||選||んで。
弘法筆を||選||ばず。
色を||選||んで。
||選||ぶとすればフランス語だ。
||選||ぶべき道は自由か死だ。","せん,選","",Guess the term having 1 (Grade-4 level) Kanji or its reading(not strictly same reading as one in the example),Text
"(religious) faith; confidence; devotion; fidelit..
||信||じるとこよ。
||信||じ難いな。
俺を||信||じて！
僕は君を||信||じる。
彼を||信||じている。
私を||信||じて。
自分を||信||じて。","しん,信","(religious) faith; confidence; devotion; fidelity; honesty; reliance; sincerity; trust; counter for received messages",Guess the term having 1 (Grade-4 level) Kanji or its reading(not strictly same reading as one in the example),Text
"area; product; volume
塵も||積||もれば山となる
塵も||積||もれば山となる。
子供は||積||み木で遊ぶ。
山に雪が||積||もってるよ。
本が||積||まれている。
||積||み荷は無事届きました。
||積||み重ねた退屈な仕事がおかげさまで済んできた。","せき,積","",Guess the term having 1 (Grade-4 level) Kanji or its reading(not strictly same reading as one in the example),Text
"location (of a gathering, etc.); place; position..
この||席||は空いてる。
そこは私の||席||です。
||席||にもどりなさい。
||席||は予約したの？
彼女と||席||をかわった。
私の||席||は窓側ですね。
窓側の||席||がいいです。","せき,むしろ,席","location (of a gathering, etc.); place; position; post; seat
seat; woven mat (esp. one made of straw)",Guess the term having 1 (Grade-4 level) Kanji or its reading(not strictly same reading as one in the example),Text
"season; seasonal banquet; seasonal feast; season..
その||節||は、失礼しました。
その||節||はいろいろありがとうございました。
思い当たる||節||がない。
思い当たる||節||はない。
猫にかつお||節||。","せち,せつ,ノット,ふし,ぶし,よ,節","season; seasonal banquet; seasonal feast; seasonal festival; time of the year
(taxonomical) section; clause; integrity; knot (nautical mile per hour); node (of a plant stem); occasion; one's principles; paragraph; passage; season; section (of a literary work or piece of music); stanza; term; time; verse
knot (nautical mile per hour)
(notable) point; joint; joint; knob; knot (in wood); knuckle; melody; node; node (of a plant stem); part; tune
characteristic way of speaking
space between two nodes",Guess the term having 1 (Grade-4 level) Kanji or its reading(not strictly same reading as one in the example),Text
"gossip; hearsay; opinion; rumor; rumour; view; d..
彼は生命の起源にまで||説||き及んだ。
彼は私を||説||き伏せて行かせた。
彼は私達に健康の重要性を||説||いた。
彼は||説||いて同意させた。
彼を||説||きさとして非を認めた。","せつ,説","gossip; hearsay; opinion; rumor; rumour; view; doctrine; theory",Guess the term having 1 (Grade-4 level) Kanji or its reading(not strictly same reading as one in the example),Text
"(spider's) web; breeding place; den; haunt; hive..
世界は奇人の||巣||だ。
||巣||に返してあげて。
||巣||は柔らかそうでもろそうに見えるが、丈夫である。
蜘蛛が||巣||を張った。
蜘蛛は||巣||を張る。
鳥は||巣||をつくる。
鳥は木に||巣||を作る。","す,巣","(spider's) web; breeding place; den; haunt; hive; nest; rookery",Guess the term having 1 (Grade-4 level) Kanji or its reading(not strictly same reading as one in the example),Text
"broker; brokerage; brokerage fee
relation; relat..
||仲||たがいをした原因は口げんかであった。
||仲||の良い友達といると、時間が経つのが早い。
君と僕は||仲||よしだ。
商売敵は||仲||が悪い。
弟とは||仲||が良いよ。
彼女と||仲||がよい。
私と彼は||仲||がいい。","すあい,なか,仲","broker; brokerage; brokerage fee
relation; relationship",Guess the term having 1 (Grade-4 level) Kanji or its reading(not strictly same reading as one in the example),Text
"collecting shells; fisherman; fishing
fishing; g..
カラスはよくゴミ||漁||りします。
慌ただしく引き出しを||漁||って必要な書類を取り出した。
無闇に語学の教科書を買い||漁||っても、勉強しなければ意味がない。
風を感じながら、僕は記憶を||漁||り、君のことを思い出そうとする。
鮎||漁||の解禁日に合わせて||漁||が始まることが多い。","すなどり,りょう,漁","collecting shells; fisherman; fishing
fishing; gathering seafood (e.g. clams, seaweed); catch (e.g. of fish); haul",Guess the term having 1 (Grade-4 level) Kanji or its reading(not strictly same reading as one in the example),Text
"continuation; sequel
歌い||続||けて。
漕ぎ||続||けて。
||続||けて。
||続||けろ。
読み||続||けて。
走り||続||けて。
踊り||続||けて。","しょく,ぞく,続","",Guess the term having 1 (Grade-4 level) Kanji or its reading(not strictly same reading as one in the example),Text
"conserving; saving; department; ministry; provin..
この２桁は||省||くべきだ。
この２行は||省||くべきだ。
この単語を||省||きなさい。
困難を||省||みず前進すべし。
機械は多くの人手を||省||く。
||省||エネのためにコンビニの２４時間営業を廃止しろ！
||省||エネルギーの全国運動が展開中だ。","しょう,省","conserving; saving; department; ministry; province (of China)",Guess the term having 1 (Grade-4 level) Kanji or its reading(not strictly same reading as one in the example),Text
"award; prize
先週彼はその||賞||を得た。
彼はその||賞||に値する。
彼は全科目優等で||賞||を得た。
彼女が||賞||を取りそうだ。
期待どおり彼は||賞||を獲った。
||賞||が取れるといいですね。
||賞||は彼の手に。","しょう,賞","",Guess the term having 1 (Grade-4 level) Kanji or its reading(not strictly same reading as one in the example),Text
"appearance; figure; form; phenomenon; shape
elep..
１頭の||象||がそこで狩られた。
ここには||象||が多い。
その||象||は一歩も動こうとしない。
周囲に他の||象||はいませんでした。
||象||は草を食べる。
||象||は鼻が長い。
貴方は、||象||が好き。","しょう,ぞう,象","appearance; figure; form; phenomenon; shape
elephant (Elephantidae spp.)",Guess the term having 1 (Grade-4 level) Kanji or its reading(not strictly same reading as one in the example),Text
"order; sorting; turn; docile; meek; obedient; su..
大きさ||順||に本を並べた。
氏名はあいうえお||順||です。
生徒たちは||順||に答えていった。
用紙は||順||に番号が打ってある。
背の||順||に並んでください。
||順||にやるのが公平だ。
||順||を追って基本的なタグを覚えていこう。","じゅん,ずん,順","order; sorting; turn; docile; meek; obedient; submissive",Guess the term having 1 (Grade-4 level) Kanji or its reading(not strictly same reading as one in the example),Text
"Chou dynasty; perimeter; Zhou dynasty (of China;..
僕は||周||りを見回した。
||周||りの人に聞いてみて。
||周||りを見渡しなさい。
彼は||周||りを見渡した。
彼は家の||周||りを見た。
私は||周||です。
私は||周||と申します。","しゅう,周","Chou dynasty; perimeter; Zhou dynasty (of China; approx. 1046-256 BCE); counter for laps or circuits",Guess the term having 1 (Grade-4 level) Kanji or its reading(not strictly same reading as one in the example),Text
"calm; quiet; still
peacefulness; quiet; stillnes..
お||静||かに。
君、||静||かにしろ。
嵐は||静||まった。
皆さんお||静||かに。
||静||かに！
||静||かに。
風が||静||まった。","しず,せい,静","calm; quiet; still
peacefulness; quiet; stillness",Guess the term having 1 (Grade-4 level) Kanji or its reading(not strictly same reading as one in the example),Text
"defect; disadvantage; error; error; failure; fla..
とにかく||失||せろ。
||失||うものは何もない。
||失||せろと言ったはずだ。
希望を||失||った。
消え||失||せろ。
興味が||失||せた。
言葉を||失||った。","しつ,失","defect; disadvantage; error; error; failure; flaw; loss (of something); mistake",Guess the term having 1 (Grade-4 level) Kanji or its reading(not strictly same reading as one in the example),Text
"luck; sociality; appearance; assistant (e.g. to ..
||付||いてこい！
||付||け焼刃じゃダメだ。
僕と||付||き合わない？
塩で味を||付||ける。
悪銭身に||付||かず。
気を||付||けてね。
火がすぐに||付||いた。","つき,づき,づけ,付","luck; sociality; appearance; assistant (e.g. to a manager); attached to; furnished with; impression; including; soup base; under
date of effect (e.g. a rule change); dated (e.g. a letter)",Guess the term having 1 (Grade-4 level) Kanji or its reading(not strictly same reading as one in the example),Text
"connections; go-between; good offices; influence..
そう||伝||えます。
ただの言い||伝||えさ。
トムに||伝||えて。
みんなに||伝||えて。
||伝||えたら喜んでました。
||伝||えられる所では彼がその殺人犯だと言われている。
鉄は熱をよく||伝||える。","つて,でん,伝","connections; go-between; good offices; influence; intermediary; means of making contact; pull
biography; horseback transportation and communication relay system used in ancient Japan; legend; life; method; tradition; way",Guess the term having 1 (Grade-4 level) Kanji or its reading(not strictly same reading as one in the example),Text
"low (level, value, price, etc.)
トムは声が||低||い。
トムは血圧が||低||い。
水は||低||きに流れる。
私は背が||低||すぎる。
血圧が||低||いんだ。","てい,低","",Guess the term having 1 (Grade-4 level) Kanji or its reading(not strictly same reading as one in the example),Text
"downward stroke; third principle of the Eight Pr..
彼女は泣かないように||努||めた。
火災の予防に||努||める。
私は笑わないように||努||めた。
自制するよう||努||めなさい。
説得に||努||めた。","ど,ゆめ,努","downward stroke; third principle of the Eight Principles of Yong
by no means; never",Guess the term having 1 (Grade-4 level) Kanji or its reading(not strictly same reading as one in the example),Text
"front room; chapel; hall; shrine; temple; compan..
彼の踊りは||堂||に入ってる。","どう,堂","front room; chapel; hall; shrine; temple; company",Guess the term having 1 (Grade-4 level) Kanji or its reading(not strictly same reading as one in the example),Text
"abusive language; evil influence; harm; ill will..
あれは||毒||だ。
お気の||毒||に。
全く気の||毒||だ。
心配は身の||毒||。
||毒||が全身に回った。
||毒||を以て||毒||を制す。
気の||毒||ですね。","どく,毒","abusive language; evil influence; harm; ill will; malice; poison; spite; toxicant",Guess the term having 1 (Grade-4 level) Kanji or its reading(not strictly same reading as one in the example),Text
"Mr.; Mrs.; Ms.; (something) like; -al; along the..
弾が||的||に当たった。
弾丸は||的||をかすめた。
彼は||的||に当てた。
||的||を外してしまった。
矢は||的||に当たった。
私は矢を||的||に当てた。","てき,まと,的","Mr.; Mrs.; Ms.; (something) like; -al; along the lines of; as far as ... is concerned; for; from a ... standpoint; from the viewpoint of; -ic; -ical; in terms of; -ish; -ive; -kind of; -like; -sort of; -wise; -y
focus; mark; object; point (e.g. of argument); subject; target",Guess the term having 1 (Grade-4 level) Kanji or its reading(not strictly same reading as one in the example),Text
"fever
craze; enthusiasm; mania; passion; rage; z..
お出汁、||熱||いよ。
体が||熱||っぽいんだ。
卵がまだ||熱||い。
水は、||熱||かった。
水は||熱||で膨張する。
||熱||あるの？
||熱||い？","ねち,ねつ,熱","fever
craze; enthusiasm; mania; passion; rage; zeal; fever; heat; temperature",Guess the term having 1 (Grade-4 level) Kanji or its reading(not strictly same reading as one in the example),Text
"Buddhist doctrine; law; measurement across; mode..
これが古代の||法||です。
トムは||法||を犯した。
彼は||法||を犯した。
新しい||法||が成立した。
殺人は||法||に反する。
||法||は破ってはならない。
||法||を犯してはならない。","のり,ほう,法","Buddhist doctrine; law; measurement across; model; pattern; regulation; rule; side-slope; slope; teachings of Buddha; transverse measurement
act; dharma; law; law; method; mood; principle",Guess the term having 1 (Grade-4 level) Kanji or its reading(not strictly same reading as one in the example),Text
"defeat; loss; counter for losses
彼らは戦いに||敗||れた。
||敗||れても彼の意気はくじけなかった。
明治は５対３のスコアで慶応に||敗||れた。
私たちの会社はライバル企業に金利競争で||敗||れた。
私たちはライバルに価格競争で||敗||れた。
私たちは試合に||敗||れた。","はい,敗","",Guess the term having 1 (Grade-4 level) Kanji or its reading(not strictly same reading as one in the example),Text
"attention; care; concern; desire; feeling; idea;..
彼は驚異の||念||で一杯だった。
彼女の胸に感謝の||念||があふれた。
彼女の顔には後悔の||念||が刻まれていた。
||念||のためもう一度いいます。
||念||のため傘持って行ったら？
犠牲者には深い同情の||念||を覚えます。
議論は相互の尊敬の||念||に基づいている。","ねん,念","attention; care; concern; desire; feeling; idea; sense; thought",Guess the term having 1 (Grade-4 level) Kanji or its reading(not strictly same reading as one in the example),Text
"adornment; decoration; ornament
charge; fee; mat..
別にサービス||料||を申し受けます。
彼は、彼女の口止め||料||に、多くの金を払った。
部屋代にサービス||料||は含まれていますか。
食事代はサービス||料||も込みになっています。
髪のカット||料||、1000円だったんだよ。今時珍しいですよね。無免許だったりして。","はやし,りょう,料","adornment; decoration; ornament
charge; fee; material; rate",Guess the term having 1 (Grade-4 level) Kanji or its reading(not strictly same reading as one in the example),Text
"bulk items; individual items; loose articles (no..
彼の夢は砕け||散||った。
||散||りぬとも香をだに殘せ梅の花　戀しき時の思ひ出にせむ。
||散||りぬべき時知りてこそ世の中の花も花なれ人も人なれ
秋には葉が||散||る。
葉が||散||ってゆく。
邪魔だ。気が||散||るよ。
風が葉を吹き||散||らした。","ばら,散","bulk items; individual items; loose articles (not packaged with other things); coins; small change",Guess the term having 1 (Grade-4 level) Kanji or its reading(not strictly same reading as one in the example),Text
"fly ball; rook
時は||飛||び去る。
私は||飛||べます。
蜂が||飛||び回る。
||飛||ばすぞ！
||飛||び越えろ！
鳥は翼で||飛||ぶ。
鳥は||飛||ぶ。","ひ,飛","",Guess the term having 1 (Grade-4 level) Kanji or its reading(not strictly same reading as one in the example),Text
"yurt
それを||包||んで下さい。
それ||包||んで。
別々に||包||んでください。
||包||みを開けて下さい。
||包||む必要はありません。
炎が森を||包||み込んだ。
町は霧に||包||まれた。","パオ,包","",Guess the term having 1 (Grade-4 level) Kanji or its reading(not strictly same reading as one in the example),Text
"progress
amount; capacity; portion (of food); qu..
この弁当は||量||が少ないよ。
スゴイ||量||だね！
大切なのは||量||でなく質だ。
生理の||量||が多いのです。
私は||量||より質をとる。
||量||が多いほどお買い得です。
||量||より質が重要だ。","はか,りょう,量","progress
amount; capacity; portion (of food); quantity; volume; generosity; magnanimity; pramana (means by which one gains accurate and valid knowledge; in Indian philosophy); tolerance",Guess the term having 1 (Grade-4 level) Kanji or its reading(not strictly same reading as one in the example),Text
"certainty; definiteness
人は||必||ず死ぬ。
人間は||必||ず死ぬ。
彼は||必||ず成功する。
||必||ずやってよ。
||必||ずやります。
明日、||必||ず行くよ。
真実は||必||ず勝つさ。","ひつ,必","",Guess the term having 1 (Grade-4 level) Kanji or its reading(not strictly same reading as one in the example),Text
"hour of the Sheep (around 2pm, 1-3pm, or 2-4pm);..
これは今でも||未||だただの夢だ。
その出来事は||未||だ記憶に新しい。
彼の影響力は||未||だ衰えていない。
彼女は||未||だここに来てない。
戦争は||未||だに続いている。
||未||だにあなたのことが大好きです。
||未||だに貧しい暮らしをしています。","ひつじ,み,未","hour of the Sheep (around 2pm, 1-3pm, or 2-4pm); sixth month of the lunar calendar; south-southwest; the Goat; the Ram; the Sheep (eighth sign of the Chinese zodiac)
not yet; un-",Guess the term having 1 (Grade-4 level) Kanji or its reading(not strictly same reading as one in the example),Text
"doctor; exhibition; exposition; fair; PhD
「ほら、マイク！」と||博||が声を上げます。
トルストイは世界的名声を||博||した。
彼の新しい本は好評を||博||した。
彼の演説は聴衆の好評を||博||した。
彼は劇的な成功を||博||した。","はく,ばく,博","",Guess the term having 1 (Grade-4 level) Kanji or its reading(not strictly same reading as one in the example),Text
"banner (administrative division of Inner Mongoli..
その||旗||、すごくいいね。
みんな||旗||を振り始めた。
彼は||旗||をかかげた。
彼は||旗||を上下に動かした。
||旗||が揚がっている。
||旗||を変えてください。
通りは||旗||で飾られていた。","はた,旗","banner (administrative division of Inner Mongolia); flag; pataka (banner)",Guess the term having 1 (Grade-4 level) Kanji or its reading(not strictly same reading as one in the example),Text
"chilled; cold; cool; unheated; cold sake; cold w..
||冷||えた。
||冷||たいなあ。
床は||冷||たい。
水は||冷||たい？
頭を||冷||やせ！
頭を||冷||やせ。
鼻が||冷||たい。","ひや,れい,冷","chilled; cold; cool; unheated; cold sake; cold water
cold sake; refrigerator; cold; cool",Guess the term having 1 (Grade-4 level) Kanji or its reading(not strictly same reading as one in the example),Text
"label; stub; tag; ticket; ballot; vote
そして私がまだ支持を得られていない皆さんにも申し上げたい。今夜は皆さんの||票||を得られなかったかもしれませんが、私には、皆さんの声も聞こえています。私は、皆さんの助けが必要なのです。私はみなさんの大統領にも、なるつもりです。
また、まだ私が支持を獲得していないアメリカ人に言いたい、今夜はあなたがたの||票||を得られなかったが、あなたがたの声も聞いていく。
前評判通り、順調に||票||をのばしています。
圧倒的多数がその残酷な刑罰を廃止することに||票||を投じた。
彼は双方の候補者から||票||を奪った。","ひょう,票","",Guess the term having 1 (Grade-4 level) Kanji or its reading(not strictly same reading as one in the example),Text
"chance; flight (e.g. airline flight); letter; ma..
||便||が水のようです。
||便||りをください。
固い||便||が出ます。
柔らかい||便||が出ます。
無事に||便||りなし。
私にお||便||りください。
風の||便||りに聞いた。","びん,べん,よすか,よすが,便","chance; flight (e.g. airline flight); letter; mail; opportunity; post; service; trip (e.g. train trip)
excrement; excreta (esp. faeces); stool; accommodation; convenience; facility; service
aid; clue; means; memento; relative; reminder; someone to rely on; something to rely on; way",Guess the term having 1 (Grade-4 level) Kanji or its reading(not strictly same reading as one in the example),Text
"bad ...; non-; poor ...; un-
non-; un-; naught; ..
名前はまだ||無||い。
最近食欲が||無||い。
月には森も||無||い。
||無||い袖は振れぬ。
||無||から有は生じない。
疑い||無||く！
頭痛が||無||くなった。","ぶ,む,無","bad ...; non-; poor ...; un-
non-; un-; naught; nil; nothing; nought; zero",Guess the term having 1 (Grade-4 level) Kanji or its reading(not strictly same reading as one in the example),Text
"to elapse; to experience; to go by; to go throug..
彼の部屋に入った時、彼は20年に渡るゴルフ||歴||で手にしてきたトロフィーの数々を私に見せた。","ふ,れき,歴","to elapse; to experience; to go by; to go through; to go through; to pass; to pass through
experience of; history of",Guess the term having 1 (Grade-4 level) Kanji or its reading(not strictly same reading as one in the example),Text
"adverb; copy; duplicate; additional; assistant; ..
おまえの従姉だったよな。二年生、現生徒会役員。部活はバスケで、||副||キャプテンを務めてる。","ふく,副","adverb; copy; duplicate; additional; assistant; associate; auxiliary; collateral; deputy; sub-; substitute; supplementary; vice-",Guess the term having 1 (Grade-4 level) Kanji or its reading(not strictly same reading as one in the example),Text
"another; different; extra; separate; difference;..
ここでお||別||れだ。
トムと||別||れるの？
二人は||別||れたんだ。
||別||のが欲しい。
||別||の機会を待て。
彼に||別||れを告げた。
恋愛と結婚は||別||だ。","べち,べつ,わけ,別","another; different; extra; separate; difference; discrimination; distinction; exception; exclusion; according to; classified by; ranked by
lord (hereditary title for imperial descendants in outlying regions)",Guess the term having 1 (Grade-4 level) Kanji or its reading(not strictly same reading as one in the example),Text
"celebration; congratulation; congratulations; co..
ご健康を||祝||して乾杯。
七夕は七月に||祝||う。
僕は君の成功を||祝||った。
御成功をお||祝||いします。
母の誕生日を||祝||う。","いわい,ゆわい,しゅく,はふり,ほうり,祝","celebration; congratulation; congratulations; congratulatory gift; festival; present
public holiday; celebration (of)
generic title for a member of the Shinto priesthood; junior Shinto priest; Shinto priest",Guess the term having 1 (Grade-4 level) Kanji or its reading(not strictly same reading as one in the example),Text
"chop; India; mark; mudra (symbolic hand gesture)..
この風は嵐の||印||だ。
彼はそのページに||印||をつけた。
正しい答えに||印||をつけなさい。
正解に||印||をつけてください。
沈黙は承諾の||印||。","いん,しるし,印","chop; India; mark; mudra (symbolic hand gesture); ninja hand sign; print; seal; seal; seal impression; sealing; stamp; stamp
badge; crest; emblem; evidence; flag; mark; proof; sign; symbol; token (of gratitude, affection, etc.)",Guess the term having 1 (Grade-4 level) Kanji or its reading(not strictly same reading as one in the example),Text
"lamp; light (esp. as a religious offering)
gleam..
がは||灯||に集まる。
すべての||灯||りが消えた。
||灯||りが消えている。
||灯||りが点いた。
私はロウソクの||灯||りって好きだな。
窓に||灯||がともっていた。
遠くに町の||灯||りが見えた。","あかし,あかり,とう,とぼし,ひ,ともし,ともしび,灯","lamp; light (esp. as a religious offering)
gleam; glow; illumination; lamp; light; light
lamp; light; counter for electric lights
lamp; light
baiting deer with a lighted torch; lamp; light
lamp; light; torch",Guess the term having 1 (Grade-4 level) Kanji or its reading(not strictly same reading as one in the example),Text
"kanji -yawning- radical (radical 76); yawn; yawn..
ガス||欠||じゃない？
ガス||欠||です。
君は||欠||かせない。
彼は経験に||欠||ける。
歯が||欠||けました。","あくび,けつ,欠","kanji -yawning- radical (radical 76); yawn; yawning
absence; deficiency; lack; non-attendance; vacancy",Guess the term having 1 (Grade-4 level) Kanji or its reading(not strictly same reading as one in the example),Text
"Atai (post-Taika hereditary title often given to..
多額の金がその橋に||費||やされた。
家にたくさんのお金を||費||やした。
彼は全財産を車に||費||やした。
彼女は本に収入の大部分を||費||やす。
時間を||費||やしてしまったね。","あたい,ひ,費","Atai (post-Taika hereditary title often given to regional administrators)
cost; expense",Guess the term having 1 (Grade-4 level) Kanji or its reading(not strictly same reading as one in the example),Text
"(government) bill; idea; plan; proposal; suggest..
いい||案||があるかも。
いい||案||だ！
その||案||は通った。
実際よい||案||が浮かんだ。
||案||ずるより産むが易し。
||案||は全然ない。
私はその||案||に賛成だ。","あん,つくえ,案","(government) bill; idea; plan; proposal; suggestion; desk; draft; expectation; rough copy; stand
desk",Guess the term having 1 (Grade-4 level) Kanji or its reading(not strictly same reading as one in the example),Text
"Chinese -stomach- constellation (one of the 28 m..
彼は||胃||ガンで死んだ。
彼女は||胃||がんで死んだ。
時々、||胃||が痛むんだ。
突然、||胃||に激痛を感じた。
||胃||が痛みます。
||胃||が痛みますか。
薬は彼の||胃||に効きました。","い,胃","Chinese -stomach- constellation (one of the 28 mansions); stomach",Guess the term having 1 (Grade-4 level) Kanji or its reading(not strictly same reading as one in the example),Text
"clothing; dress; garment
clothes; coating (e.g. ..
ここのお店のトンカツは、カツの肉が分厚くて||衣||は薄くてサクサク。一度食べてみなよ。美味しいよ。
トムは濡れ||衣||を着せられた。
よくわからんな。濡れ||衣||ってどゆこと？
濡れ||衣||を着せられた。
||衣||ばかりで和尚はできぬ。","い,きぬ,ころも,衣","clothing; dress; garment
clothes; coating (e.g. glaze, batter, icing); garment; gown; robe",Guess the term having 1 (Grade-4 level) Kanji or its reading(not strictly same reading as one in the example),Text
"counter for ghosts; decimal place; place (e.g. f..
この会社は石油業界で２||位||に||位||している。
どの||位||したら会は始まるか。
どれ||位||かかりますか。
彼は私の父と同じ||位||の身長です。
彼は陸軍大佐の||位||を持っている。","い,くらい,位","counter for ghosts; decimal place; place (e.g. first place); rank
(decimal) place; (nobleman's) seat; class; court rank; crown; digit; echelon; government position; grade (of quality, etc.); level; position of a figure (e.g. tens, thousands); rank; rank; rung; social standing; throne; tier",Guess the term having 1 (Grade-4 level) Kanji or its reading(not strictly same reading as one in the example),Text
"cooked rice
cooked rice; food; livelihood; meal;..
ご||飯||にする？
ご||飯||はあるの？
晩ご||飯||できた？
晩ご||飯||は何？
朝ご||飯||よ！
||飯||の後、俺は寝床についた。","いい,まま,まんま,めし,飯","cooked rice
cooked rice; food; livelihood; meal; one's living",Guess the term having 1 (Grade-4 level) Kanji or its reading(not strictly same reading as one in the example),Text
"battle; campaign; fight; forces; troops; war
arm..
ドイツ||軍||は敗走した。
わが||軍||は敵と交戦した。
彼は||軍||に召集された。
彼は||軍||に徴兵された。
彼は||軍||を名誉除隊した。
||軍||が政府を乗っ取った。
||軍||は敵に弾薬庫を引き渡した。","いくさ,ぐん,軍","battle; campaign; fight; forces; troops; war
armed forces; army; group; military authorities; team; troops; troupe",Guess the term having 1 (Grade-4 level) Kanji or its reading(not strictly same reading as one in the example),Text
"battle; campaign; fight; forces; troops; war
bat..
トムは||戦||えない。
彼らは敵と||戦||った。
||戦||いに勝つ。
||戦||いは終わった。
||戦||士が||戦||う。
||戦||士が||戦||った。
||戦||士が||戦||わない。","いくさ,せん,戦","battle; campaign; fight; forces; troops; war
battle; competition; game; match; war",Guess the term having 1 (Grade-4 level) Kanji or its reading(not strictly same reading as one in the example),Text
"battle; campaign; fight; forces; troops; war
mas..
いつも、いつも員数合わせなどと言われないで、たまには嘘でも良いから一騎当千の||兵||と言ってほしいよ。
その命令に嫌々従う||兵||もいた。
トムは百戦錬磨の||兵||だよ？誰に何と言われようが、ぶれないよ。
夏草や||兵||どもが夢の跡。
軍はその町から||兵||を引いて敵に明け渡した。","いくさ,つわもの,ひょう,へい,兵","battle; campaign; fight; forces; troops; war
master (in a field); person of courage; soldier; strong person; very capable person; warrior
pawn
(common) soldier; army; rank and file; strategy; troops; warfare",Guess the term having 1 (Grade-4 level) Kanji or its reading(not strictly same reading as one in the example),Text
"distinguished service; meritorious service
disea..
レーガン大統領の税政策はまだ||功||を奏していない。
年の||功||というのか、彼の意見はさすがに一日の長があるね。
解決策が||功||を奏したのは試行錯誤の結果だった。
亀の甲より年の||功||、だよ。
亀の甲より年の||功||。","いさお,いたわり,こう,功","distinguished service; meritorious service
disease; illness; labor; labour; meritorious deed; service; sickness; trouble; attention; carefulness; consideration; sympathy
accumulated experience; achievement; merit; meritorious deed; success",Guess the term having 1 (Grade-4 level) Kanji or its reading(not strictly same reading as one in the example),Text
"chloride; salt (e.g. sodium chloride, calcium su..
お||塩||とって。
もう||塩||がない。
||塩||ください。
||塩||で味を付ける。
敵に||塩||を送る。
肉に||塩||をかけよう。
青菜に||塩||。","えん,しお,塩","chloride; salt (e.g. sodium chloride, calcium sulfate, etc.)
cold; indifferent; unwelcoming; common salt; hardship; salt; saltiness; sodium chloride; table salt; toil; trouble",Guess the term having 1 (Grade-4 level) Kanji or its reading(not strictly same reading as one in the example),Text
"brave; greater; heroic; larger (of the two); man..
トムは私の||夫||です。
俺はお前の||夫||だぞ。
君を娘の||夫||にしよう。
||夫||が要る。今すぐ。
||夫||はいい人よ。
彼女は||夫||と離婚した。
私の||夫||は医者です。","お,おっと,そ,つま,夫","brave; greater; heroic; larger (of the two); manly; husband; man; male
husband
he; she; that; that person
dear; honey; my dear",Guess the term having 1 (Grade-4 level) Kanji or its reading(not strictly same reading as one in the example),Text
"land; shore
6; six
6; six;decent; good; proper; ..
地球は海と||陸||からなる。
強風が||陸||の方へ吹き始めた。
水夫たちは||陸||を見た。
船はしだいに||陸||に近づいた。
遠くに||陸||が見えた。
||陸||が見えてきた。
||陸||に上がった河童。","おか,りく,む,むう,ろく,陸","land; shore
6; six
6; six;decent; good; proper; satisfactory; worthy",Guess the term having 1 (Grade-4 level) Kanji or its reading(not strictly same reading as one in the example),Text
"you (plural); each
all; each; every
さらに、３点の素描をベルリン国立版画素描館から借用し、１点ずつ||各||セクションのコンセプトを示す導入作品（ライトモチーフ）として展示します。
そして||各||チームはボールを蹴ってこの穴に通そうと互いに競い合ったのです。
台座に心棒を立てて、||各||パーツをずらしながら重ねていきます。
||各||ロボットには通話機が取り付けられています。","おのおの,かく,各","",Guess the term having 1 (Grade-4 level) Kanji or its reading(not strictly same reading as one in the example),Text
"band; belt; cingulum; obi (kimono sash); obi (st..
その問題は新しい性格を||帯||び始めた。
||帯||に短し、襷に長し。
彼の意見は保守的傾向を||帯||びている。
彼は極秘の使命を||帯||びていた。
彼は酒気を||帯||びて運転していた。
東の空が赤みを||帯||びている。","おび,たい,帯","band; belt; cingulum; obi (kimono sash); obi (strip of paper looped around a book, CD, etc. containing information about the product); radio or television program broadcast in the same time slot on all or most days; strip
band (e.g. conduction, valence); belt (e.g. Van-Allen, asteroid, etc.)",Guess the term having 1 (Grade-4 level) Kanji or its reading(not strictly same reading as one in the example),Text
"counter for folded items; counter for items (esp..
二つ||折||り厳禁。
僕は右に||折||れた。
||折||り曲げ厳禁。
||折||れるより曲がれ。
木を||折||るな。
枝を||折||らないで。
枝を||折||るな。","おり,折","counter for folded items; counter for items (esp. food) packed in an oribako; crease; fold; folding; pleat; small food box (wooden or cardboard); chance; occasion; opportunity; time; folding in ... (two, three, etc.)",Guess the term having 1 (Grade-4 level) Kanji or its reading(not strictly same reading as one in the example),Text
"addition; Canada
スープに塩を||加||えよう。
会話に||加||われば？
||加||わりたい。
油を少し||加||えて。
牛乳を少し||加||えなさい。
雨に風が||加||わった。","か,加","",Guess the term having 1 (Grade-4 level) Kanji or its reading(not strictly same reading as one in the example),Text
"counter for lessons and chapters (of a book); de..
この||課||を暗記しなさい。
タバコに新税が||課||せられた。
政府は農民に新税を||課||した。
王は人民に重税を||課||した。
王は国民に重い税を||課||した。","か,課","counter for lessons and chapters (of a book); department; division; lesson; section (in an organization)",Guess the term having 1 (Grade-4 level) Kanji or its reading(not strictly same reading as one in the example),Text
"counter for pieces of fruit; enlightenment (as t..
彼は念願を||果||たした。
彼は約束を||果||たす。
彼は義務を||果||たした。
||果||たして、ゴア氏は大統領候補として立つのか？
||果||たして子供がそんな残酷なことをするだろうか。
疲れ||果||てた。
疲れ||果||てたよ。","か,はか,はたて,果","counter for pieces of fruit; enlightenment (as the fruits of one's Buddhist practice); fruit; phala (attained state, result)
progress
end; extremity; limit",Guess the term having 1 (Grade-4 level) Kanji or its reading(not strictly same reading as one in the example),Text
"revision
彼は報告書を||改||ざんした。
彼は生き方を||改||めた。
彼らはその制度を||改||めた。
||改||めて、ごめんね。
||改||めて言う事はない。
日を||改||めてご連絡します。
言い||改||めました。","かい,改","",Guess the term having 1 (Grade-4 level) Kanji or its reading(not strictly same reading as one in the example),Text
"damage; evil influence; harm; injury
その気候で健康を||害||した。
たばこは健康に||害||がある。
君に||害||は及ばないよ。
喫煙は健康に||害||がある。
||害||になるような本は読んではいけない。
||害||になる薬もある。
悪い本は||害||を与える。","がい,害","",Guess the term having 1 (Grade-4 level) Kanji or its reading(not strictly same reading as one in the example),Text
"area; district; quarter; street
block; downtown;..
トムは||街||を離れた。
ふと||街||で彼に会った。
ローマは古い||街||だ。
私は||街||に用事がある。
||街||に行きたい。
||街||を見に行こう。
遠方に||街||が見えた。","がい,まち,街","area; district; quarter; street
block; downtown; main street; neighborhood; neighbourhood; road; street; town",Guess the term having 1 (Grade-4 level) Kanji or its reading(not strictly same reading as one in the example),Text
"to acquire; to attain; to be possible; to earn; ..
あり||得||ねぇー。
どうなり||得||るか
彼は即答を||得||た。
彼は||得||な性分だ。
||得||しようとこだわると損する。
||得||やすいものは失いやすい。
有り||得||ない！","う,とく,得","to acquire; to attain; to be possible; to earn; to gain; to get; to obtain; to procure; to secure; to win
advantage; benefit; gain; profit; rebirth in paradise, entering nirvana",Guess the term having 1 (Grade-4 level) Kanji or its reading(not strictly same reading as one in the example),Text
"first; new
green; inexperienced; innocent; naive..
||初||めて来たの？
||初||めまして。
君、||初||めてでしょ。
彼は３０代の||初||めだ。
日本は||初||めてですか。
秋風が立ち||初||める。
誰が||初||めに来たの？","うい,はつ,うぶ,ぞめ,初","first; new
green; inexperienced; innocent; naive; unsophisticated; wet behind the ears; birth-
first doing of ... (ever, in one's life, in the new year, etc.)",Guess the term having 1 (Grade-4 level) Kanji or its reading(not strictly same reading as one in the example),Text
"clan; birth; family name; lineage
clan; he; him;..
スミス||氏||は職業は医師だ。
ブラウン||氏||は医者です。
ホーク||氏||は親切な紳士だ。
人は||氏||より育ち。
私はスミス||氏||と面識がある。","うじ,し,氏","clan; birth; family name; lineage
clan; he; him; counter for people; Miss; Mr; Mrs; Ms",Guess the term having 1 (Grade-4 level) Kanji or its reading(not strictly same reading as one in the example),Text
"ability; bowl; caliber; calibre; capacity; conta..
あいつは瞬間湯沸かし||器||なんだよ。
いくら||器||だけを日本一にしても、中身が三流やったらな～んの意味もないんちゃうの？
この皮むき||器||、持ちやすくてよく切れるよ。
この食||器||洗い||器||は大きすぎて、流し台の下には納まらないよ。
彼は将来国家の棟梁たるべき||器||だ。","うつわ,き,器","ability; bowl; caliber; calibre; capacity; container; vessel
container; device; instrument; vessel; ability; caliber; calibre; capacity",Guess the term having 1 (Grade-4 level) Kanji or its reading(not strictly same reading as one in the example),Text
"green; inexperienced; innocent; naive; unsophist..
彼らに子供が||産||まれた。
彼女は双子を||産||んだ。
案ずるより||産||むが易し。
||産||まれてきてくれてありがとう。
蝶々は卵を||産||むんだよ。
鳥は卵を||産||む。","うぶ,さん,産","green; inexperienced; innocent; naive; unsophisticated; wet behind the ears; birth-
assets; fortune; native of; product of; property; (giving) birth; childbirth; confinement; delivery",Guess the term having 1 (Grade-4 level) Kanji or its reading(not strictly same reading as one in the example),Text
"Chinese plum; Japanese apricot (Prunus mume); Ja..
これは||梅||の木だよ。
||梅||の実は||梅||の木に実ります。
||梅||の花は3月に咲く。
||梅||酒って、||梅||を使った和リキュールなんだ。
見て、||梅||の木！
||梅||は||梅||の木になります。","うめ,むめ,梅","Chinese plum; Japanese apricot (Prunus mume); Japanese plum; lowest (of a three-tier ranking system); ume;Chinese plum; Japanese apricot (Prunus mume); Japanese plum; lowest (of a three-tier ranking system); ume;Chinese plum; Japanese apricot (Prunus mume); Japanese plum; lowest (of a three-tier ranking system); ume",Guess the term having 1 (Grade-4 level) Kanji or its reading(not strictly same reading as one in the example),Text
"tip; top end
new growth (of a tree); new shoots
..
５人兄弟の||末||っ子です。
トムは||末||っ子です。
マイクは||末||っ子です。
彼は||末||っ子だ。
||末||の娘にはいつもリンゴの３分の１が与えられる。
私は||末||っ子です。","うら,うれ,すえ,まつ,末","tip; top end
new growth (of a tree); new shoots
close; degenerate age; descendants; end; end (of the year, month, etc.); future; offspring; posterity; tip; top; (at last) after; (finally) after; at the end of; trifles; trivialities; youngest child
powder; the end (of)",Guess the term having 1 (Grade-4 level) Kanji or its reading(not strictly same reading as one in the example),Text
"suffix used as a rough indicator of location, di..
ここら||辺||の人？
ここら||辺||の出身？
この||辺||は寒いよ。
まずその||辺||です。
川はこの||辺||が深い。
||辺||りはしんとしていた。
||辺||りをよく見なさい。","え,へ,べ,へん,ほとり,わたり,辺","suffix used as a rough indicator of location, direction, time, etc.; shore (of the sea); surrounding area
area; circumstances; edge; region; side; vicinity
bank; edge; shore; side (esp. of a waterbody)
nearby; neighbourhood; vicinity",Guess the term having 1 (Grade-4 level) Kanji or its reading(not strictly same reading as one in the example),Text
"glory; honor; honour; prosperity
adornment; deco..
１５世紀のイタリアでは美術が||栄||えた。
その町は||栄||えているようだった。
善人必ずしも||栄||える者でない。
文字はそれが半ば商売、半ば芸術であるとき最高に||栄||える。
観光場所以外はあまり||栄||えていないと思います。","えい,はやし,ロン,栄","glory; honor; honour; prosperity
adornment; decoration; ornament
winning by picking up a discarded tile",Guess the term having 1 (Grade-4 level) Kanji or its reading(not strictly same reading as one in the example),Text
"completion; conclusion; end; providing fully; Fi..
どーすんの、このお店！||完||ッ全に閑古鳥が鳴いちゃってるじゃない。
どーすんの、このお店。||完||ッ全に閑古鳥が鳴いちゃってるじゃない。
彼の||完||ぺきに秩序正しい人生は麻薬中毒の兄弟が現れた時に崩壊した。
練習が||完||ぺきにする。","かん,完","completion; conclusion; end; providing fully; Finis; The End",Guess the term having 1 (Grade-4 level) Kanji or its reading(not strictly same reading as one in the example),Text
"appearance; look; observation meditation; sight;..
テレビが||観||たい。
どの映画を||観||るの？
映画を||観||たんだ。
映画を||観||に行かない？
映画を||観||に行こうよ。","かん,観","appearance; look; observation meditation; sight; spectacle; outlook on ...; view of ...",Guess the term having 1 (Grade-4 level) Kanji or its reading(not strictly same reading as one in the example),Text
"pipe; tube
テレビを点け、彼女がブラウン||管||の前で遊弋している。「おい、飯だぞ？」
水圧が原因で||管||は破裂しました。
||管||から水が吹き出した。","かん,くだ,管","",Guess the term having 1 (Grade-4 level) Kanji or its reading(not strictly same reading as one in the example),Text
"barrier; gate
barrier; gate; mutual life; seki
h..
君の||関||する事柄ではない。
彼の仕事は技術に||関||する。
彼は中国に||関||する権威だ。
私は女性に||関||しては弱い。
私は||関||わっていない。
||関||わり合いになったら、ドスどころかチャカが出てきそうだ。","かん,せき,ぜき,関","barrier; gate
barrier; gate; mutual life; seki
honorific added to names of makuuchi and juryo division wrestlers",Guess the term having 1 (Grade-4 level) Kanji or its reading(not strictly same reading as one in the example),Text
"prayer; vow; wish
appeal; desire; entreaty; hope..
お||願||い、急いで！
お||願||いします。
ねぇ、お||願||い。
君の||願||いは何？
星に||願||いを。
||願||いは一つだけ。
||願||い事をして。","がん,ねがい,願","prayer; vow; wish
appeal; desire; entreaty; hope; plea; prayer; request; wish; (written) application",Guess the term having 1 (Grade-4 level) Kanji or its reading(not strictly same reading as one in the example),Text
"barrel head; looking-glass; mirror; mirror-shape..
ちょっと||鏡||を見てごらん。
庭は庭師を映す||鏡||だ。
彼女は||鏡||の前に立った。
目は心の||鏡||。
私は||鏡||に息を吹きかけた。
||鏡||が壊れた。
||鏡||はどこですか。","かがみ,鏡","barrel head; looking-glass; mirror; mirror-shaped mochi; page added at the beginning of a document mentioning its purpose, date, author, etc.",Guess the term having 1 (Grade-4 level) Kanji or its reading(not strictly same reading as one in the example),Text
"agape; attachment; craving; desire; Ireland; aff..
そして||愛||が好き。
||愛||してる。
||愛||は||愛||を||愛||する。
||愛||は盲目。
私を||愛||してる？
細く長く||愛||して。
親は子を||愛||する。","あい,まな,愛","agape; attachment; craving; desire; Ireland; affection; care; love
beloved; dear",Guess the term having 1 (Grade-4 level) Kanji or its reading(not strictly same reading as one in the example),Text
"model; pattern; style; type; (set) size; (standa..
この||型||の帽子が今流行だ。
これはポケット||型||の辞書だ。
||型||はいいですけど、色違いはありますか。
大きな||型||の冷蔵庫がほしい。
特にお望みの||型||はございますか。
私はこの||型||の家は好きではない。","かた,がた,型","model; pattern; style; type; (set) size; (standard) form; (taxonomical) form; convention; form; formula; impression; inches (in sizes of displays, disks, image sensors, etc.); kata (set sequence of positions and movements in martial arts); model; mold; mould; pattern; style (in kabuki, noh, etc.); template; tradition; usage",Guess the term having 1 (Grade-4 level) Kanji or its reading(not strictly same reading as one in the example),Text
"at the same time; in addition to; while (doing);..
あれはあれの||側||です。
入口の||側||で立った。
彼は私の||側||に座った。
私の街は海の||側||にある。
私は彼女の||側||に座った。","かたわら,かわ,がわ,そく,そば,はた,側","at the same time; in addition to; while (doing); beside; besides; edge; nearby; side
(watch) case; part; side (of something, or taking someone's side)
beside; besides; close; near; proximity; third person; vicinity; while;first principle of the Eight Principles of Yong; tiny dash or speck
beside; besides; close; near; proximity; third person; vicinity; while",Guess the term having 1 (Grade-4 level) Kanji or its reading(not strictly same reading as one in the example),Text
"cornerstone; Japanese photinia; keystone; pivot;..
これ||要||ります？
予約が||要||るよ。
||要||するに人生は短い。
||要||る？
現金が||要||るの。
車が||要||るの？
金が||要||るんだ。","かなめ,よう,要","cornerstone; Japanese photinia; keystone; pivot; vital point
necessary; required; cornerstone; keystone; main point; need; requirement",Guess the term having 1 (Grade-4 level) Kanji or its reading(not strictly same reading as one in the example),Text
"aircraft; machine; counter for (remaining) lives..
コピー||機||に紙を入れて。
ジェット||機||が次々に離陸した。
ジェット||機||は東京に着陸した。
まだ||機||は熟していない。
||機||が熟したら、大胆に突き進むべきだ。僕が側にいる。
||機||は急角度で上昇し、それから海岸を離れるにつれて水平飛行に移った。
行動の||機||は熟した。","き,はた,機","aircraft; machine; counter for (remaining) lives; counter for aircraft; chance; opportunity
loom",Guess the term having 1 (Grade-4 level) Kanji or its reading(not strictly same reading as one in the example),Text
"Greece; dilute; rare
rare; seldom
しかし物々交換制は、人々の要求が一致することは||希||であったので、非常に不満足な制度だった。","き,まれ,希","",Guess the term having 1 (Grade-4 level) Kanji or its reading(not strictly same reading as one in the example),Text
"climax; culmination; extreme; extremity; height;..
ここ2カ月、多忙を||極||めた。
これは||極||めて珍しい。
彼は||極||めて臆病だ。
||極||めて一般的なことだ。
||極||めて遺憾です。
脳は||極||めて複雑な臓器だ。
英語を||極||めたいな。","きょく,ごく,はたて,極","climax; culmination; extreme; extremity; height; nadir; pole; zenith
10^48; quindecillion; quite; very
end; extremity; limit",Guess the term having 1 (Grade-4 level) Kanji or its reading(not strictly same reading as one in the example),Text
"recompense; wage
悪より救い出し||給||え。
神、初めに天と地を創り||給||えり。
神は我々に愛する力を与え||給||うた。
神よ、我が声を聞き||給||え。
神よ、我が願いを聞き||給||え。","きゅう,給","",Guess the term having 1 (Grade-4 level) Kanji or its reading(not strictly same reading as one in the example),Text
"accomplishment; art; artistic skill; craft; perf..
彼の||芸||はこなれていない。
猿はたくさん||芸||を覚える。
私はその犬に||芸||を仕込んだ。
老犬に新しい||芸||は仕込めない。
老犬に新しい||芸||は教えられない。
||芸||は身を助く。
||芸||は身を助ける。","げい,芸","accomplishment; art; artistic skill; craft; performance; technique",Guess the term having 1 (Grade-4 level) Kanji or its reading(not strictly same reading as one in the example),Text
"action; behavior; behaviour; move; recommendatio..
ジムは手を||挙||げた。
一例を||挙||げましょう。
右手を||挙||げなさい。
彼は手を||挙||げた。
彼は手を||挙||げなかった。
||挙||げ句の果てにクビになった。
||挙||げ句の果てに彼は刑務所行きになった。","きょ,挙","action; behavior; behaviour; move; recommendation (of a person for a position)",Guess the term having 1 (Grade-4 level) Kanji or its reading(not strictly same reading as one in the example),Text
"counter for varieties; cause; origin; seed; kind..
命の||種||はまかれた。
庭に||種||をまきました。
||種||の上に少し土をかぶせなさい。
||種||をまくように刈り入れることになる。
苦は楽の||種||。
蒔かぬ||種||は生えぬ。
風は||種||を遠くへ運ぶ。","くさ,しゅ,タネ,たね,種","counter for varieties; cause; origin; seed; kind; variety
(biological) species; (logical) species; kind; variety
(news) copy; 10-point card; animal card; breed; cause; ingredient; issue; kernel; leaven; lineage; main ingredient (of a piece of sushi); material (e.g. for an article); matter (e.g. of a story); mechanism (of a magic trick, etc.); offspring; origin; paternal blood; pip; progeny; secret; seed; seed; seed (e.g. of a plant); semen; source; source (of a story); sperm; stone (e.g. of a pe",Guess the term having 1 (Grade-4 level) Kanji or its reading(not strictly same reading as one in the example),Text
"...and all; including...; inclusive of; with .....
人間の目は脳と||共||に働く。
君と運命を||共||にしよう。
彼は我々と||共||に食事した。
彼らと||共||に笑いなさい。
輝ける魂と||共||に。","ぐち,ごと,とも,ども,みた,むた,共","...and all; including...; inclusive of; with ...
same; together with; all; both; including ...; neither; none
first-person plural (or singular); second or third person plural (implies speaker is of higher status than those referred to)
together with ...",Guess the term having 1 (Grade-4 level) Kanji or its reading(not strictly same reading as one in the example),Text
"cellar; depository; elevator; godown; granary; m..
空の鳥を見るがよい。まくことも、刈ることもせず、||倉||に取りいれることもしない。それだのに、あなたがたの天の父は彼らを養っていて下さる。あなたがたは彼らよりも、はるかにすぐれた者ではないか。","くら,倉","cellar; depository; elevator; godown; granary; magazine; storehouse; treasury; warehouse",Guess the term having 1 (Grade-4 level) Kanji or its reading(not strictly same reading as one in the example),Text
"contest; match
auction; competing; competition
２チームは決勝戦で||競||った。
彼らは賞を取ろうとお互いに||競||った。
我々のチームは強力なライバルと||競||った。
暗記だけ||競||ってもしょうがない。
私達はお互いにその賞を||競||った。","くら,せり,競","",Guess the term having 1 (Grade-4 level) Kanji or its reading(not strictly same reading as one in the example),Text
"commandery (in China); county; district; distric..
その発電所は、その遠く離れた||郡||に電気を供給している。
ダラム||郡||は、砂嵐で最も大きな被害を受けやすい地域の一つでした。","ぐん,こおり,郡","commandery (in China); county; district; district (of 2-20 50-home neighbourhoods or townships, in the ritsuryo period)",Guess the term having 1 (Grade-4 level) Kanji or its reading(not strictly same reading as one in the example),Text
"dust; flour; meal; powder
えーと、パン||粉||は有ったかな？
この小麦は||粉||にされる。
彼らは小麦をひいて||粉||にします。
歯磨き||粉||はどこにありますか？
私たちは小麦をひいて||粉||にする。
||粉||チーズを60g加えます。
||粉||と卵２個を混ぜなさい。","こ,こな,粉","",Guess the term having 1 (Grade-4 level) Kanji or its reading(not strictly same reading as one in the example),Text
"-er (often of young women); (one's) child; child..
八十の三つ||児||。","こ,じ,やや,児","-er (often of young women); (one's) child; child; kid; offspring; teenager; young (animal); young (non-adult) person; young woman; youngster; bird egg; interest; new share; offshoot; player who is not a dealer; young geisha; young prostitute
boy; child; I; me
baby; child",Guess the term having 1 (Grade-4 level) Kanji or its reading(not strictly same reading as one in the example),Text
"good
connection; friendly relations; friendship;..
それ||好||き。
それ||好||き？
君が||好||きだ。
||好||きです。
||好||きにしろ！
雨は||好||き？
音楽は||好||き？","こう,よしみ,好","good
connection; friendly relations; friendship; intimacy; relation",Guess the term having 1 (Grade-4 level) Kanji or its reading(not strictly same reading as one in the example),Text
"last (year); yesterday
彼は||昨||シーズンで野球をやめました。
私は||昨||シーズンで野球を辞めた。","さく,昨","",Guess the term having 1 (Grade-4 level) Kanji or its reading(not strictly same reading as one in the example),Text
"cops; police
お気持ちお||察||しします。
何が起きてるのか、||察||しはついてたさ。
||察||が来た、ずらかれ！
彼女の表情から怒っているのを||察||した。
心中お||察||し致します。
状況を||察||しなさいよ。","さつ,察","",Guess the term having 1 (Grade-4 level) Kanji or its reading(not strictly same reading as one in the example),Text
"banknote; bill; note; paper money
armor platelet..
１０ドル||札||でお願いします。
１ドル||札||をお持ちですか。
２０ドル||札||をくずせますか。
それは１００ドル||札||だった。
五ドル||札||を崩せますか。
||札||いれを盗まれました。","さつ,さね,ふだ,ふみた,ふんだ,札","banknote; bill; note; paper money
armor platelet
card; charm; check; label; plate; playing card; receipt; sign; slip of paper posted on shrine pillars by pilgrims; tag; talisman; ticket; token",Guess the term having 1 (Grade-4 level) Kanji or its reading(not strictly same reading as one in the example),Text
"difference; variation; difference
prefix used fo..
これは||差||し上げます。
それは大変な||差||である。
ただで||差||し上げます。
||差||し上げます。
||差||し当たり、あれで十分でしょう。
彼は手を||差||し出した。
彼女は手を||差||し出した。","さ,さし,差","difference; variation; difference
prefix used for stress or emphasis; counter for traditional dance songs; arrhythmic section of recitative in noh music; between (e.g. two people); face to face; hindrance; impediment; playing with only 2 players",Guess the term having 1 (Grade-4 level) Kanji or its reading(not strictly same reading as one in the example),Text
"in that way; like that; so
as such; like that; u..
子供は幽霊を見ているかのように私をぼう||然||と見つめた。
彼は悲嘆に暮れてぼう||然||としていた。
彼らはその知らせにりつ||然||とした。
武器を持った乗っ取り犯たちは乗客をりつ||然||とさせた。
秀樹ったら、当事は全っ||然||こっちに慣れなくてね、しょっちゅうふてくされてたのよ。","さ,しか,ぜん,然","in that way; like that; so
as such; like that; uh-huh; yeah
-like",Guess the term having 1 (Grade-4 level) Kanji or its reading(not strictly same reading as one in the example),Text
"conspicuous; prime; the extreme; the most
彼女は科学が||最||も苦手だ。
忍耐は||最||も美しい美徳だ。
||最||も効果的な防御は攻撃である。
||最||も強大な帝国ですら崩壊する。
清潔は敬神に||最||も近い。
私は||最||も速い走者です。
鉄は||最||も有用な金属です。","さい,最","",Guess the term having 1 (Grade-4 level) Kanji or its reading(not strictly same reading as one in the example),Text
"lumber; timber; wood; (raw) material; ability; c..
このテーブルは良質のオーク||材||でできている。
その彫像はさくら||材||の木片を刻んで作らせた。","ざい,材","lumber; timber; wood; (raw) material; ability; capable person; stuff; talent",Guess the term having 1 (Grade-4 level) Kanji or its reading(not strictly same reading as one in the example),Text
"side dish
greens; rape (Brassica napus); rapesee..
ビタミンＥを豊富に含む食物には、濃い緑色をした||菜||っ葉類・豆類・ナッツ類・全粒穀類がある。
||菜||の花や月は東に日は西に","さい,な,菜","side dish
greens; rape (Brassica napus); rapeseed; vegetables",Guess the term having 1 (Grade-4 level) Kanji or its reading(not strictly same reading as one in the example),Text
"(manner of) speaking; (use of) language; comment..
トムは会社を||辞||めた。
彼は大臣を||辞||めた。
彼は自分自ら||辞||めた。
彼女は会社を||辞||めた。
私、||辞||めます。
||辞||めちゃえば？
||辞||めます。","ことば,じ,辞","(manner of) speaking; (use of) language; comment; dialect; expression; language; language acquisition; learning to speak; phrase; remark; speech; statement; term; word; words
address (e.g. opening or closing remarks); ancillary word; ci (Chinese literary form); speech; words",Guess the term having 1 (Grade-4 level) Kanji or its reading(not strictly same reading as one in the example),Text
"brightly; cleanly; clearly; purely
Ch'ing dynast..
まずはじめに身を||清||める必要がある。
心の||清||い人たちは幸いである。
||清||き一票を！
||清||き一票をお願いします。
私の心と思いとを練り||清||めてください。
縁起に塩をまいて||清||める。
雨によって||清||められた屋根は輝いて見えた。","さや,しん,清","brightly; cleanly; clearly; purely
Ch'ing dynasty; Manchu dynasty; Qing dynasty (of China; 1644-1912)",Guess the term having 1 (Grade-4 level) Kanji or its reading(not strictly same reading as one in the example),Text
"excess; left-over; remaining
いくつ||残||ってる？
何が||残||っている？
||残||りはとっておけ。
||残||りは僕がやるよ。
牛乳は||残||ってる？
私だけが||残||った。
私は||残||れます。","ざん,残","",Guess the term having 1 (Grade-4 level) Kanji or its reading(not strictly same reading as one in the example),Text
"3; three
Chinese -Three Stars- constellation (on..
すぐ||参||ります。
トムには||参||るよ。
今すぐに||参||ります。
||参||ったなあ。
||参||りました。
君には||参||るよ。
明朝必ず||参||ります。","さん,み,しん,参","3; three
Chinese -Three Stars- constellation (one of the 28 mansions)",Guess the term having 1 (Grade-4 level) Kanji or its reading(not strictly same reading as one in the example),Text
"folklore monster that can read minds; Satori
彼は||覚||えが早い。
料理を||覚||えた。
春眠暁を||覚||えず。
目を||覚||ませよ！
||覚||えてる？
||覚||えてろよ。
馬鹿の一つ||覚||え。","さとり,覚","",Guess the term having 1 (Grade-4 level) Kanji or its reading(not strictly same reading as one in the example),Text
"exam; examination; experiment; test; testing; tr..
ものは||試||しだよ。
彼は、||試||す。
彼女は||試||した。
物は||試||し。
私たちは、||試||す。
||試||してみようよ。
||試||してみる。","し,試","exam; examination; experiment; test; testing; trial",Guess the term having 1 (Grade-4 level) Kanji or its reading(not strictly same reading as one in the example),Text
"office (government department beneath a bureau u..
市長は市政を||司||る。","し,つかさ,司","office (government department beneath a bureau under the ritsuryo system)
chief; head; office; official; person (usually a woman) who officiates at religious ceremonies (on the Yaeyama Islands in Okinawa)",Guess the term having 1 (Grade-4 level) Kanji or its reading(not strictly same reading as one in the example),Text
"history
court historian
大学ではヨーロッパ||史||を専攻しました。
彼は、アメリカ||史||を勉強します。
彼は、フランス||史||の学者だ。
彼はアメリカ||史||に詳しいよ。
私の専門は中世ヨーロッパ||史||です。","し,ふひと,ふびと,ふみひと,史","",Guess the term having 1 (Grade-4 level) Kanji or its reading(not strictly same reading as one in the example),Text