question,answer,comment,instruction
時,"じ,とき,どき","(1) time, moment, (2) hour",Guess the shogi term
形,"かた,がた,かたち,けい,なり","(good) shape; formation, position",Guess the shogi term
着,"ぎ,ちゃく","(one) move",Guess the shogi term
的,"てき,まと","aim, object",Guess the shogi term
腹,"はら","belly",Guess the shogi term
角,"かく,かど,すみ,つの","Bishop (Horned Chariot)",Guess the shogi term
盤,"さら,ばん","board",Guess the shogi term
椿,"ツバキ,つばき","camellia",Guess the shogi term
機,"き,はた","chance",Guess the shogi term
冠,"かうぶり,かがふり,かぶり,かむり,かん,かんぶり,かんむり,こうぶり","crown, major title",Guess the shogi term
段,"たん,だん","dan (higher grade)
rank (horizontal)",Guess the shogi term
図,"ず","diagram",Guess the shogi term
差,"さ,サシ,さし","difference",Guess the shogi term
方,"え,かた,がた,さま,へ,べ,ほう","direction",Guess the shogi term
生,"いく,うぶ,き,しょう,せい,なま,なまり,ふ","does not promote",Guess the shogi term
竜,"たつ,りゅう,りょう","Dragon (Dragon King), promoted rook",Guess the shogi term
引,"びき","draws back",Guess the shogi term
打,"だ,ダース","drops",Guess the shogi term
端,"たん,つま,はし,はじ,はした,はた,はな","edge",Guess the shogi term
入,"いり,しお","enters the promotionzone",Guess the shogi term
戦,"いくさ,せん","fight; game; match
game, fight; match",Guess the shogi term
筋,"きん,スジ,すじ","file; diagonal
tactics, tactical move, (standard) combination
tesuji, tactic, tactical move or sequence, petite combinasion",Guess the shogi term
左,"さ,ひだり","from the left",Guess the shogi term
右,"みぎ","from the right",Guess the shogi term
局,"きょく,つぼね","game",Guess the shogi term
金,"かな,かね,きん,こがね","Gold (Gold General)",Guess the shogi term
頭,"あたま,かしら,がしら,かぶし,かぶり,こうべ,ず,つむ,つむり,とう,ドタマ,どたま","head of --",Guess the shogi term
穴,"あな,ケツ,けつ,めど","hole",Guess the shogi term
馬,"ウマ,うま","Horse (Dragon Horse), promoted bishop",Guess the shogi term
意,"い","idea, thought, meaning",Guess the shogi term
合,"あい,ごう","interposes any piece (only used in solutions of Tsume Shogi)",Guess the shogi term
桂,"カツラ,かつら,けい","Japanese Judas tree (Cercidiphyllum Jap.)
Knight (Laurel Horse)",Guess the shogi term
玉,"ぎょく,たま","king (Jade General)",Guess the shogi term
王,"おう,おおきみ,おおぎみ","king",Guess the shogi term
級,"きゅう","kyu (lower grade)",Guess the shogi term
香,"か,かおり,きょう,こう,こり","Lance (Fragrant Chariot)",Guess the shogi term
寿,"ことぶき,じゅ","Long Life (Z.K. 100, a 611 move tsume, made by Kanju when he was 13 years old; not surpassed until 1955)",Guess the shogi term
損,"そん","loss",Guess the shogi term
気,"き,ぎ,け,げ","mind, mood, spirit",Guess the shogi term
分,"ぶ,ふん,ぶん","minute(s)",Guess the shogi term
手,"て","move; tempo",Guess the shogi term
直,"あたい,あたいえ,あたえ,じか,じき,ただ,ちょく,なお,ね,ひた","moves straight (vertical)",Guess the shogi term
上,"うえ,うわ,かみ,じょう","moves up",Guess the shogi term
桑,"くわ","mulberry",Guess the shogi term
敵,"かたき,てき","opponent",Guess the shogi term
桐,"キリ,きり","paulownia",Guess the shogi term
歩,"あゆみ,かち,ふ,ぶ,ほ","Pawn (Foot soldier)",Guess the shogi term
駒,"こま","piece(s)",Guess the shogi term
味,"あじ,み","potential (for attack) (lit. flavour, taste)",Guess the shogi term
問,"とい,もん","problem",Guess the shogi term
得,"う,とく","profit, gain (of material)",Guess the shogi term
飛,"ひ","Rook (Flying Chariot)",Guess the shogi term
秒,"びょう","second(s)",Guess the shogi term
順,"じゅん,ずん","sequence (of moves)",Guess the shogi term
銀,"ぎん,しろかね,しろがね","Silver (Silver General)",Guess the shogi term
同,"どう","takes (and moves to the square just mentioned)",Guess the shogi term
技,"ぎ,わざ","technique; art; skill",Guess the shogi term
位,"い,くらい","vanguard pawn (position)",Guess the shogi term
材,"ざい","-wood",Guess the shogi term
一着,"いっちゃく","(one) move",Guess the shogi term
順序,"じゅんじょ","(right) order of moves",Guess the shogi term
書体,"しょたい","(style of) script",Guess the shogi term
逆転,"ぎゃくてん","(sudden) reversal, turnover (of an advantageous position in a disadvantageous position by a mistake in the late middle-game or end-game)",Guess the shogi term
取る,"とる","(threaten to) take (also: take up a position)",Guess the shogi term
甘い,"あまい,うまい","(too) lenient, lax, slack",Guess the shogi term
一打,"いちだ","a blow, a drop",Guess the shogi term
一手,"いって,ひとて","a move; the only move; one tempo",Guess the shogi term
一発,"いっぱつ","a shot, a charge",Guess the shogi term
一助,"いちじょ","a support",Guess the shogi term
捌く,"さばく","achieve sabaki, develop, dispose of, disentangle",Guess the shogi term
実戦,"じっせん","actual game",Guess the shogi term
感心,"かんしん","admiration, wonder",Guess the shogi term
進行,"しんこう","advance",Guess the shogi term
進む,"すさむ,すすむ","advance, develop",Guess the shogi term
進出,"しんしゅつ","advance, expansion",Guess the shogi term
利点,"りてん","advantage",Guess the shogi term
有利,"ゆうり","advantage, profit",Guess the shogi term
狙う,"ねらう","aim at",Guess the shogi term
目的,"もくてき","aim, object",Guess the shogi term
八方,"はっぽう","all directions",Guess the shogi term
迎撃,"げいげき","ambush",Guess the shogi term
応手,"おうしゅ","answer",Guess the shogi term
解答,"かいとう","answer, solution",Guess the shogi term
控室,"ひかえしつ","anteroom",Guess the shogi term
脇息,"きょうそく","armrest",Guess the shogi term
運び,"はこび","arrangements, paving the way, progress",Guess the shogi term
芸当,"げいとう","art; feat",Guess the shogi term
技術,"ぎじゅつ","art; technique; skill",Guess the shogi term
攻め,"せめ","attack (n)",Guess the shogi term
攻防,"こうぼう","attack and defence",Guess the shogi term
襲う,"おそう","attack",Guess the shogi term
撃つ,"うつ,ぶつ","attack, destroy",Guess the shogi term
突く,"つく,つつく","attack, thrust (also: push a pawn)
push (pawn) (also: thrust, attack)",Guess the shogi term
下段,"かだん,げだん","back rank",Guess the shogi term
背中,"せなか","back",Guess the shogi term
悪手,"あくしゅ","bad move",Guess the shogi term
悪形,"あくがた,あくけい","bad shape",Guess the shogi term
悪い,"にくい,わるい","bad",Guess the shogi term
均衡,"きんこう","balance",Guess the shogi term
拠点,"きょてん","basis (for attack)",Guess the shogi term
基地,"きち","basis",Guess the shogi term
足場,"あしば","basis, foothold",Guess the shogi term
優る,"まさる","be better",Guess the shogi term
驚く,"おどろく","be surprised, frightened",Guess the shogi term
緩む,"ゆるむ","be weak",Guess the shogi term
劣る,"おとる","be worse",Guess the shogi term
実る,"みのる","bear fruit, be successful",Guess the shogi term
穴熊,"あなくま,アナグマ,あなぐま","Bear-in-the-Hole",Guess the shogi term
妙技,"みょうぎ","beautiful technique",Guess the shogi term
優勢,"ゆうせい","better position
better position, better prospects, advantage",Guess the shogi term
大差,"たいさ","big difference",Guess the shogi term
角行,"かくぎょう,かくこう,かっこう","Bishop (Horned Chariot)",Guess the shogi term
先手,"さきて,せんて","Black; sente, the initiative",Guess the shogi term
盲点,"もうてん","blind spot",Guess the shogi term
盤面,"ばんめん","board (surface)",Guess the shogi term
譜面,"ふめん","board (surface)",Guess the shogi term
強気,"ごうき,ごうぎ,つよき","braveness, strong spirit",Guess the shogi term
破る,"やぶる","break, destroy; defeat",Guess the shogi term
必死,"ひっし","brinkmate, hisshi",Guess the shogi term
腕力,"わんりょく","brute force. muscle",Guess the shogi term
築く,"きずく","build",Guess the shogi term
組む,"くむ","build, arrange",Guess the shogi term
災い,"わざわい","calamity, disaster",Guess the shogi term
書家,"しょか","calligrapher",Guess the shogi term
挑戦,"ちょうせん","candidate match",Guess the shogi term
構う,"かまう","care about, pay attention to",Guess the shogi term
敗因,"はいいん","cause of defeat",Guess the shogi term
勝因,"しょういん","cause of victory",Guess the shogi term
中段,"ちゅうだん","centre rank(s)",Guess the shogi term
中央,"ちゅうおう","centre",Guess the shogi term
挑む,"いどむ","challenge",Guess the shogi term
優勝,"ゆうしょう","championship",Guess the shogi term
機会,"きかい","chance",Guess the shogi term
混乱,"こんらん","chaos, confusion",Guess the shogi term
追う,"おう","chase, follow, pursue
chase, pursue
pursue, chase (away, off)",Guess the shogi term
王手,"おうて","check",Guess the shogi term
詰物,"つめもの","checkmate problem",Guess the shogi term
作物,"さくぶつ,さくもつ","checkmate problem",Guess the shogi term
図式,"ずしき","checkmate problem",Guess the shogi term
激突,"げきとつ","clash, collision",Guess the shogi term
衝突,"しょうとつ","clash, collision",Guess the shogi term
時計,"とけい","clock",Guess the shogi term
糸口,"いとぐち","clue",Guess the shogi term
崩壊,"ほうかい","collapse",Guess the shogi term
来る,"きたる,くる","come",Guess the shogi term
犯す,"おかす","commit (a mistake)",Guess the shogi term
代償,"だいしょう","compensation",Guess the shogi term
完勝,"かんしょう","complete victory",Guess the shogi term
結論,"けつろん","conclusion",Guess the shogi term
向う,"むかう","confront, oppose",Guess the shogi term
紛れ,"まぎれ,マグレ,まぐれ","confusing move",Guess the shogi term
争う,"あらがう,あらそう","contend, contest, compete",Guess the shogi term
協力,"きょうりょく","cooperation",Guess the shogi term
正解,"せいかい","correct solution",Guess the shogi term
逆襲,"ぎゃくしゅう","counter attack",Guess the shogi term
反撃,"はんげき","counter attack",Guess the shogi term
対策,"たいさく","counter-plan",Guess the shogi term
危機,"きき","crisis, emergency",Guess the shogi term
岐路,"えだみち,きろ","crossroads",Guess the shogi term
潰す,"つぶす","crush",Guess the shogi term
板目,"いため","curved grain",Guess the shogi term
断つ,"たつ","cut off; refuse, decline",Guess the shogi term
断る,"ことわる","cut off; refuse, decline",Guess the shogi term
害う,"そこなう","damage (v)",Guess the shogi term
危険,"きけん","danger",Guess the shogi term
決戦,"けっせん","decisive fight",Guess the shogi term
察知,"さっち","deduction",Guess the shogi term
敗る,"やぶる","defeat (vt)",Guess the shogi term
受け,"ウケ,うけ","defence",Guess the shogi term
守備,"しゅび","defence, protection",Guess the shogi term
防御,"ぼうぎょ","defence, protection",Guess the shogi term
防衛,"ぼうえい","defence, protection
defending the title",Guess the shogi term
防ぐ,"ふせぐ","defend against, prevent, keep off",Guess the shogi term
拒ぐ,"ふせぐ","defend against, prevent, keep off",Guess the shogi term
守る,"まもる","defend, protect",Guess the shogi term
迷い,"まよい","delusion",Guess the shogi term
崩す,"くずす","demolish",Guess the shogi term
進展,"しんてん","development",Guess the shogi term
死ぬ,"しぬ,ﾀﾋぬ","die
die (be captured)",Guess the shogi term
違う,"たがう,ちがう","differ from; be wrong",Guess the shogi term
難局,"なんきょく","difficult, tough position (or: game)",Guess the shogi term
窮地,"きゅうち","dilemma, predicament",Guess the shogi term
方面,"ほうめん","direction",Guess the shogi term
方向,"ほうこう","direction, course",Guess the shogi term
不利,"ふり","disadvantage",Guess the shogi term
嫌う,"きらう","dislike",Guess the shogi term
不満,"ふまん","dissatisfaction",Guess the shogi term
不成,"ふなり","does not promote",Guess the shogi term
疑う,"うたがう","doubt",Guess the shogi term
竜王,"りゅうおう","Dragon (Dragon King), promoted rook",Guess the shogi term
打つ,"うつ,ぶつ","drop",Guess the shogi term
早い,"はやい","early, quick",Guess the shogi term
速い,"はやい","early, quick",Guess the shogi term
楽勝,"らくしょう","easy, quick victory",Guess the shogi term
快勝,"かいしょう","easy, quick victory",Guess the shogi term
空間,"あきま,くうかん","empty square(s), space",Guess the shogi term
囲う,"かこう","enclose, castle",Guess the shogi term
終る,"おわる","end",Guess the shogi term
済む,"すむ","end; do without, avoid",Guess the shogi term
終盤,"しゅうばん","end-game",Guess the shogi term
凌ぐ,"しのぐ","endure, weather (the attack), tide over
endure, weather, tide over",Guess the shogi term
敵陣,"てきじん","enemy camp, formation
opponent`s camp",Guess the shogi term
入玉,"にゅうぎょく","entering king",Guess the shogi term
互角,"ごかく","equal, balanced",Guess the shogi term
誤る,"あやまる","err, mistake",Guess the shogi term
退路,"たいろ","escape (retreat) route",Guess the shogi term
予想,"よそう","expectation",Guess the shogi term
名手,"めいしゅ","expert (also: famous move)",Guess the shogi term
解説,"かいせつ","explanation",Guess the shogi term
破綻,"はたん","failure",Guess the shogi term
恐怖,"きょうふ,くふ","fear",Guess the shogi term
怖い,"こわい","fearful, frightening
frightening, fearful",Guess the shogi term
弱気,"よわき","fearfulness, weak spirit",Guess the shogi term
気持,"きもち","feeling, mood",Guess the shogi term
感覚,"かんかく","feeling, sensation",Guess the shogi term
地点,"ちてん","field, square
point, square",Guess the shogi term
戦い,"たたかい","fight (n)",Guess the shogi term
闘い,"たたかい","fight (n)",Guess the shogi term
戦う,"たたかう","fight (v)",Guess the shogi term
戦意,"せんい","fighting spirit",Guess the shogi term
初手,"しょて","first move",Guess the shogi term
平目,"ヒラメ,ひらめ","Flatfish",Guess the shogi term
浮く,"うく","float, stand loose",Guess the shogi term
流れ,"ながれ","flow",Guess the shogi term
飛ぶ,"とぶ","fly, rush (rook)",Guess the shogi term
焦点,"しょうてん","focal point (the point on which most pieces work)",Guess the shogi term
継ぐ,"つぐ","follow",Guess the shogi term
陣容,"じんよう","formation, position",Guess the shogi term
布陣,"ふじん","formation, position",Guess the shogi term
終始,"しゅうし","from start to end; beginning and end",Guess the shogi term
戦線,"せんせん","front, battle line",Guess the shogi term
手得,"てどく","gain of tempo",Guess the shogi term
棋譜,"きふ","game record",Guess the shogi term
対局,"たいきょく","game",Guess the shogi term
対戦,"たいせん","game, fight; match",Guess the shogi term
源平,"げんぺい","genpei (genji and heike; (name black; promotion name red)",Guess the shogi term
食う,"くう","get blows, have to swallow",Guess the shogi term
得る,"うる,える","get, gain",Guess the shogi term
寄せ,"よせ","getting access to the king, bringing the king near mate, (late) endgame",Guess the shogi term
銀杏,"イチョウ,いちょう,ギンナン,ぎんなん","gingko, maidenhair tree (Gingka bilboa)",Guess the shogi term
行く,"いく,ゆく","go",Guess the shogi term
金将,"きんしょう","Gold (Gold General)",Guess the shogi term
頭金,"あたまきん","gold at the head (of the king, checkmating)",Guess the shogi term
好手,"こうしゅ","good move",Guess the shogi term
良い,"えい,よい","good",Guess the shogi term
錯覚,"さっかく","hallucination",Guess the shogi term
渡す,"わたす","hand over (pieces or the initiative)",Guess the shogi term
上手,"うわて,かみて,じょうしゅ,じょうず,じょうて","handicap giver",Guess the shogi term
下手,"したて,したで,しもて,ヘタ,へた","handicap taker",Guess the shogi term
激闘,"げきとう","hard fight",Guess the shogi term
苦戦,"くせん","hard, difficult game",Guess the shogi term
困る,"こまる","have problems, be in trouble",Guess the shogi term
煩う,"わずらう","have trouble",Guess the shogi term
重い,"おもい","heavy (clumsy)",Guess the shogi term
重圧,"じゅうあつ","heavy pressure",Guess the shogi term
間隙,"かんげき","hole",Guess the shogi term
願う,"ねがう","hope, wish",Guess the shogi term
望む,"のぞむ","hope, wish",Guess the shogi term
竜馬,"りゅうめ","Horse (Dragon Horse), promoted bishop",Guess the shogi term
戦端,"せんたん","hostilities",Guess the shogi term
急ぐ,"いそぐ","hurry, make haste",Guess the shogi term
着想,"ちゃくそう","idea",Guess the shogi term
理想,"りそう","ideal",Guess the shogi term
遊ぶ,"あすぶ,あそぶ,すさぶ","idle, be out of play",Guess the shogi term
禁手,"きんじて","illegal move",Guess the shogi term
想像,"そうぞう","imagination",Guess the shogi term
錦旗,"きんき","imperial standard",Guess the shogi term
要所,"ようしょ","important,strategical point",Guess the shogi term
感想,"かんそう","impression",Guess the shogi term
感動,"かんどう","impression, emotion",Guess the shogi term
劣勢,"れっせい","inferior position
worse position",Guess the shogi term
影響,"えいきょう","influence (n)",Guess the shogi term
響き,"どよめき,ひびき","influence (n)",Guess the shogi term
響く,"どよめく,ひびく","influence (v)",Guess the shogi term
巧手,"こうしゅ","ingenious move",Guess the shogi term
損う,"そこなう","injure, spoil, miss (an opportunity)",Guess the shogi term
合駒,"あいごま","interposed piece",Guess the shogi term
遮る,"さいぎる,さえぎる","interrupt, block",Guess the shogi term
攻略,"こうりゃく","invasion, capture",Guess the shogi term
探る,"さぐる","investigate",Guess the shogi term
誘う,"いざなう,さそう","invite, induce",Guess the shogi term
変型,"へんけい","irregular formation",Guess the shogi term
跳ぶ,"とぶ","jump (knight)",Guess the shogi term
保つ,"たもつ,もつ","keep",Guess the shogi term
斬る,"きる","kill",Guess the shogi term
殺す,"ころす","kill",Guess the shogi term
玉将,"ぎょくしょう","king (Jade General)",Guess the shogi term
王将,"おうしょう","king",Guess the shogi term
桂馬,"ケイマ,けいま","Knight (Laurel Horse)",Guess the shogi term
香車,"きょうしゃ","Lance (Fragrant Chariot)",Guess the shogi term
放る,"はなる,ひる,ほうる,ほる,まる","leave (as it is)",Guess the shogi term
左翼,"サヨク,さよく","left flank",Guess the shogi term
通す,"とおす","let pass, pass through; open",Guess the shogi term
軽い,"かるい,かろい","light",Guess the shogi term
好む,"このむ","like",Guess the shogi term
並ぶ,"ならぶ","line up (the pieces at the beginning of a game)",Guess the shogi term
支部,"しぶ","local branch, local club",Guess the shogi term
長考,"ちょうこう","long deliberation (thinking long about a move, usually longer than about 30 minutes)",Guess the shogi term
迷う,"まよう","lose one's way, be at a loss",Guess the shogi term
失う,"うしなう","lose",Guess the shogi term
敗者,"はいしゃ","loser",Guess the shogi term
敗着,"はいちゃく","losing move",Guess the shogi term
手損,"てぞん","loss of tempo",Guess the shogi term
負け,"まけ","loss, defeat",Guess the shogi term
敗勢,"はいせい","lost position",Guess the shogi term
下部,"かぶ,しもべ","lower part",Guess the shogi term
大駒,"おおごま","major pieces (rook and bishop)",Guess the shogi term
作者,"さくしゃ","maker, author",Guess the shogi term
調子,"ちょうし","manner, way, style, condition (also: condition of a player)",Guess the shogi term
詰む,"つむ","mate (v.)
mate(v), be checkmated",Guess the shogi term
詰み,"つみ","mate(n)",Guess the shogi term
意味,"いみ","meaning",Guess the shogi term
手段,"しゅだん","means, measures, way",Guess the shogi term
心境,"しんきょう","mental attitude",Guess the shogi term
方法,"ほうほう","method, way",Guess the shogi term
仕方,"しかた","method, way",Guess the shogi term
中盤,"ちゅうばん","middlegame",Guess the shogi term
小駒,"こごま","minor pieces (all pieces except king, rook and bishop)",Guess the shogi term
不発,"ふはつ","misfire",Guess the shogi term
逃す,"のがす","miss; let escape",Guess the shogi term
逸機,"いっき","missed chance, missed opportunity",Guess the shogi term
失敗,"しっぱい","mistake",Guess the shogi term
動機,"どうき","motive",Guess the shogi term
寄る,"よる","move sideways; approach the king, bring the king near mate",Guess the shogi term
動き,"うごき","move(ment); action",Guess the shogi term
動く,"うごく","move; come into action",Guess the shogi term
辛勝,"しんしょう","narrow victory",Guess the shogi term
必然,"ひつぜん","necessity",Guess the shogi term
必要,"ひつよう","necessity",Guess the shogi term
要る,"いる","need, be necessary",Guess the shogi term
怠る,"おこたる","neglect, be off guard",Guess the shogi term
周辺,"しゅうへん","neighbourhood",Guess the shogi term
辺り,"あたり,ほとり,わたり","neighbourhood",Guess the shogi term
新手,"あらて,しんて","new move",Guess the shogi term
手数,"てかず,てすう","number of moves",Guess the shogi term
支障,"ししょう","obstacle",Guess the shogi term
省く,"はぶく","omit",Guess the shogi term
我流,"がりゅう","one's own way (depreciatory)",Guess the shogi term
戦法,"せんぽう","opening (strategy)",Guess the shogi term
序盤,"じょばん","opening",Guess the shogi term
意見,"いけん","opinion",Guess the shogi term
相手,"あいて","opponent",Guess the shogi term
勝機,"しょうき","opportunity to win",Guess the shogi term
余裕,"よゆう","opportunity, scope, room",Guess the shogi term
自陣,"じじん","own camp
own camp, formation",Guess the shogi term
痛打,"つうだ","painful blow, drop",Guess the shogi term
痛い,"いたい","painful",Guess the shogi term
辛い,"からい,ずらい,ツライ,ツラい,つらい,づらい","painful, hard, bitter",Guess the shogi term
我慢,"ガマン,がまん","patience, endurance",Guess the shogi term
模様,"もよう","pattern, structure, situation",Guess the shogi term
歩兵,"かちいくさ,ふひょう,ほへい","Pawn (Foot soldier)",Guess the shogi term
許す,"ゆるす","permit, allow",Guess the shogi term
手駒,"てごま","pieces in hand",Guess the shogi term
持駒,"もちごま","pieces in hand",Guess the shogi term
戦場,"いくさば,せんじょう","place of the fight, front",Guess the shogi term
場所,"ばしょ","place",Guess the shogi term
企図,"きと","plan",Guess the shogi term
意図,"いと","plan",Guess the shogi term
予定,"よてい","plan, expectation",Guess the shogi term
指す,"さす","play; move",Guess the shogi term
王様,"おうさま","position of the king, the king's formation",Guess the shogi term
形成,"けいせい","position",Guess the shogi term
局面,"きょくめん","position",Guess the shogi term
位地,"いち","position",Guess the shogi term
位置,"いち","position",Guess the shogi term
勢力,"せいりょく","power, influence, force",Guess the shogi term
威力,"いりょく","power, might, influence",Guess the shogi term
圧力,"あつりょく","pressure",Guess the shogi term
阻む,"はばむ","prevent, keep off",Guess the shogi term
問題,"もんだい","problem",Guess the shogi term
道程,"どうてい,みちのり","process, path",Guess the shogi term
得策,"とくさく","profitable, wise plan",Guess the shogi term
成る,"なる","promote",Guess the shogi term
成り,"なり","promotion; promoted-",Guess the shogi term
抜く,"ぬく","pull out; move elsewhere (also: take, capture)
take",Guess the shogi term
弟子,"ていし,でし","pupil",Guess the shogi term
門人,"もんじん","pupil",Guess the shogi term
丸損,"まるぞん","pure loss",Guess the shogi term
追撃,"ついげき","pursuit, attack",Guess the shogi term
速攻,"そっこう","quick, speedy attack",Guess the shogi term
振る,"ふる,ぶる","range (to and fro, on the same rank) (rook)",Guess the shogi term
反応,"はんおう,はんのう","reaction",Guess the shogi term
読む,"よむ","read; analysis, see ahead",Guess the shogi term
理由,"りゆう,わけ","reason",Guess the shogi term
残る,"のこる","remain, be spared",Guess the shogi term
居る,"いる,おる","remain, stay",Guess the shogi term
似る,"にる","resemble",Guess the shogi term
結果,"けっか","result, effect",Guess the shogi term
退く,"しぞく,しりぞく,どく,のく,ひく","retreat",Guess the shogi term
引く,"ひく","retreat, pull back",Guess the shogi term
右翼,"ウヨク,うよく","right flank",Guess the shogi term
飛車,"ひしゃ","Rook (Flying Chariot)",Guess the shogi term
走る,"はしる","rush (forwards) (rook, lance)",Guess the shogi term
捌き,"さばき","sabaki, development, disposing of pieces (by exchanging them getting them in hand)",Guess the shogi term
犠打,"ぎだ","sacrifice drop",Guess the shogi term
切る,"きる","sacrifice, exchange, get (own piece) out of the way (usually: sacrifice the exchange, i.e. exchange a major piece for a minor piece)",Guess the shogi term
秘策,"ひさく","secret plan",Guess the shogi term
手順,"てじゅん","sequence (of moves)
sequence of moves",Guess the shogi term
立つ,"たつ","set up, place",Guess the shogi term
渋い,"しぶい","shibui (quiet, sober, plain and yet elegant)",Guess the shogi term
象戯,"しょうぎ","Shogi (old way of writing this word)",Guess the shogi term
棋士,"きし","Shogi player (pro)",Guess the shogi term
棋力,"きりょく","Shogi strength",Guess the shogi term
棋風,"きふう","Shogi style",Guess the shogi term
将棋,"しょうぎ","Shogi; game; style",Guess the shogi term
銀将,"ぎんしょう","Silver (Silver General)",Guess the shogi term
様子,"ようす","situation, circumstance",Guess the shogi term
微差,"びさ","slight difference",Guess the shogi term
遅い,"おそい","slow, late",Guess the shogi term
雁木,"がんぎ","Snowroof",Guess the shogi term
堅い,"かたい","solid, strong",Guess the shogi term
特技,"とくぎ","special ability (of a piece)",Guess the shogi term
速度,"そくど","speed",Guess the shogi term
妙手,"みょうしゅ","splendid, brilliant move",Guess the shogi term
絞る,"しぼる","squeeze",Guess the shogi term
駒台,"こまだい","stand",Guess the shogi term
定跡,"じょうせき","standard (opening) sequence of moves",Guess the shogi term
粘る,"ねばる","stick to, persist, keep putting up some resistance",Guess the shogi term
盗作,"とうさく","stolen problem, plagiarism",Guess the shogi term
奇手,"きしゅ","strange (dubious) move; surprise move",Guess the shogi term
戦術,"せんじゅつ","strategy (art)",Guess the shogi term
戦略,"せんりゃく","strategy (plan)",Guess the shogi term
作戦,"さくせん","strategy",Guess the shogi term
策戦,"さくせん","strategy",Guess the shogi term
強い,"こわい,つよい","strong",Guess the shogi term
成否,"せいひ","success and/or failure",Guess the shogi term
功績,"こうせき","success, merit, achievement",Guess the shogi term
連続,"れんぞく","succession, series",Guess the shogi term
連打,"れんだ","successive drops",Guess the shogi term
悩む,"なやむ","suffer, be annoyed",Guess the shogi term
自滅,"じめつ","suicide",Guess the shogi term
優劣,"ゆうれつ","superiority and inferiority, better and/or worse",Guess the shogi term
必勝,"ひっしょう","sure win",Guess the shogi term
意表,"いひょう","surprise (n)",Guess the shogi term
奇襲,"きしゅう","surprise attack",Guess the shogi term
包む,"くるむ,つつむ","surround
surround, encircle",Guess the shogi term
手筋,"てすじ","tactics, tactical move, (standard) combination
tesuji, tactic, tactical move or sequence, petite combinasion",Guess the shogi term
奪う,"うばう","take away",Guess the shogi term
奪取,"だっしゅ","taking the title, winning the title",Guess the shogi term
目標,"めじるし,もくひょう","target",Guess the shogi term
剥す,"はがす,へがす","tear off",Guess the shogi term
初心,"うぶ,しょしん","the beginner's heart, the original attitude or intentions",Guess the shogi term
正着,"せいちゃく","the correct move",Guess the shogi term
守勢,"しゅせい","the defensive (position)",Guess the shogi term
着手,"ちゃくしゅ","the first checking move",Guess the shogi term
作意,"さくい","the intended mating sequence",Guess the shogi term
本局,"ほんきょく","the main line, the game",Guess the shogi term
本譜,"ほんぷ","the main line, the game
this game, the game",Guess the shogi term
攻勢,"こうせい","the offensive, attacking formation",Guess the shogi term
本筋,"ほんすじ","the proper move",Guess the shogi term
本手,"ほんて","the proper move",Guess the shogi term
棋界,"きかい","the Shogi world",Guess the shogi term
大海,"おおうみ,たいかい","the wide sea, the open board",Guess the shogi term
理論,"りろん","theory",Guess the shogi term
太い,"ふとい","thick, massive",Guess the shogi term
厚い,"あつい","thick, solid",Guess the shogi term
厚み,"あつみ","thickness (solid shape)",Guess the shogi term
厚味,"あつみ","thickness (solid shape)",Guess the shogi term
薄い,"うすい","thin, not solid (also: scarce, short of)",Guess the shogi term
思う,"おもう","think, have the opinion that",Guess the shogi term
思想,"しそう","thought",Guess the shogi term
威嚇,"いかく","threat",Guess the shogi term
威迫,"いはく","threat",Guess the shogi term
威し,"おどし","threat, bluff",Guess the shogi term
脅し,"おどし","threat, bluff",Guess the shogi term
脅す,"おどす","threaten",Guess the shogi term
威す,"おどす","threaten",Guess the shogi term
時間,"じかん","time; an hour",Guess the shogi term
と金,"ときん","tokin, promoted pawn",Guess the shogi term
大勢,"おおぜい,たいせい,たいぜい","total position",Guess the shogi term
大局,"たいきょく","total position",Guess the shogi term
大会,"たいかい","tournament (amateur)",Guess the shogi term
術中,"じゅっちゅう","trap (n)",Guess the shogi term
迷惑,"めいわく","trouble",Guess the shogi term
面倒,"めんどう","trouble",Guess the shogi term
苦心,"くしん","trouble, toils, pains",Guess the shogi term
困難,"こんなん","trouble
troubles",Guess the shogi term
詰め,"つめ,づめ","tsume, mating problem",Guess the shogi term
手番,"てつがい,てばん","turn to play",Guess the shogi term
嫌味,"いやみ","unpleasant, nasty aji",Guess the shogi term
上部,"じょうぶ","upper part",Guess the shogi term
急務,"きゅうむ","urgent task, first priority",Guess the shogi term
変化,"へんか,へんげ","variation",Guess the shogi term
変調,"へんちょう","variation; irregularity",Guess the shogi term
変更,"へんこう","variation
variation (alternative first move; should not result in mate)",Guess the shogi term
勝負,"しょうぶ","victory or defeat, a game",Guess the shogi term
勝敗,"しょうはい","victory or defeat, the issue (of the game)",Guess the shogi term
勝利,"しょうり","victory",Guess the shogi term
勝ち,"かち,がち","victory",Guess the shogi term
乱暴,"らんぼう","violence",Guess the shogi term
急所,"きゅうしょ,きゅうじょ","vital point",Guess the shogi term
待つ,"まつ","wait",Guess the shogi term
弱点,"じゃくてん","weak point",Guess the shogi term
弱い,"よわい","weak",Guess the shogi term
緩い,"ぬるい,ゆるい","weak, slack",Guess the shogi term
弱る,"よわる","weaken",Guess the shogi term
手薄,"てうす","weakness",Guess the shogi term
欠点,"けってん","weakness",Guess the shogi term
欠陥,"けっかん","weakness, insufficiency",Guess the shogi term
後手,"ごて","White; gote, giving the initiative to the opponent",Guess the shogi term
荒技,"あらわざ","wild, fierce technique",Guess the shogi term
猛攻,"もうこう","wild, furious attack",Guess the shogi term
乱戦,"らんせん","wild, rough game",Guess the shogi term
意志,"いし","will",Guess the shogi term
意地,"いじ","will-power, perseverance",Guess the shogi term
勝つ,"かつ","win",Guess the shogi term
風車,"カザグルマ,かざぐるま,ふうしゃ","Windmill",Guess the shogi term
勝着,"しょうちゃく","winning move",Guess the shogi term
勝率,"しょうりつ","winning percentage",Guess the shogi term
連勝,"れんしょう","winning streak",Guess the shogi term
払う,"はらう","wipe off",Guess the shogi term
勝勢,"しょうせい","won position",Guess the shogi term
働く,"はたらく","work, be active, be activated",Guess the shogi term
作品,"さくひん","work, product, creation",Guess the shogi term
創作,"そうさく","work, product, creation",Guess the shogi term
若手,"わかて","young player",Guess the shogi term
地帯,"ちたい","zone, region",Guess the shogi term
名人戦,"めいじんせん","(1937)",Guess the shogi term
強いる,"しいる","(en)force, press for",Guess the shogi term
一段落,"いちだんらく,ひとだんらく","a pause",Guess the shogi term
見切る,"みきる","abandon",Guess the shogi term
空中戦,"くうちゅうせん","Aereal Fight",Guess the shogi term
目指す,"めざす","aim at",Guess the shogi term
手応え,"てごたえ","answer, resistance",Guess the shogi term
圧する,"あっする","apply pressure, oppress, overwhelm",Guess the shogi term
寄せる,"よせる","approach the king",Guess the shogi term
近づく,"ちかづく","approach, come closer",Guess the shogi term
攻める,"せめる","attack",Guess the shogi term
達する,"たっする","attain, realize; be experienced",Guess the shogi term
避ける,"さける,よける","avoid, evade
prevent, avoid, dodge",Guess the shogi term
殊勲賞,"しゅくんしょう","Award for Best Performance",Guess the shogi term
敢闘賞,"かんとうしょう","Award for Fighting Spirit",Guess the shogi term
技能賞,"ぎのうしょう","Award for Technique",Guess the shogi term
基本形,"きほんがた,きほんけい","basic position",Guess the shogi term
遅れる,"おくれる","be (too) late, be slow",Guess the shogi term
受かる,"うかる","be able to defend",Guess the shogi term
分かる,"わかる","be clear; understand",Guess the shogi term
窮する,"きゅうする","be cornered; suffer",Guess the shogi term
欲張る,"よくばる","be covetous, be greedy",Guess the shogi term
乱れる,"みだれる","be disorganized, be torn apart",Guess the shogi term
浴びる,"あびる","be flooded with",Guess the shogi term
慌てる,"あわてる","be nervous, panic, hurry",Guess the shogi term
威張る,"いばる,えばる","be proud, swagger",Guess the shogi term
収まる,"おさまる","be satisfied",Guess the shogi term
治まる,"おさまる","become settled, fixed",Guess the shogi term
薄れる,"うすれる","become thin, become weaker",Guess the shogi term
始める,"はじめる","begin",Guess the shogi term
初心者,"しょしんしゃ","beginner",Guess the shogi term
初級者,"しょきゅうしゃ","beginning kyu player",Guess the shogi term
大きい,"おおきい","big",Guess the shogi term
封じる,"ふうじる,ほうじる","block, seal off",Guess the shogi term
止める,"とどめる,とめる,やめる","block, shut off, stop
stop, block",Guess the shogi term
舟囲い,"ふながこい","Boat Castle",Guess the shogi term
下ろす,"おろす","bring, pull down",Guess the shogi term
構える,"かまえる","build up",Guess the shogi term
挑戦者,"ちょうせんしゃ","challenger",Guess the shogi term
明るい,"あかるい","clear",Guess the shogi term
観戦記,"かんせんき","commentary of other's game",Guess the shogi term
比する,"ひする","compare",Guess the shogi term
制する,"せいする","control, keep under control",Guess the shogi term
正しい,"ただしい","correct, right",Guess the shogi term
対応策,"たいおうさく","counter-measures",Guess the shogi term
手作り,"てづくり","creating moves",Guess the shogi term
有段者,"ゆうだんしゃ","dan player",Guess the shogi term
綱渡り,"つなわたり","danger, tightrope walking",Guess the shogi term
決する,"けっする","decide, judge, settle",Guess the shogi term
負かす,"まかす","defeat (v)",Guess the shogi term
受ける,"ウケる,うける","defend; parry",Guess the shogi term
鬼殺し,"おにころし,おにごろし","Demon Killer",Guess the shogi term
破壊力,"はかいりょく","destructive power",Guess the shogi term
異なる,"ことなる","differ from; be wrong",Guess the shogi term
難しい,"むずかしい,むつかしい","difficult",Guess the shogi term
見出す,"みいだす,みだす","discover, find out",Guess the shogi term
結果論,"けっかろん","discussion about results; post-mortem",Guess the shogi term
紛れる,"まぎれる","distract, mislead, confuse",Guess the shogi term
頑張る,"がんばる","do one's best, persist, do not resign (against all the odds)",Guess the shogi term
千日手,"せんにちて","draw by repetition of moves",Guess the shogi term
退ける,"しりぞける,どける,のける","drive away",Guess the shogi term
小ビン,"こびん","ears (lit. side locks)",Guess the shogi term
容易い,"たやすい","easy",Guess the shogi term
効き目,"ききめ","effectivity, acting on",Guess the shogi term
心強い,"こころづよい","encouraging",Guess the shogi term
楽しむ,"たのしむ","enjoy",Guess the shogi term
陥れる,"おとしいれる","ensnare, fall into a trap",Guess the shogi term
免れる,"まぬかれる,まぬがれる","escape from, avoid",Guess the shogi term
逃げ道,"にげみち","escape route",Guess the shogi term
脱する,"だっする","escape, break free",Guess the shogi term
逃れる,"のがれる","escape
run away, escape",Guess the shogi term
換わり,"かわり","exchange (n)",Guess the shogi term
代える,"かえる","exchange, substitute
exchange; change; substitute",Guess the shogi term
替える,"かえる","exchange; change; substitute",Guess the shogi term
飛切り,"とびきり","exchanging the rook for a minor piece",Guess the shogi term
恐れる,"おそれる","fear",Guess the shogi term
怖がる,"こわがる","fear",Guess the shogi term
感じる,"かんじる","feel, sense, have the impression that",Guess the shogi term
気合い,"きあい","feeling, temper",Guess the shogi term
済ます,"すます","finish up, settle; make do",Guess the shogi term
利かす,"きかす","force, effectuate",Guess the shogi term
利かし,"きかし","forcing move",Guess the shogi term
陣立て,"じんだて","formation, position",Guess the shogi term
喫する,"きっする","get blows, have to swallow",Guess the shogi term
察する,"さっする","guess, sense",Guess the shogi term
忙しい,"いそがしい,せわしい","hasty",Guess the shogi term
援ける,"たすける","help, support, save",Guess the shogi term
助ける,"たすける","help, support, save",Guess the shogi term
理想型,"りそうがた,りそうけい","ideal shape",Guess the shogi term
持将棋,"じしょうぎ","impasse",Guess the shogi term
不可能,"ふかのう","impossible",Guess the shogi term
主導権,"しゅどうけん","initiative",Guess the shogi term
面白い,"おもしろい","interesting, favorable",Guess the shogi term
調べる,"しらべる","investigate",Guess the shogi term
跳ねる,"はねる","jump (knight)",Guess the shogi term
手遅れ,"ておくれ","lagging a move behind",Guess the shogi term
手放す,"てばなす","let go, drop (also: give away a piece)",Guess the shogi term
負ける,"まける","loss, be defeated",Guess the shogi term
カド番,"カドばん","match point",Guess the shogi term
詰ます,"つます","mate (v)",Guess the shogi term
思い出,"おもいで","memory, remembrance",Guess the shogi term
小刻み,"こきざみ","mincing, choppping into little pieces",Guess the shogi term
うき目,"うきめ","misery, misfortune",Guess the shogi term
逸する,"いっする","miss",Guess the shogi term
見落す,"みおとす","miss, overlook",Guess the shogi term
差し手,"さして","move (n)",Guess the shogi term
指し手,"さして","move (n)",Guess the shogi term
手抜き,"てぬき","move elsewhere",Guess the shogi term
際どい,"きわどい","narrow, close; dangerous, adventurous",Guess the shogi term
要する,"ようする","need, be necessary",Guess the shogi term
見当る,"みあたる","notice, be found",Guess the shogi term
一直線,"いっちょくせん","one straight line",Guess the shogi term
一本道,"いっぽんみち","one straight way",Guess the shogi term
攻め口,"せめくち,せめぐち","opening, clue for the attack",Guess the shogi term
見逃す,"みのがす","overlook, let pass",Guess the shogi term
手落ち,"ておち","oversight",Guess the shogi term
苦しい,"くるしい","painful, hard, strained",Guess the shogi term
出場者,"しゅつじょうしゃ","participant(s)",Guess the shogi term
通じる,"つうじる","pass, be opened",Guess the shogi term
記録係,"きろくがかり","person in charge of the game record",Guess the shogi term
据える,"すえる","place",Guess the shogi term
楽しい,"たのしい","pleasant",Guess the shogi term
感想戦,"かんそうせん","post mortem",Guess the shogi term
備える,"そなえる","prepare against",Guess the shogi term
内弟子,"うちでし","private pupil (living in)",Guess the shogi term
得する,"とくする","profit, gain",Guess the shogi term
咎める,"とがめる","punish (a mistake)",Guess the shogi term
罪する,"つみする","punish",Guess the shogi term
暴れる,"あばれる","rage, rave",Guess the shogi term
振飛車,"ふりびしゃ","Ranging Rook",Guess the shogi term
秒読み,"びょうよみ","reading off the seconds",Guess the shogi term
手拍子,"てびょうし","reflex moves",Guess the shogi term
控える,"ひかえる","refrain from; hold back, wait",Guess the shogi term
悔やむ,"くやむ","regret",Guess the shogi term
反発力,"はんぱつりょく","repulsive force",Guess the shogi term
反する,"はんする","resist, go against",Guess the shogi term
生かす,"いかす","revive (e.g. aji)",Guess the shogi term
活かす,"いかす","revive (e.g. aji)",Guess the shogi term
逃げる,"にげる","run away, escape",Guess the shogi term
捨てる,"すてる","sacrifice",Guess the shogi term
封じ手,"ふうじて","sealed move",Guess the shogi term
求める,"もとめる","seek",Guess the shogi term
尋ねる,"たずねる","seek, ask for",Guess the shogi term
離れる,"はなれる","seperate, get loose",Guess the shogi term
厳しい,"きびしい","severe",Guess the shogi term
激しい,"はげしい","severe, violent",Guess the shogi term
転じる,"てんじる","shift, be transferred, change",Guess the shogi term
持久戦,"じきゅうせん","slow game",Guess the shogi term
小さい,"ちいさい","small",Guess the shogi term
マス目,"マスめ","square",Guess the shogi term
居飛車,"いびしゃ","Static Rook",Guess the shogi term
凝り形,"こりがたち","stiff, inflexible, overconcentrated shape",Guess the shogi term
支える,"ささえる,つかえる,つっかえる","support",Guess the shogi term
仕掛け,"しかけ","the first fight, start of the middle game",Guess the shogi term
四天王,"してんのう","the four Heavenly Kings (the four dots on the Shogi board)",Guess the shogi term
本場物,"ほんばもの","the real thing (kaya from Miyazaki prefecture)",Guess the shogi term
天王山,"てんおうざん,てんのうざん","the Tenno Mountain; vantage point (usually 5e)",Guess the shogi term
考える,"かんがえる","think (about), consider",Guess the shogi term
当たり,"あたり","threat to capture",Guess the shogi term
見せる,"みせる","threaten (to take a piece; to play)",Guess the shogi term
脅かす,"おどかす,おびやかす","threaten, force",Guess the shogi term
落し穴,"おとしあな","trap, pitfall",Guess the shogi term
悩ます,"なやます","trouble, annoy",Guess the shogi term
信じる,"しんじる","trust, believe",Guess the shogi term
詰将棋,"つめしょうぎ","Tsume Shogi, checkmate problems",Guess the shogi term
予想外,"よそうがい","unexpected",Guess the shogi term
無理筋,"むりすじ","unreasonable move",Guess the shogi term
手待ち,"てまち","waiting move",Guess the shogi term
迎える,"むかえる","wellcome",Guess the shogi term
大局観,"たいきょくかん","whole-board perception",Guess the shogi term
優勝者,"ゆうしょうしゃ","winner, champion",Guess the shogi term
弟弟子,"おとうとでし","younger pupil",Guess the shogi term
いい勝負,"いいしょうぶ","a good game, equal chances",Guess the shogi term
見捨てる,"みすてる","abandon, forsake",Guess the shogi term
一利一害,"いちりいちがい","advantages and disadvantages",Guess the shogi term
迎え撃つ,"むかえうつ","ambush, await and attack the approaching enemy",Guess the shogi term
予定通り,"よていどおり","as expected",Guess the shogi term
持ち時間,"もちじかん","available time",Guess the shogi term
兼ね合い,"かねあい","balance",Guess the shogi term
気がつく,"きがつく","be aware of, notice",Guess the shogi term
間に合う,"まにあう","be in time",Guess the shogi term
捕まえる,"つかまえる","capture",Guess the shogi term
追い回す,"おいまわす","chase around",Guess the shogi term
追いやる,"おいやる","chase off",Guess the shogi term
追い出す,"おいだす","chase off",Guess the shogi term
手がかり,"てがかり","clue",Guess the shogi term
抜け出る,"ぬけでる","come out (of)",Guess the shogi term
常套手段,"じょうとうしゅだん","common means, old trick",Guess the shogi term
競り合う,"せりあう","compete, vie for, contend with",Guess the shogi term
押し潰す,"おしつぶす","crush",Guess the shogi term
断ち切る,"たちきる","cut off, block",Guess the shogi term
箱入り娘,"はこいりむすめ","Daddy's Dearest (Well-protected Daughter)",Guess the shogi term
危険地帯,"きけんちたい","danger zone",Guess the shogi term
遅らせる,"おくらせる","defer, delay",Guess the shogi term
打ち破る,"うちやぶる","destroy",Guess the shogi term
分かれる,"わかれる","divide (into)",Guess the shogi term
疑わしい,"うたがわしい","doubtful, dubious",Guess the shogi term
引っ張る,"ひっぱる","draw, pull",Guess the shogi term
打ち込む,"うちこむ,ぶちこむ","drop inside the promotion zone, invade
invade; drop inside the promotionzone",Guess the shogi term
重ね打ち,"かさねうち","drop-on-top (e.g. a lance drop above the lance on the board)",Guess the shogi term
打ち切る,"うちきる","end, close, discontinue",Guess the shogi term
成り込む,"なりこむ","enter and promote",Guess the shogi term
吊り出す,"つりだす","entice out, lure out",Guess the shogi term
抜け出す,"ぬけだす","escape, break free",Guess the shogi term
脱け出す,"ぬけだす","escape, break free",Guess the shogi term
取り合い,"とりあい","exchange, mutual capture",Guess the shogi term
待ち望む,"まちのぞむ","expect, look forward to",Guess the shogi term
食いつく,"くいつく","fasten one's teeth on",Guess the shogi term
陽動作戦,"ようどうさくせん","feint strategy",Guess the shogi term
先制攻撃,"せんせいこうげき","first strike",Guess the shogi term
王手飛車,"おうてびしゃ","fork on king and rook",Guess the shogi term
恐ろしい,"おそろしい","frightening",Guess the shogi term
柔らかい,"やわらかい","gentle, flexible",Guess the shogi term
軟らかい,"やわらかい","gentle, flexible",Guess the shogi term
救い出す,"すくいだす","help, rescue",Guess the shogi term
急がせる,"いそがせる","hurry (somebody), press",Guess the shogi term
仕掛ける,"しかける","initiate a fight, start of the middle game",Guess the shogi term
遠ざける,"とおざける","keep (put) at a distance",Guess the shogi term
近づける,"ちかづける","let (make) approach",Guess the shogi term
誘い出す,"さそいだす","lure away, lure out",Guess the shogi term
間違える,"まちがえる","make a mistake",Guess the shogi term
気にする,"きにする","mind, care, take to heart",Guess the shogi term
見損なう,"みそこなう","miss, misjudge",Guess the shogi term
合わせる,"あわせる","oppose (drop a pawn right in front of opponent's pawn)",Guess the shogi term
時間切れ,"じかんぎれ","out of time, expiration of (available) time",Guess the shogi term
我慢強い,"がまんづよい","patient",Guess the shogi term
挟み撃ち,"はさみうち","pincer attack",Guess the shogi term
事前工作,"じぜんこうさく","preparations",Guess the shogi term
追い討ち,"おいうち","pursuit, attack",Guess the shogi term
突き合う,"つきあう","push (pawns) mutually (on the same file)",Guess the shogi term
突き込む,"つきこむ","push and enter (the promotionzone)",Guess the shogi term
押し戻す,"おしもどす","push back",Guess the shogi term
押し返す,"おしかえす","push back",Guess the shogi term
成り立つ,"なりたつ","realize",Guess the shogi term
組み直す,"くみなおす","rearrange, reposition",Guess the shogi term
思い出す,"おもいだす","remember",Guess the shogi term
押し込む,"おしこむ","restrain, shut up in, push down in",Guess the shogi term
押え込む,"おさえこむ","restrain, suppress",Guess the shogi term
引き戻す,"ひきもどす","return to",Guess the shogi term
起死回生,"きしかいせい","revival",Guess the shogi term
安全地帯,"あんぜんちたい","safety zone",Guess the shogi term
攻め合い,"せめあい","semeai, mutual attack, attacking race",Guess the shogi term
繰り出す,"くりだす","send out (a general)",Guess the shogi term
封じ込む,"ふうじこむ","shut in, seal in",Guess the shogi term
打ち砕く,"うちくだく,ぶちくだく","smash, crush",Guess the shogi term
勢力範囲,"せいりょくはんい","sphere of influence",Guess the shogi term
遠ざかる,"とおざかる","stay at a distance, stay away from",Guess the shogi term
切り返し,"きりかえし","switch back, rebound (n)",Guess the shogi term
筋の良い,"すじのいい,すじのよい","tactically good",Guess the shogi term
取り込む,"とりこむ","take and approach, take and enter",Guess the shogi term
掠め取る,"かすめとる","take away, pocket",Guess the shogi term
取り返す,"とりかえす","take back",Guess the shogi term
討ち取る,"うちとる","take",Guess the shogi term
粘り強い,"ねばりづよい","tenacious, tough, persistent",Guess the shogi term
岡目八目,"おかめはちもく","The bystander sees the best of the game (Lookers-on always see more than the players)",Guess the shogi term
次の一手,"つぎのいって","the next move; next move problem",Guess the shogi term
分かれ目,"わかれめ","turning point",Guess the shogi term
気になる,"きになる","weigh on the mind, get on one`s nerves",Guess the shogi term
手詰まり,"てづまり","Zugzwang, being short of moves",Guess the shogi term
恥ずかしい,"はずかしい","ashamed, shameful",Guess the shogi term
気をつける,"きをつける","be attentive of, take care of",Guess the shogi term
目がくらむ,"めがくらむ","be blinded by",Guess the shogi term
気が抜ける,"きがぬける","be discouraged",Guess the shogi term
盛り上げる,"もりあげる","build up (high)
build up (high) (vt)",Guess the shogi term
組み立てる,"くみたてる","build up, erect",Guess the shogi term
落ち着いた,"おちついた","calm, quiet",Guess the shogi term
追いかける,"おいかける","chase, pursue",Guess the shogi term
連絡がつく,"れんらくがつく","connect",Guess the shogi term
思い切った,"おもいきった","determined, bold, drastic",Guess the shogi term
掘り下げる,"ほりさげる","dig out",Guess the shogi term
釣り上げる,"つりあげる","draw up, hook up",Guess the shogi term
打ち据える,"うちすえる","drop",Guess the shogi term
止めを刺す,"とどめをさす","give the coup de grace, finish off",Guess the shogi term
調子がいい,"ちょうしがいい","in good style; with good prospects; in good condition",Guess the shogi term
据えつける,"すえつける","place, set up",Guess the shogi term
将棋を指す,"しょうぎをさす","play Shogi",Guess the shogi term
襲い掛かる,"おそいかかる","rush on, swoop down on",Guess the shogi term
様子を見る,"ようすをみる","sound out the situation, see how the opponent will react",Guess the shogi term
素晴らしい,"すばらしい,すんばらしい","splendid",Guess the shogi term
戦端を開く,"せんたんをひらく","start hostilities",Guess the shogi term
窮余の一策,"きゅうよのいっさく","the last (desperate) resort",Guess the shogi term
泣きどころ,"なきどころ","vulnerable point",Guess the shogi term
満を持する,"まんをじする","watch for an opportunity, be in full readiness",Guess the shogi term
組み合わせる,"くみあわせる","combine, dovetail, join together",Guess the shogi term
引っ張り出す,"ひっぱりだす","draw, pull out (into)",Guess the shogi term
余裕を与える,"よゆうをあたえる","give (the opponent) the opportunity to",Guess the shogi term
日本シリーズ,"にほんシリーズ","Japan Series (1980)",Guess the shogi term
日本将棋連盟,"にほんしょうぎれんめい","Japan Shogi Federation (established in Tokyo, 8-9-'24)",Guess the shogi term
主導権を握る,"しゅどうけんをにぎる","take hold of the initiative",Guess the shogi term
チャンスを窺う,"チャンスをうかがう","look for a chance",Guess the shogi term
バランスを取る,"バランスをとる","retain the balance",Guess the shogi term
戦 (part of term),"いくさ,せん","(準)決勝戦((semi)finals)
A級順位戦(A-class Ranking Match (winner becomes Meijin challenger) (professional dan grades, from 4th to 9th dan are determined by the various Ranking Matches))
IBM杯順位戦昇級者(IBM Cup Battle of the Ranking)
NHK杯争奪戦(NHK (Nihon Hoosoo Kai)",Guess the reading for kanji occuring in a shogi term
勝,"しょう","(準)決勝戦((semi)finals)
オールスター勝抜戦(All Stars Tournament (1978))
作戦勝ち(strategical victory)
優勝を飾る(win the championship)
勝ち将棋は鬼の如し(A won game is like a devil)
勝星(winning mark (O in the table of results))
勝目（なし）((there are no) chances of winning)
勝負士(profess",Guess the reading for kanji occuring in a shogi term
決,"けつ","(準)決勝戦((semi)finals)
決まる；決める(be decided, be fixed; decide, settle, fix (vi; vt))
決心(-)(determination, resolution)",Guess the reading for kanji occuring in a shogi term
準,"じゅん","(準)決勝戦((semi)finals)
準王手飛車(indirect fork on king and rook (bishop pinning down the rook))",Guess the reading for kanji occuring in a shogi term
車,"クルマ,くるま,しゃ","(相)下段飛車((Double) Back Rank Rook)
(相)浮飛車((Double) Floating Rook)
ひねり飛車(Twisting Rook)
一段玉には二段飛車(Against the king on the first rank, the rook on the second rank)
一段金に飛車捨てあり(With a gold on your back rank you can sacrifice the rook)
三間飛車(Third File Rook)",Guess the reading for kanji occuring in a shogi term
飛 (part of term),"ひ","(相)下段飛車((Double) Back Rank Rook)
(相)浮飛車((Double) Floating Rook)
ひねり飛車(Twisting Rook)
一段玉には二段飛車(Against the king on the first rank, the rook on the second rank)
一段金に飛車捨てあり(With a gold on your back rank you can sacrifice the rook)
三間飛車(Third File Rook)",Guess the reading for kanji occuring in a shogi term
相,"あい,こもごも,さが,しょう,そう","(相)下段飛車((Double) Back Rank Rook)
(相)浮飛車((Double) Floating Rook)
相当な(adequate, suitable)
相懸り（戦法）(Double Wing Attack (opening))
相振飛車(Double Ranging Rook)
相掛り(Double Wing Attack (opening))",Guess the reading for kanji occuring in a shogi term
段 (part of term),"たん,だん","(相)下段飛車((Double) Back Rank Rook)
一段玉には二段飛車(Against the king on the first rank, the rook on the second rank)
一段目~九段目(1st rank - 9th rank)
一段金に飛車捨てあり(With a gold on your back rank you can sacrifice the rook)
九段戦(Ninth Dan Match (1950-1961))
初段~九段(1st-9",Guess the reading for kanji occuring in a shogi term
下,"か,げ,した,しも,もと","(相)下段飛車((Double) Back Rank Rook)
上下逆にした(with Black and White reversed)
下がる；下げる(go down; bring down (vi; vt))
図以下の指して(move from the diagram onwards)
地下鉄飛車(Subway Rook (contra rightside king in Bishop Exchange))
玉は下段に落とせ(Drive the king to the back rank",Guess the reading for kanji occuring in a shogi term
好,"こう,よしみ","~が好きだ(like, be fond of)
お好み対局(friendly game)
好型を崩す歩(pawn demolishing the good shape (e.g. shooten no fu))
好形(good shape)
好機に(at the right moment, when the opportunity arrives)
好調に(favourably, smoothly)
絶好の一手(the best move)",Guess the reading for kanji occuring in a shogi term
対,"たい,つい","~に対して(against --, in answer to)
お好み対局(friendly game)
公開対局(public game)
反対(-)(resistance)
対抗(-)(resistance)
応対する(deal with, respond to)
指導対局(teaching game, simultaneous game)
玉と飛車は反対の位置へ(Move king and rook to opposite squares)
絶対手(forced move)
練習対局(pr",Guess the reading for kanji occuring in a shogi term
応,"おう","~に応じて(in reponse to)
応じる；応える(answer, respond)
応対する(deal with, respond to)
応戦する(accept the challenge)
手応(answer)",Guess the reading for kanji occuring in a shogi term
丁,"ちょう,てい,ひのと","~丁(counter for rooks)
丁寧な(careful)",Guess the reading for kanji occuring in a shogi term
名,"な,めい","~世名人(-- Lifetime Meijin (hon. title, nowadays awarded after winning the Meijin title five times))
一世名人(First Lifetime Meijin (Ohashi Sokei, 1555-1634))
前名人(former meijin)
名将戦((1964-1978))
名誉名人(honorary meijin)
女流名人位戦(Women's Meijin Match (1974))
実力名人",Guess the reading for kanji occuring in a shogi term
人,"じん,と,にん,ヒト,ひと","~世名人(-- Lifetime Meijin (hon. title, nowadays awarded after winning the Meijin title five times))
一世名人(First Lifetime Meijin (Ohashi Sokei, 1555-1634))
前名人(former meijin)
名誉名人(honorary meijin)
女流名人位戦(Women's Meijin Match (1974))
実力名人制(Real Strength M",Guess the reading for kanji occuring in a shogi term
世,"せい,よ","~世名人(-- Lifetime Meijin (hon. title, nowadays awarded after winning the Meijin title five times))
一世名人(First Lifetime Meijin (Ohashi Sokei, 1555-1634))
将棋世界((monthly))",Guess the reading for kanji occuring in a shogi term
出,"しゅつ,で","~出す((verb)-out)
アブリ出し曲詰(Invisible Ink Composition (mating diagr. shows a figure or letter))
上部脱出(escape up the board)
出る；出す(go out; send out (vi; vt))
出動(-)(mobilization, action)
救出(-)(rescue, deliverance)
脱出(-)(escape (n))
追い出す；追いやる(chase off)
退出する(",Guess the reading for kanji occuring in a shogi term
取,"しゅ,とり,どり","~取り(threat to capture-, fork)
5筋位取り(Central Vanguard Pawn)
タダで取る(simply capture (and gain a piece))
ネコの縦歩取り(the Cat's Rook on Pawn)
両取り(fork)
両取り逃げるに及ばず(Don't run from a fork)
両取り逃げるべからず(Don't run from a fork)
命取の(fatal)
変則横歩取り(Irregular Side Pawn)
横",Guess the reading for kanji occuring in a shogi term
型,"かた,がた","~型(-- system, -- position)
~型(-formation, -line)
凹凸型(Hump-Slump System)
同型矢倉(Symmetrical Yagura)
好型を崩す歩(pawn demolishing the good shape (e.g. shooten no fu))
実戦型詰(actual game type problem)
構想型詰(ideal type problem (opp. of actual game type))
陣型図式(Orig",Guess the reading for kanji occuring in a shogi term
式,"しき","~式(-systems, -style)
公式棋戦(formal (title) match)
升田式向飛車(Masuda Style Opposing Rook)
古典図式(classic problem)
小駒図式(Minor Pieces Problem)
無仕掛図式(No Foothold Problem (attacking side has no pieces on the board; extreme version is the Naked King))
無掛図式(id.)
無防",Guess the reading for kanji occuring in a shogi term
枚,"ひら,ビラ,びら,まい","~枚(counter for pieces)
二枚換え(two-for-one, exchanging one (major) piece for two (minor) pieces)
二枚換えなら歩ともせよ(Take two pieces for one even if they are pawns)
二枚落ち(two piece handicap)
二枚金(Double-Gold)
四枚美濃(Four Generals Mino)
手一枚(using all pieces in hand)",Guess the reading for kanji occuring in a shogi term
様,"さま,ざま,ためし,よう","~様(position, shape of --)",Guess the reading for kanji occuring in a shogi term
流,"りゅう,る","~流(-style, -school, way of-)
原田流穴熊(Harada Style Bear-in-the-Hole)
女(流)殺しドッカン飛車(Lady Killer Rushing Rook)
女流名人位戦(Women's Meijin Match (1974))
女流王位戦(Women's Oi Match (1989))
女流王将戦(Women's Osho Match (1978))
女流育成会(Women's Training Association)
山田流(Yamad",Guess the reading for kanji occuring in a shogi term
落,"オチ,おち","~落ち(-handicap)
二枚落ち(two piece handicap)
平香交落(alternating even game with lance handicap (obs.))
玉は下段に落とせ(Drive the king to the back rank)
落ちる；落とす(come down; bring down (vi; vt))
陥落(-)(degradation; fall; defeat)
駒落戦(handicap game)",Guess the reading for kanji occuring in a shogi term
込,"コミ,こみ","~込む((verb)-in)
クサビを打ち込む(drive in a wedge)
閉め込む(shut in)",Guess the reading for kanji occuring in a shogi term
５,"い,いつ,ご","５三のと金に負けなし(A tokin on 5c cannot lose)
５五の位は天王山(The 5e vanguard pawn is the Tenno Mountain)
角換わり将棋に５筋を突くな(In the Bishop Exchange, don't push the central pawn)",Guess the reading for kanji occuring in a shogi term
金 (part of term),"かな,かね,きん,こがね","５三のと金に負けなし(A tokin on 5c cannot lose)
しかり(叱り)の金(reproving gold (chasing off a major piece that gave check, thus gaining a tempo))
しばりの金(squeezing gold)
たこ金(Kite Gold (Masuda`s counter against the Twisting Rook))
と金のおそ早(The tokin is faster than you th",Guess the reading for kanji occuring in a shogi term
三,"サン,さん,み","５三のと金に負けなし(A tokin on 5c cannot lose)
三,四,五冠王(holding 3, 4, 5 titles)
三代伊藤宗看(Ito Sokan III (7th Meijin) (1706-1761))
三手一組(a three move combination)
三桂あれば詰まぬことなし(With three knights in hand, there must be a mate)
三歩持ったら継ぎ歩と端攻め(With three pawns in hand,",Guess the reading for kanji occuring in a shogi term
負,"おい,ふ","５三のと金に負けなし(A tokin on 5c cannot lose)
作戦負け(strategical loss)
勝負士(professional player)
勝負手(an interesting move in a disadvantageous position on which one wagers the outcome of the game)
勝負手(the game move (interesting move in a disadvantageous position",Guess the reading for kanji occuring in a shogi term
位 (part of term),"い,くらい","５五の位は天王山(The 5e vanguard pawn is the Tenno Mountain)
5筋位取り(Central Vanguard Pawn)
A級順位戦(A-class Ranking Match (winner becomes Meijin challenger) (professional dan grades, from 4th to 9th dan are determined by the various Ranking Matches))
IBM杯順位戦昇級者(",Guess the reading for kanji occuring in a shogi term
五,"い,いつ,ウー,ご","５五の位は天王山(The 5e vanguard pawn is the Tenno Mountain)
三,四,五冠王(holding 3, 4, 5 titles)",Guess the reading for kanji occuring in a shogi term
王 (part of term),"おう,おおきみ,おおぎみ","５五の位は天王山(The 5e vanguard pawn is the Tenno Mountain)
三,四,五冠王(holding 3, 4, 5 titles)
両王手(double check)
天王戦((1985))
女流王位戦(Women's Oi Match (1989))
女流王将戦(Women's Osho Match (1978))
新人王戦(New Stars' King (1970))
棋王戦((1974))
準王手飛車(indirect fork on king an",Guess the reading for kanji occuring in a shogi term
天,"あま,あめ,てん","５五の位は天王山(The 5e vanguard pawn is the Tenno Mountain)
天地まさ(Heaven-and-Earth grain)
天守閣美濃(Castle Tower Mino)
天王戦((1985))
天竺将棋(Tenjiku (Indian) Shogi (16x16 board, 156 pieces))",Guess the reading for kanji occuring in a shogi term
山,"さん,ざん,むれ,やま","５五の位は天王山(The 5e vanguard pawn is the Tenno Mountain)
山田流(Yamada System)",Guess the reading for kanji occuring in a shogi term
筋 (part of term),"きん,スジ,すじ","5筋位取り(Central Vanguard Pawn)
うますぎる読み筋には注意せよ(Take heed of too skillful lines)
なまくら筋違角(Blunt Wrong Diagonal Bishop)
はまり筋(trap)
一筋~九筋(1st file - 9th file)
切れ筋(failed move, failed tactics)
寄り筋(endgame tesuji (bringing the king near mate))
狙い筋(the move or",Guess the reading for kanji occuring in a shogi term
級 (part of term),"きゅう","A級順位戦(A-class Ranking Match (winner becomes Meijin challenger) (professional dan grades, from 4th to 9th dan are determined by the various Ranking Matches))
IBM杯順位戦昇級者(IBM Cup Battle of the Ranking)
一級~九級(1st-9th kyu (player) (lower grades))
昇級(-)(pr",Guess the reading for kanji occuring in a shogi term
順 (part of term),"じゅん,ずん","A級順位戦(A-class Ranking Match (winner becomes Meijin challenger) (professional dan grades, from 4th to 9th dan are determined by the various Ranking Matches))
IBM杯順位戦昇級者(IBM Cup Battle of the Ranking)
手順前後(reverse order of moves (usually wrong))
本手順(th",Guess the reading for kanji occuring in a shogi term
杯,"さかずき,さかづき,つき,はい,はた","IBM杯順位戦昇級者(IBM Cup Battle of the Ranking)
NHK杯争奪戦(NHK (Nihon Hoosoo Kai) Cup (1951))
富士通杯アマ.プロトーナメント戦(Fujitsu Cup Amateur-ProTournament (1989))",Guess the reading for kanji occuring in a shogi term
者,"しゃ,もの,もん","IBM杯順位戦昇級者(IBM Cup Battle of the Ranking)
タイトル保持者(title holder)",Guess the reading for kanji occuring in a shogi term
詰,"つめ,づめ","アブリ出し曲詰(Invisible Ink Composition (mating diagr. shows a figure or letter))
たすき詰(X Tsume (mating diagr. shows X-shape; tasuki, a cord used for tucking up kimono sleeves))
三桂あれば詰まぬことなし(With three knights in hand, there must be a mate)
不詰((there is) no",Guess the reading for kanji occuring in a shogi term
曲,"きょく,クセ,くせ,くま,まが","アブリ出し曲詰(Invisible Ink Composition (mating diagr. shows a figure or letter))
曲詰(mate composition)
盤面曲詰(Board Composition (problem diagr. shows a character, figure or letter))",Guess the reading for kanji occuring in a shogi term
場,"じょう,ば","いき場(place to go to)
将棋道場(Shogi playing hall)
投げ場(point of resigning)
攻めの足場を残せ(Keep the foothold for the attack)
逃げ場の先着(arriving first at the loophole (by sacrificing a piece letting the opponent plug up the king's escape route))
飛角の捨て場肝腎なり(Don't be a",Guess the reading for kanji occuring in a shogi term
味 (part of term),"あじ,み","イヤ（嫌）な味(unpleasant, nasty aji)
不気味な(ominous, uncanny)
味の良い(having good aji)
味消し(elimiating aji)",Guess the reading for kanji occuring in a shogi term
嫌,"イヤ,いや,や","イヤ（嫌）な味(unpleasant, nasty aji)
嫌いな(unpleasant)",Guess the reading for kanji occuring in a shogi term
目,"め,もく","うき目を見る(have trouble)
ダメ(駄目)な(bad)
まさ(目)(straight grain)
一段目~九段目(1st rank - 9th rank)
勝目（なし）((there are no) chances of winning)
攻めない将棋に勝目なし(Without attack, there is no chance of winning)
注意(-), 注目(-)(attention)
目障りな(very ugly)",Guess the reading for kanji occuring in a shogi term
見,"けん,み","うき目を見る(have trouble)
敵飛の位置を見て自玉を囲え(Castle your king after seeing where the rook moves to)
発見(-)(discovery)
見つかる；見つける(be found, discovered; find, discover (vi; vt))
見事な(beautiful)
遠見の角(watchtower bishop)
遠見の角に妙手あり(With a watchtower bishop there is bou",Guess the reading for kanji occuring in a shogi term
意 (part of term),"い","うますぎる読み筋には注意せよ(Take heed of too skillful lines)
不用意な(unprepared, uncareful)
得意の(favourite)
意表をつける(surprise (v))
注意(-), 注目(-)(attention)
用意(-)(care, preparation)
用意する(prepare, take care)
留意(-)(serious consideration)",Guess the reading for kanji occuring in a shogi term
注,"ちゅう","うますぎる読み筋には注意せよ(Take heed of too skillful lines)
注意(-), 注目(-)(attention)",Guess the reading for kanji occuring in a shogi term
餌,"え,エサ,えさ","エサ（餌）(bait, lure(n))
エジキ（餌食）(prey, victim)
桂馬の高とび歩の餌食(The knight that jumps far falls prey to a pawn)",Guess the reading for kanji occuring in a shogi term
食,"し,じき,しょく","エジキ（餌食）(prey, victim)
桂馬の高とび歩の餌食(The knight that jumps far falls prey to a pawn)",Guess the reading for kanji occuring in a shogi term
〻,"おなじ","オールスター勝抜戦(All Stars Tournament (1978))
シッペー返し(-)(retaliation)
スピード(speed)
ノータイムで(in 'no time' (playing a move in less than one minute, so no time is substracted from the available time))
パターン(pattern)
プレシャーを与える(apply pressure)
ペース(pace, upperhand. in",Guess the reading for kanji occuring in a shogi term
形 (part of term),"かた,がた,かたち,けい,なり","おかしい形(funny (ridiculous) shape)
初形(original position)
好形(good shape)
完全実戦初形(Complete Original Formation Problem (all White's p. occupy the same position as at the start of a game) (first example by Naito Kunio) (extremely rare))
寄り形(near mate positio",Guess the reading for kanji occuring in a shogi term
局 (part of term),"きょく,つぼね","お好み対局(friendly game)
公開対局(public game)
局勢(position)
指導対局(teaching game, simultaneous game)
練習対局(practise game)",Guess the reading for kanji occuring in a shogi term
銀 (part of term),"ぎん,しろかね,しろがね","ガッチャン銀(Clanging Silvers)
カニカニ銀(Crab Silver)
ツノ銀(Silver on the Horns)
割打の銀(stab-in-the-back (silver drop forking two pieces from behind))
単駒銀(lone silver)
原始棒銀(Primitive Climbing Silver)
壁金(銀)(wall gold (silver))
壁銀を直せ(Mend the wall-silver)
攻めは飛角銀桂(At",Guess the reading for kanji occuring in a shogi term
要,"かなめ,よう","かなめ(要)(rivet (critical point))
不要な(not necessary)
大駒の捨てどころ肝要なり(Don't be afraid to sacrifice major pieces)
強要する(enforce, coerce)
必要な(necessary)
肝要な(necessary)",Guess the reading for kanji occuring in a shogi term
空,"うつお,うつほ,うろ,カラ,から,くう,そら","カラ成り（空成り）(empty promotion (not capturing a piece))
空中穴熊(Air Castle (Bear-in-the-Air) (in the middle of the board, floating like))",Guess the reading for kanji occuring in a shogi term
傷,"キズ,きず","キズ(傷)(weakness, defect, flaw)",Guess the reading for kanji occuring in a shogi term
牲,"にえ","ギセイ（犠牲）にする(make a sacrifice)",Guess the reading for kanji occuring in a shogi term
打 (part of term),"だ,ダース","クサビを打ち込む(drive in a wedge)
割打ち(stab-in-the-back (silver drop forking two pieces from behind))
割打の銀(stab-in-the-back (silver drop forking two pieces from behind))
打ち(drop (n))
打歩詰み(mate with pawn drop (illegal))
打破(-)(destruction)
打開する(break open)
敵の打",Guess the reading for kanji occuring in a shogi term
駒 (part of term),"こま","ごとく駒(isolated piece)
ナマ(生)駒(raw piece (just standing somewhere without function))
バンタロ駒(pieces on which the name is written with brush (inferior))
単駒銀(lone silver)
合わせ駒(opposing piece (pawn))
若駒戦(Young Colts (1978))
大駒の捨てどころ肝要なり(Don't be afraid to sa",Guess the reading for kanji occuring in a shogi term
棋,"ご","これからの将棋(equal position)
ついたて将棋(screen Shogi (blind Shogi))
ヘボ将棋(crackpot Shogi (absolute beginner`s))
マカ大大将棋(Ultra-Great-Great Shogi (19x19 board, 192 pieces))
マネ将棋(mirror Shogi)
リレー将棋(relay Shogi (4 players))
一分将棋(one minute Shogi (having only one m",Guess the reading for kanji occuring in a shogi term
将,"しょう,はた","これからの将棋(equal position)
ついたて将棋(screen Shogi (blind Shogi))
ヘボ将棋(crackpot Shogi (absolute beginner`s))
マカ大大将棋(Ultra-Great-Great Shogi (19x19 board, 192 pieces))
マネ将棋(mirror Shogi)
リレー将棋(relay Shogi (4 players))
一分将棋(one minute Shogi (having only one m",Guess the reading for kanji occuring in a shogi term
叱,"しかり,しっ","しかり(叱り)の金(reproving gold (chasing off a major piece that gave check, thus gaining a tempo))",Guess the reading for kanji occuring in a shogi term
返,"へん","シッペー返し(-)(retaliation)
跳ね返る；~返す(rebound, spring back; kick back (vi; vt))",Guess the reading for kanji occuring in a shogi term
桂 (part of term),"カツラ,かつら,けい","しばりの桂(squeezing knight)
つぎ桂(joining knights)
つなぎ桂(connected, linked knights)
ハネ違い桂(counter-jump (not taking the opponent's knight))
三桂あれば詰まぬことなし(With three knights in hand, there must be a mate)
手懸かりの桂(knight foothold)
控えの桂(knight (drop) towards the ",Guess the reading for kanji occuring in a shogi term
矢,"さ,や","しゃがみ矢倉(Crouching Yagura)
同型矢倉(Symmetrical Yagura)
急戦矢倉(Quick Attack Yagura)
流れ矢倉(Flow Yagura)
片矢倉(Incomplete Yagura)
矢倉（戦法）(Yagura (opening) (yagura, arrow depository))
矢倉には継ぎ歩攻め(Against the Yagura, the joining pawns attack)
矢倉中飛車(Yagura Central Rook",Guess the reading for kanji occuring in a shogi term
倉,"くら","しゃがみ矢倉(Crouching Yagura)
同型矢倉(Symmetrical Yagura)
急戦矢倉(Quick Attack Yagura)
流れ矢倉(Flow Yagura)
片矢倉(Incomplete Yagura)
矢倉（戦法）(Yagura (opening) (yagura, arrow depository))
矢倉には継ぎ歩攻め(Against the Yagura, the joining pawns attack)
矢倉中飛車(Yagura Central Rook",Guess the reading for kanji occuring in a shogi term
手 (part of term),"て","しゃれた手(stylish move)
ハメ手(trick move, trap)
一手スキ(one move (tempo) breathing space (endgame))
一手の一手(move-by-move (endgame))
三手一組(a three move combination)
両王手(double check)
中合に妙手あり(Interposing a pawn makes a splendid move)
二十八手組み(the 14-Move Set (a well",Guess the reading for kanji occuring in a shogi term
隙,"げき,すき,すきけ,ひま","スキ(隙)(hole (weakness; loophole; a tempo breathing space))",Guess the reading for kanji occuring in a shogi term
隅,"すま,すみ","スミ（隅）(corner)",Guess the reading for kanji occuring in a shogi term
持,"じ","タイトル保持者(title holder)
バランスを持つ(keep the balance)
三歩持ったら継ぎ歩と端攻め(With three pawns in hand, look for a joining pawns attack or an edge attack)
持久戦には角が主役(In a slow game the bishop has the leading role)
持駒変換(exchanging pieces in hand for pieces on the boar",Guess the reading for kanji occuring in a shogi term
歩 (part of term),"あゆみ,かち,ふ,ぶ,ほ","タタキ(叩き)歩(striking pawn (drop))
タレ(垂れ)歩(dangling pawn (tesuji) (drop one square before the target square in the promotionzone))
ネコの縦歩取り(the Cat's Rook on Pawn)
一歩千金(A pawn is worth a thousand golds)
三歩持ったら継ぎ歩と端攻め(With three pawns in hand, look for a j",Guess the reading for kanji occuring in a shogi term
黙,"しじま","だまる(黙る)(keep quiet, do nothing)",Guess the reading for kanji occuring in a shogi term
駄,"だ","ダメ(駄目)な(bad)
ムダ(無駄)な(futile)",Guess the reading for kanji occuring in a shogi term
垂,"タレ,たれ,ダレ,だれ","タラす（垂らす）(dangle (drop a pawn before the target field, threatening promotion next))
タレ(垂れ)歩(dangling pawn (tesuji) (drop one square before the target square in the promotionzone))",Guess the reading for kanji occuring in a shogi term
濃,"こ,のう","チョンマゲ美濃(Topknot Mino (usually the result of a feinting static rook))
四枚美濃(Four Generals Mino)
天守閣美濃(Castle Tower Mino)
左美濃(Left(side) Mino)
木村美濃(Kimura's Mino)
片美濃(Incomplete Mino)
美濃かなめ(the rivet of the Mino (the gold on 6a))
美濃囲い(Mino castle)
美濃囲いに",Guess the reading for kanji occuring in a shogi term
美,"び,み","チョンマゲ美濃(Topknot Mino (usually the result of a feinting static rook))
四枚美濃(Four Generals Mino)
天守閣美濃(Castle Tower Mino)
左美濃(Left(side) Mino)
木村美濃(Kimura's Mino)
片美濃(Incomplete Mino)
美濃かなめ(the rivet of the Mino (the gold on 6a))
美濃囲い(Mino castle)
美濃囲いに",Guess the reading for kanji occuring in a shogi term
合 (part of term),"あい,ごう","つり合い(balance)
中合いの歩(interposed pawn)
中合する(interpose, block)
中合に妙手あり(Interposing a pawn makes a splendid move)
合せ歩で位を奪還(Recapture the vanguard pawn with the opposing pawn (tesuji))
合わせの歩(opposing pawn (drop))
合わせ駒(opposing piece (pawn))
合作(-)(cooperat",Guess the reading for kanji occuring in a shogi term
所,"しょ,とこ,ところ","ところ(所)(place)
中住所(central position (king at 5a or 5b/5i or 5h))
将棋所((Head of) the Board of Shogi (1612-1866))",Guess the reading for kanji occuring in a shogi term
死,"し","トン死(sudden death)
必死がかかる(set up a brinkmate)
必死を逃れの必死(hisshi (brinkmate) to escape hisshi)
王手よりもばり（と必死）(Squeeze (and hisshi) first, check later)
詰みより必死(Hisshi (brinkmate) is better than mate)",Guess the reading for kanji occuring in a shogi term
早,"はや,はよ","と金のおそ早(The tokin is faster than you think)
早仕掛け(early fight, early start of the middle game)
早指し将棋(quick Shogi)
早指し新鋭戦(Quick Shogi New Pick (1982))
早指し選手権戦(Quick Shogi Championship (1972))
早繰り銀(rushing silver)
早詰(earlier mate (flawed problem or wrong",Guess the reading for kanji occuring in a shogi term
生 (part of term),"いく,うぶ,き,しょう,せい,なま,なまり,ふ","ナマ(生)駒(raw piece (just standing somewhere without function))
生きてくる(come to live, become effective, be activated)
立ち往生する(come to a standstill)
終生名人制(Lifetime Meijin system (1612-1937))",Guess the reading for kanji occuring in a shogi term
角 (part of term),"かく,かど,すみ,つの","なまくら筋違角(Blunt Wrong Diagonal Bishop)
四手角(the 4-Move Bishop (7i-6h-5i-2f))
居玉には飛車より角(Against a sitting king the bishop is stronger than the rook)
居角(static bishop)
序盤は飛車より角(In the opening the bishop is more important than the rook)
引角(retreating bisho",Guess the reading for kanji occuring in a shogi term
縦,"タテ,たて,ほしいまま,よし","ネコの縦歩取り(the Cat's Rook on Pawn)
純粋縦歩取り(Pure Rook on Pawn)
縦歩取り(Rook on Pawn)",Guess the reading for kanji occuring in a shogi term
鹿,"か,かせぎ,かのしし,シカ,しか,しし,ろく","バカ(馬鹿)な(stupid)",Guess the reading for kanji occuring in a shogi term
馬 (part of term),"ウマ,うま","バカ(馬鹿)な(stupid)
可章馬(Demon Killer)
桂馬の高とび歩の餌食(The knight that jumps far falls prey to a pawn)
桂馬は控えて打て(Drop the knight towards the rear)
自陣角(馬)(bishop (horse) in the own camp)
馬ノコ（鋸）(Horse Saw (moving zig-zag in order to take a piece at the other side",Guess the reading for kanji occuring in a shogi term
紐,"ヒモ,ひも","ヒモ（紐）をつける(protect, defend (a piece))",Guess the reading for kanji occuring in a shogi term
与,"むた","プレシャーを与える(apply pressure)",Guess the reading for kanji occuring in a shogi term
凹,"おう,くぼ","へこます（凹ます）(dent, make hollow)
凹凸型(Hump-Slump System)",Guess the reading for kanji occuring in a shogi term
他,"た,ほか","ほかの(他の)(other alternative)",Guess the reading for kanji occuring in a shogi term
大,"おお,おおい,おおき,たい,だい","マカ大大将棋(Ultra-Great-Great Shogi (19x19 board, 192 pieces))
大丈夫な(safe, alright, o.k.)
大事な(important)
大切な(important)
大変な(terrible)
大大将棋(Great-Great Shogi (17x17 board, 92 pieces))
大将棋(Great Shogi (15x15 board, 130 pieces))
大悪手(blunder)
大混戦(chaotic battl",Guess the reading for kanji occuring in a shogi term
島,"しま,とう","みくら島つげ(boxwood from Mikurajima (a very small island 200 km south of Tokyo))",Guess the reading for kanji occuring in a shogi term
無,"ぶ,む","ムダ(無駄)な(futile)
将棋無双(Unparalleled Shogi Problems (Ito Sokan III's classical masterpiece, in 1735 offered to the shogun as Shoogi Tsukurimono, Shogi Problems))
水無瀬(minase)
無事な(safe, uneventful)
無仕掛図式(No Foothold Problem (attacking side has no pieces o",Guess the reading for kanji occuring in a shogi term
罠,"わな","ワナ（罠）にはまる(walk into a trap)",Guess the reading for kanji occuring in a shogi term
一,"イー,いち,いつ,いっち,ひ,ひい,ひと,ひとつ","一,二位(first, second place)
一世名人(First Lifetime Meijin (Ohashi Sokei, 1555-1634))
一分将棋(one minute Shogi (having only one minute left for each move))
一弾(a shot, a charge)
一息をつく(take a pause)
一手スキ(one move (tempo) breathing space (endgame))
一手の一手(move-by",Guess the reading for kanji occuring in a shogi term
二,"アール,アル,に,ふ,ふう,ふた","一,二位(first, second place)
一段玉には二段飛車(Against the king on the first rank, the rook on the second rank)
二十八手組み(the 14-Move Set (a well-known joseki resulting in a symmetrical position))
二枚換え(two-for-one, exchanging one (major) piece for two (minor) piec",Guess the reading for kanji occuring in a shogi term
分 (part of term),"ぶ,ふん,ぶん","一分将棋(one minute Shogi (having only one minute left for each move))
充分な(sufficient)
分析(-)(analysis)
十分な(sufficient)
岐れ道；分かれ道(crossroads, branch, variation)",Guess the reading for kanji occuring in a shogi term
弾,"たま,だん","一弾(a shot, a charge)",Guess the reading for kanji occuring in a shogi term
息,"いき,おき,そく,むすこ","一息をつく(take a pause)",Guess the reading for kanji occuring in a shogi term
予,"よ","一次予戦(the first (elimination) round)
予戦(elimination match, primary heats)",Guess the reading for kanji occuring in a shogi term
次,"じ,つぎ","一次予戦(the first (elimination) round)
次の(following, next)",Guess the reading for kanji occuring in a shogi term
千,"せん,ち","一歩千金(A pawn is worth a thousand golds)
二歩千金(A double pawn is worth a thousand golds. (Apocryphal version of (1), from the cartoon 'Tokin no Shoo-chan' by Shintamo Atsushi.))
厄介(千万)((ten million) difficulties)
銀は千鳥に使う(Use the silver like a plover (mov",Guess the reading for kanji occuring in a shogi term
玉 (part of term),"ぎょく,たま","一段玉には二段飛車(Against the king on the first rank, the rook on the second rank)
右玉(rightside king)
居玉(sitting king, sitting duck)
居玉には飛車より角(Against a sitting king the bishop is stronger than the rook)
居玉は避けよ(Avoid a sitting king (a sitting king is a sitti",Guess the reading for kanji occuring in a shogi term
九,"きゅう,く,ここ,ここの,この,チュー","一段目~九段目(1st rank - 9th rank)
一筋~九筋(1st file - 9th file)
一級~九級(1st-9th kyu (player) (lower grades))
九段戦(Ninth Dan Match (1950-1961))
初段~九段(1st-9th dan (player) (higher grades))",Guess the reading for kanji occuring in a shogi term
捨,"しゃ","一段金に飛車捨てあり(With a gold on your back rank you can sacrifice the rook)
仕掛けは歩の突き捨てから(Start the fight with a pawn sacrifice)
大駒の捨てどころ肝要なり(Don't be afraid to sacrifice major pieces)
成り捨ての歩(pawn sacrfice promotion)
焦点の捨て駒(sacrifice (drop) at the focal poin",Guess the reading for kanji occuring in a shogi term
寧,"むしろ","丁寧な(careful)",Guess the reading for kanji occuring in a shogi term
四,"し,スー,よ,よん","三,四,五冠王(holding 3, 4, 5 titles)
右四間飛車(Right Side Fourth File Rook)
四手角(the 4-Move Bishop (7i-6h-5i-2f))
四枚美濃(Four Generals Mino)
四間飛車(Fourth File Rook)",Guess the reading for kanji occuring in a shogi term
冠 (part of term),"かうぶり,かがふり,かぶり,かむり,かん,かんぶり,かんむり,こうぶり","三,四,五冠王(holding 3, 4, 5 titles)
失冠(-)(loss of major title)
銀冠(Silver Crown)
銀冠穴熊(Silver Crown Bear-in-the-Hole)",Guess the reading for kanji occuring in a shogi term
宗,"しゅう,そう,むね","三代伊藤宗看(Ito Sokan III (7th Meijin) (1706-1761))",Guess the reading for kanji occuring in a shogi term
伊,"い","三代伊藤宗看(Ito Sokan III (7th Meijin) (1706-1761))
伊藤看寿(Ito Kanju (posth. Meijin) (1719-1760), younger brother of Ito Sokan III)",Guess the reading for kanji occuring in a shogi term
藤,"フジ,ふじ","三代伊藤宗看(Ito Sokan III (7th Meijin) (1706-1761))
伊藤看寿(Ito Kanju (posth. Meijin) (1719-1760), younger brother of Ito Sokan III)",Guess the reading for kanji occuring in a shogi term
代,"しろ,だい,よ","三代伊藤宗看(Ito Sokan III (7th Meijin) (1706-1761))
修業時代(the years of study)
歩の代りの香(lance exchange for a pawn)",Guess the reading for kanji occuring in a shogi term
組,"くみ","三手一組(a three move combination)
二十八手組み(the 14-Move Set (a well-known joseki resulting in a symmetrical position))
組上がる(build up, develop (vi))",Guess the reading for kanji occuring in a shogi term
端 (part of term),"たん,つま,はし,はじ,はした,はた,はな","三歩持ったら継ぎ歩と端攻め(With three pawns in hand, look for a joining pawns attack or an edge attack)
手のない将棋は端歩を突け(If you're stuck for moves, push the edge pawn)
矢倉囲に端歩を突くな(In the Yagura, don't push the edge pawn)
矢倉囲に端歩を突くべし(In the Yagura, push the edge pawn)
",Guess the reading for kanji occuring in a shogi term
間,"あいだ,あわい,かん,けん,はさま,はざま,ま","三間飛車(Third File Rook)
右四間飛車(Right Side Fourth File Rook)
四間飛車(Fourth File Rook)
残りの時間(remaining time)
消費時間(used time)
週間将棋(Shogi Weekly)
間違った(mistaken, wrong)",Guess the reading for kanji occuring in a shogi term
上 (part of term),"うえ,うわ,かみ,じょう","上がる；上げる(go up; take, bring up (vi; vt))
上下逆にした(with Black and White reversed)
上部脱出(escape up the board)
盛上(intaglio repeatedly filled with lacquer)
組上がる(build up, develop (vi))
詰み上がり(checkmating)
詰上り図(mate diagram)
読み上げの人(time keeper (reading off sec",Guess the reading for kanji occuring in a shogi term
逆,"ぎゃく,さか","上下逆にした(with Black and White reversed)
逆先(winning back the initiative)
逆攻撃(counter attack)
逆用(-)(use against)
逆美濃(Reverse Mino)
金銀の逆形は無筋なり(With gold and silver reversed (gold standing above silver), you're bound to get in trouble)",Guess the reading for kanji occuring in a shogi term
部,"ぶ,べ","上部脱出(escape up the board)
将棋(支部機関誌)((Local Branch Quarterly))
盤面全部(the whole board)",Guess the reading for kanji occuring in a shogi term
脱,"だつ","上部脱出(escape up the board)
脱け道(escape route, loophole)
脱出(-)(escape (n))",Guess the reading for kanji occuring in a shogi term
不,"ふ,ぶ","不安(-)(uneasiness, anxiety)
不完全作(defective problem)
不愉快な(unpleasant)
不成り(unpromoted-)
不気味な(ominous, uncanny)
不満な(unsatisfactory, insufficient)
不用意な(unprepared, uncareful)
不要な(not necessary)
不詰((there is) no mate)
飛先不突(Not Pushing the Rook Pawn)",Guess the reading for kanji occuring in a shogi term
安,"やす","不安(-)(uneasiness, anxiety)
安全な(safe, secure)
安心(-)(relief)
森安流棒玉穴熊(Moriyasu Style Climbing King Bear in the Hole)
源兵衛清安(genbei kiyoyasu)
細字の清安(small character kiyoyasu)",Guess the reading for kanji occuring in a shogi term
作,"さく","不完全作(defective problem)
作戦勝ち(strategical victory)
作戦負け(strategical loss)
前提工作(preparations)
古作物(ancient problem (usually without known author))
合作(-)(cooperation)
完全作(complete (indefective) problem)
形作り(settling the shape, finding a place to resign)
",Guess the reading for kanji occuring in a shogi term
全,"ぜん","不完全作(defective problem)
全日本プロトーナメント(All Japan Pro (1982-2001))
安全な(safe, secure)
完全作(complete (indefective) problem)
完全実戦初形(Complete Original Formation Problem (all White's p. occupy the same position as at the start of a game) (first example by Nait",Guess the reading for kanji occuring in a shogi term
完,"かん","不完全作(defective problem)
完了する((make) complete)
完全作(complete (indefective) problem)
完全実戦初形(Complete Original Formation Problem (all White's p. occupy the same position as at the start of a game) (first example by Naito Kunio) (extremely rare))
完封(-)(bl",Guess the reading for kanji occuring in a shogi term
快,"かい","不愉快な(unpleasant)
愉快な(pleasant)",Guess the reading for kanji occuring in a shogi term
気 (part of term),"き,ぎ,け,げ","不気味な(ominous, uncanny)
気合い抜け(discouragement)",Guess the reading for kanji occuring in a shogi term
満,"まん","不満な(unsatisfactory, insufficient)
満足(-)(satisfaction)
満足な(satisfactory, sufficient)",Guess the reading for kanji occuring in a shogi term
用,"よう","不用意な(unprepared, uncareful)
信用(-)(trust, confidence)
活用する(activate, bring into play)
無用な(not necessary, no use, futile)
用心(-)(care, caution)
用心な(careful)
用意(-)(care, preparation)
用意する(prepare, take care)
転用する(convert)
逆用(-)(use against)
遊び駒を活用せよ(Acti",Guess the reading for kanji occuring in a shogi term
両,"モロ,もろ,リャン,りゃん,りょう","両取り(fork)
両取り逃げるに及ばず(Don't run from a fork)
両取り逃げるべからず(Don't run from a fork)
両王手(double check)",Guess the reading for kanji occuring in a shogi term
及,"および","両取り逃げるに及ばず(Don't run from a fork)",Guess the reading for kanji occuring in a shogi term
住,"じゅう","中住所(central position (king at 5a or 5b/5i or 5h))",Guess the reading for kanji occuring in a shogi term
中,"うち,じゅう,ちゅう,ぢゅう,チュン,なか","中住所(central position (king at 5a or 5b/5i or 5h))
中合いの歩(interposed pawn)
中合する(interpose, block)
中合に妙手あり(Interposing a pawn makes a splendid move)
中央制圧(control of the centre)
中将棋(Middle Shogi (12x12 board, 92 pieces))
中飛車(Central Rook)
原始中飛車(Primitive",Guess the reading for kanji occuring in a shogi term
妙,"みょう","中合に妙手あり(Interposing a pawn makes a splendid move)
俗手に妙手があり(A vulgar move may be brillian)
巧妙な(ingenious)
微妙な(subtle)
微妙手((very) subtle move)
絶妙な(sublime, brilliant)
絶妙手(absolutely brilliant move)
軽妙な(smart)
遠見の角に妙手あり(With a watchtower bishop there is",Guess the reading for kanji occuring in a shogi term
央,"おう","中央制圧(control of the centre)",Guess the reading for kanji occuring in a shogi term
圧,"あつ","中央制圧(control of the centre)
制圧する((bring under) control, suppress)
圧迫(-)(pressure, coercion)",Guess the reading for kanji occuring in a shogi term
制,"せい","中央制圧(control of the centre)
制圧する((bring under) control, suppress)
実力名人制(Real Strength Meijin system (1937- ))
牽制する(check, restrain, constrain)
終生名人制(Lifetime Meijin system (1612-1937))",Guess the reading for kanji occuring in a shogi term
丸,"がん,マル,まる","丸得(pure profit)",Guess the reading for kanji occuring in a shogi term
得 (part of term),"う,とく","丸得(pure profit)
得意の(favourite)
玉の早逃げは八手の得あり(Early escape of the king gains eight moves)
終盤（寄せ）は駒の損得より速度(In the endgame (yose) speed is more important than material)
飛先の交換三つの得あり(Exchanging the rook pawn has three advantages)",Guess the reading for kanji occuring in a shogi term
紙,"かみ,し","主催紙(sponsoring newspaper)",Guess the reading for kanji occuring in a shogi term
主,"あるじ,おも,しゅ,しゅう,す,にし,ぬし,のし","主催紙(sponsoring newspaper)
持久戦には角が主役(In a slow game the bishop has the leading role)",Guess the reading for kanji occuring in a shogi term
乱,"らん","乱す；乱る(put in disorder, tear apart)",Guess the reading for kanji occuring in a shogi term
十,"シー,じゅう,と,とお","二十八手組み(the 14-Move Set (a well-known joseki resulting in a symmetrical position))
十分な(sufficient)
十字飛車(corssroads rook (forking two pieces horizontally and vertically))
十段戦(Tenth Dan Match (1962-1987))
十連覇(winning the championship ten times in a row)",Guess the reading for kanji occuring in a shogi term
八,"パー,はち,や","二十八手組み(the 14-Move Set (a well-known joseki resulting in a symmetrical position))
玉の早逃げは八手の得あり(Early escape of the king gains eight moves)",Guess the reading for kanji occuring in a shogi term
交,"こう,こもごも","交換(-)(exchange (n))
平香交落(alternating even game with lance handicap (obs.))
振飛車には角交換を狙え(Against the ranging rook aim at bishop exchange)
飛先の交換三つの得あり(Exchanging the rook pawn has three advantages)",Guess the reading for kanji occuring in a shogi term
仕,"し","仕掛けは歩の突き捨てから(Start the fight with a pawn sacrifice)
仕損う(blunder (v))
早仕掛け(early fight, early start of the middle game)
無仕掛図式(No Foothold Problem (attacking side has no pieces on the board; extreme version is the Naked King))",Guess the reading for kanji occuring in a shogi term
突,"とっ","仕掛けは歩の突き捨てから(Start the fight with a pawn sacrifice)
手のない将棋は端歩を突け(If you're stuck for moves, push the edge pawn)
激突戦い(Match Promotions (1989))
矢倉囲に端歩を突くな(In the Yagura, don't push the edge pawn)
矢倉囲に端歩を突くべし(In the Yagura, push the edge pawn)
突き捨ての歩(sa",Guess the reading for kanji occuring in a shogi term
掛,"がかり,かけ,がけ","仕掛けは歩の突き捨てから(Start the fight with a pawn sacrifice)
早仕掛け(early fight, early start of the middle game)
無仕掛図式(No Foothold Problem (attacking side has no pieces on the board; extreme version is the Naked King))
無掛図式(id.)
相掛り(Double Wing Attack (opening)",Guess the reading for kanji occuring in a shogi term
損 (part of term),"そん","仕損う(blunder (v))
損ずる(loss)
終盤（寄せ）は駒の損得より速度(In the endgame (yose) speed is more important than material)",Guess the reading for kanji occuring in a shogi term
寿 (part of term),"ことぶき,じゅ","伊藤看寿(Ito Kanju (posth. Meijin) (1719-1760), younger brother of Ito Sokan III)",Guess the reading for kanji occuring in a shogi term
線,"せん","伏線手(preparation move)
戦線を広げる(broaden the front)",Guess the reading for kanji occuring in a shogi term
会,"え,かい","会心譜(favourite game)
女流育成会(Women's Training Association)
新進棋士奨励会(Apprentice Professionals' Association)",Guess the reading for kanji occuring in a shogi term
心,"こころ,しん","会心譜(favourite game)
安心(-)(relief)
心配(-)(worry, apprehension)
決心(-)(determination, resolution)
用心(-)(care, caution)
用心な(careful)
肝心な(essential)",Guess the reading for kanji occuring in a shogi term
譜,"ふ","会心譜(favourite game)
実戦譜(record of an actual game)",Guess the reading for kanji occuring in a shogi term
過,"か","伸び過ぎる(overextend)
指し過ぎ(overplay)",Guess the reading for kanji occuring in a shogi term
張,"ちょう","位を張る(take up a vanguard position)",Guess the reading for kanji occuring in a shogi term
余,"よ","余される(be saved, remain)
余詰(additional mate (defective problem))
手余り(still having pieces in hand (after mating))
駒余り(id.)",Guess the reading for kanji occuring in a shogi term
入 (part of term),"いり,しお","侵入する(invade)
入る；入れる(go in, enter; send, put in (vi; vt))
入手する(get in hand)
投入する(throw into, drop)
玉と入城する(bring the king inside the castle)
突入する(rush in, plunge into)",Guess the reading for kanji occuring in a shogi term
俗,"しょく,ぞく","俗手(vulgar move)
俗手に妙手があり(A vulgar move may be brillian)
寄せは俗手で(In the endgame a vulgar move is alright)",Guess the reading for kanji occuring in a shogi term
留,"りゅう,ルーブリ,ルーブル","保留する(reserve, defer)
留意(-)(serious consideration)",Guess the reading for kanji occuring in a shogi term
信,"しん","信用(-)(trust, confidence)
自信(がない)((have no) (self-)confidence)
通信将棋(postal Shogi)",Guess the reading for kanji occuring in a shogi term
候,"こう,さう,す,そう,そうらう,そうろう,そろ","候補手(candidate moves)",Guess the reading for kanji occuring in a shogi term
補,"ほ","候補手(candidate moves)
補強する(strengthen)",Guess the reading for kanji occuring in a shogi term
優,"やさ,ゆう","優勝を飾る(win the championship)
最優秀棋士賞(Award for the Best Player of the Year)",Guess the reading for kanji occuring in a shogi term
実,"さね,じち,じつ,そうじみ,ただみ,まこと,み,むざね","充実する((make) complete)
完全実戦初形(Complete Original Formation Problem (all White's p. occupy the same position as at the start of a game) (first example by Naito Kunio) (extremely rare))
実力名人制(Real Strength Meijin system (1937- ))
実戦型詰(actual game type pr",Guess the reading for kanji occuring in a shogi term
受,"じゅ","先受(defence in advance)
受けなし(there is no defence)
受け方(the way to defend)
受け身になる(be pushed into the defensive)
受け身の態勢(defensive position)
受方(the king's side, defending side)
大駒は近づけて受けよ(Defend against major pieces by drawing them closer)
歩越銀は歩で受けよ(Again",Guess the reading for kanji occuring in a shogi term
先,"さき,さっき,せん","先受(defence in advance)
桂先の銀(silver at the head of the knight)
桂先の銀定跡なり(Silver at the head of the (opponent's) knight is the standard move)
逃げ場の先着(arriving first at the loophole (by sacrificing a piece letting the opponent plug up the king's escape ro",Guess the reading for kanji occuring in a shogi term
本,"ほん,もと","全日本プロトーナメント(All Japan Pro (1982-2001))
基本図(basic diagram)
本つげ(real Japanese boxwood)
本戦(the actual (title) match)
本手順(the proper mating sequence)
本詰(the proper mating sequence)",Guess the reading for kanji occuring in a shogi term
日,"か,ち,にち,ひ,んち","全日本プロトーナメント(All Japan Pro (1982-2001))
将棋の日(Shogi day (November 17th))",Guess the reading for kanji occuring in a shogi term
公,"おおやけ,きみ,こう","公式棋戦(formal (title) match)
公郷の位倒れ(A vanguard pawn is difficult to maintain (lit. The court noble can not live up to his rank))
公開対局(public game)",Guess the reading for kanji occuring in a shogi term
郷,"きょう,ごう,さと","公郷の位倒れ(A vanguard pawn is difficult to maintain (lit. The court noble can not live up to his rank))",Guess the reading for kanji occuring in a shogi term
倒,"さか,さかさま,さかしま","公郷の位倒れ(A vanguard pawn is difficult to maintain (lit. The court noble can not live up to his rank))
面倒な(troublesome, difficult, unpleasant)",Guess the reading for kanji occuring in a shogi term
再,"さい","再掲図(repeat diagram)",Guess the reading for kanji occuring in a shogi term
図 (part of term),"ず","再掲図(repeat diagram)
参考図(reference diagram)
古典図式(classic problem)
問題図(problem diagram)
図までの指して(moves up to the diagram)
図以下の指して(move from the diagram onwards)
基本図(basic diagram)
将棋図巧(Ingenious Shogi Problems (Ito Kanju`s genial masterpiece in 1756 off",Guess the reading for kanji occuring in a shogi term
冷,"ひや,れい","冷静な(cool, cold-blooded)",Guess the reading for kanji occuring in a shogi term
静,"しず,せい","冷静な(cool, cold-blooded)
静かな(quiet)",Guess the reading for kanji occuring in a shogi term
凸,"でこ,とつ","凹凸型(Hump-Slump System)",Guess the reading for kanji occuring in a shogi term
動,"どう","出動(-)(mobilization, action)
活動する(activate, deploy)
行動(-)(movements, action)",Guess the reading for kanji occuring in a shogi term
析,"たく","分析(-)(analysis)",Guess the reading for kanji occuring in a shogi term
切,"きり,せつ","切れ筋(failed move, failed tactics)
大切な(important)
寄せ切る(finish off the king)
指し切り(being out of moves)
支え切れない(cannot be saved)
歩切れ(out of pawns, no pawns in hand)
突っ切り((pawn) sacrifice push)
角切る(exchanging the bishop for a minor piece)",Guess the reading for kanji occuring in a shogi term
初,"うい,うぶ,ぞめ,はつ","初形(original position)
初段~九段(1st-9th dan (player) (higher grades))
完全実戦初形(Complete Original Formation Problem (all White's p. occupy the same position as at the start of a game) (first example by Naito Kunio) (extremely rare))",Guess the reading for kanji occuring in a shogi term
判,"はん,ばん","判断する(decide, judge, conclude)
形勢判断(positional judgement)",Guess the reading for kanji occuring in a shogi term
断,"だん","判断する(decide, judge, conclude)
形勢判断(positional judgement)
玉の退路を断て(Cut off the king's escape route)
遮断する(interrupt, block)",Guess the reading for kanji occuring in a shogi term
別,"べち,べつ,わけ","別の(other, different)
別詰(different mate)
区別(-)(difference)",Guess the reading for kanji occuring in a shogi term
利,"り","利く(効く)(act on, bear down on; work, be effective)
有利な(profitable, advantageous)
横効き(横利き)(sideways effect, action (rook))
無利な(unprofitable, unreasonable)
飛車の横利き受けに強し(The sideways action of the rook is strong in defence)",Guess the reading for kanji occuring in a shogi term
効,"かい,こう","利く(効く)(act on, bear down on; work, be effective)
有効な(effective)
横効き(横利き)(sideways effect, action (rook))",Guess the reading for kanji occuring in a shogi term
前,"さき,ぜん,まえ","前名人(former meijin)
前提工作(preparations)
手順前後(reverse order of moves (usually wrong))",Guess the reading for kanji occuring in a shogi term
提,"ひさげ","前提工作(preparations)",Guess the reading for kanji occuring in a shogi term
工,"こう,たくみ","前提工作(preparations)
工夫(-)(contrive, think of (a new plan, a new move))",Guess the reading for kanji occuring in a shogi term
割,"わり","割打ち(stab-in-the-back (silver drop forking two pieces from behind))
割打の銀(stab-in-the-back (silver drop forking two pieces from behind))
駒割(balance of material)",Guess the reading for kanji occuring in a shogi term
力,"ちから,りき,りょく","力を溜める(gather strength, assemble (more) force)
力将棋(power Shogi)
勢力争い(power struggle, fight for positional advantage)
実力名人制(Real Strength Meijin system (1937- ))
有力な(powerful)
無力な(powerless, impotent)",Guess the reading for kanji occuring in a shogi term
如,"こと,ごと,にょ,もころ","勝ち将棋は鬼の如し(A won game is like a devil)",Guess the reading for kanji occuring in a shogi term
鬼,"おに,き,しこ","勝ち将棋は鬼の如し(A won game is like a devil)
鬼手(devilish move)
鬼殺し封じ(Demon Killer Block)",Guess the reading for kanji occuring in a shogi term
星,"せい,ほし","勝星(winning mark (O in the table of results))",Guess the reading for kanji occuring in a shogi term
士,"さむらい,し","勝負士(professional player)
富士通杯アマ.プロトーナメント戦(Fujitsu Cup Amateur-ProTournament (1989))
専門棋士(professional player)
新進棋士奨励会(Apprentice Professionals' Association)
最優秀棋士賞(Award for the Best Player of the Year)",Guess the reading for kanji occuring in a shogi term
勢,"いきおい,いきよい,せい,ぜい","勢力争い(power struggle, fight for positional advantage)
受け身の態勢(defensive position)
局勢(position)
形勢判断(positional judgement)
棋勢(position)
非勢(bad position)",Guess the reading for kanji occuring in a shogi term
勿,"まな","勿論負け(automatic loss (illegal move))",Guess the reading for kanji occuring in a shogi term
論,"ろん","勿論負け(automatic loss (illegal move))",Guess the reading for kanji occuring in a shogi term
包,"パオ","包囲する(encircle, siege)
玉は包むように寄せよ(Approach the king by surrounding him)",Guess the reading for kanji occuring in a shogi term
区,"く","区別(-)(difference)",Guess the reading for kanji occuring in a shogi term
字,"あざ,あざな,じ","十字飛車(corssroads rook (forking two pieces horizontally and vertically))
細字の清安(small character kiyoyasu)",Guess the reading for kanji occuring in a shogi term
覇,"は","十連覇(winning the championship ten times in a row)
覇を競り合う(vie, compete for the championship)",Guess the reading for kanji occuring in a shogi term
連,"むらじ,れん","十連覇(winning the championship ten times in a row)
連取り(successively taking pieces with rook or bishop (at different squares))
連打の歩(successive (striking) pawn drops)
連絡(-)(connection (between pieces))
連絡の（ない）((un)connected)
連続王手(successive checks)",Guess the reading for kanji occuring in a shogi term
田,"た","升田式向飛車(Masuda Style Opposing Rook)
原田流穴熊(Harada Style Bear-in-the-Hole)
山田流(Yamada System)
田舎流(boorish style)
石田流升田式(Masuda Style Ishida (System))",Guess the reading for kanji occuring in a shogi term
升,"しょう,マス,ます","升田式向飛車(Masuda Style Opposing Rook)
石田流升田式(Masuda Style Ishida (System))",Guess the reading for kanji occuring in a shogi term
単,"たん,ひとえ","単駒銀(lone silver)
簡単な(easy. simple)",Guess the reading for kanji occuring in a shogi term
危,"き","危い(dangerous)
危険な(dangerous)",Guess the reading for kanji occuring in a shogi term
険,"けん,さが","危険な(dangerous)",Guess the reading for kanji occuring in a shogi term
即,"そく","即詰み(forced mate)
即詰め(straight and (too) simple mate (problem))",Guess the reading for kanji occuring in a shogi term
万,"ばん,まん,よろず","厄介(千万)((ten million) difficulties)",Guess the reading for kanji occuring in a shogi term
厄,"やく","厄介(千万)((ten million) difficulties)
厄介な(troublesome)",Guess the reading for kanji occuring in a shogi term
介,"かい","厄介(千万)((ten million) difficulties)
厄介な(troublesome)
紹介(-)(introduction)",Guess the reading for kanji occuring in a shogi term
原,"げん,はら,ばら","原始中飛車(Primitive Central Rook)
原始棒銀(Primitive Climbing Silver)
原田流穴熊(Harada Style Bear-in-the-Hole)",Guess the reading for kanji occuring in a shogi term
棒,"ぼう","原始棒銀(Primitive Climbing Silver)
棒銀(Climbing Silver)
棒銀(金)(climbing silver (gold))
森安流棒玉穴熊(Moriyasu Style Climbing King Bear in the Hole)",Guess the reading for kanji occuring in a shogi term
穴 (part of term),"あな,ケツ,けつ,めど","原田流穴熊(Harada Style Bear-in-the-Hole)
居飛車穴熊(Static Rook Bear-in-the-hole)
振飛車穴熊(Ranging Rook Bear in the Hole)
森安流棒玉穴熊(Moriyasu Style Climbing King Bear in the Hole)
穴ふさぎ(sealing off the loophole)
空中穴熊(Air Castle (Bear-in-the-Air) (in the middle of th",Guess the reading for kanji occuring in a shogi term
熊,"クマ,くま","原田流穴熊(Harada Style Bear-in-the-Hole)
居飛車穴熊(Static Rook Bear-in-the-hole)
振飛車穴熊(Ranging Rook Bear in the Hole)
森安流棒玉穴熊(Moriyasu Style Climbing King Bear in the Hole)
空中穴熊(Air Castle (Bear-in-the-Air) (in the middle of the board, floating like))
銀冠穴熊(S",Guess the reading for kanji occuring in a shogi term
参,"さん,しん,み","参考図(reference diagram)",Guess the reading for kanji occuring in a shogi term
考,"こう","参考図(reference diagram)
熟考(-)(due consideration, mature reflection)",Guess the reading for kanji occuring in a shogi term
反,"たん,はん","反則負け(loss because of an illegal move)
反対(-)(resistance)
反発(-)(repulsion, resistance)
玉と飛車は反対の位置へ(Move king and rook to opposite squares)",Guess the reading for kanji occuring in a shogi term
則,"そく,のり","反則負け(loss because of an illegal move)
変則横歩取り(Irregular Side Pawn)",Guess the reading for kanji occuring in a shogi term
発,"ハツ,はつ","反発(-)(repulsion, resistance)
発揮(-)(realization)
発見(-)(discovery)",Guess the reading for kanji occuring in a shogi term
拾,"じゅう","収拾する(control; save the situation)",Guess the reading for kanji occuring in a shogi term
束,"そく,たば,つか","収束する(tie up (the game))",Guess the reading for kanji occuring in a shogi term
方 (part of term),"え,かた,がた,さま,へ,べ,ほう","受け方(the way to defend)
受方(the king's side, defending side)
指し方(way of playing)
攻め方(the way to attack)
攻方(the attacking side)
玉方(the king's side, defending side)",Guess the reading for kanji occuring in a shogi term
身,"み,むくろ","受け身になる(be pushed into the defensive)
受け身の態勢(defensive position)",Guess the reading for kanji occuring in a shogi term
態,"ざま,たい,てい,なり","受け身の態勢(defensive position)",Guess the reading for kanji occuring in a shogi term
口,"く,くち,こう","口悔しい(frustrating, regrettable)",Guess the reading for kanji occuring in a shogi term
物,"ブツ,ぶつ,モノ,もの,もん","古作物(ancient problem (usually without known author))",Guess the reading for kanji occuring in a shogi term
古,"いにしえ,ふる","古作物(ancient problem (usually without known author))
古典図式(classic problem)",Guess the reading for kanji occuring in a shogi term
典,"てん,のり","古典図式(classic problem)",Guess the reading for kanji occuring in a shogi term
章,"しょう","可章馬(Demon Killer)",Guess the reading for kanji occuring in a shogi term
可,"か","可章馬(Demon Killer)
可能になる(become impossible)",Guess the reading for kanji occuring in a shogi term
能,"のう","可能になる(become impossible)",Guess the reading for kanji occuring in a shogi term
右 (part of term),"みぎ","右四間飛車(Right Side Fourth File Rook)
右玉(rightside king)",Guess the reading for kanji occuring in a shogi term
同 (part of term),"どう","同じの(the same)
同型矢倉(Symmetrical Yagura)",Guess the reading for kanji occuring in a shogi term
良,"りょう","味の良い(having good aji)
良い形(good shape)",Guess the reading for kanji occuring in a shogi term
命,"いのち,みこと,めい","命取の(fatal)
懸命な(desperate, eager)",Guess the reading for kanji occuring in a shogi term
子,"こ,こう,し,す,ね,み","若獅子戦(Young Lions (1977))",Guess the reading for kanji occuring in a shogi term
若,"もころ,わか","若獅子戦(Young Lions (1977))
若駒戦(Young Colts (1978))",Guess the reading for kanji occuring in a shogi term
題,"だい","問題図(problem diagram)",Guess the reading for kanji occuring in a shogi term
問 (part of term),"とい,もん","問題図(problem diagram)
疑問の(dubious, questionable)
疑問手(dubious (bad) move)",Guess the reading for kanji occuring in a shogi term
回,"かい","回る （廻る）；回す(turn (sidewards, around) (rook))
回避(-)(evasion, avoiding, dodging)
回避する(avoid, dodge)
奪回(-)(recapture, recover)
指し回し(playing (around), actions)",Guess the reading for kanji occuring in a shogi term
指,"おゆび,および,サシ,さし,ゆび","図までの指して(moves up to the diagram)
図以下の指して(move from the diagram onwards)
指し切り(being out of moves)
指し回し(playing (around), actions)
指し方(way of playing)
指し直す(play a new game (after a sennichite))
指し過ぎ(overplay)
指せる(have a satisfactory game (better than o",Guess the reading for kanji occuring in a shogi term
堅,"けん","固める；堅める(strengthen, stabilize)",Guess the reading for kanji occuring in a shogi term
迫,"セリ,せり","圧迫(-)(pressure, coercion)
迫まる(force, press for, enroach upon)
迫まる(urge, push on, force)",Guess the reading for kanji occuring in a shogi term
鉄,"くろがね,てつ","地下鉄飛車(Subway Rook (contra rightside king in Bishop Exchange))",Guess the reading for kanji occuring in a shogi term
地,"じ,ち,つし,つち","地下鉄飛車(Subway Rook (contra rightside king in Bishop Exchange))
天地まさ(Heaven-and-Earth grain)",Guess the reading for kanji occuring in a shogi term
基,"き,もと,もとい","基本図(basic diagram)",Guess the reading for kanji occuring in a shogi term
報,"ほう","報時する(report the time)",Guess the reading for kanji occuring in a shogi term
時 (part of term),"じ,とき,どき","報時する(report the time)
修業時代(the years of study)
残りの時間(remaining time)
消費時間(used time)",Guess the reading for kanji occuring in a shogi term
壁,"かべ,へき","壁金(銀)(wall gold (silver))
壁銀を直せ(Mend the wall-silver)",Guess the reading for kanji occuring in a shogi term
直 (part of term),"あたい,あたいえ,あたえ,じか,じき,ただ,ちょく,なお,ね,ひた","壁銀を直せ(Mend the wall-silver)
指し直す(play a new game (after a sennichite))
立ち直す(reposition)
素直な(meek, tame)",Guess the reading for kanji occuring in a shogi term
変,"へん","変わる；変える(change (vi; vt))
変わる；変える(change, play a variation (vi; vt))
変則横歩取り(Irregular Side Pawn)
変化長手数(longer variation (mate delayed by interposing pieces, but actual mate is the same))
変更する(change, modify, play a variation)
大変な(terrible)
持駒変換(exchan",Guess the reading for kanji occuring in a shogi term
横,"ヨコ,よこ","変則横歩取り(Irregular Side Pawn)
横効き(横利き)(sideways effect, action (rook))
横歩を取れ(Just take the side pawn)
横歩三年のわずらい(To take the side-pawn is to grasp the nettle (obs.))
横歩取り(Side Pawn)
飛車の横利き受けに強し(The sideways action of the rook is strong in defence)",Guess the reading for kanji occuring in a shogi term
数,"かず,しばしば,すう","変化長手数(longer variation (mate delayed by interposing pieces, but actual mate is the same))",Guess the reading for kanji occuring in a shogi term
化,"か","変化長手数(longer variation (mate delayed by interposing pieces, but actual mate is the same))
強化する(strengthen)",Guess the reading for kanji occuring in a shogi term
長,"おさ,たき,たけ,ちょう,つかさ,なが","変化長手数(longer variation (mate delayed by interposing pieces, but actual mate is the same))
米長玉(Yonenaga king (edge king))
米長矢倉(Yonenaga Yagura)
長びかせる(slow down, draw out)
長ろく(chooroku)",Guess the reading for kanji occuring in a shogi term
更,"こう,こもごも,さら,ふけ","変更する(change, modify, play a variation)",Guess the reading for kanji occuring in a shogi term
丈,"じょう,たき,たけ,だけ","大丈夫な(safe, alright, o.k.)",Guess the reading for kanji occuring in a shogi term
夫,"お,おっと,そ,つま","大丈夫な(safe, alright, o.k.)
工夫(-)(contrive, think of (a new plan, a new move))",Guess the reading for kanji occuring in a shogi term
事,"こと,ごと,こん,じ","大事な(important)
無事な(safe, uneventful)
見事な(beautiful)",Guess the reading for kanji occuring in a shogi term
悪,"あく,ワル,わる","大悪手(blunder)
悪手は悪手をよぶ(A bad move invites more bad moves)
筋の悪い(tactically bad)",Guess the reading for kanji occuring in a shogi term
混,"こん","大混戦(chaotic battle)",Guess the reading for kanji occuring in a shogi term
熱,"ねち,ねつ","大熱戦(fierce, heated fight)",Guess the reading for kanji occuring in a shogi term
胆,"キモ,きも,たん","大胆な(courageous)",Guess the reading for kanji occuring in a shogi term
道,"ち,ぢ,どう,みち","大道詰将棋(Street Tsume Shogi (e.g. in popular city districts))
将棋道(the Way of Shogi)
将棋道場(Shogi playing hall)
岐れ道；分かれ道(crossroads, branch, variation)
脱け道(escape route, loophole)
角道(bishop`s diagonal)",Guess the reading for kanji occuring in a shogi term
肝,"キモ,きも","大駒の捨てどころ肝要なり(Don't be afraid to sacrifice major pieces)
肝心な(essential)
肝要な(necessary)
飛角の捨て場肝腎なり(Don't be afraid to sacrifice rook or bishop)",Guess the reading for kanji occuring in a shogi term
守,"かみ,まもり,もり","天守閣美濃(Castle Tower Mino)
攻めるは守るなり(Attack is the best defence)
玉の守りは金銀三枚(Defend the king with three generals)",Guess the reading for kanji occuring in a shogi term
太,"ふと","太将棋(Grand Shogi (25x25 board, 354 pieces; the biggest existing chesstype game))",Guess the reading for kanji occuring in a shogi term
失,"しつ","失冠(-)(loss of major title)
失望(-)(disappointment, despair)",Guess the reading for kanji occuring in a shogi term
望,"ぼう,もち","失望(-)(disappointment, despair)
希望(-)(hope, expectation)
待望(-)(hope, expectation)
欲望(-)(desire, appetite)
絶望(-)(despair)",Guess the reading for kanji occuring in a shogi term
奏,"そう","奏功(-)(success, fruition)",Guess the reading for kanji occuring in a shogi term
功,"いさお,いたわり,こう","奏功(-)(success, fruition)
成功(-)(success)",Guess the reading for kanji occuring in a shogi term
女,"うみな,おうな,おな,おみな,おんな,じょ,め","女(流)殺しドッカン飛車(Lady Killer Rushing Rook)
女流名人位戦(Women's Meijin Match (1974))
女流王位戦(Women's Oi Match (1989))
女流王将戦(Women's Osho Match (1978))
女流育成会(Women's Training Association)",Guess the reading for kanji occuring in a shogi term
機 (part of term),"き,はた","好機に(at the right moment, when the opportunity arrives)
将棋(支部機関誌)((Local Branch Quarterly))
待機する(wait for one's chance)
機敏な(shrewd, clever)",Guess the reading for kanji occuring in a shogi term
調,"ちょう","好調に(favourably, smoothly)",Guess the reading for kanji occuring in a shogi term
孤,"こ,みなしご","孤立した駒(isolated piece)",Guess the reading for kanji occuring in a shogi term
了,"りょう","完了する((make) complete)
投了(-)(resignation)
投了図(resign diagram)
終了(-)(end)",Guess the reading for kanji occuring in a shogi term
封,"ふう","完封(-)(blockade)
封鎖(-)(blockade)
鬼殺し封じ(Demon Killer Block)",Guess the reading for kanji occuring in a shogi term
現,"うつつ,げん","実現(-)(realization)",Guess the reading for kanji occuring in a shogi term
害,"がい","害(-)(damage (n))
被害(-)(damage (n))",Guess the reading for kanji occuring in a shogi term
容,"かたち,かんばせ,よう","容易な(easy)",Guess the reading for kanji occuring in a shogi term
易,"い,えき","容易な(easy)",Guess the reading for kanji occuring in a shogi term
富,"とみ","富士通杯アマ.プロトーナメント戦(Fujitsu Cup Amateur-ProTournament (1989))",Guess the reading for kanji occuring in a shogi term
通,"つう","富士通杯アマ.プロトーナメント戦(Fujitsu Cup Amateur-ProTournament (1989))
通信将棋(postal Shogi)",Guess the reading for kanji occuring in a shogi term
抗,"こう","対抗(-)(resistance)
抵抗(-)(resistance)
角には角で対抗(Oppose bishop with bishop (Against bishop resist with bishop))",Guess the reading for kanji occuring in a shogi term
鎖,"くさり,じょう","封鎖(-)(blockade)
鎖鎌銀(Sickle-and-chain Silver)",Guess the reading for kanji occuring in a shogi term
門,"かど,と,もん","専門棋士(professional player)",Guess the reading for kanji occuring in a shogi term
専,"せん","専門棋士(professional player)",Guess the reading for kanji occuring in a shogi term
誌,"し","将棋(支部機関誌)((Local Branch Quarterly))",Guess the reading for kanji occuring in a shogi term
関,"かん,セキ,せき,ぜき","将棋(支部機関誌)((Local Branch Quarterly))
師弟関係(teacher-pupil relationship)",Guess the reading for kanji occuring in a shogi term
支,"し","将棋(支部機関誌)((Local Branch Quarterly))
支え切れない(cannot be saved)",Guess the reading for kanji occuring in a shogi term
界,"かい,さかい","将棋世界((monthly))
限界点の捨て駒(id.)",Guess the reading for kanji occuring in a shogi term
巧,"こう","将棋図巧(Ingenious Shogi Problems (Ito Kanju`s genial masterpiece in 1756 offered to the shogun as Shoogi Zushiki, Shogi Problems))
巧みな(ingenious, smart)
巧妙な(ingenious)",Guess the reading for kanji occuring in a shogi term
賞,"しょう","将棋大賞(The Great Shogi Award)
将棋栄誉賞(the Award of Honor (awarded by the JSF after 600 wins in official tournaments))
最優秀棋士賞(Award for the Best Player of the Year)",Guess the reading for kanji occuring in a shogi term
鑑,"かがみ","将棋年鑑(Shogi Yearbook)",Guess the reading for kanji occuring in a shogi term
年,"とし,とせ,ねん","将棋年鑑(Shogi Yearbook)
横歩三年のわずらい(To take the side-pawn is to grasp the nettle (obs.))",Guess the reading for kanji occuring in a shogi term
栄,"えい,はやし,ロン","将棋栄誉賞(the Award of Honor (awarded by the JSF after 600 wins in official tournaments))",Guess the reading for kanji occuring in a shogi term
双,"そう,モロ,もろ","将棋無双(Unparalleled Shogi Problems (Ito Sokan III's classical masterpiece, in 1735 offered to the shogun as Shoogi Tsukurimono, Shogi Problems))",Guess the reading for kanji occuring in a shogi term
盤 (part of term),"さら,ばん","将棋盤セット(the Shogi board and set)
序盤は飛車より角(In the opening the bishop is more important than the rook)
盤面全体(the whole board)
盤面全部(the whole board)
盤面曲詰(Board Composition (problem diagr. shows a character, figure or letter))
盤駒(pieces on the board)
終盤（寄せ",Guess the reading for kanji occuring in a shogi term
小,"お,ぐゎー,こ,さ,ささ,さざ,しょう","小駒図式(Minor Pieces Problem)",Guess the reading for kanji occuring in a shogi term
居,"い,きょ","居玉(sitting king, sitting duck)
居玉には飛車より角(Against a sitting king the bishop is stronger than the rook)
居玉は避けよ(Avoid a sitting king (a sitting king is a sitting duck))
居角(static bishop)
居飛車穴熊(Static Rook Bear-in-the-hole)",Guess the reading for kanji occuring in a shogi term
展,"てん","展開にする(develop)
展開になる(be developed)",Guess the reading for kanji occuring in a shogi term
岐,"ちまた","岐れ道；分かれ道(crossroads, branch, variation)",Guess the reading for kanji occuring in a shogi term
左 (part of term),"さ,ひだり","左美濃(Left(side) Mino)",Guess the reading for kanji occuring in a shogi term
巻,"かん,まき","巻のりょう湖(maki no ryooko (famous calligrapher in latter Tokugawa days))",Guess the reading for kanji occuring in a shogi term
湖,"こ,みずうみ","巻のりょう湖(maki no ryooko (famous calligrapher in latter Tokugawa days))",Guess the reading for kanji occuring in a shogi term
希,"き,まれ","希望(-)(hope, expectation)",Guess the reading for kanji occuring in a shogi term
匠,"しょう,たくみ","師(匠)(master, teacher)",Guess the reading for kanji occuring in a shogi term
師,"し","師(匠)(master, teacher)
師弟関係(teacher-pupil relationship)
我が師の恩(the kindness of my (our) teacher, the obligation to my (our) teacher)
駒師(master woodworker)",Guess the reading for kanji occuring in a shogi term
弟,"おと,おとうと,おとと,てい","師弟関係(teacher-pupil relationship)",Guess the reading for kanji occuring in a shogi term
係,"かかり,がかり","師弟関係(teacher-pupil relationship)",Guess the reading for kanji occuring in a shogi term
常,"タダ,ただ,つね,とこ","常識手(common sense move)",Guess the reading for kanji occuring in a shogi term
識,"しき","常識手(common sense move)",Guess the reading for kanji occuring in a shogi term
平,"だいら,ヒラ,ひら,へい","平手戦(even game)
平香交落(alternating even game with lance handicap (obs.))",Guess the reading for kanji occuring in a shogi term
香 (part of term),"か,かおり,きょう,こう,こり","平香交落(alternating even game with lance handicap (obs.))
歩の代りの香(lance exchange for a pawn)
重ねの香(piled-up lances)
香は下段から打て(Drop the lance on the back rank)
香は離して打て(Drop the lances at a distance)",Guess the reading for kanji occuring in a shogi term
序,"じょ,ついで","序盤は飛車より角(In the opening the bishop is more important than the rook)",Guess the reading for kanji occuring in a shogi term
底,"そこ,てい","底歩(anchor pawn)
金底の歩(pawn-anchored gold)
金底の歩は岩より固し(A pawn-anchored gold is more solid than a rock)",Guess the reading for kanji occuring in a shogi term
引 (part of term),"びき","引角(retreating bishop (B7i or B3a))",Guess the reading for kanji occuring in a shogi term
弱,"じゃく","弱まる；弱める(become weaker; weaken, undermine (vi; vt))
飛車と玉はコビンが弱い(Rook and king are weak at the ears)",Guess the reading for kanji occuring in a shogi term
強,"きょう","強まる；強める(become stronger; strengthen (vi; vt))
強化する(strengthen)
強手(forcing move; strong move)
強襲(-)(assault, storming)
強要する(enforce, coerce)
補強する(strengthen)
飛車の横利き受けに強し(The sideways action of the rook is strong in defence)",Guess the reading for kanji occuring in a shogi term
襲,"かさね","強襲(-)(assault, storming)
襲位(succession to the title)",Guess the reading for kanji occuring in a shogi term
当,"とう,はた","当たる；当てる(threaten to take (vi; vt))
当然の(natural, proper)
正当な(correct)
相当な(adequate, suitable)
至当な(suitable, reasonable)
適当な(suitable, proper)",Guess the reading for kanji occuring in a shogi term
然,"さ,しか,ぜん","当然の(natural, proper)
自然の(natural)
自然流(natural style (Nakahara Makoto`s style))",Guess the reading for kanji occuring in a shogi term
業,"ぎょう,ごう,わざ","修業時代(the years of study)",Guess the reading for kanji occuring in a shogi term
彫,"えり,ほり","彫まい駒(pieces engraved and filled with lacquer)
彫駒(engraved pieces)",Guess the reading for kanji occuring in a shogi term
後,"あと,うしろ,ご,しり,のち","後悔(-)(regret (n))
後続の(following, next)
後退(-)(retreat)
後退する(retreat)
手順前後(reverse order of moves (usually wrong))",Guess the reading for kanji occuring in a shogi term
続,"しょく,ぞく","後続の(following, next)
継続(-)(continuation)
続く；続ける(continue (vi; vt))
連続王手(successive checks)",Guess the reading for kanji occuring in a shogi term
微,"び","微妙な(subtle)
微妙手((very) subtle move)",Guess the reading for kanji occuring in a shogi term
必,"ひつ","必死がかかる(set up a brinkmate)
必死を逃れの必死(hisshi (brinkmate) to escape hisshi)
必要な(necessary)
王手よりもばり（と必死）(Squeeze (and hisshi) first, check later)
詰みより必死(Hisshi (brinkmate) is better than mate)",Guess the reading for kanji occuring in a shogi term
忌,"いみ,き","忌避する(avoid, dodge)",Guess the reading for kanji occuring in a shogi term
急,"きゅう","急しい(hasty)
急す(hurry, make haste)
急戦(quick attack, early fight)
急戦矢倉(Quick Attack Yagura)
歩越銀は急戦(Silver in front of its pawns -- quick attack, gold behind its pawns -- slow game)",Guess the reading for kanji occuring in a shogi term
表,"おもて,ひょう","意表をつける(surprise (v))",Guess the reading for kanji occuring in a shogi term
重,"え,おも,じゅう","慎重な(careful)
自重な(prudent, careful)
重ねの香(piled-up lances)
重厚な(thick, solid)
重視する(take into serious consideration)",Guess the reading for kanji occuring in a shogi term
懸,"かけ,がけ","懸命な(desperate, eager)
手懸かりの桂(knight foothold)
相懸り（戦法）(Double Wing Attack (opening))",Guess the reading for kanji occuring in a shogi term
我,"あ,あれ,が,わ,わが,わぬ,われ,わろ","我が師の恩(the kindness of my (our) teacher, the obligation to my (our) teacher)",Guess the reading for kanji occuring in a shogi term
恩,"おん","我が師の恩(the kindness of my (our) teacher, the obligation to my (our) teacher)",Guess the reading for kanji occuring in a shogi term
薄,"うす,ススキ,すすき","手薄い(thin, not solid (also: scarce, short of))",Guess the reading for kanji occuring in a shogi term
際,"きわ,ぎわ,さい","手際よい(efficient)",Guess the reading for kanji occuring in a shogi term
破,"は","打破(-)(destruction)
突破(-)(breakthrough)",Guess the reading for kanji occuring in a shogi term
投,"とう","投げ場(point of resigning)
投了(-)(resignation)
投了図(resign diagram)
投入する(throw into, drop)",Guess the reading for kanji occuring in a shogi term
抑,"そも,そもそも","押える(抑える)(restrain, contain, hold down, constrain (opposite of sabaku))",Guess the reading for kanji occuring in a shogi term
否,"いな,いや,ひ","拒否する(refuse, reject)",Guess the reading for kanji occuring in a shogi term
役,"えき,えだち,やく","持久戦には角が主役(In a slow game the bishop has the leading role)",Guess the reading for kanji occuring in a shogi term
導,"しるべ","指導対局(teaching game, simultaneous game)
誘導する(induce, entice)",Guess the reading for kanji occuring in a shogi term
折,"おり","挫折(-)(failure, collapse, set-back)",Guess the reading for kanji occuring in a shogi term
排,"はい","排除する(remove)",Guess the reading for kanji occuring in a shogi term
除,"じょ","排除する(remove)",Guess the reading for kanji occuring in a shogi term
察,"サツ,さつ","推察(-)(guess, deduction)",Guess the reading for kanji occuring in a shogi term
軍,"いくさ,ぐん","援軍を送る(send support troops)",Guess the reading for kanji occuring in a shogi term
改,"かい","改める；改まる(correct, renew (vi; vt))",Guess the reading for kanji occuring in a shogi term
足,"あし,そく","攻めの足場を残せ(Keep the foothold for the attack)
攻め足(foothold for the attack)
満足(-)(satisfaction)
満足な(satisfactory, sufficient)",Guess the reading for kanji occuring in a shogi term
残,"ざん","攻めの足場を残せ(Keep the foothold for the attack)
残りの時間(remaining time)
残る；残す(remain, be spared; leave behind (vi; vt))
残念(-)(regret, chagrin)
金は止めに残せ(Save the gold till the end (for the coup the grace))",Guess the reading for kanji occuring in a shogi term
敗,"はい","敗（戦）(defeat)
敗北(-)(defeat)",Guess the reading for kanji occuring in a shogi term
北,"きた,ペー","敗北(-)(defeat)",Guess the reading for kanji occuring in a shogi term
敵 (part of term),"かたき,てき","敵の打ちたいところへ打て(Drop where your opponent wants to drop)
敵飛の位置を見て自玉を囲え(Castle your king after seeing where the rook moves to)
棋敵(opponent)
竜は敵陣に(The dragon to the enemy camp, the horse to your own)",Guess the reading for kanji occuring in a shogi term
自,"ころ,じ","敵飛の位置を見て自玉を囲え(Castle your king after seeing where the rook moves to)
自信(がない)((have no) (self-)confidence)
自戦記(commentary of own game)
自然の(natural)
自然流(natural style (Nakahara Makoto`s style))
自重な(prudent, careful)
自陣角(馬)(bishop (horse) in the own cam",Guess the reading for kanji occuring in a shogi term
新,"あら,さら,しん,にい","新人王戦(New Stars' King (1970))
新進棋士奨励会(Apprentice Professionals' Association)
早指し新鋭戦(Quick Shogi New Pick (1982))",Guess the reading for kanji occuring in a shogi term
鋭,"えい","早指し新鋭戦(Quick Shogi New Pick (1982))",Guess the reading for kanji occuring in a shogi term
選,"せん","早指し選手権戦(Quick Shogi Championship (1972))
選手権戦(championship, title match)",Guess the reading for kanji occuring in a shogi term
権,"けん","早指し選手権戦(Quick Shogi Championship (1972))
選手権戦(championship, title match)",Guess the reading for kanji occuring in a shogi term
明,"さや,みょう,みん,めい","明らかな(clear)
説明(-)(explanation, elucidation)",Guess the reading for kanji occuring in a shogi term
書,"しょ,ふみ","書せき(handwriting (specimen))",Guess the reading for kanji occuring in a shogi term
秀,"しゅう","最優秀棋士賞(Award for the Best Player of the Year)",Guess the reading for kanji occuring in a shogi term
最,"さい","最優秀棋士賞(Award for the Best Player of the Year)
最善手(the best move)",Guess the reading for kanji occuring in a shogi term
善,"ぜん","最善手(the best move)",Guess the reading for kanji occuring in a shogi term
有,"う,ゆう","有利な(profitable, advantageous)
有力な(powerful)
有効な(effective)",Guess the reading for kanji occuring in a shogi term
村,"そん,むら","木村美濃(Kimura's Mino)",Guess the reading for kanji occuring in a shogi term
木,"き,もく","木村美濃(Kimura's Mino)",Guess the reading for kanji occuring in a shogi term
果,"か,はか,はたて","果敢な(bold, resolute)",Guess the reading for kanji occuring in a shogi term
跡,"あと,せき","桂先の銀定跡なり(Silver at the head of the (opponent's) knight is the standard move)
駅馬車定跡(Stagecoach Joseki)
鷺宮定跡(Heron Palace Joseki)",Guess the reading for kanji occuring in a shogi term
定,"さだ,じょう","桂先の銀定跡なり(Silver at the head of the (opponent's) knight is the standard move)
駅馬車定跡(Stagecoach Joseki)
鷺宮定跡(Heron Palace Joseki)",Guess the reading for kanji occuring in a shogi term
高,"こう,たか,だか","桂馬の高とび歩の餌食(The knight that jumps far falls prey to a pawn)
高とびの桂(advanced (high jumping) knight)
高等戦術(higher strategy)
高美濃(High Mino)",Guess the reading for kanji occuring in a shogi term
桐 (part of term),"キリ,きり","桐蓋(paulownia cover (for big board))",Guess the reading for kanji occuring in a shogi term
蓋,"フタ,ふた","桐蓋(paulownia cover (for big board))",Guess the reading for kanji occuring in a shogi term
具,"ぐ,つま","棋具(playing equipment)",Guess the reading for kanji occuring in a shogi term
理,"ことわり,り","棋理(Shogi theory)
理解(-)(understanding)",Guess the reading for kanji occuring in a shogi term
聖,"せい,ひじり","棋聖戦((Fall 1962))",Guess the reading for kanji occuring in a shogi term
森,"もり","森安流棒玉穴熊(Moriyasu Style Climbing King Bear in the Hole)",Guess the reading for kanji occuring in a shogi term
楽,"がく,らく","楽しみになる(look forward to)",Guess the reading for kanji occuring in a shogi term
構,"カジ,かじ,かまえ","構想型詰(ideal type problem (opp. of actual game type))",Guess the reading for kanji occuring in a shogi term
想,"そう","構想型詰(ideal type problem (opp. of actual game type))",Guess the reading for kanji occuring in a shogi term
敏,"びん","機敏な(shrewd, clever)",Guess the reading for kanji occuring in a shogi term
欲,"よく","欲望(-)(desire, appetite)",Guess the reading for kanji occuring in a shogi term
正,"しょう,せい,まさ","正当な(correct)",Guess the reading for kanji occuring in a shogi term
内,"うち,ない","歩内金は持久戦(Silver in front of its pawns -- quick attack, gold behind its pawns -- slow game)",Guess the reading for kanji occuring in a shogi term
越,"えつ","歩越し銀(silver in front of its pawns)
歩越銀は急戦(Silver in front of its pawns -- quick attack, gold behind its pawns -- slow game)
歩越銀は歩で受けよ(Against the silver in front of its pawns, defend with a pawn)
突き越す(push on)",Guess the reading for kanji occuring in a shogi term
頭 (part of term),"あたま,かしら,がしら,かぶし,かぶり,こうべ,ず,つむ,つむり,とう,ドタマ,どたま","歩頭桂(knight (sacrifice) at the head of the pawn (endgame))
玉頭(head of the king)
玉頭位取り(King`s Head Vanguard Pawn)
角頭(head of the bishop)
角頭歩突き(Bishop`s Head Pawn Push)
金頭の桂(knight (sacrifice) at the head of the gold)",Guess the reading for kanji occuring in a shogi term
念,"ねん","残念(-)(regret, chagrin)",Guess the reading for kanji occuring in a shogi term
比,"ころ,ごろ,ころおい,たぐい,ひ","比べる；較べる(compare)
比較(-)(comparison)
比較検討(comparitive analysis)",Guess the reading for kanji occuring in a shogi term
水,"すい,み,みず","水無瀬(minase)",Guess the reading for kanji occuring in a shogi term
瀬,"せ","水無瀬(minase)",Guess the reading for kanji occuring in a shogi term
着 (part of term),"ぎ,ちゃく","沈着な(calm, selfcomposed)
着実な(calm, steady)
着手(-)(start (n))
逃げ場の先着(arriving first at the loophole (by sacrificing a piece letting the opponent plug up the king's escape route))",Guess the reading for kanji occuring in a shogi term
活,"かつ","活動する(activate, deploy)
活用する(activate, bring into play)
活躍する(activate, bring into play)
遊び駒を活用せよ(Activate idle pieces)",Guess the reading for kanji occuring in a shogi term
極,"きょく,ごく,はたて","消極的な(passive, negative)
積極的な(positive, active)",Guess the reading for kanji occuring in a shogi term
的 (part of term),"てき,まと","消極的な(passive, negative)
積極的な(positive, active)",Guess the reading for kanji occuring in a shogi term
費,"あたい,ひ","消費時間(used time)",Guess the reading for kanji occuring in a shogi term
清,"さや,しん","清算(-)(liquidation, cleaning up)
源兵衛清安(genbei kiyoyasu)
細字の清安(small character kiyoyasu)",Guess the reading for kanji occuring in a shogi term
算,"さん","清算(-)(liquidation, cleaning up)
誤算(-)(miscalculation)",Guess the reading for kanji occuring in a shogi term
源,"げん,みなもと","源兵衛清安(genbei kiyoyasu)",Guess the reading for kanji occuring in a shogi term
兵,"いくさ,ツワモノ,つわもの,ひょう,へい","源兵衛清安(genbei kiyoyasu)
飛車の手兵は銀(The rook's page is the silver)",Guess the reading for kanji occuring in a shogi term
激,"げき","激突戦い(Match Promotions (1989))",Guess the reading for kanji occuring in a shogi term
視,"し","無視する(ignore, disregard)
軽視する(slight, ignore, neglect)
重視する(take into serious consideration)",Guess the reading for kanji occuring in a shogi term
謀,"はかりごと","無謀な(reckless, thoughtless)",Guess the reading for kanji occuring in a shogi term
点,"チョボ,ちょぼ,てん,ぽち,ぽつ","焦点に歩を打て(Drop a pawn on the focal point)
焦点の捨て駒(sacrifice (drop) at the focal point)
焦点の歩(focal point pawn (drop))
限界点の捨て駒(id.)",Guess the reading for kanji occuring in a shogi term
煙,"けぶ,けぶり,けむ,けむり","煙詰(Smoke Tsume (problem shows 39 p. on the board; solution shows only 3 p.) (first example by Ito Kanju, Z.K. 99) (very rare))",Guess the reading for kanji occuring in a shogi term
熟,"つくずく,つくつく,つくづく,つらつら","熟慮(-)(id.)
熟考(-)(due consideration, mature reflection)",Guess the reading for kanji occuring in a shogi term
片,"かた,ひら,ビラ,びら,へん,ペンス","片矢倉(Incomplete Yagura)
片美濃(Incomplete Mino)",Guess the reading for kanji occuring in a shogi term
狭,"さ,せ","狭まる；狭める(become narrow; narrow down (vi; vt))",Guess the reading for kanji occuring in a shogi term
城,"き,じょう,しろ","玉と入城する(bring the king inside the castle)",Guess the reading for kanji occuring in a shogi term
腹 (part of term),"はら","玉の腹から銀を打て(Drop a silver at the king's belly)",Guess the reading for kanji occuring in a shogi term
路,"じ,ち,ぢ,みち","玉の退路を断て(Cut off the king's escape route)
退路への捨て駒(sacrifice at the loophole (of the king) (endgame))",Guess the reading for kanji occuring in a shogi term
座,"ざ","王座戦((1953))",Guess the reading for kanji occuring in a shogi term
珍,"ちん","珍玉(Strange King)",Guess the reading for kanji occuring in a shogi term
解,"かい","理解(-)(understanding)
解説(-)(explanation, commentary)
難解な(difficult)",Guess the reading for kanji occuring in a shogi term
舎,"しゃ","田舎流(boorish style)",Guess the reading for kanji occuring in a shogi term
疑,"ぎ","疑問の(dubious, questionable)
疑問手(dubious (bad) move)",Guess the reading for kanji occuring in a shogi term
盛,"もり","盛上(intaglio repeatedly filled with lacquer)",Guess the reading for kanji occuring in a shogi term
面,"おも,おもて,ツラ,つら,ヅラ,づら,めん,も,もて","盤面全体(the whole board)
盤面全部(the whole board)
盤面曲詰(Board Composition (problem diagr. shows a character, figure or letter))
面倒な(troublesome, difficult, unpleasant)",Guess the reading for kanji occuring in a shogi term
体,"からだ,たい,てい","盤面全体(the whole board)
立体詰(Three dimensional Tsume (both bammen en aburidashi kyokuzume {rare}))",Guess the reading for kanji occuring in a shogi term
法,"のり,ほう","相懸り（戦法）(Double Wing Attack (opening))
矢倉（戦法）(Yagura (opening) (yagura, arrow depository))",Guess the reading for kanji occuring in a shogi term
略,"ほぼ,りゃく","省略する(omit)",Guess the reading for kanji occuring in a shogi term
省,"しょう","省略する(omit)",Guess the reading for kanji occuring in a shogi term
腰,"コシ,こし,ごし,よう","矢倉腰掛銀(Yagura Reclining Silver)
腰掛銀(Reclining Silver)",Guess the reading for kanji occuring in a shogi term
袖,"そで","矢倉袖飛車(Yagura Sleeve Rook)
袖飛車(Sleeve Rook)",Guess the reading for kanji occuring in a shogi term
知,"ち","知っている(know)",Guess the reading for kanji occuring in a shogi term
垣,"かき","石垣図式(Stone Wall Problem (king completely walled in in the mating diagr.))",Guess the reading for kanji occuring in a shogi term
石,"いし,こく,せき","石垣図式(Stone Wall Problem (king completely walled in in the mating diagr.))
石田流升田式(Masuda Style Ishida (System))",Guess the reading for kanji occuring in a shogi term
確,"かく,たしか","確保する(secure, maintain, ensure)",Guess the reading for kanji occuring in a shogi term
秘,"ひ","秘手(concealed, hidden move)",Guess the reading for kanji occuring in a shogi term
行,"ぎょう,こう","移行する(switch over (to))
行動(-)(movements, action)",Guess the reading for kanji occuring in a shogi term
積,"せき","積極的な(positive, active)",Guess the reading for kanji occuring in a shogi term
派,"は","立派な(excellent)",Guess the reading for kanji occuring in a shogi term
竜 (part of term),"たつ,りゅう,りょう","竜は敵陣に(The dragon to the enemy camp, the horse to your own)
竜王戦((first held in 1988) (Ryuo...Kio are the seven major titles))
竜追い(Dragon Chase (hunting the king all over the board with the dragon))",Guess the reading for kanji occuring in a shogi term
陣,"じん","竜は敵陣に(The dragon to the enemy camp, the horse to your own)
自陣角(馬)(bishop (horse) in the own camp)
陣型図式(Original Formation Problem (all White's p. on the first rank occupy the same position as at the start of a game) (first example by Ito Kanju, Z.K. ",Guess the reading for kanji occuring in a shogi term
競,"くら,せり","競争(-)(competition, contest)
覇を競り合う(vie, compete for the championship)",Guess the reading for kanji occuring in a shogi term
策,"さく,ムチ,むち","策(-)(plan, stratagem)",Guess the reading for kanji occuring in a shogi term
簡,"かん,ふだ,ふみた,ふんだ","簡単な(easy. simple)",Guess the reading for kanji occuring in a shogi term
米,"コメ,こめ,べい,メートル,めめ,よね","米長玉(Yonenaga king (edge king))
米長矢倉(Yonenaga Yagura)",Guess the reading for kanji occuring in a shogi term
糸,"いと,し","糸まさ(fine grain (smaller than 1mm))",Guess the reading for kanji occuring in a shogi term
純,"じゅん","純粋縦歩取り(Pure Rook on Pawn)",Guess the reading for kanji occuring in a shogi term
粋,"いき,すい","純粋縦歩取り(Pure Rook on Pawn)",Guess the reading for kanji occuring in a shogi term
素,"す,そ,もと","素抜き(pure, clean profit)
素抜ける(can take simply (without any loss))
素直な(meek, tame)",Guess the reading for kanji occuring in a shogi term
細,"いささ,いさら,さい,ささ,さざ,ほそ","細字の清安(small character kiyoyasu)",Guess the reading for kanji occuring in a shogi term
終,"おわり,つい","終了(-)(end)
終戦(-)(end of the fight)
終生名人制(Lifetime Meijin system (1612-1937))
終盤（寄せ）は駒の損得より速度(In the endgame (yose) speed is more important than material)",Guess the reading for kanji occuring in a shogi term
速,"そく","終盤（寄せ）は駒の損得より速度(In the endgame (yose) speed is more important than material)",Guess the reading for kanji occuring in a shogi term
度,"たび,たんび,ド,ど,どう","終盤（寄せ）は駒の損得より速度(In the endgame (yose) speed is more important than material)",Guess the reading for kanji occuring in a shogi term
絶,"ぜつ","絶好の一手(the best move)
絶妙な(sublime, brilliant)
絶妙手(absolutely brilliant move)
絶対手(forced move)
絶望(-)(despair)",Guess the reading for kanji occuring in a shogi term
綺,"かにはた,かんはた,かんばた,き","綺麗な(nice, pretty)",Guess the reading for kanji occuring in a shogi term
総,"そう,ふさ","総矢倉(Complete Yagura)",Guess the reading for kanji occuring in a shogi term
脇,"かたわら,わき","脇(の下)(armpits)",Guess the reading for kanji occuring in a shogi term
病,"いたずき,いたつき,いたづき,びょう,やまい","臆病な(cowardish, timid)",Guess the reading for kanji occuring in a shogi term
記,"き","自戦記(commentary of own game)",Guess the reading for kanji occuring in a shogi term
至,"し","至当な(suitable, reasonable)",Guess the reading for kanji occuring in a shogi term
菱,"ヒシ,ひし","菱囲い(Lozenge Castle)",Guess the reading for kanji occuring in a shogi term
虎,"トラ,とら","虎ふ(tiger stripes (thick, wavy, reddish lines))",Guess the reading for kanji occuring in a shogi term
術,"じゅつ,すべ","術中に陥る(fall into a trap)
高等戦術(higher strategy)",Guess the reading for kanji occuring in a shogi term
被,"ひ","被害(-)(damage (n))",Guess the reading for kanji occuring in a shogi term
裸,"はだか","裸玉(Naked King (first example by Ito Kanju, Z.K. 98))
裸玉(naked king)",Guess the reading for kanji occuring in a shogi term
複,"ふく","複雑な(complicated)",Guess the reading for kanji occuring in a shogi term
雑,"ざつ,ぞう","複雑な(complicated)",Guess the reading for kanji occuring in a shogi term
覚,"サトリ,さとり","覚悟(-)(insight, expectation, resignation)",Guess the reading for kanji occuring in a shogi term
説,"せつ","解説(-)(explanation, commentary)
説明(-)(explanation, elucidation)",Guess the reading for kanji occuring in a shogi term
評,"ひょう","評価(-)(evaluation)",Guess the reading for kanji occuring in a shogi term
価,"あたい,か","評価(-)(evaluation)",Guess the reading for kanji occuring in a shogi term
試,"し","試す；試みる(try)",Guess the reading for kanji occuring in a shogi term
誤,"ご","誤った(mistaken, wrong)
誤算(-)(miscalculation)",Guess the reading for kanji occuring in a shogi term
豆,"マメ,まめ","豆腐図式(Tofu Problem (problem diagr. shows only king, pawns and tokins))",Guess the reading for kanji occuring in a shogi term
貧,"ひん","貧乏図式(Poor Man`s Problem (without any gold or silver))",Guess the reading for kanji occuring in a shogi term
質,"しち,しつ,たち","質駒(hostage piece (to be captured any time))
質駒(pawned piece (can be taken anytime))",Guess the reading for kanji occuring in a shogi term
赤,"あか","赤まさ(red grain)",Guess the reading for kanji occuring in a shogi term
超,"ちょう,チョー","超早指し将棋(lightning Shogi)",Guess the reading for kanji occuring in a shogi term
趣,"おもむき","趣向詰将棋(mate compositions (with additional restrictions or special devices))",Guess the reading for kanji occuring in a shogi term
転,"うたた,くるり,てん","転じる；転ずる(turn (around), be transferred)
転換する(convert, switch, transpose)
転用する(convert)",Guess the reading for kanji occuring in a shogi term
軽,"けい","軽妙な(smart)
軽手(light move)
軽率な(rash, hasty)
軽視する(slight, ignore, neglect)",Guess the reading for kanji occuring in a shogi term
率,"りつ","軽率な(rash, hasty)",Guess the reading for kanji occuring in a shogi term
辛,"かのと,しん","辛抱(-)(patience)",Guess the reading for kanji occuring in a shogi term
治,"ち","退治する(subjugate, control, exterminate)",Guess the reading for kanji occuring in a shogi term
途,"と,ど,みち","途中図(intermediate diagram)",Guess the reading for kanji occuring in a shogi term
週,"しゅう","週間将棋(Shogi Weekly)",Guess the reading for kanji occuring in a shogi term
達,"たち,ダチ,だち","達成する(achieve, attain)",Guess the reading for kanji occuring in a shogi term
遠,"とお","遠見の角(watchtower bishop)
遠見の角に妙手あり(With a watchtower bishop there is bound to be a brilliant move)",Guess the reading for kanji occuring in a shogi term
適,"たま,たまたま","適当な(suitable, proper)",Guess the reading for kanji occuring in a shogi term
元,"げん,もと,ユアン","還元玉(Original Position King (king is mated on his original square))",Guess the reading for kanji occuring in a shogi term
邪,"じゃ,よこしま","邪魔駒(obstacle, blocking piece)",Guess the reading for kanji occuring in a shogi term
魔,"ま","邪魔駒(obstacle, blocking piece)",Guess the reading for kanji occuring in a shogi term
都,"と,みやこ","都詰(Mate in the Capital (5e))",Guess the reading for kanji occuring in a shogi term
厚,"あつ","重厚な(thick, solid)",Guess the reading for kanji occuring in a shogi term
斜,"しゃ,ななめ,なのめ,はす","金は斜めに誘え(Entice the gold diagonally forwards)",Guess the reading for kanji occuring in a shogi term
岩,"いわ","金底の歩は岩より固し(A pawn-anchored gold is more solid than a rock)",Guess the reading for kanji occuring in a shogi term
釘,"クギ,くぎ","釘を打つ(pin down (lit. pound in a nail))
釘付けにする(pin down, tie down)",Guess the reading for kanji occuring in a shogi term
付,"ツキ,つき,づき,づけ","釘付けにする(pin down, tie down)",Guess the reading for kanji occuring in a shogi term
使,"し","銀は千鳥に使う(Use the silver like a plover (moving zigzag))",Guess the reading for kanji occuring in a shogi term
鳥,"トリ,とり","銀は千鳥に使う(Use the silver like a plover (moving zigzag))
鳥将棋(Tori (Bird) Shogi (7x7 board, 32 pieces))",Guess the reading for kanji occuring in a shogi term
伝,"ツテ,つて,でん","銀多伝(Silver Tandem (a castle in 2-piece handicap))",Guess the reading for kanji occuring in a shogi term
多,"た","銀多伝(Silver Tandem (a castle in 2-piece handicap))",Guess the reading for kanji occuring in a shogi term
雲,"くも","銀雲雀(Silver Skylark)",Guess the reading for kanji occuring in a shogi term
雀,"スズメ,すずめ","銀雲雀(Silver Skylark)
雀刺し(Spearing the Sparrow)",Guess the reading for kanji occuring in a shogi term
鎌,"かま","鎖鎌銀(Sickle-and-chain Silver)",Guess the reading for kanji occuring in a shogi term
限,"きり","限界点の捨て駒(id.)",Guess the reading for kanji occuring in a shogi term
刺,"し,トゲ,とげ","雀刺し(Spearing the Sparrow)",Guess the reading for kanji occuring in a shogi term
集,"しゅう","集中する(centralize, concentrate)",Guess the reading for kanji occuring in a shogi term
難,"なん","難戦(difficult game)
難解な(difficult)",Guess the reading for kanji occuring in a shogi term
離,"り","離し飛車(detached rook (drop) (coming closer and promoting on the next move) (endgame))
離れ駒(loose piece)
離れ駒に手あり(If there are loose pieces, you won't be stuck for a move)
香は離して打て(Drop the lances at a distance)",Guess the reading for kanji occuring in a shogi term
非,"ひ","非勢(bad position)",Guess the reading for kanji occuring in a shogi term
頓,"とに,とみ,とん,ひたすら,ひたぶる","頓挫する(come to a deadlock)",Guess the reading for kanji occuring in a shogi term
類,"たぐい,るい","類似作(similar problem (strongly resembling an existing problem))",Guess the reading for kanji occuring in a shogi term
似,"に","類似作(similar problem (strongly resembling an existing problem))",Guess the reading for kanji occuring in a shogi term
腎,"じん,むらと,むらど","飛角の捨て場肝腎なり(Don't be afraid to sacrifice rook or bishop)",Guess the reading for kanji occuring in a shogi term
鋸,"ノコギリ,のこぎり","馬ノコ（鋸）(Horse Saw (moving zig-zag in order to take a piece at the other side of the board, while continuing to give check))",Guess the reading for kanji occuring in a shogi term
駅,"えき","駅馬車定跡(Stagecoach Joseki)",Guess the reading for kanji occuring in a shogi term
箱,"ハコ,はこ","駒箱(box for pieces)",Guess the reading for kanji occuring in a shogi term
袋,"たい,ふくろ","駒袋(bag for pieces)",Guess the reading for kanji occuring in a shogi term
銘,"めい","駒銘(signature of artisan (at the side of the king))",Guess the reading for kanji occuring in a shogi term
等,"とう,など,ら","高等戦術(higher strategy)",Guess the reading for kanji occuring in a shogi term
鷺,"サギ,さぎ","鷺宮定跡(Heron Palace Joseki)",Guess the reading for kanji occuring in a shogi term
宮,"きゅう,みや","鷺宮定跡(Heron Palace Joseki)",Guess the reading for kanji occuring in a shogi term
勝戦,"かちいくさ","(準)決勝戦((semi)finals)",Guess the reading for kanji occuring in a shogi term
決勝,"けっしょう","(準)決勝戦((semi)finals)",Guess the reading for kanji occuring in a shogi term
飛車 (part of term),"ひしゃ","(相)下段飛車((Double) Back Rank Rook)
(相)浮飛車((Double) Floating Rook)
ひねり飛車(Twisting Rook)
一段玉には二段飛車(Against the king on the first rank, the rook on the second rank)
一段金に飛車捨てあり(With a gold on your back rank you can sacrifice the rook)
三間飛車(Third File Rook)",Guess the reading for kanji occuring in a shogi term
下段 (part of term),"かだん,げだん","(相)下段飛車((Double) Back Rank Rook)
玉は下段に落とせ(Drive the king to the back rank)
香は下段から打て(Drop the lance on the back rank)",Guess the reading for kanji occuring in a shogi term
好き,"すき,ずき","~が好きだ(like, be fond of)",Guess the reading for kanji occuring in a shogi term
名人,"めいじん","~世名人(-- Lifetime Meijin (hon. title, nowadays awarded after winning the Meijin title five times))
一世名人(First Lifetime Meijin (Ohashi Sokei, 1555-1634))
前名人(former meijin)
名誉名人(honorary meijin)
女流名人位戦(Women's Meijin Match (1974))
実力名人制(Real Strength M",Guess the reading for kanji occuring in a shogi term
出す,"だす","~出す((verb)-out)
出る；出す(go out; send out (vi; vt))
追い出す；追いやる(chase off)
退出する(retreat)",Guess the reading for kanji occuring in a shogi term
取り,"とり,どり","~取り(threat to capture-, fork)
5筋位取り(Central Vanguard Pawn)
ネコの縦歩取り(the Cat's Rook on Pawn)
両取り(fork)
両取り逃げるに及ばず(Don't run from a fork)
両取り逃げるべからず(Don't run from a fork)
変則横歩取り(Irregular Side Pawn)
横歩取り(Side Pawn)
玉頭位取り(King`s Head Vanguard Pawn)
純粋縦歩",Guess the reading for kanji occuring in a shogi term
換え,"かえ,がえ","~換え(exchange of-)
二枚換え(two-for-one, exchanging one (major) piece for two (minor) pieces)
二枚換えなら歩ともせよ(Take two pieces for one even if they are pawns)
換わる；換える(exchange (pieces or moves) (vi; vt))",Guess the reading for kanji occuring in a shogi term
落ち,"オチ,おち","~落ち(-handicap)
二枚落ち(two piece handicap)
落ちる；落とす(come down; bring down (vi; vt))",Guess the reading for kanji occuring in a shogi term
込む,"こむ","~込む((verb)-in)
クサビを打ち込む(drive in a wedge)
閉め込む(shut in)",Guess the reading for kanji occuring in a shogi term
と金 (part of term),"ときん","５三のと金に負けなし(A tokin on 5c cannot lose)
と金のおそ早(The tokin is faster than you think)
マムシのと金(viperous tokin, snake in the grass)",Guess the reading for kanji occuring in a shogi term
負け (part of term),"まけ","５三のと金に負けなし(A tokin on 5c cannot lose)
作戦負け(strategical loss)
勿論負け(automatic loss (illegal move))
反則負け(loss because of an illegal move)
歩のない将棋は負け将棋(Without pawns (in hand) the game is lost)",Guess the reading for kanji occuring in a shogi term
天王,"てんのう","５五の位は天王山(The 5e vanguard pawn is the Tenno Mountain)
天王戦((1985))",Guess the reading for kanji occuring in a shogi term
順位,"じゅんい","A級順位戦(A-class Ranking Match (winner becomes Meijin challenger) (professional dan grades, from 4th to 9th dan are determined by the various Ranking Matches))
IBM杯順位戦昇級者(IBM Cup Battle of the Ranking)",Guess the reading for kanji occuring in a shogi term
昇級,"しょうきゅう","IBM杯順位戦昇級者(IBM Cup Battle of the Ranking)
昇級(-)(promotion)",Guess the reading for kanji occuring in a shogi term
争奪,"そうだつ","NHK杯争奪戦(NHK (Nihon Hoosoo Kai) Cup (1951))",Guess the reading for kanji occuring in a shogi term
出し,"ダシ,だし","アブリ出し曲詰(Invisible Ink Composition (mating diagr. shows a figure or letter))",Guess the reading for kanji occuring in a shogi term
求め,"もとめ","アヤを求める(look for a clue, seek complications)",Guess the reading for kanji occuring in a shogi term
凌ぎ,"しのぎ","いい凌ぎ(good endurance, tiding it (the attack) over well)",Guess the reading for kanji occuring in a shogi term
見る,"みる","うき目を見る(have trouble)",Guess the reading for kanji occuring in a shogi term
注意,"ちゅうい","うますぎる読み筋には注意せよ(Take heed of too skillful lines)
注意(-), 注目(-)(attention)",Guess the reading for kanji occuring in a shogi term
読み,"よみ","うますぎる読み筋には注意せよ(Take heed of too skillful lines)
読み上げの人(time keeper (reading off seconds during byoyomi))",Guess the reading for kanji occuring in a shogi term
餌食,"えじき","エジキ（餌食）(prey, victim)
桂馬の高とび歩の餌食(The knight that jumps far falls prey to a pawn)",Guess the reading for kanji occuring in a shogi term
好み,"このみ,ごのみ,よしみ","お好み対局(friendly game)",Guess the reading for kanji occuring in a shogi term
対局 (part of term),"たいきょく","お好み対局(friendly game)
公開対局(public game)
指導対局(teaching game, simultaneous game)
練習対局(practise game)",Guess the reading for kanji occuring in a shogi term
囲い,"かこい","カニ囲い(Crab Castle)
矢倉囲い(Yagura Castle)
美濃囲い(Mino castle)
美濃囲いには端攻め(Against the Mino, an edge attack)
菱囲い(Lozenge Castle)",Guess the reading for kanji occuring in a shogi term
成り (part of term),"なり","カラ成り（空成り）(empty promotion (not capturing a piece))
不成り(unpromoted-)
成り捨ての歩(pawn sacrfice promotion)",Guess the reading for kanji occuring in a shogi term
犠牲,"いけにえ,ぎせい","ギセイ（犠牲）にする(make a sacrifice)",Guess the reading for kanji occuring in a shogi term
将棋 (part of term),"しょうぎ","これからの将棋(equal position)
ついたて将棋(screen Shogi (blind Shogi))
ヘボ将棋(crackpot Shogi (absolute beginner`s))
マカ大大将棋(Ultra-Great-Great Shogi (19x19 board, 192 pieces))
マネ将棋(mirror Shogi)
リレー将棋(relay Shogi (4 players))
一分将棋(one minute Shogi (having only one m",Guess the reading for kanji occuring in a shogi term
叱り,"しかり","しかり(叱り)の金(reproving gold (chasing off a major piece that gave check, thus gaining a tempo))",Guess the reading for kanji occuring in a shogi term
返し,"かえし","シッペー返し(-)(retaliation)",Guess the reading for kanji occuring in a shogi term
矢倉,"やぐら","しゃがみ矢倉(Crouching Yagura)
同型矢倉(Symmetrical Yagura)
急戦矢倉(Quick Attack Yagura)
流れ矢倉(Flow Yagura)
片矢倉(Incomplete Yagura)
矢倉（戦法）(Yagura (opening) (yagura, arrow depository))
矢倉には継ぎ歩攻め(Against the Yagura, the joining pawns attack)
矢倉中飛車(Yagura Central Rook",Guess the reading for kanji occuring in a shogi term
保持,"ほじ","タイトル保持者(title holder)",Guess the reading for kanji occuring in a shogi term
叩き,"タタキ,たたき,ハタキ,はたき","タタキ(叩き)歩(striking pawn (drop))",Guess the reading for kanji occuring in a shogi term
叩く,"たたく,はたく","タタク （叩く）(strike (drop a pawn right in front of an enemy piece))",Guess the reading for kanji occuring in a shogi term
取る (part of term),"とる","タダで取る(simply capture (and gain a piece))",Guess the reading for kanji occuring in a shogi term
黙る,"だまる","だまる(黙る)(keep quiet, do nothing)",Guess the reading for kanji occuring in a shogi term
駄目,"ダメ,だめ","ダメ(駄目)な(bad)",Guess the reading for kanji occuring in a shogi term
垂れ,"しだれ,タレ,たれ,ダレ,だれ","タレ(垂れ)歩(dangling pawn (tesuji) (drop one square before the target square in the promotionzone))",Guess the reading for kanji occuring in a shogi term
美濃,"みの","チョンマゲ美濃(Topknot Mino (usually the result of a feinting static rook))
四枚美濃(Four Generals Mino)
天守閣美濃(Castle Tower Mino)
左美濃(Left(side) Mino)
木村美濃(Kimura's Mino)
片美濃(Incomplete Mino)
美濃かなめ(the rivet of the Mino (the gold on 6a))
美濃囲い(Mino castle)
美濃囲いに",Guess the reading for kanji occuring in a shogi term
合い,"あい","つり合い(balance)
中合いの歩(interposed pawn)
寄せ合い(mate race)
気合い抜け(discouragement)
立ち合い人(referee)",Guess the reading for kanji occuring in a shogi term
馬鹿,"バカ,ばか","バカ(馬鹿)な(stupid)",Guess the reading for kanji occuring in a shogi term
挟む,"さしはさむ,はさむ","はさむ(挟む)(pincer, attack from both sides)",Guess the reading for kanji occuring in a shogi term
違い,"ちがい","ハネ違い桂(counter-jump (not taking the opponent's knight))
突き違い(counterpush (on another file))",Guess the reading for kanji occuring in a shogi term
持つ,"もつ","バランスを持つ(keep the balance)",Guess the reading for kanji occuring in a shogi term
与え,"あたえ","プレシャーを与える(apply pressure)",Guess the reading for kanji occuring in a shogi term
大大,"だいだい","マカ大大将棋(Ultra-Great-Great Shogi (19x19 board, 192 pieces))
大大将棋(Great-Great Shogi (17x17 board, 92 pieces))",Guess the reading for kanji occuring in a shogi term
大将,"たいしょう,だいしょう","マカ大大将棋(Ultra-Great-Great Shogi (19x19 board, 192 pieces))
大大将棋(Great-Great Shogi (17x17 board, 92 pieces))
大将棋(Great Shogi (15x15 board, 130 pieces))",Guess the reading for kanji occuring in a shogi term
無駄,"ムダ,むだ","ムダ(無駄)な(futile)",Guess the reading for kanji occuring in a shogi term
二位,"にい","一,二位(first, second place)",Guess the reading for kanji occuring in a shogi term
一世,"いっせ,いっせい","一世名人(First Lifetime Meijin (Ohashi Sokei, 1555-1634))",Guess the reading for kanji occuring in a shogi term
一分,"いちぶ,いちぶん,いっぷん","一分将棋(one minute Shogi (having only one minute left for each move))",Guess the reading for kanji occuring in a shogi term
一息,"ひといき","一息をつく(take a pause)",Guess the reading for kanji occuring in a shogi term
一手 (part of term),"いって,ひとて","一手スキ(one move (tempo) breathing space (endgame))
一手の一手(move-by-move (endgame))
狙いの一手(the intended move)
絶好の一手(the best move)",Guess the reading for kanji occuring in a shogi term
一次,"いちじ","一次予戦(the first (elimination) round)",Guess the reading for kanji occuring in a shogi term
一歩,"いっぽ","一歩千金(A pawn is worth a thousand golds)",Guess the reading for kanji occuring in a shogi term
千金,"せんきん","一歩千金(A pawn is worth a thousand golds)
二歩千金(A double pawn is worth a thousand golds. (Apocryphal version of (1), from the cartoon 'Tokin no Shoo-chan' by Shintamo Atsushi.))",Guess the reading for kanji occuring in a shogi term
一段,"いちだん,いったん","一段玉には二段飛車(Against the king on the first rank, the rook on the second rank)
一段目~九段目(1st rank - 9th rank)
一段金に飛車捨てあり(With a gold on your back rank you can sacrifice the rook)",Guess the reading for kanji occuring in a shogi term
一筋,"ひとすじ","一筋~九筋(1st file - 9th file)",Guess the reading for kanji occuring in a shogi term
一級,"いっきゅう","一級~九級(1st-9th kyu (player) (lower grades))",Guess the reading for kanji occuring in a shogi term
丁寧,"ていねい","丁寧な(careful)",Guess the reading for kanji occuring in a shogi term
三代,"さんだい","三代伊藤宗看(Ito Sokan III (7th Meijin) (1706-1761))",Guess the reading for kanji occuring in a shogi term
一組,"いちくみ,ひとくみ","三手一組(a three move combination)",Guess the reading for kanji occuring in a shogi term
攻め (part of term),"せめ","三歩持ったら継ぎ歩と端攻め(With three pawns in hand, look for a joining pawns attack or an edge attack)
攻めない将棋に勝目なし(Without attack, there is no chance of winning)
攻めの足場を残せ(Keep the foothold for the attack)
攻めは飛角銀桂(Attack with rook, bishop, silver and knight)
攻めるは",Guess the reading for kanji occuring in a shogi term
継ぎ,"つぎ","三歩持ったら継ぎ歩と端攻め(With three pawns in hand, look for a joining pawns attack or an edge attack)
矢倉には継ぎ歩攻め(Against the Yagura, the joining pawns attack)
継ぎ歩(joining pawns)",Guess the reading for kanji occuring in a shogi term
上げ,"あげ","上がる；上げる(go up; take, bring up (vi; vt))
読み上げの人(time keeper (reading off seconds during byoyomi))",Guess the reading for kanji occuring in a shogi term
上下,"うえした,かみしも,しょうか,じょうか,じょうげ","上下逆にした(with Black and White reversed)",Guess the reading for kanji occuring in a shogi term
逆に,"ぎゃくに","上下逆にした(with Black and White reversed)",Guess the reading for kanji occuring in a shogi term
上部 (part of term),"じょうぶ","上部脱出(escape up the board)",Guess the reading for kanji occuring in a shogi term
脱出,"だっしゅつ","上部脱出(escape up the board)
脱出(-)(escape (n))",Guess the reading for kanji occuring in a shogi term
下げ,"さげ","下がる；下げる(go down; bring down (vi; vt))",Guess the reading for kanji occuring in a shogi term
不安,"ふあん","不安(-)(uneasiness, anxiety)",Guess the reading for kanji occuring in a shogi term
全作,"ぜんさく","不完全作(defective problem)
完全作(complete (indefective) problem)",Guess the reading for kanji occuring in a shogi term
完全,"かんぜん","不完全作(defective problem)
完全作(complete (indefective) problem)
完全実戦初形(Complete Original Formation Problem (all White's p. occupy the same position as at the start of a game) (first example by Naito Kunio) (extremely rare))",Guess the reading for kanji occuring in a shogi term
愉快,"ゆかい","不愉快な(unpleasant)
愉快な(pleasant)",Guess the reading for kanji occuring in a shogi term
不成 (part of term),"ふなり","不成り(unpromoted-)",Guess the reading for kanji occuring in a shogi term
味な,"あじな","不気味な(ominous, uncanny)",Guess the reading for kanji occuring in a shogi term
気味,"きあじ,きび,きみ,ぎみ","不気味な(ominous, uncanny)",Guess the reading for kanji occuring in a shogi term
不満 (part of term),"ふまん","不満な(unsatisfactory, insufficient)",Guess the reading for kanji occuring in a shogi term
不用,"ふよう","不用意な(unprepared, uncareful)",Guess the reading for kanji occuring in a shogi term
用意,"ようい","不用意な(unprepared, uncareful)
用意(-)(care, preparation)
用意する(prepare, take care)",Guess the reading for kanji occuring in a shogi term
不要,"ふよう","不要な(not necessary)",Guess the reading for kanji occuring in a shogi term
逃げ,"にげ","両取り逃げるに及ばず(Don't run from a fork)
両取り逃げるべからず(Don't run from a fork)
早逃げ(early escape (of king))
玉の早逃げは八手の得あり(Early escape of the king gains eight moves)
逃げ場の先着(arriving first at the loophole (by sacrificing a piece letting the opponent plug up the ki",Guess the reading for kanji occuring in a shogi term
王手 (part of term),"おうて","両王手(double check)
準王手飛車(indirect fork on king and rook (bishop pinning down the rook))
王手は追う手(Check your checks (lit. A check is a chasing move))
王手よりもばり（と必死）(Squeeze (and hisshi) first, check later)
連続王手(successive checks)
開き王手(discovered check)",Guess the reading for kanji occuring in a shogi term
住所,"じゅうしょ","中住所(central position (king at 5a or 5b/5i or 5h))",Guess the reading for kanji occuring in a shogi term
合す,"あわす,がっす","中合する(interpose, block)",Guess the reading for kanji occuring in a shogi term
妙手 (part of term),"みょうしゅ","中合に妙手あり(Interposing a pawn makes a splendid move)
俗手に妙手があり(A vulgar move may be brillian)
微妙手((very) subtle move)
絶妙手(absolutely brilliant move)
遠見の角に妙手あり(With a watchtower bishop there is bound to be a brilliant move)",Guess the reading for kanji occuring in a shogi term
中央 (part of term),"ちゅうおう","中央制圧(control of the centre)",Guess the reading for kanji occuring in a shogi term
制圧,"せいあつ","中央制圧(control of the centre)
制圧する((bring under) control, suppress)",Guess the reading for kanji occuring in a shogi term
中将,"ちゅうじょう","中将棋(Middle Shogi (12x12 board, 92 pieces))",Guess the reading for kanji occuring in a shogi term
中飛,"ちゅうひ","中飛車(Central Rook)
原始中飛車(Primitive Central Rook)
矢倉中飛車(Yagura Central Rook)",Guess the reading for kanji occuring in a shogi term
主催,"しゅさい","主催紙(sponsoring newspaper)",Guess the reading for kanji occuring in a shogi term
乱す,"みだす","乱す；乱る(put in disorder, tear apart)",Guess the reading for kanji occuring in a shogi term
二十,"にじゅう,はた,はたち","二十八手組み(the 14-Move Set (a well-known joseki resulting in a symmetrical position))",Guess the reading for kanji occuring in a shogi term
十八,"じゅうはち","二十八手組み(the 14-Move Set (a well-known joseki resulting in a symmetrical position))",Guess the reading for kanji occuring in a shogi term
手組,"てぐみ","二十八手組み(the 14-Move Set (a well-known joseki resulting in a symmetrical position))",Guess the reading for kanji occuring in a shogi term
組み,"くみ","二十八手組み(the 14-Move Set (a well-known joseki resulting in a symmetrical position))",Guess the reading for kanji occuring in a shogi term
八手,"ヤツデ,やつで","二十八手組み(the 14-Move Set (a well-known joseki resulting in a symmetrical position))
玉の早逃げは八手の得あり(Early escape of the king gains eight moves)",Guess the reading for kanji occuring in a shogi term
二枚,"にまい","二枚換え(two-for-one, exchanging one (major) piece for two (minor) pieces)
二枚換えなら歩ともせよ(Take two pieces for one even if they are pawns)
二枚落ち(two piece handicap)
二枚金(Double-Gold)",Guess the reading for kanji occuring in a shogi term
交換,"こうかん","交換(-)(exchange (n))
振飛車には角交換を狙え(Against the ranging rook aim at bishop exchange)
飛先の交換三つの得あり(Exchanging the rook pawn has three advantages)",Guess the reading for kanji occuring in a shogi term
掛け,"かけ,がけ","仕掛けは歩の突き捨てから(Start the fight with a pawn sacrifice)
早仕掛け(early fight, early start of the middle game)",Guess the reading for kanji occuring in a shogi term
仕掛,"しかけ","仕掛けは歩の突き捨てから(Start the fight with a pawn sacrifice)
早仕掛け(early fight, early start of the middle game)
無仕掛図式(No Foothold Problem (attacking side has no pieces on the board; extreme version is the Naked King))",Guess the reading for kanji occuring in a shogi term
突き,"つき,つつき","仕掛けは歩の突き捨てから(Start the fight with a pawn sacrifice)
突き捨ての歩(sacrifice push)
突き捨てる(push and sacrifice)
突き越す(push on)
突き違い(counterpush (on another file))
突き違うの歩(counter-push (on another file))
角頭歩突き(Bishop`s Head Pawn Push)",Guess the reading for kanji occuring in a shogi term
損う (part of term),"そこなう","仕損う(blunder (v))",Guess the reading for kanji occuring in a shogi term
伏線,"ふくせん","伏線手(preparation move)",Guess the reading for kanji occuring in a shogi term
会心,"かいしん","会心譜(favourite game)",Guess the reading for kanji occuring in a shogi term
伸す,"のす","伸す；延ばす(extend (with pawn push))",Guess the reading for kanji occuring in a shogi term
伸び,"ノビ,のび","伸び過ぎる(overextend)",Guess the reading for kanji occuring in a shogi term
過ぎ,"すぎ","伸び過ぎる(overextend)
指し過ぎ(overplay)",Guess the reading for kanji occuring in a shogi term
張る,"はる,ばる","位を張る(take up a vanguard position)",Guess the reading for kanji occuring in a shogi term
戦勝,"せんしょう","作戦勝ち(strategical victory)",Guess the reading for kanji occuring in a shogi term
作戦 (part of term),"さくせん","作戦勝ち(strategical victory)
作戦負け(strategical loss)",Guess the reading for kanji occuring in a shogi term
勝ち (part of term),"かち,がち","作戦勝ち(strategical victory)
勝ち将棋は鬼の如し(A won game is like a devil)
手勝ち(winning by one move (tempo), winning the semeai)",Guess the reading for kanji occuring in a shogi term
侵入,"しんにゅう","侵入する(invade)",Guess the reading for kanji occuring in a shogi term
保留,"ほりゅう","保留する(reserve, defer)",Guess the reading for kanji occuring in a shogi term
信用,"しんよう","信用(-)(trust, confidence)",Guess the reading for kanji occuring in a shogi term
候補,"こうほ","候補手(candidate moves)",Guess the reading for kanji occuring in a shogi term
催促,"さいそく","催促する(press for, urge on, speed up)",Guess the reading for kanji occuring in a shogi term
促す,"うながす","催促する(press for, urge on, speed up)",Guess the reading for kanji occuring in a shogi term
優勝 (part of term),"ゆうしょう","優勝を飾る(win the championship)",Guess the reading for kanji occuring in a shogi term
飾る,"かざる","優勝を飾る(win the championship)",Guess the reading for kanji occuring in a shogi term
充分,"じゅうぶん","充分な(sufficient)",Guess the reading for kanji occuring in a shogi term
充実,"じゅうじつ","充実する((make) complete)",Guess the reading for kanji occuring in a shogi term
入る,"いる,はいる","入る；入れる(go in, enter; send, put in (vi; vt))",Guess the reading for kanji occuring in a shogi term
入れ,"いれ","入る；入れる(go in, enter; send, put in (vi; vt))",Guess the reading for kanji occuring in a shogi term
入手,"にゅうしゅ","入手する(get in hand)",Guess the reading for kanji occuring in a shogi term
全日,"ぜんじつ","全日本プロトーナメント(All Japan Pro (1982-2001))",Guess the reading for kanji occuring in a shogi term
日本,"にっぽん,にほん","全日本プロトーナメント(All Japan Pro (1982-2001))",Guess the reading for kanji occuring in a shogi term
公式,"こうしき","公式棋戦(formal (title) match)",Guess the reading for kanji occuring in a shogi term
棋戦,"きせん","公式棋戦(formal (title) match)",Guess the reading for kanji occuring in a shogi term
倒れ,"たおれ,だおれ","公郷の位倒れ(A vanguard pawn is difficult to maintain (lit. The court noble can not live up to his rank))",Guess the reading for kanji occuring in a shogi term
公開,"こうかい","公開対局(public game)",Guess the reading for kanji occuring in a shogi term
再掲,"さいけい","再掲図(repeat diagram)",Guess the reading for kanji occuring in a shogi term
冷静,"れいせい","冷静な(cool, cold-blooded)",Guess the reading for kanji occuring in a shogi term
凸型,"とつがた","凹凸型(Hump-Slump System)",Guess the reading for kanji occuring in a shogi term
凹凸,"おうとつ","凹凸型(Hump-Slump System)",Guess the reading for kanji occuring in a shogi term
出る,"でる","出る；出す(go out; send out (vi; vt))",Guess the reading for kanji occuring in a shogi term
出動,"しゅつどう","出動(-)(mobilization, action)",Guess the reading for kanji occuring in a shogi term
分析,"ぶんせき","分析(-)(analysis)",Guess the reading for kanji occuring in a shogi term
切れ,"きれ,ぎれ","切れ筋(failed move, failed tactics)
支え切れない(cannot be saved)
歩切れ(out of pawns, no pawns in hand)",Guess the reading for kanji occuring in a shogi term
初段,"しょだん","初段~九段(1st-9th dan (player) (higher grades))",Guess the reading for kanji occuring in a shogi term
判断,"はんだん","判断する(decide, judge, conclude)
形勢判断(positional judgement)",Guess the reading for kanji occuring in a shogi term
利く,"きく","利く(効く)(act on, bear down on; work, be effective)",Guess the reading for kanji occuring in a shogi term
効く,"きく","利く(効く)(act on, bear down on; work, be effective)",Guess the reading for kanji occuring in a shogi term
圧す,"あっす,おす,へす","制圧する((bring under) control, suppress)",Guess the reading for kanji occuring in a shogi term
前名,"ぜんめい","前名人(former meijin)",Guess the reading for kanji occuring in a shogi term
前提,"ぜんてい","前提工作(preparations)",Guess the reading for kanji occuring in a shogi term
工作,"こうさく","前提工作(preparations)",Guess the reading for kanji occuring in a shogi term
溜め,"ため","力を溜める(gather strength, assemble (more) force)",Guess the reading for kanji occuring in a shogi term
如し,"ごとし","勝ち将棋は鬼の如し(A won game is like a devil)",Guess the reading for kanji occuring in a shogi term
勝負 (part of term),"しょうぶ","勝負士(professional player)
勝負手(an interesting move in a disadvantageous position on which one wagers the outcome of the game)
勝負手(the game move (interesting move in a disadvantageous position on which one wagers the outcome of the game))",Guess the reading for kanji occuring in a shogi term
勢力 (part of term),"せいりょく","勢力争い(power struggle, fight for positional advantage)",Guess the reading for kanji occuring in a shogi term
争い,"あらそい","勢力争い(power struggle, fight for positional advantage)",Guess the reading for kanji occuring in a shogi term
勿論,"もちろん","勿論負け(automatic loss (illegal move))",Guess the reading for kanji occuring in a shogi term
包囲,"ほうい","包囲する(encircle, siege)",Guess the reading for kanji occuring in a shogi term
区別,"くべつ","区別(-)(difference)",Guess the reading for kanji occuring in a shogi term
十分,"じっぷん,じゅうぶん,じゅっぷん","十分な(sufficient)",Guess the reading for kanji occuring in a shogi term
十字,"じゅうじ","十字飛車(corssroads rook (forking two pieces horizontally and vertically))",Guess the reading for kanji occuring in a shogi term
連覇,"れんぱ","十連覇(winning the championship ten times in a row)",Guess the reading for kanji occuring in a shogi term
危険 (part of term),"きけん","危険な(dangerous)",Guess the reading for kanji occuring in a shogi term
詰み (part of term),"つみ","即詰み(forced mate)
打歩詰み(mate with pawn drop (illegal))
歩詰めに詰みあり(If there is a mate with a pawn drop, there is a legal mate too)
突歩詰み(mate with pawn push)
詰みより必死(Hisshi (brinkmate) is better than mate)
詰み上がり(checkmating)",Guess the reading for kanji occuring in a shogi term
詰め (part of term),"つめ,づめ","即詰め(straight and (too) simple mate (problem))
歩詰めに詰みあり(If there is a mate with a pawn drop, there is a legal mate too)
詰まる；詰める(be shortened; shorten (the edge file) (vi; vt))
詰まる；詰める(become shorter; shorten (the edge by pushing the pawn to the 6th ra",Guess the reading for kanji occuring in a shogi term
千万,"せんばん,せんまん,ちよろず","厄介(千万)((ten million) difficulties)",Guess the reading for kanji occuring in a shogi term
厄介,"やっかい","厄介(千万)((ten million) difficulties)
厄介な(troublesome)",Guess the reading for kanji occuring in a shogi term
原始,"げんし","原始中飛車(Primitive Central Rook)
原始棒銀(Primitive Climbing Silver)",Guess the reading for kanji occuring in a shogi term
穴熊 (part of term),"あなくま,アナグマ,あなぐま","原田流穴熊(Harada Style Bear-in-the-Hole)
居飛車穴熊(Static Rook Bear-in-the-hole)
振飛車穴熊(Ranging Rook Bear in the Hole)
森安流棒玉穴熊(Moriyasu Style Climbing King Bear in the Hole)
空中穴熊(Air Castle (Bear-in-the-Air) (in the middle of the board, floating like))
銀冠穴熊(S",Guess the reading for kanji occuring in a shogi term
参考,"さんこう","参考図(reference diagram)",Guess the reading for kanji occuring in a shogi term
反則,"はんそく","反則負け(loss because of an illegal move)",Guess the reading for kanji occuring in a shogi term
反対,"はんたい","反対(-)(resistance)
玉と飛車は反対の位置へ(Move king and rook to opposite squares)",Guess the reading for kanji occuring in a shogi term
反発,"はんぱつ","反発(-)(repulsion, resistance)",Guess the reading for kanji occuring in a shogi term
収拾,"しゅうしゅう","収拾する(control; save the situation)",Guess the reading for kanji occuring in a shogi term
収束,"しゅうそく","収束する(tie up (the game))",Guess the reading for kanji occuring in a shogi term
受け (part of term),"ウケ,うけ","受けなし(there is no defence)
受け方(the way to defend)
受け身になる(be pushed into the defensive)
受け身の態勢(defensive position)
大駒は近づけて受けよ(Defend against major pieces by drawing them closer)
歩越銀は歩で受けよ(Against the silver in front of its pawns, defend with a pawn)
金な",Guess the reading for kanji occuring in a shogi term
態勢,"たいせい","受け身の態勢(defensive position)",Guess the reading for kanji occuring in a shogi term
作物 (part of term),"さくぶつ,さくもつ","古作物(ancient problem (usually without known author))",Guess the reading for kanji occuring in a shogi term
古典,"こてん","古典図式(classic problem)",Guess the reading for kanji occuring in a shogi term
図式 (part of term),"ずしき","古典図式(classic problem)
小駒図式(Minor Pieces Problem)
無仕掛図式(No Foothold Problem (attacking side has no pieces on the board; extreme version is the Naked King))
無掛図式(id.)
無防備図式(No Defence Problem (problem diagr. shows only king and p. of the attacking side",Guess the reading for kanji occuring in a shogi term
可能,"かのう","可能になる(become impossible)",Guess the reading for kanji occuring in a shogi term
奪還,"だっかん","合せ歩で位を奪還(Recapture the vanguard pawn with the opposing pawn (tesuji))
奪還(-)(recapture, recover)",Guess the reading for kanji occuring in a shogi term
合作,"がっさく","合作(-)(cooperation)",Guess the reading for kanji occuring in a shogi term
同じ,"おなじ,おんなじ","同じの(the same)",Guess the reading for kanji occuring in a shogi term
同型,"どうけい","同型矢倉(Symmetrical Yagura)",Guess the reading for kanji occuring in a shogi term
名将,"めいしょう","名将戦((1964-1978))",Guess the reading for kanji occuring in a shogi term
名誉,"めいよ","名誉名人(honorary meijin)",Guess the reading for kanji occuring in a shogi term
良い (part of term),"えい,よい","味の良い(having good aji)
良い形(good shape)",Guess the reading for kanji occuring in a shogi term
獅子,"しし","若獅子戦(Young Lions (1977))",Guess the reading for kanji occuring in a shogi term
問題 (part of term),"もんだい","問題図(problem diagram)",Guess the reading for kanji occuring in a shogi term
四手,"しで","四手角(the 4-Move Bishop (7i-6h-5i-2f))",Guess the reading for kanji occuring in a shogi term
回す,"まわす","回る （廻る）；回す(turn (sidewards, around) (rook))",Guess the reading for kanji occuring in a shogi term
回る,"まわる,みる,めぐる,もとおる","回る （廻る）；回す(turn (sidewards, around) (rook))",Guess the reading for kanji occuring in a shogi term
廻る,"まわる,みる,めぐる,もとおる","回る （廻る）；回す(turn (sidewards, around) (rook))",Guess the reading for kanji occuring in a shogi term
回避,"かいひ","回避(-)(evasion, avoiding, dodging)
回避する(avoid, dodge)",Guess the reading for kanji occuring in a shogi term
指し,"サシ,さし","図までの指して(moves up to the diagram)
図以下の指して(move from the diagram onwards)
指し切り(being out of moves)
指し回し(playing (around), actions)
指し方(way of playing)
指し直す(play a new game (after a sennichite))
指し過ぎ(overplay)
早指し将棋(quick Shogi)
早指し新鋭戦(Quick Shogi New P",Guess the reading for kanji occuring in a shogi term
以下,"いか,いげ","図以下の指して(move from the diagram onwards)",Guess the reading for kanji occuring in a shogi term
固め,"かため","固める；堅める(strengthen, stabilize)",Guess the reading for kanji occuring in a shogi term
堅め,"かため","固める；堅める(strengthen, stabilize)",Guess the reading for kanji occuring in a shogi term
圧迫,"あっぱく","圧迫(-)(pressure, coercion)",Guess the reading for kanji occuring in a shogi term
地下,"ちか","地下鉄飛車(Subway Rook (contra rightside king in Bishop Exchange))",Guess the reading for kanji occuring in a shogi term
基本,"きほん","基本図(basic diagram)",Guess the reading for kanji occuring in a shogi term
本図,"ほんず","基本図(basic diagram)",Guess the reading for kanji occuring in a shogi term
報時,"ほうじ","報時する(report the time)",Guess the reading for kanji occuring in a shogi term
変え,"かえ","変わる；変える(change (vi; vt))
変わる；変える(change, play a variation (vi; vt))",Guess the reading for kanji occuring in a shogi term
変則,"へんそく","変則横歩取り(Irregular Side Pawn)",Guess the reading for kanji occuring in a shogi term
変化 (part of term),"へんか,へんげ","変化長手数(longer variation (mate delayed by interposing pieces, but actual mate is the same))",Guess the reading for kanji occuring in a shogi term
手数 (part of term),"てかず,てすう","変化長手数(longer variation (mate delayed by interposing pieces, but actual mate is the same))",Guess the reading for kanji occuring in a shogi term
長手,"ながて","変化長手数(longer variation (mate delayed by interposing pieces, but actual mate is the same))",Guess the reading for kanji occuring in a shogi term
変更 (part of term),"へんこう","変更する(change, modify, play a variation)",Guess the reading for kanji occuring in a shogi term
丈夫,"じょうふ,じょうぶ,ますらお","大丈夫な(safe, alright, o.k.)",Guess the reading for kanji occuring in a shogi term
大事,"おおごと,だいじ","大事な(important)",Guess the reading for kanji occuring in a shogi term
大切,"おおぎり,たいせち,たいせつ","大切な(important)",Guess the reading for kanji occuring in a shogi term
大変,"たいへん","大変な(terrible)",Guess the reading for kanji occuring in a shogi term
大悪,"だいあく","大悪手(blunder)",Guess the reading for kanji occuring in a shogi term
悪手 (part of term),"あくしゅ","大悪手(blunder)
悪手は悪手をよぶ(A bad move invites more bad moves)",Guess the reading for kanji occuring in a shogi term
混戦,"こんせん","大混戦(chaotic battle)",Guess the reading for kanji occuring in a shogi term
熱戦,"ねっせん","大熱戦(fierce, heated fight)",Guess the reading for kanji occuring in a shogi term
大胆,"だいたん","大胆な(courageous)",Guess the reading for kanji occuring in a shogi term
大道,"たいどう,だいどう","大道詰将棋(Street Tsume Shogi (e.g. in popular city districts))",Guess the reading for kanji occuring in a shogi term
大駒 (part of term),"おおごま","大駒の捨てどころ肝要なり(Don't be afraid to sacrifice major pieces)
大駒は近づけて受けよ(Defend against major pieces by drawing them closer)",Guess the reading for kanji occuring in a shogi term
肝要,"かんよう","大駒の捨てどころ肝要なり(Don't be afraid to sacrifice major pieces)
肝要な(necessary)",Guess the reading for kanji occuring in a shogi term
天地,"あめつち,てんち","天地まさ(Heaven-and-Earth grain)",Guess the reading for kanji occuring in a shogi term
天守,"てんしゅ","天守閣美濃(Castle Tower Mino)",Guess the reading for kanji occuring in a shogi term
天竺,"てんじく","天竺将棋(Tenjiku (Indian) Shogi (16x16 board, 156 pieces))",Guess the reading for kanji occuring in a shogi term
失望,"しつぼう","失望(-)(disappointment, despair)",Guess the reading for kanji occuring in a shogi term
奏功,"そうこう","奏功(-)(success, fruition)",Guess the reading for kanji occuring in a shogi term
奪回,"だっかい","奪回(-)(recapture, recover)",Guess the reading for kanji occuring in a shogi term
殺し,"ころし","女(流)殺しドッカン飛車(Lady Killer Rushing Rook)
鬼殺し封じ(Demon Killer Block)",Guess the reading for kanji occuring in a shogi term
人位,"じんい","女流名人位戦(Women's Meijin Match (1974))",Guess the reading for kanji occuring in a shogi term
女流,"じょりゅう","女流名人位戦(Women's Meijin Match (1974))
女流王位戦(Women's Oi Match (1989))
女流王将戦(Women's Osho Match (1978))
女流育成会(Women's Training Association)",Guess the reading for kanji occuring in a shogi term
王位,"おうい","女流王位戦(Women's Oi Match (1989))
王位戦((1960))",Guess the reading for kanji occuring in a shogi term
王将 (part of term),"おうしょう","女流王将戦(Women's Osho Match (1978))
王将戦((1950))",Guess the reading for kanji occuring in a shogi term
育成,"いくせい","女流育成会(Women's Training Association)",Guess the reading for kanji occuring in a shogi term
崩す (part of term),"くずす","好型を崩す歩(pawn demolishing the good shape (e.g. shooten no fu))",Guess the reading for kanji occuring in a shogi term
好機,"こうき","好機に(at the right moment, when the opportunity arrives)",Guess the reading for kanji occuring in a shogi term
好調,"こうちょう","好調に(favourably, smoothly)",Guess the reading for kanji occuring in a shogi term
嫌い,"きらい,ぎらい","嫌いな(unpleasant)",Guess the reading for kanji occuring in a shogi term
孤立,"こりつ","孤立した駒(isolated piece)",Guess the reading for kanji occuring in a shogi term
安全,"あんせん,あんぜん","安全な(safe, secure)",Guess the reading for kanji occuring in a shogi term
安心,"あんしん,あんじん","安心(-)(relief)",Guess the reading for kanji occuring in a shogi term
完了,"かんりょう,ワンラ","完了する((make) complete)",Guess the reading for kanji occuring in a shogi term
実戦 (part of term),"じっせん","完全実戦初形(Complete Original Formation Problem (all White's p. occupy the same position as at the start of a game) (first example by Naito Kunio) (extremely rare))
実戦型詰(actual game type problem)
実戦譜(record of an actual game)",Guess the reading for kanji occuring in a shogi term
完封,"かんぷう","完封(-)(blockade)",Guess the reading for kanji occuring in a shogi term
完成,"かんせい","完成する((make) complete)",Guess the reading for kanji occuring in a shogi term
成す,"なす","完成する((make) complete)
達成する(achieve, attain)",Guess the reading for kanji occuring in a shogi term
実力,"じつりょく","実力名人制(Real Strength Meijin system (1937- ))",Guess the reading for kanji occuring in a shogi term
実現,"じつげん","実現(-)(realization)",Guess the reading for kanji occuring in a shogi term
容易,"ようい","容易な(easy)",Guess the reading for kanji occuring in a shogi term
寄せ (part of term),"よせ","寄せは俗手で(In the endgame a vulgar move is alright)
寄せ切る(finish off the king)
寄せ合い(mate race)
玉は包むように寄せよ(Approach the king by surrounding him)
終盤（寄せ）は駒の損得より速度(In the endgame (yose) speed is more important than material)",Guess the reading for kanji occuring in a shogi term
切る (part of term),"きる","寄せ切る(finish off the king)
角切る(exchanging the bishop for a minor piece)",Guess the reading for kanji occuring in a shogi term
寄り,"より","寄り形(near mate position)
寄り筋(endgame tesuji (bringing the king near mate))",Guess the reading for kanji occuring in a shogi term
対抗,"たいこう","対抗(-)(resistance)
角には角で対抗(Oppose bishop with bishop (Against bishop resist with bishop))",Guess the reading for kanji occuring in a shogi term
封鎖,"ふうさ","封鎖(-)(blockade)",Guess the reading for kanji occuring in a shogi term
専門,"せんもん","専門棋士(professional player)",Guess the reading for kanji occuring in a shogi term
棋士 (part of term),"きし","専門棋士(professional player)
新進棋士奨励会(Apprentice Professionals' Association)
最優秀棋士賞(Award for the Best Player of the Year)",Guess the reading for kanji occuring in a shogi term
機関,"カラクリ,からくり,きかん","将棋(支部機関誌)((Local Branch Quarterly))",Guess the reading for kanji occuring in a shogi term
支部 (part of term),"しぶ","将棋(支部機関誌)((Local Branch Quarterly))",Guess the reading for kanji occuring in a shogi term
世界,"せかい","将棋世界((monthly))",Guess the reading for kanji occuring in a shogi term
大賞,"たいしょう","将棋大賞(The Great Shogi Award)",Guess the reading for kanji occuring in a shogi term
年鑑,"ねんかん","将棋年鑑(Shogi Yearbook)",Guess the reading for kanji occuring in a shogi term
栄誉,"えいよ","将棋栄誉賞(the Award of Honor (awarded by the JSF after 600 wins in official tournaments))",Guess the reading for kanji occuring in a shogi term
無双,"ぶそう,むそう","将棋無双(Unparalleled Shogi Problems (Ito Sokan III's classical masterpiece, in 1735 offered to the shogun as Shoogi Tsukurimono, Shogi Problems))",Guess the reading for kanji occuring in a shogi term
棋道,"きどう","将棋道(the Way of Shogi)
将棋道場(Shogi playing hall)",Guess the reading for kanji occuring in a shogi term
道場,"どうじょう","将棋道場(Shogi playing hall)",Guess the reading for kanji occuring in a shogi term
小駒 (part of term),"こごま","小駒図式(Minor Pieces Problem)",Guess the reading for kanji occuring in a shogi term
避け,"よけ","居玉は避けよ(Avoid a sitting king (a sitting king is a sitting duck))
玉は角筋を避けよ(Don't put the king on the bishop's diagonal)",Guess the reading for kanji occuring in a shogi term
展開,"てんかい","展開にする(develop)
展開になる(be developed)",Guess the reading for kanji occuring in a shogi term
工夫,"くふう,こうふ","工夫(-)(contrive, think of (a new plan, a new move))",Guess the reading for kanji occuring in a shogi term
巧み,"たくみ","巧みな(ingenious, smart)",Guess the reading for kanji occuring in a shogi term
巧妙,"こうみょう","巧妙な(ingenious)",Guess the reading for kanji occuring in a shogi term
希望,"きぼう","希望(-)(hope, expectation)",Guess the reading for kanji occuring in a shogi term
師弟,"してい","師弟関係(teacher-pupil relationship)",Guess the reading for kanji occuring in a shogi term
関係,"かんけい","師弟関係(teacher-pupil relationship)",Guess the reading for kanji occuring in a shogi term
常識,"じょうしき","常識手(common sense move)",Guess the reading for kanji occuring in a shogi term
平手,"ひらて","平手戦(even game)",Guess the reading for kanji occuring in a shogi term
序盤 (part of term),"じょばん","序盤は飛車より角(In the opening the bishop is more important than the rook)",Guess the reading for kanji occuring in a shogi term
強め,"つよめ","強まる；強める(become stronger; strengthen (vi; vt))",Guess the reading for kanji occuring in a shogi term
強化,"きょうか","強化する(strengthen)",Guess the reading for kanji occuring in a shogi term
化す,"かす,けす","強化する(strengthen)",Guess the reading for kanji occuring in a shogi term
強襲,"きょうしゅう","強襲(-)(assault, storming)",Guess the reading for kanji occuring in a shogi term
強要,"きょうよう","強要する(enforce, coerce)",Guess the reading for kanji occuring in a shogi term
要す,"ようす","強要する(enforce, coerce)",Guess the reading for kanji occuring in a shogi term
当て,"あて","当たる；当てる(threaten to take (vi; vt))",Guess the reading for kanji occuring in a shogi term
当然,"とうぜん","当然の(natural, proper)",Guess the reading for kanji occuring in a shogi term
作り,"つくり,づくり","形作り(settling the shape, finding a place to resign)",Guess the reading for kanji occuring in a shogi term
形勢,"けいせい","形勢判断(positional judgement)",Guess the reading for kanji occuring in a shogi term
修業,"しゅうぎょう,しゅぎょう","修業時代(the years of study)",Guess the reading for kanji occuring in a shogi term
時代,"じだい","修業時代(the years of study)",Guess the reading for kanji occuring in a shogi term
待望,"たいぼう","待望(-)(hope, expectation)",Guess the reading for kanji occuring in a shogi term
待機,"たいき","待機する(wait for one's chance)",Guess the reading for kanji occuring in a shogi term
後悔,"こうかい","後悔(-)(regret (n))",Guess the reading for kanji occuring in a shogi term
後続,"こうぞく","後続の(following, next)",Guess the reading for kanji occuring in a shogi term
後退,"こうたい","後退(-)(retreat)
後退する(retreat)",Guess the reading for kanji occuring in a shogi term
得意,"とくい","得意の(favourite)",Guess the reading for kanji occuring in a shogi term
微妙,"びみょう,ビミョー,みみょう","微妙な(subtle)
微妙手((very) subtle move)",Guess the reading for kanji occuring in a shogi term
心配,"しんぱい","心配(-)(worry, apprehension)",Guess the reading for kanji occuring in a shogi term
必死 (part of term),"ひっし","必死がかかる(set up a brinkmate)
必死を逃れの必死(hisshi (brinkmate) to escape hisshi)
王手よりもばり（と必死）(Squeeze (and hisshi) first, check later)
詰みより必死(Hisshi (brinkmate) is better than mate)",Guess the reading for kanji occuring in a shogi term
逃れ,"のがれ","必死を逃れの必死(hisshi (brinkmate) to escape hisshi)
詰めろを逃れの詰めろ(threatmate to escape threatmate)",Guess the reading for kanji occuring in a shogi term
必要 (part of term),"ひつよう","必要な(necessary)",Guess the reading for kanji occuring in a shogi term
忌避,"きひ","忌避する(avoid, dodge)",Guess the reading for kanji occuring in a shogi term
応え,"いらえ,こたえ,ごたえ","応じる；応える(answer, respond)",Guess the reading for kanji occuring in a shogi term
応対,"おうたい","応対する(deal with, respond to)",Guess the reading for kanji occuring in a shogi term
対す,"たいす,ついす","応対する(deal with, respond to)",Guess the reading for kanji occuring in a shogi term
応戦,"おうせん","応戦する(accept the challenge)",Guess the reading for kanji occuring in a shogi term
意表 (part of term),"いひょう","意表をつける(surprise (v))",Guess the reading for kanji occuring in a shogi term
慎重,"しんちょう","慎重な(careful)",Guess the reading for kanji occuring in a shogi term
懸命,"けんめい","懸命な(desperate, eager)",Guess the reading for kanji occuring in a shogi term
成功,"せいこう","成功(-)(success)",Guess the reading for kanji occuring in a shogi term
成立,"せいりつ","成立(-)(realization)",Guess the reading for kanji occuring in a shogi term
我が,"わが","我が師の恩(the kindness of my (our) teacher, the obligation to my (our) teacher)",Guess the reading for kanji occuring in a shogi term
戦線 (part of term),"せんせん","戦線を広げる(broaden the front)",Guess the reading for kanji occuring in a shogi term
戻す,"もどす","戻る；戻す(return (vi; vt))",Guess the reading for kanji occuring in a shogi term
戻る,"もとる,もどる","戻る；戻す(return (vi; vt))",Guess the reading for kanji occuring in a shogi term
一枚,"いちまい,ひとひら","手一枚(using all pieces in hand)",Guess the reading for kanji occuring in a shogi term
余り,"あまり,あんまり","手余り(still having pieces in hand (after mating))
駒余り(id.)",Guess the reading for kanji occuring in a shogi term
固い,"かたい","手固い(solid, strong)",Guess the reading for kanji occuring in a shogi term
手懸,"てかけ","手懸かりの桂(knight foothold)",Guess the reading for kanji occuring in a shogi term
手薄 (part of term),"てうす","手薄い(thin, not solid (also: scarce, short of))",Guess the reading for kanji occuring in a shogi term
薄い (part of term),"うすい","手薄い(thin, not solid (also: scarce, short of))",Guess the reading for kanji occuring in a shogi term
手際,"てぎわ","手際よい(efficient)",Guess the reading for kanji occuring in a shogi term
前後,"ぜんご,まえしりえ","手順前後(reverse order of moves (usually wrong))",Guess the reading for kanji occuring in a shogi term
手順 (part of term),"てじゅん","手順前後(reverse order of moves (usually wrong))
本手順(the proper mating sequence)",Guess the reading for kanji occuring in a shogi term
打歩,"うちぶ","打歩詰み(mate with pawn drop (illegal))",Guess the reading for kanji occuring in a shogi term
打破,"たは,だは","打破(-)(destruction)",Guess the reading for kanji occuring in a shogi term
打開,"だかい","打開する(break open)",Guess the reading for kanji occuring in a shogi term
投げ,"なげ","投げ場(point of resigning)",Guess the reading for kanji occuring in a shogi term
投了,"とうりょう","投了(-)(resignation)
投了図(resign diagram)",Guess the reading for kanji occuring in a shogi term
投入,"とうにゅう","投入する(throw into, drop)",Guess the reading for kanji occuring in a shogi term
抵抗,"ていこう","抵抗(-)(resistance)",Guess the reading for kanji occuring in a shogi term
押え,"おさえ","押える(抑える)(restrain, contain, hold down, constrain (opposite of sabaku))",Guess the reading for kanji occuring in a shogi term
抑え,"おさえ","押える(抑える)(restrain, contain, hold down, constrain (opposite of sabaku))",Guess the reading for kanji occuring in a shogi term
拒否,"きょひ","拒否する(refuse, reject)",Guess the reading for kanji occuring in a shogi term
主役,"しゅやく","持久戦には角が主役(In a slow game the bishop has the leading role)",Guess the reading for kanji occuring in a shogi term
持久,"じきゅう","持久戦には角が主役(In a slow game the bishop has the leading role)
歩内金は持久戦(Silver in front of its pawns -- quick attack, gold behind its pawns -- slow game)",Guess the reading for kanji occuring in a shogi term
持駒 (part of term),"もちごま","持駒変換(exchanging pieces in hand for pieces on the board)",Guess the reading for kanji occuring in a shogi term
変換,"へんかん","持駒変換(exchanging pieces in hand for pieces on the board)",Guess the reading for kanji occuring in a shogi term
切り,"きり","指し切り(being out of moves)
突っ切り((pawn) sacrifice push)",Guess the reading for kanji occuring in a shogi term
回し,"まわし","指し回し(playing (around), actions)",Guess the reading for kanji occuring in a shogi term
直す,"なおす","指し直す(play a new game (after a sennichite))
立ち直す(reposition)",Guess the reading for kanji occuring in a shogi term
指導,"しどう","指導対局(teaching game, simultaneous game)",Guess the reading for kanji occuring in a shogi term
挑戦 (part of term),"ちょうせん","挑戦する(challenge, provoke)",Guess the reading for kanji occuring in a shogi term
挫折,"ざせつ","挫折(-)(failure, collapse, set-back)",Guess the reading for kanji occuring in a shogi term
振り,"ふり,ぶり","振り駒(toss (by throwing five pawns))",Guess the reading for kanji occuring in a shogi term
捕獲,"ほかく","捕獲する(capture)",Guess the reading for kanji occuring in a shogi term
排除,"はいじょ","排除する(remove)",Guess the reading for kanji occuring in a shogi term
控え,"ひかえ","控えの桂(knight (drop) towards the rear)
桂馬は控えて打て(Drop the knight towards the rear)",Guess the reading for kanji occuring in a shogi term
推察,"すいさつ","推察(-)(guess, deduction)",Guess the reading for kanji occuring in a shogi term
援軍,"えんぐん","援軍を送る(send support troops)",Guess the reading for kanji occuring in a shogi term
送る,"おくる","援軍を送る(send support troops)",Guess the reading for kanji occuring in a shogi term
支え,"ささえ,つかえ","支え切れない(cannot be saved)",Guess the reading for kanji occuring in a shogi term
改め,"あらため","改める；改まる(correct, renew (vi; vt))",Guess the reading for kanji occuring in a shogi term
足場 (part of term),"あしば","攻めの足場を残せ(Keep the foothold for the attack)",Guess the reading for kanji occuring in a shogi term
守る (part of term),"まもる","攻めるは守るなり(Attack is the best defence)",Guess the reading for kanji occuring in a shogi term
放置,"ほうち","放置する(leave (standing as it is), ignore)",Guess the reading for kanji occuring in a shogi term
救出,"きゅうしゅつ","救出(-)(rescue, deliverance)",Guess the reading for kanji occuring in a shogi term
敗北,"はいぼく","敗北(-)(defeat)",Guess the reading for kanji occuring in a shogi term
敵飛,"てきひ","敵飛の位置を見て自玉を囲え(Castle your king after seeing where the rook moves to)",Guess the reading for kanji occuring in a shogi term
自玉,"じぎょく","敵飛の位置を見て自玉を囲え(Castle your king after seeing where the rook moves to)",Guess the reading for kanji occuring in a shogi term
位置 (part of term),"いち","敵飛の位置を見て自玉を囲え(Castle your king after seeing where the rook moves to)
玉と飛車は反対の位置へ(Move king and rook to opposite squares)",Guess the reading for kanji occuring in a shogi term
整う,"ととのう","整う；整える(be prepared, be arranged; prepare, arrange, settle (vi; vt))",Guess the reading for kanji occuring in a shogi term
整え,"ととのえ","整う；整える(be prepared, be arranged; prepare, arrange, settle (vi; vt))",Guess the reading for kanji occuring in a shogi term
整備,"せいび","整備する(consolidate)",Guess the reading for kanji occuring in a shogi term
新人,"しんじん","新人王戦(New Stars' King (1970))",Guess the reading for kanji occuring in a shogi term
新進,"しんしん","新進棋士奨励会(Apprentice Professionals' Association)",Guess the reading for kanji occuring in a shogi term
奨励,"しょうれい","新進棋士奨励会(Apprentice Professionals' Association)",Guess the reading for kanji occuring in a shogi term
新鋭,"しんえい","早指し新鋭戦(Quick Shogi New Pick (1982))",Guess the reading for kanji occuring in a shogi term
選手,"せんしゅ","早指し選手権戦(Quick Shogi Championship (1972))
選手権戦(championship, title match)",Guess the reading for kanji occuring in a shogi term
優秀,"ゆうしゅう","最優秀棋士賞(Award for the Best Player of the Year)",Guess the reading for kanji occuring in a shogi term
最善,"さいぜん","最善手(the best move)",Guess the reading for kanji occuring in a shogi term
有利 (part of term),"ゆうり","有利な(profitable, advantageous)",Guess the reading for kanji occuring in a shogi term
有力,"ゆうりょく","有力な(powerful)",Guess the reading for kanji occuring in a shogi term
有効,"ゆうこう","有効な(effective)",Guess the reading for kanji occuring in a shogi term
本手 (part of term),"ほんて","本手順(the proper mating sequence)",Guess the reading for kanji occuring in a shogi term
果敢,"かかん","果敢な(bold, resolute)",Guess the reading for kanji occuring in a shogi term
定跡 (part of term),"じょうせき","桂先の銀定跡なり(Silver at the head of the (opponent's) knight is the standard move)
駅馬車定跡(Stagecoach Joseki)
鷺宮定跡(Heron Palace Joseki)",Guess the reading for kanji occuring in a shogi term
桂馬 (part of term),"ケイマ,けいま","桂馬の高とび歩の餌食(The knight that jumps far falls prey to a pawn)
桂馬は控えて打て(Drop the knight towards the rear)",Guess the reading for kanji occuring in a shogi term
棋王,"きおう","棋王戦((1974))",Guess the reading for kanji occuring in a shogi term
棋聖,"きせい","棋聖戦((Fall 1962))",Guess the reading for kanji occuring in a shogi term
聖戦,"せいせん","棋聖戦((Fall 1962))",Guess the reading for kanji occuring in a shogi term
検討,"けんとう","検討(-)(investigation, experiment)
比較検討(comparitive analysis)",Guess the reading for kanji occuring in a shogi term
構想,"こうそう","構想型詰(ideal type problem (opp. of actual game type))",Guess the reading for kanji occuring in a shogi term
効き,"きき","横効き(横利き)(sideways effect, action (rook))",Guess the reading for kanji occuring in a shogi term
利き,"きき","横効き(横利き)(sideways effect, action (rook))
飛車の横利き受けに強し(The sideways action of the rook is strong in defence)",Guess the reading for kanji occuring in a shogi term
三年,"さんねん","横歩三年のわずらい(To take the side-pawn is to grasp the nettle (obs.))",Guess the reading for kanji occuring in a shogi term
機敏,"きびん","機敏な(shrewd, clever)",Guess the reading for kanji occuring in a shogi term
欲望,"よくぼう","欲望(-)(desire, appetite)",Guess the reading for kanji occuring in a shogi term
止め,"とどめ,とめ,どめ","止まる；止める(stop (vi; vt))
金は止めに残せ(Save the gold till the end (for the coup the grace))
飛車止めの歩(rook block)",Guess the reading for kanji occuring in a shogi term
正当,"せいとう","正当な(correct)",Guess the reading for kanji occuring in a shogi term
代り,"かわり,がわり","歩の代りの香(lance exchange for a pawn)",Guess the reading for kanji occuring in a shogi term
内金,"うちきん","歩内金は持久戦(Silver in front of its pawns -- quick attack, gold behind its pawns -- slow game)",Guess the reading for kanji occuring in a shogi term
越し,"ごし","歩越し銀(silver in front of its pawns)",Guess the reading for kanji occuring in a shogi term
残り,"のこり","残りの時間(remaining time)",Guess the reading for kanji occuring in a shogi term
時間 (part of term),"じかん","残りの時間(remaining time)
消費時間(used time)",Guess the reading for kanji occuring in a shogi term
残す,"のこす","残る；残す(remain, be spared; leave behind (vi; vt))",Guess the reading for kanji occuring in a shogi term
残る (part of term),"のこる","残る；残す(remain, be spared; leave behind (vi; vt))",Guess the reading for kanji occuring in a shogi term
残念,"ざんねん","残念(-)(regret, chagrin)",Guess the reading for kanji occuring in a shogi term
殺到,"さっとう","殺到する(rush in, storm, swoop down on)",Guess the reading for kanji occuring in a shogi term
比べ,"くらべ","比べる；較べる(compare)",Guess the reading for kanji occuring in a shogi term
較べ,"くらべ","比べる；較べる(compare)",Guess the reading for kanji occuring in a shogi term
比較,"ひかく","比較(-)(comparison)
比較検討(comparitive analysis)",Guess the reading for kanji occuring in a shogi term
気合,"きあい","気合い抜け(discouragement)",Guess the reading for kanji occuring in a shogi term
抜け,"ぬけ","気合い抜け(discouragement)
素抜ける(can take simply (without any loss))",Guess the reading for kanji occuring in a shogi term
決め,"きめ,ぎめ","決まる；決める(be decided, be fixed; decide, settle, fix (vi; vt))",Guess the reading for kanji occuring in a shogi term
決心,"けっしん","決心(-)(determination, resolution)",Guess the reading for kanji occuring in a shogi term
沈着,"ちんちゃく","沈着な(calm, selfcomposed)",Guess the reading for kanji occuring in a shogi term
注目,"ちゅうもく","注意(-), 注目(-)(attention)",Guess the reading for kanji occuring in a shogi term
活動,"かつどう","活動する(activate, deploy)",Guess the reading for kanji occuring in a shogi term
活用,"かつよう","活用する(activate, bring into play)
遊び駒を活用せよ(Activate idle pieces)",Guess the reading for kanji occuring in a shogi term
活躍,"かつやく","活躍する(activate, bring into play)",Guess the reading for kanji occuring in a shogi term
流れ (part of term),"ながれ","流れ矢倉(Flow Yagura)",Guess the reading for kanji occuring in a shogi term
浮き,"うき","浮き駒(floating piece)
浮き駒(loose piece, floating piece)
浮き駒を狙え(Aim at floating pieces)",Guess the reading for kanji occuring in a shogi term
消す,"けす","消える；消す(disappear, go away; make disappear, neutralize (bad aji) (vi; vt))",Guess the reading for kanji occuring in a shogi term
消極,"しょうきょく","消極的な(passive, negative)",Guess the reading for kanji occuring in a shogi term
消費,"しょうひ","消費時間(used time)",Guess the reading for kanji occuring in a shogi term
清算,"せいさん","清算(-)(liquidation, cleaning up)",Guess the reading for kanji occuring in a shogi term
満足,"まんぞく","満足(-)(satisfaction)
満足な(satisfactory, sufficient)",Guess the reading for kanji occuring in a shogi term
兵衛,"ひょうえ","源兵衛清安(genbei kiyoyasu)",Guess the reading for kanji occuring in a shogi term
戦い (part of term),"たたかい","激突戦い(Match Promotions (1989))",Guess the reading for kanji occuring in a shogi term
激突 (part of term),"げきとつ","激突戦い(Match Promotions (1989))",Guess the reading for kanji occuring in a shogi term
無事,"ぶじ","無事な(safe, uneventful)",Guess the reading for kanji occuring in a shogi term
掛図,"かけず","無仕掛図式(No Foothold Problem (attacking side has no pieces on the board; extreme version is the Naked King))
無掛図式(id.)",Guess the reading for kanji occuring in a shogi term
無力,"むりょく","無力な(powerless, impotent)",Guess the reading for kanji occuring in a shogi term
無用,"むよう","無用な(not necessary, no use, futile)",Guess the reading for kanji occuring in a shogi term
無視,"むし","無視する(ignore, disregard)",Guess the reading for kanji occuring in a shogi term
無謀,"むぼう","無謀な(reckless, thoughtless)",Guess the reading for kanji occuring in a shogi term
防備,"ぼうび","無防備図式(No Defence Problem (problem diagr. shows only king and p. of the attacking side))",Guess the reading for kanji occuring in a shogi term
焦点 (part of term),"しょうてん","焦点に歩を打て(Drop a pawn on the focal point)
焦点の捨て駒(sacrifice (drop) at the focal point)
焦点の歩(focal point pawn (drop))",Guess the reading for kanji occuring in a shogi term
熟慮,"じゅくりょ","熟慮(-)(id.)",Guess the reading for kanji occuring in a shogi term
熟考,"じゅっこう","熟考(-)(due consideration, mature reflection)",Guess the reading for kanji occuring in a shogi term
牽制,"けんせい","牽制する(check, restrain, constrain)",Guess the reading for kanji occuring in a shogi term
制す,"せいす","牽制する(check, restrain, constrain)",Guess the reading for kanji occuring in a shogi term
狙い,"ねらい","狙いの一手(the intended move)
狙い筋(the move or tesuji one aimed at, the intended move)",Guess the reading for kanji occuring in a shogi term
入城,"にゅうじょう","玉と入城する(bring the king inside the castle)",Guess the reading for kanji occuring in a shogi term
三枚,"さんまい","玉の守りは金銀三枚(Defend the king with three generals)",Guess the reading for kanji occuring in a shogi term
守り,"まもり,もり","玉の守りは金銀三枚(Defend the king with three generals)",Guess the reading for kanji occuring in a shogi term
金銀,"きんぎん","玉の守りは金銀三枚(Defend the king with three generals)
金銀の逆形は無筋なり(With gold and silver reversed (gold standing above silver), you're bound to get in trouble)
金銀図式(Gold and Silver Problem)",Guess the reading for kanji occuring in a shogi term
退路 (part of term),"たいろ","玉の退路を断て(Cut off the king's escape route)
退路への捨て駒(sacrifice at the loophole (of the king) (endgame))",Guess the reading for kanji occuring in a shogi term
包む (part of term),"くるむ,つつむ","玉は包むように寄せよ(Approach the king by surrounding him)",Guess the reading for kanji occuring in a shogi term
囲う (part of term),"かこう","玉を囲う(castle the king)",Guess the reading for kanji occuring in a shogi term
王座,"おうざ","王座戦((1953))",Guess the reading for kanji occuring in a shogi term
追う (part of term),"おう","王手は追う手(Check your checks (lit. A check is a chasing move))",Guess the reading for kanji occuring in a shogi term
理解,"りかい","理解(-)(understanding)",Guess the reading for kanji occuring in a shogi term
生き,"イキ,いき","生きてくる(come to live, become effective, be activated)",Guess the reading for kanji occuring in a shogi term
用心,"ようじん","用心(-)(care, caution)
用心な(careful)",Guess the reading for kanji occuring in a shogi term
田舎,"いなか,でんしゃ,でんじゃ","田舎流(boorish style)",Guess the reading for kanji occuring in a shogi term
留意,"りゅうい","留意(-)(serious consideration)",Guess the reading for kanji occuring in a shogi term
疑問,"ぎもん","疑問の(dubious, questionable)
疑問手(dubious (bad) move)",Guess the reading for kanji occuring in a shogi term
発揮,"はっき","発揮(-)(realization)",Guess the reading for kanji occuring in a shogi term
発見,"はっけん","発見(-)(discovery)",Guess the reading for kanji occuring in a shogi term
全体,"ぜんたい","盤面全体(the whole board)",Guess the reading for kanji occuring in a shogi term
盤面 (part of term),"ばんめん","盤面全体(the whole board)
盤面全部(the whole board)
盤面曲詰(Board Composition (problem diagr. shows a character, figure or letter))",Guess the reading for kanji occuring in a shogi term
全部,"ぜんぶ","盤面全部(the whole board)",Guess the reading for kanji occuring in a shogi term
障り,"さわり","目障りな(very ugly)",Guess the reading for kanji occuring in a shogi term
相当,"そうとう","相当な(adequate, suitable)",Guess the reading for kanji occuring in a shogi term
懸り,"カカリ,かかり","相懸り（戦法）(Double Wing Attack (opening))",Guess the reading for kanji occuring in a shogi term
戦法 (part of term),"せんぽう","相懸り（戦法）(Double Wing Attack (opening))
矢倉（戦法）(Yagura (opening) (yagura, arrow depository))",Guess the reading for kanji occuring in a shogi term
掛り,"カカリ,かかり,がかり","相掛り(Double Wing Attack (opening))",Guess the reading for kanji occuring in a shogi term
省略,"しょうりゃく","省略する(omit)",Guess the reading for kanji occuring in a shogi term
略す,"りゃくす","省略する(omit)",Guess the reading for kanji occuring in a shogi term
着実,"ちゃくじつ","着実な(calm, steady)",Guess the reading for kanji occuring in a shogi term
着手 (part of term),"ちゃくしゅ","着手(-)(start (n))",Guess the reading for kanji occuring in a shogi term
突く (part of term),"つく,つつく","矢倉囲に端歩を突くな(In the Yagura, don't push the edge pawn)
矢倉囲に端歩を突くべし(In the Yagura, push the edge pawn)
角換わり将棋に５筋を突くな(In the Bishop Exchange, don't push the central pawn)",Guess the reading for kanji occuring in a shogi term
腰掛,"こしかけ","矢倉腰掛銀(Yagura Reclining Silver)
腰掛銀(Reclining Silver)",Guess the reading for kanji occuring in a shogi term
石垣,"いしがき,いしがけ","石垣図式(Stone Wall Problem (king completely walled in in the mating diagr.))",Guess the reading for kanji occuring in a shogi term
研究,"けんきゅう","研究(-)(investigation)",Guess the reading for kanji occuring in a shogi term
確保,"かくほ","確保する(secure, maintain, ensure)",Guess the reading for kanji occuring in a shogi term
移す,"うつす","移る；移す(shift, transfer (vi; vt))",Guess the reading for kanji occuring in a shogi term
移る,"うつる","移る；移す(shift, transfer (vi; vt))",Guess the reading for kanji occuring in a shogi term
移行,"いこう","移行する(switch over (to))",Guess the reading for kanji occuring in a shogi term
積極,"しゃっきょく,せっきょく","積極的な(positive, active)",Guess the reading for kanji occuring in a shogi term
空中,"くうちゅう","空中穴熊(Air Castle (Bear-in-the-Air) (in the middle of the board, floating like))",Guess the reading for kanji occuring in a shogi term
越す,"こす","突き越す(push on)",Guess the reading for kanji occuring in a shogi term
違う (part of term),"たがう,ちがう","突き違うの歩(counter-push (on another file))",Guess the reading for kanji occuring in a shogi term
突入,"とつにゅう","突入する(rush in, plunge into)",Guess the reading for kanji occuring in a shogi term
突破,"とっぱ","突破(-)(breakthrough)",Guess the reading for kanji occuring in a shogi term
窮屈,"きゅうくつ","窮屈する(be cramped)",Guess the reading for kanji occuring in a shogi term
屈す,"くす,くっす","窮屈する(be cramped)",Guess the reading for kanji occuring in a shogi term
立ち,"たち","立ち合い人(referee)
立ち往生する(come to a standstill)
立ち直す(reposition)
銀立ち矢倉(High Silver Yagura)",Guess the reading for kanji occuring in a shogi term
生す,"なす,むす","立ち往生する(come to a standstill)",Guess the reading for kanji occuring in a shogi term
往生,"おうじょう","立ち往生する(come to a standstill)",Guess the reading for kanji occuring in a shogi term
立体,"りったい","立体詰(Three dimensional Tsume (both bammen en aburidashi kyokuzume {rare}))",Guess the reading for kanji occuring in a shogi term
立派,"りっぱ","立派な(excellent)",Guess the reading for kanji occuring in a shogi term
敵陣 (part of term),"てきじん","竜は敵陣に(The dragon to the enemy camp, the horse to your own)",Guess the reading for kanji occuring in a shogi term
竜王 (part of term),"りゅうおう","竜王戦((first held in 1988) (Ryuo...Kio are the seven major titles))",Guess the reading for kanji occuring in a shogi term
競争,"きょうそう","競争(-)(competition, contest)",Guess the reading for kanji occuring in a shogi term
悪い (part of term),"にくい,わるい","筋の悪い(tactically bad)",Guess the reading for kanji occuring in a shogi term
簡単,"かんたん","簡単な(easy. simple)",Guess the reading for kanji occuring in a shogi term
純粋,"じゅんすい","純粋縦歩取り(Pure Rook on Pawn)",Guess the reading for kanji occuring in a shogi term
抜き,"ぬき","素抜き(pure, clean profit)",Guess the reading for kanji occuring in a shogi term
素直,"すなお","素直な(meek, tame)",Guess the reading for kanji occuring in a shogi term
細字,"さいじ,ほそじ","細字の清安(small character kiyoyasu)",Guess the reading for kanji occuring in a shogi term
紹介,"しょうかい","紹介(-)(introduction)",Guess the reading for kanji occuring in a shogi term
終了,"しゅうりょう","終了(-)(end)",Guess the reading for kanji occuring in a shogi term
終戦,"しゅうせん","終戦(-)(end of the fight)",Guess the reading for kanji occuring in a shogi term
終生,"しゅうせい","終生名人制(Lifetime Meijin system (1612-1937))",Guess the reading for kanji occuring in a shogi term
終盤 (part of term),"しゅうばん","終盤（寄せ）は駒の損得より速度(In the endgame (yose) speed is more important than material)",Guess the reading for kanji occuring in a shogi term
速度 (part of term),"そくど","終盤（寄せ）は駒の損得より速度(In the endgame (yose) speed is more important than material)",Guess the reading for kanji occuring in a shogi term
損得,"そんとく","終盤（寄せ）は駒の損得より速度(In the endgame (yose) speed is more important than material)",Guess the reading for kanji occuring in a shogi term
絶好,"ぜっこう","絶好の一手(the best move)",Guess the reading for kanji occuring in a shogi term
絶妙,"ぜつみょう","絶妙な(sublime, brilliant)
絶妙手(absolutely brilliant move)",Guess the reading for kanji occuring in a shogi term
絶対,"ぜったい","絶対手(forced move)",Guess the reading for kanji occuring in a shogi term
対手,"あいて,たいしゅ","絶対手(forced move)",Guess the reading for kanji occuring in a shogi term
絶望,"ぜつぼう","絶望(-)(despair)",Guess the reading for kanji occuring in a shogi term
継続,"けいぞく","継続(-)(continuation)",Guess the reading for kanji occuring in a shogi term
続く,"つづく","続く；続ける(continue (vi; vt))",Guess the reading for kanji occuring in a shogi term
綺麗,"キレイ,きれい","綺麗な(nice, pretty)",Guess the reading for kanji occuring in a shogi term
練習,"れんしゅう","練習対局(practise game)",Guess the reading for kanji occuring in a shogi term
緩い (part of term),"ぬるい,ゆるい","緩い手(slack, weak move)",Guess the reading for kanji occuring in a shogi term
肝心,"かんじん","肝心な(essential)",Guess the reading for kanji occuring in a shogi term
脱け,"ぬけ","脱け道(escape route, loophole)",Guess the reading for kanji occuring in a shogi term
臆病,"おくびょう","臆病な(cowardish, timid)",Guess the reading for kanji occuring in a shogi term
自信,"じしん","自信(がない)((have no) (self-)confidence)",Guess the reading for kanji occuring in a shogi term
戦記,"せんき","自戦記(commentary of own game)",Guess the reading for kanji occuring in a shogi term
自然,"しぜん,じねん","自然の(natural)
自然流(natural style (Nakahara Makoto`s style))",Guess the reading for kanji occuring in a shogi term
自重,"じじゅう,じちょう","自重な(prudent, careful)",Guess the reading for kanji occuring in a shogi term
自陣 (part of term),"じじん","自陣角(馬)(bishop (horse) in the own camp)
馬は自陣(The dragon to the enemy camp, the horse to your own)",Guess the reading for kanji occuring in a shogi term
至当,"しとう","至当な(suitable, reasonable)",Guess the reading for kanji occuring in a shogi term
行動,"こうどう","行動(-)(movements, action)",Guess the reading for kanji occuring in a shogi term
術中 (part of term),"じゅっちゅう","術中に陥る(fall into a trap)",Guess the reading for kanji occuring in a shogi term
陥る,"おちいる","術中に陥る(fall into a trap)",Guess the reading for kanji occuring in a shogi term
被害,"ひがい","被害(-)(damage (n))",Guess the reading for kanji occuring in a shogi term
補強,"ほきょう","補強する(strengthen)",Guess the reading for kanji occuring in a shogi term
複雑,"ふくざつ","複雑な(complicated)",Guess the reading for kanji occuring in a shogi term
競り,"せり","覇を競り合う(vie, compete for the championship)",Guess the reading for kanji occuring in a shogi term
合う,"あう,おう","覇を競り合う(vie, compete for the championship)",Guess the reading for kanji occuring in a shogi term
見事,"みごと","見事な(beautiful)",Guess the reading for kanji occuring in a shogi term
覚悟,"かくご","覚悟(-)(insight, expectation, resignation)",Guess the reading for kanji occuring in a shogi term
解説 (part of term),"かいせつ","解説(-)(explanation, commentary)",Guess the reading for kanji occuring in a shogi term
評価,"ひょうか","評価(-)(evaluation)",Guess the reading for kanji occuring in a shogi term
試す,"ためす","試す；試みる(try)",Guess the reading for kanji occuring in a shogi term
試み,"こころみ","試す；試みる(try)",Guess the reading for kanji occuring in a shogi term
詰む (part of term),"つむ","詰むや詰まざるや(Mate or No Mate? (alternative, popular title of Shoogi Musoo))",Guess the reading for kanji occuring in a shogi term
上り,"のぼり","詰上り図(mate diagram)",Guess the reading for kanji occuring in a shogi term
誘導,"ゆうどう","誘導する(induce, entice)",Guess the reading for kanji occuring in a shogi term
誤算,"ごさん","誤算(-)(miscalculation)",Guess the reading for kanji occuring in a shogi term
説明,"せつめい","説明(-)(explanation, elucidation)",Guess the reading for kanji occuring in a shogi term
豆腐,"とうふ","豆腐図式(Tofu Problem (problem diagr. shows only king, pawns and tokins))",Guess the reading for kanji occuring in a shogi term
貧乏,"びんぼう,ビンボー","貧乏図式(Poor Man`s Problem (without any gold or silver))",Guess the reading for kanji occuring in a shogi term
趣向,"しゅこう","趣向詰将棋(mate compositions (with additional restrictions or special devices))",Guess the reading for kanji occuring in a shogi term
跳ね,"はね","跳ね返る；~返す(rebound, spring back; kick back (vi; vt))",Guess the reading for kanji occuring in a shogi term
返す,"かえす","跳ね返る；~返す(rebound, spring back; kick back (vi; vt))",Guess the reading for kanji occuring in a shogi term
返る,"かえる","跳ね返る；~返す(rebound, spring back; kick back (vi; vt))",Guess the reading for kanji occuring in a shogi term
転換,"てんかん","転換する(convert, switch, transpose)",Guess the reading for kanji occuring in a shogi term
転用,"てんよう","転用する(convert)",Guess the reading for kanji occuring in a shogi term
軽妙,"けいみょう","軽妙な(smart)",Guess the reading for kanji occuring in a shogi term
軽率,"けいそつ","軽率な(rash, hasty)",Guess the reading for kanji occuring in a shogi term
軽視,"けいし","軽視する(slight, ignore, neglect)",Guess the reading for kanji occuring in a shogi term
辛抱,"しんぼう","辛抱(-)(patience)",Guess the reading for kanji occuring in a shogi term
退出,"たいしゅつ","退出する(retreat)",Guess the reading for kanji occuring in a shogi term
退治,"たいじ","退治する(subjugate, control, exterminate)",Guess the reading for kanji occuring in a shogi term
治す,"なおす","退治する(subjugate, control, exterminate)",Guess the reading for kanji occuring in a shogi term
送り,"おくり","送りの金(send-off gold)",Guess the reading for kanji occuring in a shogi term
先着,"せんちゃく","逃げ場の先着(arriving first at the loophole (by sacrificing a piece letting the opponent plug up the king's escape route))",Guess the reading for kanji occuring in a shogi term
攻撃,"こうげき","逆攻撃(counter attack)",Guess the reading for kanji occuring in a shogi term
逆用,"ぎゃくよう","逆用(-)(use against)",Guess the reading for kanji occuring in a shogi term
途中,"とちゅう","途中図(intermediate diagram)",Guess the reading for kanji occuring in a shogi term
通信,"つうしん","通信将棋(postal Shogi)",Guess the reading for kanji occuring in a shogi term
連取,"れんしゅ","連取り(successively taking pieces with rook or bishop (at different squares))",Guess the reading for kanji occuring in a shogi term
連打 (part of term),"れんだ","連打の歩(successive (striking) pawn drops)",Guess the reading for kanji occuring in a shogi term
連絡,"れんらく","連絡(-)(connection (between pieces))
連絡の（ない）((un)connected)",Guess the reading for kanji occuring in a shogi term
連続 (part of term),"れんぞく","連続王手(successive checks)",Guess the reading for kanji occuring in a shogi term
週間,"しゅうかん","週間将棋(Shogi Weekly)",Guess the reading for kanji occuring in a shogi term
進む (part of term),"すさむ,すすむ","進む；進める(advance, progress; develop (vi; vt))",Guess the reading for kanji occuring in a shogi term
進歩,"しんぽ","進歩(-)(advance)",Guess the reading for kanji occuring in a shogi term
遊び,"あそび,すさび","遊び駒(idling, inactive piece)
遊び駒を活用せよ(Activate idle pieces)",Guess the reading for kanji occuring in a shogi term
達成,"たっせい","達成する(achieve, attain)",Guess the reading for kanji occuring in a shogi term
遠見,"えんけん,とおみ","遠見の角(watchtower bishop)
遠見の角に妙手あり(With a watchtower bishop there is bound to be a brilliant move)",Guess the reading for kanji occuring in a shogi term
適当,"てきとう,テキトー","適当な(suitable, proper)",Guess the reading for kanji occuring in a shogi term
遮断,"しゃだん","遮断する(interrupt, block)",Guess the reading for kanji occuring in a shogi term
還元,"かんげん","還元玉(Original Position King (king is mated on his original square))",Guess the reading for kanji occuring in a shogi term
邪魔,"じゃま","邪魔駒(obstacle, blocking piece)",Guess the reading for kanji occuring in a shogi term
重ね,"かさね","重ねの香(piled-up lances)",Guess the reading for kanji occuring in a shogi term
重厚,"じゅうこう,ちょうこう","重厚な(thick, solid)",Guess the reading for kanji occuring in a shogi term
重視,"じゅうし","重視する(take into serious consideration)",Guess the reading for kanji occuring in a shogi term
斜め,"ななめ,なのめ","金は斜めに誘え(Entice the gold diagonally forwards)",Guess the reading for kanji occuring in a shogi term
固し,"かたし","金底の歩は岩より固し(A pawn-anchored gold is more solid than a rock)",Guess the reading for kanji occuring in a shogi term
開き,"ひらき","金開き(Spread-out Golds)
開き王手(discovered check)",Guess the reading for kanji occuring in a shogi term
金頭,"カナガシラ,かながしら","金頭の桂(knight (sacrifice) at the head of the gold)",Guess the reading for kanji occuring in a shogi term
打つ (part of term),"うつ,ぶつ","釘を打つ(pin down (lit. pound in a nail))",Guess the reading for kanji occuring in a shogi term
付け,"ツケ,つけ,づけ","釘付けにする(pin down, tie down)",Guess the reading for kanji occuring in a shogi term
使う,"つかう","銀は千鳥に使う(Use the silver like a plover (moving zigzag))",Guess the reading for kanji occuring in a shogi term
千鳥,"チドリ,ちどり","銀は千鳥に使う(Use the silver like a plover (moving zigzag))",Guess the reading for kanji occuring in a shogi term
雲雀,"ヒバリ,ひばり","銀雲雀(Silver Skylark)",Guess the reading for kanji occuring in a shogi term
鎖鎌,"くさりがま","鎖鎌銀(Sickle-and-chain Silver)",Guess the reading for kanji occuring in a shogi term
開始,"かいし","開始(-)(start, begin)",Guess the reading for kanji occuring in a shogi term
開戦,"かいせん","開戦(-)(start of the fight)",Guess the reading for kanji occuring in a shogi term
阻止,"そし","阻止する(prevent, keep off)",Guess the reading for kanji occuring in a shogi term
止す,"さす,よす","阻止する(prevent, keep off)",Guess the reading for kanji occuring in a shogi term
降す,"くだす","降る；降す(surrender; defeat (vi; vt))",Guess the reading for kanji occuring in a shogi term
降る,"くだる,ふる","降る；降す(surrender; defeat (vi; vt))",Guess the reading for kanji occuring in a shogi term
降伏,"こうふく","降伏(-)(resignation)",Guess the reading for kanji occuring in a shogi term
降級,"こうきゅう","降級(-)(degradation)",Guess the reading for kanji occuring in a shogi term
限界,"げんかい","限界点の捨て駒(id.)",Guess the reading for kanji occuring in a shogi term
陥落,"かんらく","陥落(-)(degradation; fall; defeat)",Guess the reading for kanji occuring in a shogi term
刺し,"さし","雀刺し(Spearing the Sparrow)",Guess the reading for kanji occuring in a shogi term
集中,"しゅうちゅう","集中する(centralize, concentrate)",Guess the reading for kanji occuring in a shogi term
難解,"なんかい","難解な(difficult)",Guess the reading for kanji occuring in a shogi term
離れ,"はなれ,ばなれ","離れ駒(loose piece)
離れ駒に手あり(If there are loose pieces, you won't be stuck for a move)",Guess the reading for kanji occuring in a shogi term
静か,"しずか","静かな(quiet)",Guess the reading for kanji occuring in a shogi term
面倒 (part of term),"めんどう","面倒な(troublesome, difficult, unpleasant)",Guess the reading for kanji occuring in a shogi term
頓挫,"とんざ","頓挫する(come to a deadlock)",Guess the reading for kanji occuring in a shogi term
類似,"るいじ","類似作(similar problem (strongly resembling an existing problem))",Guess the reading for kanji occuring in a shogi term
三つ,"みつ,みっつ","飛先の交換三つの得あり(Exchanging the rook pawn has three advantages)",Guess the reading for kanji occuring in a shogi term
肝腎,"かんじん","飛角の捨て場肝腎なり(Don't be afraid to sacrifice rook or bishop)",Guess the reading for kanji occuring in a shogi term
弱い (part of term),"よわい","飛車と玉はコビンが弱い(Rook and king are weak at the ears)",Guess the reading for kanji occuring in a shogi term
手兵,"しゅへい","飛車の手兵は銀(The rook's page is the silver)",Guess the reading for kanji occuring in a shogi term
車止,"くるまどめ","飛車止めの歩(rook block)",Guess the reading for kanji occuring in a shogi term
飾り,"かざり","飾り駒(embellishing pieces (without function in the mating sequence))",Guess the reading for kanji occuring in a shogi term
馬車,"うまぐるま,ばしゃ,マーチョ","駅馬車定跡(Stagecoach Joseki)",Guess the reading for kanji occuring in a shogi term
駅馬,"えきば","駅馬車定跡(Stagecoach Joseki)",Guess the reading for kanji occuring in a shogi term
揃い,"そろい","駒一揃い詰(One of Each (problem shown one of each of the p., attacking side has no pieces in hand))",Guess the reading for kanji occuring in a shogi term
一揃,"ひとそろい,ピンゾロ,ピンぞろ","駒一揃い詰(One of Each (problem shown one of each of the p., attacking side has no pieces in hand))",Guess the reading for kanji occuring in a shogi term
戦術 (part of term),"せんじゅつ","高等戦術(higher strategy)",Guess the reading for kanji occuring in a shogi term
高等,"こうとう","高等戦術(higher strategy)",Guess the reading for kanji occuring in a shogi term
決勝戦,"けっしょうせん","(準)決勝戦((semi)finals)",Guess the reading for kanji occuring in a shogi term
対して,"たいして","~に対して(against --, in answer to)",Guess the reading for kanji occuring in a shogi term
に対し,"にたいし","~に対して(against --, in answer to)",Guess the reading for kanji occuring in a shogi term
応じて,"おうじて","~に応じて(in reponse to)",Guess the reading for kanji occuring in a shogi term
天王山 (part of term),"てんおうざん,てんのうざん","５五の位は天王山(The 5e vanguard pawn is the Tenno Mountain)",Guess the reading for kanji occuring in a shogi term
位取り,"くらいどり","5筋位取り(Central Vanguard Pawn)
玉頭位取り(King`s Head Vanguard Pawn)",Guess the reading for kanji occuring in a shogi term
順位戦,"じゅんいせん","A級順位戦(A-class Ranking Match (winner becomes Meijin challenger) (professional dan grades, from 4th to 9th dan are determined by the various Ranking Matches))
IBM杯順位戦昇級者(IBM Cup Battle of the Ranking)",Guess the reading for kanji occuring in a shogi term
争奪戦,"そうだつせん","NHK杯争奪戦(NHK (Nihon Hoosoo Kai) Cup (1951))",Guess the reading for kanji occuring in a shogi term
求める (part of term),"もとめる","アヤを求める(look for a clue, seek complications)",Guess the reading for kanji occuring in a shogi term
うき目 (part of term),"うきめ","うき目を見る(have trouble)",Guess the reading for kanji occuring in a shogi term
お好み,"おこのみ","お好み対局(friendly game)",Guess the reading for kanji occuring in a shogi term
保持者,"ほじしゃ","タイトル保持者(title holder)",Guess the reading for kanji occuring in a shogi term
垂らす,"たらす","タラす（垂らす）(dangle (drop a pawn before the target field, threatening promotion next))",Guess the reading for kanji occuring in a shogi term
与える,"あたえる","プレシャーを与える(apply pressure)",Guess the reading for kanji occuring in a shogi term
凹ます,"へこます","へこます（凹ます）(dent, make hollow)",Guess the reading for kanji occuring in a shogi term
上げる,"あげる","上がる；上げる(go up; take, bring up (vi; vt))",Guess the reading for kanji occuring in a shogi term
上がる,"あがる","上がる；上げる(go up; take, bring up (vi; vt))
組上がる(build up, develop (vi))",Guess the reading for kanji occuring in a shogi term
下げる,"さげる","下がる；下げる(go down; bring down (vi; vt))",Guess the reading for kanji occuring in a shogi term
下がる,"さがる","下がる；下げる(go down; bring down (vi; vt))",Guess the reading for kanji occuring in a shogi term
不完全,"ふかんぜん","不完全作(defective problem)",Guess the reading for kanji occuring in a shogi term
不愉快,"ふゆかい","不愉快な(unpleasant)",Guess the reading for kanji occuring in a shogi term
不気味,"ぶきみ","不気味な(ominous, uncanny)",Guess the reading for kanji occuring in a shogi term
不用意,"ふようい","不用意な(unprepared, uncareful)",Guess the reading for kanji occuring in a shogi term
逃げる (part of term),"にげる","両取り逃げるに及ばず(Don't run from a fork)
両取り逃げるべからず(Don't run from a fork)",Guess the reading for kanji occuring in a shogi term
合する,"がっする","中合する(interpose, block)",Guess the reading for kanji occuring in a shogi term
手組み,"てぐみ","二十八手組み(the 14-Move Set (a well-known joseki resulting in a symmetrical position))",Guess the reading for kanji occuring in a shogi term
仕掛け (part of term),"しかけ","仕掛けは歩の突き捨てから(Start the fight with a pawn sacrifice)
早仕掛け(early fight, early start of the middle game)",Guess the reading for kanji occuring in a shogi term
延ばす,"のばす","伸す；延ばす(extend (with pawn push))",Guess the reading for kanji occuring in a shogi term
伸ばす,"のばす","伸ばす(延す)(extend (e.g. the edge by a pawn push))",Guess the reading for kanji occuring in a shogi term
過ぎる,"すぎる,よぎる","伸び過ぎる(overextend)",Guess the reading for kanji occuring in a shogi term
入れる,"いれる","入る；入れる(go in, enter; send, put in (vi; vt))",Guess the reading for kanji occuring in a shogi term
全日本,"ぜんにっぽん,ぜんにほん","全日本プロトーナメント(All Japan Pro (1982-2001))",Guess the reading for kanji occuring in a shogi term
位倒れ,"くらいだおれ","公郷の位倒れ(A vanguard pawn is difficult to maintain (lit. The court noble can not live up to his rank))",Guess the reading for kanji occuring in a shogi term
圧する (part of term),"あっする","制圧する((bring under) control, suppress)",Guess the reading for kanji occuring in a shogi term
溜める,"ためる","力を溜める(gather strength, assemble (more) force)",Guess the reading for kanji occuring in a shogi term
受け身,"うけみ","受け身になる(be pushed into the defensive)
受け身の態勢(defensive position)",Guess the reading for kanji occuring in a shogi term
悔しい,"くやしい","口悔しい(frustrating, regrettable)",Guess the reading for kanji occuring in a shogi term
合わせ,"あわせ","合わせの歩(opposing pawn (drop))
合わせ駒(opposing piece (pawn))",Guess the reading for kanji occuring in a shogi term
固める,"かためる","固める；堅める(strengthen, stabilize)",Guess the reading for kanji occuring in a shogi term
堅める,"かためる","固める；堅める(strengthen, stabilize)",Guess the reading for kanji occuring in a shogi term
地下鉄,"ちかてつ","地下鉄飛車(Subway Rook (contra rightside king in Bishop Exchange))",Guess the reading for kanji occuring in a shogi term
変える,"かえる","変わる；変える(change (vi; vt))
変わる；変える(change, play a variation (vi; vt))",Guess the reading for kanji occuring in a shogi term
変わる,"かわる","変わる；変える(change (vi; vt))
変わる；変える(change, play a variation (vi; vt))",Guess the reading for kanji occuring in a shogi term
大丈夫,"だいじょうふ,だいじょうぶ,だいじょぶ","大丈夫な(safe, alright, o.k.)",Guess the reading for kanji occuring in a shogi term
詰将棋 (part of term),"つめしょうぎ","大道詰将棋(Street Tsume Shogi (e.g. in popular city districts))
趣向詰将棋(mate compositions (with additional restrictions or special devices))",Guess the reading for kanji occuring in a shogi term
天守閣,"てんしゅかく","天守閣美濃(Castle Tower Mino)",Guess the reading for kanji occuring in a shogi term
了する,"りょうする","完了する((make) complete)",Guess the reading for kanji occuring in a shogi term
富士通,"ふじつう","富士通杯アマ.プロトーナメント戦(Fujitsu Cup Amateur-ProTournament (1989))",Guess the reading for kanji occuring in a shogi term
機関誌,"きかんし","将棋(支部機関誌)((Local Branch Quarterly))",Guess the reading for kanji occuring in a shogi term
栄誉賞,"えいよしょう","将棋栄誉賞(the Award of Honor (awarded by the JSF after 600 wins in official tournaments))",Guess the reading for kanji occuring in a shogi term
将棋盤,"しょうぎばん","将棋盤セット(the Shogi board and set)",Guess the reading for kanji occuring in a shogi term
居飛車 (part of term),"いびしゃ","居飛車穴熊(Static Rook Bear-in-the-hole)",Guess the reading for kanji occuring in a shogi term
分かれ,"わかれ","岐れ道；分かれ道(crossroads, branch, variation)",Guess the reading for kanji occuring in a shogi term
広がる,"ひろがる","広がる；広げる(extend, reach to; expand, widen (vi; vt))",Guess the reading for kanji occuring in a shogi term
広げる,"ひろげる","広がる；広げる(extend, reach to; expand, widen (vi; vt))
戦線を広げる(broaden the front)",Guess the reading for kanji occuring in a shogi term
弱まる,"よわまる","弱まる；弱める(become weaker; weaken, undermine (vi; vt))",Guess the reading for kanji occuring in a shogi term
弱める,"よわめる","弱まる；弱める(become weaker; weaken, undermine (vi; vt))",Guess the reading for kanji occuring in a shogi term
強める,"つよめる","強まる；強める(become stronger; strengthen (vi; vt))",Guess the reading for kanji occuring in a shogi term
強まる,"つよまる","強まる；強める(become stronger; strengthen (vi; vt))",Guess the reading for kanji occuring in a shogi term
化する,"かする","強化する(strengthen)",Guess the reading for kanji occuring in a shogi term
要する (part of term),"ようする","強要する(enforce, coerce)",Guess the reading for kanji occuring in a shogi term
当てる,"あてる","当たる；当てる(threaten to take (vi; vt))",Guess the reading for kanji occuring in a shogi term
当たる,"あたる","当たる；当てる(threaten to take (vi; vt))",Guess the reading for kanji occuring in a shogi term
応じる,"おうじる","応じる；応える(answer, respond)",Guess the reading for kanji occuring in a shogi term
応える,"こたえる","応じる；応える(answer, respond)",Guess the reading for kanji occuring in a shogi term
対する,"たいする","応対する(deal with, respond to)",Guess the reading for kanji occuring in a shogi term
懸かり,"カカリ,かかり","手懸かりの桂(knight foothold)",Guess the reading for kanji occuring in a shogi term
抑える,"おさえる","押える(抑える)(restrain, contain, hold down, constrain (opposite of sabaku))",Guess the reading for kanji occuring in a shogi term
押える,"おさえる","押える(抑える)(restrain, contain, hold down, constrain (opposite of sabaku))",Guess the reading for kanji occuring in a shogi term
持久戦 (part of term),"じきゅうせん","持久戦には角が主役(In a slow game the bishop has the leading role)
歩内金は持久戦(Silver in front of its pawns -- quick attack, gold behind its pawns -- slow game)",Guess the reading for kanji occuring in a shogi term
し直す,"しなおす","指し直す(play a new game (after a sennichite))",Guess the reading for kanji occuring in a shogi term
振飛車 (part of term),"ふりびしゃ","振飛車には角交換を狙え(Against the ranging rook aim at bishop exchange)
振飛車穴熊(Ranging Rook Bear in the Hole)
相振飛車(Double Ranging Rook)",Guess the reading for kanji occuring in a shogi term
除する,"じょする","排除する(remove)",Guess the reading for kanji occuring in a shogi term
換える,"かえる","換わる；換える(exchange (pieces or moves) (vi; vt))",Guess the reading for kanji occuring in a shogi term
換わる,"かわる","換わる；換える(exchange (pieces or moves) (vi; vt))",Guess the reading for kanji occuring in a shogi term
改める,"あらためる","改める；改まる(correct, renew (vi; vt))",Guess the reading for kanji occuring in a shogi term
改まる,"あらたまる","改める；改まる(correct, renew (vi; vt))",Guess the reading for kanji occuring in a shogi term
攻める (part of term),"せめる","攻めるは守るなり(Attack is the best defence)",Guess the reading for kanji occuring in a shogi term
整える,"ととのえる","整う；整える(be prepared, be arranged; prepare, arrange, settle (vi; vt))",Guess the reading for kanji occuring in a shogi term
新人王,"しんじんおう","新人王戦(New Stars' King (1970))",Guess the reading for kanji occuring in a shogi term
早指し,"はやざし","早指し将棋(quick Shogi)
早指し新鋭戦(Quick Shogi New Pick (1982))
早指し選手権戦(Quick Shogi Championship (1972))
超早指し将棋(lightning Shogi)",Guess the reading for kanji occuring in a shogi term
選手権,"せんしゅけん","早指し選手権戦(Quick Shogi Championship (1972))
選手権戦(championship, title match)",Guess the reading for kanji occuring in a shogi term
明らか,"あきらか","明らかな(clear)",Guess the reading for kanji occuring in a shogi term
最優秀,"さいゆうしゅう","最優秀棋士賞(Award for the Best Player of the Year)",Guess the reading for kanji occuring in a shogi term
楽しみ,"たのしみ","楽しみになる(look forward to)",Guess the reading for kanji occuring in a shogi term
止まる,"とどまる,とまる,やまる","止まる；止める(stop (vi; vt))",Guess the reading for kanji occuring in a shogi term
止める (part of term),"とどめる,とめる,やめる","止まる；止める(stop (vi; vt))",Guess the reading for kanji occuring in a shogi term
比べる,"くらべる","比べる；較べる(compare)",Guess the reading for kanji occuring in a shogi term
較べる,"くらべる","比べる；較べる(compare)",Guess the reading for kanji occuring in a shogi term
気合い (part of term),"きあい","気合い抜け(discouragement)",Guess the reading for kanji occuring in a shogi term
決める,"きめる","決まる；決める(be decided, be fixed; decide, settle, fix (vi; vt))",Guess the reading for kanji occuring in a shogi term
決まる,"キマる,きまる","決まる；決める(be decided, be fixed; decide, settle, fix (vi; vt))",Guess the reading for kanji occuring in a shogi term
流れ矢,"ながれや","流れ矢倉(Flow Yagura)",Guess the reading for kanji occuring in a shogi term
消える,"きえる","消える；消す(disappear, go away; make disappear, neutralize (bad aji) (vi; vt))",Guess the reading for kanji occuring in a shogi term
消極的,"しょうきょくてき","消極的な(passive, negative)",Guess the reading for kanji occuring in a shogi term
視する,"しする","無視する(ignore, disregard)
軽視する(slight, ignore, neglect)
重視する(take into serious consideration)",Guess the reading for kanji occuring in a shogi term
無防備,"むぼうび","無防備図式(No Defence Problem (problem diagr. shows only king and p. of the attacking side))",Guess the reading for kanji occuring in a shogi term
捨て駒,"すてごま","焦点の捨て駒(sacrifice (drop) at the focal point)
退路への捨て駒(sacrifice at the loophole (of the king) (endgame))
限界点の捨て駒(id.)",Guess the reading for kanji occuring in a shogi term
制する (part of term),"せいする","牽制する(check, restrain, constrain)",Guess the reading for kanji occuring in a shogi term
狭まる,"せばまる","狭まる；狭める(become narrow; narrow down (vi; vt))",Guess the reading for kanji occuring in a shogi term
狭める,"せばめる","狭まる；狭める(become narrow; narrow down (vi; vt))",Guess the reading for kanji occuring in a shogi term
目障り,"めざわり","目障りな(very ugly)",Guess the reading for kanji occuring in a shogi term
相懸り,"あいがかり","相懸り（戦法）(Double Wing Attack (opening))",Guess the reading for kanji occuring in a shogi term
略する,"りゃくする","省略する(omit)",Guess the reading for kanji occuring in a shogi term
保する,"ほうする,ほする","確保する(secure, maintain, ensure)",Guess the reading for kanji occuring in a shogi term
積極的,"せっきょくてき","積極的な(positive, active)",Guess the reading for kanji occuring in a shogi term
穏やか,"おだやか","穏やかな(calm)",Guess the reading for kanji occuring in a shogi term
捨てる (part of term),"すてる","突き捨てる(push and sacrifice)",Guess the reading for kanji occuring in a shogi term
っ切り,"っきり","突っ切り((pawn) sacrifice push)",Guess the reading for kanji occuring in a shogi term
屈する,"くっする","窮屈する(be cramped)",Guess the reading for kanji occuring in a shogi term
抜ける,"ぬける","素抜ける(can take simply (without any loss))",Guess the reading for kanji occuring in a shogi term
続ける,"つづける","続く；続ける(continue (vi; vt))",Guess the reading for kanji occuring in a shogi term
落ちる,"おちる","落ちる；落とす(come down; bring down (vi; vt))",Guess the reading for kanji occuring in a shogi term
落とす,"おとす","落ちる；落とす(come down; bring down (vi; vt))",Guess the reading for kanji occuring in a shogi term
換わり (part of term),"かわり","角換わり将棋に５筋を突くな(In the Bishop Exchange, don't push the central pawn)",Guess the reading for kanji occuring in a shogi term
試みる,"こころみる","試す；試みる(try)",Guess the reading for kanji occuring in a shogi term
詰める,"つめる","詰まる；詰める(be shortened; shorten (the edge file) (vi; vt))
詰まる；詰める(become shorter; shorten (the edge by pushing the pawn to the 6th rank) (vi; vt))",Guess the reading for kanji occuring in a shogi term
詰まる,"つまる","詰まる；詰める(be shortened; shorten (the edge file) (vi; vt))
詰まる；詰める(become shorter; shorten (the edge by pushing the pawn to the 6th rank) (vi; vt))",Guess the reading for kanji occuring in a shogi term
上がり,"あがり","詰み上がり(checkmating)",Guess the reading for kanji occuring in a shogi term
転じる (part of term),"てんじる","転じる；転ずる(turn (around), be transferred)",Guess the reading for kanji occuring in a shogi term
転ずる,"てんずる","転じる；転ずる(turn (around), be transferred)",Guess the reading for kanji occuring in a shogi term
治する,"じする,ちする","退治する(subjugate, control, exterminate)",Guess the reading for kanji occuring in a shogi term
逃げ場,"にげば","逃げ場の先着(arriving first at the loophole (by sacrificing a piece letting the opponent plug up the king's escape route))",Guess the reading for kanji occuring in a shogi term
進める,"すすめる","進む；進める(advance, progress; develop (vi; vt))",Guess the reading for kanji occuring in a shogi term
受け手,"うけて","金なし将棋に受け手なし(Without gold in hand there is no defence)",Guess the reading for kanji occuring in a shogi term
手なし,"てなし","金なし将棋に受け手なし(Without gold in hand there is no defence)",Guess the reading for kanji occuring in a shogi term
斜めに,"ななめに","金は斜めに誘え(Entice the gold diagonally forwards)",Guess the reading for kanji occuring in a shogi term
釘付け,"くぎづけ","釘付けにする(pin down, tie down)",Guess the reading for kanji occuring in a shogi term
限界点,"げんかいてん","限界点の捨て駒(id.)",Guess the reading for kanji occuring in a shogi term
捨て場,"すてば","飛角の捨て場肝腎なり(Don't be afraid to sacrifice rook or bishop)",Guess the reading for kanji occuring in a shogi term
車止め,"くるまどめ","飛車止めの歩(rook block)",Guess the reading for kanji occuring in a shogi term
駅馬車,"えきばしゃ","駅馬車定跡(Stagecoach Joseki)",Guess the reading for kanji occuring in a shogi term
一揃い,"ひとそろい","駒一揃い詰(One of Each (problem shown one of each of the p., attacking side has no pieces in hand))",Guess the reading for kanji occuring in a shogi term
鬼殺し (part of term),"おにころし,おにごろし","鬼殺し封じ(Demon Killer Block)",Guess the reading for kanji occuring in a shogi term
に対して,"にたいして","~に対して(against --, in answer to)",Guess the reading for kanji occuring in a shogi term
に応じて,"におうじて","~に応じて(in reponse to)",Guess the reading for kanji occuring in a shogi term
目を見る,"めをみる","うき目を見る(have trouble)",Guess the reading for kanji occuring in a shogi term
打ち込む (part of term),"うちこむ,ぶちこむ","クサビを打ち込む(drive in a wedge)",Guess the reading for kanji occuring in a shogi term
息をつく,"いきをつく","一息をつく(take a pause)",Guess the reading for kanji occuring in a shogi term
身になる,"みになる","受け身になる(be pushed into the defensive)",Guess the reading for kanji occuring in a shogi term
女流名人,"じょりゅうめいじん","女流名人位戦(Women's Meijin Match (1974))",Guess the reading for kanji occuring in a shogi term
分かれ道,"わかれみち","岐れ道；分かれ道(crossroads, branch, variation)",Guess the reading for kanji occuring in a shogi term
手懸かり,"てがかり","手懸かりの桂(knight foothold)",Guess the reading for kanji occuring in a shogi term
切れない,"きれない","支え切れない(cannot be saved)",Guess the reading for kanji occuring in a shogi term
王手飛車 (part of term),"おうてびしゃ","準王手飛車(indirect fork on king and rook (bishop pinning down the rook))",Guess the reading for kanji occuring in a shogi term
歩を突く,"ふをつく","矢倉囲に端歩を突くな(In the Yagura, don't push the edge pawn)
矢倉囲に端歩を突くべし(In the Yagura, push the edge pawn)",Guess the reading for kanji occuring in a shogi term
立ち合い,"たちあい","立ち合い人(referee)",Guess the reading for kanji occuring in a shogi term
立ち往生,"たちおうじょう","立ち往生する(come to a standstill)",Guess the reading for kanji occuring in a shogi term
競り合う (part of term),"せりあう","覇を競り合う(vie, compete for the championship)",Guess the reading for kanji occuring in a shogi term
見つかる,"みつかる","見つかる；見つける(be found, discovered; find, discover (vi; vt))",Guess the reading for kanji occuring in a shogi term
見つける,"みつける","見つかる；見つける(be found, discovered; find, discover (vi; vt))",Guess the reading for kanji occuring in a shogi term
読み上げ,"よみあげ","読み上げの人(time keeper (reading off seconds during byoyomi))",Guess the reading for kanji occuring in a shogi term
跳ね返る,"はねかえる","跳ね返る；~返す(rebound, spring back; kick back (vi; vt))",Guess the reading for kanji occuring in a shogi term
追い出す (part of term),"おいだす","追い出す；追いやる(chase off)",Guess the reading for kanji occuring in a shogi term
追いやる (part of term),"おいやる","追い出す；追いやる(chase off)",Guess the reading for kanji occuring in a shogi term
捨てどころ,"すてどころ","大駒の捨てどころ肝要なり(Don't be afraid to sacrifice major pieces)",Guess the reading for kanji occuring in a shogi term