Question,Answer,Comment,Instruction,Render As
"〇部のプログラマーは忘れているようだが、良いドキュメントを書くということは、良いプログラムを書くことよりも重要とは言わないまでも、同じ程度には重要なことなのだ。
たった〇つ点っていたその角の家の門灯が、突然消えたのには、何か意味がありそうだった。 　あるいは偶然かも知れない。が偶然にしても不吉な偶然だと思った。
「そうそう。せめて２階にも増やして欲しい・・・ってなんでお前がここにいる！？」「なんでって、そんなん決まってるやんか。〇緒に連れションするためや」",一,"一:one;one radical (no.1)",Guess the hidden Kanji,Text
"〇寧に添削してくださってありがとうございます。自分の間違いがとてもよく分かりました。
キレの良い包〇と私の腕があれば、野菜のみじん切りなんてあっという間よ。
はぁ？極みの野郎、ほんとキモっ。何でもかんでも包〇にしてるよ。",丁,"丁:street;ward;town;counter for guns, tools, leaves or cakes of something;even number;4th calendar sign",Guess the hidden Kanji,Text
"私の叔父さんの農場の〇面鳥たちは非常にやかましい。誰かにさっさと食べられたらいいのにと心底願っています。
ねえあなた、〇時に食事の準備ができてなかったら、わたしレストランに行きたいわ。
ねえ、もしさ、〇時にご飯できてないんだったら、ぼくレストランに行くよ。",七,"七:seven",Guess the hidden Kanji,Text
"「見てみて。この一〇円札、999999のゾロ目よ。すごくない？」「それは、偽札だよ」「えっ、どうして？」「日本のお札は、000001から900000までって決まってるからね」
もちろん〇能ではないからといって価値がないわけではないから、ＧＴＤはダメということにはならない。
レディ・ガガはハリケーン・サンディの被災者救済のため、赤十字に百〇ドルを寄付した。",万,"万:ten thousand;10,000",Guess the hidden Kanji,Text
"私どもは、再〇にわたり未払いになっている請求書１１１１のお支払いをしていただくようにお願いしてまいりました。
今回の問題は、非常に複雑な事情が深く関わっているため、第〇者が独自に調査する必要がある。
ピッチャーが誰であろうと、うちのナンバーワンバッターを〇振させることはできないだろう。",三,"三:three",Guess the hidden Kanji,Text
"英語がどうやったら〇達するか、ずっと悩んでるの。時々、言いたいこととか状況が説明できなかったり、自分でいい表現が浮かばなかったりするのよ。どうしたら、うまくできるようになると思う？
こうした熊独特の特徴が、熊が動かずに狩猟すること（アザラシの呼吸孔の脇でじっと動かず、アザラシが海面に〇がってくるのを待つ）を好む説明になっている。
世界の旅客機の半数以〇を製造しているボーイング社は、もっともなことだが、機体の他に欠陥を起こす可能性のあるものに、注意を引こうと躍起になっている。",上,"上:above;up",Guess the hidden Kanji,Text
"選対責任者のデビッド・プラフに。この選挙戦の縁の〇の英雄。アメリカの歴史でおそらく最高の選挙運動を設計したデビッド・プラフに、感謝したい。
添付ファイルに適応したソフトウエアを持っていないので、ファイルを開けません。別のファイル形式で再送して〇さい。
裁判官はその未決囚の行動に対する嫌悪の念をためらうことなくあからさまにして、できるだけ過酷な刑を〇した。",下,"下:below;down;descend;give;low;inferior",Guess the hidden Kanji,Text
"それに彼女はそれを受け入れることを拒否したのでずいぶん〇快な状態で生活してきたのである。「なんで自分のいやな場所に自分を縛りつけることで貯められるお金を全部使わなきゃならないの？」と文句を言いながら。
アマゾンから「アカウントへの〇正なアクセスがありました」ってメールが来て焦ったんだけど、よくよく考えると、アマゾンにアカウント持ってないんだよね。
そして、おしんとは違って、彼らは確かに〇平を言う。間違いなく勤務中には言わないだろうし。おおっぴらには普通言わないだろうが。",不,"不:negative;non-;bad;ugly;clumsy",Guess the hidden Kanji,Text
"９〇紀以降のバイキングの勢力拡大はノルマンディ、ガリシア、アンダルシア、シチリア、クリミアといった地域へと達した。
あなたがスポットを〇話するって言ったとき、そういった責任が生じるのは分かっていたはずでしょ。
彼は口下手で、お〇辞にも要領がいいとは言えませんが、それだけかえって私は彼が好きなのです。",世,"世:generation;world;society;public",Guess the hidden Kanji,Text
"「どうして靴下っていつも片一方だけなくなるんだろう？」「〇方なくなったらなくなったことに気づかないんだよ」「あ、そっか」
今、すべてをお話しするわけにはいきませんが、要するに、私の〇親は、今年の夏、当地には来ないのです。
お前と俺は、今回のプロジェクトでは車の〇輪ということだろう。仲良くしないことにはうまくいかないよ。",両,"両:both;old Japanese coin;counter for carriages (e.g., in a train);two",Guess the hidden Kanji,Text
"「帰るの遅かったね」「それがね、家へ帰る途〇、昔の友達にバッタリ会っちゃってさ、話が弾んでこんな時間になっちゃった」「お腹すいた」「わかった。わかった。すぐ作るから」
商売をやめるところも多くなった。しかし浴場の所有者の〇には、客集めをねらって、サウナとか運動のための器具など新しい設備を備え、施設に改善を加えた者もあった。
例えば、〇国の公共交通は疑いようもなくイギリスのそれより優れているが、イギリスの公共福祉は〇国のそれより優れているかもしれない。",中,"中:in;inside;middle;mean;center",Guess the hidden Kanji,Text
"「この帽子は、どこに納めたらいいですか？」「あそこに〇い箱があります。その中に入れといてください」
彼女は我々のもてなしをいいことに、一銭も払わずに〇一ヶ月滞在した。
赤〇で囲んだファイルをテキスト・エデイターで開いてください。",丸,"丸:round;full (month);perfection;-ship;pills;make round;roll up;curl up;seduce;explain away",Guess the hidden Kanji,Text
"「これ、トムが訳したんだよね？」「うん、そうだけど」「モデム〇義って何？」「分かんないけど原文に modemism って書いてあったから」「ほんとに？」「ほんとだって。ほら」「あ、なんだ、modernism じゃん」
先生は何も言わずに、生徒がどのぐらい参加するか、議論に何を付け加えるか、さらには、生徒が議論の〇導権をとるかどうかに関して、評価をつけたりします。
あの夫婦は共かせぎしている。だが亭〇の給料のほうが女房の給料よりも低い。亭〇が女房の尻にしかれるのも当然だ。",主,"主:lord;chief;master;main thing;principal",Guess the hidden Kanji,Text
"キャサリンが新車を買うように父にねだった時には下心があったのだ。彼女は自分が〇りまわすことができると思ったから。
「ラッキー！ お釣りがちょうど256円だった」「ちょうどってどこが？」「ちょうどぴったし2の8〇じゃん」
彼女がおまえを捨てて英語学校で出逢ったアメリカ人の男性に〇り換えたことを認めてはっきり言ったらどうだい？",乗,"乗:ride;power;multiplication;record;counter for vehicles;board;mount;join",Guess the hidden Kanji,Text
"今までベートーベンの「第〇」を聞いたことあるかい？
私の祖父は〇州からはるばる北海道へやって来た。
台風は発達しながら〇州方面に向かっています。",九,"九:nine",Guess the hidden Kanji,Text
"マーテイン・ルーサー・キング・ジュニアが後に占めることになる歴史上の地位を〇測できたものは、当時誰一人としていなかった。
〇約なんてしなくて大丈夫と父は言っていたが、行ってみるとオートキャンプ場は満席だった。
今日、朝一でポートレートの〇約が入っているんだが・・・どうだ？試しにやってみるか？",予,"予:beforehand;previous;myself;I",Guess the hidden Kanji,Text
"世の中には〇いの中でしか自己実現できない人もいるでしょう。僕はそういった人たちを責めたくないんです。
カール・マルクス曰く「あらゆる社会の歴史は階級闘〇の歴史である」だそうです。
昔から今に至るまで存在する、あらゆる社会の歴史は階級闘〇の歴史である。",争,"争:contend;dispute;argue",Guess the hidden Kanji,Text
"小学校低学年の頃、僕は父に俳句を教えられ、俳人に憧れた。七夕の願い〇も「はい人になれますように」と書いた。あれから３０年、願いはかなった。今や僕は紛れもない廃人だ。
まさしくイギリスと〇情は同じで、家を買うことは可能であった。ただし、自分が気に入った家を手頃な値段で買うという考えを捨てれば、という条件が付くのであった。
人目をひく記〇にするために、やっぱり冒頭にパンチのきいた一言をいれなきゃ。考えていることを、ダイレクトに伝えてください。",事,"事:matter;thing;fact;business;reason;possibly",Guess the hidden Kanji,Text
"愛と欲望は〇つの違う事柄である。愛されるものみなが欲せられるわけではなく、欲せられるものみなが愛されるわけではない。
ケンジの奴、〇股かけてたから、思いっきりひっぱたいてやったよ。あいつとはもう別れることにした。
プロフィールのアイコンが〇次元の動物キャラクターだからといってケモナーであるとは限りません。",二,"二:two;two radical (no. 7)",Guess the hidden Kanji,Text
"これはつまり、私たちがどんな状況を知覚する場合でも、私たちの知覚は、その時に〇感が知覚する信号だけに依存しているわけではないということである。
ライオンズが勝つかタイガースが勝つか、〇分と〇分といったところ。どちらも、同じように強いから。
君は食べ物を買ったのだから僕がワインを買えば〇分〇分になる。",五,"五:five",Guess the hidden Kanji,Text
"「背高いの羨ましい」「そう？ でも背高くてもいいことなんて何もないよ。天〇に頭ぶつけたりするし」
使っていた〇戸が干上がったので、キャンプをしていた人は水に困ってしまった。
１ヶ月間まったく雨が降らなかったので、彼らは〇戸を掘らねばならなかった。",井,"井:well;well crib;town;community",Guess the hidden Kanji,Text
"「このフライドポテト、しなしなのばっかりだ。かりかりしたのが好きなのに」「私のと〇換してあげようか？私はどっちかというとしなしな派だから」
しかし物々〇換制は、人々の要求が一致することは希であったので、非常に不満足な制度だった。
どうやら、１年ブランクを取り戻し、旧〇を温めることができたみたいだな。",交,"交:mingle;mixing;association;coming & going",Guess the hidden Kanji,Text
"彼女にはおじが二人いる。一人は〇都に、もう一人は大阪に住んでいる。
上〇して一ヶ月とは経たないうちに、彼はホームシックにかかった。
私にとって初めての上〇はわくわくすることでした。",京,"京:capital;10**16",Guess the hidden Kanji,Text
"常に取り壊される危険にさらされているのは、それほど重要かどうか決定しがたい場合である。つまり、実際、芸術的価値や歴史的価値はないかもしれないが、心情的に〇々が愛着を持ち、愛するようになった堂々とした昔の建物の場合である。
もしあなたが、誰かに期待したほほえみが得られなかったら不愉快になる代わりに、あなたの方からほほえみをかけてごらんなさい。実際ほほえみを忘れたその〇ほどあなたからのほほえみを必要としてる〇はいないのだから。
幼少の時、父が死んで、その弟が、時代の衰勢と、自分の怠惰とから、すっかり、身代をつぶしてしまったらしく、後に、筆墨行商〇になって、私の家へ、よく来たが、くると、母に叱られて、よわっていた。",人,"人:person",Guess the hidden Kanji,Text
"「なんでみんな私のことシカトするの？」「誰もシカトなんてしてないよ。ほら、〇日はメアリーの誕生日でしょ？お誕生日おめでとう！」「おめでとう！」「おめでとう！」
どんなに優雅で堂々とした既存のビルも、〇や、その怪物のわきでは、ちょっと滑稽にさえ見えるほど痛ましいまでに小さくなってしまうだろう。
現在サーバーに障害が発生しております。ご迷惑をおかけして申し訳ございませんが、復旧まで〇しばらくお待ちください。",今,"今:now",Guess the hidden Kanji,Text
"美というのは事物そのものに〇在する質ではない。それは単に対象を観察する側の精神に存在するものであって、個々人の精神は異なった美を感受する。
もし「企業〇腐敗との闘い」についてのセミナーに出席したくないなら、２００フリヴニャ払いさえすれば修了証が貰えるよ。
ここでの討論はおもしろいものでしたし、困惑させるもの、ときにはぞっとする〇容のものもありました。",内,"内:inside;within;between;among;house;home",Guess the hidden Kanji,Text
"昨日、引っ越してきて初めてゴキブリを見たんですよ。卒倒するかと思いました。 もちろん、どうにか〇留めましたけどね。
「何を買ったか見せて！」「〇方ないな。見せてあげよう。じゃ〜ん！ハンモック！」「どこに置くの？」「ベランダ？」
気にしていないと言えば嘘になりますが、気にしても〇方ないので気にしないようにはしてます。",仕,"仕:serve;attend;doing;official",Guess the hidden Kanji,Text
"あの子の顔も性格も俺好みでさぁ、一目ぼれしちゃって、ずっと一緒にいたいって思ったんだ。で、どうしたらあの子と結ばれるかとか、どうしたら〇の奴らがちょっかいを出さなくなるかとかマジ悩んでてさぁ。頼むからさぁ、この恋を成就させるために力になってくれない？
〇人がどう思うかはともかく、読んでみて「自分の書いたものはやっぱりしっくり来るな」というのでないのなら、それはいい加減に書いているということだろう。
彼はいろいろ〇人の欠点をあげつらうのにうんざりしてしまった。そこで彼らの言うことは何でも、たとえどんなにくだらなくてもそのまま認めることにしている。",他,"他:other;another;the others",Guess the hidden Kanji,Text
"「この車、スマートアシストが〇いてるって聞いたんだけど、ピコピコうるさいのよ。ほらまたなった。今、私何か悪いことした？」「右に寄りすぎかな」「だったらはっきりそう言ってくれたらいいのにね」
オーストラリアに、あるいは行き先がどこであれ、出かけていく家族は素敵な家、あるいはアパート、それもおそらくちょっとした庭〇きのものを心に思い描いている、といってもまず間違いないであろう。
チップがグラス一つの中の１０セントであれば、ウェイトレスは次の客に備えて急いでテーブルを片〇けようとしてグラスを持ち上げ、水がこぼれだし、事はおしまいということになろう。",付,"付:adhere;attach;refer to;append",Guess the hidden Kanji,Text
"「64GBのUSBメモリが16ユーロで買えるとかすごい時〇だなあ」「これがまた10年後には何分の一かの値段になってるんだろうね」
ベーカリーにパンを買いに行ってくれない？小さいのを二本と大きいのを一​本お願い。なければ、〇わりにフィセルを四本でもいいよ。
NASAの初〇天文学長ナンシー・グレース・ローマン（1925－2018）は、『ハッブルの母』として知られている。",代,"代:substitute;change;convert;replace;period;age;counter for decades of ages, eras, etc.;generation;charge;rate;fee",Guess the hidden Kanji,Text
"あいつは口ばかりで、誠意がないね。巧言〇色少なし仁とはよくいったもんだ。
彼女はいつだって自分が命〇する立場にいないと気がすまないのです。
これにより、現在の救急車指〇室の構築へとつながりました。",令,"令:orders;laws;command;decree;good",Guess the hidden Kanji,Text
"しかし大洋を越え、新たな、ロマンティックな響きのある国に行って、まさしく〇前と同じ状態になることなど彼女は思ってもいなかった。
彼女に話しかけようとするとき、私はいつでもとても恥ずかしくて、口ごもるとか、何かばかげたことを言う〇上のことはできなかった。
美というのは山の頂上に似ているように私には思われた。そこに着いてしまえば、また下りる〇外には何もすることがないのである。",以,"以:by means of;because;in view of;compared with",Guess the hidden Kanji,Text
"休みの前などは少し羽目を外して飲むのだが、杜〇茶割りで飲むと二日酔いが全くない。
「〇直りしたい人、この指とーまれ。はぁーやくしないと切っちゃうよ」「とーまった」
また彼と喧嘩したの？まあ、喧嘩するほど〇がいいって言うから、しょうがないか。",仲,"仲:go-between;relationship",Guess the hidden Kanji,Text
"「あっ、後続のパーティが来たみたいだな」「あちゃー。〇んでる間に追いつかれちゃったわね」
バドミントン部はまともな部員が極端に少ないため、ほとんど廃部ないし〇部状態だった。
試験結果発表もつつがなく終わって、当面の視点が自然と夏〇みに集まってくるでしょ？",休,"休:rest;day off;retire;sleep",Guess the hidden Kanji,Text
"２月２７日の約束についてですが、申し訳ありませんが、私の出張スケジュールが変更になったため、その日にお〇いすることができなくなりました。
「田中先生に頼まれていた資料を持ってまいりました。どういたしましょうか？」「先生は学〇です。そこに置いておいてください」
ＤＴＡ総〇の出席者は特別料金で宿泊できるので、マリオットホテルを予約する際は、私が〇議出席者だと伝えて下さい。",会,"会:meeting;meet;party;association;interview;join",Guess the hidden Kanji,Text
"「今、看護助手してるんだ」「看護助手って、何するの？」「患者さんが床ずれを起こさないように動かしたりとか、おむつ替えたり、あとトイレや食事のお手〇いもするよ」「楽しい？」「楽しいって言うか、大切な仕事だなって思う」「そっかぁ。頑張ってね」
「どうしたの？ひとりじゃん。まだ帰らないの？」「日直日誌書かなきゃいけないんだけど、書くことがなくて困ってるの」「手〇おうか？」「本当！ありがとう」
人目をひく記事にするために、やっぱり冒頭にパンチのきいた一言をいれなきゃ。考えていることを、ダイレクトに〇えてください。",伝,"伝:transmit;go along;walk along;follow;report;communicate;legend;tradition",Guess the hidden Kanji,Text
"マーテイン・ルーサー・キング・ジュニアが後に占めることになる歴史上の地〇を予測できたものは、当時誰一人としていなかった。
今年2020年の２月に生まれた赤ちゃんの名づけトレンドが発表されました。女の子の名前の１〇は「凛」男の子は「蓮」でした。
ジョンが支配人になった後、彼はそんな高い地〇に就けるとは考えたことがなかったと私に言った。",位,"位:rank;grade;throne;crown;about;some",Guess the hidden Kanji,Text
"世の中には高級な人間と〇級な人間が存在している、そんな考えが彼女のエッセイからはうかがえる。そのような考えは〇級な人間の物だ。
酒に酔った父は、しばらくの間〇い声でブツブツ言っていたが、眠くなってきたのか、間もなくコックリコックリし始めました。
アメリカ人は恥ずかしがり屋の人々を恥ずかしがりやではない人々よりも能力が〇いと見なすかもしれない。",低,"低:lower;short;humble",Guess the hidden Kanji,Text
"トム・ジャクソンは妻のメアリーと子供３人、そして愛犬クッキーとオーストラリアのボストンにあるパーク・ストリートに〇んでいます。彼はフランス語を話し、３０歳で、１０月２０日には誕生日のお祝いをします。
ごんは、一人ぼっちの小狐で、しだの一ぱいしげった森の中に穴をほって〇んでいました。そして、夜でも昼でも、あたりの村へ出て来て、いたずらばかりしました。
私には夢がある。それは、いつの日か、私の４人の幼い子どもたちが、肌の色によってではなく、人格そのものによって評価される国に〇むという夢である。",住,"住:dwell;reside;live;inhabit",Guess the hidden Kanji,Text
"〇藤さんはほかの電話に出ているところです。切らずに少しお待ちくださいますか。
いきなりビールを３本飲んでしまうなんて、〇藤さんも侮れないなあ。
補〇が、一酸化炭素中毒になるというハプニングは起きなかった。",佐,"佐:assistant;help",Guess the hidden Kanji,Text
"カーチャは無政府主義者であったことを否認し、政治〇制に変革をもたらすことを望んだだけで、破壊しようとしたわけではない、と主張し続けた。
喫煙による短期的な影響には、〇調が悪いこと、ぜいぜい息をすること、病気に対する抵抗力の全般的な低下、口臭、肌荒れなどが含まれる。
「ああ・・・ちょっと、〇調が優れなくて」「そうなんだ。大丈夫か？」「うふふ。実はズル休みなんです」",体,"体:body;substance;object;reality;counter for images",Guess the hidden Kanji,Text
"インターネットにおける”荒らし”が人に迷惑をかけないようにするためには、〇もせずに放置しておけば良いのだ。彼らに”エサ”を与えてはならない。
生まれながらの紳士を特徴づけるのは、〇を身につけているかということよりも、むしろどのようにそれを身につけているかということである。
彼はこういうレストランに慣れていないのだろうか、〇かとまごまごしていたが、わたしもあまり慣れた感じを出さないように気をつかった。",何,"何:what",Guess the hidden Kanji,Text
"「梅酒ってどうやって〇るの？〇るの難しい？」「難しくないよ。青梅とホワイトリカー、あと氷砂糖があればできるよ。氷砂糖のかわりに蜂蜜入れても美味しいよ」
このゲームは基本的にキーボードとゲームパッドで動くようになっていますがコンフィグだけはマウスしか操〇できません。
のどが渇いているなら、おじいちゃんが持ってきてくれたばかりのオレンジでオレンジジュースを〇ってあげるよ。",作,"作:make;production;prepare;build",Guess the hidden Kanji,Text
"経済とか哲学とかのような抽象的なテーマについて話したりするのは僕にはいつまでたってもむずかしいよ。だって、そういう話はあまり〇ったり聞いたりしたことのないような用語がたくさんあるんだもの。
〇おうと思ったテーブルが汚れてるので、テーブルクロスを探してます。テーブルクロスはどこにありますか？テーブルクロスをお願いします。
何もしないでも普通に生活しているだけで、誰かが僕の生活を〇って金をもうけてくれる。そうやって暮らしていけたらいいだろうなと思う。",使,"使:use;send on a mission;order;messenger;envoy;ambassador;cause",Guess the hidden Kanji,Text
"〇えば、父の仕事では、売り買いのタイミングは非常に大切であり、彼は同僚にこまごまとしたことを言わないで「潮時というものがある」と言ったり、書いたりすることが時々あった。
「これって文なの？」「違いますね。だけど、会話の一部としてなら使えますね。〇えばこんな風に」「なるほどね。ありがとう」
〇えば仕事に行き悩んだり、家庭内のもめごとに悩んだりしているときに、 高血圧や胃、十二指腸潰瘍などが起こってきます。",例,"例:example;custom;usage;precedent",Guess the hidden Kanji,Text
"「お母さん、〇所はどこかな？」「『〇所』とか言うのはやめなさい」「じゃぁ何て言うの？」「『お手洗い』とか、せめて『トイレ』って言いなさい」
普通は、id属性とname属性に同じ値を割り当てます。（訳注：異なっていても構わないが〇宜上同じ値を割り当てるという事）
「この近くに郵〇局って、ありませんか？」「そこの十字路を右に曲がったところにありますよ」",便,"便:convenience;facility;excrement;feces;letter;chance",Guess the hidden Kanji,Text
"あなたは素晴らしい関〇を「得る」ことはできない。あなたができることは、ただ心から愛する人を見つけて、素晴らしい関〇を作るために協働することだ。
会社での人間関〇を円滑にするには、同僚ももちろん大切ですが、やはり自分の直属の上司とうまくやっていくことが一番のポイントになってきます。
オラクルマスターって言うからスピリチュアル関〇かと思ったらコンピューター関〇じゃん。つまらん。",係,"係:person in charge;connection;duty;concern oneself",Guess the hidden Kanji,Text
"ベイカーさんは若い男がすぐに去っていくと確〇した。それで彼女は、寝る前までに自分の車を本来の場所に駐車できるように、若い男に少し車を動かすように頼もうと思った。
このメールアドレスは配〇専用となっております。ご返〇いただきましても対応いたしかねますので、あらかじめご了承ください。
わたしが地上のことを語っているのに、あなたがたが〇じないならば、天上のことを語った場合、どうしてそれを〇じるだろうか。",信,"信:faith;truth;fidelity;trust",Guess the hidden Kanji,Text
"何でもかんでもむきになってあくせくするのをやめれば、きっと人々は今の２〇も長生きするだろう。
あの黄色のセーターはこのブルーのセーターの２〇の値段である。
そんなわけでダチョウの肉は牛肉や豚肉の２〇以上の値段となる。",倍,"倍:double;twice;times;fold",Guess the hidden Kanji,Text
"より温暖な気〇の中でゴルフやテニスといったスポーツを楽しもうとサンベルトへ引っ越す退職者も多い。
ザンビアはアフリカの国だからあなた方は気〇がとても暑いのではないかと思うかも知れませんね。
天〇は、世界の至る所で、植物界と下等動物界の間の複雑な調和状態に影響を与えている。",候,"候:climate;season;weather;wait for;expect",Guess the hidden Kanji,Text
"鑑定をする時には、絵の真贋や保存状態等を調べる為、持ち主に本物を〇りたりしなければいけなくなる。
私はメアリーにいくらかお金を〇りているので、今度の月曜日までにお金を返さなければならない。
私は今夜、彼らがいなくて寂しい。私の彼らへの〇りが計り知れないものだと私は知っている。",借,"借:borrow;rent",Guess the hidden Kanji,Text
"「夏休みの宿題って、何がでた？」「夏休み帳と漢字・計算ドリル、あとは自由工作と絵日記がでた」「お決まりのものだけね。〇太は？」「僕は、絵日記はさすがになかったけど、自由研究と読書感想文がでてた。読書感想文とかめんどくさいんだけど」「頑張って」
兄が急逝したのは２年前、義姉は一人兄の遺した小さな宝飾店を〇気に守ってきた。
ってか〇介が同時にスタジオへ着いたみたいで他の2人はまだ遅れてる様だった。",健,"健:healthy;health;strength;persistence",Guess the hidden Kanji,Text
"彼女はそれゆえにこちら〇に近づいた。窓をあけて、自分がそこにいるということに気づいてもらうためにクラクションを軽くならした。
言語というのは思考を表現する手段であると同時に言語を用いて思考するという〇面がある。
サブウェイのサンドウィッチ屋さんはクリスロードにあるハヤサカ自転車の向かい〇です。",側,"側:side;lean;oppose;regret",Guess the hidden Kanji,Text
"それは、5ドルや10ドルや20ドルといったごくわずかの貯金を掘り起こした〇く人々によってたてられたのだ。
私は、ギャンブルには向いてないと思う。そういう運がないというか、〇いて稼いだ方が確実だし。
こんにちは。ジョン・ラインドルと言います。私はプラハのアメリカ大使館で〇いています。",働,"働:work;(kokuji)",Guess the hidden Kanji,Text
"ソニーが、それでは２０〇ドルではどうかという話を持っていったとき、ＣＢＳは断れなかったのです。
貿易収支は輸出３１４０〇ドル、輸入２３０〇ドルで、７６０〇ドルの黒字を計上した。
日銀は推定１０〇ドルのドル買い支えを東京市場で行ったものと考えられている。",億,"億:hundred million;10**8",Guess the hidden Kanji,Text
"うちのかみさんは〇プロレスラーで、だからもし私が浮気をしているところを見つかりでもしようものなら、それこそコテンパンにやられてしまうよ。
「もしかしてトム？」「メアリー、久しぶり！ 3年ぶり、かな？」「もうそんなになるっけ。〇気してた？」「うん、相変わらず」
「トム、インフルエンザに罹ってるの？大丈夫？まさかコロナじゃないよね？」「ちゃうちゃう。〇気だよ。ありがとう」",元,"元:beginning;former time;origin",Guess the hidden Kanji,Text
"彼は絶対にその謀議に加担していなかった。反政府の悪だくみがあったのは、彼ではなくて、その〇だった。
あなたは医者がその機械を使わないことを望み、あなたのお〇さんを死なせてあげますか。
昨日、お〇ちゃんのフットボールチームね、トーナメント優勝したんだよ。",兄,"兄:elder brother;big brother",Guess the hidden Kanji,Text
"あなたには禍の前〇である壁上の書きものが読めるかもしれないが、私にはちんぷんかんぷんだ。
私はいつも思っていた、心筋梗塞を患うことは死期を知らせる前〇だと。
その両国間に緊張が高まりつつある〇しがある。",兆,"兆:portent;10**12;trillion;sign;omen;symptoms",Guess the hidden Kanji,Text
"「由美さんって、『負けず嫌い』ですよね？」「えっ、今頃知ったの？っていうか、〇輩に『負けず嫌い』って言うな！」「すみません」
僕はバスケットボールチームの最後のポジションの申し込みをしようとスポーツ事務所へ行ったが、誰かが〇を越してしまった。
彼は私たちに地図だけ渡し、〇にすたすたと行ってしまった。残された私たちは地図だけを頼りに行かなければならなかった。",先,"先:before;ahead;previous;future;precedence",Guess the hidden Kanji,Text
"闇は、闇で追い払うことはできない。〇だけがそれを可能にする。憎しみは憎しみで追い払うことはできない。愛だけがそれを可能にする。
日の出のグランドキャニオンは、私がそれまでに見たこともないほど感銘深い〇景でした。
〇の波は空中で最も速く進み、水中ではそれより遅く、ガラスの中ではもっと遅く進む。",光,"光:ray;light",Guess the hidden Kanji,Text
"「トムとジョンって一卵性双生〇とは聞いてたけど、本当によく似てるよね？」「似てる似てる。親にも時々間違えられるって言ってたよ。あの二人はほんと、已己巳己だよ」
〇童心理学者の中には、親はもっと子供と遊んでやり、考えさせる問題を与えてやるべきだ、と考える人が多い。
公園でシャボン玉を吹いて遊んでいる園〇をみて，ニヤニヤしていた男が逮捕された。",児,"児:newborn babe;child;young of animals",Guess the hidden Kanji,Text
"寒っ。なんでこのホットカーペット温くなんないの？さっき、スイッチ〇れたのに。あっ、分かった。コンセントが抜けてる。
ありがとうございます。申し訳ございませんが、別件が〇っておりまして、また次回誘っていただけるとうれしいです。
ありがとうございます。申し訳ないのですが、別件が〇っておりまして、また次回誘っていただけるとうれしいです。",入,"入:enter;insert",Guess the hidden Kanji,Text
"ある数学の教師は、「計算機があれば、子供は正しい答えは出しますが、どうしてそういう答えになったのかは〇く理解していないのです」と言っている。
私はそれまでタイ料理というものを〇く食べたことがなかったので、祖母とタイ料理のレストランに行くことになって、とてもワクワクした。
「このマフラー、綺麗に編めたわね。前回の分と〇然違うね？」「うん、なんか、手が慣れてきたみたい。ゆったり編めるようになったよ」",全,"全:whole;entire;all;complete;fulfill",Guess the hidden Kanji,Text
"「要さんって、何時にあがれます？」「終わりまでだから〇時までかかるわ」
私に連絡をとりたいときは〇重洲ホテルにいますから。
彼に助言を与えるだけでなく尺〇も与えた。",八,"八:eight;eight radical (no. 12)",Guess the hidden Kanji,Text
"これらの要素をすべて包含するような最良の〇式はこれまでのところ提案されていない。
騒音〇害は、人々が環境にもっと敏感でありさえすれば避けることができるのに。
彼を〇平に扱いなさい、そうすれば彼はあなたに〇平になるでしょう。",公,"公:public;prince;official;governmental",Guess the hidden Kanji,Text
"なんと言われても、あなたと〇時間、ふたりっきりでいられるとは思いません。
半分近い、〇業者が、密輸品とみられる、鯨肉の売買を持ちかけられた。
僕は〇歳の時はじめてサーカスというものに連れて行ってもらった。",六,"六:six",Guess the hidden Kanji,Text
"至らぬ私ではございましたが、皆様方の公私〇に絶大なるご指導ご鞭撻に依りまして大過なく過しましたことは終生忘れることのできない思い出であります。
しかし、中国語や韓国語を話すことができると、もっとたくさんの人と考え方を〇有することができるんです。
私たちは兄弟として〇に生きることを知らなければならない。さもなくば、愚か者として〇に滅びるであろう。",共,"共:together;both;neither;all;and;alike;with",Guess the hidden Kanji,Text
"ふと見ると、川の中に人がいて、何かやっています。ごんは、見つからないように、そうっと草の深いところへ歩きよって、そこからじっとのぞいて見ました。「〇十だな。」と、ごんは思いました。
〇十がいなくなると、ごんは、ぴょいと草の中からとび出して、びくのそばへかけつけました。ちょいと、いたずらがしたくなったのです。
下戸だから、飲みに誘われても行くのに気が引けちゃうんだ。のん〇衛の中だと疎外感しかないじゃん。",兵,"兵:soldier;private;troops;army;warfare;strategy;tactics",Guess the hidden Kanji,Text
"今のバイト気に入ってはいるんだけどね、何か不〇合があったときに大声で上司を呼ばなきゃならないのがちょっと。エレガントじゃないというかさ。
ジャネット・ジャクソンは衣装の不〇合で、見えてはいけないところが見えてしまった。
私は、玩〇をもった記憶がない、と云ったが、殆ど、間食をした記憶もなかった。",具,"具:tool;utensil;means;possess;ingredients;counter for armor, suits, sets of furniture",Guess the hidden Kanji,Text
"確かに、Ｍａｎｋｉｎｄ　Ｑｕａｒｔｅｒｌｙ誌は出〇として頼るにはもっとも奇妙なものである。
休日は歴史書か古〇を読んで時間を過ごしたいものだ。
出〇を明示しない引用は引用ではなく剽窃です。",典,"典:code;ceremony;law;rule",Guess the hidden Kanji,Text
"「アイス買ったんだけど、食べたい？」「何アイス？」「えっとねぇ、ココナッツ・チョコかラムレーズン」「じゃぁ、俺、ココナッツ・チョコで」「毎度あり、250〇ね」「は？」「冗談よ。どうぞ」
「ラッキーじゃん！ お釣りがちょうど256〇だよ」「ちょうどってどこが？」「ちょうどぴったし、2の8乗」
「ラッキー！ お釣りがちょうど256〇だった」「ちょうどってどこが？」「ちょうどぴったし2の8乗じゃん」",円,"円:circle;yen;round",Guess the hidden Kanji,Text
"危なかった。もう少しで、先生にノート〇してるの見つかるとこだったよ。机の下に隠しといてよかった。
「ごめん、英語のレポートするの忘れてた。〇させて」「いいけど、後でおごってね」
この書類を書き〇すとき一語もおとすことのないように気をつけなさい。",写,"写:copy;be photographed;describe",Guess the hidden Kanji,Text
"２人には３人の子供と６人の孫がいて、〇には初ひ孫が生まれるようですよ。
〇に暖かい服装をしていないと、ひどいかぜをひくことになりかねない。
どうやって彼らはあのテントで寒い〇を越せるのだろうか。",冬,"冬:winter",Guess the hidden Kanji,Text
"中学生の頃に、あるセラピストの女性の方と話した後、すごく話が弾んだから「これは脈あり」って思って、キスしようとしたんだ。そしたら「やめなさい」って〇たくあしらわれた。「俺ってバカだよな」って痛感した瞬間でした。
ペットボトルのジュースをカチンカチンに凍らせてきたんだよ。これでお昼には〇たいジュースが山頂で飲めるって段取りさ。
ハワイってさ、暖炉つきの家が多いじゃない？あっちも朝夕は〇えるから、寒がりの人は暖炉を焚くんだ。",冷,"冷:cool;cold (beer, person);chill",Guess the hidden Kanji,Text
"この質問に答えとしてもごもごと言ったには、私が５０歳になっても、〇かけようとすると母が窓から身を乗り〇して飛ばし過ぎないように注意したいという話だけであった。
「トムはなんで来てないの？」「なんかコンピューターウイルスに感染したんだって」「は、トムが？」「うん、熱〇して寝込んでるらしい」「意味分かんないんだけど」「私も」
「今度は『呼び〇す権限がありません』とか〇てるんだけど、これどうしたらいいの？」「権限を与えてやればいいんだよ」「それが分からないから、聞いてるの！」",出,"出:exit;leave;go out;come out;put out;protrude",Guess the hidden Kanji,Text
"「ほっぺたから血が出てるよ。どうしたの？」「髭剃りが壊れちゃってさぁ、カミソリで剃ったんだけど、剃〇負けしちゃったんだ」
生きていた15年が苦しいか、また〇を腹に突き立てた一刹那が苦しいか、どっちが苦しいだろう？
「〇の投擲の練習？」「すっぽ抜けただけです」",刀,"刀:sword;saber;knife",Guess the hidden Kanji,Text
"しかし、面倒な乗り換えをしなくてすむＪＲの成田エクスプレス（空港から３０〇から６０〇おきに出発します）をお使いになることをおすすめします。
僕ならスープ皿を持ってきて、グラスを充〇に注意しながらテーブルの端まで滑らせて水をそのスープ皿に流し込むな。水は床にはこぼれない。
あのプレイボーイと結婚するのはブロンドの女の子か、ブルーネットの女の子か五〇五〇といったところだ。どちらもきれいだから。",分,"分:part;minute of time;segment;share;degree;one's lot;duty;understand;know;rate;1%;chances;shaku/100",Guess the hidden Kanji,Text
"その製造業者は、避けられない危機を乗り〇る手助けをしてくれる、金をもった、さる金融業者をみつけた。
それは、アンソニー卿の８０歳の誕生日でのコンサートであり、みんな〇符を手に入れたがっていました。
「こんにちは。ボンまでの〇符が欲しんですが」「往復ですか？」「はい。往復で、お願いします」",切,"切:cut;cutoff;be sharp",Guess the hidden Kanji,Text
"3つ以上のものを〇挙するときは、A, B, C(,) and D というような言い方をします。and の前のコンマはあってもなくても構いません。
その答えは多くの教会や学校で、今までこの国では見られなかったくらい長い〇が教えてくれた。３時間も４時間も並び、その多くは人生初であった。
この間ミュージカルに見に行ったんだけど、前から３〇目でさ、もう憧れの人が目の前で、もう最高だったね。一段と彼を好きになった。",列,"列:file;row;rank;tier;column",Guess the hidden Kanji,Text
"「海外旅行に行ったことある？」「あるよ。〇めての海外旅行は、アメリカ西海岸に行ったよ。ロサンゼルス・ラスベガス・グランドキャニオン。グランドキャニオンは、一度見てみたかったんだ」
ここには明文化されていないルールがたくさんあって、〇めのうちはいろいろと注意されることになると思いますが、どうかめげないでくださいね。誰もが通る道ですから。
僕のおばあちゃんは、93歳です。おばあちゃんが〇めてFacebookを知ったのは2年くらい前で、1年ぐらい前に〇めてスマホを手にしました。",初,"初:first time;beginning",Guess the hidden Kanji,Text
"「恋人にさよならのキスくらいしないと、キスしてあばよ、ということになるぞ」とトムは言ったが、それは「恋人に〇れのキスくらいしないと、これが今生の〇れになるぞ」という意味だった。
ロンパリという言葉は眼がちゃんと前を向かず、左右〇の方向を向いているために、まるでロンドンとパリを見ているようだということでロンパリと言われるそうです。
しかしながらある夜ベイカーさんが、学生全員が学寮に戻っていなければいけない時刻に戻ってきたとき、彼女は自分の駐車スペースに〇の車があるのを見つけた。",別,"別:separate;branch off;diverge;fork;another;extra;specially",Guess the hidden Kanji,Text
"「『ひまり』って、どんな字書くの？」「えっとね、太陽の『陽』に『万』。一万、二万のね。『莉』は草冠に『〇』」「草冠に『り』？」「のぎへんにりっとう」「ああっ！ジャスミンの！」「ジャスミン？」「なんでもない。気にしないで」
もし生命の権〇というものがあるなら、死についての権〇もあることになる。そうでなければ生命の権〇は権〇ではなく義務になってしまうだろう。
セーブされたゲームは破損しているようで、〇用できません。ゲームを終了した後、セーブデータを消去してからやり直してください。",利,"利:profit;advantage;benefit",Guess the hidden Kanji,Text
"新モデルとなりスペックが〇新された。
縮〇版のほうが安い。
縮〇版は安価だ。",刷,"刷:printing;print;brush",Guess the hidden Kanji,Text
"「そうそう。せめて２階にも増やして欲しい・・・ってなんでお〇がここにいる！？」「なんでって、そんなん決まってるやんか。一緒に連れションするためや」
『私は人種差別主義者ではありませんが、』と〇置きするような文に限って、往々にして人種差別的であったりするものだ。
「ロボットを愛さなくなれば、彼奴は、御〇に復仇する。」「あのロボットが——」「ああ。」「どんな復讐？」「殺す。」",前,"前:in front;before",Guess the hidden Kanji,Text
"補足情報には、〇詞や〇詞のはたらきをするものが入ります。
〇大統領は大統領のかわりに、その会合で話をした。
〇業で、Webコンサルタントの仕事をしています。",副,"副:vice-;assistant;aide;duplicate;copy",Guess the hidden Kanji,Text
"そんな風に言うと４語で済むところが２７語も必要になるし、長たらしい表現の伝えるストレートな内容は理解してもらえるだろうが、説得〇は失われてしまうであろう。
原稿用紙１枚にも満たないメールに２時間かけるなんていうのは褒められたことではない。能〇のなさを示していると言った方が当たっているだろうね。
１９世紀になる英語圏の国ではマスターベーションにより、記憶〇が弱まる、注意〇が散漫になるとよく言われていた。",力,"力:power;strength;strong;strain;bear up;exert",Guess the hidden Kanji,Text
"イタリアンルネッサンスを開花させるきっかけを作ったのはジョットの〇績だ。
今時、年〇序列だなんて言っても、若い奴の反発を食うだけですよ。
年の〇というのか、彼の意見はさすがに一日の長があるね。",功,"功:achievement;merits;success;honor;credit",Guess the hidden Kanji,Text
"他人がどう思うかはともかく、読んでみて「自分の書いたものはやっぱりしっくり来るな」というのでないのなら、それはいい〇減に書いているということだろう。
新しい文を追〇するまえに、その文によって当サイトに新しい語彙がもたらされるかどうか、キーワード検索してご確認ください。
どうやって訳したらよいか判らない文章を追〇しても構いません。他の誰かが知っているかもしれませんので。",加,"加:add;addition;increase;join;include;Canada",Guess the hidden Kanji,Text
"ジャックは以前ロバートが困っている時に力になってやった、そして今はかわってロバートがジャックを大いに〇けてやっている。
このロボット何でも私の言うことを聞くんだ。疲れて、何にもしたくない時は、〇かるね。なんて、ありえない話だよね。
このシステムのもとでは、生徒は交替で教えあい、お互いに〇け合わなければなりません。",助,"助:help;rescue;assist",Guess the hidden Kanji,Text
"言葉にできないものを大切にするのは大事なことだが、言葉を使って言葉にできないものに肉薄しようとする〇力を怠ってはならない。
もしあなたが話の途中とか社交の場で長い間黙っていると、アメリカ人はあなたに話させようと〇力する。
仏様は、うさぎの〇力に感心し、うさぎを月に昇らせ、永遠にその姿をとどめさせたのです。",努,"努:toil;diligent;as much as possible",Guess the hidden Kanji,Text
"山の頂上に近づいたら大きな岩がゴロゴロあって、そこを乗り越えるのに一苦〇だったよ。時々グラグラしている岩もあったしね。
お湯の中で一日の汗や汚れ、苦〇を洗い落とすだけでなく、日々の生活のことについておしゃべりをするのを楽しんだのである。
所有する喜びは、私の思うところでは、手に入れる為の苦〇に対して割に合わない。",労,"労:labor;thank for;reward for;toil;trouble",Guess the hidden Kanji,Text
"自分がかつてテロ集団の一員であったことをメアリーに打ち明けるのに、トムはありったけの〇気を振り絞らなくてはならなかった。
我々はこの〇気と私心のない指導者によって我々はよりよい生活を享受している。
もっと〇気があったら、私はメアリーにプロポーズしていたかもしれない。",勇,"勇:courage;cheer up;be in high spirits;bravery;heroism",Guess the hidden Kanji,Text
"日本の学校では、私がアメリカで〇強していたのとほぼ同じ科目を教えていますが、私にとって、５つの違いが目を引きました。
最初に大学に入って一番驚いたのは、効果的な〇強方法を知っているクラスメートがごく僅かだったということだ。
しかし、二人とも普通の人以上によく働く勤〇な人達でしたから、今では牛やガチョウも飼えるようになりました。",勉,"勉:exertion;endeavour;encourage;strive;make effort;diligent",Guess the hidden Kanji,Text
"「女の子とキスしてみたいとか思わないの？」「うん。そういう衝〇にかられたことないんだよな」「えっ、男の子としてみたいとかってこと？」「違います！」
Microsoftがβ版をランチするのは「NetShow streaming server」で〇画や音声をオンデマンドで提供する。
彼らはその家がその同じ家だということを知りました。そして〇かしてくれる人に小さなおうちが〇かせるかどうかたのんでみました。",動,"動:move;motion;change;confusion;shift;shake",Guess the hidden Kanji,Text
"「目覚ましが鳴る１分前に目が覚めるのって、どうよ？」「目覚ましに〇った気分がして、いいんじゃない？」「私だったら損した気分になるな。トムは？」「僕？ごめん、経験したことないから分かんない」
「ねえ、知ってる？ メアリーがトムと付き合ってるんだって。ありえなくない？ あんなかわいいのにあんな豚みたいな奴と」「おい、そんな言い方するなよ。別に誰が誰と付き合おうと〇手じゃん」
あれだけ偉そうなこと言ってたんだから、これぐらいトムには楽〇のはずだよ。お手並み拝見といこうじゃないの。",勝,"勝:victory;win;prevail;excel",Guess the hidden Kanji,Text
"暗い暗い夜が風呂敷のような影をひろげて野原や森を〇みにやって来ましたが、雪はあまり白いので、〇んでも〇んでも白く浮びあがっていました。
5月18日、1歳になる彼らの子供がプラスティック袋に〇まれて排水溝に棄てられているのが見つかり、若い日本人カップルが逮捕された。
そんな身も蓋もない言い方しなくても。もう少しオブラートに〇んだ言い方ができないの？",包,"包:wrap;pack up;cover;conceal",Guess the hidden Kanji,Text
"「『ミーム』ってなぁに？『ムーミン』のこと？」「違うって。『ある情報がヒトからヒトへ模倣されながら人類の文〇を形成していくもの』のこと」「何て？さっぱり分からない」
最も力の強い種や、最も知能の高い種が生き残るのではなく、変〇に最も良く適応できる種が生き残るのです。
孵〇後まもないヒナは、産毛が濡れていますが、２時間もすると乾いてフワフワになります。",化,"化:change;take the form of;influence;enchant;delude;-ization",Guess the hidden Kanji,Text
"実のところ、いかなるスピードで移動するにせよ、〇極熊は他のおおかたの哺乳動物の２倍のエネルギーを消費する。
将軍は結局のところ敗〇を認めたが、予想だにしなかったことである。
〇極熊の環境がどのようなものか、ちょっと想像してほしい。",北,"北:north",Guess the hidden Kanji,Text
"看護に携わる女性を「看護婦」、男性を「看護士」と〇別していた呼称は、２００２年に「看護師」に統一して変更された。
更衣室は男女に別れていましたが、お風呂場に入って行ったら男女〇別なく、混浴でした。
そのふたりの兄弟は互いによく似ているので、私にはその〇別がなかなかできない。",区,"区:ward;district",Guess the hidden Kanji,Text
"シンガポールの〇師は殆どの場合皆お互いを知っている、というのが日本と異なります。
専門的な〇学用語ばかりで説明されても、誰もがすぐに理解できるわけではない。
あなたは彼を名〇だと思っているが、まったくそのとおりである。",医,"医:doctor;medicine",Guess the hidden Kanji,Text
"近代戦の戦術は兵士が戦闘員として効果的な働きをするために必ずしも〇分に武装することを必要とはしていない。
戦争が始まったと聞いたが、父親が軍に徴兵されるまで長いこと、彼はそれを〇分に実感していなかった。
彼にとって、飢えというのは抽象的な概念であった。彼には常に〇分な食料があったからだ。",十,"十:ten",Guess the hidden Kanji,Text
"アメリカ同時多発テロ事件に衝撃を受けて、世界各国の政治家がテロリストの不埒〇万な行為をしっかりと責めました。
都合の悪いこと、そうそう隠しとおせるもんじゃないよ。悪事〇里を行く、っていうだろう。
悪事〇里を走るって言うだろう。悪い噂はアッという間に広まっちゃうのさ。",千,"千:thousand",Guess the hidden Kanji,Text
"この端〇の節句と関係の深いしょうぶは、花は美しくありません。
正〇に彼らは休憩するために森の中で横たわった。
君は正〇までにこの仕事を終わらせねばならない。",午,"午:noon;sign of the horse;11AM-1PM;seventh sign of Chinese zodiac",Guess the hidden Kanji,Text
"上の実験で示されていることは、脳の右〇球がまったく使われていないということである。
「こんな寒いのに〇袖の人もちらほらいるね」「寒くないのかな」「寒くないんだろうね」
大〇のアメリカ人は私が彼らをファーストネームで呼ぶことをいやがらない。",半,"半:half;middle;odd number;semi-;part-",Guess the hidden Kanji,Text
"６年間の思い出を胸に、僕たち私たちは今日タトエバ小学校を〇業します。僕たちをいつも応援してくれたお父さん、お母さん。私たちを支えてくださった、先生方。本当にありがとうございました。
「トム、また落第点を取ったらしいわよ。〇業できないんじゃないの？」「そうなの？困った子ね。まぁ、そのうち〇業するわよ」「母さんはトムには甘いんだから」
「僕ね、〇業式で表彰されることになったんだ。今から、予行演習があるから行ってくるね」「すごいね。行ってらっしゃい。表彰台で躓かないようにね」",卒,"卒:graduate;soldier;private;die",Guess the hidden Kanji,Text
"新大統領が外交における対話と交渉の原則を打ち出し、イスラム社会に〇調路線を呼び掛け、非核への決意を表明、中東和平交渉の促進に力を注がなければならない。
もし私たちみんなが〇力すれば、私たちはその国が今おちいっている混乱から救い出せるだろう。
傍目八目という言葉があるように一度〇会から離れて、日本サッカーをみて頂きたい。",協,"協:co-;cooperation",Guess the hidden Kanji,Text
"〇諸島のコミュニティの中にはまったくの正反対の血縁関係のパターンが観察されるであろう。
彼は２００人の男を連れて〇アメリカを目指してスペインを出発した。
さまざまな艱難辛苦を乗り越え、彼は〇極大陸単独横断を成し遂げた。",南,"南:south",Guess the hidden Kanji,Text
"内容や考え方の多くは言語に依存しないものではありますが、〇語の分かち書きをしない点や統語構造等の違いから、日本語を対象とする場合、いくつか気をつけなければいけない点があります。
iPadではFlashのコンテンツが見られないが、そのウェブページのURLを自分へ電子メールで簡〇に送ったら、家に帰って普通のパソコンで見ることが出来る。
もし全ての人が同じように感じ、同じように考え、同じように話すとしたら、人生はひどく〇調で、死ぬほど退屈なものになるだろう。",単,"単:simple;one;single;merely",Guess the hidden Kanji,Text
"「直る見込みは？」「システム開発チームのシュバイシェン〇士が現在闘病中のため、もう暫くはかかるかと・・・」
伊部は二十五歳で医学〇士になったくらいの秀才で、酒も煙草も飲まぬ、いわゆる品行方正の男だった。
私は〇物館に間違った入り口から入ってしまった。もっと気をつけないといけなかった。",博,"博:Dr.;command;esteem;win acclaim;Ph.D.;exposition;fair",Guess the hidden Kanji,Text
"S と D 打ち間違えちゃった。私のキーボード、使いすぎで F の〇がなくなっちゃってて．．．新しいの買った方がいいかなぁ。
若い頃には、人気者にとてもなりたかったので、誰にでもよい〇象を与えたかったと、彼は私に言った。
白いガラスに、幾色かの色ガラスが入り、かわいらしい〇象に仕上がりました。",印,"印:stamp;seal;mark;imprint;symbol;emblem;trademark;evidence;souvenir;India",Guess the hidden Kanji,Text
"これが〇因でタイムを大きくロスしてしまい、もしかしたら、このアクシデントがなかったら、レース終盤はもっと良くなっていただろう。
私どもがお気に召さないことをしたことが未払いの〇因となっているのでしたらご指摘ください。
両側の草〇から、絶えず、清々しい香りが立ち上って、胸を気持よく柔らげるのであった。",原,"原:meadow;original;primitive;field;plain;prairie;tundra;wilderness",Guess the hidden Kanji,Text
"たたんである半纏を広げれば、あちこちにつぎはぎがあり、肩口にできたほころびなんか、〇年のままになっている。
現在は過〇と未来との間に劃した一線である。此線の上に生活がなくては、生活はどこにもないのである。
過〇３週間で、オーストラリアもしくはニュージーランドに行ったことがありますか？",去,"去:gone;past;quit;leave;elapse;eliminate;divorce",Guess the hidden Kanji,Text
"欧州を〇考にしつつ、超高齢化社会への政策対応、「経済大国」から「生活大国」への転換を２１世紀に向けて日本はしていかねばならない。
人〇とビートとブロッコリーがいるなぁ。調理してない生のままじゃないとダメよ。
今回はプロプライエタリソフトウェアの危険性について話すべくに〇りました。",参,"参:nonplussed;three (in documents);going;coming;visiting;visit;be defeated;die;be madly in love;participate;take part in",Guess the hidden Kanji,Text
"「なんで別れちゃったの？」「私はトムのことがほんとに大好きだったんだけど、トムにとって私は恋人っていうよりやっぱり〇達って感じだったんだって」
男と女のあいだの〇情はあり得ない。情欲、敵意、賛美や愛情こそあれど、〇情はまったくないのである。
お互に恋愛のできないやうな男女が、なんの必要から〇情関係を結ぶのか、筆者にはさつぱりわからんのである。",友,"友:friend",Guess the hidden Kanji,Text
"これだけ禁煙、禁煙といわれる以上、喫煙というのは公序良俗に〇する行為なんだろうね。
批評家はこれまでに述べた特徴づけはすべて非常に抽象的であると〇論するかもしれない。
コンピューターチップのダンピングに関する不当な非難に日本は〇論しました。",反,"反:anti-",Guess the hidden Kanji,Text
"木星の周辺を回っているもっと小さな惑星を見てケプラーは、外出中の王の回りを〇り囲む護衛を思いだしたので、それを衛星と名付けたのだ。
一番大きなお鍋、小麦粉、バター、牛乳、お砂糖、ボールと泡立て器、エプロンを二枚、マッチ、リュックサックを〇った。
あなたは私を娘として〇扱って下さった最初の方でした。私でも人間であることを教えて下さった最初の方でした。",取,"取:take;fetch;take up",Guess the hidden Kanji,Text
"わたしたちは、知っていることを話し、見たことをあかししているのに、あなたがたは、わたしたちのあかしを〇け入れません。
あの人の考え自体はしっかりしているのだが、なにせ説明がうまくできないため皆に〇け入れてもらうチャンスはまずない。
もしあなたが試験でカンニングをやってもそれで何の咎めも〇けずに済むと思っているなら、とんでもない話だ。",受,"受:accept;undergo;answer (phone);take;get;catch;receive",Guess the hidden Kanji,Text
"「はあ、トムなんかに話すんじゃなかった」「ほんとだよ。なんでよりによってあんな〇の軽いやつに話したんだよ」
私たちのことについての、あなたの激しい〇調は私たちの親しい関係に終止符を打ってしまったようにみえる。
しかしながら、食べ物を器から〇まで運ぶ必要があり、その必要性に応えるために、はしが現れたのだった。",口,"口:mouth",Guess the hidden Kanji,Text
"もちろん、〇いカーペットが価値があるためには、いい状態に保存されていなければならない。
あのカーデイラーはこの中〇のトヨタが調子がいいなどと、まんまと一杯くわせやがった。
ボーラの扱いはとても難しいが、〇代インカ族はそれがとてもうまかった。",古,"古:old",Guess the hidden Kanji,Text
"もしこれが舞〇の上で演じられたのだったら、まるっきり真実味のないフィクションだって悪態をついただろうな。
彼は車を２〇持っていて、１〇はベンツで、もう１〇はポルシェだ。
人生とは、病人が寝〇を変えたという欲望に取り憑かれている、一個の病院である。",台,"台:pedestal;a stand;counter for machines and vehicles",Guess the hidden Kanji,Text
"〇からぐるっと回って、もっと、もっと、はい、そのまま仰向けになってください。
私は彼を〇寄りだと言ったが、それは彼は頭が古いという意味で言ったのだ。
すみません、ちょっと待って。真っすぐ行って、それから〇ですね？",右,"右:right",Guess the hidden Kanji,Text
"私が信〇機だったら、あなたが側を通るたびに赤くなっちゃうから、あなたのこともう少し眺めていられるのにな。
こうした複雑な状況が生じるのは、周囲の環境それ自体から得られる信〇が不十分なものとなりうるからである。
「またトムから電話？」「うん。このところ毎晩かかってくるの。番〇教えるんじゃなかった」",号,"号:nickname;number;item;title;pseudonym;name;call",Guess the hidden Kanji,Text
"私は今日自分の申込書を上〇に提出するつもりだったが、彼に先を越されてしまった。
あなたの上〇があなたを「ｓａｃｋ」したというのは「解雇された」ということだ。
上〇がいくら立派なことを言っても、部下は、見るところはちゃんと見ている。",司,"司:director;official;govt office;rule;administer",Guess the hidden Kanji,Text
"価格.comというサイトでは、電化製品ごとに、その商品を出品している〇店舗の価格を比較することができます。
就職活動の時期は早まる傾向にあり、マスコミ〇社の面接がその先頭にたっている。
マザー・テレサはインドと世界〇地で貧しい人々を助けるためにその賞金を使った。",各,"各:each;every;either",Guess the hidden Kanji,Text
"彼岸花、千年咲き、千年落ち、花と叶ずっと〇えなく、情は因果に関系がなし、生死は縁で予め定められている。
「着物の襟〇わせって、右が上？左が上？」「左が上よ。相手から見てｙの字になればいいのよ」「ありがとう」
仕事でしないといけないN95のマスクが、いい具〇に密着しなかったから、髭を剃らざるを得なかった。",合,"合:fit;suit;join;0.1",Guess the hidden Kanji,Text
"アルマーニのスーツを着てジャガーを運転していても、結局は蟻と〇じだ。働いて、働いて、意味もなく死んでいく。
愛を恐れるということは、人生を恐れるということだ。そして人生を恐れている者は、もう死んだも〇然である。
日本は4つの大きな島と3000以上の小さな島からなり、面積はカリフォルニアとほぼ〇じです。",同,"同:same;agree;equal",Guess the hidden Kanji,Text
"あんたんとこのメニューにはエビカレーとエビフライカレーって書いてあるよな。エビカレーを頼むたびに「煮込みとフライがありますが」とか言うんだったら、最初からエビ煮込みカレーとかいう〇前にしとけよ。
もしよかったら、Instagramのフォローをよろしく。私のユーザー〇は「tatoebamaniac1002xyz」です。
自分の〇前をネットで検索したら、初めの５ページは私のことじゃないのよ。それって誇りに思うべきか恥ずべきか。悩ましいわ。",名,"名:name;noted;distinguished;reputation",Guess the hidden Kanji,Text
"猫は女の子と似ている。〇こうから話しかけてくるときは良いが、こちらから話しかけようとするとあまり上手くいかない。
この通話は、サービス〇上およびトレーニングのためにモニターまたは録音されることがあります。ご用件は何でしょう？
「自分は内〇的だって言ってますよ」「ふざけるな！あいつが内〇的なわけがないだろう！」「私もそう思います」",向,"向:yonder;facing;beyond;confront;defy;tend toward;approach",Guess the hidden Kanji,Text
"今日僕は彼女に愛を告白したんだ。僕は彼女に言った。「僕は〇のことが好きになっちゃったんだ」しかし、彼女は何を言っていいか分からなかった。数分も経ってやっと彼女は言った。「これってちょっとせっかちだわ。わたし、まずあなたのこともっとよく知りたいの」
店を出るときウェイトレスに言った。「用心してよ、スー。〇が出してくれたグラスには何かおかしなところがあるよ。上がふさがっていて下に穴がある」
極端な体型の人はメンヘラになりやすい。ダイエットなんてしなくても〇は十分綺麗だよといってあげれば，治ることだってある（大抵は治らない）。",君,"君:mister;you;ruler;male name suffix",Guess the hidden Kanji,Text
"自分では一生懸命考えているつもりでも、〇りから見たらただ時間を使って悩んでいるように思われていることも。
どうして花を買ったか？おまえ、今そう言ったか？〇りがうるさすぎて、よく聞こえなかったんだよ。
このタイミングで、その話を持ち出すのは、〇りに対しての配慮がかけていると言わざるを得ない。",周,"周:circumference;circuit;lap",Guess the hidden Kanji,Text
"私の妻が、貧乏の最中、子供を産んで、寝ている時、私が、幾日か、飯菜を作って、その料理の種類の豊富さと〇のよさとに、びっくりさせたものである。
昨日トムと話してて、プログラミングに興〇あるって言ったら Python っていう言語薦められたんだけど、メアリー知ってる？
先輩は、嫌〇なくらいの完璧超人でしたからね。だから逆にその「癖」は先輩の可愛げ・・・というか、チャームポイントでしたよ。",味,"味:flavor;taste",Guess the hidden Kanji,Text
"今夜ここにこうして立つ今も、私たちは知っています。イラクの砂漠でいま目覚めようとする勇敢なアメリカ人たちがいることを。アフガニスタンの山岳で目覚めるアメリカ人たちがいることを。彼らが、私たちのために〇を危険をさらしていることを。
母国語が日本語ではない方々が、一生懸〇頑張って書いておられる日本語は、多少違っていても頭の中で補正して読んでしまいます。
政府はスーダンの人権状況への関心を高めるために尽力してきた団体を黙らせることに懸〇になっているようだ。",命,"命:fate;command;decree;destiny;life;appoint",Guess the hidden Kanji,Text
"2個のさいころを同時に振るとき，出る目の〇が3以下になる確率を求めなさい。
一時、私たちは敵だったが、〇解したからには、もう親しい間柄である。
「〇也さんって、ほんとカッコいいですよね？」「はい。知ってるよ」",和,"和:harmony;Japanese style;peace;soften;Japan",Guess the hidden Kanji,Text
"ヌテラは日本のなかでなじみが薄いが、アメリカやヨーロッパなどでは人気のあるスプレッドであり、スーパーマーケットや食料〇店には、大小さまざまなサイズの瓶が並んでいる光景が見られる。
私どもの製〇についての詳細な情報は、インターネット上のｈｔｔｐ：／／ｗｗｗ．ｊｐｇａｒｄｅｎ．ｃｏｍでご覧になれます。
邦夫は自分の下〇なテーブルマナーをあらためようとしなかったので、我々はがまんしなければならなかった。",品,"品:goods;refinement;dignity;article;counter for meal courses",Guess the hidden Kanji,Text
"「留守だったから、〇庫にスイカと芋菓子入れといたよ。食べてね」「いつもありがとうございます。いただきます」
何しろ小さい店なので、彼は会計係から〇庫係まで多くの仕事を一手にこなさなければならない。
鎌〇時代に禅宗とともに中国からもたらされたのが水墨画です。",倉,"倉:godown;warehouse;storehouse;cellar;treasury",Guess the hidden Kanji,Text
"いつも、いつも〇数合わせなどと言われないで、たまには嘘でも良いから一騎当千の兵と言ってほしいよ。
女性の店〇さんがいろいろとネクタイを見せてくれたが、どれも自分の気に入るものではなかった。
女店〇は私にたくさんのネクタイを見せてくれたが、その中で好きなのは１本もなかった。",員,"員:employee;member;number;the one in charge",Guess the hidden Kanji,Text
"カミナリが光ったその後【くわばらくわばら】と〇えたもしくは、〇える人を見たことがあるだろう。
アンチケモナーらはインターネット上で誇らしげにケモナーらに対して異を〇えた。
私たちは合〇コンクールで一等賞をとるために一生懸命がんばった。",唱,"唱:chant;recite;call upon;yell",Guess the hidden Kanji,Text
"やりがいはあるけれどもリスクと労働時間を考えると・・・、ものすごく損な〇売なのかもしれませんね。
我々は彼らの店は失敗だと思っていたが、今や窮地を脱して、〇売を拡張するまでになっている。
ロイヤルシェイクスペア劇団は来週「ベニスの〇人」を上演することになっている。",商,"商:make a deal;selling;dealing in;merchant",Guess the hidden Kanji,Text
"「ねぇ、馬鹿な質〇していい？」「何？」「ヘッドフォンが機能しない時って、何ていう？」「『ヘッドホンが壊れた』じゃない？」「えっ。ヘッドフォン？ヘッドホン？」「しらん」
「おバカチックな質〇していい？これなんて読むの？コロナ......？うず？なべ？違うよね」「コロナか」「あっ、『か』なんだ」「もっとテレビも見た方がいいと思うよ」
エンジニアが自〇すべき7つの質〇とは・・・誰が、何を、いつ、どこで、どうして、どのように、どのくらい。",問,"問:question;ask;problem",Guess the hidden Kanji,Text
"一番大きなお鍋、小麦粉、バター、牛乳、お砂糖、ボールと泡立て〇、エプロンを二枚、マッチ、リュックサックを取った。
いろいろできるし、みんなから重宝されるのはいいけれど、気がついたら〇用貧乏といわれないようにな。
漢代にはローマガラスの容〇が輸入され、5世紀には北魏でガラス容〇の製作が始まりました。",器,"器:utensil;vessel;receptacle;implement;instrument;ability;container;tool;set",Guess the hidden Kanji,Text
"混戦模様となったレースだが、〇宮は集団をラップしたこともあり、終盤、確実にタイミングよくポイントを重ね優勝した。
私は午後〇時に球場に到着したが、試合はすでに始まっていた。
床にピアスを落としてしまい、〇つん這いになって探した。",四,"四:four",Guess the hidden Kanji,Text
"二つの軍隊が対立しているとき、戦える者は戦うべきであり、戦えない者は防御に〇るべきであり、防御ができない者は逃げるべきであり、逃げることができない者は投降すべきであり、投降もできない者は死ぬべきである。
３人のうちの１人が芝刈り機で私の庭を大雑把にさっと刈り、もう一人が妻の庭の端の伸びた雑草をさっと２、３〇刈り、残りの一人はトラックに上がってタバコをすっていた。
ありがとうございます。申し訳ございませんが、別件が入っておりまして、また次〇誘っていただけるとうれしいです。",回,"回:-times;round;game;revolve;counter for occurrences",Guess the hidden Kanji,Text
"T氏19歳は殺人罪は免れたが、意〇的に傷を負わせたとして、傷害罪を宣告された。
私は彼の意〇を誤解していたということが、だんだんわかってきた。
これらの〇式は求職に関する様々なアプローチを示している。",図,"図:map;drawing;plan;extraordinary;audacious",Guess the hidden Kanji,Text
"その女性は断〇として「我々は値下げをしません」と言った。「びた一文たりともです。さぁ、お買い上げ頂けないのでしたら、そのスーツを脱いで下さい」
私は家にとどまるようにと彼らに懸命に言ったが、彼らは断〇として私の意見に耳を傾けようとはしなかった。
昔は、悪いことをすると、学校の先生から平手をくらったり拳〇をもらうことが当たり前だった。",固,"固:harden;set;clot;curdle",Guess the hidden Kanji,Text
"第二次世界大戦が終結し、1948年ロンドンでオリンピックが再開されたが、敗戦〇のドイツ・日本は、招待されなかった。
世界の〇々が「パクリ大〇」として中〇や韓〇を認識しているが、政府は改める気はなさそうだ。
宮廷では、平安初期には中〇文化の模倣一辺倒でしたが、平安中期には日本的な美意識に基づいた文化が花開きました。",国,"国:country",Guess the hidden Kanji,Text
"創造論者の中には、アダムとイブにへそはなくエデンの〇の木には年輪がなかったと信じる人もいる。
そんな動物〇のライオンみたいにぐたっと寝ていないで、部屋の片づけでもしたらどうなの。
とうとう子供たちは山の真中に、りんごの木が植わっている小さな果樹〇を見つけました。",園,"園:park;garden;yard;farm",Guess the hidden Kanji,Text
"〇着のアメリカ・インディアンが政府から不当な扱いを受けたと主張するのは歴史的にみて当然の権利である。
長時間労働を是とするような、旧態依然とした企業風〇を打破しなければならない。
不動産市場が低迷しているため、東京の〇地所有者たちは恐慌をきたしています。",土,"土:soil;earth;ground;Turkey",Guess the hidden Kanji,Text
"車を降りたのは、一目でパリからの客とわかりはしましたが、どっちかといえば〇味なつくりをした、二十二三の女でした。 女は一人でした。
土を手持ちで1スタック持っていれば、〇下で暗闇に入ってしまったときに、ブロックを縦に積み上げて脱出することができます。
９世紀以降のバイキングの勢力拡大はノルマンディ、ガリシア、アンダルシア、シチリア、クリミアといった〇域へと達した。",地,"地:ground;earth",Guess the hidden Kanji,Text
"「こちらが〇東英二の精子パフェになります」「オエッ。こんなの頼んだ覚えないよ」
2021年、大〇なおみ選手は東京2020オリンピックの聖火台に点火しました。
私たちは〇を上がったり下がったりしなければならなかった。",坂,"坂:slope;incline;hill",Guess the hidden Kanji,Text
"むかしは、私たちの村のちかくの、中山というところに小さなお〇があって、中山さまというおとのさまが、おられたそうです。
泥棒は、間違いなくここにいるはずよ。きっと、どこかに根〇があるから、そこを見つけさえすればいいの。
〇からそのふもとをゆるやかに湾曲して流れる川全体が見えました。",城,"城:castle",Guess the hidden Kanji,Text
"〇玉県の県庁所在地はさいたま市です。
〇玉と千葉の間に川があります。
私は〇玉の出身です。",埼,"埼:cape;spit;promontory",Guess the hidden Kanji,Text
"アメリカでは、犯罪人を収容する刑務所のための〇所以上に犯罪人がいるのでいつも刑務所は定員オーバーの状態である。
デザインも、アーチ型のロゴデザインにより現代的で「登〇感」「躍動感」のあるものに仕上げました。
デザインも、アーチ型のロゴデザインにより、現代的で登〇感、躍動感あるものに仕上げました。",場,"場:location;place",Guess the hidden Kanji,Text
"リトマス紙で溶液の液性（酸性、中性、〇基性）を調べるときは、リトマス紙をすべて溶液に浸すのではなく、紙の先端の部分だけを浸します。
砂糖と間違えてコーヒーに〇を入れちゃった？！あんたってどれだけおっちょこちょいなの？
このスープ、ちょっと味が薄いよ。もう少し〇を足した方がいいんじゃないかな。",塩,"塩:salt",Guess the hidden Kanji,Text
"ところどころ叫び〇のような、うめき〇のような効果音が挿入されていることも、不気味で気持ち悪かった。
私、もうアッタマにきたので、大〇で叫びたいし、あらゆるものをぶっこわしたいわ！
ルチアーノは大〇援を背負って戦えるかもしれないが、彼はまだヒヨコに過ぎない。",声,"声:voice",Guess the hidden Kanji,Text
"日本創刊を果たしたイギリス発のホームレスの人だけが販〇者となれるストリートペーパー「ビッグイシュー」について紹介しよう。
小さいおうちはお金で〇れなかったのでじーとそこにとどまったままながめつづけていました。
こぢんまりと商〇していた男は失敗した。そして彼の商〇は完全に駄目になった。",売,"売:sell",Guess the hidden Kanji,Text
"図書館で本を読んでいると、トムが血相を〇えてやってきた。「どうしたの？」って聞くと、自分の彼女がジョンと浮気をしたというのだ。トムはかなり怒っているようだった。
全角文字を含むファイル名の場合、一部のＯＳでは文字化けが生じることがありますので、ダウンロードの際に適宜ファイル名を〇更してください。
「もしかしてトム？」「メアリー、久しぶり！ 3年ぶり、かな？」「もうそんなになるっけ。元気してた？」「うん、相〇わらず」",変,"変:unusual;change;strange",Guess the hidden Kanji,Text
"貴女に大怪我をさせられたせいで、この子の〇休みの予定は全部おじゃんになってしまったんですよ？
８月の１日からやっと〇休みになるんだけど、なんか１０日しか〇休みがないのよね。
わたしはインスタントコーヒーを１日に５、６杯飲む。ブラックで、〇でもホットだ。",夏,"夏:summer",Guess the hidden Kanji,Text
"多分〇食の準備ができているでしょう。だから急いで帰宅したほうがいいでしょう。
毎〇、放課後に僕たちは彼の家の裏庭で会って、インディアン戦争ごっこをした。
私が食事を終えたところに友達から電話がかかってきて、〇食に招待された。",夕,"夕:evening",Guess the hidden Kanji,Text
"「うう、さみぃ」「トムって意〇と寒がりなんだね」「意〇ってどういうことだよ。デブだから寒くないだろうって？」
あるものの意味がわかるためには、そのものの〇に出て、離れたところからそれを経験することができなければならない。
周囲のすべての建物の上にそびえ立つオフィスビルが突然出現することほど町の〇見を変えてしまうことはない。",外,"外:outside",Guess the hidden Kanji,Text
"熱狂的なケモナーは、ケモナーが集まるコミュニティに対する人気メディアの描写が、〇くの誤解を招いていると主張しています。
１モルの氷を水にするときと、１モルの水を水蒸気にするとき、より〇くのエネルギーが必要なのは？
ソーシャルゲームは40代の人が〇くやっているらしいので、ターゲットを中年女性にしました。",多,"多:many;frequent;much",Guess the hidden Kanji,Text
"花火のフィナーレを飾った「しだれ柳」は、〇空に華やかに舞い上がり、緩やかな弧を描きながらゆっくりと垂れ下がって、やがてその可憐な姿を消していった。
建物を建てたいから、〇になるまでにいくつかの木を壊して材料を手に入れなければならない。
構いませんよ。いつもの〇酒です。たまにはパートナーがいるのもいいものでしょう。",夜,"夜:night;evening",Guess the hidden Kanji,Text
"「『~たら』形なんか、〇嫌いだ。意味が分からないよ」「if ... then とか when とか after とか、そんな感じだよ」「あっ。分かった。でも、まだ好きじゃない」「何が嫌なの？」「何でもない」
例えば、父の仕事では、売り買いのタイミングは非常に〇切であり、彼は同僚にこまごまとしたことを言わないで「潮時というものがある」と言ったり、書いたりすることが時々あった。
「いろんなリンゴ買ってきたから、食べ比べしよう。緑のが『きおう』でそのちっちゃいのが『つるが』。そっちの〇きいのは『サンつるが』ね」「また、たくさん買ってきたね」",大,"大:large;big",Guess the hidden Kanji,Text
"「すごーい！ なんで分かったの？」「〇才だから」「何それ。普通自分のこと〇才とか言わなくない？」「俺普通じゃないもん」
比較的活動していない状態で、風にさらされていなければ、熊は寒い〇候においても余分なエネルギーを消費することはない。
初期の新教徒の移民たちがこの国にやってきたとき、彼らは労働は神と〇国に通じる道だという考えを持ってきた。",天,"天:heavens;sky;imperial",Guess the hidden Kanji,Text
"はるか昔の初期の文化においては、競技で使われているボールは〇陽を象徴していました。
「さっきの授業中寝てたでしょ」「寝ないようにずっと〇ももつねってたけどだめだった」
ルイ14世はフランス絶対王政の最盛期を現出し、「〇陽王」と呼ばれた。",太,"太:plump;thick;big around",Guess the hidden Kanji,Text
"「あっ、財布にお金入れてくるの忘れたかも」「なぬっ」「まぁ、カードがあるし......。あっ、財布がない。財布、持ってくるの忘れたかも。まぁ、大丈〇かぁ」「はじめから、人の財布を当てにしてただろう？」「違う。違う。本当に忘れたんだって」
雨ニモマケズ／風ニモマケズ／雪ニモ夏ノ暑サニモマケヌ／丈〇ナカラダヲモチ／慾ハナク／決シテ瞋ラズ／イツモシズカニワラッテイル
ハリソンがこの作品をパロディとして意図していなかったという証拠は、エヴァンズ〇人へ当てた手紙に見ることができる。",夫,"夫:husband;man",Guess the hidden Kanji,Text
"地方自治体が中〇政府に従うことが必ずしも正しいとは、私は思わない。
バルカン山脈はブルガリアの中〇を東西に走る山脈。
私は毎朝６時に中〇公園でジョギングをします。",央,"央:center;middle",Guess the hidden Kanji,Text
"「もしもし、田中さんのお宅ですか？」「はいそうです」「舞さんいらっしゃいますか？」「〇礼ですが......」「あっ、鈴木です。鈴木拓哉です」「あっ、拓哉君？ちょっと待ってね」
「もしもし、営業部です」「斎藤くんいるかね？」「斎藤部長ですか？」「そうだ」「〇礼ですが.......」「田中だよ。田中」「〇礼しました。部長、田中常務からお電話です」
ここで明確にしなければならない点は、スポーツにおいてアマチュアとプロフェッショナルの境界線が消〇しつつあるということだ。",失,"失:lose;error;fault;disadvantage;loss",Guess the hidden Kanji,Text
"日本人離れしたこの美しい相貌からもわかるように、優〇は実は生粋の日本人じゃない。西洋人をおばあちゃんに持つ、クォーターだったりする。
私は彼女を美〇子と間違えてしまった。彼女たちはとてもよく似ている。
杏〇は、幸せに生きることがどういう意味なのか忘れてしまいました。",奈,"奈:Nara;what?",Guess the hidden Kanji,Text
"プリーツキュロットにインナーパンツが付属しているものは、〇性のテニスプレーヤーやゴルフプレーヤーの間でよく好まれているボトムスである。
ろうそくの両端を燃やすことは、極めて簡単にろうそくを溶かすことになる - 美〇を両脇に抱え込んだプレイボーイのように。
あの夫婦は共かせぎしている。だが亭主の給料のほうが〇房の給料よりも低い。亭主が〇房の尻にしかれるのも当然だ。",女,"女:woman;female",Guess the hidden Kanji,Text
"「『~たら』形なんか、大嫌いだ。意味が分からないよ」「if ... then とか when とか after とか、そんな感じだよ」「あっ。分かった。でも、まだ〇きじゃない」「何が嫌なの？」「何でもない」
オニは巨人の怪物です。その皮膚の色はいろいろで、青かったり赤かったりです。鬼は頭に二つの角があるほか、長い爪と牙をがあります。鬼は虎皮の腰巻を身につけ棍棒で武装しており、若い女性をさらうのを〇みます。
「休みは、普段何してるの？」「自転車が〇きだから、自転車に乗ってるよ」「自転車って、何乗ってるの？ロード？マウンテン？」「ロード。ロード。一日に100キロとか走ったりするよ」",好,"好:fond;pleasing;like something",Guess the hidden Kanji,Text
"〇には２人の息子がいるので、私には２人の甥がいることになる。
〇の彼氏はハリー・ポッターがちょっとグレたような感じだ。
ジャックは壊した皿を隠していたが、下の〇が告げ口した。",妹,"妹:younger sister",Guess the hidden Kanji,Text
"お〇ちゃんの髪はサラサラでいいな。なんで私の髪はこんなにバサバサなんだろう。
なるべく〇ちゃんにも周りにも迷惑をかけずに、事態の早期解決をなんとか頼むぞ。
「なあ、そこの〇さん」「え？」「ちょっと相談に乗ってくれないか？」",姉,"姉:elder sister",Guess the hidden Kanji,Text
"花子は壁に顔を伏せ、数を数え〇めました。「いーち、にー、さーん、しー、ごー、ろーく、ひーち、はーち、きゅー、じゅ。もういいかい？」「まぁだだよ」「もういいかい？」「もういいよ」それを聞いて花子は、数を数えている間に隠れた友達を、さがし〇めました。
人が何かを〇める時、 かならず戸惑いがある。 初めての教室に入る時、 初めて車で道に出る時、 初めてバイトをする時、 初めて誰かに好きだという時。 人生の中に「初めて」は、 たくさんある。
子供の狐は、町の灯を目あてに、雪あかりの野原をよちよちやって行きました。〇めのうちは一つきりだった灯が二つになり三つになり、はては十にもふえました。",始,"始:commence;begin",Guess the hidden Kanji,Text
"子供の権利擁護に関して我々は〇任されている。
ベンは日記を弁護士が管理するよう〇託した。
私は自分の財産を弁護士に〇ねた。",委,"委:committee;entrust to;leave to;devote;discard",Guess the hidden Kanji,Text
"「君って、結婚してるの？」「そうよ」「えっ。もしかして〇持ちとか」「そうだけど。何か？」「いや、何でもない」「っていうかさぁ『ししゃも』みたいな言い方するの止めてくれる？」
「トム、また落第点を取ったらしいわよ。卒業できないんじゃないの？」「そうなの？困った〇ね。まぁ、そのうち卒業するわよ」「母さんはトムには甘いんだから」
「普段、お菓〇って、買って食べたりする？」「自分ではあまり買わないけど、オフィスにいつもいろんなお菓〇が置いてあるから、たまに食べるよ」",子,"子:child;sign of the rat;11PM-1AM;first sign of Chinese zodiac",Guess the hidden Kanji,Text
"「このミミズが這ったような〇どうにかならない？採点のしようがないんだけど」「じゃぁ、記述じゃなくマークシートにしてよ」
「トムは普段『可愛い』って漢〇で書く？ ひらがなで書く？」「ぼくはひらがなの方が好きだな。ふんわりした感じがして」
お尋ねしたいのですが、Tatoebaで算用数〇を使う時は、半角と全角ではどちらを使った方がいいですか？",字,"字:character;letter;word;section of village",Guess the hidden Kanji,Text
"経済とか哲〇とかのような抽象的なテーマについて話したりするのは僕にはいつまでたってもむずかしいよ。だって、そういう話はあまり使ったり聞いたりしたことのないような用語がたくさんあるんだもの。
僕が英語ネイティブのように話していなかったからか、語〇交換用のDiscordサーバーで、僕のプロフィールから英語ネイティブというロールが削除された。
ヘーゲルの弁証法の秘密は究極的に次のポイントにだけ存在する；神〇を経て哲〇を否定するために哲〇を経て、神〇を否定します。",学,"学:study;learning;science",Guess the hidden Kanji,Text
"前からあるのは知ってたが、〇訳とか一緒に表示されるから、間違いだらけで使えないサイトだと思ってた。
〇娘が自分で描いたおじいさんの絵を贈ってくれた日はおじいさんにはうれしい一日だった。
目の黒いうちに〇の顔を見てみたいものだけど、うちの娘３人とも男っ気がないのよね。",孫,"孫:grandchild;descendants",Guess the hidden Kanji,Text
"これはあまり自分を〇ろうとすると、かえって大きな間違いをおかすことになるだけだ、ということです。
時々大家の婆さんが見にきて 「泣かない子ね」 と云ったが、私の子〇は天才的に上手であった。
おまえはママに教わらなかったのかぁ？怖い人に出会ったら財布とケツの穴を〇りなさいってな。",守,"守:guard;protect;defend;obey",Guess the hidden Kanji,Text
"「ねぇ、これ見て！〇くない？」「〇いね。買ったら？」「私、家に財布を忘れてきたの」「これください」
おばあちゃんのレシピに従っているのは分かるけど、もっと〇い材料を探さなきゃいけないよ。
ここの人たちは舌が肥えていますから、〇くてもまずい店はすぐにつぶれてしまうんですよ。",安,"安:relax;cheap;low;quiet;rested;contented;peaceful",Guess the hidden Kanji,Text
"世界は〇璧じゃない。だからこそ僕たちはベストを尽くすし、だからこそすばらしくなるんじゃないのかな。
もしグリーンランドの大氷原が〇全にとければ、世界の海水面は5から7メートル上昇するだろう。
もし一ヶ月でこのタイプライターを〇全に使いこなせたら、きみのものにしておいてもよい。",完,"完:perfect;completion;end",Guess the hidden Kanji,Text
"警〇は犯人にピストルを向けた。するとその犯人が、こんどは警〇に直接自分のピストルをつきつけた。どちらも勝ち目はなかった。絶体絶命だった。
どの〇庁もお役所主義にはまり込まないで、仕事のスピードアップをはかるという点において問題があるようだ。
警部、もっと警〇を投入できるようになるまでは、事態を表に出さないようにしたまえ。",官,"官:bureaucrat;the government;organ",Guess the hidden Kanji,Text
"むやみに自殺を否〇しようとは思いませんが、親が子どもを道連れにするのはぜったいにやめてほしい、と思います。
介護保険による介護サービスを利用するには、「介護が必要である」と認〇される必要があります（要介護認〇）。
f(x) = 2x+1の〇義域がA=[1,2]のとき、fの値域はf(A) = [3,5]となる。",定,"定:determine;fix;establish;decide",Guess the hidden Kanji,Text
"〇際、デンマーク語からノルウェー語に翻訳するのにたいした才能は必要ありません。私だってできるんですから。しかしデンマーク語をしゃべるのは確かに容易ではありませんが。
その後まもなく私はクセノフォンの「ソクラテスの思い出」を手に入れたが、この中にはそれと同じ論法の〇例がたくさんある。
トムはいつもあの席に座ってるけどどうしてか知ってる？あの席ね、〇は、先生から見えにくいんだよ。ほら、今日も寝てる。",実,"実:reality;truth;seed;fruit;nut",Guess the hidden Kanji,Text
"ストラットフォード・オン・エイヴォンは、シェイクスピアの生まれたところですが、毎年多くの観光〇が訪れます。
この30年間、広告会社は大手たばこ会社のお〇をのどから手が出るほど欲しがった。
お〇さまを迎える前には、トイレの鍵がかかるかどうかもしっかりチェックして。",客,"客:guest;visitor;customer;client",Guess the hidden Kanji,Text
"１泊６０ドルくらいのシングルの部屋を２〇、２１日から３泊でお願いします。
病〇には白い服をまとった看護婦と産婆とが出産の準備を致して居りました。
他の研究〇の先輩にも好かれてると実感できたとても嬉しい一日でした。",室,"室:room;apartment;chamber;greenhouse;cellar",Guess the hidden Kanji,Text
"２日目、ショット、パットともに冴えわたった〇里は７バーディ・ノーボギーの６５。通産９アンダーでトップに立った。
その〇殿を訪れる人々は、今日でもまだこのテニスコートを見ることができる。
子〇筋腫があります。大きくならないようにする方法はありますか？",宮,"宮:Shinto shrine;constellations;palace;princess",Guess the hidden Kanji,Text
"現在サーバーに障〇が発生しております。ご迷惑をおかけして申し訳ございませんが、復旧まで今しばらくお待ちください。
たとひわれ死のかげの谷をあゆむとも禍〇をおそれじ、なんぢ我とともに在せばなり。なんぢの笞なんぢの杖われを慰む。
カモメはうるさい鳴き声やフン〇、ゴミ袋を裂いたり、 食べ物を狙って攻撃するなどの迷惑行為を引き起こします。",害,"害:harm;injury",Guess the hidden Kanji,Text
"あなたには扶養しなければならない大きな〇族がある。だが危険をおかしてまで大きな利益を得ようとするな。
メアリーがうっかり落として割ってしまった花瓶は、トムのひいおばあさんのものでした。それは〇宝でした。
「トム、お〇建てたんだってね」「あっ、はい。『うさぎ小屋』ですけど」「またまた、謙遜しちゃって」",家,"家:house;home;family;professional;expert;performer",Guess the hidden Kanji,Text
"ええ、このところ野〇ばかりだったものだから、久しぶりにゆっくり出来ました。ありがとう。
私は下〇させてもらっているのと交換にリーさんの子供に英語を教えている。
彼はまもなく寄〇舎の生活にも慣れ、友人も２・３人できました。",宿,"宿:inn;lodging;relay station;dwell;lodge;be pregnant;home;dwelling",Guess the hidden Kanji,Text
"母国語であればあるほど、込められているニュアンスは豊〇になるものだと思うのです。
〇んでいるものが神の国に入るよりは、らくだが針の穴を通る方がもっと易しい。
たとえいくらかかろうともその傑作は手に入れると、その大〇豪は言い張った。",富,"富:wealth;enrich;abundant",Guess the hidden Kanji,Text
"「〇いね。こんな〇いと冬眠したくなってくるよね」「えー、俺は〇い方がテンション上がるんだけど。むしろ夏ずっと眠ってたい」
七月、もうすっかり夏であるべきはずだのに、この三日ばかり、日の目も見せず、時々降る雨に、肌〇いような涼しさである。
ハワイってさ、暖炉つきの家が多いじゃない？あっちも朝夕は冷えるから、〇がりの人は暖炉を焚くんだ。",寒,"寒:cold",Guess the hidden Kanji,Text
"優太は、お店の高価な皿を割ってしまたのが亨ではなく葵だと知っていたが、葵をかばって名乗り出た亨の気持ちを〇し、本当の事は言わず、ただ自分の胸の内に納めておくことにした。
ただの本なら、宇宙警〇がでしゃばりはしないわ、問題はこれがオーバーテクノロジーの塊だってこと。
ニューズウィークでは、その元映画スターが警〇署に入っていく写真を大きく載せていた。",察,"察:guess;presume;surmise;judge;understand",Guess the hidden Kanji,Text
"ただ日朗上人の御木像があるとか云う、相応に由緒のある〇だそうです。
浅草〇にはずいぶんたくさんの人がいるんですね。
こんな大きなお〇は、これまで見たことがない。",寺,"寺:Buddhist temple",Guess the hidden Kanji,Text
"親は子供のことを考えないでいれば恐ろしい内容の電話や電報は絶〇に来ないと望みつつ、子供のことを考えないように努めるのである。
一般的には、覇権的秩序というモデルは成功したと認められる交渉ストラテジーすべてに〇する説明を与えることはできない。
「見せてくれるんなら、笑わないって約束するよ」「絶〇に嘘。そういう人に限って笑うんだから。あっちいって」",対,"対:vis-a-vis;opposite;even;equal;versus;anti-;compare",Guess the hidden Kanji,Text
"曾ては『平和』のために軍備が拡張せられねばならぬと言われた。今は『平和』のために軍備が縮〇せられねばならぬと言われる。『平和』がそれを聞いたら何と答えるだろう。
宇宙塵はあまり危険そうに思えないかもしれないが、ごく〇さな粒であっても、銃弾の何倍もの速度で飛んでくるので、怪我をしかねない。
〇さいころは、自分が死ねば世界は消えると思っていた。幼稚な妄想！自分はいないのに世界が続くのは許せなかった。",小,"小:little;small",Guess the hidden Kanji,Text
"得意なことが〇ないのはいやだ。だって、僕のできないことを誰かがやってるのを見ると、役立たずな気がするもん。
「っていうか、あなたは誰なの！？」床に転がっている俺は無視して、伊織はその〇女を問いただしていた。
危なかった。もう〇しで、先生にノート写してるの見つかるとこだったよ。机の下に隠しといてよかった。",少,"少:few;little",Guess the hidden Kanji,Text
"車の夜間走行はね、ハイビームが基本なんだよ。でも街中は明るいし、車も多いから結〇ロービームでいいんだけどね。
トムは自分の古いビデオデッキを捨てずに売ろうとしたが、誰も買ってくれなかったので結〇捨てることになった。
「今日は、遅かったわね」「わりいわりい。話し合いが白熱しちゃってさぁ、結〇２時間もやってたんだ」",局,"局:bureau;board;office;affair;conclusion;court lady;lady-in-waiting;her apartment",Guess the hidden Kanji,Text
"「高校ん時、学校の前の駄菓子〇でよく買い食いしてたよね。あの駄菓子〇ってまだあるのかな？」「今は、コンビニになってるかもね」
日本にあるインドカレー〇のカレーって、やっぱり日本人の口に合わせて本場よりマイルドに作られてるよね。
アメリカ人は恥ずかしがり〇の人々を恥ずかしがりやではない人々よりも能力が低いと見なすかもしれない。",屋,"屋:roof;house;shop;dealer;seller",Guess the hidden Kanji,Text
"トムはしばらく服の洗濯をしていなかったので、なんとか着られる程度にきれいなのがないかと思い、汚れた服の〇をかき分けて探した。
ペットボトルのジュースをカチンカチンに凍らせてきたんだよ。これでお昼には冷たいジュースが〇頂で飲めるって段取りさ。
肖像画を書く準備として、私の友達は対象をよく観察するために写真を沢〇撮る。",山,"山:mountain",Guess the hidden Kanji,Text
"彼は、人生の大切な〇路に立っていた。
川は町の３キロ下流で分〇する。
講演の内容は多〇に渡っていた。",岐,"岐:branch off;fork in road;scene;arena;theater",Guess the hidden Kanji,Text
"来週の日曜日私たちは〇先生のためのパーティーをするつもりです。
日〇公園から貴社へはどうやって行ったらよいでしょうか。
彼女が彼に惚れてるのは〇目八目疑いのないところだよ。",岡,"岡:mount;hill;knoll",Guess the hidden Kanji,Text
"三人の帰還軍人が瀬戸内海沿〇のある小さな町のはずれに一軒の家を借りて共同生活をしている。
天気の好い日は、ヘルシンキからエストニアの海〇が見える。
彼らはその船は海〇から１０ｋｍ沖合いに居ると報告した。",岸,"岸:beach",Guess the hidden Kanji,Text
"パプアニューギニア近くのカーテレット諸〇では、海水が家のまわりにうち寄せているので、すでに家を離れなければならなくなった人たちがいる。
木曜〇はオーストラリア最北端ヨーク岬とニューギニア〇の間のトレス海峡に位置する。
セバティック〇は、インドネシアとマレーシアの国境地帯の一つです。",島,"島:island",Guess the hidden Kanji,Text
"ジャンボ尾〇ほど人気のあるプロゴルファーは日本にいない。
彼女たちは長〇がとても気に入ったので１週間滞在した。
長〇は、私の生まれたところで、美しい港町です。",崎,"崎:promontory;cape;spit",Guess the hidden Kanji,Text
"トムの家は僕んちの〇向うにあって、直線距離だと１００メートルもないんだけど、実際に行こうと思ったら、橋までが１キロぐらいあるから歩いて２０分もかかっちゃうんだ。
彼は私たちに自分のアフリカへの旅、特にサハラ砂漠横断とナイル〇沿いの旅を、熱を込めて話して聞かせた。
横浜市は、関東地方南部、神奈〇県の東部に位置する都市で、同県の県庁所在地。",川,"川:stream;river;river or three-stroke river radical (no. 47)",Guess the hidden Kanji,Text
"「九〇にあった、あの宇宙をテーマにしたテーマパーク、なんていう名前だったけ？」「あっ。スペースワールドね」「あれって、どうなったの？」「数年前につぶれたよ」
数日前、ガールフレンドのソフィーちゃんがアルバータ〇・エドモントンから隣のブリティッシュ・コロンビア〇・ビクトリアへ引越しをした。
その小さな地方は〇と呼ばれており、それぞれの〇に〇議会があります。ウェストハンプトン〇議会もそのひとつです。",州,"州:state;province",Guess the hidden Kanji,Text
"〇は複雑そうに見えるが、クモが〇を作って昆虫を捕るのに時間はほとんどかからない。
そのうちの２、３羽が〇から押し出され、さらにベランダからも落ちてしまった。
アリは彼が送った素晴らしいミサイルでクモの〇を取り除きました。",巣,"巣:nest;rookery;hive;cobweb;den",Guess the hidden Kanji,Text
"エジンバラの水辺の〇事は、その他これに類したもの事情を変えられるかもしれない。
消防士たちはその〇業プラントにおける火災を鎮火させることができなかった。
大〇が息子に、鶏小屋を造ってやるのは、いたって簡単なことである。",工,"工:craft;construction;katakana e radical (no. 48)",Guess the hidden Kanji,Text
"国勢調査の結果は〇派に自己の政策が誤っていたことを信じさせるにいたった。
最終ラウンド、勝負を決めたのは挑戦者が無意識に放った〇アッパーだった。
この道を信号のところまで行ってもらって、そこを〇に曲がってください。",左,"左:left",Guess the hidden Kanji,Text
"「ねえねえ、知ってる？田中先生って、結婚するんだって！」「まじで？いつ？」「来週、〇、挙げるらしいよ」
「ねぇねぇ、聞いて！田中先生って、結婚するんだって！」「まじで？いつ？」「来週、〇、挙げるらしいよ」
成人年齢が１８歳に引き下げられた後も、成人〇は今まで通り２０歳で行うという自治体が多いようです。",式,"式:style;ceremony;rite;function;method;system;form;expression",Guess the hidden Kanji,Text
"知人が「女子高出身の子って女を見る目が厳しそうで怖い」と言っていた。もちろん個人〇はあるけど、異性に媚びることなく同性だらけの環境で育ったからこそ、女を見る目が磨かれてしまうのかも。
しかもなお、石の大きいブロックが非常にぴったりと合わさっているので、ブロックの間にナイフの先を〇し込むことができない。
日本とシンガポールとの時〇は１時間なのに、日本とベトナムの時〇が2時間なのはどうしても納得がいかない。",差,"差:distinction;difference;variation;discrepancy;margin;balance",Guess the hidden Kanji,Text
"ガンの末期にあった彼は、輸血をきっぱりと拒絶したためにニューヨーク〇のある退役軍人の病院から三度追い出されました。
彼女が都〇に住んでいるか、それとも田舎に住んでいるかということは、どうでも良いことだ。
あなたが立派な世界〇民になろうとするのなら、偏見は持たないように努力すべきである。",市,"市:market;city;town",Guess the hidden Kanji,Text
"〇少野生動物をこの国に輸入することは厳禁されています。
あちらの〇少な本は、どのようにして入手したのですか？
高く上がれば上がるほど空気は〇薄になる。",希,"希:hope;beg;request;pray;beseech;Greece;dilute (acid);rare;few;phenomenal",Guess the hidden Kanji,Text
"トムはいつもあの〇に座ってるけどどうしてか知ってる？あの〇ね、実は、先生から見えにくいんだよ。ほら、今日も寝てる。
すみません。前列のお客さんに座〇の背もたれをもう少し立ててもらうように頼んでもらえませんか？狭くて困ってるんです。
トムってさ、飲みの〇ではいつも私のこと「お前」って言うんだけど、やめて欲しい。あんたの彼女じゃないつーの。",席,"席:seat;mat;occasion;place",Guess the hidden Kanji,Text
"「トム携〇何台持ってる？」「何台って、携〇ってそんな何台も持つもんなの？」「私は4台持ってるよ」「何のために？」
天の川は、遠方の星が巨大な〇状に見えるものであって、その１つ１つは、われわれの知る太陽に似たものである。
「ねぇ、これ見て。かわいい！」「お金、持ってないんだよね」「あっ、携〇に千円入れてた！これください」",帯,"帯:sash;belt;obi;zone;region",Guess the hidden Kanji,Text
"保育所へ末っ子を迎えにいった〇り、病院へも寄ったので、すっかり遅くなってしまった。
彼が〇ってきたのはホームシックだったからではなく、お金がなくなったからだ。
私は、〇宅すると、私のスーツケースの１つがなくなっていることに気がついた。",帰,"帰:homecoming;arrive at;lead to;result in",Guess the hidden Kanji,Text
"手〇に書かれたスケジュール通りにやらないと気がすまない。
非ヴァーチャルアドレス〇を数分前に見つけたところです。
彼らは税金を逃れるために〇じりをごまかした。",帳,"帳:notebook;account book;album;curtain;veil;net;tent",Guess the hidden Kanji,Text
"そして、おしんとは違って、彼らは確かに不〇を言う。間違いなく勤務中には言わないだろうし。おおっぴらには普通言わないだろうが。
さまざまな才能に恵まれて、なんでもそつなくこなす姉にとって、〇々凡々たる俺の存在はひどく許せないものらしい。
このオンボードというのは〇たく言えば「グラフィックカードがついていない」ものだ。",平,"平:even;flat;peace",Guess the hidden Kanji,Text
"「履歴書の〇齢のところって、今の〇齢を書けばいいの？それとも、卒業した時の〇齢？」「『満』って書いてあるから、今の〇齢よ」
「プリンって、よく食べる？」「若い頃はお昼ご飯のデザートによく買って食べてたけど、最近は食べないね。ここ１〇、食べてもないし買ってもないよ」
「あれ？ここにパン屋さんなかった？」「それなら、とっくの昔に潰れちゃったよ」「うそ、いつの間に？」「半〇前ぐらいかな」",年,"年:year;counter for years",Guess the hidden Kanji,Text
"すべてのほかの小さいウサギも出てきて彼らは〇せそうにみえて、かれらは輪になって小さい黒いウサギと小さい白いウサギの結婚の踊りを踊りました。
ハングリーでいるというのは成功するのには大切なことかもしれないけど、〇せになるためには逆を行っているような気がするよ。
みんなつらいつらいってばっか言ってるからさ、なんか〇せに生きることは罪なんじゃないかって気がしてくるんだよね。",幸,"幸:happiness;blessing;fortune",Guess the hidden Kanji,Text
"まるで、大空に両手を〇げ、バンザイしたように伸びた枝が、ドームのように、上水路をおおっています。
私どもは経験と技術を生かし、エンドユーザーに幅〇いサービスを提供いたします。
大雨が降って、水かさが増せば、流域いっぱいに〇がって流れることもあった。",広,"広:wide;broad;spacious",Guess the hidden Kanji,Text
"弁護士というものは、苦境を切り抜けるために、ささいな点についても徹〇して調べ、同じことを反覆して調べてみることが大切である。
両親と一緒でなければその美術館に入れてもらえないだろうということにトムが気づいていなかったとは、到〇考えにくい。
トムはその件のことはすっかり忘れたように見えるかもしれないが、心の奥〇ではまだ深く傷ついている。",底,"底:bottom;sole;depth;bottom price;base;kind;sort",Guess the hidden Kanji,Text
"私はあの〇の主人と口論になった。なぜなら、きちんと動かないテレビの代金を、彼はどうしても返してくれなかったからだ。
ここの人たちは舌が肥えていますから、安くてもまずい〇はすぐにつぶれてしまうんですよ。
彼女がまさにその〇を去ろうとしたとき、ショーウィンドーの美しいドレスが目に入った。",店,"店:store;shop",Guess the hidden Kanji,Text
"多くの実業家たちは政〇の役人にとり入るために、進物や金を惜しげもなくあたえる。
仏政〇は国家予算の帳尻を合わせるよう納税者に挑むオンラインゲームを売り出した。
いまや大統領がなくなったので、新しい政策は政〇の許可をまたなければならない。",府,"府:borough;urban prefecture;govt office;representative body;storehouse",Guess the hidden Kanji,Text
"「あっ、時間ないし。やけっぱちよ。ぶっつけ本番でいこう。明日、がんばろう。もう、どうにでもなれってんだ」「どうしたの？」「明日、ゼミのプレゼンがあるの。資料が今できたんだけど、まだ一〇も通してやってないの。どうしよう」「どうにもならないね」
「昨夜、猫の鳴き声がうるさくて寝れなかったよ」「一緒一緒。私も、目が覚めたよ」「隣のおっちゃん、我慢できなかったんだろうね。『うるさい！』って叫んだから、猫は逃げってったんだけど、今〇はその声にびっくりして寝れなくなってさ、参ったよ」
「もしもし、田中さんのお宅ですか？」「はい」「携帯の方に何〇かおかけしたのですが、繋がらなかったのでご自宅の方へご連絡させていただきました」「ははは。ごめんごめん。携帯料金払ってないんだ」",度,"度:degrees;occurrence;time;counter for occurrences;consider;attitude",Guess the hidden Kanji,Text
"スーパーマーケットはもう閉まっているので、冷蔵〇に残っているもので済まさなければならないだろう。
６００－Ｊ型のプリンターが１９９７年の５月４日まで在〇切れとの御知らせありがとうございました。
「冷蔵〇、もっと大きいの買ったらいいのに」「二人暮らしだから、これで十分間に合ってるわ」",庫,"庫:warehouse;storehouse",Guess the hidden Kanji,Text
"３人のうちの１人が芝刈り機で私の〇を大雑把にさっと刈り、もう一人が妻の〇の端の伸びた雑草をさっと２、３回刈り、残りの一人はトラックに上がってタバコをすっていた。
日本の学歴社会の最高峰である東大生になって、一番驚いたことは時給１万円という家〇教師料金だ。
結婚している人々の間では、離婚や離別が増え、その結果、片親の家〇がますます多くなっている。",庭,"庭:courtyard;garden;yard",Guess the hidden Kanji,Text
"フランス語を母国語としない人に文書をフランス語に翻訳するよう依頼するのは、会計士に家を〇てるよう依頼するようなものです。
割当て金は僅かなものだ。体育館を〇てるにも足らないだろう。ましてや、本部を〇てるのに、足りるわけがない。
美しい教会を〇てたり、テニスをしたり、冗談を言ったり歌を作曲したり、月旅行をするような動物はいない。",建,"建:build",Guess the hidden Kanji,Text
"虹は空に〇じょうにかかる。
猫は背を〇なりに曲げた。
夢で〇を見た。",弓,"弓:bow;bow (archery, violin)",Guess the hidden Kanji,Text
"フライパンに油を〇き火にかけ、生姜とニンニクをさっと炒めます。トマトソース・醤油・パプリカソースを加え、塩コショウをして味を調えます。
この論評の最初のセクションでは、脳のプロセスがどのように我々の意識経験を〇き起こすかという問題を提起する。
うじうじした優柔不断な男って大っきらい。私はぐいぐい〇っ張ってくれる決断力のある男の人が好みなの。",引,"引:pull;tug;jerk;admit;install;quote;refer to",Guess the hidden Kanji,Text
"「唇が割れてるけど、どうしたの？」「〇と一緒にばか騒ぎしてて、口を蹴られちゃったんだ」
〇は森に入るやいなや、川をみつけて渡った。向こう岸には雌熊がいて、ぐっすり眠っていた。
まさか惚れたんですか。認めん、認めんぞ。あの男を義〇になるなんて、僕は絶対いやです！",弟,"弟:younger brother;faithful service to elders",Guess the hidden Kanji,Text
"ＡＬＳのために、彼の手や腕はペンを握ったりタイプを打ったりすることができないほど〇くなってしまっていた。
彼が投手として能力があることは否定できないが、かなりけがに〇い。
異端という非難に関しては、ここでの証拠ははるかに〇いものである。",弱,"弱:weak;frail",Guess the hidden Kanji,Text
"うわっ？これ、勉〇に運動神経、全てのパラメータがMAXじゃないか！おまけにお金もカンストするまで貯まってる・・・すげえ。
彼女は精神保健福祉士を目指していて、大学では特に精神障害者のインテグレーションについて勉〇している。
彼は暑さで卒倒し気を失ってしまったが、奥さんの辛抱〇い看病のおかげで正気を取り戻すことができた。",強,"強:strong",Guess the hidden Kanji,Text
"「あっ、財布にお金入れてくるの忘れたかも」「なぬっ」「まぁ、カードがあるし......。あっ、財布がない。財布、持ってくるの忘れたかも。まぁ、大丈夫かぁ」「はじめから、人の財布を〇てにしてただろう？」「違う。違う。本〇に忘れたんだって」
結局のところ「女らしさ」といふものは、女である以上誰でも備へてゐるのが〇然で、努力をしてそれを示す必要もなく、また、意識的にそれを隠してもなんにもならない性質のものである。
結局のところ「女らしさ」というものは、女である以上誰でも備えているのが〇然で、努力をしてそれを示す必要もなく、また、意識的にそれを隠してもなんにもならない性質のものである。",当,"当:hit;right;appropriate;himself",Guess the hidden Kanji,Text
"添付ファイルに適応したソフトウエアを持っていないので、ファイルを開けません。別のファイル〇式で再送して下さい。
マイクロソフトオフィスがパソコンに入っています。添付ファイルを送るときには、このファイル〇式を使って下さい。
第一〇態は天使か妖精のようなかわいい姿ですが第二〇態では妖怪のような姿をしています。",形,"形:shape;form;style",Guess the hidden Kanji,Text
"こびへつらうウェイターは最上のテーブルをあてがわれる。なぜなら、そうしたウェイターは、いつもマネージャーや上〇のきげんをとるから。
今朝この輪ゴムをポケットに入れたときには、これが〇に立つことになろうとは思ってもみなかった。
もうね、お〇御免ってね、自分でもよく分かってるの。だからお願い、それ以上なにも言わないで。",役,"役:duty;war;campaign;drafted labor;office;service;role",Guess the hidden Kanji,Text
"今日の夕方から20時にかけ、日本の広い範囲で部分月食が起こります。今回の部分月食は、月の直〇の98%が隠れるため、ほぼ皆既月食に近い状態になります。「ほぼ皆既に近い部分月食」は、日本では140年ぶりのことです。お見逃しなく。
直〇23m(下段)及び18m(上段)、高さ5ｍの二段式の円墳である。
その穴の直〇のほうがわずかに大きかった。",径,"径:diameter;path;method",Guess the hidden Kanji,Text
"「うっせぇな。俺の親父はマイクロソフトのオーナーで、お前のアカウントなんか難なくBANできるんだぞ」「〇って？お父さんってビル・ゲイツなの？」「誰？ビル・ゲイツって？」
「100年私の墓の傍で〇っていてください」「分かった。〇っている」女は超常的な条件を突きつけ、男はただそう答えた。
ジムは映画に行く約束をしたガールフレンドに〇ちぼうけをくわされ、雨の中を一時間も〇たされて頭にきている。",待,"待:wait;depend on",Guess the hidden Kanji,Text
"しかし、彼女が一つ目のグラスを持ち上げ、水をこぼした〇では二つ目のグラスはどうするであろうか。
一日中待った〇、研究者達はまだ嵐がやむのを待っていたので、調査を再開することができた。
その有権者はメアリー・ジョンソンさんで、民主党員であることが〇になってわかりました。",後,"後:behind;back;later",Guess the hidden Kanji,Text
"しかも、悪い人の中にはセルビア人もクロアチア人もイスラム教〇もいるのとちょうど同じように、よい人の中にも、セルビア人もいれば、クロアチア人もイスラム教もいるのよ。
そのクラスの個々のメンバーは数学のあまり得意でない生〇によって足を引っ張られたくないと思っているのです。
今のドイツでは、チョコレートケーキをうまく作るコツを知っている人の数よりも仏教〇の数の方が多い。",徒,"徒:on foot;junior;emptiness;vanity;futility;uselessness;ephemeral thing;gang;set;party;people",Guess the hidden Kanji,Text
"自分の本当の感情を見せることは、日本では美〇とは考えられていない。
がむしゃらに頑張るのが美〇っていうのは幼稚な考え方だと思う。
いろんな人に教えてもらえるっていうのは、人〇だよね。",徳,"徳:benevolence;virtue;goodness;commanding respect",Guess the hidden Kanji,Text
"トムはその件のことはすっかり忘れたように見えるかもしれないが、〇の奥底ではまだ深く傷ついている。
「〇配しないで」ディーマはその女性を落ち着かせようとした。「それは私のものではありませんから」
〇のこもっている「ありがとう」と、〇のこもっていない「ありがとう」を見抜けますか？",心,"心:heart;mind;spirit;heart radical (no. 61)",Guess the hidden Kanji,Text
"製品やサービスを世界市場に販売しようとする企業にとっては複数外国語によるコミュニケーションのノウハウが〇須である。
手書きしたレポートをスキャンしてPDFに直してから、データを送らないといけないためプリンターが〇須な状況です。
私が出来るのは〇死に梯子を登ることです。梯子をかけた先の窓が自分が目指している窓かどうかも確認せずに。",必,"必:invariably;certain;inevitable",Guess the hidden Kanji,Text
"内科医である父は医学を勉強するようしきりに勧めたが、ホーキングはそれを受け入れず、その代わりに数学と物理学に専〇することにした。
ヘーゲルと同様に、パノフスキーの弁論方の概〇は歴史があらかじめ定められた道程をたどるようにさせている。
この間、歯医者行ったら、〇のためとか言われて、歯型とレントゲンをとられた。いい商売してるよ。",念,"念:wish;sense;idea;thought;feeling;desire;attention",Guess the hidden Kanji,Text
"「女の子とキスしてみたいとか〇わないの？」「うん。そういう衝動にかられたことないんだよな」「えっ、男の子としてみたいとかってこと？」「違います！」
「どのような物件をお探しですか？もしよろしければお伺いしますが」「WiFi付きがないかなと〇って」「それでしたら、こちらなどいかがでしょう？」
そういやぁ、庭の草抜きしないといけないんだった。やだなぁ。まぁ、しなくても死ぬわけじゃないし、また〇い出すまで忘れてたことにしよっと。",思,"思:think",Guess the hidden Kanji,Text
"「このマークってなんだろう？〇いでるってことかな？」「違うよ。ハートマークだよ。首をかしげて見てごらん」「あっ。ほんとだ。ありがとう」
一ヶ月前までは、髪に結構ツヤがあったのですが、髪を切って沢山すいて貰ったところ、〇に髪の毛がパサパサになってしまいました。
その日、朝から降り出した雨は町に灯りがつく頃ふとやみそうだったが、夜になると〇にまた土砂降りになった。",急,"急:hurry;emergency;sudden;steep",Guess the hidden Kanji,Text
"うちの〇子ね、ナメクジが大好きなの。彼曰く、ナメクジのねばねば、ぬるぬるが堪らないんだって。
盛大な溜〇をつきながら、テーブルの上にどさどさとパンを置き、椅子にどっかりと腰掛ける。
トムはタトエバのキャラクターにちなんで、自分の〇子にサミという名前を付けました。",息,"息:breath;respiration;son;interest (on money);nuture;rest;coming to an end",Guess the hidden Kanji,Text
"「この車、スマートアシストが付いてるって聞いたんだけど、ピコピコうるさいのよ。ほらまたなった。今、私何か〇いことした？」「右に寄りすぎかな」「だったらはっきりそう言ってくれたらいいのにね」
しかも、〇い人の中にはセルビア人もクロアチア人もイスラム教徒もいるのとちょうど同じように、よい人の中にも、セルビア人もいれば、クロアチア人もイスラム教もいるのよ。
「トムって、どうしてあんなに機嫌〇いの？」「あっ、この間買った新車、ぶつけられたらしいよ。しばらくそっとしておいた方がいいよ」",悪,"悪:bad;vice;rascal;false;evil;wrong",Guess the hidden Kanji,Text
"さよなら！さよなら！ああ、別れというものは〇し懐かしいものじゃ。夜が明くるまで、こうしてさよならを言うていたい。
ところが、お父さんとお母さんにしてみれば、嬉しがっているどころではありません。心から〇しんでいるのでした。
「カイちゃんよー、お姉ちゃんはスゴク〇しいよー。こんなことで人生初体験だよ」「え？」「夜・逃・げ」",悲,"悲:grieve;sad;deplore;regret",Guess the hidden Kanji,Text
"誇大妄〇狂というのはナルシストと違って、魅力的というよりも力強くありたいと願っており、愛されるよりも恐れられる存在になりたいと考えている。このタイプには多くの狂人と、歴史的偉人のほとんどが属している。
「トムのこと好きだから、できるだけトムの理〇の彼女でいたい」「そう思ってくれるのは嬉しいけど、無理はすんなよ」
「ひょっとして、今まで気づいてなかったのですか」「いや、まぁ・・・。〇像の埒外だったもんで・・・」",想,"想:concept;think;idea;thought",Guess the hidden Kanji,Text
"一つ忘れてならない大切なことは、あなたが同〇できないことを言ったときアメリカ人は黙ったままでいることがある、ということである。
日本に駐留していた米軍人と日本人女性の間に生まれた子供のことを、侮蔑の〇図を込めて、「あいのこ」と呼んでいました。
数人から、その日の後半にあたるテクニカルセッションの中にも出席したいセッションがあるという〇見が出ました。",意,"意:idea;mind;heart;taste;thought;desire;care;liking",Guess the hidden Kanji,Text
"ジェーンは太ってるし、態度も悪いし、煙草もぷかぷか吸うし。でも、ケンは彼女のことを可〇くてチャーミングだと思ってるんだな。『あばたもえくぼ』っていうけど、まさにそれだな。
「あなた、可〇いわね」「そんなことないわ。あなたの方こそ可〇いわ」「そんなことないよ。あなたが可〇い！」「いいえ。可〇いのはあなたよ！」「わかった。可〇いのは、わたし」
「あっ、可〇いワンちゃん。名前は何て言うんですか？」「ポチよ」「ポチ！お手。お手」「お手ね、まだできないのよ」「そっかぁ。抱っこしてみてもいいですか？」「どうぞ」",愛,"愛:love;affection;favourite",Guess the hidden Kanji,Text
"生い立ちを知らない人にネイティブみたいに聞こえるよって言われたら、それはおそらく、あなたの喋り方のどこかが、ネイティブじゃないと〇じさせたってことだよ。つまりね、ネイティブのようには聞こえないということなんだよ。
中学生の頃に、あるセラピストの女性の方と話した後、すごく話が弾んだから「これは脈あり」って思って、キスしようとしたんだ。そしたら「やめなさい」って冷たくあしらわれた。「俺ってバカだよな」って痛〇した瞬間でした。
「なんで別れちゃったの？」「私はトムのことがほんとに大好きだったんだけど、トムにとって私は恋人っていうよりやっぱり友達って〇じだったんだって」",感,"感:emotion;feeling;sensation",Guess the hidden Kanji,Text
"しかし、面倒な乗り換えをしなくてすむＪＲの〇田エクスプレス（空港から３０分から６０分おきに出発します）をお使いになることをおすすめします。
私、２月生まれだから次の〇人式の時はまだ１９だけど、年度で言うと２０だから、同じ学年の人と一緒に〇人式に行くよ。
彼女は〇長して今まで着ていたお気に入りのドレスが着れなくなったので、それを仕立て直してやらなければならない。",成,"成:turn into;become;get;grow;elapse;reach",Guess the hidden Kanji,Text
"クリストファーコロンブスはある時、ケルベロスという3つの頭を持った冥界の番犬と、自分の帽子しか使わないで〇った。
混〇模様となったレースだが、四宮は集団をラップしたこともあり、終盤、確実にタイミングよくポイントを重ね優勝した。
おやおや。いかな体育の授業といえど・・・真剣勝負の意気込みで臨まなければ、いざ実〇と言う時に役に立ちませんよ。",戦,"戦:war;battle;match",Guess the hidden Kanji,Text
"使っていた井〇が干上がったので、キャンプをしていた人は水に困ってしまった。
ネオ神〇ピザでいっぱいにしたバスタブの中で彼女を溺れさせて殺した。
キューバのミサイル危機によって世界は核戦争の瀬〇際に立たされた。",戸,"戸:door;counter for houses;door radical (no. 63)",Guess the hidden Kanji,Text
"「お母さん、便〇はどこかな？」「『便〇』とか言うのはやめなさい」「じゃぁ何て言うの？」「『お手洗い』とか、せめて『トイレ』って言いなさい」
我我の自然を愛する〇以は、――少くともその〇以の一つは自然は我我人間のように妬んだり欺いたりしないからである。
「少し詰めていただけませんか」「あ、ごめんなさい。こんなに場〇をとっていたなんて気付きませんでした」",所,"所:place;extent",Guess the hidden Kanji,Text
"「ねえ、知ってる？ メアリーがトムと付き合ってるんだって。ありえなくない？ あんなかわいいのにあんな豚みたいな奴と」「おい、そんな言い方するなよ。別に誰が誰と付き合おうと勝〇じゃん」
相〇チームのベースラインの向こう側にボールを持って行こうとするためには、選〇から選〇へとボールを投げなければならなかったのです。
「お母さん、便所はどこかな？」「『便所』とか言うのはやめなさい」「じゃぁ何て言うの？」「『お〇洗い』とか、せめて『トイレ』って言いなさい」",手,"手:hand",Guess the hidden Kanji,Text
"彼が事業に成功したのは、商〇があったからではなく、運がよかったからである。
アメリカではほとんどの人は１８〇になると投票することができます。
あなたが天〇でないからといって、がっかりする必要はありません。",才,"才:genius;years old;cubic shaku",Guess the hidden Kanji,Text
"ＡＬＳのために、彼の手や腕はペンを握ったりタイプを〇ったりすることができないほど弱くなってしまっていた。
「そこアポストロフィが抜けてる。it's と its は違うんだよ」「分かってる。〇ち間違えただけ」
サーブを〇ったと同時にラケットがすっぽ抜け、コートに叩きつけられたラケットが折れてしまった。",打,"打:strike;hit;knock;pound;dozen",Guess the hidden Kanji,Text
"メール通知をオフにされているようなので、ここにコメントを〇稿したことをお知らせしておきます。 http://tatoeba.org/sentences/show/2371786
「今日すごくいいサイト見つけたんだ。タトエバ・プロジェクトっていうんだけど」「タトエバならもう10年前から知ってるし〇稿してるよ」
その法律には今後フットボールをしてはならず、そしてこの法律を破ったものはだれであれ〇獄されると書かれていました。",投,"投:throw;discard;abandon;launch into;join;invest in;hurl;give up;sell at a loss",Guess the hidden Kanji,Text
"時〇私が考えることは、この世界は誰かの頭の中にあるものに過ぎず、彼が夢を見ることで我々が存在するのだとしたら、ということである。むしろその誰かとは、私かもしれない。
パーティーの終わりがけに、まだ病院のことでぶつぶつと何かを言っていたとき、彼は氷のかけらで足を滑らせて、左足を〇ってしまった。
この〇りたたみ傘、すごく軽くて小さいから持ち運ぶのにちょうどいいな。少し値段が高いけど買っちゃおうかな。",折,"折:fold;break;fracture;bend;yield;submit",Guess the hidden Kanji,Text
"「危ないですから、俺が〇いますよ」「大丈夫だから・・・いたっ！」「ほら、いわんこっちゃない」
お金を〇ったら、それがたとえ１円だろうと、警察に届ける必要があります。
ここでタクシーを〇おうとするぐらいなら、歩いて家に帰った方がよい。",拾,"拾:pick up;gather;find;go on foot;ten",Guess the hidden Kanji,Text
"「あっ、財布にお金入れてくるの忘れたかも」「なぬっ」「まぁ、カードがあるし......。あっ、財布がない。財布、〇ってくるの忘れたかも。まぁ、大丈夫かぁ」「はじめから、人の財布を当てにしてただろう？」「違う。違う。本当に忘れたんだって」
序に、日本でシユウ・クリイムと呼んでゐる菓子は、英国へ行つても仏蘭西へ行つてもその名前では通用しない。英吉利でシユウ・クリイムを〇つて来いと云つたら、靴墨を〇つて来たといふおとしばなしもできてゐるくらゐだ。
序に、日本でシュークリームと呼んでいる菓子は、英国へ行ってもフランスへ行ってもその名前では通用しない。イギリスでシュークリームを〇って来いといったら、靴墨を〇って来たというおとしばなしもできているくらいだ。",持,"持:hold;have",Guess the hidden Kanji,Text
"どうしてこの家って、爪切りが２０本もあるの？もしかして、それぞれの〇を別々の爪切りで切ってるの？それが、この家のしきたりなの？
イエス、ナタナエルの己が許に來たるを見、これを〇して言ひ給ふ「視よ、眞にイスラエル人なり、その衷に噓僞なし」。
〇は、親〇から「お父さん〇」「お母さん〇」「お兄さん〇」「お姉さん〇」「赤ちゃん〇」とも呼ばれています。",指,"指:finger;point to;indicate;put into;play (chess);measure (ruler)",Guess the hidden Kanji,Text
"似たところでは、募金活動に従事する学生が自らで稼いだ金を殆ど募金しようとしないことが〇げられる。
事故で彼が助からなかった理由として、エアバッグが正常に作動しなかったことが〇げられる。
日本の神道の儀式に則って、〇式をしたいという方がおられれば、この教会で出来ます。",挙,"挙:raise;plan;project;behavior;actions",Guess the hidden Kanji,Text
"壊れたラジオを修理していて、回路の動作原理を理解できていないことに〇めて気がつきます。
自分では、分かったつもりでいたけど、〇めて考えると分かんなくなってきた。
〇めて、日本の文化や歴史に触れてみるのもいいものだと思った。",改,"改:reformation;change;modify;mend;renew;examine;inspect;search",Guess the hidden Kanji,Text
"インターネットにおける”荒らし”が人に迷惑をかけないようにするためには、何もせずに〇置しておけば良いのだ。彼らに”エサ”を与えてはならない。
宗教にハマっている人たちを見てると，なんかイヤになっちゃうよね。どうしてああいう風に理性的に考えることをやすやすと〇棄できるんだろう。
何しろ朝から夕方まで、校舎の中で軟禁状態だからな。釈〇されれば元気にもなるってもんだ。",放,"放:set free;release;fire;shoot;emit;banish;liberate",Guess the hidden Kanji,Text
"〇者たちも「賞」を受けたのです。つまり、勝ったチームにたたきのめされたのでした。
そのほつれが腐〇しているというのは、誇張した表現だと思う。
与党は腐〇している、しかし野党だって同じようなものだ。",敗,"敗:failure;defeat;reversal",Guess the hidden Kanji,Text
"私はうかつにもあなたのアドレスを消してしまって、ニュージーランドのラッセルに〇えてもらうハメになった。
Windows XPにはＣＤを焼く機能があるそうですが、その手順を解説しているページを〇えてください。
〇育に関する大きな迷信の一つは子供は人から〇えてもらうことによって学ぶということである。",教,"教:teach;faith;doctrine",Guess the hidden Kanji,Text
"「〇歩中に、イヤホンなくしちゃったみたい。見当たらないの」「イヤホンが耳から外れて音楽が途切れたら、普通気づくだろう？」「ポケットに入れてたの」
色は匂へど　〇りぬるを　我が世誰ぞ　常ならむ　有爲の奧山　今日越えて　淺き夢見じ　醉ひもせず
ニュージーランドはどんな所ですか。オーストラリアと同じように人口が〇在していますか。",散,"散:scatter;disperse;spend;squander",Guess the hidden Kanji,Text
"任意の実〇xに対して2次不等式 x² + kx − 3k > 0 が成り立つような定〇kの値の範囲を求めよ。
コントリビューションの〇は文章を追加した〇と翻訳した〇と修正した〇をあらわしています。
偶〇掛ける奇〇は偶〇、奇〇掛ける奇〇は奇〇。",数,"数:number;strength;fate;law;figures",Guess the hidden Kanji,Text
"何がなんだか分からない。頭がパニックに陥って〇理がつかない。
このラボラトリーは最新のコンピューターを〇備している。
机の上の〇理、いつもしようしようと思ってはいるんだよ。",整,"整:organize;arranging;tune;tone;meter;key (music)",Guess the hidden Kanji,Text
"アマゾンのジャングルやニューギニア島には、いわゆる原始的な〇化があり、ヨーロッパやアジアやアフリカにはいわゆる進歩した〇化がある。しかし、このいずれの〇化の言語も同じように進歩しており、複雑なのである。
「これ、トムが訳したんだよね？」「うん、そうだけど」「モデム主義って何？」「分かんないけど原〇に modemism って書いてあったから」「ほんとに？」「ほんとだって。ほら」「あ、なんだ、modernism じゃん」
そういった活動を通じて、ユネスコ認定の遺産をはじめ、ベトナムにおけるそのほかの自然〇化財の保護、修復や価値伝達に関する知識、経験などの共有をしていきたいです。",文,"文:sentence;literature;style;art;decoration;figures;plan;literary radical (no. 67)",Guess the hidden Kanji,Text
"「あっ、時間ないし。やけっぱちよ。ぶっつけ本番でいこう。明日、がんばろう。もう、どうにでもなれってんだ」「どうしたの？」「明日、ゼミのプレゼンがあるの。資〇が今できたんだけど、まだ一度も通してやってないの。どうしよう」「どうにもならないね」
「美紀ちゃんのおススメのお店ってどこ？」「そうね、そこの角にあるイタリアン〇理の名前なんて言ったかな。あそこ、美味しいよ」「林くんのおススメのお店はどこ？」「バーガーキングとココイチ」「まさかのチェーン店......」
彼は何の準備もしてないのではないかと、ちょっと心配しています。私は彼が資〇を準備してプレゼンテーションをしたのを見たことがないものですから。",料,"料:fee;materials",Guess the hidden Kanji,Text
"Mozilla Foundationは5月1日、メール/ニュースクライアントソフトの最〇版「Thunderbird 2.0.0.14」をリリースした。
うちが援助してる酒造さんがね、〇しい甘酒を造ったから試飲してみてくださいって持ってきてくれたんだけど。
世界中のみなさん、大晦日はいかがお過ごしでしょうか？ ここミレニアム島では一足先に〇年を迎えました。",新,"新:new",Guess the hidden Kanji,Text
"もしあなたが、誰かに期待したほほえみが得られなかったら不愉快になる代わりに、あなたの〇からほほえみをかけてごらんなさい。実際ほほえみを忘れたその人ほどあなたからのほほえみを必要としてる人はいないのだから。
「あなた、可愛いわね」「そんなことないわ。あなたの〇こそ可愛いわ」「そんなことないよ。あなたが可愛い！」「いいえ。可愛いのはあなたよ！」「わかった。可愛いのは、わたし」
聖霊がある〇の上に下って、その上にとどまられるのが見えたなら、その〇こそ聖霊によってバプテスマを授ける〇である。",方,"方:direction;person;alternative",Guess the hidden Kanji,Text
"初の海外で、一緒に〇行にいったうちの一人がスリに遭ってもう大変だったんだ。だから、あまりいい印象が残ってないのだと思う。
突然、私は遠方に人の姿を認めたが、驚いたことに、その〇人が女性であることがすぐにわかった。
今は、来月の海外〇行のことでもう頭がいっぱいよ。だって、久々なんだもん。",旅,"旅:trip;travel",Guess the hidden Kanji,Text
"あなたには扶養しなければならない大きな家〇がある。だが危険をおかしてまで大きな利益を得ようとするな。
機械によって人を生かしておくために、家〇がすべてのお金をつぎ込むべきではありません。
どのくらいの数の民〇がアメリカの人口を構成しているか正確にはだれもわかりません。",族,"族:tribe;family",Guess the hidden Kanji,Text
"ブラジル国〇の星にはどういう意味があるんですか？
大統領を歓迎するために通りは〇で飾られた。
彼らは女王がおいでになるので〇を掲げた。",旗,"旗:national flag;banner;standard",Guess the hidden Kanji,Text
"ここまで来るのに、ずいぶん長くかかりました。しかし今〇と言うこの〇、この夜、この決定的な瞬間に私たちが成し遂げたことのおかげで、アメリカに変化がやってきたのです。
「１〇８時間、週４０時間」という労働基準法が定める労働時間の規制を特定のホワイトカラーだけ除外する「ホワイトカラー・エグゼンプション」の議論が進んでいる。
昨〇はもう過去の歴史。 明〇は何が起こるか分からない謎。 今〇は贈り物。 だから今〇のことを”プレゼント”と言うのさ。",日,"日:day;sun;Japan;counter for days",Guess the hidden Kanji,Text
"今後は、新事業創造による経済の活性化という観点から、国民のコンセンサスに基づいた〇急な内圧型規制緩和が推進されなければなるまい。
シャラポアのショットはとても〇いのですが・・・〇い球というのはその分〇くボールが返ってくるんです。
朝〇く起きるためには〇く寝ないといけない。〇く寝るためには〇く起きないといけない。",早,"早:early;fast",Guess the hidden Kanji,Text
"人を扱うさいには、どちらにも、それとかわらないようにして、善人と悪人を区別するようにするほうが賢〇であろう。
浪費する人を守るために倹約する人に税金をかけるのは、賢〇なことではないし、結局はためにならないのである。
私は彼に、私たちは彼の誤りに対して責任はないと説〇しようとしたが、彼は耳を貸そうとしなかった。",明,"明:bright;light",Guess the hidden Kanji,Text
"わたしにとってはひと〇前の学校での英語の訳は、まぁ、不自然でした。でも慣れてしまうこともあって、「ゆるせんぞ！」とまではいかなかったのかなぁ。そんなもんかと適応しようとしたといった方がいいかもしれません。
「帰るの遅かったね」「それがね、家へ帰る途中、〇の友達にバッタリ会っちゃってさ、話が弾んでこんな時間になっちゃった」「お腹すいた」「わかった。わかった。すぐ作るから」
〇好きだった人を見ながら、この人と結ばれてたら、私の人生どうなってただろう？とふと思う。",昔,"昔:once upon a time;antiquity;old times",Guess the hidden Kanji,Text
"１２〇座とは、おひつじ座、おうし座、ふたご座、かに座、しし座、おとめ座、てんびん座、さそり座、いて座、やぎ座、みずがめ座、うお座のことです。
ケンタウルス座アルファ〇には惑〇がある。それは、ケンタウルス座アルファ〇Bbである。
ケンタウルス座アルファ〇には三つ〇がある。それは、AとBとCである。",星,"星:star;spot;dot;mark",Guess the hidden Kanji,Text
"この雑誌によれば、私の大好きな女優が〇にジャズミュージシャンと結婚する予定らしい。
ジャーン。それじゃ〇田くん、もう見てもいいわよ。みんなの浴衣、お披露目ねぇ～。
〇です・・・そしてこの田舎ではすべてがまったく静かで平和でした・・・。",春,"春:springtime;spring (season)",Guess the hidden Kanji,Text
"「お前がさぁ、〇日使ってたスパナって、どこにある？」「さっきそこにあったけどな。メアリーに聞いてみた？メアリーが持ってるかも」
〇日トムと話してて、プログラミングに興味あるって言ったら Python っていう言語薦められたんだけど、メアリー知ってる？
〇日はもう過去の歴史。 明日は何が起こるか分からない謎。 今日は贈り物。 だから今日のことを”プレゼント”と言うのさ。",昨,"昨:yesterday;previous",Guess the hidden Kanji,Text
"ペットボトルのジュースをカチンカチンに凍らせてきたんだよ。これでお〇には冷たいジュースが山頂で飲めるって段取りさ。
とても良い匂いがしているので、〇ご飯ができているに違いないよ。
ジョーンズさんは部屋を〇までに掃除しておくように指示した。",昼,"昼:daytime;noon",Guess the hidden Kanji,Text
"かつて、荘子は蝶になる夢を見たが、目を覚ました〇には、それが蝶になる夢を見た荘子だったのか、それとも目下荘子になった夢を見ている蝶だったのか、確信がもてなかった。
あの腕の立つ若い棋士は、なかなか大胆だ。わざと、どこからも攻撃されやすいように、しかも陥落されやすいようにみせかけて、相手が最も予期しない〇に王手を決める。
そして〇折私が仕事と育児を両立させようという試みにくじけそうになったとき、私の決意を支える助けになったのは夫だった。",時,"時:time;hour",Guess the hidden Kanji,Text
"日の出のグランドキャニオンは、私がそれまでに見たこともないほど感銘深い光〇でした。
久々にからっと晴れた青空だよ。今日はどこか〇色のいい所へドライブにでも行こうか。
「これは海ですか、空ですか？」「海でも空でもありません。私の心象風〇なのです」",景,"景:scenery;view",Guess the hidden Kanji,Text
"たまには酒にでも酔ってはじけて日頃の鬱憤〇らしたほうがいいんじゃないか。
アリは彼が送った素〇らしいミサイルでクモの巣を取り除きました。
丘の上に立っているので、そのホテルは湾の見〇らしがすばらしい。",晴,"晴:clear up",Guess the hidden Kanji,Text
"ザンビアはアフリカの国だからあなた方は気候がとても〇いのではないかと思うかも知れませんね。
早く帰った方がいい、〇いから。サバは、生き腐れとも言われるくらい足が早い。
〇くて乾燥した地方で最も手に入りやすいエネルギー源は、風と日光である。",暑,"暑:sultry;hot;summer heat",Guess the hidden Kanji,Text
"〇い〇い夜が風呂敷のような影をひろげて野原や森を包みにやって来ましたが、雪はあまり白いので、包んでも包んでも白く浮びあがっていました。
夕方でもう〇かったんですけど、ネコが電線を渡っているのを見ました。 そそそ、そんなことできるんですか、ネコって。
「それは糖分を供給してもっと働けと〇に……？」「はい？」「いや、ちょとやさぐれてるだけ。ごめん」",暗,"暗:darkness;disappear;shade;informal;grow dark;be blinded",Guess the hidden Kanji,Text
"次の日〇日で、私はホテルに１ヶ月滞在しつづけていることになるでしょう。
月〇日と水〇日と金〇日にサッカーの練習があります。
そのスーパーマーケットは月〇から土〇まで営業している。",曜,"曜:weekday",Guess the hidden Kanji,Text
"映画の中で気に入った〇があったのでYouTubeで検索したら、数え切れないほどのリミックスがヒットしたので驚いた。
『カチューシャ』という〇は、ミハイル・イサコフスキーとマトヴェイ・ブランテルによって書かれました。
彼氏が好きなビートルズの〇のオルゴールを見つけた。プレゼントしたら凄く喜んでくれた。",曲,"曲:bend;music;melody;composition;pleasure;injustice;fault;curve;crooked;perverse;lean",Guess the hidden Kanji,Text
"「客先に返信したのか？」「あっ、すっかり忘れてました」「早く出しとけよ。『すっかり忘れてました』なんて〇くんじゃないぞ。『返信が遅くなってしまい、大変失礼しました』だからな。頼むぞ」「はい」
箱を開けると、様々な夢が中から飛び出した。見えなくなるインクで〇かれた秘密とか、ものすごい臭いといったものについての夢が飛び出したのだった。
私どもは、再三にわたり未払いになっている請求〇１１１１のお支払いをしていただくようにお願いしてまいりました。",書,"書:write",Guess the hidden Kanji,Text
"一つには、西洋人ではない人々が自分たち独自の文化に誇りを持ち始めてきたためと、また一つには、フォークを使わないそれらの地域は〇も高い出生率の地域を抱えているという理由から、このことは当たっている。
美しいものが与えてくれる感動は素晴らしいものだったが、私にはその感動を保持する事も、いつまでも繰り返す事もできなかった。世界で〇も美しいものでさえも、〇後には私を退屈させてしまったのである。
彼らは少しの間どうしたものか考えていたけど、どうしたらいいか考えて一日中費やすわけにもいかないでしょう。そこで〇後にはもう一つのグラスも持ち上げたわ。そしたらまた水が床一面にこぼれたわけ。",最,"最:utmost;most;extreme",Guess the hidden Kanji,Text
"ソチオリンピックの頃、コブクロのテーマ曲が流行りました。きっとみんな聞いたことがあると思います。でも、もう３ヶ〇経ちました。最近、この曲を聞くことはないですよね。
今は私のだんなさんとなった彼とはメールで知り合い、ひょんなことで付き合うようになってから１ヶ〇もしないうちにあれよあれよと私たちは結婚する決心をしました。
ドイツでは冬は2週間しか続かないので、寒くて12〇の始めに雪が降る時には伝統的な雪の無いクリスマスを望むことができる。",月,"月:month;moon",Guess the hidden Kanji,Text
"「ゆみ先輩って、今日はどうしてお休みなんですか？」「あっ、猫が家出したらしいよ」「えっ？それって、ＯＫなんですか？」「ＯＫだよ。彼女の〇休だから。彼女にお願いしようと思ってた資料があるんだけど、今日中によろしくね」「はい」
あなたの叔母さんのくれた〇難迷惑なあのプレゼントだけど、どうしたものかしらね。みっともなくてとても壁にはかけられないし。
ある種の鳥においては、周りの鳥たちやつがいに存在を知られていることが〇利であると推測することができる。",有,"有:possess;have;exist;happen;occur;approx",Guess the hidden Kanji,Text
"彼の色とりどりの〇装、長いカツラ、白い手袋を見たら、ディズニーランドか何かから逃げ出してきたのかと思う人もいるだろう。
「さっき、何食べてたか当ててあげよっか？」「えっ？」「チョコ食べたでしょ？」「うん」「〇についてるよ」「マジかぁ」
その制〇、前カノになんちゃって女子高生プレイさせるために買ってたもんなんてバレたら・・・。",服,"服:clothing;admit;obey;discharge",Guess the hidden Kanji,Text
"「イングランド人とフランス人に〇む土地を全てやればいい」とインド人の長は言った。「しかし彼らは大西洋・太平洋間の土地全てを取るつもりだ」とトムは言った。
若い者が、自分の〇むような仕事につけないという、ただ、それだけの理由で、ぶらぶらしているとすれば、それはみっともないだろう。
だれも事故を起こしたいなどとは思っていない。ただ困ったことに、人々は事故を起こさないことを十分に強く〇まないのである。",望,"望:ambition;full moon;hope;desire;aspire to;expect",Guess the hidden Kanji,Text
"〇早く起きるためには早く寝ないといけない。早く寝るためには早く起きないといけない。
「〇起きてすぐにコーヒーを飲んだりするの？」「するする。コーヒー大好きだもの」
翌〇、目がさめると、私の窓の下で果実の木の花が咲いているのを目にした。",朝,"朝:morning;dynasty;regime;epoch;period;(North) Korea",Guess the hidden Kanji,Text
"家の近くに田んぼがあるからさ、この時〇になると一晩中カエルのケロケロ鳴く声が、よく聞こえてくるんだよ。
初〇の自覚症状としては、排尿障害がありますが、多くの場合、はっきりとした症状がありません。
彼は自分の語学力の源として、幼少〇からたくさんの競走馬の名前を覚えていたことを挙げた。",期,"期:period;time;date;term",Guess the hidden Kanji,Text
"クモの巣を作るには、このきぬの枠を作り、それを〇や垣根のような固い物体に固定させることから始める。
〇工芸では、〇を、硬〇、軟〇と、唐〇に分類します。
〇曜島はオーストラリア最北端ヨーク岬とニューギニア島の間のトレス海峡に位置する。",木,"木:tree;wood",Guess the hidden Kanji,Text
"所謂頭のいい人は、云わば脚の早い旅人のようなものである。人より先きに人の〇だ行かない処へ行き着くことも出来る代りに、途中の道傍或は一寸した脇道にある肝心なものを見落す恐れがある。
時間に縛られた社会では、時は線のように、つまり過去から現在を通って〇来に向かって延びる１本の直線と見られている。
もし見落としのために〇払いになっているのでしたら、お支払いいただいて、この問題を早急に片づけさせてください。",未,"未:un-;not yet;hitherto;still;even now;sign of the ram;1-3PM;eighth sign of Chinese zodiac",Guess the hidden Kanji,Text
"保育所へ〇っ子を迎えにいった帰り、病院へも寄ったので、すっかり遅くなってしまった。
〇筆ながら皆様方のご多幸とご発展をお祈り申し上げお礼かたがた御挨拶申し上げます。
ただし、学生の本分は学業ですから、期〇テストをおろそかにしたらメッ！ですよ？",末,"末:end;close;tip;powder;posterity",Guess the hidden Kanji,Text
"カフェで牧師のグレッグさんは「何を読んでいますか」と尋ねました。 ヴィクトーロさんは「エスペラントの〇の『Tra Lando de Indianoj』を読んでいます」と言いました。舞台はブラジルです。
今は〇読んでる方が楽しいな。基〇的にずっと〇読みの部類ではあったけど、読まない時期はあんまり読まないんだよね。今はまたたくさん読む波が来ている感じかな。
トムくんは220ページの〇を読むのに7時間かかりました。メアリーさんは280ページの〇を読むのに9時間かかりました。〇を読むのはどちらが速いでしょう。",本,"本:book;present;main;origin;true;real;counter for long cylindrical things",Guess the hidden Kanji,Text
"「見てみて。この一万円〇、999999のゾロ目よ。すごくない？」「それは、偽〇だよ」「えっ、どうして？」「日本のお〇は、000001から900000までって決まってるからね」
まだ100円〇があった時代には、アメリカドルは360円の価値があった。
この１００ドル〇を２０ドル〇４枚と１ドル〇２０枚にくずしてください。",札,"札:tag;paper money;counter for bonds;placard;bid",Guess the hidden Kanji,Text
"外国語の学習者が間違いを恐れずに学習中の言語を使ってみるのは素晴らしいことですが、十分な実力のない人が間違いを恐れずに質の悪い語学教〇を作るのはいかがなものかと思います。
できたらスケッチブックと４Ｂの鉛筆も買ってきておいてね。まだそんなに高い画〇はいらないよ。
適〇適所。あいつはコンピューターをいじくっていた方が生き生きしているよな。",材,"材:lumber;log;timber;wood;materials;ingredients;talent",Guess the hidden Kanji,Text
"アルジェリアのカビリーにあるとても静かな〇で暮らしてるんだ。
なにぶんこんな辺ぴな〇に住んでいるので、めったに客は来ない。
彼らはその〇にひっ越して、そこで幸せに暮らした。",村,"村:village;town",Guess the hidden Kanji,Text
"在校生たちは、お世話になった先輩たちにきれいな花〇を贈る計画を立てていた。
彼と彼女と２人きりになれたほんの〇の間に、デートをしてくれと頼んだ。
白色の光〇はプリズムによって様々な色の光線に分離される。",束,"束:bundle;sheaf;ream;tie in bundles;govern;manage;control",Guess the hidden Kanji,Text
"大人が希望を持てる世界でなければ、子供の希望はすべてまやかしになってしまう。希望のある未〇のためには、まず大人に希望がなければならない。
女というものは、あなたがうまくやった１００ものことには気付かず、ただ失敗したことを暴き立てる、そういうことが出〇る生き物だ。
「警察だ。ちょっと署まで〇てもらおうか」「な、なんで？」「こんな街中でドンパチやって罪にならないわけないだろうが！！」",来,"来:come;due;next;cause;become",Guess the hidden Kanji,Text
"タクシー運転手になった〇大卒の木村さんは誰かの物指しで、落ちこぼれなのかもしれないけど、運転好きならいいんじゃないかな。
気象庁は、〇日本大震災のマグニチュードを８．８から、世界観測史上最大級のＭ９．０に修正した。
「こちらが坂〇英二の精子パフェになります」「オエッ。こんなの頼んだ覚えないよ」",東,"東:east",Guess the hidden Kanji,Text
"私は〇茸をどうして見つけるかということにとりつかれて、とうとうそのことを本に書くことになってしまいました。
すり鉢にバジルの葉、房に分けたにんにく、〇の実を入れ、全体がどろどろになるまで丁寧につぶす。
それは〇の木から切り出して、カットして、ヤスリで磨いてハートの形にしたものです。",松,"松:pine tree",Guess the hidden Kanji,Text
"偏光〇の時は、まず偏光〇をつけ上に保護〇（透明アクリル〇）をつけセットします。
おいおい、一枚看〇のお前が来れないんじゃ、今日の合コン盛り上がらないよ。
駐車スペースを白いラインで囲み、「学寮長専用」という掲示〇が立っている。",板,"板:plank;board;plate;stage",Guess the hidden Kanji,Text
"そのとき、彼らは、ブラックベリーの〇の周りをつかれて、のどがかわくまで競争して遊んでいました。
蜂蜜・レモン汁・ローストしたアーモンド・すりおろし〇檎を加えます。
トムが送ってきてくれた〇檎、美味しかったな。",林,"林:grove;forest",Guess the hidden Kanji,Text
"アトピーのためかかった病院で、刺激の少ないというシャンプーを勧められた。確かに効〇はあるようなのだが、これがとても高価で困っている。
日本創刊を〇たしたイギリス発のホームレスの人だけが販売者となれるストリートペーパー「ビッグイシュー」について紹介しよう。
私はしばしば君に自分の義務を〇たすように言ったが、君はどうしても私の言うことを聞こうとしなかった。",果,"果:fruit;reward;carry out;achieve;complete;end;finish;succeed",Guess the hidden Kanji,Text
"彼が車をバックさせようとして電〇にぶつけたとき、彼の車をひどく壊れた。
サン・ピエトロ大聖堂の〇廊は本当に大きくてきれいですね。
電〇は「電力〇」「電信〇」「共用〇」の３つがあります。",柱,"柱:pillar;post;cylinder;support",Guess the hidden Kanji,Text
"おそらく、人間の持って生まれた感情の中で、虚〇心ほど抑えにくいものはないだろう。
ビバリーヒルズのような高級住宅地で見〇を張り合うのは高くつく。
あの女性は見〇っ張りと言うよりもむしろ自尊心が強い。",栄,"栄:flourish;prosperity;honor;glory;splendor",Guess the hidden Kanji,Text
"高〇時代からつきあっている彼氏はいるものの、つきあいが惰性になっていると感じ、不満をつのらせている。
高〇野球にはなあ、プロ野球にはないドラマがあるんだよ。お前には到底わからないだろうよ。
転〇してきたばかりで友達のいなかった僕に、初めて話しかけてくれたのがトムでした。",校,"校:exam;school;printing;proof;correction",Guess the hidden Kanji,Text
"仏心宗と呼ばれるのは、禅宗が文字や経典をたよらずに、仏の心を師匠から弟子へと直接伝えていくことを〇本宗旨としているからです。
泥棒は、間違いなくここにいるはずよ。きっと、どこかに〇城があるから、そこを見つけさえすればいいの。
「これは羽毛布団ですか？」「こちらは羽〇布団です。あちらに置いてあるのが羽毛布団になります」",根,"根:root;radical;head (pimple)",Guess the hidden Kanji,Text
"ドミトリー様、おはようございます。情報のご提供ありがとうございます。一度弊社の技術担当に見せて、対応可能かどうか相談してみますので少々お時間を下さい。ちなみにこの〇件は、どちらの〇件ですか？ロシアの話ですか？
文自体は悪くありませんが、ネイティブは自分自身をそのようには表現しないでしょう。ですから、私はこのように書くようにご提〇します。
女房が映画に行きたがっていることがよくわかったので、いじわるな亭主は一計を〇じ、くるあてもない来客を家で待つことにした。",案,"案:plan;suggestion;draft;ponder;fear;proposition;idea;expectation;worry;table;bench",Guess the hidden Kanji,Text
"「〇酒ってどうやって作るの？作るの難しい？」「難しくないよ。青〇とホワイトリカー、あと氷砂糖があればできるよ。氷砂糖のかわりに蜂蜜入れても美味しいよ」
「なんかすごい顔して、どうしたの？」「〇干し食べたら、めっちゃ辛かった」
彼は桜と〇を見分けられないが、それぞれを１２ヵ国語で言える。",梅,"梅:plum",Guess the hidden Kanji,Text
"〇や柿を食べ過ぎるとお腹を下すことがあるので、食べ過ぎには注意しましょう。
〇や柿を食べ過ぎるとお腹が下ることがあるので、食べ過ぎには注意しましょう。
それは私が今まで食べた〇で一番美味しい〇です。",梨,"梨:pear tree",Guess the hidden Kanji,Text
"〇にハイキングに行く前に、熊に遭った時どうしたらいいか調べておきなさい。
アントンは、彼の〇はすべてがうまく行っていると考えていました。
メアリーは、ジャムを作るために〇でいちごを摘んだ。",森,"森:forest;woods",Guess the hidden Kanji,Text
"「ハナミズキ」は、1915年アメリカ合衆国ワシントンD.C.から苗木が贈られ日本で〇栽されるようになった。
自然環境の回復を宣伝する組織がリサイクルに力を入れて、〇林に貢献しないのは何故か。
池の周りに，7mおきに木が6本〇えてあります。池の周りの長さは何mでしょうか。",植,"植:plant",Guess the hidden Kanji,Text
"「さっきの授〇、寝てたでしょ」「うん。我慢できなくてね。先生気づいてそうだった？」「それは、大丈夫そうだったけど、思いっきり船漕いでるから、男の子たち笑ってたよ」「うわっ。その方が嫌かも」
６年間の思い出を胸に、僕たち私たちは今日タトエバ小学校を卒〇します。僕たちをいつも応援してくれたお父さん、お母さん。私たちを支えてくださった、先生方。本当にありがとうございました。
「履歴書の年齢のところって、今の年齢を書けばいいの？それとも、卒〇した時の年齢？」「『満』って書いてあるから、今の年齢よ」",業,"業:business;vocation;arts;performance",Guess the hidden Kanji,Text
"かつて、この国では、地域全体が他人の子供に注意を与えたものだが、今は、そのような大人の姿を目にすることは〇めて少ない。
たとえ私たちが即座に使用をやめても、南〇のオゾンホールが元に戻るのにはさらに後６０年かかります。
実際には、〇めて些細な意味における場合を除いて、このことはまったく事実ではないように思われる。",極,"極:poles;settlement;conclusion;end;highest rank;electric poles;very;extremely;most;highly;10**48",Guess the hidden Kanji,Text
"主人は晩酌が〇しみなので、発泡酒を６缶以上は空けていますし、日本酒の燗が５本も６本も空いていて、たまに休肝日ということで飲まない日もあるのですが２日以上続いたことはありません。
〇観主義者は鏡をのぞきこんでますます〇天的に、悲観論者はますます悲観的になる。
ジャックが音〇が苦手なんてとんでもない、それどころか、ピアノを弾くのがうまい。",楽,"楽:music;comfort;ease",Guess the hidden Kanji,Text
"しかし水とは濡れているものだと教わっても水についてほとんどわからないのと同〇に、そんなことを言っても何も語っていることにはならないのである。
「お父さまが帰っていらっしゃるわ」「旦那〇が？一体いつお帰りになるんですか？」「今日か明日か明後日か。手紙にははっきり書いてなかったの」
今朝、ちょっと妻といさかいをしました。僕は大したことではないと思ったが、今晩の〇子を見ると妻は傷ついていたと思います。",様,"様:Esq.;way;manner;situation;polite suffix",Guess the hidden Kanji,Text
"マーケティング分科会では、１９９８年の目〇と方向を決めるためにフォンコンファレンスを行うことをお知らせします。
彼は一時停止の〇識を見ていなかったので、通りを渡ろうとしていた子供をもう少しではねてしまうところだった。
適合率とは取り出した記事のうち、どの程度の記事が検索条件に合っているかを示す指〇です。",標,"標:signpost;seal;mark;stamp;imprint;symbol;emblem;trademark;evidence;souvenir;target",Guess the hidden Kanji,Text
"細かいことに気をつける人は、ものを書く時にｉに点をつけ、ｔに〇棒をつけることを忘れないだろう。
からだは、その娘とは違って、丈が低く、〇にでぶでぶ太って、豚の体に人の首がついているようだ。
学生のひとりによれば、中国では今なお粛清が行われ、恐怖政治が〇行しているとのことです。",横,"横:sideways;side;horizontal;width;woof;unreasonable;perverse",Guess the hidden Kanji,Text
"私はこのプロジェクトにおいて、日本とヨーロッパの架け〇になると思います。
彼の会社、最近結構危ない〇を渡っているって、もっぱらの噂だよ。
私たちは川下にある〇を渡って回り道をしなければならなかった。",橋,"橋:bridge",Guess the hidden Kanji,Text
"「おじいちゃん、肌着姿でどこいくの？」「ちょっとそこの自販〇まで」「おじいちゃん、ここは自分ちじゃないのよ。肌着姿でウロチョロしてたら怒られるから服着てね」
ある数学の教師は、「計算〇があれば、子供は正しい答えは出しますが、どうしてそういう答えになったのかは全く理解していないのです」と言っている。
その医師は内科医として、瀕死の子供の生命を救うために、できることはなんでもしたばかりか、危〇を切り抜けるために自分の血を提供までした。",機,"機:loom;mechanism;machine;airplane;opportunity;potency;efficacy;occasion",Guess the hidden Kanji,Text
"彼はいろいろ他人の〇点をあげつらうのにうんざりしてしまった。そこで彼らの言うことは何でも、たとえどんなにくだらなくてもそのまま認めることにしている。
あなたの友人が親切にもあなたに自分の〇点を気づかせてくれたならば、その言葉を快く、そしてまた感謝して受け入れなさい。
あなたの〇点でさえも私のあなたに対する尊敬の気持ちを減じはしないし、友情においてはこれが大切なことです。",欠,"欠:lack;gap;fail;yawning radical (no. 76)",Guess the hidden Kanji,Text
"スマートウォッチのメール通知があると、〇は何を言われるのかと思って「ドキッ」とします。
〇にあげる「ブラック・ユーモア」の例を見れば、自分で判断を下すことができるだろう。
「〇に会うのはもう年明けかな？」「うん、そうだね。よいお年を！」「よいお年を！」",次,"次:next;order;sequence",Guess the hidden Kanji,Text
"ブルース〇手のロバート・ジョンソンは、もし27歳で死去していなければ、2011年5月8日で100歳になっていたはずだった。
彼はダイアナの〇に非常に感銘を受けたので、彼女にラジオで〇うように依頼した。
ほら，コムロだかヒムロだか忘れたけど変なダンスをする女性〇手が昔いたじゃない？",歌,"歌:song;sing",Guess the hidden Kanji,Text
"我々はすべての核兵器を廃〇しなければならない、なぜならば人類に死をもたらすからである。
包丁の手を〇めて、流れる涙をエプロンでぬぐったのは、タマネギのせいだけではない。
そのバス停で人々は整列して待っていたが、バスが〇まるとすぐにその列は崩れた。",止,"止:stop;halt",Guess the hidden Kanji,Text
"その分析によって、ボーイング社は、他にも問題があったかもしれないが、乗務員が彼らの任務を〇しくやっていれば、事故を回避することができただろうと、言いたいのである。
アマゾンから「アカウントへの不〇なアクセスがありました」ってメールが来て焦ったんだけど、よくよく考えると、アマゾンにアカウント持ってないんだよね。
なんだかよくわからないものに直面したときに、「頭が良かったらよくわかるに違いない」と考えるのは、いつでも〇しいとは限らない。",正,"正:correct;justice;righteous;10**40",Guess the hidden Kanji,Text
"「ウィーンまでは〇くとどのくらいかかりますか」「すみません。この辺に詳しくないんです」
トムが最も恐れたのは、もう二度と〇けるようにならないのではないかということだった。
そんな速く〇かないでください。あなたと〇調をそろえることはできません。",歩,"歩:walk;counter for steps",Guess the hidden Kanji,Text
"「〇がしみるのですね？冷たいものがしみるのですか？」「いいえ。熱いものがしみます」
「僕の〇はとっても弱くってりんごはかめません」と男の子は言いました。
彼女が『今、覗いてたでしょう。この出〇亀野郎。』と怒りました。",歯,"歯:tooth;cog",Guess the hidden Kanji,Text
"「僕はすでにこの人生に疲れている」と、兄さんが言いました。あの日、私は兄さんが何を言っているか分かりませんでした、それから、午後、彼は〇にました。
たとひわれ〇のかげの谷をあゆむとも禍害をおそれじ、なんぢ我とともに在せばなり。なんぢの笞なんぢの杖われを慰む。
〇ぬ前には遺書のほかにラブレターも書きたい。どんな恥ずかしいこと書いてももう恥ずかしがらずに済むから。",死,"死:death;die",Guess the hidden Kanji,Text
"「見て、窓。部長またマインスイーパやってるよ。やることないんなら帰ればいいのにね」「部長も気を使ってるんじゃないの。トラブル対応してる私たち〇して帰るのもな〜って」「にしても、気づかないのかな。見て、また爆弾踏んだよ」
「見てくださいよ、窓。部長またマインスイーパやってますよ。やることないんなら帰ればいいと思いません？」「部長もトラブル対応してる部下〇して帰れないんだよ。部長は部長なりに気を使ってるのさ」「地雷踏みましたよ」
机の上には、お昼を用意する時間も余裕もなかったから、近所で買って来いという母親からのメッセージだけが〇されていた。",残,"残:remainder;leftover;balance",Guess the hidden Kanji,Text
"おばあちゃんのお〇さんは「ひいおばあちゃん」だから、ひいおばあちゃんのお〇さんは「ひいひいおばあちゃん」って呼べばいいの？
あなたの叔〇さんのくれた有難迷惑なあのプレゼントだけど、どうしたものかしらね。みっともなくてとても壁にはかけられないし。
「そのスーツいいね」「ありがとう。〇さんが縫ってくれのよ」「〇さんやるね」「うん。洋裁の先生してたからね」",母,"母:mother",Guess the hidden Kanji,Text
"それから、〇日おじいさんと、おばあさんがこねこにミルクを飲ませましたら、こねこは、まもなく、かわいらしいまるまるとしたねこに、なりました。
彼女はお酒を〇日飲みたくなかったが、ビールは彼女の大好きな飲み物なので、ノンアルコールビールをほとんど〇日飲んでいる。
その影響力は日〇にますます大きくなっているが、しかし創造性があるわけではなく、また、価値の判断もできない。",毎,"毎:every",Guess the hidden Kanji,Text
"彼女は赤味がかった髪の〇をしている。それで「にんじん」というあだながついている。
〇皮のコートのために動物を罠で捕獲するのは残酷なことだ。
なんだろう、まつ〇でも入ったのかな、目がごろごろする。",毛,"毛:fur;hair;feather;down",Guess the hidden Kanji,Text
"「メアリーは、なんでトムを作ったの？」「かわいいショタの彼〇が欲しかったんだ」「へー、メアリーってショタコンだったんだ？知らなかったよ」「まだまだね」
「メアリーってどうしてあんなに日本語が上手なんだろう？」「彼〇が日本人だからじゃない？」「なるほど。恋の力は偉大ってわけね」
プライヤー〇はパリでの公演のリハーサル中にくも膜下出血で倒れ、市内の病院に運ばれましたが午後４時２３分息を引き取りました。",氏,"氏:family name;surname;clan",Guess the hidden Kanji,Text
"かつて、今よりもはるかに分断されていた国〇にリンカーンが語ったように、私たちは敵ではなく友人なのです。感情はもつれたかもしれないが、だからといってお互いを大事に思う親密な絆を断ち切ってはなりません。
アメリカでは、すべてが可能であることを疑い、我々の開拓者の頃の夢が現代に生きているかを怪しみ、〇主主義の力に疑問を呈する人がまだいるなら、今夜がその答えだ。
本を読んでみると、植〇者や冒険家が新たな素晴らしい生活、新たな国やチャンスなどに向かって船出していったようである。",民,"民:people;nation;subjects",Guess the hidden Kanji,Text
"「お久しぶりって感じね。元〇にしてる？」「してる。してる。最近、忙しくてさ、なかなか時間がとれないのよ。今ね、病院の待合室。時間が少しできたからメッセージ書いてみたの」
「トム、好きって言って」「え、何？」「好きって言って」「なんで？」「いいからいいから」「……好き」「ありがとう」「何だったの、今の？」「何でもない、〇にしないで」
喫煙者は、他の皆と同様に、自分達の趣味の欠点に〇づいてはいるのだが、２つの理由から、そうしたことを知っていても何とか〇にしないようにしているのである。",気,"気:spirit;mind;air;atmosphere;mood",Guess the hidden Kanji,Text
"彼らは南ローデシアに着くと、共同給〇設備のある泥でできた簡易住宅からなる移民キャンプか、ホテルを選択しなければならなかった。そこで彼らは資産家として知られていたのでホテルを選んだ。
しかし〇とは濡れているものだと教わっても〇についてほとんどわからないのと同様に、そんなことを言っても何も語っていることにはならないのである。
僕ならスープ皿を持ってきて、グラスを充分に注意しながらテーブルの端まで滑らせて〇をそのスープ皿に流し込むな。〇は床にはこぼれない。",水,"水:water",Guess the hidden Kanji,Text
"１モルの〇を水にするときと、１モルの水を水蒸気にするとき、より多くのエネルギーが必要なのは？
〇が軟らかくなってきたので、アイススケートの会を中止せざるをえなかった。
私はホットコーヒーに〇を入れるのが好きです。大抵熱すぎるので。",氷,"氷:icicle;ice;hail;freeze;congeal",Guess the hidden Kanji,Text
"子供たちが眠ったあと、自分たちはまんじりともせず、どうやって住宅ローンを払ったらいいのか、病院の請〇書をどう払ったらいいのか、子供の大学進学費をどうやって貯めたらいいのか、途方にくれている母親や父親があちこちにたくさんいる。
〇めよ、さらば与へられん。尋ねよ、さらば見出さん。門を叩け、さらば開かれん。すべて〇むる者は得、たづぬる者は見いだし、門をたたく者は開かるるなり。
クラスの人数が減るということは、教育水準が高まるということであり、それこそ、我々が子供たちのために〇めていることなのです。",求,"求:request;want;wish for;require;demand",Guess the hidden Kanji,Text
"彼が腕をつかんでなかったら、彼女は〇に落ちちゃってたよ。
〇の鯉に餌をあげたら、うじゃうじゃと集まってきた。
〇のほとりに花ショウブが綺麗に咲いていました。",池,"池:pond;cistern;pool;reservoir",Guess the hidden Kanji,Text
"「見てみて。この一万円札、999999のゾロ目よ。すごくない？」「それは、偽札だよ」「えっ、どうして？」「日本のお札は、000001から900000までって〇まってるからね」
「なんでそんなにフランス語に詳しいの？」「そりゃフランス人だもん。詳しいに〇まってんじゃん」「でも僕日本人だけど日本語のことそんなにうまく説明できないよ？」
今は私のだんなさんとなった彼とはメールで知り合い、ひょんなことで付き合うようになってから１ヶ月もしないうちにあれよあれよと私たちは結婚する〇心をしました。",決,"決:decide;fix;agree upon;appoint",Guess the hidden Kanji,Text
"ヘリコプターはとても役に立つので、いつかは車や〇車に取って代わるかもしれません。
駅に着いたとき、〇車はちょうど出発しようとするところでした。
私たちは駅まで急いでいったが、結局は〇車に乗り遅れた。",汽,"汽:vapor;steam",Guess the hidden Kanji,Text
"彼らはその船は海岸から１０ｋｍ〇合いに居ると報告した。
数艘のヨットが、はるか〇合を並んで航行していた。
そのクジラは和歌山の〇合いで発見されました。",沖,"沖:open sea;offing;rise high into sky",Guess the hidden Kanji,Text
"「『菜種〇』って『アブラナ』から採れるんだよね？」「たぶん」「じゃぁ、『アブラナ』と『菜の花』って、一緒なんだっけ？」「一緒なんじゃない？」
鍋にごま〇を中火で熱し、にんにく、鶏肉を入れて炒め、色が変わったら中華スープと白菜を入れて煮る。
アメリカは戦争をする時は「石〇のため」というような明け透けなことは口が裂けても言えない。",油,"油:oil;fat",Guess the hidden Kanji,Text
"政〇は何だって私たちを分割したいのかしら。私たちは、誰がよい人で誰が悪い人か知っているのに。
政〇学とは、誰が、いかにして、何を、何時そして何故、手に入れるかについての学問である。
時々、政〇家の一人がテレビの討論会に出て傍聴者の意見を押さえつけようとする場面をみる。",治,"治:reign;be at peace;calm down;subdue;quell;govt;cure;heal;rule;conserve",Guess the hidden Kanji,Text
"科学者は、正しい質問を問いかける方〇と、答えが、「かもしれない」ではなく、事実上、明確なイエスかノーになるほど明確にその質問を述べる方〇を知っていなければならなかったのである。
アメリカの方〇はしばしばうまくいっていますが、識字率の世界一高い人々を育てている日本の教育制度は、紛れもなくアメリカに教えてくれる面があります。
ストレスを解消するための方〇は男性と女性とでは異なる。男性が使う主な手段は飲酒であるが、女性は雑談によってストレスを処理している。",法,"法:method;law;rule;principle;model;system",Guess the hidden Kanji,Text
"戦争は地震や津〇といった災害とは違う。それは前触れもなくやって来たりはしない。
夫との間に〇風が立つのが恐くて、愛人の存在は知らない振りをしています。
日本のいわゆるバブル経済崩壊により、国際市場にまで衝撃〇が及んだ。",波,"波:waves;billows;Poland",Guess the hidden Kanji,Text
"お母さん狐は、心配しながら、坊やの狐の帰ってくるのを、今か今かとふるえながら待っていましたので、坊やが来ると、暖かい胸に抱きしめて〇きたいほどよろこびました。
うさちゃんはしくしくと〇きながら「あたちのこと食べちゃうの？」と聞きました。キツネは「まさか？俺、ベジタリアンなんだぜ」と答えました。
あそこの校舎にある使用禁止のトイレ、夜中になると女の子のすすり〇く声が聞こえてくるんだって。",泣,"泣:cry;weep;moan",Guess the hidden Kanji,Text
"「あっ。あたし生卵！」「一個でいいですか？」「うん。足りなくなったらまた〇ぎ足すから」
２０以上の〇文につきましては、見積りより１０％引きの特別価格でご提供します。
コーヒーメーカー（２５—Ａ）一台を〇文します。貴社の〇文書を同封しました。",注,"注:pour;irrigate;shed (tears);flow into;concentrate on;notes;comment;annotate",Guess the hidden Kanji,Text
"ペンギンって、陸上ではヨチヨチのイメージだけど、水の中ではスイスイとカッコよく〇ぐんだね。
あなたが彼と一緒に行こうが家に残っていようが、彼は〇ぎに行くだろう。
もしメアリーが〇ぎ方を知っていたら、海辺に行く回数が増えるだろう。",泳,"泳:swim",Guess the hidden Kanji,Text
"しかし大〇を越え、新たな、ロマンティックな響きのある国に行って、まさしく以前と同じ状態になることなど彼女は思ってもいなかった。
「そのスーツいいね」「ありがとう。母さんが縫ってくれのよ」「母さんやるね」「うん。〇裁の先生してたからね」
今日のお通しは、蒲鉾を〇風にアレンジした生春巻きです。何も付けずそのままでお召し上がりください。",洋,"洋:ocean;sea;foreign;Western style",Guess the hidden Kanji,Text
"好むと好まざるとにかかわらず、コンピューターが、われわれの生〇の中で重要な役割を果たしていることは確かである。
それが君の生〇をよくするのに役立つなら、いくら早くとりかかっても早すぎることはないよ。
「滞在の目的はなんですか？」「ギバン村でのボランティア〇動に参加するためです」",活,"活:lively;resuscitation;being helped;living",Guess the hidden Kanji,Text
"さらに、お年寄りが互いに交〇し、アメリカの生活の中で何時までも積極的に参加していられるように、多くの団体が結成されている。
その年の〇行語はデジタルで、例えばデジタル時計、デジタルマイクロウエーブオーブンとか、デジタルペンであった。
「もう俺たちの邪魔をしないなら、今までのことは水に〇してやってもいいけど？」「やけに寛大なんだな・・・」",流,"流:current;a sink;flow;forfeit",Guess the hidden Kanji,Text
"言語は広く〇く勉強したいですか？狭く深く勉強したいですか？それとも…？
彼は何も考えずに行動するような、そんな〇はかな人ではありません。
〇田彰の『構造と力―記号論を超えて』を読んだことがありますか？",浅,"浅:shallow;superficial;frivolous;wretched;shameful",Guess the hidden Kanji,Text
"〇洋中の山、それに山脈までが現在も発見され続けており、そのほとんどはまだ詳しく調べられてはいない。
バルコニーに出てやっとチラっと〇が見える。こんな部屋をオーシャンビューと謳っていいのだろうか？
ロッククライミングも、〇で深く潜ることもしたし、インドネシアの熱帯雨林で眠ったこともある。",海,"海:sea;ocean",Guess the hidden Kanji,Text
"「そのとおり」私は、シャワーを〇びている時に石鹸が目に入るとヒステリー状態になる男のように、娘のこの話に身震いしながら言った。
だが、徐々に生活水準が高まるようになるにつれて、ますます大勢の人が我が家に〇室を持つようになった。
これだけ悪口雑言を〇びせられれば、後は怖いものなどありゃしない。かえってすっきりするよ。",浴,"浴:bathe;be favored with;bask in",Guess the hidden Kanji,Text
"花火のフィナーレを飾った「しだれ柳」は、夜空に華やかに舞い上がり、緩やかな弧を描きながらゆっくりと垂れ下がって、やがてその可憐な姿を〇していった。
組織犯罪の秘密結社「マフィア」のしきたりでは、その働きを洩らすものは、だれでもかならず〇されることになっている。
私はうかつにもあなたのアドレスを〇してしまって、ニュージーランドのラッセルに教えてもらうハメになった。",消,"消:extinguish;blow out;turn off;neutralize;cancel",Guess the hidden Kanji,Text
"ふと見ると、川の中に人がいて、何かやっています。ごんは、見つからないように、そうっと草の〇いところへ歩きよって、そこからじっとのぞいて見ました。「兵十だな。」と、ごんは思いました。
トムはその件のことはすっかり忘れたように見えるかもしれないが、心の奥底ではまだ〇く傷ついている。
タトエバに最も〇刻な損害をもたらす行為は、正しい訳のついている正しい文に変更を加えることである。",深,"深:deep;heighten;intensify;strengthen",Guess the hidden Kanji,Text
"酪農家にとって、朝夕に乳を搾るとともに、いつも牛舎を〇潔に掃除し、糞尿を処理することも大切な仕事です。
罪を赦された者、〇い者として見做して下さって、天国への道を歩めるようにして下さるのです。
金が物言う、世知辛いこのご時世に、彼の生き方は一服の〇涼剤だね。",清,"清:pure;purify;cleanse;exorcise;Manchu dynasty",Guess the hidden Kanji,Text
"電子レンジにキッチンタイマー機能を付けたら便利だと思う。まあ〇めるつもりがタイマーにしてしまって、冷たくてびっくりとかありそうだが。
「その話の結末はハッピー・エンドですか」「まあ、とにかく、心〇まる結末ではありました」
わたしにとって、手をつないで道を行く老夫婦ほど心〇まるものはない。",温,"温:warm",Guess the hidden Kanji,Text
"オルリー空〇の日曜日、親たちが飛行機の飛び立つのを見せに子どもたちを連れてくる。
空〇まで行く電車が止まっているみたいなのですが、どうしたらいいのでしょうか？
マネージャーは、私が彼と一緒に空〇に行ってはどうかと言い出した。",港,"港:harbor",Guess the hidden Kanji,Text
"その〇は自然のものではなく人工によって造られたものである。
明日私たちと山中〇へドライブに行くのはいかがですか。
この〇についての不思議な伝説が言い伝えられている。",湖,"湖:lake",Guess the hidden Kanji,Text
"試合時には、お〇の入ったタンクの中に入れて冷えないようにして、売り子によって販売された。
グラスに熱〇を入れると割れる恐れがあるので、入れないでください。
シャワーの後、トムは〇気で曇った鏡を拭いて、ひげを剃った。",湯,"湯:hot water;bath;hot spring",Guess the hidden Kanji,Text
"田舎では草も木も石も人間くさい呼吸をして四方から私に話しかけ私に取りすがるが、都会ではぎっしり詰まった〇員電車の乗客でも川原の石ころどうしのように黙ってめいめいが自分の事を考えている。
原稿用紙１枚にも〇たないメールに２時間かけるなんていうのは褒められたことではない。能力のなさを示していると言った方が当たっているだろうね。
都市の親父は、会社で８時間、それに毎朝毎夕、会社への行き帰りに〇員電車の中でさらに２時間過ごさなければならない。",満,"満:full;fullness;enough;satisfy",Guess the hidden Kanji,Text
"電車の中で目の前におっぱいが見えても触ってはいけません。触ると痴〇として通報され，逮捕されるからです。
〇字を書くときは点やはらいに気をつけて、なるべく早くていねいに書きましょう。
手書きする機会が減って、こんなカンタンな〇字すら書けなくなってる。",漢,"漢:Sino-;China",Guess the hidden Kanji,Text
"風を感じながら、僕は記憶を〇り、君のことを思い出そうとする。
海水魚の〇業の一環として、稚魚が育てられている。
〇師は釣り上げた魚の大きさをおおげさにいった。",漁,"漁:fishing;fishery",Guess the hidden Kanji,Text
"ええ。でも北海道より新〇のほうがもっと降りますよ。
有明海は日本のもっとも広い干〇の一つです。
新〇県の県庁所在地は新〇市です。",潟,"潟:lagoon",Guess the hidden Kanji,Text
"「誰がこんな所に蚊取り線香置いたの？」「僕だよ」「カーテンの側に置いたらダメだよ。カーテンが風になびいて、〇が移ったら〇事になっちゃうよ」
乾燥機を動かす前には、フィルターの掃除を確実に行ってください。さもないと〇災を招く可能性があります。
消防士たちはその工業プラントにおける〇災を鎮〇させることができなかった。",火,"火:fire",Guess the hidden Kanji,Text
"子供の狐は、町の〇を目あてに、雪あかりの野原をよちよちやって行きました。始めのうちは一つきりだった〇が二つになり三つになり、はては十にもふえました。
「……追われているわけでもないんだな」 　そう呟いた途端、角の家の門〇がすっと消えた。 　雨はますます激しくなってきた……。
その日、朝から降り出した雨は町に〇りがつく頃ふとやみそうだったが、夜になると急にまた土砂降りになった。",灯,"灯:lamp;a light;light;counter for lights",Guess the hidden Kanji,Text
"「お水を一つもらえますか？」「水？それとも〇酸水？」
「お水を1本ください」「普通の？それとも〇酸入り？」
私は中国人が石〇を燃やしているのを見て驚いた。",炭,"炭:charcoal;coal",Guess the hidden Kanji,Text
"「テストどうだった？」「やばいよ。0〇かも」「は、まじで？」「テストあるの忘れててノー勉で受けたもん」
どの官庁もお役所主義にはまり込まないで、仕事のスピードアップをはかるという〇において問題があるようだ。
不運にもALSにかかってしまったことは別として、私は、他のほとんどすべての〇で幸運であった。",点,"点:spot;point;mark;speck;decimal point",Guess the hidden Kanji,Text
"私たちの前には、長い道のりが待ち受けています。目の前の斜面は急です。目指すところに、1年ではたどりつかないかもしれない。大統領として1期を丸ごと使っても〇理かもしれない。しかしアメリカよ、私たちは絶対にたどり着きます。今夜ほどその期待を強くしたことはありません。
「おかえり。お風呂沸いてるよ」「お腹空いたから、何か先に食べたいんだけど」「〇理、何も触らないで！お風呂場へどうぞ」「おいおい。ばい菌扱いすんなよ」「仕方ないでしょ？このご時世。急いでください。あっ、お風呂から上がったら窓を開けといてね」
「今夜も、ネットゲームで遊ぼうよ」「今夜は、〇理かも......」「どうして？」「だって、クリスマスだから家族の時間だもん。僕が暇だったら、遊ぼうね」「うん。わかった」",無,"無:nothingness;none;ain't;nothing;nil;not",Guess the hidden Kanji,Text
"「今日はタトエバが過疎ってるね。天気がすごくいいせいかな」とトムが言うと、「そんなわけないじゃん」とメアリーは答えた。「天気なんて場所によって全〇違うんだよ」
ユーモアのない人生なんて、凡そ糞面白くないものだが、同時に、人生から偶〇というものを取り除いてしまえば、随分味気ないことになるだろう。
「しんどいと思うけど、今の苦しみはきっといつか報われるからね」「適当なこと言わないで！ そんなこと自分じゃ全〇思ってないくせに」",然,"然:sort of thing;so;if so;in that case;well",Guess the hidden Kanji,Text
"「ん～～・・・迎え酒でもしようかしら」「ちょっとやめてよ。ほら、今朝は〇き魚を作ったから。これだったら食べられるでしょ」
すき〇きをごちそうになって、一晩泊めてもらったうえに、朝めしまで食べてきたなんて、ちょっと厚かましすぎるんじゃないか。
先週はパチンコで勝った友人に〇き肉をごちそうになりました。食べ放題でたらふく食べました。",焼,"焼:bake;burning",Guess the hidden Kanji,Text
"日が〇っていたから外に洗濯物を干したのに、干した途端に雨が降ってくるってどういうこと！？
その場に居合わせた者は皆、かすかな後光に〇らされる学部長に視線を向けた。
目を開けば、薄暗い〇明に〇らされた、コンクリート剥き出しの壁面が見える。",照,"照:illuminate;shine;compare;bashful",Guess the hidden Kanji,Text
"このように効率が悪いのは、〇の体が大きく、足が太いからである。このため、歩くと体が横に揺れるのだ。
弟は森に入るやいなや、川をみつけて渡った。向こう岸には雌〇がいて、ぐっすり眠っていた。
森にハイキングに行く前に、〇に遭った時どうしたらいいか調べておきなさい。",熊,"熊:bear",Guess the hidden Kanji,Text
"「トムはなんで来てないの？」「なんかコンピューターウイルスに感染したんだって」「は、トムが？」「うん、〇出して寝込んでるらしい」「意味分かんないんだけど」「私も」
我こそは汝が父の亡靈なれ。只眞夜中の若千時のみ、閻浮にさまよふ許あれども、娑婆にて犯しゝ罪業の燒き淨めらるゝそれまでは、焦〇地獄の餓鬼の苦しみ。
月曜日からインフルエンザにかかってました。今は〇も下がったのですが、まだちょっと本調子ではありません。",熱,"熱:heat;temperature;fever;mania;passion",Guess the hidden Kanji,Text
"お〇さん、縁がギザギザの十円集めてるんでしょ？おじいちゃんが僕にくれたんだけど、これ、お〇さんにあげようか？
「お〇さん、プレゼントもらってすごい嬉しそうだったね」「うん、喜んでもらえてほんとに良かったね！」
お〇さん、カンニングしたトム、連れてきたよ。あとは、煮るなり焼くなり好きにしてください。",父,"父:father",Guess the hidden Kanji,Text
"冷たい〇乳は好きだけど、温めた〇乳はあまり好きじゃない。あの白い膜と匂いが苦手なんだ。
大きくなりたいんだったら、〇乳をたくさん飲まなければならないよ。
〇乳はバター、チーズ、その他いろいろな物にすることができる。",牛,"牛:cow",Guess the hidden Kanji,Text
"カフェで〇師のグレッグさんは「何を読んでいますか」と尋ねました。 ヴィクトーロさんは「エスペラントの本の『Tra Lando de Indianoj』を読んでいます」と言いました。舞台はブラジルです。
放〇できる駱駝や驢馬と違って飼育が難しく一般家庭で飼うことの少ない高級な家畜でした。
マーテイン・ルーサー・キング・ジュニアは、黒人〇師を父として生まれた。",牧,"牧:breed;care for;shepherd;feed;pasture",Guess the hidden Kanji,Text
"買い〇に行ったら、チーズが目に入って、買おうか？どうしようか？迷ったんだけど、「原産国名：ドイツ」って書いてあるの見て、買っちゃった。今晩は、チーズフォンデュにしよう。
その伝達の方法には、カタログはもちろんであるが、手紙、雑誌や新聞による広告、ラジオやテレビのコマーシャル、電話による買い〇なども含めることが出来る。
「どのような〇件をお探しですか？もしよろしければお伺いしますが」「WiFi付きがないかなと思って」「それでしたら、こちらなどいかがでしょう？」",物,"物:thing;object;matter",Guess the hidden Kanji,Text
"生まれながらの紳士を〇徴づけるのは、何を身につけているかということよりも、むしろどのようにそれを身につけているかということである。
「ただいま」「おかえり」「今日のおやつは何？」「今日はね、お母さん〇製のマフィンよ」「やったぁ。手洗ってこよっと」
霊はこの世のどこにもいらっしゃいます。この学園はお社の跡地に作られていますので、〇にお集まりになる傾向があります。",特,"特:special",Guess the hidden Kanji,Text
"私が〇と散歩しているのではなくて、〇が私をつれて散歩しているのだ。
私は〇の方が猫より好きです。なぜなら前者の方が後者より忠実だからです。
あなたは病〇に噛まれたら、破傷風の予防注射が必要となってしまいます。",犬,"犬:dog",Guess the hidden Kanji,Text
"俗説で「〇レタスを4分の1程度食べると眠くなる」と言われ、韓国では仕事前のドライバーが食べてはいけない食べ物として知られている。
トムは運動もできるし優しいしルックスもまずまず。ただね、マザコンというのが〇に瑕なんだよね。
フレッドには忍耐心というものがまるでないから、彼のカンシャク〇を破裂させるのはわけもない。",玉,"玉:jewel;ball",Guess the hidden Kanji,Text
"ダビデ、サウルに言ひけるは我は誰ぞ我が命はなんぞ我が父の家はイスラエルに於いて何なる者ぞや我いかでか〇の婿となるべかんと。
国〇はいつも自分を褒めるおべっか使いにうんざりしていたので彼らを遠くへ飛ばした。
今度のマリオは海底に沈んだ古代〇国の謎を解き明かす海洋アドベンチャーだ。",王,"王:king;rule;magnate",Guess the hidden Kanji,Text
"たとえば、ワールドシリーズやスーパーボウルを我が家の今で見られるので、それらの試合を見に〇場まで出かける必要はない。
ダックスフント・ソーセージは、最初ニューヨークで大人気になった。とりわけ野〇の試合の時である。
私たちが映画で見たものとよく似たエイリアンが、地〇を訪れたことがある可能性は少ないと思う。",球,"球:ball;sphere",Guess the hidden Kanji,Text
"歴史は量子物〇学のようなもので、観測者が観測した事象に影響してしまう。ケネディ暗殺は粒子だろうか、それとも波動だろうか？
ワニは暑い天候ではオスの子供しか生まないので、子供を産むメスがいなくなるという〇由で、これもまた絶滅するかもしれない。
それは、顧客関係管〇、サプライチェーン管〇、および資産管〇などのアプリケーションを提供した。",理,"理:logic;arrangement;reason;justice;truth",Guess the hidden Kanji,Text
"「これね、カチョカヴァロって言うんだけど、焼いてたべると美味しいんだって」「えっ？チュパカブラ？」「ちゃいます。それは、南米の未確認〇物。これはチーズ！」
「俺なんか〇きてたって地球温暖化にしか貢献できないんだ」「そんな悲しいこと言わないで。トムは私を幸せにしてくれる。それが無意味だって言うの？」
もし〇命の権利というものがあるなら、死についての権利もあることになる。そうでなければ〇命の権利は権利ではなく義務になってしまうだろう。",生,"生:life;genuine;birth",Guess the hidden Kanji,Text
"「情報スーパーハイウェイ」の真のインパクトは、情報インフラの構築により経済が従来のハードやモノづくり中心の実体経済から知識、情報、ソフトを主体とした経済に移行し、そこから生まれる新しい〇業や経済活動にある。
買い物に行ったら、チーズが目に入って、買おうか？どうしようか？迷ったんだけど、「原〇国名：ドイツ」って書いてあるの見て、買っちゃった。今晩は、チーズフォンデュにしよう。
２日目、ショット、パットともに冴えわたった宮里は７バーディ・ノーボギーの６５。通〇９アンダーでトップに立った。",産,"産:products;bear;give birth;yield;childbirth;native;property",Guess the hidden Kanji,Text
"Ｍａｒｋ／Ｓｐａｃｅは７月１８日、Ｍａｃ　ＯＳ Ｘ〇シンクロソフト、Ｍｉｓｓｉｎｇ　Ｓｙｎｃ　ｆｏｒ　Ｗｉｎｄｏｗｓ　Ｍｏｂｉｌｅのアップデート版をリリースした。
「あの」「わしになんか〇かい？」「この柿、ひとつもらってもいいですか？」「ええよ。１つないと２つないと好きなだけ持っていきな」
う～ん、わからんか。まあこれはあまり簡単な問題ばかりだったら失礼だから、君〇に出しただけだから。余裕があったら覚えといて。",用,"用:utilize;business;service;use;employ",Guess the hidden Kanji,Text
"私たちの飛行機は２時間遅れて成〇を発ちましたので、香港での飛行機の便に乗れませんでした。
うちのお父さん、「秋〇に行くのはもう飽きたか？」とか、寒いギャグばっかり言ってるの。
東京で地図持ってきょろきょろしながら歩いたら、〇舎者だと思われちゃうんだろうね。",田,"田:rice field;rice paddy",Guess the hidden Kanji,Text
"私たちは何をなしたのかを知ることはできても、それを変えることはできない。そして未来は変えることができるが、なにをなし得るかについては知る〇もない。
人に自分の勧告が理〇のあるものであり、賢明であることを説得するためには、理〇を挙げ、知られた例や大家を引用しなければならない。
この頃、親たちは子供たちを以前よりもっと大人として扱い、子供には自分で人生上の選択をする自〇が今まで以上に与えられている。",由,"由:wherefore;a reason",Guess the hidden Kanji,Text
"２月２７日の約束についてですが、〇し訳ありませんが、私の出張スケジュールが変更になったため、その日にお会いすることができなくなりました。
アメリカでは大学への〇込の手続きの一つに「なぜＸ大学に行きたいのか」ということに関してエッセイを書くというのがあります。
彼女はそれまでニューヨークを見学したことがなかったので、彼女に案内して回りましょうと〇し出た。",申,"申:have the honor to;sign of the monkey;3-5PM;ninth sign of Chinese zodiac",Guess the hidden Kanji,Text
"医者は、そのひん死の〇は、数時間前に普通なら死んでしまっているところだといっているが、その〇は、いぜん、死に挑んでいる。
この世で〇にとって最良のことは良妻を選ぶことであり、最悪のことは選び損なって悪妻を持つことである。
向かいの保育園から、保育士だろう〇の声で「ガオー、食べちゃうぞ！」というのが聞こえて来る。",男,"男:male",Guess the hidden Kanji,Text
"もし建物の取り壊しが無制限に行われるなら、美しい〇が単なるコンクリート・ジャングルになる危険があるのである。
トムのひいひいじいちゃんは、メアリーのひいひいばあちゃんと同じ〇で育ちました。
今度あなたの〇を訪れるときにはあなたにお会いするのを楽しみにしています。",町,"町:town;village;block;street",Guess the hidden Kanji,Text
"「なんかホラー映〇が観たいな」「ホラー映〇はちょっと......」「じゃぁ、なんならいいの？」「ジブリがいい」「えっ」
上司は私が提案した企〇をいきなりボツにしてしまった。こうなるといつまでここで働いていたものかどうか確信がもてない。
サムネイルとは、大まかな〇像のイメージを把握するために、小さく表示される〇像です。",画,"画:brush-stroke;picture",Guess the hidden Kanji,Text
"その答えを知るためにあなたは地〇の周りの磁場について少し知らなければなりません。
国際人になりたいと思うかもしれませんが、私たちには、誰だって限〇があります。
体力の限〇だったのだろうか、ランナーはゴールと同時にその場にへたり込んだ。",界,"界:world;boundary",Guess the hidden Kanji,Text
"見渡す限り、トウモロコシ〇以外何も見えなかった。
それぞれの〇はどのくらいの小麦を産出しますか。
目の届く限り、麦〇以外は何も見えなかった。",畑,"畑:farm;field;garden;one's specialty;(kokuji)",Guess the hidden Kanji,Text
"６００００キリリクイラスト：キリ〇を踏んだBeikyuさんのサイト「小さなカエデの木のそばで」のイメージイラストを描いてほしいというリクエストを頂きました。
僕の一〇の夢は、先生になること。お金持ちになりたいわけじゃないよ。ただ、愛する人にはいい暮らしをさせてあげたいなぁ。それって、虫が良すぎ？
鍵のいらない暗証タイプには、お好きな〇号を設定できるフリーダイヤル式と、あらかじめ〇号が設定済みの固定式とがあります。",番,"番:turn;number in a series",Guess the hidden Kanji,Text
"私がインドから戻ってからというもの、どういうわけか人々が私をまるで疫〇であるかのように避けている。
彼女の顔、あんなに腫れていたのにおたふくかぜじゃないんだって。なんか原因不明の伝染〇らしいよ。
日本では心臓〇を患う人が多いようですが、リビアでも心筋梗塞になる人が最近とても増えています。",病,"病:ill;sick",Guess the hidden Kanji,Text
"しかしながら、未知の外国語を聞くとき、我々は異なる単語を聞き分けることができず、〇言をほとんど休止のない音の連続であると認識します。
遅延便については、オリジナルの出〇日に基づくシーズナリティを適用するため、マイル差額の払い戻しはいたしません。
中古の車を買おうと思ってたけど、今はそれなりに稼いでるから、奮〇して新車を買うことにしたんだ。",発,"発:departure;discharge;publish;emit;start from;disclose;counter for gunshots",Guess the hidden Kanji,Text
"「どうして今日は〇りに行かなかったの？」「今日は雨が降っていたので、〇山には行きませんでした」
人間はこれまでに最も高い山々に〇ったこともあるし、海底を歩いたこともある。
Tatoebaに名前を〇録しようとした時、既に〇録されていてできなかった。",登,"登:ascend;climb up",Guess the hidden Kanji,Text
"私は、かっこよく違った格好をするためには、ハワイのＴシャツを着て緑のショートパンツをはくのが好きでしたが、すぐに〇いシャツと黒のズボンを身につけるのに慣れました。
僕は、黄色い粉末を〇い粉末と混ぜて茶色の粉末にしたり、結晶を粉末と混ぜてほこりにしたり、液体を固体と結合させて、泥を作ったりなどあれこれやってみたのだ。
「よその国の言葉の細かな言い回しって知らないから、友達に聞きながら覚えてるんだよね」「そうよね。難しいけど、面〇い面もあるよね」",白,"白:white",Guess the hidden Kanji,Text
"その程度のことは〇も承知だったから、私は少しも驚かなかった。
トムは〇戦錬磨の兵だよ？誰に何と言われようが、ぶれないよ。
この辞書は、第３巻が今欠けていますが、〇ドルでした。",百,"百:hundred",Guess the hidden Kanji,Text
"アマゾンのジャングルやニューギニア島には、いわゆる原始〇な文化があり、ヨーロッパやアジアやアフリカにはいわゆる進歩した文化がある。しかし、このいずれの文化の言語も同じように進歩しており、複雑なのである。
大問題といえば、今太っているという事じゃなくて、30キロ軽かった時と同じ調子、基本〇に同じ速さで全てのことをこなしてることなんです。それが、この体に大きなストレスとしてのしかかってるんです。
経済とか哲学とかのような抽象〇なテーマについて話したりするのは僕にはいつまでたってもむずかしいよ。だって、そういう話はあまり使ったり聞いたりしたことのないような用語がたくさんあるんだもの。",的,"的:bull's eye;mark;target;object;adjective ending",Guess the hidden Kanji,Text
"その賞賛は〇肉の変装したものであることに彼は気がつかなかった。
夜泥棒がアパートに押し入り、妻の毛〇のコートをぬすんでいった。
パリパリの〇にかぶりつくと肉汁がジュワジュワもれてくる。",皮,"皮:pelt;skin;hide;leather;skin radical (no. 107)",Guess the hidden Kanji,Text
"スーザンは何も食べないで、お〇の上はほとんど残っているよ。
トムはいつもシンクに汚れたお〇を置きっぱなしにするんだよ。
トムはお〇に盛り付けられた料理のすべてを食べなかった。",皿,"皿:dish;a helping;plate",Guess the hidden Kanji,Text
"あなたがこれらの事をしたのを、わたしが黙っていたので、あなたはわたしを全く自分とひとしい者と思った。しかしわたしはあなたを責め、あなたの〇の前にその罪をならべる。「詩篇５０：２１」
我々は、自分がしていることが何であろうとそれに〇的を与えてくれるような〇標あるいは指導的な思想を、今までのいかなる時代にまして、必要としている。
マタイとマルコ、ルカ、ヨハネ の言ったことを信じる。もし僕が交通事故にあったとしても，非常に幸運だ。〇撃者が彼らなら。",目,"目:eye;class;look;insight;experience;care;favor",Guess the hidden Kanji,Text
"「〇る見込みは？」「システム開発チームのシュバイシェン博士が現在闘病中のため、もう暫くはかかるかと・・・」
僕と妻は喧嘩したり、仲〇りしたり、喧嘩したり、また仲〇りしたり、だんだん良い夫婦になってきた。
ブルースは、ガールフレンドが彼のもとを去ったとき、非常に動揺したが〇にたち〇った。",直,"直:straightaway;honesty;frankness;fix;repair",Guess the hidden Kanji,Text
"私ね、結婚する前は「田中」っていう名字で「田中慶子」だったんだけど、結婚した〇手が「小池」っていう名前でさぁ、気づいたら上から読んでも下から読んでも同じ名前になってた。
基本的なことが分かっていない人間が多いようだが，このゲームは騙し合いのゲームだ。より多く〇手を騙してマネーを獲得した人間だけが，外に生きて帰れる。
人間はね、〇手が狐だと解ると、手袋を売ってくれないんだよ、それどころか、掴まえて檻の中へ入れちゃうんだよ、人間ってほんとに恐いものなんだよ。",相,"相:inter-;mutual;together;each other;minister of state;councillor;aspect;phase;physiognomy",Guess the hidden Kanji,Text
"これもわたしの場合ですが、面とむかって顔と顔を合わせて話す場合には、主語や助詞など〇略していることが多いですね。
時間が短いので、プログラムからスピーチの一部を〇かなければならない。
彼らは自身が犯した罪に対する反〇はなく、次々と悪事を重ねています。",省,"省:government ministry;conserve;omit",Guess the hidden Kanji,Text
"青森〇の経済はリンゴの栽培に大きく依存している。
６つの先端技術の会社がその〇に支社を設立した。
ここの地理的特徴は私達の〇のそれと似ている。",県,"県:prefecture",Guess the hidden Kanji,Text
"「〇理ちゃん、このキャラメルあげる」「ありがとう。後で食べてもいい？」「もちろん。じゃぁ、ポケットにしまっとく？」「うん」
「良い船長というのは、常に〇っ先に船をおりるものさ」と、トムは言う。「だって生きている船長だけが良い船長なのだから」
愛は百人を愛すれば百分されるような量的なものではない。甲を愛しているから、乙を愛されないというのは〇の愛ではない。",真,"真:true;reality;Buddhist sect",Guess the hidden Kanji,Text
"その、ベッドの側に、合成アルミニュームのロボットが人体と——肌と、同じように巧妙に塗料を施されたゴムを密〇して、裸体のまま突立っていた。
あなたからご連絡がないので、１月１０日付であなた宛に出した電子メールは〇いたのだろうかと思っています。
何はともあれ、小沢は〇ていたレインコートをあわてて脱いだ。 そして、娘の裸の体へぱっと〇せてやった。",着,"着:don;arrive;wear;counter for suits of clothing",Guess the hidden Kanji,Text
"私が返事をしようとした〇先に、彼が口を出してきた。
トムの贅沢三昧な暮らしぶりが、〇面に立った。
彼はその兵士をねらって〇を放った。",矢,"矢:dart;arrow",Guess the hidden Kanji,Text
"これから先、挫折もあればフライングもあるでしょう。私がこれから大統領として下す全ての決定やすべての政策に賛成できない人は、たくさんいるでしょう。そして政府がすべての問題を解決できるわけではないと、私たちは承〇しています。
「プリャーニクって〇ってる？ ロシアのお菓子なんだけど」「あ、〇ってるかも。蜂蜜が入ったクッキーみたいなやつ？」「そうそうそうそう！」
この女の子、まだ小学生なのに利き酒師の資格を持っているんだってさ。お酒が飲めなくても資格が取れるなんて〇らなかったよ。",知,"知:know;wisdom",Guess the hidden Kanji,Text
"彼女はこの作家の熱心なファンのようだ。〇編を寄せているだけのアンソロジーもきちんと揃えている。
こんなことを言いながら、気の〇いおじいさんは下駄を突っかけて、そそくさと出て行ってしまった。
コートを探してます。背が低いので、丈は〇めで、なるべくすっきりしたデザインのものを。",短,"短:short;brevity;fault;defect;weak point",Guess the hidden Kanji,Text
"〇油が底をついてなくなる前に新しい形態のエネルギーを開発しなければならない。
私たちがハトの頭に磁〇を取り付けるとハトはどんな反応をするのでしょうか。
彼は誰の言うことも聞こうとしない。〇像にでも話し掛けるほうがましだ。",石,"石:stone",Guess the hidden Kanji,Text
"熊は〇の下にいる、肥った虫をさがして、石という石をひっくりかえした。
いくらやってみてもあの〇まで泳ぐことはできない。
私たちはその〇を懸命に押してみたがむだだった。",岩,"岩:boulder;rock;cliff",Guess the hidden Kanji,Text
"新人〇修としてこのゲームはまだ続いている。
無洗米でもつい〇いでしまう。
彼はナイフを〇いでいました。",研,"研:polish;study of;sharpen",Guess the hidden Kanji,Text
"私の方が認識不足だったかもしれません。あゆみさんに失〇なことを言ってしまった上の文は、撤回します。
「あの、失〇ですが、カナダの方ですか？」「はい、そうですけど、どうしてお分かりになったんですか？」
私たちはまず、あなたの義理のお兄さんに手紙を書いて、もてなしていただいたお〇を言うべきでしょう。",礼,"礼:salute;bow;ceremony;thanks;remuneration",Guess the hidden Kanji,Text
"ですから私たちは、〇員が現金ではなく、エレクトロニクスによる振替でお金を受け取るよう、説得に努めているのです。
スティーブ・ジョブズが嫌いなのではなく，アップル〇が嫌いなのだ。実際，ぼくはピクサーは好きだよ。
苛酷な価格競争の中で、Ａ〇は我々をけしかけてＢ〇と戦わせて漁夫の利を得ようとしている。",社,"社:company;firm;office;association;shrine",Guess the hidden Kanji,Text
"でも次の日、医者は彼に新年のお〇いには間に合うように退院できる可能性は十分あると言って、元気づけた。
有難くも、10000hit越えのお〇いイラストを頂いてしまいました！本当にかたじけないです。
「なんて言ってるの？」「〇詞も知らないのか？」「〇詞？」「神道の呪文のようなもん」",祝,"祝:celebrate;congratulate",Guess the hidden Kanji,Text
"私の聞いたところによれば、英語は金を稼ぐために、フランス語は愛を交わすために、スペイン語は〇に祈るために必要だという。
誰かがペンとかクリップのことで〇経質になってきたら、それは気が触れ出したという立派な前触れである。
余は〇にはスペイン語で、ご婦人にはイタリア語で、男にはフランス語で、馬にはドイツ語で話しかける。",神,"神:gods;mind;soul",Guess the hidden Kanji,Text
"また、まだ私が支持を獲得していないアメリカ人に言いたい、今夜はあなたがたの〇を得られなかったが、あなたがたの声も聞いていく。
今夜私の頭にあったうちの一つは、アトランタで投〇した一人の女性のことです。
アメリカではほとんどの人は１８才になると投〇することができます。",票,"票:ballot;label;ticket;sign",Guess the hidden Kanji,Text
"ヨハネの証言はこうである。ユダヤ人達が〇司とレビ人をエルサレムからヨハネのもとに遣わして、あなたは誰ですかと尋ねさせた。
七夕〇りは、星〇とも呼ばれ、天の川に隔てられた恋人同士である星が、年に1回会えるとされる7月7日に行われます。
冬のお〇りで、ベスは踊りが一番すばらしかったので賞をもらいました。",祭,"祭:ritual;offer prayers;celebrate;deify;enshrine;worship",Guess the hidden Kanji,Text
"例えば、中国の公共交通は疑いようもなくイギリスのそれより優れているが、イギリスの公共〇祉は中国のそれより優れているかもしれない。
〇岡氏にお会いいただけるか、あるいは貴社の方をどなたかご紹介いただけますよう、お願いいたします。
税金から得られる金額によって政府が社会〇祉に支出する金額を左右する。",福,"福:blessing;fortune;luck;wealth",Guess the hidden Kanji,Text
"日本の安倍晋三首相は、2020年夏〇東京オリンピックを延期せざるを得ないかもしれないと発言した。
ほぼ赤道直下にあるシンガポールでは、雨〇・乾〇があまり明瞭ではない。
トムは穴のあいた、年〇が入ったTシャツを着ていた。",季,"季:seasons",Guess the hidden Kanji,Text
"〇の日のヸオロンのためいきの身にしみてひたぶるにうら悲し。
〇はもうすぐだ。そろそろ涼しくなり始めてもいいころだ。
あなたがロンドンに着く頃には晩〇となっているだろう。",秋,"秋:autumn",Guess the hidden Kanji,Text
"人が月面に着陸し、ベルリンでは壁が崩壊し、われわれの〇学と想像力によって世界はつながりました。
いくつかの情報〇学年表から重要項目を抜きだし、各項目について簡単なコメントを付けました。
あるアメリカの〇学者ウィリアム・キートンはこの謎を説くために非常に面白い実験をしました。",科,"科:department;course;section",Guess the hidden Kanji,Text
"はい。１００メートルを１２〇以内で走ることができます。
彼女は一〇たりとも口をつぐんでいることができない。
トムってさぁ、バナナ１本を３〇で食べれるんだよ。",秒,"秒:second (1/60 minute)",Guess the hidden Kanji,Text
"今の文学青年はセンチメンタルになることを怖れている。これも傷つけられるのを怖れる一〇のさもしい心のあらわれかも知れない。
かれらは風をまきて狂風をかりとらん〇ところは生長る穀物なくその穂はみのらざるべしたとひ實るとも他邦人これを呑ん
かれは今の境遇を考えて、理想が現実に触れて次第に崩れて行く一〇のさびしさと侘しさとを痛切に感じた。",種,"種:species;kind;class;variety;seed",Guess the hidden Kanji,Text
"土を手持ちで1スタック持っていれば、地下で暗闇に入ってしまったときに、ブロックを縦に〇み上げて脱出することができます。
まさかこんなに雪が〇もるとは思ってなかったからさ、雪かきやら何やらで、もう朝からてんてこまいだったんだ。
「もう、雪は降った？」「うん。とっくに降ったよ。今も１－２センチ〇もってるよ」",積,"積:volume;product (x*y);acreage;contents;pile up;stack;load;amass",Guess the hidden Kanji,Text
"われわれの宇宙はまだ生まれて間もないが、理論家たちはその最後の姿を〇明することにやっきになっている。
トムって〇極に細かいよね。",究,"究:research;study",Guess the hidden Kanji,Text
"「こちらの席は〇いていますか？」は「ここの席座ってもいいですか？」よりもさらに自然で丁寧な表現だと私は思います。
「これは海ですか、〇ですか？」「海でも〇でもありません。私の心象風景なのです」
キング牧師の家は爆弾で破壊された。しかし、それでもなお、バスは〇っぽのまま走り続けた。",空,"空:empty;sky;void;vacant;vacuum",Guess the hidden Kanji,Text
"この国の私たちは、ひとつの国として、ひとつの国民として、共に栄え、共に苦しむのです。この国の政治をあまりにも長いこと毒で満たしてきた、相変わらずの党派対〇やくだらない諍いや未熟さに再び落ちてしまわないよう、その誘惑と戦いましょう。
いずれにせよ、その隔たりは現実のものであり、実際に役に〇つものではあるのだが、同時にそれは誤解を招くおそれのあるものでもある。
さらに時間がたつとこれらの「クリオール」は独〇した言語になった：すなわち、スペイン語、フランス語、イタリア語、などである。",立,"立:stand up;rise;set up;erect",Guess the hidden Kanji,Text
"もっとも正直な男が書いた六行の文〇が私に渡されたとしよう。私はそのなかにその男を縛り首にするに足る何かを見つけるだろう。
完璧な文〇などといったものは存在しない。完璧な絶望が存在しないようにね。
みんなで頭をひねって、おもしろくてためになる文〇をたくさん作ったんだ。",章,"章:badge;chapter;composition;poem;design",Guess the hidden Kanji,Text
"多くの学〇は、少なくとも一回以上、ズル休みをしたことがあるだろう。
あなたは〇謡のレコードのセットをさがしているそうですね。
児〇たちは、もうすぐやって来る遠足を楽しみにしている。",童,"童:juvenile;child",Guess the hidden Kanji,Text
"ウェブサイトのタグラインは、その企業が何を行っていて、〇合他社とどこが違うのかがわかるようなものでなくてはならない。
元来フットボールとは、ポロのように馬に乗って行われる〇技とは違って、足で、ボールを使って行われる〇技のことでした。
ノルディックコンバインドは、スキージャンプとクロスカントリースキーの2つの〇技を組み合わせて行われる。",競,"競:bid;sell at auction;bout;contest;race;emulate;compete with",Guess the hidden Kanji,Text
"〇取物語を読んでる。だじゃれで語源を説明するのがさぶい。
除夜の爆〇は、結婚式の爆〇のようである。
ドジャースは破〇の勢いで勝ち進んだ。",竹,"竹:bamboo",Guess the hidden Kanji,Text
"「大切な人が〇っている写真が祭壇や仏壇に飾られていれば、手を合わせたときに故人の声が聞こえてくると思うんです」と彼は話す。
そのパーティーでの彼のふるまいはあまりにこっけいだったので、私は〇いをこらえることができなかった。
あの太った魔女は世界で一番綺麗であるかの如く振る舞っているのを見ると〇わなくてはいられない。",笑,"笑:laugh",Guess the hidden Kanji,Text
"捕らえられるまで、鳥には鳥捕りの〇がよい音に聞こえる。
彼は通りで女の子達が彼に口〇を吹いた時顔を赤らめた。
明け方、私たちは蒸気機関車の汽〇で目を覚ました。",笛,"笛:flute;clarinet;pipe;whistle;bagpipe;piccolo",Guess the hidden Kanji,Text
"〇一に、「国際英語」としての英語であるが、それは恐らく「標準」よりもっと簡単なものになるだろう。
これ以上ここでもたついてると、後ろの〇二関門からも増援が来て、挟撃されるかも知れねーんだぜ。
「ねぇ、〇二外国語は何にする？」「中国語かな。ドイツ語とかフランス語は難しそうだよね」",第,"第:No.;residence",Guess the hidden Kanji,Text
"できたらスケッチブックと４Ｂの鉛〇も買ってきておいてね。まだそんなに高い画材はいらないよ。
チャーチルは偉大な政治家であるばかりではなく、偉大な文〇家でもあった。
私は絵のことはよくわからないが、この〇のタッチはすごいと思う。",筆,"筆:writing brush;writing;painting brush;handwriting",Guess the hidden Kanji,Text
"旧いものを毀そうとするのは無駄な骨折だ。ほんとうに自分〇が新しくなることが出来れば、旧いものは既に毀れている。
柔らかいウールの方が粗いウールより高価で、そのどちらともナイロン製の人工繊維より上〇である。
だが、トム、エスペラントはコンピュータと同〇に人工的だというわけではないんじゃないか？",等,"等:etc.;and so forth;class (first);quality;equal;similar",Guess the hidden Kanji,Text
"「一部屋に３人で泊まっていただけますか」と彼はたずねました。「ええ、かまいませんよ」と３人の男性は〇えました。
代表的なコンピュータシステムにはどのようなものがあるのか等の素朴な質問に〇えることを目標にしている。
「トム、トムの質問の〇えになってるといいんだけどどう？」「バッチシ。ありがとう！」",答,"答:solution;answer",Guess the hidden Kanji,Text
"本のそれぞれの部は著者の人生から採られた引用―本の一〇、道端の見知らぬ人への質問、ガールフレンドの叫び―で始められている。
ああそうそう、コメント欄のバグは文字間を調〇するletter-spacingタグを使うと起こるものだったみたい。
文壇の大家ともあろう人が、まさか金銭トラブルを起こして晩〇を汚すことになろうとは思いもよらなかった。",節,"節:stanza;honor;joint;knuckle;knob;knot;tune;melody;node;season;period;occasion;verse;clause",Guess the hidden Kanji,Text
"経済学者の中には、主婦の労働は、現金に換〇すると、ＧＮＰの約２５パーセントにのぼると見積もる人もいる。
このお支払いが清〇できないご事情がおありでしたら、ご連絡ください。
その事業もやがては採〇が取れるようになるだろう。",算,"算:calculate;divining;number;abacus;probability",Guess the hidden Kanji,Text
"タイレルの調査で収集されたデータは、〇理者にとっても教育者にとっても非常に価値の高いものである。
ちなみに、魚のえらが真っ赤であるのは、肺と同じように「毛細血〇」が多く集まっているからである。
メリーゴーランドの〇理をしている男は、すべてがきちんと作動しているか確かめることに決めた。",管,"管:pipe;tube;wind instrument;drunken talk;control;jurisdiction",Guess the hidden Kanji,Text
"貯金〇って、普通ブタの形してるのに、僕のはカンガルーのような形なんだよな。どうしてなのか、未だに謎なんだ。
「この帽子は、どこに納めたらいいですか？」「あそこに丸い〇があります。その中に入れといてください」
「このカビが生えたパン、どうしよう？」「カビが生えたんだったら、ゴミ〇に捨てちゃいな」",箱,"箱:box;chest;case;bin;railway car",Guess the hidden Kanji,Text
"おかずがなくても白〇だけでおいしい、なんてことはなかった。
日本では〇が、ヨーロッパではワインが余っている。
お〇は湿気を嫌います。保管にはご注意ください。",米,"米:rice;USA;metre",Guess the hidden Kanji,Text
"縫い物をする時の〇や針は、長ければ長いほどいいというわけではありません。
針に〇を通すことができないので縫い物は好きではありません。
あの会社との取り引きは父の代から〇を引くように切れない。",糸,"糸:thread",Guess the hidden Kanji,Text
"「お電話ありがとうございます。懐石はなや、フロントマネージャーの山田でございます」「すみません、予〇をしたいんですけど」「お食事ですか？ご宿泊ですか？」「食事です。2月12日なんですけど」「かしこまりました。確認致しますので少々お待ち頂けますか」「はい」
インカ族が〇四百年前にスペイン人に征服されたとき、少数のインカ族がクスコを去ってペルーの中心部にあるマチュピチュに行った。
当店では、お弁当の予〇注文も承っております。営業時間内であればいつでもお電話ください。お待ちしております。",約,"約:promise;approximately;shrink",Guess the hidden Kanji,Text
"私の日本の〇友達は、いつも一緒にいるので、お互いに大変よく知り合うことになりました。
日本語能力試験は５つの〇に分かれる。５〇が一番易しくて、１〇が一番難しい。
私の〇友の中にはバレーボールが好きな人もいれば、テニスを楽しむ人もいる。",級,"級:class;rank;grade",Guess the hidden Kanji,Text
"小学校のときから、酸性・アルカリ性という性質をリトマス〇で調べたりしてきていますね。
ＭＹＳＴやＲＩＶＥＮででてくるような革表〇の本のようなブックカバーをつくりたい。
彼の手〇は非常に乱雑だから、私はまったく意味をとることができなかった。",紙,"紙:paper",Guess the hidden Kanji,Text
"私どもの製品についての詳〇な情報は、インターネット上のｈｔｔｐ：／／ｗｗｗ．ｊｐｇａｒｄｅｎ．ｃｏｍでご覧になれます。
他の文化では、ボールには土、穀物、〇々とした植物が、またときには金属片さえもがいっぱいに詰め込まれていたのです。
この段階を踏まえ、抑圧という概念をさらに詳〇に検証していくことになります。",細,"細:dainty;get thin;taper;slender;narrow;detailed;precise",Guess the hidden Kanji,Text
"これが原因でタイムを大きくロスしてしまい、もしかしたら、このアクシデントがなかったら、レース〇盤はもっと良くなっていただろう。
４年間は彼は最初の値段で芝を刈ってくれたが、その年の〇わりに彼はしょっちゅう手伝いを連れていることに気がついた。
会議は７月１５日（火曜日）の午後、７月１６日（水曜日）〇日、および７月１７日（木曜日）午前中に行われます。",終,"終:end;finish",Guess the hidden Kanji,Text
"先生も連休をエンジョイしたかったが、どっかの６人〇の補習やら準備やらで連休無かったぞ！
リサーチ・イン・モーションが約２千人の従業員解雇と〇織再編を発表した。
この〇織は幹部ばかりが名を連ね、果たして決断を下せるのか怪しいものだ。",組,"組:association;braid;plait;construct;assemble;unite;cooperate;grapple",Guess the hidden Kanji,Text
"「君って、〇婚してるの？」「そうよ」「えっ。もしかして子持ちとか」「そうだけど。何か？」「いや、何でもない」「っていうかさぁ『ししゃも』みたいな言い方するの止めてくれる？」
私ね、〇婚する前は「田中」っていう名字で「田中慶子」だったんだけど、〇婚した相手が「小池」っていう名前でさぁ、気づいたら上から読んでも下から読んでも同じ名前になってた。
運命の人に会えたとしても，幸せになれるとは限らない。彼なんて〇婚して子供は双子が生まれてバラ色の人生かと思った矢先に家族がみんな夜盗に殺された。",結,"結:tie;bind;contract;join;organize;do up hair;fasten",Guess the hidden Kanji,Text
"「今日さぁ、昇進したんだ」「へぇ。よかったじゃん」「それがさぁ、昇進はしたんだけどコロナの影響で昇〇がなかったんだ。責任だけが増えたって感じ？」「マジで？『奢って』って言おうと思ったけど、気の毒過ぎて言えない。ひとまず、おめでとう」「ありがとう」
日本では、学校〇食が唯一のまともな食事だという子どもが増えており、〇食が食べれなくなる夏休みになると体重が減るという子どもも少なくない。
イエス、ナタナエルの己が許に來たるを見、これを指して言ひ〇ふ「視よ、眞にイスラエル人なり、その衷に噓僞なし」。",給,"給:salary;wage;gift;allow;grant;bestow on",Guess the hidden Kanji,Text
"彼が〇が好きだからといって〇がうまいということにはならない。
彼らがそこで見つけた〇はどんなものだったのか尋ねてみる価値はある。
マネがこの〇を描くまで、女性の裸像は女神に限られていました。",絵,"絵:picture;drawing;painting;sketch",Guess the hidden Kanji,Text
"桃子は、おはじきを「一つ、二つ、三つ、四つ、五つ、六つ、七つ、八つ、九つ、十」まで数えると黙り込んでしまいました。お母さんが「十一、十二、十三」と〇けると嬉しそうに「十四、十五、十六」と数え〇けました。
何十年も鍛え〇けた強者が、ほんの一瞬の油断で弱者に倒されることがあるんですの。それが武術の世界というものですわ。
小さいころは、自分が死ねば世界は消えると思っていた。幼稚な妄想！自分はいないのに世界が〇くのは許せなかった。",続,"続:continue;series;sequel",Guess the hidden Kanji,Text
"「このバックモニターの見方が分からないんだけど。この黄色い線は何？〇の線は何？ほらまた上手くはいらなかった」「母さん、バックモニターを見ずにやってみたら」「あっ。上手く入った。ありがとう」
「いろんなリンゴ買ってきたから、食べ比べしよう。〇のが『きおう』でそのちっちゃいのが『つるが』。そっちの大きいのは『サンつるが』ね」「また、たくさん買ってきたね」
アレックスは「紙」「鍵」「コルク」のような名詞や、「赤」「〇」「黄色」のような色の名も覚えたように見えた。",緑,"緑:green",Guess the hidden Kanji,Text
"ああいう洗〇された人々の中で、自分はまったく場違いな気がした。
私が通っていた小・中学校は、毎月避難訓〇が行われていました。
上司は〇り直したスケジュールを見ると、ウンウンとうなずいた。",練,"練:practice;gloss;train;drill;polish;refine",Guess the hidden Kanji,Text
"ん～、イマイチなんだよねえ。この脚のあたりの〇とかさぁ。なんとかなんないの？
ドイツ人の放射〇に対して抱く恐怖はヒステリックなレベルに達した。
彼は愛想のいい奴だが気軽に踏み込ませない一〇を持っていた。",線,"線:line;track",Guess the hidden Kanji,Text
"なんか分からないが、一筋〇じゃいきそうにないってことだな。ううむ。
いつものことですが、今回も泥〇式の勉強でした。
今どき、〇跳びなんて誰もしてないし。",縄,"縄:straw rope;cord",Guess the hidden Kanji,Text
"私が入院しているときだったけど、おとうさんったら、もっと欲しいと言ったら、もうだめだと口ではいいながら、見えるところ手の届くところへチョコレートを〇いて、病室を出て行ったのよ。後で食べろと言わんばかりに。お父さんって、そういう人なの。
翌朝、彼女は私の耳もとに口をよせて 「あたしたち、今晩パリへ帰りますの。あたしをこんな淋しい処へ一人で〇いて〇くわけに行かないつて云ふんですのよ。それやさうね」
翌朝、彼女は私の耳もとに口をよせて 「あたしたち、今晩パリへ帰りますの。あたしをこんな淋しい処へ一人で〇いて〇くわけに行かないっていうんですのよ。それやそうね」",置,"置:placement;put;set;deposit;leave behind;keep;employ;pawn",Guess the hidden Kanji,Text
"〇飼いはいつも〇に「〇の利害と自分の利害は同じだ」と説得しようとしている。
小〇を盗んで絞首刑になるくらいなら親〇を盗んで絞首刑になるほうがましだ。
おばあちゃんのやり方を見ながら、〇毛の紡ぎ方を覚えました。",羊,"羊:sheep",Guess the hidden Kanji,Text
"「明〇さんからのこのラブレターどうする？こんなにあるけど」「捨てていいよ」「あっ、分かった。じゃぁ、一通り目を通したら捨てるね」「ぷっ。貸せっ。俺が捨てる」
ぽかんと花を眺めながら、人間も、本当によいところがある、と思った。花の〇しさを見つけたのは、人間だし、花を愛するのも人間だもの。
ß はとても〇しい文字なので、あんなに多くの単語でこれを棄てて ss と書く気にはなれないのです。",美,"美:beauty;beautiful",Guess the hidden Kanji,Text
"コンピューター市場におけるＩＢＭのシェアは〇を抜いていて、他社を全く寄せつけない。
人々はケガ人の回りに〇がっていたが、医者が事故現場に着くと道をあけた。
一面の黄色は、どう繁茂したのか見当もつかないヒマワリの〇れだ。",群,"群:flock;group;crowd;herd;swarm;cluster",Guess the hidden Kanji,Text
"そのうちの２、３〇が巣から押し出され、さらにベランダからも落ちてしまった。
その鶴は、禎子が折らなければならない千〇鶴の最初の一〇だった。
蚊が〇を上下にばたつかせると、ブーンという特有の〇音が立つ。",羽,"羽:feathers;counter for birds, rabbits",Guess the hidden Kanji,Text
"けれども、ポーラ・グレイソンのような管理職の人々は、なんとかその〇慣を変えてもらおうと、説得に努めています。
これは年来の〇慣でしょうが、わたしは自宅にいる場合、飯を食うときのほかは机の前を離れたことは殆どありません。
あいにく、日本人の友達にドイツ語を〇ってる人はいないんだけど、ロシア語を〇ってる人なら一人いるよ。",習,"習:learn",Guess the hidden Kanji,Text
"少年少女と呼ぶべき年齢の者から、近く大往生を遂げるのではないかという〇齢の者の姿まである。
しかし貴方は分からない。〇いを感じることがどういうことなのか理解できる者は誰もいない。
その〇婦人は回復しつつあり、病院から派遣された看護婦によって充分な介護を受けている。",老,"老:old man;old age;grow old",Guess the hidden Kanji,Text
"私たちは人をその人の人格を基に判断しようと〇えるかもしれないが、それらは一見したところでははっきりわからないものである。
男性が女性よりすぐれているとか、女性が男性よりすぐれているとか〇えるのは、愚かであるばかりでなく、こっけいなことである。
経営陣は果たして本気で我々のボーナスについて〇えようとしているのか、それとも単に口先だけだったのだろうか。",考,"考:consider;think over",Guess the hidden Kanji,Text
"祇園精舎の鐘の聲、諸行無常の響あり。沙羅雙樹の花の色、盛〇必衰の理をあらはす。驕れる人も久しからず、唯春の夜の夢の如し。猛き〇もつひには滅びぬ、偏に風の前の塵に同じ。
しかし、多くの点で珍しい鳥である。というのは彼は、かつて科学〇達が人間にしかないと思っていた種の知的能力を示しているのである。
2005年のショパンコンクールの入賞〇の6人中5人はアジア人であったことは審査に国籍がないことを広く知らしめた。",者,"者:someone;person",Guess the hidden Kanji,Text
"住んでる街には、いろいろとお楽しみがあるって知ってはいるよ。でも、よそ者だから、そういう事全然〇にしないんだな。
私は彼に、私たちは彼の誤りに対して責任はないと説明しようとしたが、彼は〇を貸そうとしなかった。
誰もが賛辞を〇にするのは好きであるが、過剰な賛辞は誠実さを感じさせないという逆の効果をもつ。",耳,"耳:ear",Guess the hidden Kanji,Text
"「ごめん、寝坊した」「また？ もうトムのごめんは〇き飽きたんだけど」「ごめんよ。メアリーだって起きれないことあるでしょ？」「ない」
「僕ビートルズって〇いたことないんだよね」「マジで？ ビートルズ〇いたことないとか絶対人生損してるよ」
「誰よ、オナラしたの？」「僕じゃないよ！」「嘘つき、ここ２人しかいないじゃん」「じゃぁ、〇くなよ」",聞,"聞:hear;ask;listen",Guess the hidden Kanji,Text
"この人々は、血によってではなく、〇の欲求や人の意欲によってでもなく、ただ、神によって生まれたのである。
〇によって生まれたものは〇です。御霊によって生まれたものは霊です。
なんですぐ使うってわかってるのに鶏〇こんな取りにくいとこに入れるのよ？",肉,"肉:meat",Guess the hidden Kanji,Text
"「お母さんのしゃべり方って、おばあちゃんにそっくりだよね？」「そりゃそうよ。おばあちゃんに〇てられたんだから。優斗だって、お父さんの話し方にそっくりよ」
クラスの人数が減るということは、教〇水準が高まるということであり、それこそ、我々が子供たちのために求めていることなのです。
今年の３月頃に「小学校の新しい教〇課程では、円周率を『３』として教えるのだそうだ」という話が広まった。",育,"育:bring up;grow up;raise;rear",Guess the hidden Kanji,Text
"安倍内閣は、第９０代の内閣総理大〇に指名された安倍晋三が２００６年９月２６日に発足させた内閣である。
大〇は新聞記者たちからの矢継ぎ早の質問に直面しなくてはならなかった。
俺が日本の総理大〇ならクリントンにガツンと言ってやるのになあ。",臣,"臣:retainer;subject",Guess the hidden Kanji,Text
"一般に、ある表現が〇然だとか不〇然だとかいう感覚はあまりあてにならないものです。たとえ不〇然だと感じても、それは単に経験不足のせいだということは往々にしてあります。
それ金を愛するは諸般の惡しき事の根なり、ある人々これを慕ひて信仰より迷ひ、さまざまの痛をもて〇ら己を刺しとほせり。
世の中には争いの中でしか〇己実現できない人もいるでしょう。僕はそういった人たちを責めたくないんです。",自,"自:oneself",Guess the hidden Kanji,Text
"私は決して〇酔いしません。なぜなら〇の旅になれているからです。
その運河は、150,000重量トンの〇舶を収容することができます。
彼らはその〇が沈んでしまったのに違いないという結論に達した。",船,"船:ship;boat",Guess the hidden Kanji,Text
"母が言うには、日本人の子どもは〇い子にしているのだが、住んでいるところが非常に遠いので、サンタクロースがプレゼントを持って行かないそうだ。スペインに生まれてよかった。
猫というのは興味深い、まるで女性のようだ。向こうからやってきて話しかけてくる分には〇いが、こっちから話しかけようとすると、なかなか上手くいかない。
この文を読むと、君は恍惚とした心地〇い状態になり、とても気持ちよく感じるでしょう。その後その文を君の母語に翻訳できるでしょう。",良,"良:good;pleasing;skilled",Guess the hidden Kanji,Text
"まず目に飛び込んできたのは、大きなソファだ。渋い〇の革張りで、座面も背もたれもゆったりしている。
鼓には、四種類の音があります：ポ、プ、タ、チ。ポとプの音〇はよく似てるけど、微妙に違います。
その町を〇にたとえていうと、ワインレッドかな、こう、なんか気品があって、落ち着くのよね。",色,"色:color",Guess the hidden Kanji,Text
"メアリーがうっかり落として割ってしまった〇瓶は、トムのひいおばあさんのものでした。それは家宝でした。
そしてまもなくショベルカーがやってきて、ひなぎくの〇でいっぱいの丘を掘って道路をつくりはじめました。
どうして〇を買ったか？おまえ、今そう言ったか？周りがうるさすぎて、よく聞こえなかったんだよ。",花,"花:flower",Guess the hidden Kanji,Text
"唯一、人生に意味を与えてくれるような〇術作品の中に美しい人生と言うものも含めて考える事によって、私は後にこの途方もない考えを修正したのだが、それでも私が尊重していたのはやはり美であった。
〇術のためといえばどんなことでも許されるのですね。ではハメ撮りも〇術ですから，それを展示するというのはどうですか。
俳優、〇術家、音楽家、それに作家は、話し言葉、身振り、色彩、音などを含む色々な形を使うことが出来る。",芸,"芸:technique;art;craft;performance;acting;trick;stunt",Guess the hidden Kanji,Text
"その時、二人の間に師弟を越えた友情のようなものが〇生えた事は言うまでもない。
木々はまだ緑になってはいませんが、至る所に新しい〇が萌え出ています。
春、カキの新〇がふき出したころのことを思うとすばらしい。",芽,"芽:bud;sprout;spear;germ",Guess the hidden Kanji,Text
"「どうだ」と兄はいった。「わたしは正しかった。ここで私が静かに良い生活をしていた。ところが一方、あなたは王になったけれども、多くの〇労をした」
覚えておこう、もしこの金融危機が我々に何かを教えたのならば、それはメインストリートが〇しんでると同時にウォール街に繁栄はないということを。
生きていた15年が〇しいか、また刀を腹に突き立てた一刹那が〇しいか、どっちが〇しいだろう？",苦,"苦:suffering;trial;worry;hardship;feel bitter;scowl",Guess the hidden Kanji,Text
"序に、日本でシュークリームと呼んでいる菓子は、〇国へ行ってもフランスへ行ってもその名前では通用しない。イギリスでシュークリームを持って来いといったら、靴墨を持って来たというおとしばなしもできているくらいだ。
僕が〇語ネイティブのように話していなかったからか、語学交換用のDiscordサーバーで、僕のプロフィールから〇語ネイティブというロールが削除された。
そうです。日本語ではウェートレスは〇語の'waitress'と'weightless'にも該当する。でも'waitress'という意味が普通だね。",英,"英:England;English;hero;outstanding;calyx",Guess the hidden Kanji,Text
"「カチカチのフロントガラスにこのポットのあっついお〇かけて」「気でも狂ったのか？」
氷のように冷たい水の中で泳ごうとするなんて彼も無〇なことをした物だ。
もうちょっと暖かかったら、庭でお〇を飲むことができるのだが。",茶,"茶:tea",Guess the hidden Kanji,Text
"この企画にぴったりのライターを、〇の根分けてでも探しだして欲しい。
ある暑い夏の午後、ジョンとダンヌは長くなった牧〇を刈っていました。
彼は医者に煙〇を止めるように言われているが、止められそうもない。",草,"草:grass;weeds;herbs;pasture;write;draft",Guess the hidden Kanji,Text
"もしも、すでに出〇されているのでしたらこのメールは無視してください。
出〇が遅れる見込みであるとの御知らせありがとうございます。
「トムとメアリー」グッズ、ご好評につき再入〇いたしました。",荷,"荷:baggage;shoulder-pole load;bear (a burden);shoulder (a gun);load;cargo;freight",Guess the hidden Kanji,Text
"詰め放題って書いてあったから、もう夢中になって、玉ねぎ、じゃがいも、あらゆる野〇を詰め込んだわ。
今日のお弁当もだけど、五木さんと田中さんの作るメニューは緑黄色野〇が少ないんじゃない？
お姉ちゃんがね、市場でナスとジャガイモとズッキーニあと白〇を買ってきたよ。",菜,"菜:vegetable;side dish;greens",Guess the hidden Kanji,Text
"「ここ見てみろ！５ポンド〇ちてるぜ」「ナイス！どうしたい？」「お菓子買ってさぁ、親の分からないところで食おうぜ」
字の汚さで書類〇ちする気まんちんなんだが。てか俺なら〇とすわ。元から汚いのが何年も日本語書いたことないのだから。
ほっそい道にほとんどスピードを〇とさず、走りこんだ。「近道なんですよ」「ってここ、あぜ道～～～っ！」",落,"落:fall;drop;come down;village;hamlet",Guess the hidden Kanji,Text
"「わぁ。シャツが後ろ前になってる。ちょっと、気付いてたでしょ？何で教えてくれないの？こんな格好で子供たちに偉そうに説教しちゃったよ」「いやぁ、『知らぬが仏』って言〇もあるし。黙っとく方がいいかなぁと思って」
インターネットなどで誰かに話しかける雰囲気が強い場合の書き言〇は、比較的話し言〇に近いです。それでもすっかり日常の会話どおりかというとそうでもありません。
2010年のデンマークの今年の言〇は、「火山灰の雲」、「デンマークの周辺」、「ブブゼラ」、そして、「ウィキリークス」です。",葉,"葉:leaf;plane;lobe;needle;blade;spear;counter for flat things;fragment;piece",Guess the hidden Kanji,Text
"ローズマリーは日本でも人気のあるハーブです。その香りが日本の〇木クスノキに似ているからかもしれません。
サンタさんに「英語が上手になる魔法の〇」をお願いしたら、届けてくれるかな？
「何でこの粉〇甘いの？砂糖みたいだ！」「エリスリトールが入っています」",薬,"薬:medicine;chemical;enamel;gunpowder;benefit",Guess the hidden Kanji,Text
"彼は確かにハンサムで頭もいいかもしれないけど、どこか〇の好かないところがあるの。
「でんでん〇って、なんてデカいんだ」と、てんとう〇は言いました。
食〇植物は、昆〇を捕らえるための様々な種類の罠を備えている。",虫,"虫:insect;bug;temper",Guess the hidden Kanji,Text
"「あの子を、森の中につれていっておくれ。わたしは、もうあの子を、二どと見たくないんだから。だが、おまえはあの子をころして、そのしょうこに、あの子の〇を、このハンケチにつけてこなければなりません。」
正直なところ、その当時の僕は〇縁がどうとか、続柄がどうとか、そういう話はまるで理解出来ちゃいなかった。
あの人のためなら、この手を〇に染めることになってもかまわない！",血,"血:blood",Guess the hidden Kanji,Text
"ウィンブルドンで〇われる男子と女子のシングルス決勝は、１年で最もわくわくする、そして最も人気のあるスポーツ〇事の１つである。
相手チームのベースラインの向こう側にボールを持って〇こうとするためには、選手から選手へとボールを投げなければならなかったのです。
彼は、清掃の仕事に従事する人たちが平和的に賃金と労働条件の改善を要求するストライキをするのを支援するためにそこに〇っていた。",行,"行:going;journey;carry out;conduct;act;line;row;bank",Guess the hidden Kanji,Text
"マンハッタンの金融〇にある証券取引所の中には、火災と停電のため、営業を早めに切り上げてしまったところもあります。
その運転手は、まるっきり違う〇の間違った球場にチームを運んで行ってしまうという大ドジを踏んでしまった。
彼女は彼にボストンを訪れるように勧めた。彼女はボストンが世界一美しい〇だと思っていたから。",街,"街:boulevard;street;town",Guess the hidden Kanji,Text
"マクリネ・ビルンギは、靴・〇服・刃物などの偽造品が売られているカンパラのいくつかの通りを歩き回った。
ここのお店のトンカツは、カツの肉が分厚くて〇は薄くてサクサク。一度食べてみなよ。美味しいよ。
「麻〇ちゃんって、どの子だっけ？」「目がくりっとした、天パの子よ」「あっ、わかった」",衣,"衣:garment;clothes;dressing",Guess the hidden Kanji,Text
"英語がどうやったら上達するか、ずっと悩んでるの。時々、言いたいこととか状況が説明できなかったり、自分でいい〇現が浮かばなかったりするのよ。どうしたら、うまくできるようになると思う？
そんな風に言うと４語で済むところが２７語も必要になるし、長たらしい〇現の伝えるストレートな内容は理解してもらえるだろうが、説得力は失われてしまうであろう。
しばらくプータローしていて、迷ってたんです。勢いで辞〇出しちゃったけど、本当は我慢して続けるべきだったのかな、って。",表,"表:surface;table;chart;diagram",Guess the hidden Kanji,Text
"日本人離れしたこの美しい相貌からもわかるように、優奈は実は生粋の日本人じゃない。〇洋人をおばあちゃんに持つ、クォーターだったりする。
〇洋わさびをローストビーフ・サンドイッチにつけると、美味しいんだよ。
ボランティア学生による関〇空港での出迎えを希望しますか？",西,"西:west;Spain",Guess the hidden Kanji,Text
"もし高い丘がＡからＢの間にあれば、路線が丘を越えて行くようにさせるか、トンネルで丘を貫いて行くようにさせるか、あるいは丘を避けて迂回路をとるようにさせるか決めるのが重〇となる。
今日、多くの人々は、巨大な現代社会においては、重〇なことで個人にできることは何もないという気持ちをいだいているように思われる。
今、すべてをお話しするわけにはいきませんが、〇するに、私の両親は、今年の夏、当地には来ないのです。",要,"要:need;main point;essence;pivot;key to",Guess the hidden Kanji,Text
"「おバカチックな質問していい？これなんて読むの？コロナ......？うず？なべ？違うよね」「コロナか」「あっ、『か』なんだ」「もっとテレビも〇た方がいいと思うよ」
もちろん、実際に「はやぶさ」が太陽に近づいているわけではなく、図のように地球から〇て太陽の反対側に位置するだけですが、このような現象を「合」と呼びます。
ある時代の最も洗練された審美眼によって美しいと考えられたものが美術館にはたくさんあるのだが、それは今の私たちには価値のないものに〇えるのである。",見,"見:see;hopes;chances;idea;opinion;look at;visible",Guess the hidden Kanji,Text
"どうやって住宅ローンを組んだり、医療費を払ったり、子供の大学教育のための貯金をすればよいのだろうかろと子供が寝たあとにも目を〇ましたまま横になり、考える父母がいる。
忍耐強く事実を〇えていくことが、自己を表現したり判断を下したりする技術を身につけることにより遥かに大切とされているのである。
「明美さんって〇えてる？」「いや、知らないな」「あっ、そう。これ実家で見つけたんだけど、あなた宛てのラブレターみたいよ」",覚,"覚:memorize;learn;remember;awake;sober up",Guess the hidden Kanji,Text
"初めて上手に口が利けるようになった子供は「なぜ」とか「なに」とかを連発して両〇を悩ますものだ。
あなたのご両〇はそれを望んでいませんでしたが、彼女は彼と結婚することを決めたのです。
私たち、日本に住む日本人も、ブラジルには大変、〇しみと興味を持っています。",親,"親:parent;intimacy;relative;familiarity;dealer (cards)",Guess the hidden Kanji,Text
"考えて物にしたり味わったりでなくて、ただ頭と心と体を通過させればどこかいいように浸食されるであろう、そういうような読書〇を持っています。
「なんかホラー映画が〇たいな」「ホラー映画はちょっと......」「じゃぁ、なんならいいの？」「ジブリがいい」「えっ」
いろいろ考えてみると私の主〇ですが、プレゼントはどれだけ気持ちがこめられているかで価値がかわってくるのだと思います。",観,"観:outlook;look;appearance;condition;view",Guess the hidden Kanji,Text
"折〇寝かしつけたのに、起こさないでよ。この子、寝かせるの大変なのよ。
どちらが勝ってもおかしくない。両チームとも実力はほぼ互〇だからね。
彼が玄関を出たとき、バスはちょうど〇をまわってきたところだった。",角,"角:angle;corner;square;horn;antlers",Guess the hidden Kanji,Text
"ホワイト氏は彼らに「お部屋の宿泊料は30ドルですから、お一人様10ドルとなります」と〇いました。男性達はそれぞれ10ドルずつ支払い、部屋に上がりました。
ノースウエスタン大学の研究者、アイリーン・ペパーバーグは、オウムは人の口まねをするだけでなく〇葉の意味を学ぶことができることを発見しつつある。
メアリーはトムに詰め寄った。「なんでそんなこと〇うの？ うちトムのこと好きって〇ったよね？ 好きになっちゃダメだったの？」",言,"言:say;word",Guess the hidden Kanji,Text
"この県営住宅は、五階建てで、一棟に五つの階段があり、一つの階段に十世帯、一棟で〇五十世帯が住めるように設〇されています。
バーテンが酔って怒っている客の勘定を集〇するときには、よくよく気をつけなければいけない。
彼女の論文に提出された統〇データは、その頻度を見積もるのに大いに役立つ。",計,"計:plot;plan;scheme;measure",Guess the hidden Kanji,Text
"小学時分は、心から、先生をえらい人だと思っていたから、先生の態度、教〇で、動かされたが、中学は、一つのビジネスにすぎなかった。
新しい〇練生はだらだらしていたので、仕事に本気でとりくまないとくびにするといわれた。
われわれに何かよい教〇を与えてくれないものはこの世になにもない。",訓,"訓:instruction;Japanese character reading;explanation;read",Guess the hidden Kanji,Text
"概して、〇者というものは個人のプライバシーを侵害することにためらいを感じない。
五月の八日は第二次世界大戦が終わった〇念日なので、フランスでは祭日です。
ニューヨークの１９８７年１０月の株式大暴落はまだ生々しく〇憶されている。",記,"記:scribe;account;narrative",Guess the hidden Kanji,Text
"テニスで亨は優太に一度も負けたことがなかたのに、あの〇合だけは優太の圧勝だった。あの時、二人には一体何があったのだろうか。
トムは、フランス語を流暢に話せると言ってるんだ。彼の主張を〇すためにフランス語だけで話しかけてみようよ。
うちが援助してる酒造さんがね、新しい甘酒を造ったから〇飲してみてくださいって持ってきてくれたんだけど。",試,"試:test;try;attempt;experiment;ordeal",Guess the hidden Kanji,Text
"結婚の利益は、女性の本質を知ることであり、結婚の損失は、女性への幻滅を知ることである。それ故に結婚しない小説家は、未だ女を書くことが出来ない。結婚した〇人は、もはや女を歌うことができない。
僕は風と花と雲と小鳥をうたっていればたのしかった。〇はそれをいやがっていた。
英国の〇人Ｐ．シェリーは地獄をロンドンによく似た町であると呼びさえした。",詩,"詩:poem;poetry",Guess the hidden Kanji,Text
"「大丈夫？ 傷ついてない？」「ううん、全然大丈夫だよ。むしろそうやって本音で〇してくれるのすごく嬉しい」「そっか。よかった」
猫は女の子と似ている。向こうから〇しかけてくるときは良いが、こちらから〇しかけようとするとあまり上手くいかない。
それらの資料から私たちには、彼が〇し好きで、芸術、政治、そして人生について議論するのが好きだったことがわかっている。",話,"話:tale;talk",Guess the hidden Kanji,Text
"「メアリーってどうしてあんなに日本〇が上手なんだろう？」「彼氏が日本人だからじゃない？」「なるほど。恋の力は偉大ってわけね」
1日5〇ずつ英単〇を覚えれば、1年で1825〇、100年で182620〇覚えることができます。
ローマカトリックの英〇での祈りは、スペイン〇やタガログ〇のように優雅なものではない。",語,"語:word;speech;language",Guess the hidden Kanji,Text
"「なんでそんなにフランス語に詳しいの？」「そりゃフランス人だもん。詳しいに決まってんじゃん」「でも僕日本人だけど日本語のことそんなにうまく〇明できないよ？」
進化論は研究で証明されているというのに、いまだに科学というより神話に基づいたような使い古された〇明にしがみついている人たちがいる。
俗〇で「玉レタスを4分の1程度食べると眠くなる」と言われ、韓国では仕事前のドライバーが食べてはいけない食べ物として知られている。",説,"説:opinion;theory;explanation;rumor",Guess the hidden Kanji,Text
"「僕があげた本、もう〇んだ？」「まだ、全部は〇んでないんだけど、面白い本だね。ありがとね」「気に入ってもらえてよかった」
インターネットの断片的ニュースを〇んでいるだけですが、まあ、だいたい想像がつきます。
しっかりした判断力がありさえすれば、どんな種類の本を〇もうとたいした問題ではない。",読,"読:read",Guess the hidden Kanji,Text
"「ねぇ、ゲームしよう」「あれ？〇題するんじゃなかったの？」「そうなんだけど、したくないんだもん」
〇長が我々に対して、あれこれとうるさく言うのを止めた途端に、何もかもがスムーズに行き始めた。
〇長の奥さん、今旅行中なんだって。それで、鬼のいぬ間の洗濯とばかり、毎日飲み歩いているんだ。",課,"課:chapter;lesson;section;department;division;counter for chapters (of a book)",Guess the hidden Kanji,Text
"月曜日からインフルエンザにかかってました。今は熱も下がったのですが、まだちょっと本〇子ではありません。
自分のブログがGoogleにどうインデックスされているか〇べてみたが、５つのエントリーが漏れていた。
小学校のときから、酸性・アルカリ性という性質をリトマス紙で〇べたりしてきていますね。",調,"調:tune;tone;meter;key (music);writing style;prepare;exorcise;investigate;harmonize;mediate",Guess the hidden Kanji,Text
"「や、それほどでも。せいぜい、大きさ比べたり、わい〇するくらいだし」「大きさって何の？」「ナニの」
彼女は彼に冗〇を言ったが、彼はそれがおもしろいとは思わなかった。
ちょっとぉ、冗〇でしょッ！なんでそんな辺鄙なところに行くわけッ？",談,"談:discuss;talk",Guess the hidden Kanji,Text
"お返事をお待ちしております。またお返事をいただくことにより、私どもはより効率よく会〇の準備をすることができます。
その小さな地方は州と呼ばれており、それぞれの州に州〇会があります。ウェストハンプトン州〇会もそのひとつです。
会〇は７月１５日（火曜日）の午後、７月１６日（水曜日）終日、および７月１７日（木曜日）午前中に行われます。",議,"議:deliberation;consultation;debate;consideration",Guess the hidden Kanji,Text
"たとひわれ死のかげの〇をあゆむとも禍害をおそれじ、なんぢ我とともに在せばなり。なんぢの笞なんぢの杖われを慰む。
「そういえば〇本君は？」「あいかわらず一匹オオカミ気取っているよ」
これは正真正銘の九〇焼です。私が保証いたします。",谷,"谷:valley",Guess the hidden Kanji,Text
"あなたはオクラと納〇はどちらがよりねばねばしているかわかりますか。
あの時のマーボ〇腐は、スパイスきいててうまかった記憶があるよ。
サンドラは日本食は何でも食べますが、納〇だけは食べません。",豆,"豆:beans;pea;midget",Guess the hidden Kanji,Text
"砂浜でいろんな〇を拾うのは実に楽しい。
トムは美しい〇がらを浜辺でひろった。
トムは海岸できれいな〇殻を拾った。",貝,"貝:shellfish",Guess the hidden Kanji,Text
"人間は〇けるように造られてはいないんだ。そりゃ、人間は殺されるかもしれない、けれど〇けはしないんだぞ。
タバコを止めるという誓いは、毎年、新年の抱〇ランキングのトップ10に入っている。
もし彼のタイムリーヒットがなかったら、私たちのチームは試合に〇けていただろう。",負,"負:defeat;negative;-;minus;bear;owe;assume a responsibility",Guess the hidden Kanji,Text
"時間というのは、あなたの人生の〇幣です。あなた自身が使うのです。あなたの為だからといって他人に消費させてはいけません。
学校へ行ったことのない人は〇車からものを盗みかねないが、大学教育を受けた人なら鉄道全部を盗みかねない。
ほとんど全ての社会が今日では、何らかの硬〇と紙幣に基づいた〇幣経済を持っている。",貨,"貨:freight;goods;property",Guess the hidden Kanji,Text
"「ねぇ、これ見て。便利そうじゃない？」「そうだね。〇ってみたら？」「私、財布持ってないんだ」「じゃ、諦めなさい」
これは箸置きといって、デザインが気に入ったので〇いました。左側の箸置きに箸先がのるようにして使います。
どうして花を〇ったか？なんでそんな質問を俺にするんだ？〇いたかったから〇っただけだ。",買,"買:buy",Guess the hidden Kanji,Text
"家に来た年〇状は、三百枚ほどで、丁度、出した分と同じぐらいだ。
私たちが志〇高原に着く頃には雪が降っているでしょう。
修学旅行は、志〇高原にスキーに行きました。",賀,"賀:congratulations;joy",Guess the hidden Kanji,Text
"私が信号機だったら、あなたが側を通るたびに〇くなっちゃうから、あなたのこともう少し眺めていられるのにな。
指は、親指から「お父さん指」「お母さん指」「お兄さん指」「お姉さん指」「〇ちゃん指」とも呼ばれています。
ちなみに、魚のえらが真っ〇であるのは、肺と同じように「毛細血管」が多く集まっているからである。",赤,"赤:red",Guess the hidden Kanji,Text
"良いボールボーイやボールガールは精神を集中することができ、また、速く〇ることができなければならない。
パトロール・カーは、違反のスピードを出して〇っていたスポーツ・カーを追ったが、結局無駄だった。
ひとつのヒントに目を輝かせた女の子は、可愛らしい猫型のシャープペンシルをノートに〇らせていく。",走,"走:run",Guess the hidden Kanji,Text
"「昨夜、遅くまでごそごそしてたわね。何時に寝たの？」「五時。だって、前の日に麻雀しててさぁ、寝たのが明け方で〇きたの夕方の５時過ぎだったんだよ。寝れなくて」「なるほどね、朝日と共に寝て、夕日と共に〇きるってことね。大学生ならではだよね」
「ごめん、寝坊した」「また？ もうトムのごめんは聞き飽きたんだけど」「ごめんよ。メアリーだって〇きれないことあるでしょ？」「ない」
「トム地震のとき〇きてた？」「え、地震あったの？」「うん、1時半すぎ。けっこう大きな揺れだったよ」「まじか。普通に爆睡してたわ」",起,"起:rouse;wake up;get up",Guess the hidden Kanji,Text
"私たちは美と言うとき、私たちの美意識を満〇させてくれる、精神的なものや物質的なもの（この場合物質的なものである場合の方が多いが）のことを言っているのだと思う。
全国教育情報センターによれば、退職した教員が復職しているおかげで、予測された教員不〇は起こらないだろう、ということです。
あなたの職業がなんであれ、また、その職業にどんなに満〇していても、何かほかの仕事を選べばよかったと思うときがあるものだ。",足,"足:leg;foot;be sufficient;counter for pairs of footwear",Guess the hidden Kanji,Text
"スレートの小道では芝は刈り残されており、雑草も残っており、道〇のそばの生け垣の外側の芝は刈っていないことが多かった。
そしてまもなくショベルカーがやってきて、ひなぎくの花でいっぱいの丘を掘って道〇をつくりはじめました。
チューリッヒからボストンまでは空〇で８時間かかるが、復〇は６時間しかかからない。",路,"路:path;route;road;distance",Guess the hidden Kanji,Text
"ジョンは、日本でソフトウェア会社のマネージャーをしていました。彼はハワイ出〇の日本人で、カッコよくて色黒。がっちりとした体つきでした。
生まれながらの紳士を特徴づけるのは、何を〇につけているかということよりも、むしろどのようにそれを〇につけているかということである。
「そのとおり」私は、シャワーを浴びている時に石鹸が目に入るとヒステリー状態になる男のように、娘のこの話に〇震いしながら言った。",身,"身:somebody;person;one's station in life",Guess the hidden Kanji,Text
"ただ今到着のバスは、国内線第1ターミナル行きです。国際線ターミナルにお越しの方は、しばらくそのままでお待ちください。国際線行き連絡バスもこのバス停から発〇いたします。
「やっと着いた」「おかえり。すごい汗ね」「うん。電動自転〇に乗ってる奴に追い越されそうになったから、ちょっと頑張ってみた」「で、どうだったの？」「負けた」
私の住む街には、「チンチン電〇」の愛称で親しまれている「路面電〇」が走っています。私たちはそれを「市電」または「電〇」と呼びます。",車,"車:car",Guess the hidden Kanji,Text
"曾ては『平和』のために〇備が拡張せられねばならぬと言われた。今は『平和』のために〇備が縮小せられねばならぬと言われる。『平和』がそれを聞いたら何と答えるだろう。
日本に駐留していた米〇人と日本人女性の間に生まれた子供のことを、侮蔑の意図を込めて、「あいのこ」と呼んでいました。
世継ぎのいない王は発狂し、一族は毒に倒れた今、将〇が王座を奪うチャンスがついにやって来た。",軍,"軍:army;force;troops;war;battle",Guess the hidden Kanji,Text
"「冬彦ちゃん、その怪我どうしたの？誰にいじめられたの？お母さんにゆってごらんなさい？」「〇んだだけだよ」
トムは６時半にベッドから〇がり出ると、もつれた足でキッチンへ行き、トースターに二枚パンを突っ込んだ。
「ねえ、どこに行ってたの？」「どこでもないよ。気分〇換にちょっとドライブしてきただけだよ」",転,"転:revolve;turn around;change",Guess the hidden Kanji,Text
"彼女はそれゆえにこちら側に近づいた。窓をあけて、自分がそこにいるということに気づいてもらうためにクラクションを〇くならした。
「はあ、トムなんかに話すんじゃなかった」「ほんとだよ。なんでよりによってあんな口の〇いやつに話したんだよ」
暖かい〇い空気は山越えすると上空に上昇し、地上には下りてこないことなど、風は地形によって変わります。",軽,"軽:lightly;trifling;unimportant",Guess the hidden Kanji,Text
"いわゆる先進国の人は、まだ車〇が発明されていなかった頃の人間を見るかのように我らラテン系を見ている。
今朝この〇ゴムをポケットに入れたときには、これが役に立つことになろうとは思ってもみなかった。
ライムギパンに薄切りハム・ソーセージなどに〇切りのトマトを載せてよく食べていました。",輪,"輪:wheel;ring;circle;link;loop;counter for wheels and flowers",Guess the hidden Kanji,Text
"ただでさえ奴は普段から仕事に遅れて来るくせに、酒まで飲んで来るなんて堪忍袋の緒が切れた。もう会社を〇めてもらうしかない。
恥ずかしげもなく俺すごい発言してくる人、褒めてる女の子たちがみんなお世〇で言ってるの分かってないのかなあ。
本気で似合うと思っていたらしいシャツは〇退し、淡いブルーのポロシャツをいただくことにした。",辞,"辞:resign;word;term;expression",Guess the hidden Kanji,Text
"「海が見えるバルコニーが欲しかったの」「じゃぁなんで、アイオワに〇場を買ったんだ？」
その〇夫は男の子達が自分の果樹園でリンゴを盗んでいるのをみつけた。
その熱帯林を〇耕地や燃料にするために木を伐採したり焼いたりします。",農,"農:agriculture;farmers",Guess the hidden Kanji,Text
"ある朝、彫刻家が浜〇で一本の流木を見つけました。その男はその流木を工房に持ち帰り、今日、村の教会に佇むあの有名な聖母マリアを彫り上げたのでした。
この〇の意地悪婆さんが雷に打たれて頓死したらしい。まさに天罰覿面だとうちの母さんが言う。
「ウィーンまでは歩くとどのくらいかかりますか」「すみません。この〇に詳しくないんです」",辺,"辺:environs;boundary;border;vicinity",Guess the hidden Kanji,Text
"なにがしあわせかわからないです。ほんとうにどんなつらいことでもそれがただしいみちを進む中でのできごとなら、峠の上りも下りもみんなほんとうの幸福に〇づく一あしずつですから。
最〇の凶悪事件をニュースで見るたび、バーチャルな世界と生きる世界の区別がなくなった若者が急増していることに気付かされる。
スキーシーズンも終わりに〇づいて、ウエアとかのバーゲンやっているけど、余り物しかなくて丁度いいサイズのモノがない。",近,"近:near;early;akin;tantamount",Guess the hidden Kanji,Text
"お電話ありがとうございます。ただいま、電話に出ることができません。折り〇しご連絡いたしますので、メッセージをお願いいたします。
自分の求めるリズムでメール〇してもらわないとっていうのなら、俺とやりとりすることはやめた方がいいね。
〇信が遅くなってごめんね。先週はバタバタしてて、〇信を書く心の余裕がなかったの。",返,"返:return;answer;fade;repay",Guess the hidden Kanji,Text
"闇は、闇で〇い払うことはできない。光だけがそれを可能にする。憎しみは憎しみで〇い払うことはできない。愛だけがそれを可能にする。
新しい文を〇加するまえに、その文によって当サイトに新しい語彙がもたらされるかどうか、キーワード検索してご確認ください。
わたしたちは、ボッブがマージを〇いかけても無駄であることを知っていた。なぜなら、マージはすでに婚約をしていたから。",追,"追:chase;drive away;follow;pursue;meanwhile",Guess the hidden Kanji,Text
"iPadではFlashのコンテンツが見られないが、そのウェブページのURLを自分へ電子メールで簡単に〇ったら、家に帰って普通のパソコンで見ることが出来る。
手書きしたレポートをスキャンしてPDFに直してから、データを〇らないといけないためプリンターが必須な状況です。
つまり、前のメールに添付して〇った「ｐｌａｎ．ｄｏｃ」のファイルがウイルスに汚染されているのです。",送,"送:escort;send",Guess the hidden Kanji,Text
"トムは普〇の男とは違うぞ。彼は大概の男が好むことを好まないし、大抵の男なら喜んですることをやりたがらない。
小さいおうちはみすぼらしく見えるようになってしまいました・・・まだまだもとの〇りしっかりとしているのに。
君もこの手の仕事は初めてなんだろう？勝手がわかるまではマニュアル〇りにやっておいたほうがいいよ。",通,"通:traffic;pass through;avenue;commute;counter for letters, notes, documents, etc.",Guess the hidden Kanji,Text
"トムくんは220ページの本を読むのに7時間かかりました。メアリーさんは280ページの本を読むのに9時間かかりました。本を読むのはどちらが〇いでしょう。
高〇大容量インターネットアクセスを可能とするドコモのWi-Fi「docomo Wi-Fi」のご利用方法についてご紹介します。
ブースカ大好きの水田さんは、偶然入った店でめざとくブースカグッズを見つけて早〇買うことにした。",速,"速:quick;fast",Guess the hidden Kanji,Text
"ただ今到着のバスは、国内線第1ターミナル行きです。国際線ターミナルにお越しの方は、しばらくそのままでお待ちください。国際線行き〇絡バスもこのバス停から発車いたします。
「そうそう。せめて２階にも増やして欲しい・・・ってなんでお前がここにいる！？」「なんでって、そんなん決まってるやんか。一緒に〇れションするためや」
ハンプダンプティは塀の上；ハンプダンプティは落っこった；王様の馬と王様の家来を〇れてくる；ハンプダンプティを元通りにできなかった。",連,"連:take along;lead;join;connect;party;gang;clique",Guess the hidden Kanji,Text
"〇末しか働かなくていいのなら、そうするかって？もちろんそうするだろうね。
スティーブは先〇したスピード違反に５０ドルも払わなければならなかった。
クリスが〇末にお金を届けてくれた事を、ブライアンは感謝していました。",週,"週:week",Guess the hidden Kanji,Text
"フランス語では正しい道を〇む（prendre le bon chemin）のと道を誤る（perdre le bon chemin）との間に文字二つの違いしかない。
科学はよいものであるが、それはそれ自体が目的なのではない。それは目的のための手段であって、その目的とは人類の〇歩である。
お金のために、愛してもいない男との生活をつづけるならば、すっかり失望して、〇退きわまる時が将来やってくることだろう。",進,"進:advance;proceed;progress;promote",Guess the hidden Kanji,Text
"私の孫は子猫を飼っています。その猫の毛並みは白と黒で瞳はグリーンがかっています。孫はその猫と〇ぶのが大好きで、ヴィヴィと呼んでいます。ヴィヴィは綺麗な猫で、私たちのペットです。
メアリーは〇園地で一人で泣いている男の子を見つけて、やさしく声をかけた。「ねえ、ぼく、どうしたの？ 迷子になっちゃったの？ お姉ちゃんが迷子センターに連れてってあげようか？」
純粋に語学力を上げたいなら翻訳なんかには関わらない方がいいのかもしらんが、もともと〇びなので楽しければいいかなと思ってる。",遊,"遊:play",Guess the hidden Kanji,Text
"あのブロンドの女と一緒にいる現場を妻におさえられたのでは、彼ももう〇のつきだ。
我々はあらゆる学校を〇営させ続け、あらゆる教師を職にとどめておくべきです。
えへへへ、私は〇痴だから、ちょっと走ると、すぐに脇腹が痛くなっちゃうの。",運,"運:carry;luck;destiny;fate;lot;transport;progress;advance",Guess the hidden Kanji,Text
"「川の隣にある〇が浸水してるんだけど」「えっ。写真送って」「ほらね」「あっ。河川敷ね。びっくりした」
そしてまもなくショベルカーがやってきて、ひなぎくの花でいっぱいの丘を掘って〇路をつくりはじめました。
あお向けに寝ると、舌やノドチンコがノドの奥に下がるため、上気〇が塞がりやすくなります。",道,"道:road-way;street;district;journey;course;moral;teachings",Guess the hidden Kanji,Text
"花子は壁に顔を伏せ、数を数え始めました。「いーち、にー、さーん、しー、ごー、ろーく、ひーち、はーち、きゅー、じゅ。もういいかい？」「まぁだだよ」「もういいかい？」「もういいよ」それを聞いて花子は、数を数えている間に隠れた友〇を、さがし始めました。
アンナは壁の方を向き、数を数え始めました。「1・２・３・４・５・６・７・８・９・１０。隠れていようがいまいが、行くからね！」そう言うとアンナは、数を数える間に隠れた友〇を、さがし始めました。
「帰るの遅かったね」「それがね、家へ帰る途中、昔の友〇にバッタリ会っちゃってさ、話が弾んでこんな時間になっちゃった」「お腹すいた」「わかった。わかった。すぐ作るから」",達,"達:accomplished;reach;arrive;attain",Guess the hidden Kanji,Text
"山のあなたの空〇く「幸」住むと人のいふ。噫、われひとゝ尋めゆきて、涙さしぐみかへりきぬ。山のあなたになほ〇く「幸」住むと人のいふ。
いくどとなくおのを埋めては、きまって、また、ほりかえす。永〇の平和がやってくる気配もない。
それは御子を信じるものが、一人として滅びることなく、永〇の命を持つためである。",遠,"遠:distant;far",Guess the hidden Kanji,Text
"退職を〇択する人々は、６２歳という若さで退職を〇べるのである。もっとも、その年齢で社会保障年金を受け取り始めると、支払金額が２０％削減されてしまうことになるだろうが。
友は容姿、知人は性格で〇び、敵は知性で〇ぶ。敵を〇ぶときには、いくら注意しても注意しすぎるということはない。
誰の考えが正しいとか、悪いとか言っているわけではないですが、様々な考えがある中で、私はこちらを〇びました。",選,"選:elect;select;choose;prefer",Guess the hidden Kanji,Text
"これは二戸〇の地図である。
これは豊能〇の地図です。",郡,"郡:county;district",Guess the hidden Kanji,Text
"こういうと一〇の人たちには、ピンとこないかもしれないが、私はサラリーマンのままでいるほうがいい。収支を償わせることで、頭を悩ます必要がないからだ。
「メアリーは〇長に立候補しないの？」「したいんだけどさ、規約上〇長は男性しかなれないんだよ」「そんなウン十年前の規約、とっとと廃止しようぜ」
貴社の技術〇長はミーティングの日時を４月６日の午後１時とおっしゃっていましたが、４月７日の午前１０時ではどうでしょうか。",部,"部:section;bureau;dept;class;copy;part;portion;counter for copies of a newspaper or magazine",Guess the hidden Kanji,Text
"なんか雑務を色々覚えてどんどん〇合のいいバイトになりつつある。まあそういうの好きだけど。
私が肉を食べようとしないことは不〇合が生じ、私は自分の風変わりのためにたびたび叱られた。
１９５１年にシスター・テレサは当時インド最大の〇市であったカルカッタに派遣された。",都,"都:metropolis;capital;all;everything",Guess the hidden Kanji,Text
"彼は何の準備もしてないのではないかと、ちょっと心〇しています。私は彼が資料を準備してプレゼンテーションをしたのを見たことがないものですから。
今年新入で入ってきた田中ってさ、給料が少ないからって新聞〇達のバイトしてたのがばれてさ、戒告処分になったらしいよ。
親の中には、子供たちが数について基本的なことを十分教わっていないのではないか、と心〇しているものも多い。",配,"配:distribute;spouse;exile;rationing",Guess the hidden Kanji,Text
"「ん～～・・・迎え〇でもしようかしら」「ちょっとやめてよ。ほら、今朝は焼き魚を作ったから。これだったら食べられるでしょ」
なんぢわが仇のまへに我がために筵をまうけ、わが首にあぶらをそゝぎたまふ。わが〇杯はあふるゝなり。
構いませんよ。いつもの夜〇です。たまにはパートナーがいるのもいいものでしょう。",酒,"酒:sake;alcohol",Guess the hidden Kanji,Text
"「きのこの山」と「たけのこの〇」どっちが好き？
トムは山奥にある人〇離れた村で育ちました。
彼女は人〇離れたところに住んでいます。",里,"里:ri;village;parent's home;league",Guess the hidden Kanji,Text
"パワーリフティングは高〇量を扱える種目であるスクワット、ベンチプレス、デッドリフトの3種目の最大挙上〇量の総計を競うスポーツである
「ママ、褐色矮星ってどれくらいの大きさなの？」「褐色矮星はね、木星とおんなじくらい。でも〇さは木星よりずうっと〇たいのよ」
もっと成績を気にかけられればいいのだけれど、でも自分の人生のある点において成績はそんなに〇要ではないと分かったんだ。",重,"重:heavy;important;esteem;respect;heap up;pile up;nest of boxes;-fold",Guess the hidden Kanji,Text
"インターネットで、「～の歴史」を検索してみると、「世界の歴史」「〇球の歴史」といったようなサイトがヒットする。
〇球とかサッカーとかの観戦にはあまり興味がないんだけど、珍プレーや好プレーを見るのはおもしろいね。
ジョンは大成功した。彼の極めて大きな〇望が達せられたという以上に、彼の努力はむくいられた。",野,"野:plains;field;rustic;civilian life",Guess the hidden Kanji,Text
"空腹で苦しむ地域があるというのに、日本国内では多くのレストランや家庭でも多〇の食べ物が捨てられているというのは、はずかしい事実です。
「トムは食べる前にいつも水飲むんだけど、なんでだろう？」「時々私も飲むわよ。食べる〇を減らしやすくなるからね」
インキ補充瓶のキャップを外し、スポイトでインキを吸い上げ、マーカーの吸収体へ適〇、滴下してください。",量,"量:quantity;measure;weight;amount;consider;estimate;surmise",Guess the hidden Kanji,Text
"「愛にお〇は関係ないよね？」「そうか？お〇が全てとは思わないけど、お〇があると愛は潤うよ」「現実的ね」「君が非現実的過ぎるんだよ」
使用許諾契約書の条項に同意されない場合は、未開封のメディアパッケージを速やかにABC社に返送していただければ、商品代〇を全額払い戻し致します。
長期信用銀行は資〇を調達するために債券発行することが法によって認可されるが、彼らは普通銀行がのような方法で預〇を取ることができない。",金,"金:gold",Guess the hidden Kanji,Text
"イギリスでは地下〇のことを subway ではなく underground という。
闇夜に〇砲じゃあるまいし、そんな場当たり的なやり方でうまくいくとは思えないよ。
〇のツルハシかそれ以上のものがないと、ダイヤモンドの採掘はできません。",鉄,"鉄:iron",Guess the hidden Kanji,Text
"親子の〇狐は洞穴から出ました。子供の方はお母さんのお腹の下へはいりこんで、そこからまんまるな眼をぱちぱちさせながら、あっちやこっちを見ながら歩いて行きました。
二匹の狐は森の方へ帰って行きました。月が出たので、狐の毛なみが〇色に光り、その足あとには、コバルトの影がたまりました。
昨日の競馬のメインレースは、とってもかたくおさまったよ。ああいうのを、〇行レースって言うんだよね。",銀,"銀:silver",Guess the hidden Kanji,Text
"この通話は、サービス向上およびトレーニングのためにモニターまたは〇音されることがあります。ご用件は何でしょう？
停電があってさ、ビデオの時間をリセットしたんだけど、１時間ズレててさっ、〇画取り損ねちゃったよ。
ある１９歳のカナダ人が先月、イギリス海峡をノンストップで往復泳ぎ切って世界記〇を破った。",録,"録:record",Guess the hidden Kanji,Text
"「〇や、〇、壁にかかっている〇よ。 国じゅうで、だれがいちばんうつくしいか、いっておくれ」すると、〇はいつもこう答えていました。「女王さま、あなたこそ、お国でいちばんうつくしい」
今朝は髪の毛が撥ねてるんだ。せめて手〇を貸してくれ、そこの引き出しにしまってあるだろ。
この眼〇、度が合わなくなってきて見づらいんだ。新しく作り直さなきゃいけないな。",鏡,"鏡:mirror;speculum;barrel-head;round rice-cake offering",Guess the hidden Kanji,Text
"カーペットには埃を吸収するダストポケット効果があり、埃の飛散を防ぐ特〇があるのだが、それが仇になった結果といえる。
2014年FIFAワールドカップの決勝戦は、延〇戦の末ドイツが1-0でアルゼンチンを下した。
「トム〇袖で暑くないの？」「むしろこれでも寒いくらいなんだけど」「マジで？ 信じらんない」",長,"長:long;leader;superior;senior",Guess the hidden Kanji,Text
"求めよ、さらば与へられん。尋ねよ、さらば見出さん。〇を叩け、さらば開かれん。すべて求むる者は得、たづぬる者は見いだし、〇をたたく者は開かるるなり。
トークライブを専〇とするライブハウスは他にもあるが、ここは特にアングラなラインナップで常連客を集めている。
フローレンス・ナイチンゲールは専〇職としての看護を始めた人として有名である。",門,"門:gate;counter for cannons",Guess the hidden Kanji,Text
"ロッテリアは、最大10段までチーズバーガーを積み上げることのできる驚異の「タワーチーズバーガー」を展〇していました。
父さんと母さんが目を覚まさないように、音を立てず、そぉ〜っとキャンディの包みを〇けました。
缶詰を缶切りで〇けた後はふちがギザギザになっているから、手を切らないように気をつけてね。",開,"開:open;unfold;unseal",Guess the hidden Kanji,Text
"制御さえなければ、これらの力は危険と破壊をもたらすかもしれないが、ひとたび完全に支配されたならば、それらは人〇の意志と欲望に従わせることができる。
プリーツキュロットにインナーパンツが付属しているものは、女性のテニスプレーヤーやゴルフプレーヤーの〇でよく好まれているボトムスである。
グループの仲〇の一員のように感じることはいい気持ちでした。私は金髪で、１８５センチもあるので、別の意味で目立ってしまうからです。",間,"間:interval;space",Guess the hidden Kanji,Text
"私たちは、新しいエネルギーを活用しなくてはならない。新しい仕事を創り出さなくてはならない。新しい学校を造り、脅威に立ち向かい、同盟〇係を修復しなくてはならない。
純粋に語学力を上げたいなら翻訳なんかには〇わらない方がいいのかもしらんが、もともと遊びなので楽しければいいかなと思ってる。
適切にアースされていないマイクに触れると、命に〇わる場合があります。何人かの歌手は実際そうやって亡くなっているのです。",関,"関:connection;barrier;gateway;involve;concerning",Guess the hidden Kanji,Text
"いいかえれば、当事者はべつとして、その出来事を知っているものは、大〇中にただ一人しかいない-ということになる。
東京や大〇では、ラッシュアワーには２、３分間隔で電車が運転されています。
彼には兄弟が二人いて、一人は大〇で、もう一人は神戸で暮らしている。",阪,"阪:heights;slope",Guess the hidden Kanji,Text
"「トムは法科大学〇に行けそうなの？」「いやぁ。ダメそうでしたよ。声かけない方がいいですよ」
「お宅のお坊ちゃまって、今年就職したの？それとも〇に行ったの？」「就職したよ」
赤ちゃんは高熱で脱水症状になりがちだから、入〇した方がいいって言われた。",院,"院:Inst.;institution;temple;mansion;school",Guess the hidden Kanji,Text
"泳者のシンディ・ニコラスは、へとへとになって泳ぎ切った後、ドーバーでかろうじて〇に上がってきたが、海峡水泳教会のスポークスマンは彼女がとても元気であると発表した。
人が月面に着〇し、ベルリンでは壁が崩壊し、われわれの科学と想像力によって世界はつながりました。
コロンブスがアメリカ大〇を発見したとき、バイソン（アメリカ野牛）は、広大な地域に棲んでいた。",陸,"陸:land;six",Guess the hidden Kanji,Text
"「『ひまり』って、どんな字書くの？」「えっとね、太〇の『〇』に『万』。一万、二万のね。『莉』は草冠に『利』」「草冠に『り』？」「のぎへんにりっとう」「ああっ！ジャスミンの！」「ジャスミン？」「なんでもない。気にしないで」
天の川は、遠方の星が巨大な帯状に見えるものであって、その１つ１つは、われわれの知る太〇に似たものである。
「若さ」の前に不可能も無ければ、陰翳も無い、それは一切を突破する力であり、一切を明るくする太〇である。",陽,"陽:sunshine;yang principle;positive;male;heaven;daytime",Guess the hidden Kanji,Text
"これまでのところ、探検〇がどのルートを取ったかについては、知らせがきていない。
平和部〇にいる頃に彼女は教職の第一歩を踏み出した。
レインジャー〇は船員の救助に向かうことを決めた。",隊,"隊:regiment;party;company;squad",Guess the hidden Kanji,Text
"２〇の誰かがやっているパーティーのおかげで、昨晩は夜の一時まで眠れなかったんだ。
エレベータが故障していたので、私たちは５〇まで歩いていかねばならなかった。
デパートへ行って、エレベーターで最上〇にあがり、まず、お好み食堂へ入った。",階,"階:storey;stair;counter for storeys of a building",Guess the hidden Kanji,Text
"私たちは、いろんな人種の混ざり合った〇団だから、私は、誰がセルビア人で、誰がクロアチア人で、誰がイスラム教徒かなんてちっとも知らなかったわ。
お父さん、縁がギザギザの十円〇めてるんでしょ？おじいちゃんが僕にくれたんだけど、これ、お父さんにあげようか？
せっかく〇めたものだけど、邪魔になるばかりだから、売るなり誰かにあげた方がいい。",集,"集:gather;meet;congregate;swarm;flock",Guess the hidden Kanji,Text
"〇ニモマケズ／風ニモマケズ／雪ニモ夏ノ暑サニモマケヌ／丈夫ナカラダヲモチ／慾ハナク／決シテ瞋ラズ／イツモシズカニワラッテイル
「……追われているわけでもないんだな」 　そう呟いた途端、角の家の門灯がすっと消えた。 　〇はますます激しくなってきた……。
「あら、お父さん釣りに行くんじゃなかったの？」「こんなに〇降ってるのに行かないよ。馬鹿じゃあるまいし」",雨,"雨:rain",Guess the hidden Kanji,Text
"昨日、初〇が降りました。〇は、山の上をうっすらと白く染めてとてもきれいでした。
いずれにしても、この〇のふる宵に、ひとりの老婆が路ばたに坐っていたのは事実である。
だんだんガソリンがなくなってきた、その上さらに悪いことには〇が激しく降り始めた。",雪,"雪:snow",Guess the hidden Kanji,Text
"「なんか綿あめみたいな〇だね。おいしそう」「トムお腹空いてるの？」
アルフォンスが空を見上げたまま、速く流れる〇を見つめていた。
あの暗い〇がおそらく雨をもたらすだろう。",雲,"雲:cloud",Guess the hidden Kanji,Text
"ねえ、ニュースの映像見た？車が〇柱に衝突して縦に真っ二つだよ。どんだけスピード出してたんだろうね。
〇車に乗ろうとして階段を駆け下りたら、足がつっちゃって、階段の途中で座り込んでしまった。
ノートパソコンの〇源を入れ、ブラウザを立ち上げて、もう覚えてしまったアドレスを打ち込む。",電,"電:electricity",Guess the hidden Kanji,Text
"「ああ。きれいなお星様」 　呟いた時、ふと星が流れて、〇い光がすっと斜に、あえかな尾を引いて、消えた。
道路を渡る前には、信号が〇の横断歩道であっても全方位を確認しないといけない。
〇い色は喜びの源として神によって永久に定められている。",青,"青:blue;green",Guess the hidden Kanji,Text
"撃ち合いが少し〇まったとき、パパが走ってフラットに行って、私たちにサンドイッチを持ってきてくれたわ。
私はこういうごみごみしたところが苦手なの。住むなら、もっときれいで〇かなところがいいんだけど。
起きているときはあれだけにぎやかだった子どもたちも、今はすやすやと〇かな寝息を立てている。",静,"静:quiet",Guess the hidden Kanji,Text
"トゥロットは斜〇をかけ上つて、ジャンヌのお手からチョコレイトを一きれと、三日月パンを一つうけとると、またお山の方へもどつて来ました。
トゥロットは斜〇をかけ上って、ジャンヌの手からチョコレイトを1きれと、三日月パンを1つうけとると、また山の方へもどって行きました。
地〇から跳ね上り、空に飛び上がった――しばらくすると、雲が眼下に、白い綿の絨毯のように広がり、夕日にてらされてキラキラと光った。",面,"面:mask;face;features;surface",Guess the hidden Kanji,Text
"Microsoftがβ版をランチするのは「NetShow streaming server」で動画や〇声をオンデマンドで提供する。
昨夜さぁ、屋根裏から「ガリガリ」って、ネズミが何かをかじるような〇がしてたけど、ネズミがいるんじゃない？
これらの区分は主にコメディーでしたが、以前のショーにはしばしば〇楽のパフォーマンスが含まれていました。",音,"音:sound;noise",Guess the hidden Kanji,Text
"このチュートリアルではサンプルマンガを使用して、ダウンロードを含めてマンガを見る手〇に慣れていただきます。
子供は生まれつき従〇であるのではないのは、生まれつき礼儀正しいのではないのと同じである。
終業時間までまだ一時間もあるのに、同僚の〇子はいそいそと帰り支度を始めた。",順,"順:obey;order;turn;right;docility;occasion",Guess the hidden Kanji,Text
"こういうと一部の人たちには、ピンとこないかもしれないが、私はサラリーマンのままでいるほうがいい。収支を償わせることで、〇を悩ます必要がないからだ。
事象として簡単なことを、いかにも難しそうに表現する人は、あまり〇がよさそうではない。
その問題が彼の〇を占めるようになってからというもの、彼はちっとも休んでいません。",頭,"頭:head;counter for large animals",Guess the hidden Kanji,Text
"「ねぇ、ゲームしよう」「あれ？課〇するんじゃなかったの？」「そうなんだけど、したくないんだもん」
映画「ノートルダムのせむし男」は〇名変更され、今は「ノートルダムの鐘」と言われます。
今日の議〇は生徒会の改選についてです。誰か立候補したい人がいたら手を挙げてください。",題,"題:topic;subject",Guess the hidden Kanji,Text
"虫も殺さぬ〇をしているが、二の腕に刺青があり、それを見れば、どんな中学生もふるえ上ってしまう。女学生は勿論である。
あんな男の〇なんか二度と見たくないから、あいつの写真を全部びりびりに破って燃やしてやったわ。
「可愛い子犬ね。どうしてパンダと名付けられたの？」「パンダのような〇をしているからだ」",顔,"顔:face;expression",Guess the hidden Kanji,Text
"字の汚さで書〇落ちする気まんちんなんだが。てか俺なら落とすわ。元から汚いのが何年も日本語書いたことないのだから。
「お前の彼女、〇人猿で言うと何に似てる？」「何ちゅう質問だ・・・。うーん・・・オランウータンかな」
「それでは、金曜日の9時半に書〇を取りに伺いますんで」「わかりました。それまでに揃えておきます」",類,"類:sort;kind;variety;class;genus",Guess the hidden Kanji,Text
"明日からお隣で屋根の工事をさせていただくんでご挨拶に伺いました。ほこりが出たりしてご迷惑掛かるかも知れませんがよろしくお〇いします。
使おうと思ったテーブルが汚れてるので、テーブルクロスを探してます。テーブルクロスはどこにありますか？テーブルクロスをお〇いします。
「すみません、オーストラリアに送金をしたいんですけれども」「海外へのご送金ですね。あちらのエレベーターで3階にお〇いいたします」",願,"願:petition;request;vow;wish;hope",Guess the hidden Kanji,Text
"お宅のお子さまは、破傷〇、百日咳、ジフテリア、はしか、結核、ポリオ、水ぼうそう、〇疹、肝炎、その他の疾病の予防接種はお済みですか？
「トムって、お〇呂から出てきた？」「さぁ？」「えっ、もしかして、またお〇呂で寝てる？」
〇土病に対する予防接種を受けていたのは１００人中１人にも満たないということが見出された。",風,"風:wind;air;style;manner",Guess the hidden Kanji,Text
"1912年、オーストリアの仕立て屋のフランツ・ライヒェルトは、パラシュート・コートという彼の新しい発明をテストするため、エッフェル塔の2階から〇び降りたが、発明品は上手く動作しなかったため、彼は死亡した・・・
そして、その小さなウサギの二人は大きな森の中でいっしょに幸せに暮して、たんぽぽを食べたり、ひなぎくを〇んだりクローバーを通りぬけたりオークの実を探したりして長い間暮らしました。
この質問に答えとしてもごもごと言ったには、私が５０歳になっても、出かけようとすると母が窓から身を乗り出して〇ばし過ぎないように注意したいという話だけであった。",飛,"飛:fly;skip (pages);scatter",Guess the hidden Kanji,Text
"「またチョコ〇べてる。よっぽど好きなんだね」「うん、大好き」「じゃあチョコとうちではどっちが好き？」「そんなのチョコに決まってんじゃん」
トムとの初デートの翌日、メアリーは一日中ぼーっとしていて、授業にも全く集中できず、ものを〇べる気にもなれなかった。
ルームメイトのことなんだけどさ、困ってることがあるんだ。あいつさぁ、俺の〇べ物全部〇べちゃうんだよ。",食,"食:eat;food",Guess the hidden Kanji,Text
"「母さん、ちょっとバスケしてくる」「はい。はい。行ってらっしゃい」「行ってきます！」「気をつけてね。夕〇までには、帰ってきなさいよ」「は〜い」
今日の晩ご〇は、ポーランド式餃子ピエロギとインゲンのボイルサラダ・クレームフレーシュ添えよ。温かいうちにどうぞ。
これは年来の習慣でしょうが、わたしは自宅にいる場合、〇を食うときのほかは机の前を離れたことは殆どありません。",飯,"飯:meal;boiled rice",Guess the hidden Kanji,Text
"それから、毎日おじいさんと、おばあさんがこねこにミルクを〇ませましたら、こねこは、まもなく、かわいらしいまるまるとしたねこに、なりました。
「今日はサシ〇みでもつ鍋食べに行くんだ」「サシ〇み？サシ〇みって何？」「２人で〇むことだよ」「そうなんだ。行ってらっしゃい」
「トムは食べる前にいつも水〇むんだけど、なんでだろう？」「時々私も〇むわよ。食べる量を減らしやすくなるからね」",飲,"飲:drink;smoke;take",Guess the hidden Kanji,Text
"ただ相手の立場にたって考え感じることができる能力を〇いさえすればよいのです。
今年は亡き母の忌中のため盂蘭盆供〇会はないが、先祖の墓の掃除に行く。
ギンザケの卵を輸入して、ふ化させ、海中で育てる〇殖も始まっている。",養,"養:foster;bring up;rear;develop;nurture",Guess the hidden Kanji,Text
"家からそう遠くないところに小さな映画〇があって、前から気になっていたので先日初めて行ってみました。
映画〇は、インターネット上に出回る違法コピーのせいで、収益をますます失いつつある。
私の場合、家で読書するほうが図書〇で見知らぬ人の隣に座って読書するより好きだ。",館,"館:building;mansion;large building;palace",Guess the hidden Kanji,Text
"「このマークってなんだろう？急いでるってことかな？」「違うよ。ハートマークだよ。〇をかしげて見てごらん」「あっ。ほんとだ。ありがとう」
なんぢわが仇のまへに我がために筵をまうけ、わが〇にあぶらをそゝぎたまふ。わが酒杯はあふるゝなり。
民衆の熱狂的な彼への支持は、〇相の座にとどまりながらも大統領の権限の発揮を可能にしそうだ。",首,"首:neck;counter for songs and poems",Guess the hidden Kanji,Text
"ローズマリーは日本でも人気のあるハーブです。その〇りが日本の薬木クスノキに似ているからかもしれません。
あー言えば、こーゆー。里〇ってばそんなヤツだ。文句の言い合いで勝てるわけない。
風に乗ってどこからともなく金木犀の〇りがした。秋を感じた瞬間だった。",香,"香:incense;smell;perfume",Guess the hidden Kanji,Text
"彼は芸人だからいつも〇鹿な事やっているけど、たまに見せる恥ずかしそうにする仕草がかわいいのよね。
アメリカの尻〇に乗るなというセリフに正面から反論するのが、どれほどしんどいことだったことか。
あんなにおろおろしちゃって恥ずかしいったらありゃしない。〇鹿みたいだったわよ。",馬,"馬:horse",Guess the hidden Kanji,Text
"〇からここに来る途中で迷っちゃって、あっちへうろうろ、こっちへうろうろ、もう大変だったよ。
私の新しいアパートはたいへん気に入っています。というのは〇にとっても近いからです。
私たちがその家を借りたのは、気に入ったからではなくて、〇に近かったからです。",駅,"駅:station",Guess the hidden Kanji,Text
"「トムって中学受〇するんだってね。どこの塾にいってるの」「市内の塾に行ってるよ」「どうやって行くの？送り迎えしてるの？」「ううん。いつも自分で帰ってくるよ」
あるものの意味がわかるためには、そのものの外に出て、離れたところからそれを経〇することができなければならない。
私も同じことを経〇してたから、トムがどう思うか分かるでしょ？って、思うだろうけど、でもそうじゃないんだ。",験,"験:verification;effect;testing",Guess the hidden Kanji,Text
"ケモナーが集まるコミュニティに属すメンバーは一般的な人よりも子供扱いされることによって、イジメや虐待を受ける可能性が〇い。
コーネル大学の研究によると、ブサイクな被告はイケメン、美女の被告より２２パーセント〇い確率で有罪になるんだって。
コーネル大学の研究によると、容貌の悪い被告は良い被告より２２パーセント〇い確率で有罪判決を受けるということだ。",高,"高:tall;high;expensive",Guess the hidden Kanji,Text
"三匹は老人を助けようとして、さるは得意の木登りで木の実や果物を集め、 きつねは川から〇を獲り、老人の所に運びました。
凍っていない水の中で、あるいは産卵期中に、〇を釣り、好んで死んでいる〇を拾う。
妻は〇のオードブルが好きだからね、釣りに出掛けるときはお許しが出やすいんだよね。",魚,"魚:fish",Guess the hidden Kanji,Text
"危うく車がぶつかりそうになり、彼女は怪我こそしなかったが、ぞっとして〇肌がたった。
その提案一石二〇を狙ったものだろうけど、「虻蜂とらず」にならなければいいけどね。
音を立てちゃ駄目だからね。じゃないと、〇がびっくりして飛んでっちゃうよ。",鳥,"鳥:bird;chicken",Guess the hidden Kanji,Text
"「ワンワンッ！」「ニャーニャー！」「コケコッコー！」と、動物たちが一斉に〇き始めた。
なんで目覚まし掛けてたのに〇らなかったんだよ。遅刻しちゃうじゃないか！
大騒ぎした割には、大山〇動して鼠一匹ということになったようだね。",鳴,"鳴:chirp;cry;bark;sound;ring;echo;honk",Guess the hidden Kanji,Text
"しかし、これではまるで私が誘拐しましたと自首して出るようなもので、そんな馬〇なことをするやつはあるまい。
「あら、お父さん釣りに行くんじゃなかったの？」「こんなに雨降ってるのに行かないよ。馬〇じゃあるまいし」
馬〇でかくて丸くて、ウェイトレスが抱える銀のお盆を何万倍にも巨大にしたようなものが空に浮んでいた。",鹿,"鹿:deer",Guess the hidden Kanji,Text
"私たちはたまたま「ライ〇畑でつかまえて」を２冊持っている。
それぞれの畑はどのくらいの小〇を産出しますか。
私たちはアメリカから小〇粉を輸入している。",麦,"麦:barley;wheat",Guess the hidden Kanji,Text
"私の手から滑り落ちた卵は、殻も〇身も飛び散り見るも無残な姿となった。
5円玉は〇銅、10円玉は青銅でできている。
王女は〇金のティアラをかぶっています。",黄,"黄:yellow",Guess the hidden Kanji,Text
"私は、かっこよく違った格好をするためには、ハワイのＴシャツを着て緑のショートパンツをはくのが好きでしたが、すぐに白いシャツと〇のズボンを身につけるのに慣れました。
すべてのほかの小さいウサギも出てきて彼らは幸せそうにみえて、かれらは輪になって小さい〇いウサギと小さい白いウサギの結婚の踊りを踊りました。
しばらくして小さい〇いウサギが座り込んでしまいました。そしてとても悲しそうに見えました。",黒,"黒:black",Guess the hidden Kanji,Text
"彼がパブロと結婚するつもりだと公に宣言したとき、彼の祖母は心臓が止まりそうになったし、彼の叔母は目玉が飛び出してしまいそうだった。でも彼の妹は〇高々だった。
「ねえ、トムってどんな顔してるの？」「えっと、目が2つあって、〇が1つあって、口が1つあって……」「そんなこと聞いてるんじゃないの！」
審判の方をちらりと睨むが、審判は涼しい顔して〇クソをほじっていやがった。「ちくしょう、八百長かよ・・・」",鼻,"鼻:nose;snout",Guess the hidden Kanji,Text