Question,Answer,Comment,Instruction,Render as
"刈,||かる||","cut, clip, shear, reap, trim, prune","",Guess the meaning of the Kunyomi reading,Text
"咲,||さく||","bloom, blossom","",Guess the meaning of the Kunyomi reading,Text
"娘,||むすめ||","daughter, girl, young woman","",Guess the meaning of the Kunyomi reading,Text
"峠,||とうげ||","mountain pass, crisis, crest, climax","",Guess the meaning of the Kunyomi reading,Text
"扱,||あつかう||","treat, entertain, manage, deal with, conduct, work on, handle, manipulate","",Guess the meaning of the Kunyomi reading,Text
"繰,||くる||","reel (thread), wind, gin (cotton), spin, turn (pages), look up (a word, etc.), refer to, count (the days), open (shutters)","",Guess the meaning of the Kunyomi reading,Text
"芋,||いも||","potato","",Guess the meaning of the Kunyomi reading,Text
"芝,||しば||","lawn, sod, turf","",Guess the meaning of the Kunyomi reading,Text
"込,||こむ,こめる||","be crowded, requiring (a lot of work),include, load (a gun), concentrate on, devote oneself to","",Guess the meaning of the Kunyomi reading,Text
"握,||にぎる||","grasp, hold, make (sushi balls), assume (power), make (money), get (proof)","Onyomi: アク = grasp, hold, make (sushi balls), assume (power), make (money), get (proof)",Guess the meaning of the Kunyomi reading,Text
"違,||ちがう,ちがえる||","differ, vary, disagree with, be mistaken, cross or pass (someone), No (negation), change, alter, disguise, make a mistake, break (a promise), sprain, dislocate, cross (two sticks)","Onyomi: イ = differ, vary, disagree with, be mistaken, cross or pass (someone), No (negation)",Guess the meaning of the Kunyomi reading,Text
"偉,||えらい||","great, famous, excellent, remarkable","Onyomi: イ = greatness",Guess the meaning of the Kunyomi reading,Text
"隠,||かくす,かくれる||","hide, conceal, cover, veil, cloak, disguise, disappear, pass away, be anonymous, lurk","Onyomi: イン = hide, conceal, cover, veil, cloak, disguise",Guess the meaning of the Kunyomi reading,Text
"陰,||かげ,かげる||","darken, cloud up, be obscured, shade, back, (your) assistance","Onyomi: イン = the yin principle, negative, melancholy, north side of a mountain, sex organs, secret, shadow, south side of a river, negative electrode, earth, bottom, back, inactivity, nighttime, moon",Guess the meaning of the Kunyomi reading,Text
"影,||かげ||","light, shadow, silhouette, phantom, reflection, figure, trace","Onyomi: エイ = shadow",Guess the meaning of the Kunyomi reading,Text
"鋭,||するどい||","pointed, sharp, violent, scathing, keen (sense), sharp (ear), penetrating (eye), shrewd","Onyomi: エイ = sharpness, edge, (sharp) weapon, picked men (soldiers), the pick",Guess the meaning of the Kunyomi reading,Text
"越,||こす,こえる||","cross, pass, spend, tide over, outrun, exceed, surpass, move, go, come, go beyond, exceed, clear (an obstacle), overstep (authority)","Onyomi: エツ = cross, pass, spend, tide over, outrun, exceed, surpass, move, go, come",Guess the meaning of the Kunyomi reading,Text
"鉛,||なまり||","lead(metal)","Onyomi: エン = lead(metal)",Guess the meaning of the Kunyomi reading,Text
"縁,||ふち||","edge, verge, shore, side, brink, margin, brim, rim, flange, frill, frame, bank, fringe, border","Onyomi: エン = relation, connection, affinity, ties, bond, blood relation, karma relation, fate, destiny, chance, marriage, acquaintance, marriage alliance, veranda, balcony",Guess the meaning of the Kunyomi reading,Text
"煙,||けむる,けむり,けむい||","smoke, smolder, be smoky, smoky, fumes, spray","Onyomi: エン = smoke",Guess the meaning of the Kunyomi reading,Text
"汚,||けがす,けがれる,けがらわしい,よごす,よごれる,きたない||","make dirty, stain, pollute, defile, contaminate, disgrace, dishonor, rape, get dirty, be defiled, be contaminated, filthy, unfair, soil, debauch, be stained, tarnish, dirty, filthy, unclean, soil","Onyomi: オ = make dirty, stain, pollute, defile, contaminate, disgrace, dishonor, rape",Guess the meaning of the Kunyomi reading,Text
"奥,||おく||","heart, interior","Onyomi: オウ = heart, interior",Guess the meaning of the Kunyomi reading,Text
"押,||おす,おさえる||","push, shove, press, squash, compress, stamp, seal, do in spite of, stop, check, restrain, pin down, suppress, subdue, control, catch, arrest, govern, stop (the ears), withhold, attach, seize, sec","Onyomi: オウ = push, shove, press, squash, compress, stamp, seal, do in spite of",Guess the meaning of the Kunyomi reading,Text
"暇,||ひま||","time, leisure, poor business, leave of absence, dismissal, divorce","Onyomi: カ = rest, leisure",Guess the meaning of the Kunyomi reading,Text
"皆,||みな||","all, everybody, everything","Onyomi: カイ = all, everybody, everything",Guess the meaning of the Kunyomi reading,Text
"壊,||こわす,こわれる||","break, destroy, tear up, crack, smack, mar, be broken, be demolished, fall into ruin","Onyomi: カイ = break",Guess the meaning of the Kunyomi reading,Text
"戒,||いましめる||","admonish, warn, prohibit","Onyomi: カイ = commandment, admonition",Guess the meaning of the Kunyomi reading,Text
"獲,||える||","get, acquire, find, earn, win, gain, receive, can, be able to, may, commit (sin)","Onyomi: カク = get, acquire, find, earn, win, gain, receive, can, be able to, may, commit (sin)",Guess the meaning of the Kunyomi reading,Text
"汗,||あせ||","perspiration","Onyomi: カン = be sweaty",Guess the meaning of the Kunyomi reading,Text
"乾,||かわく,かわかす||","dry, dry up, be dry, desiccate","Onyomi: カン = heaven, emperor",Guess the meaning of the Kunyomi reading,Text
"含,||ふくむ,ふくめる||","hold in the mouth, bear in mind, understand, cherish, harbor, contain, comprise, have, hold, include, embrace, be charged or loaded with, be dripping with, be full of, be suffused with, include, ","Onyomi: ガン = hold in the mouth, bear in mind, understand, cherish, harbor, contain, comprise, have, hold, include, embrace, be charged or loaded with, be dripping with, be full of, be suffused with",Guess the meaning of the Kunyomi reading,Text
"甘,||あまい,あまえる,あまやかす||","presume upon, take advantage of, coax, pamper, be indulgent, coddle, sweet, honeyed (words), lenient, halfwitted, easygoing, soft, mild, loose, trashy, sentimental","Onyomi: カン = presume upon, take advantage of, coax",Guess the meaning of the Kunyomi reading,Text
"勧,||すすめる||","recommend, advise, encourage, offer (wine)","Onyomi: カン = recommend, advise, encourage, offer (wine)",Guess the meaning of the Kunyomi reading,Text
"鑑,||かんがみる||","take warning from, learn a lesson from","Onyomi: カン = take warning from, learn a lesson from",Guess the meaning of the Kunyomi reading,Text
"鬼,||おに||","devil, demon, ghost, spirits of the dead, fiend, creditor, the one who is 'it' (in games)","Onyomi: キ = devil, demon, spirits of the dead",Guess the meaning of the Kunyomi reading,Text
"幾,||いく||","some, several, many, how many, how much","Onyomi: キ = how many, how much, how far, how long, so much per, however(difficult)",Guess the meaning of the Kunyomi reading,Text
"戯,||たわむれる||","play, sport, frolic, joke, flirt with","Onyomi: ギ = play, sport, frolic, joke, flirt with",Guess the meaning of the Kunyomi reading,Text
"祈,||いのる||","pray, wish","Onyomi: キ = pray, wish",Guess the meaning of the Kunyomi reading,Text
"輝,||かがやく||","shine, sparkle, gleam, twinkle, brilliant, radiant, bright","Onyomi: キ = shine, sparkle, gleam, twinkle, brilliant, radiant, bright",Guess the meaning of the Kunyomi reading,Text
"詰,||つめる,つまる,つむ||","be pressed in, be packed, become close, be checkmated, stuff, fill, pack, plug, place closely, write closely, sit closely, shorten, curtail, checkmate, keep doing, hold (one’s breath), attend (of","Onyomi: キツ = be pressed in, be packed, become close, be checkmated",Guess the meaning of the Kunyomi reading,Text
"脚,||あし||","foot, leg, paw, flipper, tentacles, arms, walk, step, pace, speed, footing, draft (of a ship), foot (of a mountain), trace, deficit, shortage","Onyomi: キャク,キャ = leg, skid, undercarriage",Guess the meaning of the Kunyomi reading,Text
"朽,||くちる||","decay, rot, remain in seclusion","Onyomi: キュウ = decay, rot, remain in seclusion",Guess the meaning of the Kunyomi reading,Text
"及,||およぶ,および,およぼす||","exert, exercise, cause, reach, come up to, amount to, befall, happen to, extend, match, equal, and, as well as","Onyomi: キュウ = exert, exercise, cause",Guess the meaning of the Kunyomi reading,Text
"丘,||おか||","hill, knoll, rising ground","Onyomi: キュウ = hill, knoll, rising ground",Guess the meaning of the Kunyomi reading,Text
"御,||おん||","honorific prefixes","Onyomi: ギョ,ゴ = imperial honorary prefix, honorific prefix",Guess the meaning of the Kunyomi reading,Text
"驚,||おどろく,おどろかす||","be surprised, be frightened, be taken aback, be appalled, be amazed, surprise, frighten, create a stir","Onyomi: キョウ = be surprised, be frightened, be taken aback, be appalled, be amazed",Guess the meaning of the Kunyomi reading,Text
"恐,||おそれる,おそろしい||","fear, dread, be afraid, be overawed, be apprehensive, terrible, awful, fierce, tremendous, marvelous","Onyomi: キョウ = fear, dread, be afraid, be overawed, be apprehensive",Guess the meaning of the Kunyomi reading,Text
"狂,||くるう,くるおしい||","go insane, lose one’s head, run amuck, rave, be madly in love, go haywire, break down, be upset, warp, fluctuate, miss the mark, (winds) howl","Onyomi: キョウ = lunatic",Guess the meaning of the Kunyomi reading,Text
"狭,||せまい,せばめる,せばまる||","narrow, contract, reduce, become narrow, contract, small (area), limited, tight","Onyomi: キョウ = narrow, contract, reduce",Guess the meaning of the Kunyomi reading,Text
"叫,||さけぶ||","shout, exclaim, cry, yell, roar, howl, cry for, clamor for, advocate","Onyomi: キョウ = shout, exclaim, cry, yell, roar, howl, cry for, clamor for, advocate",Guess the meaning of the Kunyomi reading,Text
"響,||ひびく||","sound, resound, reverberate, echo, ring, vibrate, grate on, affect, find an echo in, become known","Onyomi: キョウ = sound, resound, reverberate, echo, ring, vibrate, grate on, affect, find an echo in, become known",Guess the meaning of the Kunyomi reading,Text
"仰,||あおぐ,おおせ||","look up, look up to, ask for, depend on, seek, respect, revere, drink, take, statement, command, wishes (of a superior)","Onyomi: ギョウ,コウ = look up, look up to, ask for, depend on, seek, respect, revere, drink, take",Guess the meaning of the Kunyomi reading,Text
"駆,||かける,かる||","run, gallop, advance, drive (a car), spur on, prompt, actuate, inspire, sway, impel","Onyomi: ク = run, gallop, advance",Guess the meaning of the Kunyomi reading,Text
"掘,||ほる||","dig, delve, core, excavate, sink (wells), dig up, scoop out, pick (the ear), probe","Onyomi: クツ = dig, delve, core, excavate, sink (wells), dig up, scoop out, pick (the ear), probe",Guess the meaning of the Kunyomi reading,Text
"傾,||かたむく,かたむける||","incline toward, tilt, slant, slope, lurch, heel over, be disposed to, trend toward, be prone to, go down (sun), wane, sink, decline, incline, list, bend, lean, tip, concentrate on, devote to, rui","Onyomi: ケイ = lean, incline, tilt, list, tip, careen, lurch",Guess the meaning of the Kunyomi reading,Text
"迎,||むかえる||","meet, greet, welcome, invite, engage","Onyomi: ゲイ = meet, greet, welcome, invite, engage",Guess the meaning of the Kunyomi reading,Text
"継,||つぐ||","succeed to, inherit, follow, patch, graft (trees), tell","Onyomi: ケイ = succeed to, inherit, follow, patch, graft (trees), tell",Guess the meaning of the Kunyomi reading,Text
"恵,||めぐむ||","bless, show mercy to, render benevolence to","Onyomi: ケイ,エ = blessing, grace, favor, kindness, mercy, benevolence, charity",Guess the meaning of the Kunyomi reading,Text
"撃,||うつ||","strike, hit, beat, knock, slap, punch, thrash, smite, clap (one’s hands), beat (a drum), ring (a bell), (clocks) strike, impress, touch, shoot, pound in (a nail), water, sprinkle, braid, play (ch","Onyomi: ゲキ = attack, defeat, destroy, conquer",Guess the meaning of the Kunyomi reading,Text
"兼,||かねる||","combine with, serve as both, hold an additional post, use with","Onyomi: ケン = and, in addition, concurrently",Guess the meaning of the Kunyomi reading,Text
"堅,||かたい||","hard, solid, tough, rigid, tight, steady, firm, strict, safe, reliable, upright, chaste, constant, stiff, bookish, classical, stubborn","Onyomi: ケン = hard, solid, tough, rigid, tight, steady, firm, strict, safe, reliable, upright, chaste, constant, stiff, bookish, classical, stubborn",Guess the meaning of the Kunyomi reading,Text
"軒,||のき||","eaves","Onyomi: ケン = house counter",Guess the meaning of the Kunyomi reading,Text
"遣,||つかう,つかわす||","send, dispatch, give, donate, bestow on, do for (someone), use, handle, manipulate, employ, need, want, spend, consume, speak (English), practice (fencing), take (one’s lunch), circulate (bad mon","Onyomi: ケン = send, dispatch, give, donate, bestow on, do for (someone)",Guess the meaning of the Kunyomi reading,Text
"肩,||かた||","shoulder","Onyomi: ケン = shoulder",Guess the meaning of the Kunyomi reading,Text
"剣,||つるぎ||","sword","Onyomi: ケン = sword, saber, blade, bayonet, sting, clock hand",Guess the meaning of the Kunyomi reading,Text
"誇,||ほこる||","boast of, be proud of","Onyomi: コ = boast of, be proud of",Guess the meaning of the Kunyomi reading,Text
"鼓,||つづみ||","drum","Onyomi: コ = drum",Guess the meaning of the Kunyomi reading,Text
"互,||たがい||","mutually, reciprocally, together","Onyomi: ゴ = mutually, reciprocally, together",Guess the meaning of the Kunyomi reading,Text
"枯,||かれる,からす||","wither, die, be dead, age, be seasoned, fog up,kill (vegetation), let dry, season (lumber)","Onyomi: コ = wither, die, be dead, age, be seasoned, fog up",Guess the meaning of the Kunyomi reading,Text
"更,||さら,ふける,ふかす||","sit up late,get late, grow old, reach the height of the season,again, after all, more and more","Onyomi: コウ = a watch of the night",Guess the meaning of the Kunyomi reading,Text
"攻,||せめる||","attack, offensive","Onyomi: コウ = attack, assault",Guess the meaning of the Kunyomi reading,Text
"荒,||あらい,あれる,あらす||","rough, rude, wild, harsh, violent, gruff, fierce,be ruined, become stormy, tear around, get chapped,lay waste","Onyomi: コウ = rough, rude, wild, harsh, violent, gruff, fierce",Guess the meaning of the Kunyomi reading,Text
"鎖,||くさり||","chain, irons, connection","Onyomi: サ = chain, irons, connection",Guess the meaning of the Kunyomi reading,Text
"彩,||いろどる||","color, paint, make up","Onyomi: サイ = color, paint, make up",Guess the meaning of the Kunyomi reading,Text
"載,||のせる,のる||","ride, board, mount, get up on, spread (paints), be taken in, share in, join, be found in (a dictionary), feel like doing, be mentioned in, be in harmony with,place, put, lay, set, let (one) take ","Onyomi: サイ = ride, board, mount, get up on, spread (paints), be taken in, share in, join, be found in (a dictionary), feel like doing, be mentioned in, be in harmony with",Guess the meaning of the Kunyomi reading,Text
"惨,||みじめ||","sad, pitiful, wretched","Onyomi: サン,ザン = disaster, cruelty, wretchedness",Guess the meaning of the Kunyomi reading,Text
"刺,||さす,ささる||","pierce, thrust, stab, prick, bite, sting, pin down, sew, stitch, put (a runner) out, pole (a boat), stick,be stuck","Onyomi: シ = calling card",Guess the meaning of the Kunyomi reading,Text
"脂,||あぶら||","fat, grease, tallow, blubber, lard, suet","Onyomi: シ = fat, rouge",Guess the meaning of the Kunyomi reading,Text
"雌,||め,めす||","female","Onyomi: シ = female",Guess the meaning of the Kunyomi reading,Text
"紫,||むらさき||","purple, violet, soy sauce","Onyomi: シ = purple, violet",Guess the meaning of the Kunyomi reading,Text
"旨,||むね||","purport, principle, instructions, will, thinking","Onyomi: シ = relish, show a liking for",Guess the meaning of the Kunyomi reading,Text
"伺,||うかがう||","visit, ask, inquire, question, hear, be told, implore (a good for an oracle)","Onyomi: シ = visit, ask, inquire, question, hear, be told, implore (a good for an oracle)",Guess the meaning of the Kunyomi reading,Text
"執,||とる||","take, hold, seize, catch, capture, fetch, receive, procure, obtain, adopt (a measure), engage (graduates), choose, order (foodstuffs), pick, pluck, make, produce, eat, set up (camp), charge, admi","Onyomi: シツ,シュウ = take, hold, seize, catch, capture, fetch, receive, procure, obtain, adopt (a measure), engage (graduates), choose, order (foodstuffs), pick, pluck, make, produce, eat, set up (camp), charge, administer, transact, take (pains), make out (the meaning), remove, take off (one's hat), take out (spots), strike out (words), weed, catch (fish), deprive of, steal, capture (territory), annex, need, require, reserve (rooms), subscribe to, press (a point home), take (a picture), possess",Guess the meaning of the Kunyomi reading,Text
"煮,||にる,にえる,にやす||","boil, cook, be cooked, be boiled,boil, cook","Onyomi: シャ = boil, cook, be cooked, be boiled",Guess the meaning of the Kunyomi reading,Text
"斜,||ななめ||","slanting, diagonal, oblique, askew, unpleasant, disagreeable","Onyomi: シャ = slanting, oblique",Guess the meaning of the Kunyomi reading,Text
"寂,||さび,さびしい,さびれる||","patina, antique look, elegant simplicity, trained recite's voice,lonely, lonesome, solitary, deserted, desolate","Onyomi: ジャク,セキ = quietly, death of a priest",Guess the meaning of the Kunyomi reading,Text
"狩,||かる,かり||","hunt,hunting, raiding, gathering (mushrooms), viewing (maples)","Onyomi: シュ = hunt",Guess the meaning of the Kunyomi reading,Text
"趣,||おもむき||","import, meaning, contents,tenor, gist, tone, touch, sentiment, charm, aspect, appearance","Onyomi: シュ = proceed to, become, tend toward",Guess the meaning of the Kunyomi reading,Text
"獣,||けもの||","animal, beast","Onyomi: ジュウ = animal, beast",Guess the meaning of the Kunyomi reading,Text
"襲,||おそう||","attack, advance on, succeed to, call unexpectedly","Onyomi: シュウ = attack",Guess the meaning of the Kunyomi reading,Text
"舟,||ふね,ふな||","boat, ship, vessel, steamer, liner, barge, shipping, tank, trough, cistern, vat","Onyomi: シュウ = boat",Guess the meaning of the Kunyomi reading,Text
"秀,||ひいでる||","surpass, excel, tower above, rise to eminence","Onyomi: シュウ = excellence, beauty",Guess the meaning of the Kunyomi reading,Text
"柔,||やわらか,やわらかい||","soft, tender, plastic, limp, gentle, mellow","Onyomi: ジュウ,ニュウ = weakness, gentleness, softness",Guess the meaning of the Kunyomi reading,Text
"巡,||めぐる||","go around, in connection with, concering","Onyomi: ジュン = going around, circumference",Guess the meaning of the Kunyomi reading,Text
"盾,||たて||","shield, buckler, escutcheon, pretext","Onyomi: ジュン = shield, buckler, escutcheon, pretext",Guess the meaning of the Kunyomi reading,Text
"瞬,||またたく||","wink, twinkle, flicker","Onyomi: シュン = wink, blink",Guess the meaning of the Kunyomi reading,Text
"丈,||たけ||","height, stature, length, measure","Onyomi: ジョウ = 10 feet, length, measure, Mr,or Mrs,(re: artists)",Guess the meaning of the Kunyomi reading,Text
"床,||とこ,ゆか||","bed, sickbed, floor, alcove, padding","Onyomi: ショウ = bed, floor",Guess the meaning of the Kunyomi reading,Text
"召,||めす||","call, send for, wear, put on, take (a bath), ride in, buy, eat, drink, catch (a cold)","Onyomi: ショウ = call, send for, wear, put on, take (a bath), ride in, buy, eat, drink, catch (a cold)",Guess the meaning of the Kunyomi reading,Text
"詳,||くわしい||","full, detailed, minute, accurate, versed in, wellinformed on","Onyomi: ショウ = full, detailed, minute, accurate, versed in, wellinformed on",Guess the meaning of the Kunyomi reading,Text
"畳,||たたむ,たたみ||","fold, fold up, furl, shut up, shut, wind up (affairs), do away with, kill, bear in mind,folding, collapsible","Onyomi: ジョウ = mat counter",Guess the meaning of the Kunyomi reading,Text
"沼,||ぬま||","swamp, bog, pond, lake","Onyomi: ショウ = swamp, lake",Guess the meaning of the Kunyomi reading,Text
"殖,||ふえる,ふやす||","increase, multiply, accrue, (water) rises,add to, raise, augment","Onyomi: ショク = increase",Guess the meaning of the Kunyomi reading,Text
"飾,||かざる||","ornament, decorate, adorn, embellish, exhibit, be ostentatious, whitewash","Onyomi: ショク = ornament, decorate, adorn, embellish, exhibit, be ostentatious, whitewash",Guess the meaning of the Kunyomi reading,Text
"触,||ふれる,さわる||","touch, feel, hit, strike, graze, announce, proclaim, mention, refer to, conflict with, be contrary to","Onyomi: ショク = touching",Guess the meaning of the Kunyomi reading,Text
"慎,||つつしむ||","be discreet, be careful, be prudent, be cautious, restrain oneself, be moderate","Onyomi: シン = be discreet, be careful, be prudent, be cautious, restrain oneself, be moderate",Guess the meaning of the Kunyomi reading,Text
"尋,||たずねる||","look for, inquire for, ask (someone) a question","Onyomi: ジン = fathom",Guess the meaning of the Kunyomi reading,Text
"薪,||たきぎ||","firewood, kindling, fuel","Onyomi: シン = firewood",Guess the meaning of the Kunyomi reading,Text
"侵,||おかす||","invate, raid, violate, trespass, intrude on","Onyomi: シン = invate, raid, violate, trespass, intrude on",Guess the meaning of the Kunyomi reading,Text
"震,||ふるう,ふるえる||","shake, tremble, quiver, shiver, shudder, vibrate","Onyomi: シン = shake, tremble, quiver, shiver, shudder, vibrate",Guess the meaning of the Kunyomi reading,Text
"寝,||ねる,ねかす||","sleep, retire, be bedridden, lie down, lie idle, remain unsold,put to sleep, send to bed, lay down, let lie idle","Onyomi: シン = sleeping, resting, bed",Guess the meaning of the Kunyomi reading,Text
"浸,||ひたす,ひたる||","soak, dip, steep, immerse, moisten, wet, dunk, drench,be soaked in, be immersed in, be flooded, be submerged, be bathed in, be addicted to","Onyomi: シン = soak, dip, steep, immerse, moisten, wet, dunk, drench",Guess the meaning of the Kunyomi reading,Text
"尽,||つくす,つきる,つかす||","use up, run out of, exhaust, serve, befriend, work for, endeavor, do (one's duty),become exhausted, be consumed, spend, end","Onyomi: ジン = use up, run out of, exhaust, serve, befriend, work for, endeavor, do (one's duty),last day of the month",Guess the meaning of the Kunyomi reading,Text
"振,||ふる,ふるう,ふれる||","wave, wag, swing, shake, sprinkle, brandish, jilt, reject, attach, allot,lean toward, deflect, tend, shake, swing, oscillate,wield, be invigorated, be spirited, flourish","Onyomi: シン = wave, wag, swing, shake, sprinkle, brandish, jilt, reject, attach, allot",Guess the meaning of the Kunyomi reading,Text
"吹,||ふく||","breathe, blow, play (a wind instrument), emit, smelt, mint, brag","Onyomi: スイ = breathe, blow, play (a wind instrument), emit, smelt, mint, brag",Guess the meaning of the Kunyomi reading,Text
"跡,||あと||","mark, print, impression, trace, track, trail, wake, marks, traces, evidence, scar, ruins, precedent","Onyomi: セキ = mark, print, impression, trace, track, trail, wake, marks, traces, evidence, scar, ruins, precedent",Guess the meaning of the Kunyomi reading,Text
"扇,||おうぎ||","folding fan","Onyomi: セン = fan",Guess the meaning of the Kunyomi reading,Text
"鮮,||あざやか||","vivid, clear, brilliant, fresh, graceful, splendid, beautiful","Onyomi: セン = Korea",Guess the meaning of the Kunyomi reading,Text
"占,||しめる,うらなう||","occupy, hold, have, get, take (a seat),divine, forecast, augur","Onyomi: セン = occupy, hold, have, get, take (a seat)",Guess the meaning of the Kunyomi reading,Text
"訴,||うったえる||","sue, complain of (pain), appeal to, have recourse to","Onyomi: ソ = sue, complain of (pain), appeal to, have recourse to",Guess the meaning of the Kunyomi reading,Text
"騒,||さわぐ||","make a noise, be boisterous, shout, clamor, raise an uproar, be excited, be agitated, bustle around, make a fuss about, make merry, go on a spree","Onyomi: ソウ = make a noise, be boisterous, shout, clamor, raise an uproar, be excited, be agitated, bustle around, make a fuss about, make merry, go on a spree",Guess the meaning of the Kunyomi reading,Text
"贈,||おくる||","send, give to, award to, confer on","Onyomi: ゾウ,ソウ = present (something)",Guess the meaning of the Kunyomi reading,Text
"替,||かえる,かわる||","change, turn, convert, exchange, renew, substitute, replace,relieve","Onyomi: タイ = change, turn, convert, exchange, renew, substitute, replace",Guess the meaning of the Kunyomi reading,Text
"耐,||たえる||","endure, support, withstand, resist, brave, weather, be fit for, be equal to","Onyomi: タイ = enduring",Guess the meaning of the Kunyomi reading,Text
"沢,||さわ||","swamp, marsh, dale, valley","Onyomi: タク = swamp, blessing",Guess the meaning of the Kunyomi reading,Text
"濁,||にごる,にごす||","be muddy, be impure, be voiced, be vague,make muddy, make cloudy, quibble, prevaricate","Onyomi: ダク = uncleanness, wrong, muddiness, impurity, voicing marks, voiced sound, voiced consonant, unrefined sake",Guess the meaning of the Kunyomi reading,Text
"脱,||ぬぐ,ぬげる||","take off (clothes), undress,come off, slip off, slip down","Onyomi: ダツ = removing",Guess the meaning of the Kunyomi reading,Text
"弾,||ひく,はずむ,たま||","play on,spring, bound, rebound, be inspired, be spurred on, invest in, be generous (in tipping), breathe with difficulty,bullet, shot, shell","Onyomi: ダン = bullet",Guess the meaning of the Kunyomi reading,Text
"淡,||あわい||","light, faint, pale, fleeting, a little","Onyomi: タン = light, faint, pale, fleeting, a little",Guess the meaning of the Kunyomi reading,Text
"端,||はし,は,はた||","end, tip, edge, border, one side, corner, beginning, scrap of cloth,side","Onyomi: タン = origin, end, point",Guess the meaning of the Kunyomi reading,Text
"嘆,||なげく,なげかわしい||","sigh, lament, moan, grieve, regret, deplore, sorrow,sad, wretched, deplorable","Onyomi: タン = sigh",Guess the meaning of the Kunyomi reading,Text
"遅,||おくれる,おくらす,おそい||","be late, be delayed, be overdue, lag behind, (clocks) lose,retard, delay, defer,late, slow","Onyomi: チ = be late, be delayed, be overdue, lag behind, (clocks) lose",Guess the meaning of the Kunyomi reading,Text
"致,||いたす||","do, send, forward, incur, cause, render (assistance), exert (oneself), engage, call in (a doctor)","Onyomi: チ = do, send, forward, incur, cause, render (assistance), exert (oneself), engage, call in (a doctor)",Guess the meaning of the Kunyomi reading,Text
"恥,||はじる,はじ,はじらう,はずかしい||","shame, dishonor, disgrace, humiliation, insult,feel ashamed,feel shy, be coy, be bashful, blush,bashful, ashamed, coy, disgraceful, shameful","Onyomi: チ = shame, dishonor, disgrace, humiliation, insult",Guess the meaning of the Kunyomi reading,Text
"蓄,||たくわえる||","store, lay in stock, save, wear (a mustache)","Onyomi: チク = store, hoard, savings",Guess the meaning of the Kunyomi reading,Text
"澄,||すむ,すます||","be clear, become clear, clarify,clear, settle, strain (one's ears), look grave","Onyomi: チョウ = be clear, become clear, clarify",Guess the meaning of the Kunyomi reading,Text
"跳,||はねる,とぶ||","leap, spring up, hop, jerk, prance, buck, bound, spatter, splash, snap, crack, sputter, close, be over,jump, spring, bound, vault, hop","Onyomi: チョウ = leap, spring up, hop, jerk, prance, buck, bound, spatter, splash, snap, crack, sputter, close, be over",Guess the meaning of the Kunyomi reading,Text
"沈,||しずむ,しずめる||","sink, be submerged, subside, cave in, feel depressed, be overcome with,submerge, immerse","Onyomi: チン = aloes",Guess the meaning of the Kunyomi reading,Text
"珍,||めずらしい||","new, novel, rare, strange, curious, unusual, nice (gift)","Onyomi: チン = rare, curious, strange",Guess the meaning of the Kunyomi reading,Text
"堤,||つつみ||","dike, bank, embankment","Onyomi: テイ = dike, bank, embankment",Guess the meaning of the Kunyomi reading,Text
"滴,||しずく,したたる||","drop,drip, trickle","Onyomi: テキ = drop",Guess the meaning of the Kunyomi reading,Text
"摘,||つむ||","pick, pluck, pull out, trim, clip, nip, gather","Onyomi: テキ = pick, pinch, hold in the fingers, summarize",Guess the meaning of the Kunyomi reading,Text
"添,||そえる,そう||","accompany, marry, be added to, suit, meet, satisfy, be adjusted to,add to, attach, append, accompany, garnish, imitate","Onyomi: テン = accompany, marry, be added to, suit, meet, satisfy, be adjusted to",Guess the meaning of the Kunyomi reading,Text
"殿,||との,どの||","mister,lord, mansion, place,Mr.","Onyomi: デン,テン = hall, mansion, palace, temple, rear guard",Guess the meaning of the Kunyomi reading,Text
"怒,||いかる,おこる||","become angry, be offended, become excited","Onyomi: ド = become angry, be offended, become excited",Guess the meaning of the Kunyomi reading,Text
"渡,||わたる,わたす||","cross, ford, ferry, be imported, change hands, make one's way through life, sweep across, migrate, be provided,carry across, ferry over, bring over, hand over, deliver, deal (cards), transfer (a ","Onyomi: ト = cross, ford, ferry, be imported, change hands, make one's way through life, sweep across, migrate, be provided",Guess the meaning of the Kunyomi reading,Text
"吐,||はく||","disgorge, vomit, belch, emit, give vent to, confess, tell (lies), speak","Onyomi: ト = disgorge, vomit, belch, emit, give vent to, confess, tell (lies), speak",Guess the meaning of the Kunyomi reading,Text
"倒,||たおれる,たおす||","fall, collapse, drop, break down, die, succumb to, fall senseless, be ruined, have a bad debt,bring down, throw down, blow down, fell, knock down, trip up, defeat, ruin, overthrow, kill, leave un","Onyomi: トウ = fall, collapse, drop, break down, die, succumb to, fall senseless, be ruined, have a bad debt",Guess the meaning of the Kunyomi reading,Text
"闘,||たたかう||","wage war, fight, engage in a contest, struggle against","Onyomi: トウ = fighting",Guess the meaning of the Kunyomi reading,Text
"逃,||にげる,にがす,のがす,のがれる||","flee, run away, escape, shirk, evade, back out,let go, set free, let escape, miss (a chance),avoid","Onyomi: トウ = flee, run away, escape, shirk, evade, back out",Guess the meaning of the Kunyomi reading,Text
"桃,||もも||","peach","Onyomi: トウ = peach",Guess the meaning of the Kunyomi reading,Text
"透,||すく,すかす,すける||","be transparent, be seen through, be thin, leave a gap,leave a space, thin (trees), make transparent, look through","Onyomi: トウ = permeate, penetrate",Guess the meaning of the Kunyomi reading,Text
"稲,||いね,いな||","rice plant","Onyomi: トウ = rice plant",Guess the meaning of the Kunyomi reading,Text
"踏,||ふむ,ふまえる||","step on, trample on, stamp on, carry through, practice, appraise, set foot on, evade payment,stand on","Onyomi: トウ = step on, trample on, stamp on, carry through, practice, appraise, set foot on, evade payment",Guess the meaning of the Kunyomi reading,Text
"唐,||から||","China, Cathay, Korea, Foreign countries,Chinese, Korean, Foreign","Onyomi: トウ = Tang (dynasty), China, foreign countries,Chinese, Korean, Foreign",Guess the meaning of the Kunyomi reading,Text
"盗,||ぬすむ||","steal, rob, pilfer","Onyomi: トウ = thief",Guess the meaning of the Kunyomi reading,Text
"突,||つく||","thrust, pierce, spear, stab, prick, gore, lunge at, push, poke, strike (a bell), attack, strike (at the heart), brave (a storm), be pungent, strike against, (words) rush (to one's lips)","Onyomi: トツ = protruding, thrusting",Guess the meaning of the Kunyomi reading,Text
"曇,||くもる||","cloud up, fog up, become dim, be blurred, be gloomy","Onyomi: ドン = cloud up, fog up, become dim, be blurred, be gloomy",Guess the meaning of the Kunyomi reading,Text
"鈍,||にぶい,にぶる||","dull, slow, blunt (tool), dim (light), thick (voice),become dull, weaken","Onyomi: ドン = dullness, slowness, foolishness",Guess the meaning of the Kunyomi reading,Text
"濃,||こい||","dark, deep, saturated, strong (drink), intimate, thick","Onyomi: ノウ = dark, thick, undiluted",Guess the meaning of the Kunyomi reading,Text
"悩,||なやむ,なやます||","worry, be troubled, be afflicted, be in pain,annoy, embarrass, afflict, worry, oppress, torment","Onyomi: ノウ = distress, illness",Guess the meaning of the Kunyomi reading,Text
"杯,||さかずき||","wine glass, sake cup, chalice, cup","Onyomi: ハイ = cup, glass, toast, congratulatory cup, counter for cupfuls",Guess the meaning of the Kunyomi reading,Text
"泊,||とまる,とめる||","stay at, put up at, ride at anchor,lodge a person","Onyomi: ハク = (threeday) stay",Guess the meaning of the Kunyomi reading,Text
"迫,||せまる||","press for, urge, force, spur on, approach, gain on, close in on, be on the verge of, be imminent","Onyomi: ハク = press for, urge, force, spur on, approach, gain on, close in on, be on the verge of, be imminent",Guess the meaning of the Kunyomi reading,Text
"薄,||うすい,うすめる,うすまる,うすらぐ,うすれる||","thin, weak (tea), light, pale, faint, scanty, ungenerous,dilute, weaken,thin out, fade, grow pale, be toned down, get dim, cool (emotions), abate, lessen, decline","Onyomi: ハク = thin, weak (tea), light, pale, faint, scanty, ungenerous",Guess the meaning of the Kunyomi reading,Text
"抜,||ぬく,ぬける,ぬかす,ぬかる||","extract, unlock, pull out, root up, unsheathe, pilfer, quote, remove, omit, capture, outrun, shoot through,come off, fall out, slip out, be omitted, be missing, be rid of, pass through, escape, b","Onyomi: バツ = extract, unlock, pull out, root up, unsheathe, pilfer, quote, remove, omit, capture, outrun, shoot through",Guess the meaning of the Kunyomi reading,Text
"髪,||かみ||","the hair","Onyomi: ハツ = the hair",Guess the meaning of the Kunyomi reading,Text
"避,||さける||","avoid, avert, ward off, keep aloof from, stay away from, evade, shirk, shun","Onyomi: ヒ = avoid, avert, ward off, keep aloof from, stay away from, evade, shirk, shun",Guess the meaning of the Kunyomi reading,Text
"疲,||つかれる||","get tired, grow weary","Onyomi: ヒ = get tired, grow weary",Guess the meaning of the Kunyomi reading,Text
"彼,||かれ,かの||","he,that, the","Onyomi: ヒ = he, that",Guess the meaning of the Kunyomi reading,Text
"被,||こうむる||","get, receive, sustain (an injury), be subjected to (criticism)","Onyomi: ヒ = receiving",Guess the meaning of the Kunyomi reading,Text
"尾,||お||","tail, trail (of a meteor), lower slope (of a mountain)","Onyomi: ビ = tail, end, counter for fish",Guess the meaning of the Kunyomi reading,Text
"匹,||ひき||","head, counter (small animals), roll of cloth","Onyomi: ヒツ = head, counter (small animals), roll of cloth",Guess the meaning of the Kunyomi reading,Text
"描,||えがく,かく||","write, compose, draw, paint,sketch, describe","Onyomi: ビョウ = write, compose, draw, paint",Guess the meaning of the Kunyomi reading,Text
"浜,||はま||","beach, seashore, fishing village","Onyomi: ヒン = beach, seashore, fishing village",Guess the meaning of the Kunyomi reading,Text
"舞,||まう,まい||","dance, flutter about, flit, circle, wheel,dancing","Onyomi: ブ = dance, flutter about, flit, circle, wheel",Guess the meaning of the Kunyomi reading,Text
"怖,||こわい||","fearful, frightful, terrible, weird","Onyomi: フ = fear, be frightened, be timid, get nervous",Guess the meaning of the Kunyomi reading,Text
"浮,||うく,うかれる,うかぶ,うかべる||","float, be floated, rise to the surface, be cheered up, be set on edge, feel loose (teeth), be left over, be saved,launch, sail (a toy ship), refloat, waft, express (feelings in the face), recall,","Onyomi: フ = float, be floated, rise to the surface, be cheered up, be set on edge, feel loose (teeth), be left over, be saved",Guess the meaning of the Kunyomi reading,Text
"腐,||くさる,くされる,くさらす||","rot, decay, turn sour, fester, corrode, be corrupted, feel gloomy,let spoil, rot, corrode, addle","Onyomi: フ = rot, decay, turn sour, fester, corrode, be corrupted, feel gloomy",Guess the meaning of the Kunyomi reading,Text
"敷,||しく||","spread, pave, sit (on a cushion), lay (a railway), gravel (a road), promulgate, draw up","Onyomi: フ = spread, pave, sit (on a cushion), lay (a railway), gravel (a road), promulgate, draw up",Guess the meaning of the Kunyomi reading,Text
"幅,||はば||","width, breadth, range, difference (in price), power, influence","Onyomi: フク = hanging scroll, picture, width, counter for scrolls",Guess the meaning of the Kunyomi reading,Text
"払,||はらう||","clear out, sweep away, wipe off, brush off, drive away, banish, prune, parry, pay, dispose of, wield (a sword) sideways, show interest in","Onyomi: フツ = clear out, sweep away, wipe off, brush off, drive away, banish, prune, parry, pay, dispose of, wield (a sword) sideways, show interest in",Guess the meaning of the Kunyomi reading,Text
"噴,||ふく||","spout, emit, flush out","Onyomi: フン = spout, emit, flush out",Guess the meaning of the Kunyomi reading,Text
"柄,||がら,え||","handle, crank, grip, hilt, shaft, knob, spoke (of steering wheel on a ship),pattern, design, build, character, nature","Onyomi: ヘイ = handle, crank, grip, hilt, shaft, knob, spoke (of steering wheel on a ship)",Guess the meaning of the Kunyomi reading,Text
"壁,||かべ||","wall","Onyomi: ヘキ = wall, lining (of the stomach), fence, partition",Guess the meaning of the Kunyomi reading,Text
"捕,||とらえる,とらわれる,とる,つかまえる,つかまる||","catch, arrest, capture,be caught, be captured,be arrested, be a slave to, be seized with","Onyomi: ホ = catch, arrest, capture",Guess the meaning of the Kunyomi reading,Text
"忙,||いそがしい||","busy, occupied","Onyomi: ボウ = busy, occupied",Guess the meaning of the Kunyomi reading,Text
"抱,||だく,いだく,かかえる||","hug, embrace, hold in the arms, sit (on eggs),entertain (hope), cherish (a desire), harbor (malice), hold, have,hold or carry under or in the arms","Onyomi: ホウ = hug, embrace, hold in the arms, sit (on eggs)",Guess the meaning of the Kunyomi reading,Text
"峰,||みね||","peak, summit, top, back (of a sword)","Onyomi: ホウ = peak, summit, top, back (of a sword)",Guess the meaning of the Kunyomi reading,Text
"冒,||おかす||","risk, face, defy, dare, (diseases) attack, damage, desecrate, assume (a name)","Onyomi: ボウ = risk, face, defy, dare, (diseases) attack, damage, desecrate, assume (a name)",Guess the meaning of the Kunyomi reading,Text
"傍,||かたわら||","side, besides, while","Onyomi: ボウ = side, besides, while",Guess the meaning of the Kunyomi reading,Text
"眠,||ねむる,ねむい||","sleep, die,sleepy, drowsy, lethargic","Onyomi: ミン = sleep",Guess the meaning of the Kunyomi reading,Text
"矛,||ほこ||","halberd, arms, festival car, float","Onyomi: ム = halberd, arms, festival car, float",Guess the meaning of the Kunyomi reading,Text
"霧,||きり||","mist, fog, spray","Onyomi: ム = mist, fog, spray",Guess the meaning of the Kunyomi reading,Text
"茂,||しげる||","grow thick, be overgrown, be luxuriant","Onyomi: モ = grow thick, be overgrown, be luxuriant",Guess the meaning of the Kunyomi reading,Text
"網,||あみ||","net, netting","Onyomi: モウ = net, network",Guess the meaning of the Kunyomi reading,Text
"黙,||だまる||","become silent, stop speaking, say nothing","Onyomi: モク = keeping silence",Guess the meaning of the Kunyomi reading,Text
"躍,||おどる||","dance, leap, skip, throb (the heart), act as a cat'spaw, double (the interest on a debt)","Onyomi: ヤク = dance, leap, skip, throb (the heart), act as a cat'spaw, double (the interest on a debt)",Guess the meaning of the Kunyomi reading,Text
"雄,||お,おす||","male","Onyomi: ユウ = male, hero, great leader, superiority, excellence",Guess the meaning of the Kunyomi reading,Text
"与,||あたえる||","give, award, impart, provide, allot, cause (pain or damage)","Onyomi: ヨ = give, award, impart, provide, allot, cause (pain or damage)",Guess the meaning of the Kunyomi reading,Text
"誉,||ほまれ||","honor, glory","Onyomi: ヨ = praise",Guess the meaning of the Kunyomi reading,Text
"謡,||うたい,うたう||","chanting of the noh, chant, noh singer","Onyomi: ヨウ = chant",Guess the meaning of the Kunyomi reading,Text
"踊,||おどる,おどり||","dance, leap, skip, throb (the heart), act as a cat'spaw, double (the interest on a debt),dancing, step","Onyomi: ヨウ = dance, leap, skip, throb (the heart), act as a cat'spaw, double (the interest on a debt)",Guess the meaning of the Kunyomi reading,Text
"腰,||こし||","hips, waist, loins, pelvic region, small of the back, haunch, lowerpanel wainscoting (lower wall only), stem (of a wine glass)","Onyomi: ヨウ = hips, waist, loins, pelvic region, small of the back, haunch, lowerpanel wainscoting (lower wall only), stem (of a wine glass)",Guess the meaning of the Kunyomi reading,Text
"溶,||とける,とかす,とく||","melt, dissolve, thaw,liquefy, melt","Onyomi: ヨウ = melt, dissolve, thaw",Guess the meaning of the Kunyomi reading,Text
"翼,||つばさ||","wings","Onyomi: ヨク = wing, plane, flank",Guess the meaning of the Kunyomi reading,Text
"頼,||たのむ,たのもしい,たよる||","ask, request, entreat, appeal, entrust to, commission, employ, call in, depend on, have recourse to, trust in,rely on, have recourse to,reliable, trustworthy, hopeful","Onyomi: ライ = ask, request, entreat, appeal, entrust to, commission, employ, call in, depend on, have recourse to, trust in",Guess the meaning of the Kunyomi reading,Text
"雷,||かみなり||","thunder","Onyomi: ライ = thunder",Guess the meaning of the Kunyomi reading,Text
"絡,||からむ,からまる,からめる||","coil around, get twisted, stick to, pick a quarrel,twine around,get caught in, be urged on by","Onyomi: ラク = coil around, get twisted, stick to, pick a quarrel",Guess the meaning of the Kunyomi reading,Text
"離,||はなれる,はなす||","separate, part from, come off, become disjoined, digress, get free, become estranged, be (three miles) away, be separated (by three years), leave, quit, depart from,disconnect, sever, detach, kee","Onyomi: リ = separation",Guess the meaning of the Kunyomi reading,Text
"粒,||つぶ||","grain, drop, counter for tiny particles","Onyomi: リュウ = grain, drop",Guess the meaning of the Kunyomi reading,Text
"隣,||となる,となり||","adjoin, nextdoor neighbor, adjoining","Onyomi: リン = neighboring",Guess the meaning of the Kunyomi reading,Text
"涙,||なみだ||","tear, sympathy","Onyomi: ルイ = tear, sympathy",Guess the meaning of the Kunyomi reading,Text
"麗,||うるわしい||","beautiful, lovely, graceful","Onyomi: レイ = beautiful, bright and clear, fine, serene",Guess the meaning of the Kunyomi reading,Text
"暦,||こよみ||","calendar, almanac","Onyomi: レキ = calendar, almanac",Guess the meaning of the Kunyomi reading,Text
"劣,||おとる||","be inferior to, be worse than","Onyomi: レツ = be inferior to, be worse than",Guess the meaning of the Kunyomi reading,Text
"恋,||こう,こい,こいしい||","be in love,love, tender sentiment,dear, beloved, darling","Onyomi: レン = be in love",Guess the meaning of the Kunyomi reading,Text
"露,||つゆ||","dew, dewdrops, tears, mortality, flimsiness, (with neg.) not a bit","Onyomi: ロ,ロウ = dew, Russia",Guess the meaning of the Kunyomi reading,Text
"惑,||まどう||","be perplexed, be in doubt, hesitate, vacillate, go astray, err, be tempted, be infatuated, be misguided","Onyomi: ワク = be perplexed, be in doubt, hesitate, vacillate, go astray, err, be tempted, be infatuated, be misguided",Guess the meaning of the Kunyomi reading,Text
"腕,||うで||","arm, ability, talent","Onyomi: ワン = arm",Guess the meaning of the Kunyomi reading,Text
"丹,||タン||","red, red lead, pills","",Guess the meaning of the Onyomi reading,Text
"介,||カイ||","shell, shellfish","",Guess the meaning of the Onyomi reading,Text
"依,||イ,エ||","depend on","",Guess the meaning of the Onyomi reading,Text
"俗,||ゾク||","customs, manners, the world, worldliness, vulgarity, mundane things, the laity","",Guess the meaning of the Onyomi reading,Text
"僧,||ソウ||","monk, priest","",Guess the meaning of the Onyomi reading,Text
"儀,||ギ||","rule, ceremony, case, affair, a matter","",Guess the meaning of the Onyomi reading,Text
"凡,||ボン,ハン||","mediocrity","",Guess the meaning of the Onyomi reading,Text
"凶,||キョウ||","evil, bad luck, disaster, bad harvest","",Guess the meaning of the Onyomi reading,Text
"剤,||ザイ||","medicine, drug, dose","",Guess the meaning of the Onyomi reading,Text
"即,||ソク||","namely, as is","",Guess the meaning of the Onyomi reading,Text
"却,||キャク||","instead, on the contrary, rather, all the more","",Guess the meaning of the Onyomi reading,Text
"圏,||ケン||","sphere, circle, range, radius","",Guess the meaning of the Onyomi reading,Text
"坊,||ボウ,ボッ||","priest's residence, (Buddhist) priest, boy","",Guess the meaning of the Onyomi reading,Text
"塔,||トウ||","tower, pagoda, steeple, obelisk, monument","",Guess the meaning of the Onyomi reading,Text
"壱,||イチ||","one","",Guess the meaning of the Onyomi reading,Text
"奇,||キ||","strangeness, curiosity, eccentricity","",Guess the meaning of the Onyomi reading,Text
"奴,||ド||","manservant, slave, fellow","",Guess the meaning of the Onyomi reading,Text
"妙,||ミョウ||","strange, queer, mystery, miracle, cleverness","",Guess the meaning of the Onyomi reading,Text
"姓,||セイ,ショウ||","surname, family name","",Guess the meaning of the Onyomi reading,Text
"威,||イ||","dignity, majesty, authority","",Guess the meaning of the Onyomi reading,Text
"婚,||コン||","marriage","",Guess the meaning of the Onyomi reading,Text
"屈,||クツ||","bend, bend over, give in, submit to, yield to, flinch","",Guess the meaning of the Onyomi reading,Text
"巨,||キョ||","big, large, great","",Guess the meaning of the Onyomi reading,Text
"帽,||ボウ||","cap, headgear","",Guess the meaning of the Onyomi reading,Text
"弐,||ニ||","two, second","",Guess the meaning of the Onyomi reading,Text
"征,||セイ||","attack the rebellious, collect taxes","",Guess the meaning of the Onyomi reading,Text
"微,||ビ||","minuteness, insignificance, vagueness, fewness","",Guess the meaning of the Onyomi reading,Text
"徴,||チョウ||","sign, symptom, omen","",Guess the meaning of the Onyomi reading,Text
"恒,||コウ||","always","",Guess the meaning of the Onyomi reading,Text
"慢,||マン||","lazinss, ridicule","",Guess the meaning of the Onyomi reading,Text
"慮,||リョ||","thought, concern, agreement","",Guess the meaning of the Onyomi reading,Text
"憶,||オク||","think, remember","",Guess the meaning of the Onyomi reading,Text
"抗,||コウ||","resist, defy, oppose, antagonize","",Guess the meaning of the Onyomi reading,Text
"抵,||テイ||","touch, reach, resist","",Guess the meaning of the Onyomi reading,Text
"拍,||ハク,ヒョウ||","beat (in music)","",Guess the meaning of the Onyomi reading,Text
"拓,||タク||","open, clear, break up (land)","",Guess the meaning of the Onyomi reading,Text
"拠,||キョ,コ||","be based on, follow","",Guess the meaning of the Onyomi reading,Text
"援,||エン||","help, save","",Guess the meaning of the Onyomi reading,Text
"搬,||ハン||","carry, transport","",Guess the meaning of the Onyomi reading,Text
"敏,||ビン||","agility, alertness","",Guess the meaning of the Onyomi reading,Text
"旬,||ジュン,シュン||","tenday period,season (for specific products)","",Guess the meaning of the Onyomi reading,Text
"是,||ゼ||","right, justice","",Guess the meaning of the Onyomi reading,Text
"普,||フ||","widely, generally","",Guess the meaning of the Onyomi reading,Text
"朱,||シュ||","cinnabar, vermilion","",Guess the meaning of the Onyomi reading,Text
"欄,||ラン||","column (in a newspaper), blank, space, railing","",Guess the meaning of the Onyomi reading,Text
"歓,||カン||","joy, pleasure","",Guess the meaning of the Onyomi reading,Text
"歳,||サイ,セイ||","year, age, time, occasion, opportunity, limit, vicinity","",Guess the meaning of the Onyomi reading,Text
"況,||キョウ||","still more, still less (neg.)","",Guess the meaning of the Onyomi reading,Text
"漫,||マン||","involuntarily, in spite of oneself","",Guess the meaning of the Onyomi reading,Text
"為,||イ||","change, be of use, reach to","",Guess the meaning of the Onyomi reading,Text
"烈,||レツ||","violent, vehement, furious, severe, acute, intense, extreme, passionate, heated, stormy (applause), tempestuous (temperament), mighty","",Guess the meaning of the Onyomi reading,Text
"燥,||ソウ||","dry up","",Guess the meaning of the Onyomi reading,Text
"爆,||バク||","burst open, pop, split","",Guess the meaning of the Onyomi reading,Text
"猛,||モウ||","wildness, fierceness, strength","",Guess the meaning of the Onyomi reading,Text
"玄,||ゲン||","occultness, mystery, black","",Guess the meaning of the Onyomi reading,Text
"環,||カン||","ring","",Guess the meaning of the Onyomi reading,Text
"療,||リョウ||","heal, cure","",Guess the meaning of the Onyomi reading,Text
"盆,||ボン||","Lantern Festival, Festivals of the Dead, tray","",Guess the meaning of the Onyomi reading,Text
"監,||カン||","office, government office, director, head official","",Guess the meaning of the Onyomi reading,Text
"盤,||バン||","shallow bowl, platter, tray, tub, board, phonograph record","",Guess the meaning of the Onyomi reading,Text
"砲,||ホウ||","gun, cannon, battery, gunnery, ordnance, artillery","",Guess the meaning of the Onyomi reading,Text
"称,||ショウ||","name, title, fame, praise","",Guess the meaning of the Onyomi reading,Text
"稿,||コウ||","copy, manuscript, draft, crest (of waves)","",Guess the meaning of the Onyomi reading,Text
"箇,||カ||","counters for things","",Guess the meaning of the Onyomi reading,Text
"範,||ハン||","example, model, pattern, limit","",Guess the meaning of the Onyomi reading,Text
"紋,||モン||","crest, (textile) figures","",Guess the meaning of the Onyomi reading,Text
"紹,||ショウ||","inherit, help","",Guess the meaning of the Onyomi reading,Text
"維,||イ||","tie, rope","",Guess the meaning of the Onyomi reading,Text
"緯,||イ||","woof, horizontal, left and right, parallels of latitude, latitude","",Guess the meaning of the Onyomi reading,Text
"繁,||ハン||","frequency, complexity, trouble","",Guess the meaning of the Onyomi reading,Text
"罰,||バツ,バチ||","punishment, penalty","",Guess the meaning of the Onyomi reading,Text
"肪,||ボウ||","fat","",Guess the meaning of the Onyomi reading,Text
"胴,||ドウ||","torso, trunk (of a body), body armor, body (of a suit), drum (of a machine), barrel (of a horse), cylinder (of a drum), bulge (of a bucket), hull (of a ship), hub (of a wheel)","",Guess the meaning of the Onyomi reading,Text
"膚,||フ||","skin, body, grain, texture, disposition","",Guess the meaning of the Onyomi reading,Text
"到,||トウ||","go, proceed, come, arrive, reach, attain, result in, lead to","",Guess the meaning of the Onyomi reading,Text
"舗,||ホ||","shop, store","",Guess the meaning of the Onyomi reading,Text
"般,||ハン||","carry, all","",Guess the meaning of the Onyomi reading,Text
"菓,||カ||","cakes, fruit","",Guess the meaning of the Onyomi reading,Text
"豪,||ゴウ||","great, powerful, excelling","",Guess the meaning of the Onyomi reading,Text
"販,||ハン||","sell, trade","",Guess the meaning of the Onyomi reading,Text
"賦,||フ||","ode, prose poem, poetical prose, tribute, exacted service, installment","",Guess the meaning of the Onyomi reading,Text
"距,||キョ||","be distant","",Guess the meaning of the Onyomi reading,Text
"較,||カク||","compare, balance, contrast","",Guess the meaning of the Onyomi reading,Text
"輩,||ハイ||","fellow, people, companion, line","",Guess the meaning of the Onyomi reading,Text
"途,||ト||","way, road","",Guess the meaning of the Onyomi reading,Text
"郎,||ロウ||","man, husband, counter for sons","",Guess the meaning of the Onyomi reading,Text
"釈,||シャク||","explanation","",Guess the meaning of the Onyomi reading,Text
"陣,||ジン||","battle array, ranks, camp, position","",Guess the meaning of the Onyomi reading,Text
"隷,||レイ||","servant, criminal, prisoner, follower","",Guess the meaning of the Onyomi reading,Text
"雅,||ガ||","elegance, refined taste","",Guess the meaning of the Onyomi reading,Text
"需,||ジュ||","request, need","",Guess the meaning of the Onyomi reading,Text
"項,||コウ||","clause, paragraph, item, term (in math), argument (in math or linguistics)","",Guess the meaning of the Onyomi reading,Text
"齢,||レイ||","age","",Guess the meaning of the Onyomi reading,Text
"仰,||ギョウ,コウ||","look up, look up to, ask for, depend on, seek, respect, revere, drink, take","Kunyomi: あおぐ,おおせ = look up, look up to, ask for, depend on, seek, respect, revere, drink, take, statement, command, wishes (of a superior)",Guess the meaning of the Onyomi reading,Text
"鮮,||セン||","Korea","Kunyomi: あざやか = vivid, clear, brilliant, fresh, graceful, splendid, beautiful",Guess the meaning of the Onyomi reading,Text
"脚,||キャク,キャ||","leg, skid, undercarriage","Kunyomi: あし = foot, leg, paw, flipper, tentacles, arms, walk, step, pace, speed, footing, draft (of a ship), foot (of a mountain), trace, deficit, shortage",Guess the meaning of the Onyomi reading,Text
"汗,||カン||","be sweaty","Kunyomi: あせ = perspiration",Guess the meaning of the Onyomi reading,Text
"与,||ヨ||","give, award, impart, provide, allot, cause (pain or damage)","Kunyomi: あたえる = give, award, impart, provide, allot, cause (pain or damage)",Guess the meaning of the Onyomi reading,Text
"跡,||セキ||","mark, print, impression, trace, track, trail, wake, marks, traces, evidence, scar, ruins, precedent","Kunyomi: あと = mark, print, impression, trace, track, trail, wake, marks, traces, evidence, scar, ruins, precedent",Guess the meaning of the Onyomi reading,Text
"脂,||シ||","fat, rouge","Kunyomi: あぶら = fat, grease, tallow, blubber, lard, suet",Guess the meaning of the Onyomi reading,Text
"甘,||カン||","presume upon, take advantage of, coax","Kunyomi: あまい,あまえる,あまやかす = presume upon, take advantage of, coax, pamper, be indulgent, coddle, sweet, honeyed (words), lenient, halfwitted, easygoing, soft, mild, loose, trashy, sentimental",Guess the meaning of the Onyomi reading,Text
"網,||モウ||","net, network","Kunyomi: あみ = net, netting",Guess the meaning of the Onyomi reading,Text
"荒,||コウ||","rough, rude, wild, harsh, violent, gruff, fierce","Kunyomi: あらい,あれる,あらす = rough, rude, wild, harsh, violent, gruff, fierce,be ruined, become stormy, tear around, get chapped,lay waste",Guess the meaning of the Onyomi reading,Text
"淡,||タン||","light, faint, pale, fleeting, a little","Kunyomi: あわい = light, faint, pale, fleeting, a little",Guess the meaning of the Onyomi reading,Text
"怒,||ド||","become angry, be offended, become excited","Kunyomi: いかる,おこる = become angry, be offended, become excited",Guess the meaning of the Onyomi reading,Text
"幾,||キ||","how many, how much, how far, how long, so much per, however(difficult)","Kunyomi: いく = some, several, many, how many, how much",Guess the meaning of the Onyomi reading,Text
"忙,||ボウ||","busy, occupied","Kunyomi: いそがしい = busy, occupied",Guess the meaning of the Onyomi reading,Text
"致,||チ||","do, send, forward, incur, cause, render (assistance), exert (oneself), engage, call in (a doctor)","Kunyomi: いたす = do, send, forward, incur, cause, render (assistance), exert (oneself), engage, call in (a doctor)",Guess the meaning of the Onyomi reading,Text
"稲,||トウ||","rice plant","Kunyomi: いね,いな = rice plant",Guess the meaning of the Onyomi reading,Text
"祈,||キ||","pray, wish","Kunyomi: いのる = pray, wish",Guess the meaning of the Onyomi reading,Text
"戒,||カイ||","commandment, admonition","Kunyomi: いましめる = admonish, warn, prohibit",Guess the meaning of the Onyomi reading,Text
"彩,||サイ||","color, paint, make up","Kunyomi: いろどる = color, paint, make up",Guess the meaning of the Onyomi reading,Text
"伺,||シ||","visit, ask, inquire, question, hear, be told, implore (a good for an oracle)","Kunyomi: うかがう = visit, ask, inquire, question, hear, be told, implore (a good for an oracle)",Guess the meaning of the Onyomi reading,Text
"浮,||フ||","float, be floated, rise to the surface, be cheered up, be set on edge, feel loose (teeth), be left over, be saved","Kunyomi: うく,うかれる,うかぶ,うかべる = float, be floated, rise to the surface, be cheered up, be set on edge, feel loose (teeth), be left over, be saved,launch, sail (a toy ship), refloat, waft, express (feelings in the face), recall,surface, flit across (the face), occur to, play (about the lips, as a smile), rise in the world, rest in peace,be in high spirits, go on a spree",Guess the meaning of the Onyomi reading,Text
"薄,||ハク||","thin, weak (tea), light, pale, faint, scanty, ungenerous","Kunyomi: うすい,うすめる,うすまる,うすらぐ,うすれる = thin, weak (tea), light, pale, faint, scanty, ungenerous,dilute, weaken,thin out, fade, grow pale, be toned down, get dim, cool (emotions), abate, lessen, decline",Guess the meaning of the Onyomi reading,Text
"謡,||ヨウ||","chant","Kunyomi: うたい,うたう = chanting of the noh, chant, noh singer",Guess the meaning of the Onyomi reading,Text
"撃,||ゲキ||","attack, defeat, destroy, conquer","Kunyomi: うつ = strike, hit, beat, knock, slap, punch, thrash, smite, clap (one’s hands), beat (a drum), ring (a bell), (clocks) strike, impress, touch, shoot, pound in (a nail), water, sprinkle, braid, play (checkers), till (the soil), temper (a sword), prepare (buckwheat noodles), present (a play), cast (a net), pay (earnest money)",Guess the meaning of the Onyomi reading,Text
"訴,||ソ||","sue, complain of (pain), appeal to, have recourse to","Kunyomi: うったえる = sue, complain of (pain), appeal to, have recourse to",Guess the meaning of the Onyomi reading,Text
"腕,||ワン||","arm","Kunyomi: うで = arm, ability, talent",Guess the meaning of the Onyomi reading,Text
"麗,||レイ||","beautiful, bright and clear, fine, serene","Kunyomi: うるわしい = beautiful, lovely, graceful",Guess the meaning of the Onyomi reading,Text
"描,||ビョウ||","write, compose, draw, paint","Kunyomi: えがく,かく = write, compose, draw, paint,sketch, describe",Guess the meaning of the Onyomi reading,Text
"偉,||イ||","greatness","Kunyomi: えらい = great, famous, excellent, remarkable",Guess the meaning of the Onyomi reading,Text
"獲,||カク||","get, acquire, find, earn, win, gain, receive, can, be able to, may, commit (sin)","Kunyomi: える = get, acquire, find, earn, win, gain, receive, can, be able to, may, commit (sin)",Guess the meaning of the Onyomi reading,Text
"尾,||ビ||","tail, end, counter for fish","Kunyomi: お = tail, trail (of a meteor), lower slope (of a mountain)",Guess the meaning of the Onyomi reading,Text
"雄,||ユウ||","male, hero, great leader, superiority, excellence","Kunyomi: お,おす = male",Guess the meaning of the Onyomi reading,Text
"扇,||セン||","fan","Kunyomi: おうぎ = folding fan",Guess the meaning of the Onyomi reading,Text
"丘,||キュウ||","hill, knoll, rising ground","Kunyomi: おか = hill, knoll, rising ground",Guess the meaning of the Onyomi reading,Text
"侵,||シン||","invate, raid, violate, trespass, intrude on","Kunyomi: おかす = invate, raid, violate, trespass, intrude on",Guess the meaning of the Onyomi reading,Text
"冒,||ボウ||","risk, face, defy, dare, (diseases) attack, damage, desecrate, assume (a name)","Kunyomi: おかす = risk, face, defy, dare, (diseases) attack, damage, desecrate, assume (a name)",Guess the meaning of the Onyomi reading,Text
"奥,||オウ||","heart, interior","Kunyomi: おく = heart, interior",Guess the meaning of the Onyomi reading,Text
"贈,||ゾウ,ソウ||","present (something)","Kunyomi: おくる = send, give to, award to, confer on",Guess the meaning of the Onyomi reading,Text
"遅,||チ||","be late, be delayed, be overdue, lag behind, (clocks) lose","Kunyomi: おくれる,おくらす,おそい = be late, be delayed, be overdue, lag behind, (clocks) lose,retard, delay, defer,late, slow",Guess the meaning of the Onyomi reading,Text
"押,||オウ||","push, shove, press, squash, compress, stamp, seal, do in spite of","Kunyomi: おす,おさえる = push, shove, press, squash, compress, stamp, seal, do in spite of, stop, check, restrain, pin down, suppress, subdue, control, catch, arrest, govern, stop (the ears), withhold, attach, seize, secure (evidence), estimate conservatively",Guess the meaning of the Onyomi reading,Text
"襲,||シュウ||","attack","Kunyomi: おそう = attack, advance on, succeed to, call unexpectedly",Guess the meaning of the Onyomi reading,Text
"恐,||キョウ||","fear, dread, be afraid, be overawed, be apprehensive","Kunyomi: おそれる,おそろしい = fear, dread, be afraid, be overawed, be apprehensive, terrible, awful, fierce, tremendous, marvelous",Guess the meaning of the Onyomi reading,Text
"劣,||レツ||","be inferior to, be worse than","Kunyomi: おとる = be inferior to, be worse than",Guess the meaning of the Onyomi reading,Text
"躍,||ヤク||","dance, leap, skip, throb (the heart), act as a cat'spaw, double (the interest on a debt)","Kunyomi: おどる = dance, leap, skip, throb (the heart), act as a cat'spaw, double (the interest on a debt)",Guess the meaning of the Onyomi reading,Text
"踊,||ヨウ||","dance, leap, skip, throb (the heart), act as a cat'spaw, double (the interest on a debt)","Kunyomi: おどる,おどり = dance, leap, skip, throb (the heart), act as a cat'spaw, double (the interest on a debt),dancing, step",Guess the meaning of the Onyomi reading,Text
"驚,||キョウ||","be surprised, be frightened, be taken aback, be appalled, be amazed","Kunyomi: おどろく,おどろかす = be surprised, be frightened, be taken aback, be appalled, be amazed, surprise, frighten, create a stir",Guess the meaning of the Onyomi reading,Text
"鬼,||キ||","devil, demon, spirits of the dead","Kunyomi: おに = devil, demon, ghost, spirits of the dead, fiend, creditor, the one who is 'it' (in games)",Guess the meaning of the Onyomi reading,Text
"趣,||シュ||","proceed to, become, tend toward","Kunyomi: おもむき = import, meaning, contents,tenor, gist, tone, touch, sentiment, charm, aspect, appearance",Guess the meaning of the Onyomi reading,Text
"及,||キュウ||","exert, exercise, cause","Kunyomi: およぶ,および,およぼす = exert, exercise, cause, reach, come up to, amount to, befall, happen to, extend, match, equal, and, as well as",Guess the meaning of the Onyomi reading,Text
"御,||ギョ,ゴ||","imperial honorary prefix, honorific prefix","Kunyomi: おん = honorific prefixes",Guess the meaning of the Onyomi reading,Text
"替,||タイ||","change, turn, convert, exchange, renew, substitute, replace","Kunyomi: かえる,かわる = change, turn, convert, exchange, renew, substitute, replace,relieve",Guess the meaning of the Onyomi reading,Text
"輝,||キ||","shine, sparkle, gleam, twinkle, brilliant, radiant, bright","Kunyomi: かがやく = shine, sparkle, gleam, twinkle, brilliant, radiant, bright",Guess the meaning of the Onyomi reading,Text
"隠,||イン||","hide, conceal, cover, veil, cloak, disguise","Kunyomi: かくす,かくれる = hide, conceal, cover, veil, cloak, disguise, disappear, pass away, be anonymous, lurk",Guess the meaning of the Onyomi reading,Text
"影,||エイ||","shadow","Kunyomi: かげ = light, shadow, silhouette, phantom, reflection, figure, trace",Guess the meaning of the Onyomi reading,Text
"陰,||イン||","the yin principle, negative, melancholy, north side of a mountain, sex organs, secret, shadow, south side of a river, negative electrode, earth, bottom, back, inactivity, nighttime, moon","Kunyomi: かげ,かげる = darken, cloud up, be obscured, shade, back, (your) assistance",Guess the meaning of the Onyomi reading,Text
"駆,||ク||","run, gallop, advance","Kunyomi: かける,かる = run, gallop, advance, drive (a car), spur on, prompt, actuate, inspire, sway, impel",Guess the meaning of the Onyomi reading,Text
"飾,||ショク||","ornament, decorate, adorn, embellish, exhibit, be ostentatious, whitewash","Kunyomi: かざる = ornament, decorate, adorn, embellish, exhibit, be ostentatious, whitewash",Guess the meaning of the Onyomi reading,Text
"肩,||ケン||","shoulder","Kunyomi: かた = shoulder",Guess the meaning of the Onyomi reading,Text
"堅,||ケン||","hard, solid, tough, rigid, tight, steady, firm, strict, safe, reliable, upright, chaste, constant, stiff, bookish, classical, stubborn","Kunyomi: かたい = hard, solid, tough, rigid, tight, steady, firm, strict, safe, reliable, upright, chaste, constant, stiff, bookish, classical, stubborn",Guess the meaning of the Onyomi reading,Text
"傾,||ケイ||","lean, incline, tilt, list, tip, careen, lurch","Kunyomi: かたむく,かたむける = incline toward, tilt, slant, slope, lurch, heel over, be disposed to, trend toward, be prone to, go down (sun), wane, sink, decline, incline, list, bend, lean, tip, concentrate on, devote to, ruin, squander, empty",Guess the meaning of the Onyomi reading,Text
"傍,||ボウ||","side, besides, while","Kunyomi: かたわら = side, besides, while",Guess the meaning of the Onyomi reading,Text
"兼,||ケン||","and, in addition, concurrently","Kunyomi: かねる = combine with, serve as both, hold an additional post, use with",Guess the meaning of the Onyomi reading,Text
"壁,||ヘキ||","wall, lining (of the stomach), fence, partition","Kunyomi: かべ = wall",Guess the meaning of the Onyomi reading,Text
"髪,||ハツ||","the hair","Kunyomi: かみ = the hair",Guess the meaning of the Onyomi reading,Text
"雷,||ライ||","thunder","Kunyomi: かみなり = thunder",Guess the meaning of the Onyomi reading,Text
"唐,||トウ||","Tang (dynasty), China, foreign countries,Chinese, Korean, Foreign","Kunyomi: から = China, Cathay, Korea, Foreign countries,Chinese, Korean, Foreign",Guess the meaning of the Onyomi reading,Text
"柄,||ヘイ||","handle, crank, grip, hilt, shaft, knob, spoke (of steering wheel on a ship)","Kunyomi: がら,え = handle, crank, grip, hilt, shaft, knob, spoke (of steering wheel on a ship),pattern, design, build, character, nature",Guess the meaning of the Onyomi reading,Text
"絡,||ラク||","coil around, get twisted, stick to, pick a quarrel","Kunyomi: からむ,からまる,からめる = coil around, get twisted, stick to, pick a quarrel,twine around,get caught in, be urged on by",Guess the meaning of the Onyomi reading,Text
"狩,||シュ||","hunt","Kunyomi: かる,かり = hunt,hunting, raiding, gathering (mushrooms), viewing (maples)",Guess the meaning of the Onyomi reading,Text
"彼,||ヒ||","he, that","Kunyomi: かれ,かの = he,that, the",Guess the meaning of the Onyomi reading,Text
"枯,||コ||","wither, die, be dead, age, be seasoned, fog up","Kunyomi: かれる,からす = wither, die, be dead, age, be seasoned, fog up,kill (vegetation), let dry, season (lumber)",Guess the meaning of the Onyomi reading,Text
"乾,||カン||","heaven, emperor","Kunyomi: かわく,かわかす = dry, dry up, be dry, desiccate",Guess the meaning of the Onyomi reading,Text
"鑑,||カン||","take warning from, learn a lesson from","Kunyomi: かんがみる = take warning from, learn a lesson from",Guess the meaning of the Onyomi reading,Text
"霧,||ム||","mist, fog, spray","Kunyomi: きり = mist, fog, spray",Guess the meaning of the Onyomi reading,Text
"鎖,||サ||","chain, irons, connection","Kunyomi: くさり = chain, irons, connection",Guess the meaning of the Onyomi reading,Text
"腐,||フ||","rot, decay, turn sour, fester, corrode, be corrupted, feel gloomy","Kunyomi: くさる,くされる,くさらす = rot, decay, turn sour, fester, corrode, be corrupted, feel gloomy,let spoil, rot, corrode, addle",Guess the meaning of the Onyomi reading,Text
"朽,||キュウ||","decay, rot, remain in seclusion","Kunyomi: くちる = decay, rot, remain in seclusion",Guess the meaning of the Onyomi reading,Text
"曇,||ドン||","cloud up, fog up, become dim, be blurred, be gloomy","Kunyomi: くもる = cloud up, fog up, become dim, be blurred, be gloomy",Guess the meaning of the Onyomi reading,Text
"狂,||キョウ||","lunatic","Kunyomi: くるう,くるおしい = go insane, lose one’s head, run amuck, rave, be madly in love, go haywire, break down, be upset, warp, fluctuate, miss the mark, (winds) howl",Guess the meaning of the Onyomi reading,Text
"詳,||ショウ||","full, detailed, minute, accurate, versed in, wellinformed on","Kunyomi: くわしい = full, detailed, minute, accurate, versed in, wellinformed on",Guess the meaning of the Onyomi reading,Text
"汚,||オ||","make dirty, stain, pollute, defile, contaminate, disgrace, dishonor, rape","Kunyomi: けがす,けがれる,けがらわしい,よごす,よごれる,きたない = make dirty, stain, pollute, defile, contaminate, disgrace, dishonor, rape, get dirty, be defiled, be contaminated, filthy, unfair, soil, debauch, be stained, tarnish, dirty, filthy, unclean, soiled, shabby, indecent, obscene, base, sordid, stingy, foul",Guess the meaning of the Onyomi reading,Text
"煙,||エン||","smoke","Kunyomi: けむる,けむり,けむい = smoke, smolder, be smoky, smoky, fumes, spray",Guess the meaning of the Onyomi reading,Text
"獣,||ジュウ||","animal, beast","Kunyomi: けもの = animal, beast",Guess the meaning of the Onyomi reading,Text
"濃,||ノウ||","dark, thick, undiluted","Kunyomi: こい = dark, deep, saturated, strong (drink), intimate, thick",Guess the meaning of the Onyomi reading,Text
"恋,||レン||","be in love","Kunyomi: こう,こい,こいしい = be in love,love, tender sentiment,dear, beloved, darling",Guess the meaning of the Onyomi reading,Text
"被,||ヒ||","receiving","Kunyomi: こうむる = get, receive, sustain (an injury), be subjected to (criticism)",Guess the meaning of the Onyomi reading,Text
"腰,||ヨウ||","hips, waist, loins, pelvic region, small of the back, haunch, lowerpanel wainscoting (lower wall only), stem (of a wine glass)","Kunyomi: こし = hips, waist, loins, pelvic region, small of the back, haunch, lowerpanel wainscoting (lower wall only), stem (of a wine glass)",Guess the meaning of the Onyomi reading,Text
"越,||エツ||","cross, pass, spend, tide over, outrun, exceed, surpass, move, go, come","Kunyomi: こす,こえる = cross, pass, spend, tide over, outrun, exceed, surpass, move, go, come, go beyond, exceed, clear (an obstacle), overstep (authority)",Guess the meaning of the Onyomi reading,Text
"暦,||レキ||","calendar, almanac","Kunyomi: こよみ = calendar, almanac",Guess the meaning of the Onyomi reading,Text
"怖,||フ||","fear, be frightened, be timid, get nervous","Kunyomi: こわい = fearful, frightful, terrible, weird",Guess the meaning of the Onyomi reading,Text
"壊,||カイ||","break","Kunyomi: こわす,こわれる = break, destroy, tear up, crack, smack, mar, be broken, be demolished, fall into ruin",Guess the meaning of the Onyomi reading,Text
"杯,||ハイ||","cup, glass, toast, congratulatory cup, counter for cupfuls","Kunyomi: さかずき = wine glass, sake cup, chalice, cup",Guess the meaning of the Onyomi reading,Text
"叫,||キョウ||","shout, exclaim, cry, yell, roar, howl, cry for, clamor for, advocate","Kunyomi: さけぶ = shout, exclaim, cry, yell, roar, howl, cry for, clamor for, advocate",Guess the meaning of the Onyomi reading,Text
"避,||ヒ||","avoid, avert, ward off, keep aloof from, stay away from, evade, shirk, shun","Kunyomi: さける = avoid, avert, ward off, keep aloof from, stay away from, evade, shirk, shun",Guess the meaning of the Onyomi reading,Text
"刺,||シ||","calling card","Kunyomi: さす,ささる = pierce, thrust, stab, prick, bite, sting, pin down, sew, stitch, put (a runner) out, pole (a boat), stick,be stuck",Guess the meaning of the Onyomi reading,Text
"寂,||ジャク,セキ||","quietly, death of a priest","Kunyomi: さび,さびしい,さびれる = patina, antique look, elegant simplicity, trained recite's voice,lonely, lonesome, solitary, deserted, desolate",Guess the meaning of the Onyomi reading,Text
"更,||コウ||","a watch of the night","Kunyomi: さら,ふける,ふかす = sit up late,get late, grow old, reach the height of the season,again, after all, more and more",Guess the meaning of the Onyomi reading,Text
"沢,||タク||","swamp, blessing","Kunyomi: さわ = swamp, marsh, dale, valley",Guess the meaning of the Onyomi reading,Text
"騒,||ソウ||","make a noise, be boisterous, shout, clamor, raise an uproar, be excited, be agitated, bustle around, make a fuss about, make merry, go on a spree","Kunyomi: さわぐ = make a noise, be boisterous, shout, clamor, raise an uproar, be excited, be agitated, bustle around, make a fuss about, make merry, go on a spree",Guess the meaning of the Onyomi reading,Text
"敷,||フ||","spread, pave, sit (on a cushion), lay (a railway), gravel (a road), promulgate, draw up","Kunyomi: しく = spread, pave, sit (on a cushion), lay (a railway), gravel (a road), promulgate, draw up",Guess the meaning of the Onyomi reading,Text
"茂,||モ||","grow thick, be overgrown, be luxuriant","Kunyomi: しげる = grow thick, be overgrown, be luxuriant",Guess the meaning of the Onyomi reading,Text
"滴,||テキ||","drop","Kunyomi: しずく,したたる = drop,drip, trickle",Guess the meaning of the Onyomi reading,Text
"沈,||チン||","aloes","Kunyomi: しずむ,しずめる = sink, be submerged, subside, cave in, feel depressed, be overcome with,submerge, immerse",Guess the meaning of the Onyomi reading,Text
"占,||セン||","occupy, hold, have, get, take (a seat)","Kunyomi: しめる,うらなう = occupy, hold, have, get, take (a seat),divine, forecast, augur",Guess the meaning of the Onyomi reading,Text
"透,||トウ||","permeate, penetrate","Kunyomi: すく,すかす,すける = be transparent, be seen through, be thin, leave a gap,leave a space, thin (trees), make transparent, look through",Guess the meaning of the Onyomi reading,Text
"勧,||カン||","recommend, advise, encourage, offer (wine)","Kunyomi: すすめる = recommend, advise, encourage, offer (wine)",Guess the meaning of the Onyomi reading,Text
"澄,||チョウ||","be clear, become clear, clarify","Kunyomi: すむ,すます = be clear, become clear, clarify,clear, settle, strain (one's ears), look grave",Guess the meaning of the Onyomi reading,Text
"鋭,||エイ||","sharpness, edge, (sharp) weapon, picked men (soldiers), the pick","Kunyomi: するどい = pointed, sharp, violent, scathing, keen (sense), sharp (ear), penetrating (eye), shrewd",Guess the meaning of the Onyomi reading,Text
"狭,||キョウ||","narrow, contract, reduce","Kunyomi: せまい,せばめる,せばまる = narrow, contract, reduce, become narrow, contract, small (area), limited, tight",Guess the meaning of the Onyomi reading,Text
"迫,||ハク||","press for, urge, force, spur on, approach, gain on, close in on, be on the verge of, be imminent","Kunyomi: せまる = press for, urge, force, spur on, approach, gain on, close in on, be on the verge of, be imminent",Guess the meaning of the Onyomi reading,Text
"攻,||コウ||","attack, assault","Kunyomi: せめる = attack, offensive",Guess the meaning of the Onyomi reading,Text
"添,||テン||","accompany, marry, be added to, suit, meet, satisfy, be adjusted to","Kunyomi: そえる,そう = accompany, marry, be added to, suit, meet, satisfy, be adjusted to,add to, attach, append, accompany, garnish, imitate",Guess the meaning of the Onyomi reading,Text
"耐,||タイ||","enduring","Kunyomi: たえる = endure, support, withstand, resist, brave, weather, be fit for, be equal to",Guess the meaning of the Onyomi reading,Text
"倒,||トウ||","fall, collapse, drop, break down, die, succumb to, fall senseless, be ruined, have a bad debt","Kunyomi: たおれる,たおす = fall, collapse, drop, break down, die, succumb to, fall senseless, be ruined, have a bad debt,bring down, throw down, blow down, fell, knock down, trip up, defeat, ruin, overthrow, kill, leave unpaid, cheat",Guess the meaning of the Onyomi reading,Text
"互,||ゴ||","mutually, reciprocally, together","Kunyomi: たがい = mutually, reciprocally, together",Guess the meaning of the Onyomi reading,Text
"薪,||シン||","firewood","Kunyomi: たきぎ = firewood, kindling, fuel",Guess the meaning of the Onyomi reading,Text
"抱,||ホウ||","hug, embrace, hold in the arms, sit (on eggs)","Kunyomi: だく,いだく,かかえる = hug, embrace, hold in the arms, sit (on eggs),entertain (hope), cherish (a desire), harbor (malice), hold, have,hold or carry under or in the arms",Guess the meaning of the Onyomi reading,Text
"蓄,||チク||","store, hoard, savings","Kunyomi: たくわえる = store, lay in stock, save, wear (a mustache)",Guess the meaning of the Onyomi reading,Text
"丈,||ジョウ||","10 feet, length, measure, Mr,or Mrs,(re: artists)","Kunyomi: たけ = height, stature, length, measure",Guess the meaning of the Onyomi reading,Text
"尋,||ジン||","fathom","Kunyomi: たずねる = look for, inquire for, ask (someone) a question",Guess the meaning of the Onyomi reading,Text
"闘,||トウ||","fighting","Kunyomi: たたかう = wage war, fight, engage in a contest, struggle against",Guess the meaning of the Onyomi reading,Text
"畳,||ジョウ||","mat counter","Kunyomi: たたむ,たたみ = fold, fold up, furl, shut up, shut, wind up (affairs), do away with, kill, bear in mind,folding, collapsible",Guess the meaning of the Onyomi reading,Text
"盾,||ジュン||","shield, buckler, escutcheon, pretext","Kunyomi: たて = shield, buckler, escutcheon, pretext",Guess the meaning of the Onyomi reading,Text
"頼,||ライ||","ask, request, entreat, appeal, entrust to, commission, employ, call in, depend on, have recourse to, trust in","Kunyomi: たのむ,たのもしい,たよる = ask, request, entreat, appeal, entrust to, commission, employ, call in, depend on, have recourse to, trust in,rely on, have recourse to,reliable, trustworthy, hopeful",Guess the meaning of the Onyomi reading,Text
"黙,||モク||","keeping silence","Kunyomi: だまる = become silent, stop speaking, say nothing",Guess the meaning of the Onyomi reading,Text
"戯,||ギ||","play, sport, frolic, joke, flirt with","Kunyomi: たわむれる = play, sport, frolic, joke, flirt with",Guess the meaning of the Onyomi reading,Text
"違,||イ||","differ, vary, disagree with, be mistaken, cross or pass (someone), No (negation)","Kunyomi: ちがう,ちがえる = differ, vary, disagree with, be mistaken, cross or pass (someone), No (negation), change, alter, disguise, make a mistake, break (a promise), sprain, dislocate, cross (two sticks)",Guess the meaning of the Onyomi reading,Text
"遣,||ケン||","send, dispatch, give, donate, bestow on, do for (someone)","Kunyomi: つかう,つかわす = send, dispatch, give, donate, bestow on, do for (someone), use, handle, manipulate, employ, need, want, spend, consume, speak (English), practice (fencing), take (one’s lunch), circulate (bad money)",Guess the meaning of the Onyomi reading,Text
"疲,||ヒ||","get tired, grow weary","Kunyomi: つかれる = get tired, grow weary",Guess the meaning of the Onyomi reading,Text
"継,||ケイ||","succeed to, inherit, follow, patch, graft (trees), tell","Kunyomi: つぐ = succeed to, inherit, follow, patch, graft (trees), tell",Guess the meaning of the Onyomi reading,Text
"突,||トツ||","protruding, thrusting","Kunyomi: つく = thrust, pierce, spear, stab, prick, gore, lunge at, push, poke, strike (a bell), attack, strike (at the heart), brave (a storm), be pungent, strike against, (words) rush (to one's lips)",Guess the meaning of the Onyomi reading,Text
"尽,||ジン||","use up, run out of, exhaust, serve, befriend, work for, endeavor, do (one's duty),last day of the month","Kunyomi: つくす,つきる,つかす = use up, run out of, exhaust, serve, befriend, work for, endeavor, do (one's duty),become exhausted, be consumed, spend, end",Guess the meaning of the Onyomi reading,Text
"慎,||シン||","be discreet, be careful, be prudent, be cautious, restrain oneself, be moderate","Kunyomi: つつしむ = be discreet, be careful, be prudent, be cautious, restrain oneself, be moderate",Guess the meaning of the Onyomi reading,Text
"堤,||テイ||","dike, bank, embankment","Kunyomi: つつみ = dike, bank, embankment",Guess the meaning of the Onyomi reading,Text
"鼓,||コ||","drum","Kunyomi: つづみ = drum",Guess the meaning of the Onyomi reading,Text
"翼,||ヨク||","wing, plane, flank","Kunyomi: つばさ = wings",Guess the meaning of the Onyomi reading,Text
"粒,||リュウ||","grain, drop","Kunyomi: つぶ = grain, drop, counter for tiny particles",Guess the meaning of the Onyomi reading,Text
"摘,||テキ||","pick, pinch, hold in the fingers, summarize","Kunyomi: つむ = pick, pluck, pull out, trim, clip, nip, gather",Guess the meaning of the Onyomi reading,Text
"詰,||キツ||","be pressed in, be packed, become close, be checkmated","Kunyomi: つめる,つまる,つむ = be pressed in, be packed, become close, be checkmated, stuff, fill, pack, plug, place closely, write closely, sit closely, shorten, curtail, checkmate, keep doing, hold (one’s breath), attend (office), be stopped up, be blocked, be full, be stuffed, be shortened, contract, be hard up, be held up, be deadlocked",Guess the meaning of the Onyomi reading,Text
"露,||ロ,ロウ||","dew, Russia","Kunyomi: つゆ = dew, dewdrops, tears, mortality, flimsiness, (with neg.) not a bit",Guess the meaning of the Onyomi reading,Text
"剣,||ケン||","sword, saber, blade, bayonet, sting, clock hand","Kunyomi: つるぎ = sword",Guess the meaning of the Onyomi reading,Text
"溶,||ヨウ||","melt, dissolve, thaw","Kunyomi: とける,とかす,とく = melt, dissolve, thaw,liquefy, melt",Guess the meaning of the Onyomi reading,Text
"床,||ショウ||","bed, floor","Kunyomi: とこ,ゆか = bed, sickbed, floor, alcove, padding",Guess the meaning of the Onyomi reading,Text
"隣,||リン||","neighboring","Kunyomi: となる,となり = adjoin, nextdoor neighbor, adjoining",Guess the meaning of the Onyomi reading,Text
"殿,||デン,テン||","hall, mansion, palace, temple, rear guard","Kunyomi: との,どの = mister,lord, mansion, place,Mr.",Guess the meaning of the Onyomi reading,Text
"泊,||ハク||","(threeday) stay","Kunyomi: とまる,とめる = stay at, put up at, ride at anchor,lodge a person",Guess the meaning of the Onyomi reading,Text
"捕,||ホ||","catch, arrest, capture","Kunyomi: とらえる,とらわれる,とる,つかまえる,つかまる = catch, arrest, capture,be caught, be captured,be arrested, be a slave to, be seized with",Guess the meaning of the Onyomi reading,Text
"執,||シツ,シュウ||","take, hold, seize, catch, capture, fetch, receive, procure, obtain, adopt (a measure), engage (graduates), choose, order (foodstuffs), pick, pluck, make, produce, eat, set up (camp), charge, admi","Kunyomi: とる = take, hold, seize, catch, capture, fetch, receive, procure, obtain, adopt (a measure), engage (graduates), choose, order (foodstuffs), pick, pluck, make, produce, eat, set up (camp), charge, administer, transact, take (pains), make out (the meaning), remove, take off (one's hat), take out (spots), strike out (words), weed, catch (fish), deprive of, steal, capture (territory), annex, need, require, reserve (rooms), subscribe to, press (a point home), take (a picture), possess",Guess the meaning of the Onyomi reading,Text
"嘆,||タン||","sigh","Kunyomi: なげく,なげかわしい = sigh, lament, moan, grieve, regret, deplore, sorrow,sad, wretched, deplorable",Guess the meaning of the Onyomi reading,Text
"斜,||シャ||","slanting, oblique","Kunyomi: ななめ = slanting, diagonal, oblique, askew, unpleasant, disagreeable",Guess the meaning of the Onyomi reading,Text
"鉛,||エン||","lead(metal)","Kunyomi: なまり = lead(metal)",Guess the meaning of the Onyomi reading,Text
"涙,||ルイ||","tear, sympathy","Kunyomi: なみだ = tear, sympathy",Guess the meaning of the Onyomi reading,Text
"悩,||ノウ||","distress, illness","Kunyomi: なやむ,なやます = worry, be troubled, be afflicted, be in pain,annoy, embarrass, afflict, worry, oppress, torment",Guess the meaning of the Onyomi reading,Text
"握,||アク||","grasp, hold, make (sushi balls), assume (power), make (money), get (proof)","Kunyomi: にぎる = grasp, hold, make (sushi balls), assume (power), make (money), get (proof)",Guess the meaning of the Onyomi reading,Text
"逃,||トウ||","flee, run away, escape, shirk, evade, back out","Kunyomi: にげる,にがす,のがす,のがれる = flee, run away, escape, shirk, evade, back out,let go, set free, let escape, miss (a chance),avoid",Guess the meaning of the Onyomi reading,Text
"濁,||ダク||","uncleanness, wrong, muddiness, impurity, voicing marks, voiced sound, voiced consonant, unrefined sake","Kunyomi: にごる,にごす = be muddy, be impure, be voiced, be vague,make muddy, make cloudy, quibble, prevaricate",Guess the meaning of the Onyomi reading,Text
"鈍,||ドン||","dullness, slowness, foolishness","Kunyomi: にぶい,にぶる = dull, slow, blunt (tool), dim (light), thick (voice),become dull, weaken",Guess the meaning of the Onyomi reading,Text
"煮,||シャ||","boil, cook, be cooked, be boiled","Kunyomi: にる,にえる,にやす = boil, cook, be cooked, be boiled,boil, cook",Guess the meaning of the Onyomi reading,Text
"脱,||ダツ||","removing","Kunyomi: ぬぐ,ぬげる = take off (clothes), undress,come off, slip off, slip down",Guess the meaning of the Onyomi reading,Text
"抜,||バツ||","extract, unlock, pull out, root up, unsheathe, pilfer, quote, remove, omit, capture, outrun, shoot through","Kunyomi: ぬく,ぬける,ぬかす,ぬかる = extract, unlock, pull out, root up, unsheathe, pilfer, quote, remove, omit, capture, outrun, shoot through,come off, fall out, slip out, be omitted, be missing, be rid of, pass through, escape, be captured, withdraw, be less than,skip over,be careless, slip, make a mistake",Guess the meaning of the Onyomi reading,Text
"盗,||トウ||","thief","Kunyomi: ぬすむ = steal, rob, pilfer",Guess the meaning of the Onyomi reading,Text
"沼,||ショウ||","swamp, lake","Kunyomi: ぬま = swamp, bog, pond, lake",Guess the meaning of the Onyomi reading,Text
"眠,||ミン||","sleep","Kunyomi: ねむる,ねむい = sleep, die,sleepy, drowsy, lethargic",Guess the meaning of the Onyomi reading,Text
"寝,||シン||","sleeping, resting, bed","Kunyomi: ねる,ねかす = sleep, retire, be bedridden, lie down, lie idle, remain unsold,put to sleep, send to bed, lay down, let lie idle",Guess the meaning of the Onyomi reading,Text
"軒,||ケン||","house counter","Kunyomi: のき = eaves",Guess the meaning of the Onyomi reading,Text
"載,||サイ||","ride, board, mount, get up on, spread (paints), be taken in, share in, join, be found in (a dictionary), feel like doing, be mentioned in, be in harmony with","Kunyomi: のせる,のる = ride, board, mount, get up on, spread (paints), be taken in, share in, join, be found in (a dictionary), feel like doing, be mentioned in, be in harmony with,place, put, lay, set, let (one) take part, impose on, record, mention",Guess the meaning of the Onyomi reading,Text
"吐,||ト||","disgorge, vomit, belch, emit, give vent to, confess, tell (lies), speak","Kunyomi: はく = disgorge, vomit, belch, emit, give vent to, confess, tell (lies), speak",Guess the meaning of the Onyomi reading,Text
"端,||タン||","origin, end, point","Kunyomi: はし,は,はた = end, tip, edge, border, one side, corner, beginning, scrap of cloth,side",Guess the meaning of the Onyomi reading,Text
"恥,||チ||","shame, dishonor, disgrace, humiliation, insult","Kunyomi: はじる,はじ,はじらう,はずかしい = shame, dishonor, disgrace, humiliation, insult,feel ashamed,feel shy, be coy, be bashful, blush,bashful, ashamed, coy, disgraceful, shameful",Guess the meaning of the Onyomi reading,Text
"離,||リ||","separation","Kunyomi: はなれる,はなす = separate, part from, come off, become disjoined, digress, get free, become estranged, be (three miles) away, be separated (by three years), leave, quit, depart from,disconnect, sever, detach, keep apart, alienate, isolate, let go, release, set free",Guess the meaning of the Onyomi reading,Text
"跳,||チョウ||","leap, spring up, hop, jerk, prance, buck, bound, spatter, splash, snap, crack, sputter, close, be over","Kunyomi: はねる,とぶ = leap, spring up, hop, jerk, prance, buck, bound, spatter, splash, snap, crack, sputter, close, be over,jump, spring, bound, vault, hop",Guess the meaning of the Onyomi reading,Text
"幅,||フク||","hanging scroll, picture, width, counter for scrolls","Kunyomi: はば = width, breadth, range, difference (in price), power, influence",Guess the meaning of the Onyomi reading,Text
"浜,||ヒン||","beach, seashore, fishing village","Kunyomi: はま = beach, seashore, fishing village",Guess the meaning of the Onyomi reading,Text
"払,||フツ||","clear out, sweep away, wipe off, brush off, drive away, banish, prune, parry, pay, dispose of, wield (a sword) sideways, show interest in","Kunyomi: はらう = clear out, sweep away, wipe off, brush off, drive away, banish, prune, parry, pay, dispose of, wield (a sword) sideways, show interest in",Guess the meaning of the Onyomi reading,Text
"秀,||シュウ||","excellence, beauty","Kunyomi: ひいでる = surpass, excel, tower above, rise to eminence",Guess the meaning of the Onyomi reading,Text
"匹,||ヒツ||","head, counter (small animals), roll of cloth","Kunyomi: ひき = head, counter (small animals), roll of cloth",Guess the meaning of the Onyomi reading,Text
"弾,||ダン||","bullet","Kunyomi: ひく,はずむ,たま = play on,spring, bound, rebound, be inspired, be spurred on, invest in, be generous (in tipping), breathe with difficulty,bullet, shot, shell",Guess the meaning of the Onyomi reading,Text
"浸,||シン||","soak, dip, steep, immerse, moisten, wet, dunk, drench","Kunyomi: ひたす,ひたる = soak, dip, steep, immerse, moisten, wet, dunk, drench,be soaked in, be immersed in, be flooded, be submerged, be bathed in, be addicted to",Guess the meaning of the Onyomi reading,Text
"響,||キョウ||","sound, resound, reverberate, echo, ring, vibrate, grate on, affect, find an echo in, become known","Kunyomi: ひびく = sound, resound, reverberate, echo, ring, vibrate, grate on, affect, find an echo in, become known",Guess the meaning of the Onyomi reading,Text
"暇,||カ||","rest, leisure","Kunyomi: ひま = time, leisure, poor business, leave of absence, dismissal, divorce",Guess the meaning of the Onyomi reading,Text
"殖,||ショク||","increase","Kunyomi: ふえる,ふやす = increase, multiply, accrue, (water) rises,add to, raise, augment",Guess the meaning of the Onyomi reading,Text
"吹,||スイ||","breathe, blow, play (a wind instrument), emit, smelt, mint, brag","Kunyomi: ふく = breathe, blow, play (a wind instrument), emit, smelt, mint, brag",Guess the meaning of the Onyomi reading,Text
"噴,||フン||","spout, emit, flush out","Kunyomi: ふく = spout, emit, flush out",Guess the meaning of the Onyomi reading,Text
"含,||ガン||","hold in the mouth, bear in mind, understand, cherish, harbor, contain, comprise, have, hold, include, embrace, be charged or loaded with, be dripping with, be full of, be suffused with","Kunyomi: ふくむ,ふくめる = hold in the mouth, bear in mind, understand, cherish, harbor, contain, comprise, have, hold, include, embrace, be charged or loaded with, be dripping with, be full of, be suffused with, include, instruct, make one understand",Guess the meaning of the Onyomi reading,Text
"縁,||エン||","relation, connection, affinity, ties, bond, blood relation, karma relation, fate, destiny, chance, marriage, acquaintance, marriage alliance, veranda, balcony","Kunyomi: ふち = edge, verge, shore, side, brink, margin, brim, rim, flange, frill, frame, bank, fringe, border",Guess the meaning of the Onyomi reading,Text
"舟,||シュウ||","boat","Kunyomi: ふね,ふな = boat, ship, vessel, steamer, liner, barge, shipping, tank, trough, cistern, vat",Guess the meaning of the Onyomi reading,Text
"踏,||トウ||","step on, trample on, stamp on, carry through, practice, appraise, set foot on, evade payment","Kunyomi: ふむ,ふまえる = step on, trample on, stamp on, carry through, practice, appraise, set foot on, evade payment,stand on",Guess the meaning of the Onyomi reading,Text
"振,||シン||","wave, wag, swing, shake, sprinkle, brandish, jilt, reject, attach, allot","Kunyomi: ふる,ふるう,ふれる = wave, wag, swing, shake, sprinkle, brandish, jilt, reject, attach, allot,lean toward, deflect, tend, shake, swing, oscillate,wield, be invigorated, be spirited, flourish",Guess the meaning of the Onyomi reading,Text
"震,||シン||","shake, tremble, quiver, shiver, shudder, vibrate","Kunyomi: ふるう,ふるえる = shake, tremble, quiver, shiver, shudder, vibrate",Guess the meaning of the Onyomi reading,Text
"触,||ショク||","touching","Kunyomi: ふれる,さわる = touch, feel, hit, strike, graze, announce, proclaim, mention, refer to, conflict with, be contrary to",Guess the meaning of the Onyomi reading,Text
"矛,||ム||","halberd, arms, festival car, float","Kunyomi: ほこ = halberd, arms, festival car, float",Guess the meaning of the Onyomi reading,Text
"誇,||コ||","boast of, be proud of","Kunyomi: ほこる = boast of, be proud of",Guess the meaning of the Onyomi reading,Text
"誉,||ヨ||","praise","Kunyomi: ほまれ = honor, glory",Guess the meaning of the Onyomi reading,Text
"掘,||クツ||","dig, delve, core, excavate, sink (wells), dig up, scoop out, pick (the ear), probe","Kunyomi: ほる = dig, delve, core, excavate, sink (wells), dig up, scoop out, pick (the ear), probe",Guess the meaning of the Onyomi reading,Text
"舞,||ブ||","dance, flutter about, flit, circle, wheel","Kunyomi: まう,まい = dance, flutter about, flit, circle, wheel,dancing",Guess the meaning of the Onyomi reading,Text
"瞬,||シュン||","wink, blink","Kunyomi: またたく = wink, twinkle, flicker",Guess the meaning of the Onyomi reading,Text
"惑,||ワク||","be perplexed, be in doubt, hesitate, vacillate, go astray, err, be tempted, be infatuated, be misguided","Kunyomi: まどう = be perplexed, be in doubt, hesitate, vacillate, go astray, err, be tempted, be infatuated, be misguided",Guess the meaning of the Onyomi reading,Text
"惨,||サン,ザン||","disaster, cruelty, wretchedness","Kunyomi: みじめ = sad, pitiful, wretched",Guess the meaning of the Onyomi reading,Text
"皆,||カイ||","all, everybody, everything","Kunyomi: みな = all, everybody, everything",Guess the meaning of the Onyomi reading,Text
"峰,||ホウ||","peak, summit, top, back (of a sword)","Kunyomi: みね = peak, summit, top, back (of a sword)",Guess the meaning of the Onyomi reading,Text
"迎,||ゲイ||","meet, greet, welcome, invite, engage","Kunyomi: むかえる = meet, greet, welcome, invite, engage",Guess the meaning of the Onyomi reading,Text
"旨,||シ||","relish, show a liking for","Kunyomi: むね = purport, principle, instructions, will, thinking",Guess the meaning of the Onyomi reading,Text
"紫,||シ||","purple, violet","Kunyomi: むらさき = purple, violet, soy sauce",Guess the meaning of the Onyomi reading,Text
"雌,||シ||","female","Kunyomi: め,めす = female",Guess the meaning of the Onyomi reading,Text
"恵,||ケイ,エ||","blessing, grace, favor, kindness, mercy, benevolence, charity","Kunyomi: めぐむ = bless, show mercy to, render benevolence to",Guess the meaning of the Onyomi reading,Text
"巡,||ジュン||","going around, circumference","Kunyomi: めぐる = go around, in connection with, concering",Guess the meaning of the Onyomi reading,Text
"召,||ショウ||","call, send for, wear, put on, take (a bath), ride in, buy, eat, drink, catch (a cold)","Kunyomi: めす = call, send for, wear, put on, take (a bath), ride in, buy, eat, drink, catch (a cold)",Guess the meaning of the Onyomi reading,Text
"珍,||チン||","rare, curious, strange","Kunyomi: めずらしい = new, novel, rare, strange, curious, unusual, nice (gift)",Guess the meaning of the Onyomi reading,Text
"桃,||トウ||","peach","Kunyomi: もも = peach",Guess the meaning of the Onyomi reading,Text
"柔,||ジュウ,ニュウ||","weakness, gentleness, softness","Kunyomi: やわらか,やわらかい = soft, tender, plastic, limp, gentle, mellow",Guess the meaning of the Onyomi reading,Text
"渡,||ト||","cross, ford, ferry, be imported, change hands, make one's way through life, sweep across, migrate, be provided","Kunyomi: わたる,わたす = cross, ford, ferry, be imported, change hands, make one's way through life, sweep across, migrate, be provided,carry across, ferry over, bring over, hand over, deliver, deal (cards), transfer (a business), pay (wages), bridge, stretch (something) across, lay across",Guess the meaning of the Onyomi reading,Text
"be crowded, requiring (a lot of work),include, load (a gun), concentrate on, devote oneself to [**Kun**]","込,こむ,こめる","",Guess the romaji equivalent of the Kunyomi reading,Text
"bloom, blossom [**Kun**]","咲,さく","",Guess the romaji equivalent of the Kunyomi reading,Text
"cut, clip, shear, reap, trim, prune [**Kun**]","刈,かる","",Guess the romaji equivalent of the Kunyomi reading,Text
"daughter, girl, young woman [**Kun**]","娘,むすめ","",Guess the romaji equivalent of the Kunyomi reading,Text
"lawn, sod, turf [**Kun**]","芝,しば","",Guess the romaji equivalent of the Kunyomi reading,Text
"mountain pass, crisis, crest, climax [**Kun**]","峠,とうげ","",Guess the romaji equivalent of the Kunyomi reading,Text
"potato [**Kun**]","芋,いも","",Guess the romaji equivalent of the Kunyomi reading,Text
"reel (thread), wind, gin (cotton), spin, turn (pages), look up (a word, etc.), refer to, count (the days), open (shutters) [**Kun**]","繰,くる","",Guess the romaji equivalent of the Kunyomi reading,Text
"treat, entertain, manage, deal with, conduct, work on, handle, manipulate [**Kun**]","扱,あつかう","",Guess the romaji equivalent of the Kunyomi reading,Text
"grasp, hold, make (sushi balls), assume (power), make (money), get (proof) [**Kun**]","握,にぎる","Onyomi: アク = grasp, hold, make (sushi balls), assume (power), make (money), get (proof)",Guess the romaji equivalent of the Kunyomi reading,Text
"differ, vary, disagree with, be mistaken, cross or pass (someone), No (negation), change, alter, disguise, make a mistake, break (a promise), sprain, dislocate, cross (two sticks) [**Kun**]","違,ちがう,ちがえる","Onyomi: イ = differ, vary, disagree with, be mistaken, cross or pass (someone), No (negation)",Guess the romaji equivalent of the Kunyomi reading,Text
"great, famous, excellent, remarkable [**Kun**]","偉,えらい","Onyomi: イ = greatness",Guess the romaji equivalent of the Kunyomi reading,Text
"hide, conceal, cover, veil, cloak, disguise, disappear, pass away, be anonymous, lurk [**Kun**]","隠,かくす,かくれる","Onyomi: イン = hide, conceal, cover, veil, cloak, disguise",Guess the romaji equivalent of the Kunyomi reading,Text
"darken, cloud up, be obscured, shade, back, (your) assistance [**Kun**]","陰,かげ,かげる","Onyomi: イン = the yin principle, negative, melancholy, north side of a mountain, sex organs, secret, shadow, south side of a river, negative electrode, earth, bottom, back, inactivity, nighttime, moon",Guess the romaji equivalent of the Kunyomi reading,Text
"light, shadow, silhouette, phantom, reflection, figure, trace [**Kun**]","影,かげ","Onyomi: エイ = shadow",Guess the romaji equivalent of the Kunyomi reading,Text
"pointed, sharp, violent, scathing, keen (sense), sharp (ear), penetrating (eye), shrewd [**Kun**]","鋭,するどい","Onyomi: エイ = sharpness, edge, (sharp) weapon, picked men (soldiers), the pick",Guess the romaji equivalent of the Kunyomi reading,Text
"cross, pass, spend, tide over, outrun, exceed, surpass, move, go, come, go beyond, exceed, clear (an obstacle), overstep (authority) [**Kun**]","越,こす,こえる","Onyomi: エツ = cross, pass, spend, tide over, outrun, exceed, surpass, move, go, come",Guess the romaji equivalent of the Kunyomi reading,Text
"lead(metal) [**Kun**]","鉛,なまり","Onyomi: エン = lead(metal)",Guess the romaji equivalent of the Kunyomi reading,Text
"edge, verge, shore, side, brink, margin, brim, rim, flange, frill, frame, bank, fringe, border [**Kun**]","縁,ふち","Onyomi: エン = relation, connection, affinity, ties, bond, blood relation, karma relation, fate, destiny, chance, marriage, acquaintance, marriage alliance, veranda, balcony",Guess the romaji equivalent of the Kunyomi reading,Text
"smoke, smolder, be smoky, smoky, fumes, spray [**Kun**]","煙,けむる,けむり,けむい","Onyomi: エン = smoke",Guess the romaji equivalent of the Kunyomi reading,Text
"make dirty, stain, pollute, defile, contaminate, disgrace, dishonor, rape, get dirty, be defiled, be contaminated, filthy, unfair, soil, debauch, be stained, tarnish, dirty, filthy, unclean, soiled, shabby, indecent, obscene, base, sordid, stingy, foul [**Kun**]","汚,けがす,けがれる,けがらわしい,よごす,よごれる,きたない","Onyomi: オ = make dirty, stain, pollute, defile, contaminate, disgrace, dishonor, rape",Guess the romaji equivalent of the Kunyomi reading,Text
"heart, interior [**Kun**]","奥,おく","Onyomi: オウ = heart, interior",Guess the romaji equivalent of the Kunyomi reading,Text
"push, shove, press, squash, compress, stamp, seal, do in spite of, stop, check, restrain, pin down, suppress, subdue, control, catch, arrest, govern, stop (the ears), withhold, attach, seize, secure (evidence), estimate conservatively [**Kun**]","押,おす,おさえる","Onyomi: オウ = push, shove, press, squash, compress, stamp, seal, do in spite of",Guess the romaji equivalent of the Kunyomi reading,Text
"time, leisure, poor business, leave of absence, dismissal, divorce [**Kun**]","暇,ひま","Onyomi: カ = rest, leisure",Guess the romaji equivalent of the Kunyomi reading,Text
"all, everybody, everything [**Kun**]","皆,みな","Onyomi: カイ = all, everybody, everything",Guess the romaji equivalent of the Kunyomi reading,Text
"break, destroy, tear up, crack, smack, mar, be broken, be demolished, fall into ruin [**Kun**]","壊,こわす,こわれる","Onyomi: カイ = break",Guess the romaji equivalent of the Kunyomi reading,Text
"admonish, warn, prohibit [**Kun**]","戒,いましめる","Onyomi: カイ = commandment, admonition",Guess the romaji equivalent of the Kunyomi reading,Text
"get, acquire, find, earn, win, gain, receive, can, be able to, may, commit (sin) [**Kun**]","獲,える","Onyomi: カク = get, acquire, find, earn, win, gain, receive, can, be able to, may, commit (sin)",Guess the romaji equivalent of the Kunyomi reading,Text
"perspiration [**Kun**]","汗,あせ","Onyomi: カン = be sweaty",Guess the romaji equivalent of the Kunyomi reading,Text
"dry, dry up, be dry, desiccate [**Kun**]","乾,かわく,かわかす","Onyomi: カン = heaven, emperor",Guess the romaji equivalent of the Kunyomi reading,Text
"hold in the mouth, bear in mind, understand, cherish, harbor, contain, comprise, have, hold, include, embrace, be charged or loaded with, be dripping with, be full of, be suffused with, include, instruct, make one understand [**Kun**]","含,ふくむ,ふくめる","Onyomi: ガン = hold in the mouth, bear in mind, understand, cherish, harbor, contain, comprise, have, hold, include, embrace, be charged or loaded with, be dripping with, be full of, be suffused with",Guess the romaji equivalent of the Kunyomi reading,Text
"presume upon, take advantage of, coax, pamper, be indulgent, coddle, sweet, honeyed (words), lenient, halfwitted, easygoing, soft, mild, loose, trashy, sentimental [**Kun**]","甘,あまい,あまえる,あまやかす","Onyomi: カン = presume upon, take advantage of, coax",Guess the romaji equivalent of the Kunyomi reading,Text
"recommend, advise, encourage, offer (wine) [**Kun**]","勧,すすめる","Onyomi: カン = recommend, advise, encourage, offer (wine)",Guess the romaji equivalent of the Kunyomi reading,Text
"take warning from, learn a lesson from [**Kun**]","鑑,かんがみる","Onyomi: カン = take warning from, learn a lesson from",Guess the romaji equivalent of the Kunyomi reading,Text
"devil, demon, ghost, spirits of the dead, fiend, creditor, the one who is 'it' (in games) [**Kun**]","鬼,おに","Onyomi: キ = devil, demon, spirits of the dead",Guess the romaji equivalent of the Kunyomi reading,Text
"some, several, many, how many, how much [**Kun**]","幾,いく","Onyomi: キ = how many, how much, how far, how long, so much per, however(difficult)",Guess the romaji equivalent of the Kunyomi reading,Text
"play, sport, frolic, joke, flirt with [**Kun**]","戯,たわむれる","Onyomi: ギ = play, sport, frolic, joke, flirt with",Guess the romaji equivalent of the Kunyomi reading,Text
"pray, wish [**Kun**]","祈,いのる","Onyomi: キ = pray, wish",Guess the romaji equivalent of the Kunyomi reading,Text
"shine, sparkle, gleam, twinkle, brilliant, radiant, bright [**Kun**]","輝,かがやく","Onyomi: キ = shine, sparkle, gleam, twinkle, brilliant, radiant, bright",Guess the romaji equivalent of the Kunyomi reading,Text
"be pressed in, be packed, become close, be checkmated, stuff, fill, pack, plug, place closely, write closely, sit closely, shorten, curtail, checkmate, keep doing, hold (one’s breath), attend (office), be stopped up, be blocked, be full, be stuffed, be shortened, contract, be hard up, be held up, be deadlocked [**Kun**]","詰,つめる,つまる,つむ","Onyomi: キツ = be pressed in, be packed, become close, be checkmated",Guess the romaji equivalent of the Kunyomi reading,Text
"foot, leg, paw, flipper, tentacles, arms, walk, step, pace, speed, footing, draft (of a ship), foot (of a mountain), trace, deficit, shortage [**Kun**]","脚,あし","Onyomi: キャク,キャ = leg, skid, undercarriage",Guess the romaji equivalent of the Kunyomi reading,Text
"decay, rot, remain in seclusion [**Kun**]","朽,くちる","Onyomi: キュウ = decay, rot, remain in seclusion",Guess the romaji equivalent of the Kunyomi reading,Text
"exert, exercise, cause, reach, come up to, amount to, befall, happen to, extend, match, equal, and, as well as [**Kun**]","及,およぶ,および,およぼす","Onyomi: キュウ = exert, exercise, cause",Guess the romaji equivalent of the Kunyomi reading,Text
"hill, knoll, rising ground [**Kun**]","丘,おか","Onyomi: キュウ = hill, knoll, rising ground",Guess the romaji equivalent of the Kunyomi reading,Text
"honorific prefixes [**Kun**]","御,おん","Onyomi: ギョ,ゴ = imperial honorary prefix, honorific prefix",Guess the romaji equivalent of the Kunyomi reading,Text
"be surprised, be frightened, be taken aback, be appalled, be amazed, surprise, frighten, create a stir [**Kun**]","驚,おどろく,おどろかす","Onyomi: キョウ = be surprised, be frightened, be taken aback, be appalled, be amazed",Guess the romaji equivalent of the Kunyomi reading,Text
"fear, dread, be afraid, be overawed, be apprehensive, terrible, awful, fierce, tremendous, marvelous [**Kun**]","恐,おそれる,おそろしい","Onyomi: キョウ = fear, dread, be afraid, be overawed, be apprehensive",Guess the romaji equivalent of the Kunyomi reading,Text
"go insane, lose one’s head, run amuck, rave, be madly in love, go haywire, break down, be upset, warp, fluctuate, miss the mark, (winds) howl [**Kun**]","狂,くるう,くるおしい","Onyomi: キョウ = lunatic",Guess the romaji equivalent of the Kunyomi reading,Text
"narrow, contract, reduce, become narrow, contract, small (area), limited, tight [**Kun**]","狭,せまい,せばめる,せばまる","Onyomi: キョウ = narrow, contract, reduce",Guess the romaji equivalent of the Kunyomi reading,Text
"shout, exclaim, cry, yell, roar, howl, cry for, clamor for, advocate [**Kun**]","叫,さけぶ","Onyomi: キョウ = shout, exclaim, cry, yell, roar, howl, cry for, clamor for, advocate",Guess the romaji equivalent of the Kunyomi reading,Text
"sound, resound, reverberate, echo, ring, vibrate, grate on, affect, find an echo in, become known [**Kun**]","響,ひびく","Onyomi: キョウ = sound, resound, reverberate, echo, ring, vibrate, grate on, affect, find an echo in, become known",Guess the romaji equivalent of the Kunyomi reading,Text
"look up, look up to, ask for, depend on, seek, respect, revere, drink, take, statement, command, wishes (of a superior) [**Kun**]","仰,あおぐ,おおせ","Onyomi: ギョウ,コウ = look up, look up to, ask for, depend on, seek, respect, revere, drink, take",Guess the romaji equivalent of the Kunyomi reading,Text
"run, gallop, advance, drive (a car), spur on, prompt, actuate, inspire, sway, impel [**Kun**]","駆,かける,かる","Onyomi: ク = run, gallop, advance",Guess the romaji equivalent of the Kunyomi reading,Text
"dig, delve, core, excavate, sink (wells), dig up, scoop out, pick (the ear), probe [**Kun**]","掘,ほる","Onyomi: クツ = dig, delve, core, excavate, sink (wells), dig up, scoop out, pick (the ear), probe",Guess the romaji equivalent of the Kunyomi reading,Text
"incline toward, tilt, slant, slope, lurch, heel over, be disposed to, trend toward, be prone to, go down (sun), wane, sink, decline, incline, list, bend, lean, tip, concentrate on, devote to, ruin, squander, empty [**Kun**]","傾,かたむく,かたむける","Onyomi: ケイ = lean, incline, tilt, list, tip, careen, lurch",Guess the romaji equivalent of the Kunyomi reading,Text
"meet, greet, welcome, invite, engage [**Kun**]","迎,むかえる","Onyomi: ゲイ = meet, greet, welcome, invite, engage",Guess the romaji equivalent of the Kunyomi reading,Text
"succeed to, inherit, follow, patch, graft (trees), tell [**Kun**]","継,つぐ","Onyomi: ケイ = succeed to, inherit, follow, patch, graft (trees), tell",Guess the romaji equivalent of the Kunyomi reading,Text
"bless, show mercy to, render benevolence to [**Kun**]","恵,めぐむ","Onyomi: ケイ,エ = blessing, grace, favor, kindness, mercy, benevolence, charity",Guess the romaji equivalent of the Kunyomi reading,Text
"strike, hit, beat, knock, slap, punch, thrash, smite, clap (one’s hands), beat (a drum), ring (a bell), (clocks) strike, impress, touch, shoot, pound in (a nail), water, sprinkle, braid, play (checkers), till (the soil), temper (a sword), prepare (buckwheat noodles), present (a play), cast (a net), pay (earnest money) [**Kun**]","撃,うつ","Onyomi: ゲキ = attack, defeat, destroy, conquer",Guess the romaji equivalent of the Kunyomi reading,Text
"combine with, serve as both, hold an additional post, use with [**Kun**]","兼,かねる","Onyomi: ケン = and, in addition, concurrently",Guess the romaji equivalent of the Kunyomi reading,Text
"hard, solid, tough, rigid, tight, steady, firm, strict, safe, reliable, upright, chaste, constant, stiff, bookish, classical, stubborn [**Kun**]","堅,かたい","Onyomi: ケン = hard, solid, tough, rigid, tight, steady, firm, strict, safe, reliable, upright, chaste, constant, stiff, bookish, classical, stubborn",Guess the romaji equivalent of the Kunyomi reading,Text
"eaves [**Kun**]","軒,のき","Onyomi: ケン = house counter",Guess the romaji equivalent of the Kunyomi reading,Text
"send, dispatch, give, donate, bestow on, do for (someone), use, handle, manipulate, employ, need, want, spend, consume, speak (English), practice (fencing), take (one’s lunch), circulate (bad money) [**Kun**]","遣,つかう,つかわす","Onyomi: ケン = send, dispatch, give, donate, bestow on, do for (someone)",Guess the romaji equivalent of the Kunyomi reading,Text
"shoulder [**Kun**]","肩,かた","Onyomi: ケン = shoulder",Guess the romaji equivalent of the Kunyomi reading,Text
"sword [**Kun**]","剣,つるぎ","Onyomi: ケン = sword, saber, blade, bayonet, sting, clock hand",Guess the romaji equivalent of the Kunyomi reading,Text
"boast of, be proud of [**Kun**]","誇,ほこる","Onyomi: コ = boast of, be proud of",Guess the romaji equivalent of the Kunyomi reading,Text
"drum [**Kun**]","鼓,つづみ","Onyomi: コ = drum",Guess the romaji equivalent of the Kunyomi reading,Text
"mutually, reciprocally, together [**Kun**]","互,たがい","Onyomi: ゴ = mutually, reciprocally, together",Guess the romaji equivalent of the Kunyomi reading,Text
"wither, die, be dead, age, be seasoned, fog up,kill (vegetation), let dry, season (lumber) [**Kun**]","枯,かれる,からす","Onyomi: コ = wither, die, be dead, age, be seasoned, fog up",Guess the romaji equivalent of the Kunyomi reading,Text
"sit up late,get late, grow old, reach the height of the season,again, after all, more and more [**Kun**]","更,さら,ふける,ふかす","Onyomi: コウ = a watch of the night",Guess the romaji equivalent of the Kunyomi reading,Text
"attack, offensive [**Kun**]","攻,せめる","Onyomi: コウ = attack, assault",Guess the romaji equivalent of the Kunyomi reading,Text
"rough, rude, wild, harsh, violent, gruff, fierce,be ruined, become stormy, tear around, get chapped,lay waste [**Kun**]","荒,あらい,あれる,あらす","Onyomi: コウ = rough, rude, wild, harsh, violent, gruff, fierce",Guess the romaji equivalent of the Kunyomi reading,Text
"chain, irons, connection [**Kun**]","鎖,くさり","Onyomi: サ = chain, irons, connection",Guess the romaji equivalent of the Kunyomi reading,Text
"color, paint, make up [**Kun**]","彩,いろどる","Onyomi: サイ = color, paint, make up",Guess the romaji equivalent of the Kunyomi reading,Text
"ride, board, mount, get up on, spread (paints), be taken in, share in, join, be found in (a dictionary), feel like doing, be mentioned in, be in harmony with,place, put, lay, set, let (one) take part, impose on, record, mention [**Kun**]","載,のせる,のる","Onyomi: サイ = ride, board, mount, get up on, spread (paints), be taken in, share in, join, be found in (a dictionary), feel like doing, be mentioned in, be in harmony with",Guess the romaji equivalent of the Kunyomi reading,Text
"sad, pitiful, wretched [**Kun**]","惨,みじめ","Onyomi: サン,ザン = disaster, cruelty, wretchedness",Guess the romaji equivalent of the Kunyomi reading,Text
"pierce, thrust, stab, prick, bite, sting, pin down, sew, stitch, put (a runner) out, pole (a boat), stick,be stuck [**Kun**]","刺,さす,ささる","Onyomi: シ = calling card",Guess the romaji equivalent of the Kunyomi reading,Text
"fat, grease, tallow, blubber, lard, suet [**Kun**]","脂,あぶら","Onyomi: シ = fat, rouge",Guess the romaji equivalent of the Kunyomi reading,Text
"female [**Kun**]","雌,め,めす","Onyomi: シ = female",Guess the romaji equivalent of the Kunyomi reading,Text
"purple, violet, soy sauce [**Kun**]","紫,むらさき","Onyomi: シ = purple, violet",Guess the romaji equivalent of the Kunyomi reading,Text
"purport, principle, instructions, will, thinking [**Kun**]","旨,むね","Onyomi: シ = relish, show a liking for",Guess the romaji equivalent of the Kunyomi reading,Text
"visit, ask, inquire, question, hear, be told, implore (a good for an oracle) [**Kun**]","伺,うかがう","Onyomi: シ = visit, ask, inquire, question, hear, be told, implore (a good for an oracle)",Guess the romaji equivalent of the Kunyomi reading,Text
"take, hold, seize, catch, capture, fetch, receive, procure, obtain, adopt (a measure), engage (graduates), choose, order (foodstuffs), pick, pluck, make, produce, eat, set up (camp), charge, administer, transact, take (pains), make out (the meaning), remove, take off (one's hat), take out (spots), strike out (words), weed, catch (fish), deprive of, steal, capture (territory), annex, need, req","執,とる","Onyomi: シツ,シュウ = take, hold, seize, catch, capture, fetch, receive, procure, obtain, adopt (a measure), engage (graduates), choose, order (foodstuffs), pick, pluck, make, produce, eat, set up (camp), charge, administer, transact, take (pains), make out (the meaning), remove, take off (one's hat), take out (spots), strike out (words), weed, catch (fish), deprive of, steal, capture (territory), annex, need, require, reserve (rooms), subscribe to, press (a point home), take (a picture), possess",Guess the romaji equivalent of the Kunyomi reading,Text
"boil, cook, be cooked, be boiled,boil, cook [**Kun**]","煮,にる,にえる,にやす","Onyomi: シャ = boil, cook, be cooked, be boiled",Guess the romaji equivalent of the Kunyomi reading,Text
"slanting, diagonal, oblique, askew, unpleasant, disagreeable [**Kun**]","斜,ななめ","Onyomi: シャ = slanting, oblique",Guess the romaji equivalent of the Kunyomi reading,Text
"patina, antique look, elegant simplicity, trained recite's voice,lonely, lonesome, solitary, deserted, desolate [**Kun**]","寂,さび,さびしい,さびれる","Onyomi: ジャク,セキ = quietly, death of a priest",Guess the romaji equivalent of the Kunyomi reading,Text
"hunt,hunting, raiding, gathering (mushrooms), viewing (maples) [**Kun**]","狩,かる,かり","Onyomi: シュ = hunt",Guess the romaji equivalent of the Kunyomi reading,Text
"import, meaning, contents,tenor, gist, tone, touch, sentiment, charm, aspect, appearance [**Kun**]","趣,おもむき","Onyomi: シュ = proceed to, become, tend toward",Guess the romaji equivalent of the Kunyomi reading,Text
"animal, beast [**Kun**]","獣,けもの","Onyomi: ジュウ = animal, beast",Guess the romaji equivalent of the Kunyomi reading,Text
"attack, advance on, succeed to, call unexpectedly [**Kun**]","襲,おそう","Onyomi: シュウ = attack",Guess the romaji equivalent of the Kunyomi reading,Text
"boat, ship, vessel, steamer, liner, barge, shipping, tank, trough, cistern, vat [**Kun**]","舟,ふね,ふな","Onyomi: シュウ = boat",Guess the romaji equivalent of the Kunyomi reading,Text
"surpass, excel, tower above, rise to eminence [**Kun**]","秀,ひいでる","Onyomi: シュウ = excellence, beauty",Guess the romaji equivalent of the Kunyomi reading,Text
"soft, tender, plastic, limp, gentle, mellow [**Kun**]","柔,やわらか,やわらかい","Onyomi: ジュウ,ニュウ = weakness, gentleness, softness",Guess the romaji equivalent of the Kunyomi reading,Text
"go around, in connection with, concering [**Kun**]","巡,めぐる","Onyomi: ジュン = going around, circumference",Guess the romaji equivalent of the Kunyomi reading,Text
"shield, buckler, escutcheon, pretext [**Kun**]","盾,たて","Onyomi: ジュン = shield, buckler, escutcheon, pretext",Guess the romaji equivalent of the Kunyomi reading,Text
"wink, twinkle, flicker [**Kun**]","瞬,またたく","Onyomi: シュン = wink, blink",Guess the romaji equivalent of the Kunyomi reading,Text
"height, stature, length, measure [**Kun**]","丈,たけ","Onyomi: ジョウ = 10 feet, length, measure, Mr,or Mrs,(re: artists)",Guess the romaji equivalent of the Kunyomi reading,Text
"bed, sickbed, floor, alcove, padding [**Kun**]","床,とこ,ゆか","Onyomi: ショウ = bed, floor",Guess the romaji equivalent of the Kunyomi reading,Text
"call, send for, wear, put on, take (a bath), ride in, buy, eat, drink, catch (a cold) [**Kun**]","召,めす","Onyomi: ショウ = call, send for, wear, put on, take (a bath), ride in, buy, eat, drink, catch (a cold)",Guess the romaji equivalent of the Kunyomi reading,Text
"full, detailed, minute, accurate, versed in, wellinformed on [**Kun**]","詳,くわしい","Onyomi: ショウ = full, detailed, minute, accurate, versed in, wellinformed on",Guess the romaji equivalent of the Kunyomi reading,Text
"fold, fold up, furl, shut up, shut, wind up (affairs), do away with, kill, bear in mind,folding, collapsible [**Kun**]","畳,たたむ,たたみ","Onyomi: ジョウ = mat counter",Guess the romaji equivalent of the Kunyomi reading,Text
"swamp, bog, pond, lake [**Kun**]","沼,ぬま","Onyomi: ショウ = swamp, lake",Guess the romaji equivalent of the Kunyomi reading,Text
"increase, multiply, accrue, (water) rises,add to, raise, augment [**Kun**]","殖,ふえる,ふやす","Onyomi: ショク = increase",Guess the romaji equivalent of the Kunyomi reading,Text
"ornament, decorate, adorn, embellish, exhibit, be ostentatious, whitewash [**Kun**]","飾,かざる","Onyomi: ショク = ornament, decorate, adorn, embellish, exhibit, be ostentatious, whitewash",Guess the romaji equivalent of the Kunyomi reading,Text
"touch, feel, hit, strike, graze, announce, proclaim, mention, refer to, conflict with, be contrary to [**Kun**]","触,ふれる,さわる","Onyomi: ショク = touching",Guess the romaji equivalent of the Kunyomi reading,Text
"be discreet, be careful, be prudent, be cautious, restrain oneself, be moderate [**Kun**]","慎,つつしむ","Onyomi: シン = be discreet, be careful, be prudent, be cautious, restrain oneself, be moderate",Guess the romaji equivalent of the Kunyomi reading,Text
"look for, inquire for, ask (someone) a question [**Kun**]","尋,たずねる","Onyomi: ジン = fathom",Guess the romaji equivalent of the Kunyomi reading,Text
"firewood, kindling, fuel [**Kun**]","薪,たきぎ","Onyomi: シン = firewood",Guess the romaji equivalent of the Kunyomi reading,Text
"invate, raid, violate, trespass, intrude on [**Kun**]","侵,おかす","Onyomi: シン = invate, raid, violate, trespass, intrude on",Guess the romaji equivalent of the Kunyomi reading,Text
"shake, tremble, quiver, shiver, shudder, vibrate [**Kun**]","震,ふるう,ふるえる","Onyomi: シン = shake, tremble, quiver, shiver, shudder, vibrate",Guess the romaji equivalent of the Kunyomi reading,Text
"sleep, retire, be bedridden, lie down, lie idle, remain unsold,put to sleep, send to bed, lay down, let lie idle [**Kun**]","寝,ねる,ねかす","Onyomi: シン = sleeping, resting, bed",Guess the romaji equivalent of the Kunyomi reading,Text
"soak, dip, steep, immerse, moisten, wet, dunk, drench,be soaked in, be immersed in, be flooded, be submerged, be bathed in, be addicted to [**Kun**]","浸,ひたす,ひたる","Onyomi: シン = soak, dip, steep, immerse, moisten, wet, dunk, drench",Guess the romaji equivalent of the Kunyomi reading,Text
"use up, run out of, exhaust, serve, befriend, work for, endeavor, do (one's duty),become exhausted, be consumed, spend, end [**Kun**]","尽,つくす,つきる,つかす","Onyomi: ジン = use up, run out of, exhaust, serve, befriend, work for, endeavor, do (one's duty),last day of the month",Guess the romaji equivalent of the Kunyomi reading,Text
"wave, wag, swing, shake, sprinkle, brandish, jilt, reject, attach, allot,lean toward, deflect, tend, shake, swing, oscillate,wield, be invigorated, be spirited, flourish [**Kun**]","振,ふる,ふるう,ふれる","Onyomi: シン = wave, wag, swing, shake, sprinkle, brandish, jilt, reject, attach, allot",Guess the romaji equivalent of the Kunyomi reading,Text
"breathe, blow, play (a wind instrument), emit, smelt, mint, brag [**Kun**]","吹,ふく","Onyomi: スイ = breathe, blow, play (a wind instrument), emit, smelt, mint, brag",Guess the romaji equivalent of the Kunyomi reading,Text
"mark, print, impression, trace, track, trail, wake, marks, traces, evidence, scar, ruins, precedent [**Kun**]","跡,あと","Onyomi: セキ = mark, print, impression, trace, track, trail, wake, marks, traces, evidence, scar, ruins, precedent",Guess the romaji equivalent of the Kunyomi reading,Text
"folding fan [**Kun**]","扇,おうぎ","Onyomi: セン = fan",Guess the romaji equivalent of the Kunyomi reading,Text
"vivid, clear, brilliant, fresh, graceful, splendid, beautiful [**Kun**]","鮮,あざやか","Onyomi: セン = Korea",Guess the romaji equivalent of the Kunyomi reading,Text
"occupy, hold, have, get, take (a seat),divine, forecast, augur [**Kun**]","占,しめる,うらなう","Onyomi: セン = occupy, hold, have, get, take (a seat)",Guess the romaji equivalent of the Kunyomi reading,Text
"sue, complain of (pain), appeal to, have recourse to [**Kun**]","訴,うったえる","Onyomi: ソ = sue, complain of (pain), appeal to, have recourse to",Guess the romaji equivalent of the Kunyomi reading,Text
"make a noise, be boisterous, shout, clamor, raise an uproar, be excited, be agitated, bustle around, make a fuss about, make merry, go on a spree [**Kun**]","騒,さわぐ","Onyomi: ソウ = make a noise, be boisterous, shout, clamor, raise an uproar, be excited, be agitated, bustle around, make a fuss about, make merry, go on a spree",Guess the romaji equivalent of the Kunyomi reading,Text
"send, give to, award to, confer on [**Kun**]","贈,おくる","Onyomi: ゾウ,ソウ = present (something)",Guess the romaji equivalent of the Kunyomi reading,Text
"change, turn, convert, exchange, renew, substitute, replace,relieve [**Kun**]","替,かえる,かわる","Onyomi: タイ = change, turn, convert, exchange, renew, substitute, replace",Guess the romaji equivalent of the Kunyomi reading,Text
"endure, support, withstand, resist, brave, weather, be fit for, be equal to [**Kun**]","耐,たえる","Onyomi: タイ = enduring",Guess the romaji equivalent of the Kunyomi reading,Text
"swamp, marsh, dale, valley [**Kun**]","沢,さわ","Onyomi: タク = swamp, blessing",Guess the romaji equivalent of the Kunyomi reading,Text
"be muddy, be impure, be voiced, be vague,make muddy, make cloudy, quibble, prevaricate [**Kun**]","濁,にごる,にごす","Onyomi: ダク = uncleanness, wrong, muddiness, impurity, voicing marks, voiced sound, voiced consonant, unrefined sake",Guess the romaji equivalent of the Kunyomi reading,Text
"take off (clothes), undress,come off, slip off, slip down [**Kun**]","脱,ぬぐ,ぬげる","Onyomi: ダツ = removing",Guess the romaji equivalent of the Kunyomi reading,Text
"play on,spring, bound, rebound, be inspired, be spurred on, invest in, be generous (in tipping), breathe with difficulty,bullet, shot, shell [**Kun**]","弾,ひく,はずむ,たま","Onyomi: ダン = bullet",Guess the romaji equivalent of the Kunyomi reading,Text
"light, faint, pale, fleeting, a little [**Kun**]","淡,あわい","Onyomi: タン = light, faint, pale, fleeting, a little",Guess the romaji equivalent of the Kunyomi reading,Text
"end, tip, edge, border, one side, corner, beginning, scrap of cloth,side [**Kun**]","端,はし,は,はた","Onyomi: タン = origin, end, point",Guess the romaji equivalent of the Kunyomi reading,Text
"sigh, lament, moan, grieve, regret, deplore, sorrow,sad, wretched, deplorable [**Kun**]","嘆,なげく,なげかわしい","Onyomi: タン = sigh",Guess the romaji equivalent of the Kunyomi reading,Text
"be late, be delayed, be overdue, lag behind, (clocks) lose,retard, delay, defer,late, slow [**Kun**]","遅,おくれる,おくらす,おそい","Onyomi: チ = be late, be delayed, be overdue, lag behind, (clocks) lose",Guess the romaji equivalent of the Kunyomi reading,Text
"do, send, forward, incur, cause, render (assistance), exert (oneself), engage, call in (a doctor) [**Kun**]","致,いたす","Onyomi: チ = do, send, forward, incur, cause, render (assistance), exert (oneself), engage, call in (a doctor)",Guess the romaji equivalent of the Kunyomi reading,Text
"shame, dishonor, disgrace, humiliation, insult,feel ashamed,feel shy, be coy, be bashful, blush,bashful, ashamed, coy, disgraceful, shameful [**Kun**]","恥,はじる,はじ,はじらう,はずかしい","Onyomi: チ = shame, dishonor, disgrace, humiliation, insult",Guess the romaji equivalent of the Kunyomi reading,Text
"store, lay in stock, save, wear (a mustache) [**Kun**]","蓄,たくわえる","Onyomi: チク = store, hoard, savings",Guess the romaji equivalent of the Kunyomi reading,Text
"be clear, become clear, clarify,clear, settle, strain (one's ears), look grave [**Kun**]","澄,すむ,すます","Onyomi: チョウ = be clear, become clear, clarify",Guess the romaji equivalent of the Kunyomi reading,Text
"leap, spring up, hop, jerk, prance, buck, bound, spatter, splash, snap, crack, sputter, close, be over,jump, spring, bound, vault, hop [**Kun**]","跳,はねる,とぶ","Onyomi: チョウ = leap, spring up, hop, jerk, prance, buck, bound, spatter, splash, snap, crack, sputter, close, be over",Guess the romaji equivalent of the Kunyomi reading,Text
"sink, be submerged, subside, cave in, feel depressed, be overcome with,submerge, immerse [**Kun**]","沈,しずむ,しずめる","Onyomi: チン = aloes",Guess the romaji equivalent of the Kunyomi reading,Text
"new, novel, rare, strange, curious, unusual, nice (gift) [**Kun**]","珍,めずらしい","Onyomi: チン = rare, curious, strange",Guess the romaji equivalent of the Kunyomi reading,Text
"dike, bank, embankment [**Kun**]","堤,つつみ","Onyomi: テイ = dike, bank, embankment",Guess the romaji equivalent of the Kunyomi reading,Text
"drop,drip, trickle [**Kun**]","滴,しずく,したたる","Onyomi: テキ = drop",Guess the romaji equivalent of the Kunyomi reading,Text
"pick, pluck, pull out, trim, clip, nip, gather [**Kun**]","摘,つむ","Onyomi: テキ = pick, pinch, hold in the fingers, summarize",Guess the romaji equivalent of the Kunyomi reading,Text
"accompany, marry, be added to, suit, meet, satisfy, be adjusted to,add to, attach, append, accompany, garnish, imitate [**Kun**]","添,そえる,そう","Onyomi: テン = accompany, marry, be added to, suit, meet, satisfy, be adjusted to",Guess the romaji equivalent of the Kunyomi reading,Text
"mister,lord, mansion, place,Mr. [**Kun**]","殿,との,どの","Onyomi: デン,テン = hall, mansion, palace, temple, rear guard",Guess the romaji equivalent of the Kunyomi reading,Text
"become angry, be offended, become excited [**Kun**]","怒,いかる,おこる","Onyomi: ド = become angry, be offended, become excited",Guess the romaji equivalent of the Kunyomi reading,Text
"cross, ford, ferry, be imported, change hands, make one's way through life, sweep across, migrate, be provided,carry across, ferry over, bring over, hand over, deliver, deal (cards), transfer (a business), pay (wages), bridge, stretch (something) across, lay across [**Kun**]","渡,わたる,わたす","Onyomi: ト = cross, ford, ferry, be imported, change hands, make one's way through life, sweep across, migrate, be provided",Guess the romaji equivalent of the Kunyomi reading,Text
"disgorge, vomit, belch, emit, give vent to, confess, tell (lies), speak [**Kun**]","吐,はく","Onyomi: ト = disgorge, vomit, belch, emit, give vent to, confess, tell (lies), speak",Guess the romaji equivalent of the Kunyomi reading,Text
"fall, collapse, drop, break down, die, succumb to, fall senseless, be ruined, have a bad debt,bring down, throw down, blow down, fell, knock down, trip up, defeat, ruin, overthrow, kill, leave unpaid, cheat [**Kun**]","倒,たおれる,たおす","Onyomi: トウ = fall, collapse, drop, break down, die, succumb to, fall senseless, be ruined, have a bad debt",Guess the romaji equivalent of the Kunyomi reading,Text
"wage war, fight, engage in a contest, struggle against [**Kun**]","闘,たたかう","Onyomi: トウ = fighting",Guess the romaji equivalent of the Kunyomi reading,Text
"flee, run away, escape, shirk, evade, back out,let go, set free, let escape, miss (a chance),avoid [**Kun**]","逃,にげる,にがす,のがす,のがれる","Onyomi: トウ = flee, run away, escape, shirk, evade, back out",Guess the romaji equivalent of the Kunyomi reading,Text
"peach [**Kun**]","桃,もも","Onyomi: トウ = peach",Guess the romaji equivalent of the Kunyomi reading,Text
"be transparent, be seen through, be thin, leave a gap,leave a space, thin (trees), make transparent, look through [**Kun**]","透,すく,すかす,すける","Onyomi: トウ = permeate, penetrate",Guess the romaji equivalent of the Kunyomi reading,Text
"rice plant [**Kun**]","稲,いね,いな","Onyomi: トウ = rice plant",Guess the romaji equivalent of the Kunyomi reading,Text
"step on, trample on, stamp on, carry through, practice, appraise, set foot on, evade payment,stand on [**Kun**]","踏,ふむ,ふまえる","Onyomi: トウ = step on, trample on, stamp on, carry through, practice, appraise, set foot on, evade payment",Guess the romaji equivalent of the Kunyomi reading,Text
"China, Cathay, Korea, Foreign countries,Chinese, Korean, Foreign [**Kun**]","唐,から","Onyomi: トウ = Tang (dynasty), China, foreign countries,Chinese, Korean, Foreign",Guess the romaji equivalent of the Kunyomi reading,Text
"steal, rob, pilfer [**Kun**]","盗,ぬすむ","Onyomi: トウ = thief",Guess the romaji equivalent of the Kunyomi reading,Text
"thrust, pierce, spear, stab, prick, gore, lunge at, push, poke, strike (a bell), attack, strike (at the heart), brave (a storm), be pungent, strike against, (words) rush (to one's lips) [**Kun**]","突,つく","Onyomi: トツ = protruding, thrusting",Guess the romaji equivalent of the Kunyomi reading,Text
"cloud up, fog up, become dim, be blurred, be gloomy [**Kun**]","曇,くもる","Onyomi: ドン = cloud up, fog up, become dim, be blurred, be gloomy",Guess the romaji equivalent of the Kunyomi reading,Text
"dull, slow, blunt (tool), dim (light), thick (voice),become dull, weaken [**Kun**]","鈍,にぶい,にぶる","Onyomi: ドン = dullness, slowness, foolishness",Guess the romaji equivalent of the Kunyomi reading,Text
"dark, deep, saturated, strong (drink), intimate, thick [**Kun**]","濃,こい","Onyomi: ノウ = dark, thick, undiluted",Guess the romaji equivalent of the Kunyomi reading,Text
"worry, be troubled, be afflicted, be in pain,annoy, embarrass, afflict, worry, oppress, torment [**Kun**]","悩,なやむ,なやます","Onyomi: ノウ = distress, illness",Guess the romaji equivalent of the Kunyomi reading,Text
"wine glass, sake cup, chalice, cup [**Kun**]","杯,さかずき","Onyomi: ハイ = cup, glass, toast, congratulatory cup, counter for cupfuls",Guess the romaji equivalent of the Kunyomi reading,Text
"stay at, put up at, ride at anchor,lodge a person [**Kun**]","泊,とまる,とめる","Onyomi: ハク = (threeday) stay",Guess the romaji equivalent of the Kunyomi reading,Text
"press for, urge, force, spur on, approach, gain on, close in on, be on the verge of, be imminent [**Kun**]","迫,せまる","Onyomi: ハク = press for, urge, force, spur on, approach, gain on, close in on, be on the verge of, be imminent",Guess the romaji equivalent of the Kunyomi reading,Text
"thin, weak (tea), light, pale, faint, scanty, ungenerous,dilute, weaken,thin out, fade, grow pale, be toned down, get dim, cool (emotions), abate, lessen, decline [**Kun**]","薄,うすい,うすめる,うすまる,うすらぐ,うすれる","Onyomi: ハク = thin, weak (tea), light, pale, faint, scanty, ungenerous",Guess the romaji equivalent of the Kunyomi reading,Text
"extract, unlock, pull out, root up, unsheathe, pilfer, quote, remove, omit, capture, outrun, shoot through,come off, fall out, slip out, be omitted, be missing, be rid of, pass through, escape, be captured, withdraw, be less than,skip over,be careless, slip, make a mistake [**Kun**]","抜,ぬく,ぬける,ぬかす,ぬかる","Onyomi: バツ = extract, unlock, pull out, root up, unsheathe, pilfer, quote, remove, omit, capture, outrun, shoot through",Guess the romaji equivalent of the Kunyomi reading,Text
"the hair [**Kun**]","髪,かみ","Onyomi: ハツ = the hair",Guess the romaji equivalent of the Kunyomi reading,Text
"avoid, avert, ward off, keep aloof from, stay away from, evade, shirk, shun [**Kun**]","避,さける","Onyomi: ヒ = avoid, avert, ward off, keep aloof from, stay away from, evade, shirk, shun",Guess the romaji equivalent of the Kunyomi reading,Text
"get tired, grow weary [**Kun**]","疲,つかれる","Onyomi: ヒ = get tired, grow weary",Guess the romaji equivalent of the Kunyomi reading,Text
"he,that, the [**Kun**]","彼,かれ,かの","Onyomi: ヒ = he, that",Guess the romaji equivalent of the Kunyomi reading,Text
"get, receive, sustain (an injury), be subjected to (criticism) [**Kun**]","被,こうむる","Onyomi: ヒ = receiving",Guess the romaji equivalent of the Kunyomi reading,Text
"tail, trail (of a meteor), lower slope (of a mountain) [**Kun**]","尾,お","Onyomi: ビ = tail, end, counter for fish",Guess the romaji equivalent of the Kunyomi reading,Text
"head, counter (small animals), roll of cloth [**Kun**]","匹,ひき","Onyomi: ヒツ = head, counter (small animals), roll of cloth",Guess the romaji equivalent of the Kunyomi reading,Text
"write, compose, draw, paint,sketch, describe [**Kun**]","描,えがく,かく","Onyomi: ビョウ = write, compose, draw, paint",Guess the romaji equivalent of the Kunyomi reading,Text
"beach, seashore, fishing village [**Kun**]","浜,はま","Onyomi: ヒン = beach, seashore, fishing village",Guess the romaji equivalent of the Kunyomi reading,Text
"dance, flutter about, flit, circle, wheel,dancing [**Kun**]","舞,まう,まい","Onyomi: ブ = dance, flutter about, flit, circle, wheel",Guess the romaji equivalent of the Kunyomi reading,Text
"fearful, frightful, terrible, weird [**Kun**]","怖,こわい","Onyomi: フ = fear, be frightened, be timid, get nervous",Guess the romaji equivalent of the Kunyomi reading,Text
"float, be floated, rise to the surface, be cheered up, be set on edge, feel loose (teeth), be left over, be saved,launch, sail (a toy ship), refloat, waft, express (feelings in the face), recall,surface, flit across (the face), occur to, play (about the lips, as a smile), rise in the world, rest in peace,be in high spirits, go on a spree [**Kun**]","浮,うく,うかれる,うかぶ,うかべる","Onyomi: フ = float, be floated, rise to the surface, be cheered up, be set on edge, feel loose (teeth), be left over, be saved",Guess the romaji equivalent of the Kunyomi reading,Text
"rot, decay, turn sour, fester, corrode, be corrupted, feel gloomy,let spoil, rot, corrode, addle [**Kun**]","腐,くさる,くされる,くさらす","Onyomi: フ = rot, decay, turn sour, fester, corrode, be corrupted, feel gloomy",Guess the romaji equivalent of the Kunyomi reading,Text
"spread, pave, sit (on a cushion), lay (a railway), gravel (a road), promulgate, draw up [**Kun**]","敷,しく","Onyomi: フ = spread, pave, sit (on a cushion), lay (a railway), gravel (a road), promulgate, draw up",Guess the romaji equivalent of the Kunyomi reading,Text
"width, breadth, range, difference (in price), power, influence [**Kun**]","幅,はば","Onyomi: フク = hanging scroll, picture, width, counter for scrolls",Guess the romaji equivalent of the Kunyomi reading,Text
"clear out, sweep away, wipe off, brush off, drive away, banish, prune, parry, pay, dispose of, wield (a sword) sideways, show interest in [**Kun**]","払,はらう","Onyomi: フツ = clear out, sweep away, wipe off, brush off, drive away, banish, prune, parry, pay, dispose of, wield (a sword) sideways, show interest in",Guess the romaji equivalent of the Kunyomi reading,Text
"spout, emit, flush out [**Kun**]","噴,ふく","Onyomi: フン = spout, emit, flush out",Guess the romaji equivalent of the Kunyomi reading,Text
"handle, crank, grip, hilt, shaft, knob, spoke (of steering wheel on a ship),pattern, design, build, character, nature [**Kun**]","柄,がら,え","Onyomi: ヘイ = handle, crank, grip, hilt, shaft, knob, spoke (of steering wheel on a ship)",Guess the romaji equivalent of the Kunyomi reading,Text
"wall [**Kun**]","壁,かべ","Onyomi: ヘキ = wall, lining (of the stomach), fence, partition",Guess the romaji equivalent of the Kunyomi reading,Text
"catch, arrest, capture,be caught, be captured,be arrested, be a slave to, be seized with [**Kun**]","捕,とらえる,とらわれる,とる,つかまえる,つかまる","Onyomi: ホ = catch, arrest, capture",Guess the romaji equivalent of the Kunyomi reading,Text
"busy, occupied [**Kun**]","忙,いそがしい","Onyomi: ボウ = busy, occupied",Guess the romaji equivalent of the Kunyomi reading,Text
"hug, embrace, hold in the arms, sit (on eggs),entertain (hope), cherish (a desire), harbor (malice), hold, have,hold or carry under or in the arms [**Kun**]","抱,だく,いだく,かかえる","Onyomi: ホウ = hug, embrace, hold in the arms, sit (on eggs)",Guess the romaji equivalent of the Kunyomi reading,Text
"peak, summit, top, back (of a sword) [**Kun**]","峰,みね","Onyomi: ホウ = peak, summit, top, back (of a sword)",Guess the romaji equivalent of the Kunyomi reading,Text
"risk, face, defy, dare, (diseases) attack, damage, desecrate, assume (a name) [**Kun**]","冒,おかす","Onyomi: ボウ = risk, face, defy, dare, (diseases) attack, damage, desecrate, assume (a name)",Guess the romaji equivalent of the Kunyomi reading,Text
"side, besides, while [**Kun**]","傍,かたわら","Onyomi: ボウ = side, besides, while",Guess the romaji equivalent of the Kunyomi reading,Text
"sleep, die,sleepy, drowsy, lethargic [**Kun**]","眠,ねむる,ねむい","Onyomi: ミン = sleep",Guess the romaji equivalent of the Kunyomi reading,Text
"halberd, arms, festival car, float [**Kun**]","矛,ほこ","Onyomi: ム = halberd, arms, festival car, float",Guess the romaji equivalent of the Kunyomi reading,Text
"mist, fog, spray [**Kun**]","霧,きり","Onyomi: ム = mist, fog, spray",Guess the romaji equivalent of the Kunyomi reading,Text
"grow thick, be overgrown, be luxuriant [**Kun**]","茂,しげる","Onyomi: モ = grow thick, be overgrown, be luxuriant",Guess the romaji equivalent of the Kunyomi reading,Text
"net, netting [**Kun**]","網,あみ","Onyomi: モウ = net, network",Guess the romaji equivalent of the Kunyomi reading,Text
"become silent, stop speaking, say nothing [**Kun**]","黙,だまる","Onyomi: モク = keeping silence",Guess the romaji equivalent of the Kunyomi reading,Text
"dance, leap, skip, throb (the heart), act as a cat'spaw, double (the interest on a debt) [**Kun**]","躍,おどる","Onyomi: ヤク = dance, leap, skip, throb (the heart), act as a cat'spaw, double (the interest on a debt)",Guess the romaji equivalent of the Kunyomi reading,Text
"male [**Kun**]","雄,お,おす","Onyomi: ユウ = male, hero, great leader, superiority, excellence",Guess the romaji equivalent of the Kunyomi reading,Text
"give, award, impart, provide, allot, cause (pain or damage) [**Kun**]","与,あたえる","Onyomi: ヨ = give, award, impart, provide, allot, cause (pain or damage)",Guess the romaji equivalent of the Kunyomi reading,Text
"honor, glory [**Kun**]","誉,ほまれ","Onyomi: ヨ = praise",Guess the romaji equivalent of the Kunyomi reading,Text
"chanting of the noh, chant, noh singer [**Kun**]","謡,うたい,うたう","Onyomi: ヨウ = chant",Guess the romaji equivalent of the Kunyomi reading,Text
"dance, leap, skip, throb (the heart), act as a cat'spaw, double (the interest on a debt),dancing, step [**Kun**]","踊,おどる,おどり","Onyomi: ヨウ = dance, leap, skip, throb (the heart), act as a cat'spaw, double (the interest on a debt)",Guess the romaji equivalent of the Kunyomi reading,Text
"hips, waist, loins, pelvic region, small of the back, haunch, lowerpanel wainscoting (lower wall only), stem (of a wine glass) [**Kun**]","腰,こし","Onyomi: ヨウ = hips, waist, loins, pelvic region, small of the back, haunch, lowerpanel wainscoting (lower wall only), stem (of a wine glass)",Guess the romaji equivalent of the Kunyomi reading,Text
"melt, dissolve, thaw,liquefy, melt [**Kun**]","溶,とける,とかす,とく","Onyomi: ヨウ = melt, dissolve, thaw",Guess the romaji equivalent of the Kunyomi reading,Text
"wings [**Kun**]","翼,つばさ","Onyomi: ヨク = wing, plane, flank",Guess the romaji equivalent of the Kunyomi reading,Text
"ask, request, entreat, appeal, entrust to, commission, employ, call in, depend on, have recourse to, trust in,rely on, have recourse to,reliable, trustworthy, hopeful [**Kun**]","頼,たのむ,たのもしい,たよる","Onyomi: ライ = ask, request, entreat, appeal, entrust to, commission, employ, call in, depend on, have recourse to, trust in",Guess the romaji equivalent of the Kunyomi reading,Text
"thunder [**Kun**]","雷,かみなり","Onyomi: ライ = thunder",Guess the romaji equivalent of the Kunyomi reading,Text
"coil around, get twisted, stick to, pick a quarrel,twine around,get caught in, be urged on by [**Kun**]","絡,からむ,からまる,からめる","Onyomi: ラク = coil around, get twisted, stick to, pick a quarrel",Guess the romaji equivalent of the Kunyomi reading,Text
"separate, part from, come off, become disjoined, digress, get free, become estranged, be (three miles) away, be separated (by three years), leave, quit, depart from,disconnect, sever, detach, keep apart, alienate, isolate, let go, release, set free [**Kun**]","離,はなれる,はなす","Onyomi: リ = separation",Guess the romaji equivalent of the Kunyomi reading,Text
"grain, drop, counter for tiny particles [**Kun**]","粒,つぶ","Onyomi: リュウ = grain, drop",Guess the romaji equivalent of the Kunyomi reading,Text
"adjoin, nextdoor neighbor, adjoining [**Kun**]","隣,となる,となり","Onyomi: リン = neighboring",Guess the romaji equivalent of the Kunyomi reading,Text
"tear, sympathy [**Kun**]","涙,なみだ","Onyomi: ルイ = tear, sympathy",Guess the romaji equivalent of the Kunyomi reading,Text
"beautiful, lovely, graceful [**Kun**]","麗,うるわしい","Onyomi: レイ = beautiful, bright and clear, fine, serene",Guess the romaji equivalent of the Kunyomi reading,Text
"calendar, almanac [**Kun**]","暦,こよみ","Onyomi: レキ = calendar, almanac",Guess the romaji equivalent of the Kunyomi reading,Text
"be inferior to, be worse than [**Kun**]","劣,おとる","Onyomi: レツ = be inferior to, be worse than",Guess the romaji equivalent of the Kunyomi reading,Text
"be in love,love, tender sentiment,dear, beloved, darling [**Kun**]","恋,こう,こい,こいしい","Onyomi: レン = be in love",Guess the romaji equivalent of the Kunyomi reading,Text
"dew, dewdrops, tears, mortality, flimsiness, (with neg.) not a bit [**Kun**]","露,つゆ","Onyomi: ロ,ロウ = dew, Russia",Guess the romaji equivalent of the Kunyomi reading,Text
"be perplexed, be in doubt, hesitate, vacillate, go astray, err, be tempted, be infatuated, be misguided [**Kun**]","惑,まどう","Onyomi: ワク = be perplexed, be in doubt, hesitate, vacillate, go astray, err, be tempted, be infatuated, be misguided",Guess the romaji equivalent of the Kunyomi reading,Text
"arm, ability, talent [**Kun**]","腕,うで","Onyomi: ワン = arm",Guess the romaji equivalent of the Kunyomi reading,Text
"age [**On**]","齢,レイ","",Guess the romaji equivalent of the Onyomi reading,Text
"agility, alertness [**On**]","敏,ビン","",Guess the romaji equivalent of the Onyomi reading,Text
"always [**On**]","恒,コウ","",Guess the romaji equivalent of the Onyomi reading,Text
"attack the rebellious, collect taxes [**On**]","征,セイ","",Guess the romaji equivalent of the Onyomi reading,Text
"battle array, ranks, camp, position [**On**]","陣,ジン","",Guess the romaji equivalent of the Onyomi reading,Text
"be based on, follow [**On**]","拠,キョ,コ","",Guess the romaji equivalent of the Onyomi reading,Text
"be distant [**On**]","距,キョ","",Guess the romaji equivalent of the Onyomi reading,Text
"beat (in music) [**On**]","拍,ハク,ヒョウ","",Guess the romaji equivalent of the Onyomi reading,Text
"bend, bend over, give in, submit to, yield to, flinch [**On**]","屈,クツ","",Guess the romaji equivalent of the Onyomi reading,Text
"big, large, great [**On**]","巨,キョ","",Guess the romaji equivalent of the Onyomi reading,Text
"burst open, pop, split [**On**]","爆,バク","",Guess the romaji equivalent of the Onyomi reading,Text
"cakes, fruit [**On**]","菓,カ","",Guess the romaji equivalent of the Onyomi reading,Text
"cap, headgear [**On**]","帽,ボウ","",Guess the romaji equivalent of the Onyomi reading,Text
"carry, all [**On**]","般,ハン","",Guess the romaji equivalent of the Onyomi reading,Text
"carry, transport [**On**]","搬,ハン","",Guess the romaji equivalent of the Onyomi reading,Text
"change, be of use, reach to [**On**]","為,イ","",Guess the romaji equivalent of the Onyomi reading,Text
"cinnabar, vermilion [**On**]","朱,シュ","",Guess the romaji equivalent of the Onyomi reading,Text
"clause, paragraph, item, term (in math), argument (in math or linguistics) [**On**]","項,コウ","",Guess the romaji equivalent of the Onyomi reading,Text
"column (in a newspaper), blank, space, railing [**On**]","欄,ラン","",Guess the romaji equivalent of the Onyomi reading,Text
"compare, balance, contrast [**On**]","較,カク","",Guess the romaji equivalent of the Onyomi reading,Text
"copy, manuscript, draft, crest (of waves) [**On**]","稿,コウ","",Guess the romaji equivalent of the Onyomi reading,Text
"counters for things [**On**]","箇,カ","",Guess the romaji equivalent of the Onyomi reading,Text
"crest, (textile) figures [**On**]","紋,モン","",Guess the romaji equivalent of the Onyomi reading,Text
"customs, manners, the world, worldliness, vulgarity, mundane things, the laity [**On**]","俗,ゾク","",Guess the romaji equivalent of the Onyomi reading,Text
"depend on [**On**]","依,イ,エ","",Guess the romaji equivalent of the Onyomi reading,Text
"dignity, majesty, authority [**On**]","威,イ","",Guess the romaji equivalent of the Onyomi reading,Text
"dry up [**On**]","燥,ソウ","",Guess the romaji equivalent of the Onyomi reading,Text
"elegance, refined taste [**On**]","雅,ガ","",Guess the romaji equivalent of the Onyomi reading,Text
"evil, bad luck, disaster, bad harvest [**On**]","凶,キョウ","",Guess the romaji equivalent of the Onyomi reading,Text
"example, model, pattern, limit [**On**]","範,ハン","",Guess the romaji equivalent of the Onyomi reading,Text
"explanation [**On**]","釈,シャク","",Guess the romaji equivalent of the Onyomi reading,Text
"fat [**On**]","肪,ボウ","",Guess the romaji equivalent of the Onyomi reading,Text
"fellow, people, companion, line [**On**]","輩,ハイ","",Guess the romaji equivalent of the Onyomi reading,Text
"frequency, complexity, trouble [**On**]","繁,ハン","",Guess the romaji equivalent of the Onyomi reading,Text
"go, proceed, come, arrive, reach, attain, result in, lead to [**On**]","到,トウ","",Guess the romaji equivalent of the Onyomi reading,Text
"great, powerful, excelling [**On**]","豪,ゴウ","",Guess the romaji equivalent of the Onyomi reading,Text
"gun, cannon, battery, gunnery, ordnance, artillery [**On**]","砲,ホウ","",Guess the romaji equivalent of the Onyomi reading,Text
"heal, cure [**On**]","療,リョウ","",Guess the romaji equivalent of the Onyomi reading,Text
"help, save [**On**]","援,エン","",Guess the romaji equivalent of the Onyomi reading,Text
"inherit, help [**On**]","紹,ショウ","",Guess the romaji equivalent of the Onyomi reading,Text
"instead, on the contrary, rather, all the more [**On**]","却,キャク","",Guess the romaji equivalent of the Onyomi reading,Text
"involuntarily, in spite of oneself [**On**]","漫,マン","",Guess the romaji equivalent of the Onyomi reading,Text
"joy, pleasure [**On**]","歓,カン","",Guess the romaji equivalent of the Onyomi reading,Text
"Lantern Festival, Festivals of the Dead, tray [**On**]","盆,ボン","",Guess the romaji equivalent of the Onyomi reading,Text
"lazinss, ridicule [**On**]","慢,マン","",Guess the romaji equivalent of the Onyomi reading,Text
"man, husband, counter for sons [**On**]","郎,ロウ","",Guess the romaji equivalent of the Onyomi reading,Text
"manservant, slave, fellow [**On**]","奴,ド","",Guess the romaji equivalent of the Onyomi reading,Text
"marriage [**On**]","婚,コン","",Guess the romaji equivalent of the Onyomi reading,Text
"medicine, drug, dose [**On**]","剤,ザイ","",Guess the romaji equivalent of the Onyomi reading,Text
"mediocrity [**On**]","凡,ボン,ハン","",Guess the romaji equivalent of the Onyomi reading,Text
"minuteness, insignificance, vagueness, fewness [**On**]","微,ビ","",Guess the romaji equivalent of the Onyomi reading,Text
"monk, priest [**On**]","僧,ソウ","",Guess the romaji equivalent of the Onyomi reading,Text
"name, title, fame, praise [**On**]","称,ショウ","",Guess the romaji equivalent of the Onyomi reading,Text
"namely, as is [**On**]","即,ソク","",Guess the romaji equivalent of the Onyomi reading,Text
"occultness, mystery, black [**On**]","玄,ゲン","",Guess the romaji equivalent of the Onyomi reading,Text
"ode, prose poem, poetical prose, tribute, exacted service, installment [**On**]","賦,フ","",Guess the romaji equivalent of the Onyomi reading,Text
"office, government office, director, head official [**On**]","監,カン","",Guess the romaji equivalent of the Onyomi reading,Text
"one [**On**]","壱,イチ","",Guess the romaji equivalent of the Onyomi reading,Text
"open, clear, break up (land) [**On**]","拓,タク","",Guess the romaji equivalent of the Onyomi reading,Text
"priest's residence, (Buddhist) priest, boy [**On**]","坊,ボウ,ボッ","",Guess the romaji equivalent of the Onyomi reading,Text
"punishment, penalty [**On**]","罰,バツ,バチ","",Guess the romaji equivalent of the Onyomi reading,Text
"red, red lead, pills [**On**]","丹,タン","",Guess the romaji equivalent of the Onyomi reading,Text
"request, need [**On**]","需,ジュ","",Guess the romaji equivalent of the Onyomi reading,Text
"resist, defy, oppose, antagonize [**On**]","抗,コウ","",Guess the romaji equivalent of the Onyomi reading,Text
"right, justice [**On**]","是,ゼ","",Guess the romaji equivalent of the Onyomi reading,Text
"ring [**On**]","環,カン","",Guess the romaji equivalent of the Onyomi reading,Text
"rule, ceremony, case, affair, a matter [**On**]","儀,ギ","",Guess the romaji equivalent of the Onyomi reading,Text
"sell, trade [**On**]","販,ハン","",Guess the romaji equivalent of the Onyomi reading,Text
"servant, criminal, prisoner, follower [**On**]","隷,レイ","",Guess the romaji equivalent of the Onyomi reading,Text
"shallow bowl, platter, tray, tub, board, phonograph record [**On**]","盤,バン","",Guess the romaji equivalent of the Onyomi reading,Text
"shell, shellfish [**On**]","介,カイ","",Guess the romaji equivalent of the Onyomi reading,Text
"shop, store [**On**]","舗,ホ","",Guess the romaji equivalent of the Onyomi reading,Text
"sign, symptom, omen [**On**]","徴,チョウ","",Guess the romaji equivalent of the Onyomi reading,Text
"skin, body, grain, texture, disposition [**On**]","膚,フ","",Guess the romaji equivalent of the Onyomi reading,Text
"sphere, circle, range, radius [**On**]","圏,ケン","",Guess the romaji equivalent of the Onyomi reading,Text
"still more, still less (neg.) [**On**]","況,キョウ","",Guess the romaji equivalent of the Onyomi reading,Text
"strange, queer, mystery, miracle, cleverness [**On**]","妙,ミョウ","",Guess the romaji equivalent of the Onyomi reading,Text
"strangeness, curiosity, eccentricity [**On**]","奇,キ","",Guess the romaji equivalent of the Onyomi reading,Text
"surname, family name [**On**]","姓,セイ,ショウ","",Guess the romaji equivalent of the Onyomi reading,Text
"tenday period,season (for specific products) [**On**]","旬,ジュン,シュン","",Guess the romaji equivalent of the Onyomi reading,Text
"think, remember [**On**]","憶,オク","",Guess the romaji equivalent of the Onyomi reading,Text
"thought, concern, agreement [**On**]","慮,リョ","",Guess the romaji equivalent of the Onyomi reading,Text
"tie, rope [**On**]","維,イ","",Guess the romaji equivalent of the Onyomi reading,Text
"torso, trunk (of a body), body armor, body (of a suit), drum (of a machine), barrel (of a horse), cylinder (of a drum), bulge (of a bucket), hull (of a ship), hub (of a wheel) [**On**]","胴,ドウ","",Guess the romaji equivalent of the Onyomi reading,Text
"touch, reach, resist [**On**]","抵,テイ","",Guess the romaji equivalent of the Onyomi reading,Text
"tower, pagoda, steeple, obelisk, monument [**On**]","塔,トウ","",Guess the romaji equivalent of the Onyomi reading,Text
"two, second [**On**]","弐,ニ","",Guess the romaji equivalent of the Onyomi reading,Text
"violent, vehement, furious, severe, acute, intense, extreme, passionate, heated, stormy (applause), tempestuous (temperament), mighty [**On**]","烈,レツ","",Guess the romaji equivalent of the Onyomi reading,Text
"way, road [**On**]","途,ト","",Guess the romaji equivalent of the Onyomi reading,Text
"widely, generally [**On**]","普,フ","",Guess the romaji equivalent of the Onyomi reading,Text
"wildness, fierceness, strength [**On**]","猛,モウ","",Guess the romaji equivalent of the Onyomi reading,Text
"woof, horizontal, left and right, parallels of latitude, latitude [**On**]","緯,イ","",Guess the romaji equivalent of the Onyomi reading,Text
"year, age, time, occasion, opportunity, limit, vicinity [**On**]","歳,サイ,セイ","",Guess the romaji equivalent of the Onyomi reading,Text
"look up, look up to, ask for, depend on, seek, respect, revere, drink, take [**On**]","仰,ギョウ,コウ","Kunyomi: あおぐ,おおせ = look up, look up to, ask for, depend on, seek, respect, revere, drink, take, statement, command, wishes (of a superior)",Guess the romaji equivalent of the Onyomi reading,Text
"Korea [**On**]","鮮,セン","Kunyomi: あざやか = vivid, clear, brilliant, fresh, graceful, splendid, beautiful",Guess the romaji equivalent of the Onyomi reading,Text
"leg, skid, undercarriage [**On**]","脚,キャク,キャ","Kunyomi: あし = foot, leg, paw, flipper, tentacles, arms, walk, step, pace, speed, footing, draft (of a ship), foot (of a mountain), trace, deficit, shortage",Guess the romaji equivalent of the Onyomi reading,Text
"be sweaty [**On**]","汗,カン","Kunyomi: あせ = perspiration",Guess the romaji equivalent of the Onyomi reading,Text
"give, award, impart, provide, allot, cause (pain or damage) [**On**]","与,ヨ","Kunyomi: あたえる = give, award, impart, provide, allot, cause (pain or damage)",Guess the romaji equivalent of the Onyomi reading,Text
"mark, print, impression, trace, track, trail, wake, marks, traces, evidence, scar, ruins, precedent [**On**]","跡,セキ","Kunyomi: あと = mark, print, impression, trace, track, trail, wake, marks, traces, evidence, scar, ruins, precedent",Guess the romaji equivalent of the Onyomi reading,Text
"fat, rouge [**On**]","脂,シ","Kunyomi: あぶら = fat, grease, tallow, blubber, lard, suet",Guess the romaji equivalent of the Onyomi reading,Text
"presume upon, take advantage of, coax [**On**]","甘,カン","Kunyomi: あまい,あまえる,あまやかす = presume upon, take advantage of, coax, pamper, be indulgent, coddle, sweet, honeyed (words), lenient, halfwitted, easygoing, soft, mild, loose, trashy, sentimental",Guess the romaji equivalent of the Onyomi reading,Text
"net, network [**On**]","網,モウ","Kunyomi: あみ = net, netting",Guess the romaji equivalent of the Onyomi reading,Text
"rough, rude, wild, harsh, violent, gruff, fierce [**On**]","荒,コウ","Kunyomi: あらい,あれる,あらす = rough, rude, wild, harsh, violent, gruff, fierce,be ruined, become stormy, tear around, get chapped,lay waste",Guess the romaji equivalent of the Onyomi reading,Text
"light, faint, pale, fleeting, a little [**On**]","淡,タン","Kunyomi: あわい = light, faint, pale, fleeting, a little",Guess the romaji equivalent of the Onyomi reading,Text
"become angry, be offended, become excited [**On**]","怒,ド","Kunyomi: いかる,おこる = become angry, be offended, become excited",Guess the romaji equivalent of the Onyomi reading,Text
"how many, how much, how far, how long, so much per, however(difficult) [**On**]","幾,キ","Kunyomi: いく = some, several, many, how many, how much",Guess the romaji equivalent of the Onyomi reading,Text
"busy, occupied [**On**]","忙,ボウ","Kunyomi: いそがしい = busy, occupied",Guess the romaji equivalent of the Onyomi reading,Text
"do, send, forward, incur, cause, render (assistance), exert (oneself), engage, call in (a doctor) [**On**]","致,チ","Kunyomi: いたす = do, send, forward, incur, cause, render (assistance), exert (oneself), engage, call in (a doctor)",Guess the romaji equivalent of the Onyomi reading,Text
"rice plant [**On**]","稲,トウ","Kunyomi: いね,いな = rice plant",Guess the romaji equivalent of the Onyomi reading,Text
"pray, wish [**On**]","祈,キ","Kunyomi: いのる = pray, wish",Guess the romaji equivalent of the Onyomi reading,Text
"commandment, admonition [**On**]","戒,カイ","Kunyomi: いましめる = admonish, warn, prohibit",Guess the romaji equivalent of the Onyomi reading,Text
"color, paint, make up [**On**]","彩,サイ","Kunyomi: いろどる = color, paint, make up",Guess the romaji equivalent of the Onyomi reading,Text
"visit, ask, inquire, question, hear, be told, implore (a good for an oracle) [**On**]","伺,シ","Kunyomi: うかがう = visit, ask, inquire, question, hear, be told, implore (a good for an oracle)",Guess the romaji equivalent of the Onyomi reading,Text
"float, be floated, rise to the surface, be cheered up, be set on edge, feel loose (teeth), be left over, be saved [**On**]","浮,フ","Kunyomi: うく,うかれる,うかぶ,うかべる = float, be floated, rise to the surface, be cheered up, be set on edge, feel loose (teeth), be left over, be saved,launch, sail (a toy ship), refloat, waft, express (feelings in the face), recall,surface, flit across (the face), occur to, play (about the lips, as a smile), rise in the world, rest in peace,be in high spirits, go on a spree",Guess the romaji equivalent of the Onyomi reading,Text
"thin, weak (tea), light, pale, faint, scanty, ungenerous [**On**]","薄,ハク","Kunyomi: うすい,うすめる,うすまる,うすらぐ,うすれる = thin, weak (tea), light, pale, faint, scanty, ungenerous,dilute, weaken,thin out, fade, grow pale, be toned down, get dim, cool (emotions), abate, lessen, decline",Guess the romaji equivalent of the Onyomi reading,Text
"chant [**On**]","謡,ヨウ","Kunyomi: うたい,うたう = chanting of the noh, chant, noh singer",Guess the romaji equivalent of the Onyomi reading,Text
"attack, defeat, destroy, conquer [**On**]","撃,ゲキ","Kunyomi: うつ = strike, hit, beat, knock, slap, punch, thrash, smite, clap (one’s hands), beat (a drum), ring (a bell), (clocks) strike, impress, touch, shoot, pound in (a nail), water, sprinkle, braid, play (checkers), till (the soil), temper (a sword), prepare (buckwheat noodles), present (a play), cast (a net), pay (earnest money)",Guess the romaji equivalent of the Onyomi reading,Text
"sue, complain of (pain), appeal to, have recourse to [**On**]","訴,ソ","Kunyomi: うったえる = sue, complain of (pain), appeal to, have recourse to",Guess the romaji equivalent of the Onyomi reading,Text
"arm [**On**]","腕,ワン","Kunyomi: うで = arm, ability, talent",Guess the romaji equivalent of the Onyomi reading,Text
"beautiful, bright and clear, fine, serene [**On**]","麗,レイ","Kunyomi: うるわしい = beautiful, lovely, graceful",Guess the romaji equivalent of the Onyomi reading,Text
"write, compose, draw, paint [**On**]","描,ビョウ","Kunyomi: えがく,かく = write, compose, draw, paint,sketch, describe",Guess the romaji equivalent of the Onyomi reading,Text
"greatness [**On**]","偉,イ","Kunyomi: えらい = great, famous, excellent, remarkable",Guess the romaji equivalent of the Onyomi reading,Text
"get, acquire, find, earn, win, gain, receive, can, be able to, may, commit (sin) [**On**]","獲,カク","Kunyomi: える = get, acquire, find, earn, win, gain, receive, can, be able to, may, commit (sin)",Guess the romaji equivalent of the Onyomi reading,Text
"tail, end, counter for fish [**On**]","尾,ビ","Kunyomi: お = tail, trail (of a meteor), lower slope (of a mountain)",Guess the romaji equivalent of the Onyomi reading,Text
"male, hero, great leader, superiority, excellence [**On**]","雄,ユウ","Kunyomi: お,おす = male",Guess the romaji equivalent of the Onyomi reading,Text
"fan [**On**]","扇,セン","Kunyomi: おうぎ = folding fan",Guess the romaji equivalent of the Onyomi reading,Text
"hill, knoll, rising ground [**On**]","丘,キュウ","Kunyomi: おか = hill, knoll, rising ground",Guess the romaji equivalent of the Onyomi reading,Text
"invate, raid, violate, trespass, intrude on [**On**]","侵,シン","Kunyomi: おかす = invate, raid, violate, trespass, intrude on",Guess the romaji equivalent of the Onyomi reading,Text
"risk, face, defy, dare, (diseases) attack, damage, desecrate, assume (a name) [**On**]","冒,ボウ","Kunyomi: おかす = risk, face, defy, dare, (diseases) attack, damage, desecrate, assume (a name)",Guess the romaji equivalent of the Onyomi reading,Text
"heart, interior [**On**]","奥,オウ","Kunyomi: おく = heart, interior",Guess the romaji equivalent of the Onyomi reading,Text
"present (something) [**On**]","贈,ゾウ,ソウ","Kunyomi: おくる = send, give to, award to, confer on",Guess the romaji equivalent of the Onyomi reading,Text
"be late, be delayed, be overdue, lag behind, (clocks) lose [**On**]","遅,チ","Kunyomi: おくれる,おくらす,おそい = be late, be delayed, be overdue, lag behind, (clocks) lose,retard, delay, defer,late, slow",Guess the romaji equivalent of the Onyomi reading,Text
"push, shove, press, squash, compress, stamp, seal, do in spite of [**On**]","押,オウ","Kunyomi: おす,おさえる = push, shove, press, squash, compress, stamp, seal, do in spite of, stop, check, restrain, pin down, suppress, subdue, control, catch, arrest, govern, stop (the ears), withhold, attach, seize, secure (evidence), estimate conservatively",Guess the romaji equivalent of the Onyomi reading,Text
"attack [**On**]","襲,シュウ","Kunyomi: おそう = attack, advance on, succeed to, call unexpectedly",Guess the romaji equivalent of the Onyomi reading,Text
"fear, dread, be afraid, be overawed, be apprehensive [**On**]","恐,キョウ","Kunyomi: おそれる,おそろしい = fear, dread, be afraid, be overawed, be apprehensive, terrible, awful, fierce, tremendous, marvelous",Guess the romaji equivalent of the Onyomi reading,Text
"be inferior to, be worse than [**On**]","劣,レツ","Kunyomi: おとる = be inferior to, be worse than",Guess the romaji equivalent of the Onyomi reading,Text
"dance, leap, skip, throb (the heart), act as a cat'spaw, double (the interest on a debt) [**On**]","躍,ヤク","Kunyomi: おどる = dance, leap, skip, throb (the heart), act as a cat'spaw, double (the interest on a debt)",Guess the romaji equivalent of the Onyomi reading,Text
"dance, leap, skip, throb (the heart), act as a cat'spaw, double (the interest on a debt) [**On**]","踊,ヨウ","Kunyomi: おどる,おどり = dance, leap, skip, throb (the heart), act as a cat'spaw, double (the interest on a debt),dancing, step",Guess the romaji equivalent of the Onyomi reading,Text
"be surprised, be frightened, be taken aback, be appalled, be amazed [**On**]","驚,キョウ","Kunyomi: おどろく,おどろかす = be surprised, be frightened, be taken aback, be appalled, be amazed, surprise, frighten, create a stir",Guess the romaji equivalent of the Onyomi reading,Text
"devil, demon, spirits of the dead [**On**]","鬼,キ","Kunyomi: おに = devil, demon, ghost, spirits of the dead, fiend, creditor, the one who is 'it' (in games)",Guess the romaji equivalent of the Onyomi reading,Text
"proceed to, become, tend toward [**On**]","趣,シュ","Kunyomi: おもむき = import, meaning, contents,tenor, gist, tone, touch, sentiment, charm, aspect, appearance",Guess the romaji equivalent of the Onyomi reading,Text
"exert, exercise, cause [**On**]","及,キュウ","Kunyomi: およぶ,および,およぼす = exert, exercise, cause, reach, come up to, amount to, befall, happen to, extend, match, equal, and, as well as",Guess the romaji equivalent of the Onyomi reading,Text
"imperial honorary prefix, honorific prefix [**On**]","御,ギョ,ゴ","Kunyomi: おん = honorific prefixes",Guess the romaji equivalent of the Onyomi reading,Text
"change, turn, convert, exchange, renew, substitute, replace [**On**]","替,タイ","Kunyomi: かえる,かわる = change, turn, convert, exchange, renew, substitute, replace,relieve",Guess the romaji equivalent of the Onyomi reading,Text
"shine, sparkle, gleam, twinkle, brilliant, radiant, bright [**On**]","輝,キ","Kunyomi: かがやく = shine, sparkle, gleam, twinkle, brilliant, radiant, bright",Guess the romaji equivalent of the Onyomi reading,Text
"hide, conceal, cover, veil, cloak, disguise [**On**]","隠,イン","Kunyomi: かくす,かくれる = hide, conceal, cover, veil, cloak, disguise, disappear, pass away, be anonymous, lurk",Guess the romaji equivalent of the Onyomi reading,Text
"shadow [**On**]","影,エイ","Kunyomi: かげ = light, shadow, silhouette, phantom, reflection, figure, trace",Guess the romaji equivalent of the Onyomi reading,Text
"the yin principle, negative, melancholy, north side of a mountain, sex organs, secret, shadow, south side of a river, negative electrode, earth, bottom, back, inactivity, nighttime, moon [**On**]","陰,イン","Kunyomi: かげ,かげる = darken, cloud up, be obscured, shade, back, (your) assistance",Guess the romaji equivalent of the Onyomi reading,Text
"run, gallop, advance [**On**]","駆,ク","Kunyomi: かける,かる = run, gallop, advance, drive (a car), spur on, prompt, actuate, inspire, sway, impel",Guess the romaji equivalent of the Onyomi reading,Text
"ornament, decorate, adorn, embellish, exhibit, be ostentatious, whitewash [**On**]","飾,ショク","Kunyomi: かざる = ornament, decorate, adorn, embellish, exhibit, be ostentatious, whitewash",Guess the romaji equivalent of the Onyomi reading,Text
"shoulder [**On**]","肩,ケン","Kunyomi: かた = shoulder",Guess the romaji equivalent of the Onyomi reading,Text
"hard, solid, tough, rigid, tight, steady, firm, strict, safe, reliable, upright, chaste, constant, stiff, bookish, classical, stubborn [**On**]","堅,ケン","Kunyomi: かたい = hard, solid, tough, rigid, tight, steady, firm, strict, safe, reliable, upright, chaste, constant, stiff, bookish, classical, stubborn",Guess the romaji equivalent of the Onyomi reading,Text
"lean, incline, tilt, list, tip, careen, lurch [**On**]","傾,ケイ","Kunyomi: かたむく,かたむける = incline toward, tilt, slant, slope, lurch, heel over, be disposed to, trend toward, be prone to, go down (sun), wane, sink, decline, incline, list, bend, lean, tip, concentrate on, devote to, ruin, squander, empty",Guess the romaji equivalent of the Onyomi reading,Text
"side, besides, while [**On**]","傍,ボウ","Kunyomi: かたわら = side, besides, while",Guess the romaji equivalent of the Onyomi reading,Text
"and, in addition, concurrently [**On**]","兼,ケン","Kunyomi: かねる = combine with, serve as both, hold an additional post, use with",Guess the romaji equivalent of the Onyomi reading,Text
"wall, lining (of the stomach), fence, partition [**On**]","壁,ヘキ","Kunyomi: かべ = wall",Guess the romaji equivalent of the Onyomi reading,Text
"the hair [**On**]","髪,ハツ","Kunyomi: かみ = the hair",Guess the romaji equivalent of the Onyomi reading,Text
"thunder [**On**]","雷,ライ","Kunyomi: かみなり = thunder",Guess the romaji equivalent of the Onyomi reading,Text
"Tang (dynasty), China, foreign countries,Chinese, Korean, Foreign [**On**]","唐,トウ","Kunyomi: から = China, Cathay, Korea, Foreign countries,Chinese, Korean, Foreign",Guess the romaji equivalent of the Onyomi reading,Text
"handle, crank, grip, hilt, shaft, knob, spoke (of steering wheel on a ship) [**On**]","柄,ヘイ","Kunyomi: がら,え = handle, crank, grip, hilt, shaft, knob, spoke (of steering wheel on a ship),pattern, design, build, character, nature",Guess the romaji equivalent of the Onyomi reading,Text
"coil around, get twisted, stick to, pick a quarrel [**On**]","絡,ラク","Kunyomi: からむ,からまる,からめる = coil around, get twisted, stick to, pick a quarrel,twine around,get caught in, be urged on by",Guess the romaji equivalent of the Onyomi reading,Text
"hunt [**On**]","狩,シュ","Kunyomi: かる,かり = hunt,hunting, raiding, gathering (mushrooms), viewing (maples)",Guess the romaji equivalent of the Onyomi reading,Text
"he, that [**On**]","彼,ヒ","Kunyomi: かれ,かの = he,that, the",Guess the romaji equivalent of the Onyomi reading,Text
"wither, die, be dead, age, be seasoned, fog up [**On**]","枯,コ","Kunyomi: かれる,からす = wither, die, be dead, age, be seasoned, fog up,kill (vegetation), let dry, season (lumber)",Guess the romaji equivalent of the Onyomi reading,Text
"heaven, emperor [**On**]","乾,カン","Kunyomi: かわく,かわかす = dry, dry up, be dry, desiccate",Guess the romaji equivalent of the Onyomi reading,Text
"take warning from, learn a lesson from [**On**]","鑑,カン","Kunyomi: かんがみる = take warning from, learn a lesson from",Guess the romaji equivalent of the Onyomi reading,Text
"mist, fog, spray [**On**]","霧,ム","Kunyomi: きり = mist, fog, spray",Guess the romaji equivalent of the Onyomi reading,Text
"chain, irons, connection [**On**]","鎖,サ","Kunyomi: くさり = chain, irons, connection",Guess the romaji equivalent of the Onyomi reading,Text
"rot, decay, turn sour, fester, corrode, be corrupted, feel gloomy [**On**]","腐,フ","Kunyomi: くさる,くされる,くさらす = rot, decay, turn sour, fester, corrode, be corrupted, feel gloomy,let spoil, rot, corrode, addle",Guess the romaji equivalent of the Onyomi reading,Text
"decay, rot, remain in seclusion [**On**]","朽,キュウ","Kunyomi: くちる = decay, rot, remain in seclusion",Guess the romaji equivalent of the Onyomi reading,Text
"cloud up, fog up, become dim, be blurred, be gloomy [**On**]","曇,ドン","Kunyomi: くもる = cloud up, fog up, become dim, be blurred, be gloomy",Guess the romaji equivalent of the Onyomi reading,Text
"lunatic [**On**]","狂,キョウ","Kunyomi: くるう,くるおしい = go insane, lose one’s head, run amuck, rave, be madly in love, go haywire, break down, be upset, warp, fluctuate, miss the mark, (winds) howl",Guess the romaji equivalent of the Onyomi reading,Text
"full, detailed, minute, accurate, versed in, wellinformed on [**On**]","詳,ショウ","Kunyomi: くわしい = full, detailed, minute, accurate, versed in, wellinformed on",Guess the romaji equivalent of the Onyomi reading,Text
"make dirty, stain, pollute, defile, contaminate, disgrace, dishonor, rape [**On**]","汚,オ","Kunyomi: けがす,けがれる,けがらわしい,よごす,よごれる,きたない = make dirty, stain, pollute, defile, contaminate, disgrace, dishonor, rape, get dirty, be defiled, be contaminated, filthy, unfair, soil, debauch, be stained, tarnish, dirty, filthy, unclean, soiled, shabby, indecent, obscene, base, sordid, stingy, foul",Guess the romaji equivalent of the Onyomi reading,Text
"smoke [**On**]","煙,エン","Kunyomi: けむる,けむり,けむい = smoke, smolder, be smoky, smoky, fumes, spray",Guess the romaji equivalent of the Onyomi reading,Text
"animal, beast [**On**]","獣,ジュウ","Kunyomi: けもの = animal, beast",Guess the romaji equivalent of the Onyomi reading,Text
"dark, thick, undiluted [**On**]","濃,ノウ","Kunyomi: こい = dark, deep, saturated, strong (drink), intimate, thick",Guess the romaji equivalent of the Onyomi reading,Text
"be in love [**On**]","恋,レン","Kunyomi: こう,こい,こいしい = be in love,love, tender sentiment,dear, beloved, darling",Guess the romaji equivalent of the Onyomi reading,Text
"receiving [**On**]","被,ヒ","Kunyomi: こうむる = get, receive, sustain (an injury), be subjected to (criticism)",Guess the romaji equivalent of the Onyomi reading,Text
"hips, waist, loins, pelvic region, small of the back, haunch, lowerpanel wainscoting (lower wall only), stem (of a wine glass) [**On**]","腰,ヨウ","Kunyomi: こし = hips, waist, loins, pelvic region, small of the back, haunch, lowerpanel wainscoting (lower wall only), stem (of a wine glass)",Guess the romaji equivalent of the Onyomi reading,Text
"cross, pass, spend, tide over, outrun, exceed, surpass, move, go, come [**On**]","越,エツ","Kunyomi: こす,こえる = cross, pass, spend, tide over, outrun, exceed, surpass, move, go, come, go beyond, exceed, clear (an obstacle), overstep (authority)",Guess the romaji equivalent of the Onyomi reading,Text
"calendar, almanac [**On**]","暦,レキ","Kunyomi: こよみ = calendar, almanac",Guess the romaji equivalent of the Onyomi reading,Text
"fear, be frightened, be timid, get nervous [**On**]","怖,フ","Kunyomi: こわい = fearful, frightful, terrible, weird",Guess the romaji equivalent of the Onyomi reading,Text
"break [**On**]","壊,カイ","Kunyomi: こわす,こわれる = break, destroy, tear up, crack, smack, mar, be broken, be demolished, fall into ruin",Guess the romaji equivalent of the Onyomi reading,Text
"cup, glass, toast, congratulatory cup, counter for cupfuls [**On**]","杯,ハイ","Kunyomi: さかずき = wine glass, sake cup, chalice, cup",Guess the romaji equivalent of the Onyomi reading,Text
"shout, exclaim, cry, yell, roar, howl, cry for, clamor for, advocate [**On**]","叫,キョウ","Kunyomi: さけぶ = shout, exclaim, cry, yell, roar, howl, cry for, clamor for, advocate",Guess the romaji equivalent of the Onyomi reading,Text
"avoid, avert, ward off, keep aloof from, stay away from, evade, shirk, shun [**On**]","避,ヒ","Kunyomi: さける = avoid, avert, ward off, keep aloof from, stay away from, evade, shirk, shun",Guess the romaji equivalent of the Onyomi reading,Text
"calling card [**On**]","刺,シ","Kunyomi: さす,ささる = pierce, thrust, stab, prick, bite, sting, pin down, sew, stitch, put (a runner) out, pole (a boat), stick,be stuck",Guess the romaji equivalent of the Onyomi reading,Text
"quietly, death of a priest [**On**]","寂,ジャク,セキ","Kunyomi: さび,さびしい,さびれる = patina, antique look, elegant simplicity, trained recite's voice,lonely, lonesome, solitary, deserted, desolate",Guess the romaji equivalent of the Onyomi reading,Text
"a watch of the night [**On**]","更,コウ","Kunyomi: さら,ふける,ふかす = sit up late,get late, grow old, reach the height of the season,again, after all, more and more",Guess the romaji equivalent of the Onyomi reading,Text
"swamp, blessing [**On**]","沢,タク","Kunyomi: さわ = swamp, marsh, dale, valley",Guess the romaji equivalent of the Onyomi reading,Text
"make a noise, be boisterous, shout, clamor, raise an uproar, be excited, be agitated, bustle around, make a fuss about, make merry, go on a spree [**On**]","騒,ソウ","Kunyomi: さわぐ = make a noise, be boisterous, shout, clamor, raise an uproar, be excited, be agitated, bustle around, make a fuss about, make merry, go on a spree",Guess the romaji equivalent of the Onyomi reading,Text
"spread, pave, sit (on a cushion), lay (a railway), gravel (a road), promulgate, draw up [**On**]","敷,フ","Kunyomi: しく = spread, pave, sit (on a cushion), lay (a railway), gravel (a road), promulgate, draw up",Guess the romaji equivalent of the Onyomi reading,Text
"grow thick, be overgrown, be luxuriant [**On**]","茂,モ","Kunyomi: しげる = grow thick, be overgrown, be luxuriant",Guess the romaji equivalent of the Onyomi reading,Text
"drop [**On**]","滴,テキ","Kunyomi: しずく,したたる = drop,drip, trickle",Guess the romaji equivalent of the Onyomi reading,Text
"aloes [**On**]","沈,チン","Kunyomi: しずむ,しずめる = sink, be submerged, subside, cave in, feel depressed, be overcome with,submerge, immerse",Guess the romaji equivalent of the Onyomi reading,Text
"occupy, hold, have, get, take (a seat) [**On**]","占,セン","Kunyomi: しめる,うらなう = occupy, hold, have, get, take (a seat),divine, forecast, augur",Guess the romaji equivalent of the Onyomi reading,Text
"permeate, penetrate [**On**]","透,トウ","Kunyomi: すく,すかす,すける = be transparent, be seen through, be thin, leave a gap,leave a space, thin (trees), make transparent, look through",Guess the romaji equivalent of the Onyomi reading,Text
"recommend, advise, encourage, offer (wine) [**On**]","勧,カン","Kunyomi: すすめる = recommend, advise, encourage, offer (wine)",Guess the romaji equivalent of the Onyomi reading,Text
"be clear, become clear, clarify [**On**]","澄,チョウ","Kunyomi: すむ,すます = be clear, become clear, clarify,clear, settle, strain (one's ears), look grave",Guess the romaji equivalent of the Onyomi reading,Text
"sharpness, edge, (sharp) weapon, picked men (soldiers), the pick [**On**]","鋭,エイ","Kunyomi: するどい = pointed, sharp, violent, scathing, keen (sense), sharp (ear), penetrating (eye), shrewd",Guess the romaji equivalent of the Onyomi reading,Text
"narrow, contract, reduce [**On**]","狭,キョウ","Kunyomi: せまい,せばめる,せばまる = narrow, contract, reduce, become narrow, contract, small (area), limited, tight",Guess the romaji equivalent of the Onyomi reading,Text
"press for, urge, force, spur on, approach, gain on, close in on, be on the verge of, be imminent [**On**]","迫,ハク","Kunyomi: せまる = press for, urge, force, spur on, approach, gain on, close in on, be on the verge of, be imminent",Guess the romaji equivalent of the Onyomi reading,Text
"attack, assault [**On**]","攻,コウ","Kunyomi: せめる = attack, offensive",Guess the romaji equivalent of the Onyomi reading,Text
"accompany, marry, be added to, suit, meet, satisfy, be adjusted to [**On**]","添,テン","Kunyomi: そえる,そう = accompany, marry, be added to, suit, meet, satisfy, be adjusted to,add to, attach, append, accompany, garnish, imitate",Guess the romaji equivalent of the Onyomi reading,Text
"enduring [**On**]","耐,タイ","Kunyomi: たえる = endure, support, withstand, resist, brave, weather, be fit for, be equal to",Guess the romaji equivalent of the Onyomi reading,Text
"fall, collapse, drop, break down, die, succumb to, fall senseless, be ruined, have a bad debt [**On**]","倒,トウ","Kunyomi: たおれる,たおす = fall, collapse, drop, break down, die, succumb to, fall senseless, be ruined, have a bad debt,bring down, throw down, blow down, fell, knock down, trip up, defeat, ruin, overthrow, kill, leave unpaid, cheat",Guess the romaji equivalent of the Onyomi reading,Text
"mutually, reciprocally, together [**On**]","互,ゴ","Kunyomi: たがい = mutually, reciprocally, together",Guess the romaji equivalent of the Onyomi reading,Text
"firewood [**On**]","薪,シン","Kunyomi: たきぎ = firewood, kindling, fuel",Guess the romaji equivalent of the Onyomi reading,Text
"hug, embrace, hold in the arms, sit (on eggs) [**On**]","抱,ホウ","Kunyomi: だく,いだく,かかえる = hug, embrace, hold in the arms, sit (on eggs),entertain (hope), cherish (a desire), harbor (malice), hold, have,hold or carry under or in the arms",Guess the romaji equivalent of the Onyomi reading,Text
"store, hoard, savings [**On**]","蓄,チク","Kunyomi: たくわえる = store, lay in stock, save, wear (a mustache)",Guess the romaji equivalent of the Onyomi reading,Text
"10 feet, length, measure, Mr,or Mrs,(re: artists) [**On**]","丈,ジョウ","Kunyomi: たけ = height, stature, length, measure",Guess the romaji equivalent of the Onyomi reading,Text
"fathom [**On**]","尋,ジン","Kunyomi: たずねる = look for, inquire for, ask (someone) a question",Guess the romaji equivalent of the Onyomi reading,Text
"fighting [**On**]","闘,トウ","Kunyomi: たたかう = wage war, fight, engage in a contest, struggle against",Guess the romaji equivalent of the Onyomi reading,Text
"mat counter [**On**]","畳,ジョウ","Kunyomi: たたむ,たたみ = fold, fold up, furl, shut up, shut, wind up (affairs), do away with, kill, bear in mind,folding, collapsible",Guess the romaji equivalent of the Onyomi reading,Text
"shield, buckler, escutcheon, pretext [**On**]","盾,ジュン","Kunyomi: たて = shield, buckler, escutcheon, pretext",Guess the romaji equivalent of the Onyomi reading,Text
"ask, request, entreat, appeal, entrust to, commission, employ, call in, depend on, have recourse to, trust in [**On**]","頼,ライ","Kunyomi: たのむ,たのもしい,たよる = ask, request, entreat, appeal, entrust to, commission, employ, call in, depend on, have recourse to, trust in,rely on, have recourse to,reliable, trustworthy, hopeful",Guess the romaji equivalent of the Onyomi reading,Text
"keeping silence [**On**]","黙,モク","Kunyomi: だまる = become silent, stop speaking, say nothing",Guess the romaji equivalent of the Onyomi reading,Text
"play, sport, frolic, joke, flirt with [**On**]","戯,ギ","Kunyomi: たわむれる = play, sport, frolic, joke, flirt with",Guess the romaji equivalent of the Onyomi reading,Text
"differ, vary, disagree with, be mistaken, cross or pass (someone), No (negation) [**On**]","違,イ","Kunyomi: ちがう,ちがえる = differ, vary, disagree with, be mistaken, cross or pass (someone), No (negation), change, alter, disguise, make a mistake, break (a promise), sprain, dislocate, cross (two sticks)",Guess the romaji equivalent of the Onyomi reading,Text
"send, dispatch, give, donate, bestow on, do for (someone) [**On**]","遣,ケン","Kunyomi: つかう,つかわす = send, dispatch, give, donate, bestow on, do for (someone), use, handle, manipulate, employ, need, want, spend, consume, speak (English), practice (fencing), take (one’s lunch), circulate (bad money)",Guess the romaji equivalent of the Onyomi reading,Text
"get tired, grow weary [**On**]","疲,ヒ","Kunyomi: つかれる = get tired, grow weary",Guess the romaji equivalent of the Onyomi reading,Text
"succeed to, inherit, follow, patch, graft (trees), tell [**On**]","継,ケイ","Kunyomi: つぐ = succeed to, inherit, follow, patch, graft (trees), tell",Guess the romaji equivalent of the Onyomi reading,Text
"protruding, thrusting [**On**]","突,トツ","Kunyomi: つく = thrust, pierce, spear, stab, prick, gore, lunge at, push, poke, strike (a bell), attack, strike (at the heart), brave (a storm), be pungent, strike against, (words) rush (to one's lips)",Guess the romaji equivalent of the Onyomi reading,Text
"use up, run out of, exhaust, serve, befriend, work for, endeavor, do (one's duty),last day of the month [**On**]","尽,ジン","Kunyomi: つくす,つきる,つかす = use up, run out of, exhaust, serve, befriend, work for, endeavor, do (one's duty),become exhausted, be consumed, spend, end",Guess the romaji equivalent of the Onyomi reading,Text
"be discreet, be careful, be prudent, be cautious, restrain oneself, be moderate [**On**]","慎,シン","Kunyomi: つつしむ = be discreet, be careful, be prudent, be cautious, restrain oneself, be moderate",Guess the romaji equivalent of the Onyomi reading,Text
"dike, bank, embankment [**On**]","堤,テイ","Kunyomi: つつみ = dike, bank, embankment",Guess the romaji equivalent of the Onyomi reading,Text
"drum [**On**]","鼓,コ","Kunyomi: つづみ = drum",Guess the romaji equivalent of the Onyomi reading,Text
"wing, plane, flank [**On**]","翼,ヨク","Kunyomi: つばさ = wings",Guess the romaji equivalent of the Onyomi reading,Text
"grain, drop [**On**]","粒,リュウ","Kunyomi: つぶ = grain, drop, counter for tiny particles",Guess the romaji equivalent of the Onyomi reading,Text
"pick, pinch, hold in the fingers, summarize [**On**]","摘,テキ","Kunyomi: つむ = pick, pluck, pull out, trim, clip, nip, gather",Guess the romaji equivalent of the Onyomi reading,Text
"be pressed in, be packed, become close, be checkmated [**On**]","詰,キツ","Kunyomi: つめる,つまる,つむ = be pressed in, be packed, become close, be checkmated, stuff, fill, pack, plug, place closely, write closely, sit closely, shorten, curtail, checkmate, keep doing, hold (one’s breath), attend (office), be stopped up, be blocked, be full, be stuffed, be shortened, contract, be hard up, be held up, be deadlocked",Guess the romaji equivalent of the Onyomi reading,Text
"dew, Russia [**On**]","露,ロ,ロウ","Kunyomi: つゆ = dew, dewdrops, tears, mortality, flimsiness, (with neg.) not a bit",Guess the romaji equivalent of the Onyomi reading,Text
"sword, saber, blade, bayonet, sting, clock hand [**On**]","剣,ケン","Kunyomi: つるぎ = sword",Guess the romaji equivalent of the Onyomi reading,Text
"melt, dissolve, thaw [**On**]","溶,ヨウ","Kunyomi: とける,とかす,とく = melt, dissolve, thaw,liquefy, melt",Guess the romaji equivalent of the Onyomi reading,Text
"bed, floor [**On**]","床,ショウ","Kunyomi: とこ,ゆか = bed, sickbed, floor, alcove, padding",Guess the romaji equivalent of the Onyomi reading,Text
"neighboring [**On**]","隣,リン","Kunyomi: となる,となり = adjoin, nextdoor neighbor, adjoining",Guess the romaji equivalent of the Onyomi reading,Text
"hall, mansion, palace, temple, rear guard [**On**]","殿,デン,テン","Kunyomi: との,どの = mister,lord, mansion, place,Mr.",Guess the romaji equivalent of the Onyomi reading,Text
"(threeday) stay [**On**]","泊,ハク","Kunyomi: とまる,とめる = stay at, put up at, ride at anchor,lodge a person",Guess the romaji equivalent of the Onyomi reading,Text
"catch, arrest, capture [**On**]","捕,ホ","Kunyomi: とらえる,とらわれる,とる,つかまえる,つかまる = catch, arrest, capture,be caught, be captured,be arrested, be a slave to, be seized with",Guess the romaji equivalent of the Onyomi reading,Text
"take, hold, seize, catch, capture, fetch, receive, procure, obtain, adopt (a measure), engage (graduates), choose, order (foodstuffs), pick, pluck, make, produce, eat, set up (camp), charge, administer, transact, take (pains), make out (the meaning), remove, take off (one's hat), take out (spots), strike out (words), weed, catch (fish), deprive of, steal, capture (territory), annex, need, req","執,シツ,シュウ","Kunyomi: とる = take, hold, seize, catch, capture, fetch, receive, procure, obtain, adopt (a measure), engage (graduates), choose, order (foodstuffs), pick, pluck, make, produce, eat, set up (camp), charge, administer, transact, take (pains), make out (the meaning), remove, take off (one's hat), take out (spots), strike out (words), weed, catch (fish), deprive of, steal, capture (territory), annex, need, require, reserve (rooms), subscribe to, press (a point home), take (a picture), possess",Guess the romaji equivalent of the Onyomi reading,Text
"sigh [**On**]","嘆,タン","Kunyomi: なげく,なげかわしい = sigh, lament, moan, grieve, regret, deplore, sorrow,sad, wretched, deplorable",Guess the romaji equivalent of the Onyomi reading,Text
"slanting, oblique [**On**]","斜,シャ","Kunyomi: ななめ = slanting, diagonal, oblique, askew, unpleasant, disagreeable",Guess the romaji equivalent of the Onyomi reading,Text
"lead(metal) [**On**]","鉛,エン","Kunyomi: なまり = lead(metal)",Guess the romaji equivalent of the Onyomi reading,Text
"tear, sympathy [**On**]","涙,ルイ","Kunyomi: なみだ = tear, sympathy",Guess the romaji equivalent of the Onyomi reading,Text
"distress, illness [**On**]","悩,ノウ","Kunyomi: なやむ,なやます = worry, be troubled, be afflicted, be in pain,annoy, embarrass, afflict, worry, oppress, torment",Guess the romaji equivalent of the Onyomi reading,Text
"grasp, hold, make (sushi balls), assume (power), make (money), get (proof) [**On**]","握,アク","Kunyomi: にぎる = grasp, hold, make (sushi balls), assume (power), make (money), get (proof)",Guess the romaji equivalent of the Onyomi reading,Text
"flee, run away, escape, shirk, evade, back out [**On**]","逃,トウ","Kunyomi: にげる,にがす,のがす,のがれる = flee, run away, escape, shirk, evade, back out,let go, set free, let escape, miss (a chance),avoid",Guess the romaji equivalent of the Onyomi reading,Text
"uncleanness, wrong, muddiness, impurity, voicing marks, voiced sound, voiced consonant, unrefined sake [**On**]","濁,ダク","Kunyomi: にごる,にごす = be muddy, be impure, be voiced, be vague,make muddy, make cloudy, quibble, prevaricate",Guess the romaji equivalent of the Onyomi reading,Text
"dullness, slowness, foolishness [**On**]","鈍,ドン","Kunyomi: にぶい,にぶる = dull, slow, blunt (tool), dim (light), thick (voice),become dull, weaken",Guess the romaji equivalent of the Onyomi reading,Text
"boil, cook, be cooked, be boiled [**On**]","煮,シャ","Kunyomi: にる,にえる,にやす = boil, cook, be cooked, be boiled,boil, cook",Guess the romaji equivalent of the Onyomi reading,Text
"removing [**On**]","脱,ダツ","Kunyomi: ぬぐ,ぬげる = take off (clothes), undress,come off, slip off, slip down",Guess the romaji equivalent of the Onyomi reading,Text
"extract, unlock, pull out, root up, unsheathe, pilfer, quote, remove, omit, capture, outrun, shoot through [**On**]","抜,バツ","Kunyomi: ぬく,ぬける,ぬかす,ぬかる = extract, unlock, pull out, root up, unsheathe, pilfer, quote, remove, omit, capture, outrun, shoot through,come off, fall out, slip out, be omitted, be missing, be rid of, pass through, escape, be captured, withdraw, be less than,skip over,be careless, slip, make a mistake",Guess the romaji equivalent of the Onyomi reading,Text
"thief [**On**]","盗,トウ","Kunyomi: ぬすむ = steal, rob, pilfer",Guess the romaji equivalent of the Onyomi reading,Text
"swamp, lake [**On**]","沼,ショウ","Kunyomi: ぬま = swamp, bog, pond, lake",Guess the romaji equivalent of the Onyomi reading,Text
"sleep [**On**]","眠,ミン","Kunyomi: ねむる,ねむい = sleep, die,sleepy, drowsy, lethargic",Guess the romaji equivalent of the Onyomi reading,Text
"sleeping, resting, bed [**On**]","寝,シン","Kunyomi: ねる,ねかす = sleep, retire, be bedridden, lie down, lie idle, remain unsold,put to sleep, send to bed, lay down, let lie idle",Guess the romaji equivalent of the Onyomi reading,Text
"house counter [**On**]","軒,ケン","Kunyomi: のき = eaves",Guess the romaji equivalent of the Onyomi reading,Text
"ride, board, mount, get up on, spread (paints), be taken in, share in, join, be found in (a dictionary), feel like doing, be mentioned in, be in harmony with [**On**]","載,サイ","Kunyomi: のせる,のる = ride, board, mount, get up on, spread (paints), be taken in, share in, join, be found in (a dictionary), feel like doing, be mentioned in, be in harmony with,place, put, lay, set, let (one) take part, impose on, record, mention",Guess the romaji equivalent of the Onyomi reading,Text
"disgorge, vomit, belch, emit, give vent to, confess, tell (lies), speak [**On**]","吐,ト","Kunyomi: はく = disgorge, vomit, belch, emit, give vent to, confess, tell (lies), speak",Guess the romaji equivalent of the Onyomi reading,Text
"origin, end, point [**On**]","端,タン","Kunyomi: はし,は,はた = end, tip, edge, border, one side, corner, beginning, scrap of cloth,side",Guess the romaji equivalent of the Onyomi reading,Text
"shame, dishonor, disgrace, humiliation, insult [**On**]","恥,チ","Kunyomi: はじる,はじ,はじらう,はずかしい = shame, dishonor, disgrace, humiliation, insult,feel ashamed,feel shy, be coy, be bashful, blush,bashful, ashamed, coy, disgraceful, shameful",Guess the romaji equivalent of the Onyomi reading,Text
"separation [**On**]","離,リ","Kunyomi: はなれる,はなす = separate, part from, come off, become disjoined, digress, get free, become estranged, be (three miles) away, be separated (by three years), leave, quit, depart from,disconnect, sever, detach, keep apart, alienate, isolate, let go, release, set free",Guess the romaji equivalent of the Onyomi reading,Text
"leap, spring up, hop, jerk, prance, buck, bound, spatter, splash, snap, crack, sputter, close, be over [**On**]","跳,チョウ","Kunyomi: はねる,とぶ = leap, spring up, hop, jerk, prance, buck, bound, spatter, splash, snap, crack, sputter, close, be over,jump, spring, bound, vault, hop",Guess the romaji equivalent of the Onyomi reading,Text
"hanging scroll, picture, width, counter for scrolls [**On**]","幅,フク","Kunyomi: はば = width, breadth, range, difference (in price), power, influence",Guess the romaji equivalent of the Onyomi reading,Text
"beach, seashore, fishing village [**On**]","浜,ヒン","Kunyomi: はま = beach, seashore, fishing village",Guess the romaji equivalent of the Onyomi reading,Text
"clear out, sweep away, wipe off, brush off, drive away, banish, prune, parry, pay, dispose of, wield (a sword) sideways, show interest in [**On**]","払,フツ","Kunyomi: はらう = clear out, sweep away, wipe off, brush off, drive away, banish, prune, parry, pay, dispose of, wield (a sword) sideways, show interest in",Guess the romaji equivalent of the Onyomi reading,Text
"excellence, beauty [**On**]","秀,シュウ","Kunyomi: ひいでる = surpass, excel, tower above, rise to eminence",Guess the romaji equivalent of the Onyomi reading,Text
"head, counter (small animals), roll of cloth [**On**]","匹,ヒツ","Kunyomi: ひき = head, counter (small animals), roll of cloth",Guess the romaji equivalent of the Onyomi reading,Text
"bullet [**On**]","弾,ダン","Kunyomi: ひく,はずむ,たま = play on,spring, bound, rebound, be inspired, be spurred on, invest in, be generous (in tipping), breathe with difficulty,bullet, shot, shell",Guess the romaji equivalent of the Onyomi reading,Text
"soak, dip, steep, immerse, moisten, wet, dunk, drench [**On**]","浸,シン","Kunyomi: ひたす,ひたる = soak, dip, steep, immerse, moisten, wet, dunk, drench,be soaked in, be immersed in, be flooded, be submerged, be bathed in, be addicted to",Guess the romaji equivalent of the Onyomi reading,Text
"sound, resound, reverberate, echo, ring, vibrate, grate on, affect, find an echo in, become known [**On**]","響,キョウ","Kunyomi: ひびく = sound, resound, reverberate, echo, ring, vibrate, grate on, affect, find an echo in, become known",Guess the romaji equivalent of the Onyomi reading,Text
"rest, leisure [**On**]","暇,カ","Kunyomi: ひま = time, leisure, poor business, leave of absence, dismissal, divorce",Guess the romaji equivalent of the Onyomi reading,Text
"increase [**On**]","殖,ショク","Kunyomi: ふえる,ふやす = increase, multiply, accrue, (water) rises,add to, raise, augment",Guess the romaji equivalent of the Onyomi reading,Text
"breathe, blow, play (a wind instrument), emit, smelt, mint, brag [**On**]","吹,スイ","Kunyomi: ふく = breathe, blow, play (a wind instrument), emit, smelt, mint, brag",Guess the romaji equivalent of the Onyomi reading,Text
"spout, emit, flush out [**On**]","噴,フン","Kunyomi: ふく = spout, emit, flush out",Guess the romaji equivalent of the Onyomi reading,Text
"hold in the mouth, bear in mind, understand, cherish, harbor, contain, comprise, have, hold, include, embrace, be charged or loaded with, be dripping with, be full of, be suffused with [**On**]","含,ガン","Kunyomi: ふくむ,ふくめる = hold in the mouth, bear in mind, understand, cherish, harbor, contain, comprise, have, hold, include, embrace, be charged or loaded with, be dripping with, be full of, be suffused with, include, instruct, make one understand",Guess the romaji equivalent of the Onyomi reading,Text
"relation, connection, affinity, ties, bond, blood relation, karma relation, fate, destiny, chance, marriage, acquaintance, marriage alliance, veranda, balcony [**On**]","縁,エン","Kunyomi: ふち = edge, verge, shore, side, brink, margin, brim, rim, flange, frill, frame, bank, fringe, border",Guess the romaji equivalent of the Onyomi reading,Text
"boat [**On**]","舟,シュウ","Kunyomi: ふね,ふな = boat, ship, vessel, steamer, liner, barge, shipping, tank, trough, cistern, vat",Guess the romaji equivalent of the Onyomi reading,Text
"step on, trample on, stamp on, carry through, practice, appraise, set foot on, evade payment [**On**]","踏,トウ","Kunyomi: ふむ,ふまえる = step on, trample on, stamp on, carry through, practice, appraise, set foot on, evade payment,stand on",Guess the romaji equivalent of the Onyomi reading,Text
"wave, wag, swing, shake, sprinkle, brandish, jilt, reject, attach, allot [**On**]","振,シン","Kunyomi: ふる,ふるう,ふれる = wave, wag, swing, shake, sprinkle, brandish, jilt, reject, attach, allot,lean toward, deflect, tend, shake, swing, oscillate,wield, be invigorated, be spirited, flourish",Guess the romaji equivalent of the Onyomi reading,Text
"shake, tremble, quiver, shiver, shudder, vibrate [**On**]","震,シン","Kunyomi: ふるう,ふるえる = shake, tremble, quiver, shiver, shudder, vibrate",Guess the romaji equivalent of the Onyomi reading,Text
"touching [**On**]","触,ショク","Kunyomi: ふれる,さわる = touch, feel, hit, strike, graze, announce, proclaim, mention, refer to, conflict with, be contrary to",Guess the romaji equivalent of the Onyomi reading,Text
"halberd, arms, festival car, float [**On**]","矛,ム","Kunyomi: ほこ = halberd, arms, festival car, float",Guess the romaji equivalent of the Onyomi reading,Text
"boast of, be proud of [**On**]","誇,コ","Kunyomi: ほこる = boast of, be proud of",Guess the romaji equivalent of the Onyomi reading,Text
"praise [**On**]","誉,ヨ","Kunyomi: ほまれ = honor, glory",Guess the romaji equivalent of the Onyomi reading,Text
"dig, delve, core, excavate, sink (wells), dig up, scoop out, pick (the ear), probe [**On**]","掘,クツ","Kunyomi: ほる = dig, delve, core, excavate, sink (wells), dig up, scoop out, pick (the ear), probe",Guess the romaji equivalent of the Onyomi reading,Text
"dance, flutter about, flit, circle, wheel [**On**]","舞,ブ","Kunyomi: まう,まい = dance, flutter about, flit, circle, wheel,dancing",Guess the romaji equivalent of the Onyomi reading,Text
"wink, blink [**On**]","瞬,シュン","Kunyomi: またたく = wink, twinkle, flicker",Guess the romaji equivalent of the Onyomi reading,Text
"be perplexed, be in doubt, hesitate, vacillate, go astray, err, be tempted, be infatuated, be misguided [**On**]","惑,ワク","Kunyomi: まどう = be perplexed, be in doubt, hesitate, vacillate, go astray, err, be tempted, be infatuated, be misguided",Guess the romaji equivalent of the Onyomi reading,Text
"disaster, cruelty, wretchedness [**On**]","惨,サン,ザン","Kunyomi: みじめ = sad, pitiful, wretched",Guess the romaji equivalent of the Onyomi reading,Text
"all, everybody, everything [**On**]","皆,カイ","Kunyomi: みな = all, everybody, everything",Guess the romaji equivalent of the Onyomi reading,Text
"peak, summit, top, back (of a sword) [**On**]","峰,ホウ","Kunyomi: みね = peak, summit, top, back (of a sword)",Guess the romaji equivalent of the Onyomi reading,Text
"meet, greet, welcome, invite, engage [**On**]","迎,ゲイ","Kunyomi: むかえる = meet, greet, welcome, invite, engage",Guess the romaji equivalent of the Onyomi reading,Text
"relish, show a liking for [**On**]","旨,シ","Kunyomi: むね = purport, principle, instructions, will, thinking",Guess the romaji equivalent of the Onyomi reading,Text
"purple, violet [**On**]","紫,シ","Kunyomi: むらさき = purple, violet, soy sauce",Guess the romaji equivalent of the Onyomi reading,Text
"female [**On**]","雌,シ","Kunyomi: め,めす = female",Guess the romaji equivalent of the Onyomi reading,Text
"blessing, grace, favor, kindness, mercy, benevolence, charity [**On**]","恵,ケイ,エ","Kunyomi: めぐむ = bless, show mercy to, render benevolence to",Guess the romaji equivalent of the Onyomi reading,Text
"going around, circumference [**On**]","巡,ジュン","Kunyomi: めぐる = go around, in connection with, concering",Guess the romaji equivalent of the Onyomi reading,Text
"call, send for, wear, put on, take (a bath), ride in, buy, eat, drink, catch (a cold) [**On**]","召,ショウ","Kunyomi: めす = call, send for, wear, put on, take (a bath), ride in, buy, eat, drink, catch (a cold)",Guess the romaji equivalent of the Onyomi reading,Text
"rare, curious, strange [**On**]","珍,チン","Kunyomi: めずらしい = new, novel, rare, strange, curious, unusual, nice (gift)",Guess the romaji equivalent of the Onyomi reading,Text
"peach [**On**]","桃,トウ","Kunyomi: もも = peach",Guess the romaji equivalent of the Onyomi reading,Text
"weakness, gentleness, softness [**On**]","柔,ジュウ,ニュウ","Kunyomi: やわらか,やわらかい = soft, tender, plastic, limp, gentle, mellow",Guess the romaji equivalent of the Onyomi reading,Text
"cross, ford, ferry, be imported, change hands, make one's way through life, sweep across, migrate, be provided [**On**]","渡,ト","Kunyomi: わたる,わたす = cross, ford, ferry, be imported, change hands, make one's way through life, sweep across, migrate, be provided,carry across, ferry over, bring over, hand over, deliver, deal (cards), transfer (a business), pay (wages), bridge, stretch (something) across, lay across",Guess the romaji equivalent of the Onyomi reading,Text