question,answer,comment,instruction
"畑
sample words:
小麦畑
たばこ畑
田畑",はたけ,"畑:field, farm, plantation, garden; one's specialty
小麦畑(こむぎばたけ):wheat field
たばこ畑(たばこばたけ):tobacco field; tobacco patch
田畑(たはたけ):fields (of rice and other crops)",Jouyou.
"畑
sample words:
田畑
畑打ち
畑地",はた,"畑:field, farm, plantation, garden; one's specialty
田畑(たはた):fields (of rice and other crops)
畑打ち(はたうち):ploughing; plowing
畑地(はたち):farmland",Jouyou.
"丈
sample words:
丈に",だけ,"丈:height, stature, length, measure
丈に(だけに):because ...; precisely because ...; being ...; as....",Jouyou.
"丈
sample words:
有りっ丈
着丈
背丈",たけ,"丈:height, stature, length, measure
有りっ丈(ありったけ):all (that one has); as much as one can; all (that..
着丈(きたけ):dress length
背丈(せたけ):height; stature",Jouyou.
"匂
sample words:
匂い油
匂いがする
匂いたつ",におい,"匂:be fragrant, smell; stink; glow, be bright
匂い油(においあぶら):perfumed hair oil
匂いがする(においがする):to smell; to have a smell; to smell of
匂いたつ(においたつ):to be enveloped in a smell; to be fragrant; to gi.",Jouyou.
"咽
sample words:
咽元思案
咽喉を鳴らす
咽から手が出る",のど,"咽:be choked, be smothered
咽元思案(のどもとじあん):superficial way of thinking; shallow idea; shorts.
咽喉を鳴らす(のどをならす):to purr (of a cat); to make a sound with one's th.
咽から手が出る(のどからてがでる):a hand reaches out from one's throat; (wanting so.",Jouyou.
"唾
sample words:
天を仰ぎて唾す",つばき,"唾:sputum; saliva
天を仰ぎて唾す(てんをあおぎてつばきす):to harm oneself as a result of trying to harm som..",Jouyou.
"唾
sample words:
痰唾
唾く
唾する",つば,"唾:sputum; saliva
痰唾(たんつば):sputum; phlegm
唾く(つばく):to spit
唾する(つばする):to spit",Jouyou.
"喉
sample words:
喉ごし
喉ちんこ
喉ならし",のど,"喉:throat, voice
喉ごし(のどごし):feeling of food or drink going down the throat
喉ちんこ(のどちんこ):uvula
喉ならし(のどならし):purring (of a cat)",Jouyou.
"宛
sample words:
名宛
宛先あどれす",あて,"宛:address (a letter)
名宛(なあて):address (on an envelope)
宛先あどれす(あてさきあどれす):destination address",Jouyou.
"寿
sample words:
寿教室
寿退社
新年の寿",ことぶき,"寿:long life; congratulations
寿教室(ことぶききょうしつ):culture courses for the aged
寿退社(ことぶきたいしゃ):resigning from a company on marriage (of a woman)
新年の寿(しんねんのことぶき):New Years greetings",Jouyou.
"尻
sample words:
お尻拭き
尻毛
尻たぶ",しり,"尻:buttocks, hips; rear or back of a person; bottom(.
お尻拭き(おしりふき):wet wipes; baby wipes
尻毛(しりけ):buttock hair
尻たぶ(しりたぶ):buttock",Jouyou.
"崖
sample words:
石崖
崖上
崖崩れ",がけ,"崖:cliff, bluff, precipice
石崖(いしがけ):stone wall
崖上(がけうえ):cliff top
崖崩れ(がけくずれ):landslip; landslide",Jouyou.
"枕
sample words:
あいす枕
木枕
枕かば",まくら,"枕:pillow
あいす枕(あいすまくら):ice pillow
木枕(きまくら):wooden pillow
枕かば(まくらかば):pillowcase",Jouyou.
"柿
sample words:
あんぽ柿
柿ぴ
ぴ柿",かき,"柿:persimmon
あんぽ柿(あんぽがき):partially dried Japanese persimmon
柿ぴ(かきぴ):mix of peanuts and spicy baked or fried mochi chi.
ぴ柿(ぴかき):mix of peanuts and spicy baked or fried mochi chi.",Jouyou.
"桁
sample words:
桁上げ
桁上げる
桁あふれ",けた,"桁:beam, girder; spar, yard; unit or column(in figur.
桁上げ(けたあげ):carry (of digit, bit, etc.)
桁上げる(けたあげる):to carry (of digit, bit, etc.)
桁あふれ(けたあふれ):overflow",Jouyou.
"爪
sample words:
蹴爪
小爪
爪くらっち",つめ,"爪:nail, claw, talon, hoof; hook, catch; plectrum
蹴爪(けづめ):cockspur; fetlock; spur (of a chicken, pheasant, .
小爪(こづめ):half-moon (of a fingernail)
爪くらっち(つめくらっち):claw clutch",Jouyou.
"瓦
sample words:
瓦毛
瓦家
瓦屋根",かわら,"瓦:tile
瓦毛(かわらげ):buckskin (horse color)
瓦家(かわらや):tile-roofed house
瓦屋根(かわらやね):tiled roof",Jouyou.
"痕
sample words:
疵痕
爪痕
にきび痕",あと,"痕:mark; footprint
疵痕(きずあと):scar
爪痕(つめあと):scars (e.g. of war); scratch; fingernail mark; af.
にきび痕(にきびあと):pockmark (caused by a pimple); acne scarring",Jouyou.
"箸
sample words:
箸初め
箸台
火箸",はし,"箸:chopsticks
箸初め(はしぞめ):weaning ceremony
箸台(はしだい):chopstick rest
火箸(ひばし):long metal chopsticks (for handling charcoal, esp.",Jouyou.
"籠
sample words:
御忍び駕籠
駕籠かき
手籠",かご,"籠:cage, coop; basket; seclude oneself, be confined .
御忍び駕籠(おしのびかご):special palanquin for carrying a daimyo or his wi.
駕籠かき(かごかき):palanquin bearer; sedan chair bearer
手籠(てかご):handbasket",Jouyou.
"羞
sample words:
羞い
羞じらう",はじ,"羞:feel ashamed
羞い(はじらい):shyness
羞じらう(はじらう):to feel shy; to blush; to be bashful",Jouyou.
"肘
sample words:
てにす肘
肘打ち
肘掛いす",ひじ,"肘:elbow; arm (of something)
てにす肘(てにすひじ):tennis elbow
肘打ち(ひじうち):elbow strike (karate)
肘掛いす(ひじかけいす):senior staff; armchair; chair with arm rests",Jouyou.
"股
sample words:
外股
半股引き
股白蝙蝠",もも,"股:crotch, thigh, groin
外股(そともも):outer thigh
半股引き(はんももひき):knee underwear
股白蝙蝠(ももじろこうもり):Japanese large-footed bat; big-footed myotis (Myo.",Jouyou.
"股
sample words:
小股掬い
素股
股木",また,"股:crotch, thigh, groin
小股掬い(こまたすくい):over-thigh scooping body drop
素股(すまた):bare thighs; inner thigh; intercrural sex
股木(またぎ):forked branch; forked tree",Jouyou.
"脇
sample words:
脇明け
脇毛
脇戸",わき,"脇:the other way; another place; side, armpit, flank.
脇明け(わきあけ):clothing with such an opening (usu. worn by women.....
脇毛(わきげ):armpit hair; underarm hair
脇戸(わきど):side door",Jouyou.
"脊
sample words:
脊負う
脊負う
脊広",せ,"脊:stature, height
脊負う(しょう):to have (something) in the background; to be in f...
脊負う(せおう):to be conceited; to be burdened with; to be in fr...
脊広(せびろ):business suit",Jouyou.
"膝
sample words:
片膝
小膝
膝かっくん",ひざ,"膝:knee; lap
片膝(かたひざ):one knee
小膝(こひざ):knee
膝かっくん(ひざかっくん):knee dislocation; making someone's knees bend (by..",Jouyou.
"臼
sample words:
臼歯
大臼",うす,"臼:mortar, hand mill
臼歯(うすば):molar
大臼(だいうす):God",Jouyou.
"葛
sample words:
熊葛科
葛籠",つづら,"葛:arrowroot; arrowroot starch
熊葛科(くまつづらか):Verbenaceae (vervain family of plants)
葛籠(つづらこ):wicker clothes hamper",Jouyou.
"葛
sample words:
葛切り
葛粉
葛湯",くず,"葛:arrowroot; arrowroot starch
葛切り(くずきり):kudzu starch noodles
葛粉(くずこ):kudzu starch
葛湯(くずゆ):kudzu starch gruel",Jouyou.
"蓋
sample words:
落とし蓋
綴じ蓋
火蓋",ふた,"蓋:cover, lid, flap, hood
落とし蓋(おとしぶた):lid resting directly on food; wooden drop-lid for.
綴じ蓋(とじぶた):mended lid
火蓋(ひぶた):cover for the touch-hole on a cannon or matchlock.",Jouyou.
"蜂
sample words:
あんな蜂鳥
樹蜂
たま蜂",はち,"蜂:bee, wasp, hornet
あんな蜂鳥(あんなはちどり):Anna's woodpecker (Calypte anna)
樹蜂(きばち):wood wasp
たま蜂(たまばち):gall wasp (any insect of family Cynipidae)",Jouyou.
"袖
sample words:
小袖
袖壁
袖乞い",そで,"袖:sleeve, sleeve pocket; wing(of a building); exten.
小袖(こそで):short sleeved kimono (worn as an undergarment dur.
袖壁(そでかべ):wing wall
袖乞い(そでごい):beggar",Jouyou.
"裾
sample words:
お裾分け
裾刈り
裾取り",すそ,"裾:cuff(of trousers); hem (of a skirt); foot (of a m.
お裾分け(おすそわけ):sharing a portion of the profit with others; shar.
裾刈り(すそがり):trimming hair
裾取り(すそとり):ankle pick",Jouyou.
"誰
sample words:
誰か
誰が見ても
誰しも",だれ,"誰:who
誰か(だれか):someone; somebody
誰が見ても(だれがみても):as anyone can see
誰しも(だれしも):no one; anyone; everyone",Jouyou.
"誰
sample words:
誰が為に",た,"誰:who
誰が為に(たがために):for whom",Jouyou.
"誰
sample words:
誰彼
誰しも
誰誰",たれ,"誰:who
誰彼(たれかれ):anybody; many people; this or that person
誰しも(たれしも):no one; anyone; everyone
誰誰(だれだれ):so-and-so; who?; which people?",Jouyou.
"謎
sample words:
謎い
謎掛け
謎謎",なぞ,"謎:riddle, puzzle, enigma; hint, tip
謎い(なぞい):perplexing; bewildering; puzzling; baffling; myst.
謎掛け(なぞかけ):telling a riddle
謎謎(なぞなぞ):riddle; enigma; puzzle",Jouyou.
"賭
sample words:
賭け碁
賭事
賭け事師",かけ,"賭:wager, place a bet
賭け碁(かけご):playing go for stakes
賭事(かけごと):gambling; betting
賭け事師(かけごとし):gambler; gamester",Jouyou.
"釜
sample words:
御釜を掘る
釜場
釜を掘る",かま,"釜:kettle, cauldron, iron pot; bioler
御釜を掘る(おかまをほる):to crash a car into the back of another; to perfo..
釜場(かまば):boiler room
釜を掘る(かまをほる):to sodomise; to sodomize; to bugger; to crash a c..",Jouyou.
"鍋
sample words:
鰻鍋
きむち鍋
手鍋",なべ,"鍋:pan, pot, kettle
鰻鍋(うなべ):eel stew
きむち鍋(きむちなべ):kimchi hot pot
手鍋(てなべ):pan",Jouyou.
"鍵
sample words:
鍵開け
鍵っ子
鍵の配布",かぎ,"鍵:key
鍵開け(かぎあけ):lock-picking; lock-opening
鍵っ子(かぎっこ):latchkey child; latchkey kid
鍵の配布(かぎのはいふ):key distribution",Jouyou.
"闇
sample words:
愚痴の闇
闇かるてる
闇路",やみ,"闇:darkness; grief, gloom; disorder, black market
愚痴の闇(ぐちのやみ):the darkness of ignorance
闇かるてる(やみかるてる):unauthorized cartel; unauthorised cartel
闇路(やみじ):dark road",Jouyou.
"隙
sample words:
手間隙
隙人",ひま,"隙:time; leisure; gap, crack; room, space; chance; u.
手間隙(てまひま):time and effort; trouble
隙人(ひまじん):person with a lot of free time on their hands; id.",Jouyou.
"頃
sample words:
あの頃
終わり頃
この頃様",ころ,"頃:time, period. about (regarding time)
あの頃(あのころ):in those days
終わり頃(おわりごろ):toward the end
この頃様(このごろよう):modern; up-to-date; latest",Jouyou.
"頃
sample words:
何時頃
後ろ身頃
今日此頃",ごろ,"頃:time, period. about (regarding time)
何時頃(いつごろ):about when; about what time; how soon
後ろ身頃(うしろみごろ):back part of a kimono
今日此頃(きょうこのごろ):recently; nowadays; these days",Jouyou.
"頬
sample words:
頬笑み
頬笑む
頬桁",ほお,"頬:cheek
頬笑み(ほおえみ):smile
頬笑む(ほおえむ):to smile
頬桁(ほおげた):cheekbone",Jouyou.
"頬
sample words:
頬笑む
頬が緩む
頬白鮫",ほほ,"頬:cheek
頬笑む(ほほえむ):to smile
頬が緩む(ほほがゆるむ):to grin
頬白鮫(ほほじろざめ):white pointer (Carcharodon carcharias); great whi.",Jouyou.
"餅
sample words:
お餅
鹿の子餅
蒸し餅",もち,"餅:rice cake
お餅(おもち):pounded mochi rice; rice cakes
鹿の子餅(かのこもち):mochi containing red bean paste
蒸し餅(むしもち):steamed mochi",Jouyou.
"餅
sample words:
五十日の餅
椿餅
環餅",もちい,"餅:rice cake
五十日の餅(いかのもちい):mochi used for the celebration of a child's fifti.
椿餅(つばいもちい):rice-cake sweet sandwiched between two camellia l.
環餅(まがりもちい):pastry made of dough pulled into various shapes a.",Jouyou.
"餌
sample words:
活餌
魚の餌科",え,"餌:feed, food; bait, prey; tempting profit
活餌(いきえ):live bait
魚の餌科(うおのえか):Cymothoidae (family of isopods)",Jouyou.
"餌
sample words:
餌場
餌遣り
釣餌",えさ,"餌:feed, food; bait, prey; tempting profit
餌場(えさば):feeding ground
餌遣り(えさやり):feeding (animals); provisioning
釣餌(つりえさ):bait (for fishing)",Jouyou.
"刀
sample words:
おっとり刀
刀掛け
刀を打つ",かたな,"刀:sword, blade
おっとり刀(おっとりがたな):rushing to an emergency with sword in hand, not h...
刀掛け(かたなかけ):sword rack
刀を打つ(かたなをうつ):to forge a sword; to temper a sword",Jouyou. JLPT : N1
"弓
sample words:
弓師
弓なり
弓形になる",ゆみ,"弓:bow; archery; violin bow; bow shape
弓師(ゆみし):bowyer; bow maker
弓なり(ゆみなり):segment (of a circle); arch; arc; bow shape
弓形になる(ゆみなりになる):to bend backward; to arch; to be curved; to becom.",Jouyou. JLPT : N1
"矢
sample words:
掛け矢
根矢
無理矢理",や,"矢:arrow
掛け矢(かけや):mallet
根矢(ねや):arrowhead
無理矢理(むりやり):by force; against one's will; forcibly",Jouyou. JLPT : N1
"笛
sample words:
口笛を吹く
喉笛
薔薇笛鯛",ふえ,"笛:flute, pipe, clarinet, whistle, fife, pitch pipe,.
口笛を吹く(くちぶえをふく):to whistle
喉笛(のどぶえ):windpipe
薔薇笛鯛(ばらふえだい):two-spot red snapper (Lutjanus bohar)",Jouyou. JLPT : N1
"羊
sample words:
子羊
羊飼い
羊小屋",ひつじ,"羊:sheep
子羊(こひつじ):lamb
羊飼い(ひつじかい):shepherd; shepherdess
羊小屋(ひつじごや):sheepfold",Jouyou. JLPT : N1
"詩
sample words:
悪魔の詩
漢詩",うた,"詩:poem, poetry
悪魔の詩(あくまのうた):The Satanic Verses (novel by Salman Rushdie)
漢詩(からうた):Chinese poem",Jouyou. JLPT : N1
"豆
sample words:
かかお豆
からばる豆
こひ豆",まめ,"豆:beans, peas, pulse
かかお豆(かかおまめ):cocoa bean; cacao bean
からばる豆(からばるまめ):ordeal bean; calabar bean
こひ豆(こひまめ):coffee bean",Jouyou. JLPT : N1
"倉
sample words:
小倉あいす
お倉入り
倉入れ",くら,"倉:warehouse, godown; cellar; depository, treasury; .
小倉あいす(おぐらあいす):ice cream mixed with adzuki bean paste
お倉入り(おくらいり):being put on hold; being withheld from publicatio..
倉入れ(くらいれ):warehousing; storing in a warehouse",Jouyou. JLPT : N1
"器
sample words:
器が大きい
器の大きい
器物",うつわ,"器:vessel, receptacle, utensil, implement, instrumen.
器が大きい(うつわがおおきい):big; open-minded; mature; accepting; big-hearted;.
器の大きい(うつわのおおきい):accepting; open-minded; flexible; mature; big-hea.
器物(うつわもの):implement; ability; talent; container; calibre; p..",Jouyou. JLPT : N1
"士
sample words:
地士
西向く士",さむらい,"士:samurai; man, gentleman; scholar
地士(じざむらい):provincial samurai in the middle ages, who engage.
西向く士(にしむくさむらい):nishimuku samurai (mnemonic for remembering the m.",Jouyou. JLPT : N1
"巣
sample words:
巣引き
巣雛
巣雛",す,"巣:nest, rookery, breeding place, beehive, cobweb; d.
巣引き(すびき):setting (of a hen)
巣雛(すひな):nestling
巣雛(すびな):nestling",Jouyou. JLPT : N1
"旗
sample words:
小旗
旗日
旗振り",はた,"旗:flag, banner, standard, ensign, pennant, streamer
小旗(こばた):small flag
旗日(はたび):national holiday
旗振り(はたふり):leader; flagman; flagwaving; (in athletic competi.",Jouyou. JLPT : N1
"松
sample words:
あめりか松
男松
下がり松",まつ,"松:pine
あめりか松(あめりかまつ):common Douglas fir (Pseudotsuga menziesii)
男松(おまつ):black pine
下がり松(さがりまつ):drooping pine",Jouyou. JLPT : N1
"梅
sample words:
梅しそ
梅の実
梅見",うめ,"梅:plum, plum tree
梅しそ(うめしそ):Japanese apricot and shiso
梅の実(うめのみ):Japanese apricot; ume
梅見(うめみ):plum-blossom viewing",Jouyou. JLPT : N1
"腸
sample words:
海鼠腸
背腸
腸香",わた,"腸:intestines, bowels, entrails; digestive system in.
海鼠腸(このわた):salted entrails of a trepang; salted entrails of .
背腸(せわた):digestive tract of a shrimp; vein of a shrimp (pr.
腸香(わたか):Ischikauia steenackeri (species of cyprinid fish)",Jouyou. JLPT : N1
"腸
sample words:
腸の腐った
腸が煮え繰り返る",はらわた,"腸:intestines, bowels, entrails; digestive system in.
腸の腐った(はらわたのくさった):vicious; corrupt; depraved
腸が煮え繰り返る(はらわたがにえくりかえる):to be furious; to have one's blood boiling; to se.",Jouyou. JLPT : N1
"芽
sample words:
御芽出度う
花芽
葉芽",め,"芽:sprout, spear, germ
御芽出度う(おめでとう):congratulations!; best wishes!; all the best!; we.
花芽(はなめ):flower bud
葉芽(はめ):leaf bud",Jouyou. JLPT : N1
"街
sample words:
眠らない街
街着
街こん",まち,"街:town; quarters; street
眠らない街(ねむらないまち):city that never sleeps
街着(まちぎ):townwear; street clothes
街こん(まちこん):group dating; gathering for young people to socia.",Jouyou. JLPT : N1
"郡
sample words:
郡の司
郡造
郡山女子大学",こおり,"郡:county, district
郡の司(こおりのつかさ):district governor (under the ritsuryo system)
郡造(こおりのみやつこ):director of a district (ritsuryo system)
郡山女子大学(こおりやまじょしだいがく):Kooriyama Women's University",Jouyou. JLPT : N1
"鏡
sample words:
柄鏡
鏡獅子
鏡立て",かがみ,"鏡:mirror; speculum; barrelhead; round rice-cake off.
柄鏡(えかがみ):traditional mirror with a handle, popular since t.
鏡獅子(かがみじし):Kagamijishi
鏡立て(かがみたて):mirror stand",Jouyou. JLPT : N1
"俵
sample words:
上げ俵
米俵
炭俵",たわら,"俵:bag, bale, sack; bag counter
上げ俵(あげだわら):4 corner bales on the outer rim of the sumo ring
米俵(こめだわら):bag of rice
炭俵(すみだわら):sack for charcoal",Jouyou. JLPT : N1
"墓
sample words:
墓荒らし
墓じまい
墓場",はか,"墓:grave, tomb
墓荒らし(はかあらし):grave-robbing
墓じまい(はかじまい):dismantling a (family) tomb
墓場(はかば):cemetery; graveyard",Jouyou. JLPT : N1
"序
sample words:
事の序で
序でが有る
序に",ついで,"序:beginning; preface; order, precedence; farewell a.
事の序で(ことのついで):take the opportunity to (do something else)
序でが有る(ついでがある):to have occasion to do
序に(ついでに):when; while (one is at it); on one's way (to); by..",Jouyou. JLPT : N1
"桜
sample words:
小桜いんこ
桜咲く
桜の木",さくら,"桜:flowering cherry; cherry blossoms; pink color; ho.
小桜いんこ(こざくらいんこ):rosy-faced lovebird (Agapornis roseicollis)
桜咲く(さくらさく):to pass an exam
桜の木(さくらのき):cherry tree",Jouyou. JLPT : N1
"眼
sample words:
金壺眼
血眼
団栗眼",まなこ,"眼:eye
金壺眼(かなつぼまなこ):greedy look; goggle-eyes; round, sunken eyes
血眼(ちまなこ):(doing something in a) frenzy; bloodshot eyes
団栗眼(どんぐりまなこ):goggle-eyes",Jouyou. JLPT : N1
"眼
sample words:
青眼狗母魚
血眼
眼がさえる",め,"眼:eye
青眼狗母魚(あおめえそ):Chlorophthalmus albatrossis (species of greeneye)
血眼(ちめ):bloodshot eyes; (doing something in a) frenzy
眼がさえる(めがさえる):to be wakeful; to be unable to sleep; to be wide-.",Jouyou. JLPT : N1
"素
sample words:
味の素
素牛
素より",もと,"素:principle; element. naked, uncovered, simple
味の素(あじのもと):Ajinomoto Co. Inc.; brand name of monosodium glut.
素牛(もとうし):calf (before it is fattened or used for breeding,.
素より(もとより):from the beginning; not to mention ...; all along..",Jouyou. JLPT : N1
"織
sample words:
浮き織り
織りあげる
織り子",おり,"織:weave
浮き織り(うきおり):brocade
織りあげる(おりあげる):to weave up into fabric
織り子(おりこ):weaver",Jouyou. JLPT : N1
"肥
sample words:
草肥
肥土
肥え太る",こえ,"肥:get fat; get fertile. fertilize, enrich; fatten; ..
草肥(くさごえ):compost
肥土(こえつち):rich soil
肥え太る(こえふとる):to grow fat",Jouyou. JLPT : N1
"舌
sample words:
舌が肥える
舌先
舌代",した,"舌:tongue; reed; clapper
舌が肥える(したがこえる):to be particular about one's food; to have a disc.
舌先(したさき):tip of tongue
舌代(しただい):a notice",Jouyou. JLPT : N1
"酸
sample words:
甘酸っぱい
黒酸塊
酸っぱい",す,"酸:sour, acid, tart
甘酸っぱい(あまずっぱい):sweet and sour; bittersweet
黒酸塊(くろすぐり):blackcurrant (Ribes nigrum)
酸っぱい(すっぱい):acid; sour",Jouyou. JLPT : N1
"傷
sample words:
傷を縫う
小傷
手傷",きず,"傷:wound, injury, hurt; cut, gash, bruise, scratch; ....
傷を縫う(きずをぬう):to stitch up a wound
小傷(こきず):small amount of damage; small scratch
手傷(てきず):wound (suffered in a fight)",Jouyou. JLPT : N1
"創
sample words:
切創
手創",きず,"創:wound, injury, hurt; cut, gash, bruise, scratch; .
切創(きりきず):gash; cut; incision
手創(てきず):wound (suffered in a fight)",Jouyou. JLPT : N1
"姿
sample words:
絵姿
姿絵
姿を消す",すがた,"姿:figure, form, shape; appearance, attire; posture;.
絵姿(えすがた):portrait
姿絵(すがたえ):portrait
姿を消す(すがたをけす):to disappear; to vanish",Jouyou. JLPT : N1
"宗
sample words:
独眼竜政宗
正宗",むね,"宗:religion, sect, denomination
独眼竜政宗(どくがんりゅうまさむね):Dokuganryu Masamune (NHK Taiga drama, 1987)
正宗(まさむね):sake; brand of sake from Nada region during Tenpo..",Jouyou. JLPT : N1
"己
sample words:
己と
己に克つ
己を捨てる",おのれ,"己:oneself, myself, yourself
己と(おのれと):all by itself; naturally; spontaneous; all by one.
己に克つ(おのれにかつ):to control oneself
己を捨てる(おのれをすてる):to set aside one's interests",Jouyou. JLPT : N1
"我
sample words:
我が子
我家
我が世の春",わが,"我:I, oneself, self, ego
我が子(わがこ):one's own child; one's own children
我家(わがや):one's family; one's home; one's house
我が世の春(わがよのはる):prime; heyday; one's glory; the height of one's p.",Jouyou. JLPT : N1
"我
sample words:
我御料
我人
我人ども",わ,"我:I, oneself, self, ego
我御料(わごりょ):you
我人(わひと):you
我人ども(わひとども):you (usu. plural)",Jouyou. JLPT : N1
"株
sample words:
雄株
株分け
株を買う",かぶ,"株:stump; shares, stocks; connections; business; cou.
雄株(おかぶ):male plant
株分け(かぶわけ):root division
株を買う(かぶをかう):to buy stock",Jouyou. JLPT : N1
"樹
sample words:
樹樹
樹蜂
夜合樹",き,"樹:tree, wood
樹樹(きぎ):(many) trees; all kinds of trees; every tree
樹蜂(きばち):wood wasp
夜合樹(ねむのき):silk tree (Albizia julibrissin)",Jouyou. JLPT : N1
"源
sample words:
河の源",みなもと,"源:source, origin
河の源(かわのみなもと):fountainhead",Jouyou. JLPT : N1
"潮
sample words:
潮汁
潮煮",うしお,"潮:tide; salt water; opportunity
潮汁(うしおじる):thin soup of fish or shellfish boiled in seawater
潮煮(うしおに):fish, shellfish, etc. boiled in salted water",Jouyou. JLPT : N1
"穴
sample words:
穴子
穴を空ける
毛穴",あな,"穴:hole, aperture, slit; gap, stop (of musical instr...
穴子(あなご):conger eel (esp. the common Japanese conger, Cong.
穴を空ける(あなをあける):to cause a loss; to make a hole (in)
毛穴(けあな):pore (of the skin)",Jouyou. JLPT : N1
"筋
sample words:
筋子
筋の通った
筋を違える",すじ,"筋:muscle; sinew, tendon; vein; fiber; string; line;....
筋子(すじこ):salted salmon roe
筋の通った(すじのとおった):rational; coherent; logical
筋を違える(すじをちがえる):to pull a muscle; to strain a muscle",Jouyou. JLPT : N1
"絹
sample words:
絹絵
絹ごし豆腐
絹地",きぬ,"絹:silk, silk thread
絹絵(きぬえ):picture on silk
絹ごし豆腐(きぬごしどうふ):silken tofu; soft tofu
絹地(きぬじ):silk fabrics",Jouyou. JLPT : N1
"縦
sample words:
縦穴
縦挽き
縦ひき鋸",たて,"縦:length, height, warp
縦穴(たてあな):pit; shaft
縦挽き(たてひき):ripsaw
縦ひき鋸(たてひきのこ):ripsaw",Jouyou. JLPT : N1
"訳
sample words:
言訳
仕訳
仕訳ける",わけ,"訳:meaning, sense; reason, cause; circumstances, the.
言訳(いいわけ):excuse; explanation
仕訳(しわけ):assortment journalizing (in bookkeeping); classif.
仕訳ける(しわける):to assort; to journalise; to classify; to journal.",Jouyou. JLPT : N1
"誠
sample words:
誠しやか
誠に
誠にもって",まこと,"誠:sincerity, honesty, fidelity; truth
誠しやか(まことしやか):specious; seemingly truthful; credible (e.g. lie).
誠に(まことに):very; indeed; absolutely; quite; actually; truly;.
誠にもって(まことにもって):honestly; in all sincerity; truthfully",Jouyou. JLPT : N1
"且
sample words:
且又
尚且つ",かつ,"且:also, furthermore
且又(かつまた):furthermore; besides; moreover
尚且つ(なおかつ):and yet; besides; on top of that; even so; furthe.",Jouyou. JLPT : N1
"丘
sample words:
嵐が丘
丘辺
丘葦鴨",おか,"丘:hill, knoll, rising ground
嵐が丘(あらしがおか):Wuthering Heights (novel by Emily Bronte)
丘辺(おかべ):vicinity of a hill
丘葦鴨(おかよしがも):gadwall (Anas strepera)",Jouyou. JLPT : N1
"偽
sample words:
偽あか
偽金
偽首",にせ,"偽:lie, falsity; deceive; pretend; cheat; sham, coun.
偽あか(にせあか):fake account (e.g. on social media)
偽金(にせがね):counterfeit money
偽首(にせくび):falsified severed head",Jouyou. JLPT : N1
"傍
sample words:
お傍
傍から
傍近く",そば,"傍:side; besides; while
お傍(おそば):attendant; while; besides; beside; retainer; clos.
傍から(そばから):as soon as; right after
傍近く(そばちかく):nearby",Jouyou. JLPT : N1
"傍
sample words:
傍らに
傍らに寄る
傍らに人無きが如し",かたわら,"傍:side; besides; while
傍らに(かたわらに):nearby; beside
傍らに寄る(かたわらによる):to step aside
傍らに人無きが如し(かたわらにひとなきがごとし):behaving outrageously as though there were no one..",Jouyou. JLPT : N1
"傘
sample words:
傘地
傘立て
傘ふり場",かさ,"傘:umbrella, parasol
傘地(かさじ):umbrella cloth
傘立て(かさたて):umbrella stand
傘ふり場(かさふりば):stand for drying umbrellas",Jouyou. JLPT : N1
"冠
sample words:
茨の冠
御冠
冠水母類",かんむり,"冠:crown, diadem; a top character radical
茨の冠(いばらのかんむり):a crown of thorns
御冠(おかんむり):bad temper; bad mood
冠水母類(かんむりくらげるい):coronated jellyfish; crown jellyfish (Coronatae s.",Jouyou. JLPT : N1
"刃
sample words:
出刃
刃針
刃向かう",は,"刃:blade, edge
出刃(でば):pointed carver; knife
刃針(はばり):lancet
刃向かう(はむかう):to turn on; to oppose; to rise against; to bite b.",Jouyou. JLPT : N1
"剣
sample words:
月の剣
剣の舞
剣を抜く",つるぎ,"剣:sword
月の剣(つきのつるぎ):new moon; crescent moon
剣の舞(つるぎのまい):Sabre Dance
剣を抜く(つるぎをぬく):to draw a sword",Jouyou. JLPT : N1
"卸
sample words:
卸器
卸売物価指数",おろし,"卸:sell at wholesale; grated (vegetables); wholesale
卸器(おろしき):grater
卸売物価指数(おろしうりぶっかしすう):WPI; wholesale price index",Jouyou. JLPT : N1
"又
sample words:
勝利又勝利
又会う日迄
又請け",また,"又:again, and, furthermore; on the other hand
勝利又勝利(しょうりまたしょうり):victory after victory
又会う日迄(またあうひまで):till we meet again
又請け(またうけ):subcontract",Jouyou. JLPT : N1
"及
sample words:
及び難い
及び腰
及びも付かぬ",および,"及:exert, exercise, cause; reach, come up to, amount..
及び難い(およびがたい):hard to attain to
及び腰(およびごし):bent back; indecisive attitude; timidity; lack of.
及びも付かぬ(およびもつかぬ):no match for; far beyond one's power; not at all .",Jouyou. JLPT : N1
"唄
sample words:
雨に唄えば
下座唄
地唄",うた,"唄:songs accompanied by the samisen
雨に唄えば(あめにうたえば):Singin' in the Rain (1952 film and song)
下座唄(げざうた):song sung behind the scenes (kabuki)
地唄(じうた):(style of) folk song",Jouyou. JLPT : N1
"唇
sample words:
唇を奪う
下唇
鱈子唇",くちびる,"唇:lip
唇を奪う(くちびるをうばう):to steal a kiss; to snatch a kiss
下唇(したくちびる):lower lip
鱈子唇(たらこくちびる):thick lips; full lips",Jouyou. JLPT : N1
"唯
sample words:
唯一度
唯事
唯さえ",ただ,"唯:only, merely, solely, simply
唯一度(ただいちど):only once
唯事(ただごと):trivial matter
唯さえ(たださえ):as it is; (even) under normal circumstances; alre.",Jouyou. JLPT : N1
"坪
sample words:
地坪
坪当たり
米坪",つぼ,"坪:area about 36 square feet
地坪(じつぼ):ground area (e.g. of a building's footprint); lan.
坪当たり(つぼあたり):per tsubo (area)
米坪(べいつぼ):paper weight (in gsm)",Jouyou. JLPT : N1
"垣
sample words:
斎垣
生け垣
斎み垣",かき,"垣:fence, hedge, wall
斎垣(いがき):fence around a shrine
生け垣(いけがき):hedge
斎み垣(いみがき):shrine fence",Jouyou. JLPT : N1
"堀
sample words:
堀江
堀川
堀り出し物",ほり,"堀:moat, canal, ditch
堀江(ほりえ):canal
堀川(ほりかわ):canal
堀り出し物(ほりだしもの):bargain; good buy; (lucky) find; treasure trove",Jouyou. JLPT : N1
"堤
sample words:
堤を築く
蟻の穴から堤も崩れる
千丈の堤も蟻の一穴より崩れる",つつみ,"堤:dike, bank, embankment
堤を築く(つつみをきずく):to build an embankment
蟻の穴から堤も崩れる(ありのあなからつつみもくずれる):a small leak will sink a great ship
千丈の堤も蟻の一穴より崩れる(せんじょうのつつみもありのいっけつよりくずれる):a small leak will sink a great ship",Jouyou. JLPT : N1
"塚
sample words:
蟻塚
大塚家具
三里塚闘争",つか,"塚:mound, hillock, tumulus
蟻塚(ありづか):anthill
大塚家具(おおつかかぐ):Otsuka Kagu, Ltd
三里塚闘争(さんりづかとうそう):campaign against the construction of Narita airpo.",Jouyou. JLPT : N1
"塊
sample words:
遠慮の塊
塊肉
血の塊",かたまり,"塊:lump, chunk, clod, mass; clump, cluster, group; f.
遠慮の塊(えんりょのかたまり):the last remaining piece (which people are reluct.
塊肉(かたまりにく):joint of meat; chunk of meat (e.g. for grilling)
血の塊(ちのかたまり):clot of blood",Jouyou. JLPT : N1
"墨
sample words:
烏賊墨
いかの墨
墨絵",すみ,"墨:India ink, Chinese ink; ink stick; inked marking .
烏賊墨(いかすみ):squid ink
いかの墨(いかのすみ):squid's ink
墨絵(すみえ):ink painting",Jouyou. JLPT : N1
"奴
sample words:
内の奴
懲りない奴
何奴",やつ,"奴:manservant, slave; fellow
内の奴(うちのやつ):the wife; the missus
懲りない奴(こりないやつ):persistent jerk; person (generally male) who won'.
何奴(どやつ):who",Jouyou. JLPT : N1
"姫
sample words:
兄姫
おたさの姫
姫鵜",ひめ,"姫:princess; young lady of birth. little, pretty
兄姫(えひめ):elder princess; older princess
おたさの姫(おたさのひめ):sole girl in a group of geeks
姫鵜(ひめう):pelagic cormorant (Phalacrocorax pelagicus)",Jouyou. JLPT : N1
"婆
sample words:
婆抜き
箕借り婆
遣り手婆",ばば,"婆:old woman; grandmother
婆抜き(ばばぬき):old maid (game); living without one's mother-in-l.
箕借り婆(みかりばば):old woman ghost from the Kanto region
遣り手婆(やりてばば):brothel madam",Jouyou. JLPT : N1
"婿
sample words:
相婿
花婿
花嫁花婿",むこ,"婿:son-in-law
相婿(あいむこ):brother-in-law
花婿(はなむこ):bridegroom
花嫁花婿(はなよめはなむこ):bride and groom",Jouyou. JLPT : N1
"媛
sample words:
愛媛",ひめ,"媛:princess; young lady of noble birth
愛媛(えひめ):Ehime (prefecture)",Jouyou. JLPT : N1
"嫁
sample words:
お嫁さん
嫁いびり
嫁入り道具",よめ,"嫁:marry off; get married; bride, young wife, daught.
お嫁さん(およめさん):wife
嫁いびり(よめいびり):bullying a young wife
嫁入り道具(よめいりどうぐ):trousseau",Jouyou. JLPT : N1
"嫌
sample words:
嫌がらせ
嫌な気持ち
嫌に",いや,"嫌:hate, detest, dislike; disagreeable
嫌がらせ(いやがらせ):pestering; harassment
嫌な気持ち(いやなきもち):unpleasant feeling
嫌に(いやに):terribly; awfully",Jouyou. JLPT : N1
"孔
sample words:
鍵孔
巣孔
並孔針",あな,"孔:hole, aperture, slit; gap, stop (of musical instr...
鍵孔(かぎあな):keyhole
巣孔(すあな):den; burrow; nesting hole
並孔針(なみあなはり):needle with a normal eye",Jouyou. JLPT : N1
"宴
sample words:
悪魔の宴
花見の宴",うたげ,"宴:feast, banquet, party, entertainment
悪魔の宴(あくまのうたげ):witches' sabbath; black sabbath
花見の宴(はなみのうたげ):cherry blossom viewing party",Jouyou. JLPT : N1
"尚
sample words:
尚いい
尚可",なお,"尚:further, furthermore, still, still more, yet; jus.
尚いい(なおいい):even better; still better
尚可(なおか):preferred; desirable",Jouyou. JLPT : N1
"尾
sample words:
赤尾のすり
尾っぽ
尾根",お,"尾:tail; trail (of a meteor); lower slope (of a moun.
赤尾のすり(あかおのすり):red-tailed hawk (Buteo jamaicensis)
尾っぽ(おっぽ):tail
尾根(おね):(mountain) ridge",Jouyou. JLPT : N1
"尿
sample words:
尿袋",いばり,"尿:urine
尿袋(いばりぶくろ):urinary bladder",Jouyou. JLPT : N1
"岡
sample words:
岡辺
岡村製作所
岡目",おか,"岡:hill, knoll, rising ground
岡辺(おかべ):vicinity of a hill
岡村製作所(おかむらせいさくしょ):Okamura Corporation
岡目(おかめ):looking on from the side; looking on by an outsid.",Jouyou. JLPT : N1
"岳
sample words:
御岳教
岳烏
御岳",たけ,"岳:peak, mountain
御岳教(おんたけきょう):Mitake-kyo; Ontake-kyo (sect of Shinto)
岳烏(たけがらす):spotted nutcracker (Nucifraga caryocatactes)
御岳(みたけ):large, high mountain",Jouyou. JLPT : N1
"峠
sample words:
碓氷峠
大菩薩峠
峠越え",とうげ,"峠:mountain pass; crisis, crest, climax
碓氷峠(うすいとうげ):Usui Pass
大菩薩峠(だいぼさつとうげ):The Sword of Doom (1966 film)
峠越え(とうげごえ):crossing a mountain pass",Jouyou. JLPT : N1
"峰
sample words:
峰打ち
峰桜
峰伝い",みね,"峰:peak, summit, top; back (of a sword)
峰打ち(みねうち):striking with the back of the sword
峰桜(みねざくら):Japanese alpine cherry (Prunus nipponica)
峰伝い(みねづたい):along the ridges",Jouyou. JLPT : N1
"崎
sample words:
川崎
川崎電気
州崎",さき,"崎:cape, spit, promontory
川崎(かわさき):Kawasaki (city)
川崎電気(かわさきでんき):Kawaden Corporation
州崎(すさき):sandspit",Jouyou. JLPT : N1
"嵐
sample words:
嵐を呼ぶ
大嵐
小夜嵐",あらし,"嵐:storm, tempest
嵐を呼ぶ(あらしをよぶ):to create a big stir; to cause a commotion; to in.
大嵐(おおあらし):raging storm
小夜嵐(さよあらし):strong nighttime wind",Jouyou. JLPT : N1
"帆
sample words:
さばに帆漕
さばに帆漕
三角帆",ほ,"帆:sail
さばに帆漕(さばにほうそう):sabani sailing and paddling regatta (Okinawa)
さばに帆漕(さばにほそう):sabani sailing and paddling regatta (Okinawa)
三角帆(さんかくほ):jib sail",Jouyou. JLPT : N1
"帝
sample words:
時の帝
帝揚羽",みかど,"帝:emperor; the god of heaven; the creator
時の帝(ときのみかど):emperor of the time
帝揚羽(みかどあげは):common jay (species of swallowtail butterfly, Gra.",Jouyou. JLPT : N1
"幻
sample words:
幻を追う
夢幻",まぼろし,"幻:vision, dream; illusion, apparition
幻を追う(まぼろしをおう):to pursue an illusion; to pursue a fantasy; to pu.
夢幻(ゆめまぼろし):fantasy; dreams; visions",Jouyou. JLPT : N1
"幾
sample words:
幾重にも
幾多
幾千代",いく,"幾:some, several, many; how many, how much
幾重にも(いくえにも):(folding) several times; over and over again; rep..
幾多(いくた):numerous; many
幾千代(いくちよ):many years; ages",Jouyou. JLPT : N1
"弐
sample words:
弐心",ふた,"弐:two, second
弐心(ふたごころ):double-dealing; duplicity; treachery",Jouyou. JLPT : N1
"弦
sample words:
弦音
弓弦",つる,"弦:bowstring; teakettle handle made of bamboo or vin.
弦音(つるね):sound of vibrating bowstring
弓弦(ゆみづる):bowstring",Jouyou. JLPT : N1
"弾
sample words:
それ弾
弾傷
矢弾",たま,"弾:play on. spring, bound, rebound; be inspired, be ..
それ弾(それだま):stray bullet
弾傷(たまきず):bullet wound; gunshot wound
矢弾(やだま):ammunition; arrows and bullets; missile; projecti.",Jouyou. JLPT : N1
"影
sample words:
影あな
影なれ
影のある",かげ,"影:light; shadow; silhouette; phantom; reflection, f.
影あな(かげあな):announcement from backstage (theatre, television)
影なれ(かげなれ):narration from backstage (theatre, television)
影のある(かげのある):cheerless; dark; gloomy (of a person)",Jouyou. JLPT : N1
"憩
sample words:
憩いの場",いこい,"憩:rest, relax, repose
憩いの場(いこいのば):place for relaxation and refreshment",Jouyou. JLPT : N1
"懐
sample words:
苦しい懐
懐が淋しい
懐具合",ふところ,"懐:bosom, breast, heart; pocket, purse; dear, longed..
苦しい懐(くるしいふところ):tight budget
懐が淋しい(ふところがさびしい):strapped for cash; hard up
懐具合(ふところぐあい):one's financial standing",Jouyou. JLPT : N1
"房
sample words:
四房
乳房
房飾り",ふさ,"房:tuft, tassel, fringe; lock (of hair); cluster, bu.
四房(しぶさ):four tassels hung above the ring
乳房(ちぶさ):udder; breast
房飾り(ふさかざり):fringe; tassel",Jouyou. JLPT : N1
"扇
sample words:
埋もれ扇蟹
絵扇
扇屋",おうぎ,"扇:folding fan
埋もれ扇蟹(うもれおうぎがに):Zosimus aeneus (species of poisonous crab)
絵扇(えおうぎ):fan painted with a picture
扇屋(おうぎや):folding fan shop",Jouyou. JLPT : N1
"扉
sample words:
裏扉
がらす扉
仕掛け扉",とびら,"扉:door; title page, front page
裏扉(うらとびら):back leaf
がらす扉(がらすとびら):glass door
仕掛け扉(しかけとびら):trap door; trapdoor",Jouyou. JLPT : N1
"拳
sample words:
拳を握る
力拳
握り拳",こぶし,"拳:fist
拳を握る(こぶしをにぎる):to make a fist; to clench one's fist
力拳(ちからこぶし):clenched fist
握り拳(にぎりこぶし):clenched fist",Jouyou. JLPT : N1
"掌
sample words:
掌の玉
掌を返す
掌を指す",たなごころ,"掌:rule, administer, conduct
掌の玉(たなごころのたま):apple of one's eye
掌を返す(たなごころをかえす):to do an about-face; to do something easy; to fli.
掌を指す(たなごころをさす):to be obvious; to point to one's palm; to be obvi.",Jouyou. JLPT : N1
"掛
sample words:
掛図
掛け矢
食い掛け",かけ,"掛:hang on, be suspended from, be caught, be trapped.............
掛図(かけず):wall chart; wall map
掛け矢(かけや):mallet
食い掛け(くいかけ):half-eaten",Jouyou. JLPT : N1
"斜
sample words:
御機嫌斜め
斜め顔
斜め掛け",ななめ,"斜:slanting, diagonal, oblique, askew; unpleasant, d.
御機嫌斜め(ごきげんななめ):crabby; cranky; in a bad temper
斜め顔(ななめがお):(drawing of a) face in three-quarter view
斜め掛け(ななめがけ):slung across one's body (e.g. of a bag)",Jouyou. JLPT : N1
"旨
sample words:
その旨
聖旨
旨とする",むね,"旨:purport; principle; instructions; will, thinking
その旨(そのむね):(words to) that effect
聖旨(みむね):God's will
旨とする(むねとする):to make it a principle to ...; to aim at doing",Jouyou. JLPT : N1
"暁
sample words:
暁起き
暁の空
暁闇",あかつき,"暁:dawn, daybrake; in the event (of)
暁起き(あかつきおき):waking up just before daybreak
暁の空(あかつきのそら):dawning sky
暁闇(あかつきやみ):moonless dawn",Jouyou. JLPT : N1
"暇
sample words:
手間暇
暇人
暇取る",ひま,"暇:time; leisure; poor business; leave of absence; d.
手間暇(てまひま):trouble; time and effort
暇人(ひまじん):idler; loafer; person with a lot of free time on .
暇取る(ひまどる):to take time",Jouyou. JLPT : N1
"暇
sample words:
暇も無く
御暇
応接に暇がない",いとま,"暇:time; leisure; poor business; leave of absence; d.
暇も無く(いとまもなく):without even time for (doing something); without .
御暇(おいとま):going home; leisure; quitting one's job; spare ti.
応接に暇がない(おうせつにいとまがない):unable to keep up; too busy to deal with",Jouyou. JLPT : N1
"暦
sample words:
絵暦
綴じ暦
南部暦",こよみ,"暦:calendar, almanac
絵暦(えごよみ):traditional Japanese calendar expressed with pict..
綴じ暦(とじごよみ):bound almanac; calendar in the form of a book
南部暦(なんぶごよみ):picture calendar",Jouyou. JLPT : N1
"朱
sample words:
朱に染まる",あけ,"朱:cinnabar; vermilion
朱に染まる(あけにそまる):to be covered in blood; to welter in blood",Jouyou. JLPT : N1
"杉
sample words:
あめりか杉
杉花粉
杉戸",すぎ,"杉:cryptomeria, sugi, Japan cedar
あめりか杉(あめりかすぎ):redwood
杉花粉(すぎかふん):cedar pollen
杉戸(すぎど):door made of cedar",Jouyou. JLPT : N1
"枠
sample words:
切取り枠
木枠
社会人枠",わく,"枠:frame, framework; reel, spindle, spool; rim, box .
切取り枠(きりとりわく):clip rectangle
木枠(きわく):wooden pallet; wooden crate; wooden frame
社会人枠(しゃかいじんわく):special consideration for non-traditional (older).",Jouyou. JLPT : N1
"柄
sample words:
柄振
長柄
箕作柄長提灯鮟鱇",え,"柄:handle, crank, grip, hilt, shaft, knob, spoke (of..
柄振(えぶり):small noh accessory; farming implement
長柄(ながえ):long handle; long-handled spear; long shaft
箕作柄長提灯鮟鱇(みつくりえながちょうちんあんこう):triplewart seadevil (Cryptopsaras couesii)",Jouyou. JLPT : N1
"柄
sample words:
絵柄
柄にもない
だいや柄",がら,"柄:handle, crank, grip, hilt, shaft, knob, spoke (of..
絵柄(えがら):pattern; design
柄にもない(がらにもない):unlike one; out of character
だいや柄(だいやがら):diamond-pattern",Jouyou. JLPT : N1
"柳
sample words:
行李柳
誹風柳多留
柳下駄",やなぎ,"柳:willow
行李柳(こりやなぎ):Salix koriyanagi (species of willow)
誹風柳多留(はいふうやなぎだる):The Willow Barrel (collection of Edo-period senry.
柳下駄(やなぎげた):low geta made of willow",Jouyou. JLPT : N1
"桃
sample words:
垂れ桃
酢桃
桃割れ",もも,"桃:peach
垂れ桃(しだれもも):weeping peach (Prunus persica var. pendula)
酢桃(すもも):Chinese plum; Japanese plum (Prunus salicina)
桃割れ(ももわれ):hairstyle of Meiji and Taisho era, featuring a bu.",Jouyou. JLPT : N1
"桑
sample words:
桑摘み
桑葉
桑葉末",くわ,"桑:mulberry
桑摘み(くわつみ):mulberry-leaf pickers; picking mulberry leaves
桑葉(くわば):mulberry leaf
桑葉末(くわばまつ):mulberry leaf powder",Jouyou. JLPT : N1
"梨
sample words:
台湾犬梨
梨地
梨の実",なし,"梨:pear; pear tree
台湾犬梨(たいわんいぬなし):evergreen pear (Pyrus kawakamii)
梨地(なしじ):lacquering technique using gold or silver powder .
梨の実(なしのみ):pear",Jouyou. JLPT : N1
"棚
sample words:
棚田
棚にあげる
棚へ上げる",たな,"棚:shelf, ledge, rack, mount, mantelpiece; trellis, .
棚田(たなだ):terraced rice fields
棚にあげる(たなにあげる):to pay no attention to; to pretend not to see; to..
棚へ上げる(たなへあげる):to play innocent; to be blind to one's shortcomin.",Jouyou. JLPT : N1
"棟
sample words:
隅棟
一棟
一棟借り",むね,"棟:ridge, ridgepole; counter for buildings
隅棟(すみむね):hip (of roof)
一棟(ひとむね):one house; the same house
一棟借り(ひとむねがり):wholesale lease (on a building)",Jouyou. JLPT : N1
"槽
sample words:
木槽
馬槽
木槽天秤搾り",ふね,"槽:tub, tank, vat
木槽(きぶね):wooden vat (esp. for sake brewing); wooden tank
馬槽(まぶね):horse trough
木槽天秤搾り(きぶねてんびんしぼり):(sake) brewed in wooden vats, squeezed out by wei.",Jouyou. JLPT : N1
"殻
sample words:
空き殻
苧殻
殻を閉ざす",から,"殻:husk, hull, nutshell; cast-off skin; tofu refuse;.
空き殻(あきがら):empty shell
苧殻(おがら):hemp reed; hemp stalk
殻を閉ざす(からをとざす):to close up like an oyster; to retire into one's .",Jouyou. JLPT : N1
"汁
sample words:
汁気
すまし汁
どじょう汁",しる,"汁:juice; sap; soup, broth; gravy; pus
汁気(しるけ):juice
すまし汁(すましじる):clear soup
どじょう汁(どじょうじる):loach soup",Jouyou. JLPT : N1
"江
sample words:
江戸
江戸絵
江戸絵図",え,"江:inlet, bay
江戸(えど):Edo (shogunate capital, now Tokyo); Yedo
江戸絵(えどえ):Edo-made ukiyo-e
江戸絵図(えどえず):map of Edo",Jouyou. JLPT : N1
"沖
sample words:
沖釣
沖縄
沖縄香ばし",おき,"沖:offing, open sea
沖釣(おきづり):offshore fishing
沖縄(おきなわ):Okinawa (city, prefecture)
沖縄香ばし(おきなわこうばし):Lindera communis (species of spicebush)",Jouyou. JLPT : N1
"沙
sample words:
沙子",すな,"沙:sand
沙子(すなご):gold dust; sand; grit; silver dust",Jouyou. JLPT : N1
"沢
sample words:
沢紫陽花
沢地
沢辺",さわ,"沢:swamp, marsh, dale, valley
沢紫陽花(さわあじさい):tea-of-heaven (Hydrangea macrophylla subsp. serra.
沢地(さわち):marshy land
沢辺(さわべ):edge of a swamp",Jouyou. JLPT : N1
"沼
sample words:
田沼時代
沼落ち
沼田",ぬま,"沼:swamp, bog, pond, lake
田沼時代(たぬまじだい):Tanuma period (1767-1786)
沼落ち(ぬまおち):becoming addicted to; becoming obsessed with (a T..
沼田(ぬまた):marshy rice field or paddy",Jouyou. JLPT : N1
"洞
sample words:
洞窟熊
洞井守
溶岩洞穴",ほら,"洞:cave, den, excavation
洞窟熊(ほらあなぐま):cave bear (extinct, Ursus spelaeus)
洞井守(ほらいもり):olm (Proteus anguinus)
溶岩洞穴(ようがんほらあな):lava cave",Jouyou. JLPT : N1
"浜
sample words:
浜っ子
浜べ
浜辺葡萄",はま,"浜:beach, seashore; fishing village
浜っ子(はまっこ):native of Yokohama
浜べ(はまべ):beach; foreshore
浜辺葡萄(はまべぶどう):baygrape; sea grape (Coccoloba uvifera)",Jouyou. JLPT : N1
"浦
sample words:
浦路
浦島草
浦辺",うら,"浦:creek, inlet; bay, gulf; beach, seacoast
浦路(うらじ):coastal road
浦島草(うらしまそう):Arisaema urashima (species of cobra lily)
浦辺(うらべ):seacoast",Jouyou. JLPT : N1
"渦
sample words:
渦糸
渦潮
渦巻く",うず,"渦:eddy, whirlpool, vortex
渦糸(うずいと):vortex line; vortex filament
渦潮(うずしお):whirling tides
渦巻く(うずまく):to swirl; to surge; to sweep; to eddy; to curl (s..",Jouyou. JLPT : N1
"溝
sample words:
畝溝
大葉溝酸漿
き溝",みぞ,"溝:ditch, gutter, drain; groove, slot; gulf, gap
畝溝(うねみぞ):furrow ridges
大葉溝酸漿(おおばみぞほおずき):plant native to eastern Russia and Hokkaido (Mimu.
き溝(きみぞ):keyway",Jouyou. JLPT : N1
"滝
sample words:
雄滝
小滝
滝に打たれる",たき,"滝:waterfall; rapids, cascade
雄滝(おだき):greater waterfall (of the two)
小滝(こだき):small waterfall; cascade
滝に打たれる(たきにうたれる):to stand under a waterfall (as spiritual training.",Jouyou. JLPT : N1
"漆
sample words:
漆絵
漆塗り",うるし,"漆:lacquer, varnish
漆絵(うるしえ):a lacquer painting
漆塗り(うるしぬり):lacquering; lacquer ware",Jouyou. JLPT : N1
"瀬
sample words:
五十瀬
浮かぶ瀬
潮瀬",せ,"瀬:current, torrent, rapids, shallows, shoal
五十瀬(いせ):many rapids; many torrents
浮かぶ瀬(うかぶせ):lucky break; chance; opportunity
潮瀬(しおせ):sea current",Jouyou. JLPT : N1
"炎
sample words:
氷と炎の歌
嫉妬の炎
瞋恚の炎",ほのお,"炎:flame, blaze
氷と炎の歌(こおりとほのおのうた):A Song of Ice and Fire (series of fantasy novels .
嫉妬の炎(しっとのほのお):flames of jealousy
瞋恚の炎(しんいのほのお):flames of rage; intense antipathy (like a blazing.",Jouyou. JLPT : N1
"為
sample words:
その為
誰が為に
為にする",ため,"為:change; be of use; reach to
その為(そのため):hence; for that reason
誰が為に(たがために):for whom
為にする(ためにする):to have an axe to grind; to have an ulterior moti.",Jouyou. JLPT : N1
"熊
sample words:
あめりか熊
熊狩り
熊啄木鳥",くま,"熊:bear
あめりか熊(あめりかぐま):American black bear (Ursus americanus)
熊狩り(くまがり):bear hunting
熊啄木鳥(くまげら):black woodpecker (Dryocopus martius)",Jouyou. JLPT : N1
"狩
sample words:
狩子
狩り込み
狩り小屋",かり,"狩:hunt. hunting; raiding; gathering (mushrooms); vi.
狩子(かりこ):beater (on a hunt)
狩り込み(かりこみ):roundup
狩り小屋(かりごや):hunting lodge",Jouyou. JLPT : N1
"猶
sample words:
猶あらじ
猶も
猶良い",なお,"猶:further, furthermore, still, still more, yet; jus.
猶あらじ(なおあらじ):shall not finish like this; must not be concluded.
猶も(なおも):as ever; still (continuing); further
猶良い(なおよい):even better; still better",Jouyou. JLPT : N1
"猿
sample words:
お猿さん
こいば吠猿
虚仮猿",さる,"猿:monkey, ape; minic; sly person; door bolt; fasten.
お猿さん(おさるさん):monkey
こいば吠猿(こいばほえざる):Coiba Island howler (Alouatta coibensis)
虚仮猿(こけざる):foolish monkey",Jouyou. JLPT : N1
"獣
sample words:
獣の数字
獣偏
獣道",けもの,"獣:animal, beast
獣の数字(けもののすうじ):666; Number of the Beast
獣偏(けものへん):kanji 'dog' or 'animal' radical at left
獣道(けものみち):game trail; animal trail",Jouyou. JLPT : N1
"珠
sample words:
掌中の珠
珠貝
珠に瑕",たま,"珠:gem, jewel
掌中の珠(しょうちゅうのたま):one's jewel; apple of one's eye
珠貝(たまがい):moon snail (Naticidae spp.); Marten's pearl oyste..
珠に瑕(たまにきず):only trouble; only fault; small flaw in otherwise.",Jouyou. JLPT : N1
"琴
sample words:
小琴
琴柱
須磨琴",こと,"琴:long horizontal Japanese harp, a koto; lyre
小琴(おごと):koto (usu. small)
琴柱(ことじ):bridge of a koto
須磨琴(すまごと):single-stringed Japanese zither",Jouyou. JLPT : N1
"癖
sample words:
癖毛
癖して
癖のある",くせ,"癖:habit, peculiality, vice, trait, fault; curl, kin.
癖毛(くせげ):frizzy hair; unruly hair; curly hair; kinky hair
癖して(くせして):in spite of; when; and yet; though
癖のある(くせのある):quirky; idiosyncratic",Jouyou. JLPT : N1
"盾
sample words:
盾座
盾つく
盾に取る",たて,"盾:shield, buckler, escutcheon; pretext
盾座(たてざ):Scutum (constellation); the Shield
盾つく(たてつく):to resist; to defy; to rebel against; to disobey;.
盾に取る(たてにとる):to use as a shield; to use as grounds (for); to s..",Jouyou. JLPT : N1
"眉
sample words:
描き眉
美眉
眉かっと",まゆ,"眉:eyebrow
描き眉(かきまゆ):pencilled eyebrows; painted eyebrows
美眉(びまゆ):beautiful eyebrows
眉かっと(まゆかっと):eyebrow trimming",Jouyou. JLPT : N1
"瞳
sample words:
瞳を凝らす
君の瞳に乾杯",ひとみ,"瞳:pupil of the eye
瞳を凝らす(ひとみをこらす):to strain one's eyes; to stare
君の瞳に乾杯(きみのひとみにかんぱい):here's looking at you, kid; cheers to your eyes",Jouyou. JLPT : N1
"礎
sample words:
礎を築く",いしずえ,"礎:foundation stone, cornerstone
礎を築く(いしずえをきずく):to lay the foundation (for)",Jouyou. JLPT : N1
"禍
sample words:
口は禍の元
口は禍の門
禍する",わざわい,"禍:calamity, misfortune
口は禍の元(くちはわざわいのもと):words can lead to disaster; the more you open you..
口は禍の門(くちはわざわいのもん):the more you open your mouth the more likely you ..
禍する(わざわいする):to be one's ruin; to bring about a bad outcome; t..",Jouyou. JLPT : N1
"稲
sample words:
あふりか稲
稲科
稲げのむ",いね,"稲:rice plant
あふりか稲(あふりかいね):African rice (Oryza glaberrima)
稲科(いねか):Gramineae; Poaceae (family comprising the true gr.
稲げのむ(いねげのむ):rice genome",Jouyou. JLPT : N1
"穂
sample words:
花穂
高千穂大学
垂り穂",ほ,"穂:ear, head (of grain); crest (of waves)
花穂(かほ):spike
高千穂大学(たかちほだいがく):Takachiho University
垂り穂(たりほ):drooping ears (of grain)",Jouyou. JLPT : N1
"窯
sample words:
石窯ぴざ
窯出し
窯場",かま,"窯:kiln, oven, furnace, stove
石窯ぴざ(いしがまぴざ):brick-oven pizza; wood-fired pizza
窯出し(かまだし):removing pots from kiln
窯場(かまば):kiln-equipped pottery workshop",Jouyou. JLPT : N1
"竜
sample words:
竜頭
竜の落し子
竜の口",たつ,"竜:dragon
竜頭(たつがしら):something in the shape of a dragon's head (esp. a.
竜の落し子(たつのおとしご):seahorse; sea horse
竜の口(たつのくち):gutter spout; dragon-head gargoyle",Jouyou. JLPT : N1
"端
sample words:
上り端
出端
出端を折る",はな,"端:end, tip; edge, border, one side; corner; beginni.
上り端(あがりはな):entrance (i.e. of a Japanese house); start of a r.
出端(ではな):start; outset; beginning; (on the) point of going..
出端を折る(ではなをおる):to take the wind out of someone's sails; to kill .",Jouyou. JLPT : N1
"端
sample words:
崖端歩き
端から
端からみる",はた,"端:end, tip; edge, border, one side; corner; beginni.
崖端歩き(がけばたあるき):taking unnecessary risks; precipice walking
端から(はたから):from outside; from the side
端からみる(はたからみる):to be seen from the point of view of an onlooker",Jouyou. JLPT : N1
"端
sample words:
端居
端っこ
端なくも",はし,"端:end, tip; edge, border, one side; corner; beginni.
端居(はしい):sitting on a veranda
端っこ(はしっこ):edge; end; tip
端なくも(はしなくも):unexpectedly; by chance or accident",Jouyou. JLPT : N1
"粋
sample words:
粋がる
粋ぶる
不粋",いき,"粋:chic, style
粋がる(いきがる):to put on airs; to try to appear smart; to act br.
粋ぶる(いきぶる):to be pretentious; to act brave; to put on airs; .
不粋(ぶいき):unrefined; vulgar",Jouyou. JLPT : N1
"紫
sample words:
江戸紫
濃紫
紫がかった",むらさき,"紫:purple, violet; soy sauce
江戸紫(えどむらさき):royal purple; bluish-violet
濃紫(こむらさき):dark purple
紫がかった(むらさきがかった):purply; purplish; tinged with purple",Jouyou. JLPT : N1
"綱
sample words:
井戸綱
綱締め
綱麻",つな,"綱:rope, cord, string, line, hawser, cable; morality
井戸綱(いどづな):well rope
綱締め(つなしめ):putting on the tsuna
綱麻(つなそ):jute",Jouyou. JLPT : N1
"網
sample words:
網胃
地曳き網漁
手繰り網",あみ,"網:net, netting
網胃(あみい):reticulum
地曳き網漁(じびきあみりょう):dragnet fishing; seine fishing (usu. from the bea.
手繰り網(てぐりあみ):dragnet",Jouyou. JLPT : N1
"縁
sample words:
額縁しょ
角縁の眼鏡
額縁舞台",ふち,"縁:edge, verge, shore, side, brink, margin, brim, ri.
額縁しょ(がくぶちしょ):picture-frame show; Showa-era stage show in which..
角縁の眼鏡(かくぶちのめがね):bop glasses; horn-rimmed glasses
額縁舞台(がくぶちぶたい):proscenium stage",Jouyou. JLPT : N1
"縄
sample words:
縄抜け
縄べっど
縄を掛ける",なわ,"縄:rope, cord
縄抜け(なわぬけ):escaping
縄べっど(なわべっど):charpai (woven bed); charpoy; charpai bed
縄を掛ける(なわをかける):to arrest; to bind (a criminal) with rope; to bin.",Jouyou. JLPT : N1
"翁
sample words:
翁恵比須
翁戎貝
翁貝",おきな,"翁:old man, venerable
翁恵比須(おきなえびす):Beyrich's slit shell (species of sea snail, Pleur.
翁戎貝(おきなえびすがい):Beyrich's slit shell (species of sea snail, Pleur.
翁貝(おきながい):lantern shell",Jouyou. JLPT : N1
"翼
sample words:
片翼
翼沙魚
翼を張る",つばさ,"翼:wings
片翼(かたつばさ):single wing; one wing
翼沙魚(つばさはぜ):loach goby (Rhyacichthys aspro)
翼を張る(つばさをはる):to spread (one's) wings",Jouyou. JLPT : N1
"肝
sample words:
肝を据える
度肝",きも,"肝:liver, pluck, courage, nerve
肝を据える(きもをすえる):to do with determination
度肝(どぎも):pluck; nerve; guts; spirit",Jouyou. JLPT : N1
"脚
sample words:
脚がある
脚刳り
脚荷",あし,"脚:foot; leg; paw; flipper, tentacles, arms; walk, s..
脚がある(あしがある):to be a good runner; to be able to get around; to.
脚刳り(あしぐり):leg opening (in panties, swimsuits, etc.)
脚荷(あしに):ballast (for a ship)",Jouyou. JLPT : N1
"艶
sample words:
毛艶
艶金
艶消し硝子",つや,"艶:gloss, luster, glaze, polish, brightness; charm, .
毛艶(けづや):glossy fur; glossy coat (on an animal); glossy ha.
艶金(つやきん):Tsuyakin
艶消し硝子(つやけしがらす):frosted glass",Jouyou. JLPT : N1
"芋
sample words:
芋茎
芋茎
芋掘り坊主",いも,"芋:potato
芋茎(いもし):dried taro stem
芋茎(いもじ):dried taro stem
芋掘り坊主(いもほりぼうず):ignorant monk; potato-digging monk; uneducated mo.",Jouyou. JLPT : N1
"芝
sample words:
歌舞伎芝居
芝居
芝居気",しば,"芝:lawn, sod, turf
歌舞伎芝居(かぶきしばい):kabuki play
芝居(しばい):play; drama
芝居気(しばいぎ):theatrical",Jouyou. JLPT : N1
"苗
sample words:
早苗
早苗月
早苗鳥",なえ,"苗:seedling, sapling, shoot
早苗(さなえ):rice seedling
早苗月(さなえづき):fifth lunar month
早苗鳥(さなえどり):lesser cuckoo (Cuculus poliocephalus)",Jouyou. JLPT : N1
"茎
sample words:
歯茎
歯茎音
歯歯茎音",くき,"茎:stem, stalk
歯茎(はぐき):gums; gingiva
歯茎音(はぐきおん):alveolar consonant
歯歯茎音(ははぐきおん):denti-alveolar consonant",Jouyou. JLPT : N1
"華
sample words:
華がない
華鮫
華やぐ",はな,"華:flower
華がない(はながない):lacking charm; uninteresting; unappealing
華鮫(はなざめ):long-nose grey shark; spinner shark (Carcharhinus.
華やぐ(はなやぐ):to become brilliant; to become cheerful",Jouyou. JLPT : N1
"薪
sample words:
薪小屋
薪すとぶ
薪割",まき,"薪:firewood, kindling, fuel
薪小屋(まきごや):woodshed
薪すとぶ(まきすとぶ):wood-burning stove; wood stove
薪割(まきわり):axe; wood-chopping; hatchet; wood-splitting",Jouyou. JLPT : N1
"藍
sample words:
藍染芝生茸
藍屋
いんど藍",あい,"藍:indigo (blue); indigo plant
藍染芝生茸(あいぞめしばふたけ):Psilocybe subcaerulipes (species of psychoactive .
藍屋(あいや):indigo dyer
いんど藍(いんどあい):indigo",Jouyou. JLPT : N1
"藤
sample words:
支那藤
藤色
藤田すける",ふじ,"藤:wisteria
支那藤(しなふじ):Chinese wisteria (Wisteria sinensis)
藤色(ふじいろ):light purple
藤田すける(ふじたすける):Fujita scale (of tornado intensity); F-scale",Jouyou. JLPT : N1
"藻
sample words:
大かなだ藻
かなだ藻
玉藻",も,"藻:duckweed, seaweed
大かなだ藻(おおかなだも):Brazilian elodea (Egeria densa)
かなだ藻(かなだも):waterweed (any aquatic plant of genus Elodea, esp.
玉藻(たまも):seaweed",Jouyou. JLPT : N1
"虎
sample words:
虎蛾
虎斑
虎斑木菟",とら,"虎:tiger, drunkard
虎蛾(とらが):Chelonomorpha japona (species of owlet moth)
虎斑(とらふ):tiger stripes
虎斑木菟(とらふずく):long-eared owl (Asio otus); northern long-eared o.",Jouyou. JLPT : N1
"虹
sample words:
過剰虹
主虹
夕虹",にじ,"虹:rainbow
過剰虹(かじょうにじ):supernumerary rainbow
主虹(しゅにじ):primary rainbow
夕虹(ゆうにじ):evening rainbow",Jouyou. JLPT : N1
"蚊
sample words:
蚊取り
蚊火
蚊屋",か,"蚊:mosquito
蚊取り(かとり):mosquito repellent
蚊火(かび):smoky fire to repel mosquitoes
蚊屋(かや):mosquito net",Jouyou. JLPT : N1
"蛇
sample words:
がらがら蛇
蛇穴に入る
蛇革",へび,"蛇:snake
がらがら蛇(がらがらへび):rattlesnake
蛇穴に入る(へびあなにいる):snake hibernation
蛇革(へびがわ):snakeskin",Jouyou. JLPT : N1
"蛍
sample words:
蛍藺
蛍烏賊
蛍火",ほたる,"蛍:firefly
蛍藺(ほたるい):Scirpus hotarui (species of bulrush)
蛍烏賊(ほたるいか):firefly squid (Watasenia scintillans); sparkling .
蛍火(ほたるび):embers; glow of a firefly; nearly extinguished fi.",Jouyou. JLPT : N1
"裸
sample words:
裸えぷろん
裸になる
裸火",はだか,"裸:naked body, nude; uncovered, only partially cloth..
裸えぷろん(はだかえぷろん):being nude except for an apron; wearing nothing b.
裸になる(はだかになる):to take off one's clothes; to undress
裸火(はだかび):naked flame; naked light",Jouyou. JLPT : N1
"襟
sample words:
裏襟
襟髪
襟首を掴む",えり,"襟:neck, neckband, collar, lapel
裏襟(うらえり):neckband lining
襟髪(えりがみ):scruff of neck
襟首を掴む(えりくびをつかむ):to collar (someone); to grab (someone) by the scr.",Jouyou. JLPT : N1
"豚
sample words:
いべりこ豚
小豚
豚小屋",ぶた,"豚:pig, hog, swine
いべりこ豚(いべりこぶた):black Iberian pig
小豚(こぶた):piglet
豚小屋(ぶたごや):pigsty",Jouyou. JLPT : N1
"趣
sample words:
趣のある
趣深い",おもむき,"趣:import, meaning, contents. tenor, gist; tone, tou.
趣のある(おもむきのある):tasteful; refined; charming; elegant; attractive
趣深い(おもむきぶかい):tasteful; elegant; enchanting; charming; refined",Jouyou. JLPT : N1
"跡
sample words:
跡地
跡付ける
跡目",あと,"跡:mark, print, impression; trace, track, trail; wak.
跡地(あとち):site (e.g. of a demolished building); former site.
跡付ける(あとづける):to trace; to inquire into
跡目(あとめ):headship of a family; family property",Jouyou. JLPT : N1
"邪
sample words:
邪まな心",よこしま,"邪:injustice, unrighteousness, wickedness
邪まな心(よこしまなこころ):evil heart",Jouyou. JLPT : N1
"酢
sample words:
お酢
生酢
胡麻酢",す,"酢:vinegar
お酢(おす):vinegar
生酢(きず):pure vinegar; unadulterated vinegar
胡麻酢(ごまず):sesame vinegar",Jouyou. JLPT : N1
"釣
sample words:
釣餌
釣り下がる
釣りに行く",つり,"釣:angle, fish, catch; decoy, allure
釣餌(つりえ):bait (for fishing)
釣り下がる(つりさがる):to hang down; to dangle
釣りに行く(つりにいく):to go fishing",Jouyou. JLPT : N1
"鈴
sample words:
馬の鈴草
熊鈴
鈴懸の木",すず,"鈴:bell
馬の鈴草(うまのすずくさ):birthwort (Aristolochia debilis)
熊鈴(くますず):bear bell
鈴懸の木(すずかけのき):plane tree (esp. the Oriental plane, Platanus ori.",Jouyou. JLPT : N1
"鉛
sample words:
あじ化鉛
うらん鉛法
くろむ酸鉛",なまり,"鉛:lead(metal)
あじ化鉛(あじかなまり):lead azide
うらん鉛法(うらんなまりほう):uranium-lead method
くろむ酸鉛(くろむさんなまり):lead chromate (PbCrO4)",Jouyou. JLPT : N1
"錦
sample words:
錦絵
錦川清流線
錦木",にしき,"錦:brocade; fine dress; honors
錦絵(にしきえ):multi-colour woodblock print; nishiki-e
錦川清流線(にしきがわせいりゅうせん):Nishikigawa Seiryu Line
錦木(にしきぎ):burning bush; winged euonymus; winged spindle-tre.",Jouyou. JLPT : N1
"鎌
sample words:
鎌入れ
鎌尾根
鎌倉彫り",かま,"鎌:sickle, scythe; trick
鎌入れ(かまいれ):harvesting
鎌尾根(かまおね):arete; sharp ridge
鎌倉彫り(かまくらぼり):carvings of the Kamakura style",Jouyou. JLPT : N1
"鎖
sample words:
あすぷ鎖蛇
鎖編み
鎖付図書",くさり,"鎖:chain; irons; connection
あすぷ鎖蛇(あすぷくさりへび):asp viper (Vipera aspis)
鎖編み(くさりあみ):chain stitch
鎖付図書(くさりつきとしょ):library where the books are attached to their boo.",Jouyou. JLPT : N1
"鐘
sample words:
鐘撞
鐘を突く
除夜の鐘",かね,"鐘:bell, gong, chimes, carillon
鐘撞(かねつき):ringing of a bell; bell ringer
鐘を突く(かねをつく):to strike a bell
除夜の鐘(じょやのかね):temple bell rung 108 times on New Year's Eve",Jouyou. JLPT : N1
"陰
sample words:
陰付け処理
陰で
陰に日に",かげ,"陰:darken; cloud up; be obscured; shade; back; (your.
陰付け処理(かげつけしょり):shading
陰で(かげで):behind one's back
陰に日に(かげにひに):at any time; at all times; in rain or shine; reli.",Jouyou. JLPT : N1
"隣
sample words:
隣合う
隣付き合い
真隣",となり,"隣:adjoin, nextdoor neighbor, adjoining
隣合う(となりあう):to sit side by side; to adjoin each other
隣付き合い(となりづきあい):neighborly relations; neighbourly relations
真隣(まとなり):immediately adjacent",Jouyou. JLPT : N1
"雄
sample words:
雄犬
雄馬
雄こねくた",おす,"雄:male
雄犬(おすいぬ):male dog
雄馬(おすうま):male horse
雄こねくた(おすこねくた):male connector",Jouyou. JLPT : N1
"雄
sample words:
雄鳥
雄馬",おん,"雄:male
雄鳥(おんどり):cock; chanticleer; rooster
雄馬(おんま):male horse",Jouyou. JLPT : N1
"雌
sample words:
雌犬
雌こねくた
雌猫",めす,"雌:female
雌犬(めすいぬ):bitch; female dog
雌こねくた(めすこねくた):female connector
雌猫(めすねこ):female cat",Jouyou. JLPT : N1
"雌
sample words:
雌鶏",めん,"雌:female
雌鶏(めんどり):hen; female bird",Jouyou. JLPT : N1
"雷
sample words:
雷が落ちる
雷が鳴る
雷さじ",かみなり,"雷:thunder
雷が落ちる(かみなりがおちる):to be scolded harshly; to be yelled at (by someon.
雷が鳴る(かみなりがなる):to thunder
雷さじ(かみなりさじ):lightning surge",Jouyou. JLPT : N1
"雷
sample words:
雷雲",いかずち,"雷:thunder
雷雲(いかずちぐも):thundercloud",Jouyou. JLPT : N1
"霊
sample words:
御霊屋
蚕霊
言霊思想",たま,"霊:soul, spirit
御霊屋(おたまや):mausoleum
蚕霊(こだま):guardian deity of silkworms
言霊思想(ことだましそう):belief that reality is affected by the spoken wor..",Jouyou. JLPT : N1
"霜
sample words:
霜がおりる
霜枯れる
霜解け",しも,"霜:frost
霜がおりる(しもがおりる):to become covered with frost; to become frosty; t.
霜枯れる(しもがれる):to be withered or nipped by frost
霜解け(しもどけ):thawing; thaw",Jouyou. JLPT : N1
"霧
sample words:
霧深い
霧吹き
狭霧",きり,"霧:mist, fog, spray
霧深い(きりぶかい):foggy; misty
霧吹き(きりふき):atomizer; atomiser; vaporizer; sprayer; spraying
狭霧(さぎり):mist; fog",Jouyou. JLPT : N1
"露
sample words:
露知らず
露に濡れた
露の間",つゆ,"露:dew; dewdrops; tears; mortality, flimsiness; (wit.
露知らず(つゆしらず):without the slightest idea (that); not knowing at.
露に濡れた(つゆにぬれた):dewy; wet with dew
露の間(つゆのま):instant",Jouyou. JLPT : N1
"駒
sample words:
小駒
駒落ち
駒座",こま,"駒:horse; colt, pony; chessman; frame (of a film); b.
小駒(こごま):minor piece
駒落ち(こまおち):handicap
駒座(こまざ):Equuleus (constellation); the Colt",Jouyou. JLPT : N1
"鬼
sample words:
鬼ごっこ
鬼のように
鬼歯",おに,"鬼:devil, demon, ghost; spirits of the dead; fiend; .
鬼ごっこ(おにごっこ):tag (children's game); tig
鬼のように(おにのように):like the devil; extremely; as a demon; very
鬼歯(おにば):protruding tooth (like a fang)",Jouyou. JLPT : N1
"魂
sample words:
死せる魂
魂不死説
面魂",たましい,"魂:soul, spirit
死せる魂(しせるたましい):Dead Souls (novel by Gogol); Myortvye dushi
魂不死説(たましいふしせつ):(theory of) the immortality of the soul
面魂(つらだましい):determined expression; fierce or defiant look; pl.",Jouyou. JLPT : N1
"鯨
sample words:
鯨取り
仔鯨
小背美鯨",くじら,"鯨:whale
鯨取り(くじらとり):whaling
仔鯨(こくじら):whale calf
小背美鯨(こせみくじら):pygmy right whale (Caperea marginata)",Jouyou. JLPT : N1
"鶏
sample words:
巣鶏
鶏がらすぷ
鶏みんち",とり,"鶏:chicken
巣鶏(すどり):setting hen
鶏がらすぷ(とりがらすぷ):chicken soup; chicken broth
鶏みんち(とりみんち):ground chicken; minced chicken",Jouyou. JLPT : N1
"鶏
sample words:
鶏小屋",にわとり,"鶏:chicken
鶏小屋(にわとりごや):chicken coop; henhouse",Jouyou. JLPT : N1
"鶴
sample words:
かなだ鶴
鶴科
鶴座",つる,"鶴:crane, stork
かなだ鶴(かなだづる):sandhill crane (Grus canadensis)
鶴科(つるか):Gruidae (bird family comprising the cranes)
鶴座(つるざ):the Crane; Grus (constellation)",Jouyou. JLPT : N1
"鹿
sample words:
仔鹿
鹿爪らしい
ふぁろ鹿",しか,"鹿:deer
仔鹿(こじか):fawn
鹿爪らしい(しかつめらしい):grave; formal; stern; stiff; solemn; pompous
ふぁろ鹿(ふぁろじか):fallow deer",Jouyou. JLPT : N1
"鹿
sample words:
鹿子
鹿子
小馬鹿",か,"鹿:deer
鹿子(かこ):fawn; deer
鹿子(かご):fawn; deer
小馬鹿(こばか):someone beneath one's contempt; fool",Jouyou. JLPT : N1
"麻
sample words:
麻裏草履
麻綱
麻縄",あさ,"麻:flax, hemp, ramie, jute, linen
麻裏草履(あさうらぞうり):hemp-soled sandals
麻綱(あさづな):hemp rope
麻縄(あさなわ):hemp rope",Jouyou. JLPT : N1
"亀
sample words:
阿亀
亀の子縛り
亀の子束子",かめ,"亀:turtle, tortoise
阿亀(おかめ):homely woman (esp. one with a small low nose, hig...
亀の子縛り(かめのこしばり):tieing up (e.g. a prisoner) with a criss-cross ro.
亀の子束子(かめのこたわし):tortoise-shaped scrubbing brush (from company nam.",Jouyou. JLPT : N1
"玉
sample words:
しゃぼん玉
玉菜
玉藻",たま,"玉:ball, bowl, sphere, bulb; lens; gem, jewel, bulle..
しゃぼん玉(しゃぼんだま):soap bubble
玉菜(たまな):cabbage
玉藻(たまも):seaweed",Jouyou. JLPT : N2
"竹
sample words:
竹馬に乗る
竹切れ
竹簀",たけ,"竹:bamboo; bamboo wind instrument
竹馬に乗る(たけうまにのる):to walk on stilts
竹切れ(たけぎれ):bamboo chip
竹簀(たけす):bamboo screen or blind",Jouyou. JLPT : N2
"糸
sample words:
亜麻糸
糸屋
織り糸",いと,"糸:thread, yarn; gut; string (of a violin); (fish) l.
亜麻糸(あまいと):flax yarn
糸屋(いとや):yarn seller
織り糸(おりいと):strand",Jouyou. JLPT : N2
"虫
sample words:
でで虫
でんでん虫
虫気",むし,"虫:worm, vermin, bug, insect; temper; nervousness, p.
でで虫(ででむし):snail
でんでん虫(でんでんむし):snail
虫気(むしけ):nervous weakness",Jouyou. JLPT : N2
"貝
sample words:
貝ぼたん
胡麻斑玉貝
稚貝",かい,"貝:shell, shellfish
貝ぼたん(かいぼたん):mother-of-pearl button
胡麻斑玉貝(ごまふたまがい):tiger moon shell (Natica tigrina)
稚貝(ちがい):shellfish fry",Jouyou. JLPT : N2
"丸
sample words:
でたの丸め
丸木
丸ぺん",まる,"丸:full (month); perfection; purity; the ship-name s....
でたの丸め(でたのまるめ):data rounding
丸木(まるき):log
丸ぺん(まるぺん):mapping pen",Jouyou. JLPT : N2
"公
sample words:
公所
公にする
公の施設",おおやけ,"公:public, open; official, governmental; formal
公所(おおやけどころ):imperial court; government office; government lan.
公にする(おおやけにする):to make public
公の施設(おおやけのしせつ):public facility",Jouyou. JLPT : N2
"寺
sample words:
御寺
お寺さん
寺から里へ",てら,"寺:temple
御寺(おてら):temple; monk
お寺さん(おてらさん):monk
寺から里へ(てらからさとへ):putting the cart before the horse",Jouyou. JLPT : N2
"戸
sample words:
井戸
江戸語
がらす戸",と,"戸:door
井戸(いど):water well
江戸語(えどご):Edo dialect
がらす戸(がらすど):glass door",Jouyou. JLPT : N2
"星
sample words:
図星
星を落とす
目星",ほし,"星:star; spot, dot, mark; bull's eye; one's fortune;.
図星(ずぼし):bull's-eye; the mark
星を落とす(ほしをおとす):to lose
目星(めぼし):aim; objective; mark",Jouyou. JLPT : N2
"毛
sample words:
毛だらけ
毛の生えた
毛ばたき",け,"毛:hair, fur, feather, down
毛だらけ(けだらけ):hairy; furry
毛の生えた(けのはえた):a bit better than; not much more than; not much d.
毛ばたき(けばたき):feather duster",Jouyou. JLPT : N2
"岩
sample words:
赤足岩鷓鴣
岩根
岩間",いわ,"岩:rock, crag; reef
赤足岩鷓鴣(あかあしいわしゃこ):red-legged partridge (Alectoris rufa)
岩根(いわね):rock
岩間(いわま):among rocks",Jouyou. JLPT : N2
"羽
sample words:
一羽
音羽屋
柏崎刈羽",わ,"羽:feather; plumage, wing; blade, paddle, fan
一羽(いちわ):one (bird)
音羽屋(おとわや):Otowaya (stage name of a kabuki family)
柏崎刈羽(かしさきかりわ):Kashiwazaki Kariwa",Jouyou. JLPT : N2
"羽
sample words:
尾羽
毛羽だつ
手羽",は,"羽:feather; plumage, wing; blade, paddle, fan
尾羽(おは):tail and feathers
毛羽だつ(けばだつ):to become fluffy
手羽(てば):chicken wing",Jouyou. JLPT : N2
"角
sample words:
枝角
角書き
角胡麻",つの,"角:corner, angle; edge; angularity; harshness; horn,.
枝角(えだつの):antler
角書き(つのがき):two-line subtitle
角胡麻(つのごま):unicorn-plant (Proboscidea louisianica); devil's .",Jouyou. JLPT : N2
"角
sample words:
角が取れる
角地
角っこ",かど,"角:corner, angle; edge; angularity; harshness; horn,.
角が取れる(かどがとれる):to become softened by maturity; to mellow
角地(かどち):corner lot
角っこ(かどっこ):edge; corner",Jouyou. JLPT : N2
"谷
sample words:
気圧の谷
死の谷
真宗大谷派",たに,"谷:valley, dale, ravine; trough (of a wave); trough .
気圧の谷(きあつのたに):low pressure trough
死の谷(しのたに):valley of death (barrier between product developm.
真宗大谷派(しんしゅうおおたには):Otani sect of Shinshu",Jouyou. JLPT : N2
"雲
sample words:
おるとの雲
かなとこ雲
雲子",くも,"雲:cloud
おるとの雲(おるとのくも):Oort cloud
かなとこ雲(かなとこぐも):anvil cloud
雲子(くもこ):cod roe; cod milt",Jouyou. JLPT : N2
"麦
sample words:
押し割り麦
おと麦
小麦",むぎ,"麦:wheat, barley, oats, rye
押し割り麦(おしわりむぎ):pressed barley
おと麦(おとむぎ):oats
小麦(こむぎ):wheat",Jouyou. JLPT : N2
"坂
sample words:
坂田鮫
坂豚
坂道",さか,"坂:incline, slope, hill
坂田鮫(さかたざめ):yellow guitarfish (Rhinobatos schlegelii)
坂豚(さかぶた):soccer fan
坂道(さかみち):hill road",Jouyou. JLPT : N2
"岸
sample words:
彼の岸
岸辺",きし,"岸:bank, shore, coast, brink
彼の岸(かのきし):nirvana
岸辺(きしべ):bank (of a body of water); shore",Jouyou. JLPT : N2
"島
sample words:
島土禰利古
千島
八島",しま,"島:island
島土禰利古(しまとねりこ):Himalayan ash (Fraxinus griffithii); Griffith's a.
千島(ちしま):Kurile Islands
八島(やしま):Japan",Jouyou. JLPT : N2
"庫
sample words:
庫入れ
庫出し",くら,"庫:storehouse
庫入れ(くらいれ):storing in a warehouse; warehousing
庫出し(くらだし):delivery (of goods from a storehouse); releasing .",Jouyou. JLPT : N2
"板
sample words:
板子
板さん
板戸",いた,"板:board, plank; planking; plate, sheet; the stage
板子(いたご):ship plank
板さん(いたさん):cook
板戸(いたど):wooden door",Jouyou. JLPT : N2
"柱
sample words:
天の御柱
茶柱が立つ
継ぎ柱",はしら,"柱:pillar, column, post, pole; support, prop, stay; .
天の御柱(あまのみはしら):Ama no Mihashira; the heavenly pillar on Onokoro ..
茶柱が立つ(ちゃばしらがたつ):a tea stalk floats upright in one's cup (consider.
継ぎ柱(つぎばしら):spliced pole (building, electrical)",Jouyou. JLPT : N2
"根
sample words:
刈り根
根っ木打ち
根を下ろす",ね,"根:root; base (of a hill); head (of a boil); origin;.
刈り根(かりね):stubble
根っ木打ち(ねっきうち):children's game in which a wooden stick driven in.
根を下ろす(ねをおろす):to take root",Jouyou. JLPT : N2
"橋
sample words:
石橋美術館
木橋
土橋",はし,"橋:bridge
石橋美術館(いしばしびじゅつかん):Ishibashi Museum of Art
木橋(きばし):wooden bridge
土橋(どばし):earthen bridge",Jouyou. JLPT : N2
"氷
sample words:
魚氷に上る
角氷
氷あんか",こおり,"氷:ice; shaved ice. hail
魚氷に上る(うおこおりにのぼる):third climate of spring (when the ice breaks and .
角氷(かくごおり):ice cube
氷あんか(こおりあんか):ice anchor",Jouyou. JLPT : N2
"油
sample words:
油画
油さし
油ぺいんと",あぶら,"油:oil
油画(あぶらえ):oil painting
油さし(あぶらさし):oilcan
油ぺいんと(あぶらぺいんと):oil paint",Jouyou. JLPT : N2
"波
sample words:
入り波
津波
波路",なみ,"波:wave, billows
入り波(いりなみ):incoming wave
津波(つなみ):tsunami; tidal wave
波路(なみじ):sea route",Jouyou. JLPT : N2
"湖
sample words:
白鳥の湖",みずうみ,"湖:lake
白鳥の湖(はくちょうのみずうみ):Swan Lake (ballet)",Jouyou. JLPT : N2
"湯
sample words:
御湯
湯水のように
微温湯につかる",ゆ,"湯:hot water, hot bath, hot spring
御湯(おゆ):hot water; hot bath
湯水のように(ゆみずのように):like water; like it grows on trees
微温湯につかる(ぬるまゆにつかる):to be relaxed; to be comfortable; to be easy; to .",Jouyou. JLPT : N2
"炭
sample words:
活け炭
木炭
炭火",すみ,"炭:charcoal
活け炭(いけずみ):banked fire; live charcoal banked up and covered .
木炭(きずみ):charcoal
炭火(すみび):charcoal fire",Jouyou. JLPT : N2
"皮
sample words:
皮具
背皮
ぱい皮",かわ,"皮:skin; hide; leather; fur, pelt; bark; peeling, hu.
皮具(かわぐ):leather goods
背皮(せがわ):back of a leatherbound book
ぱい皮(ぱいがわ):pie crust",Jouyou. JLPT : N2
"皿
sample words:
受皿となる
お皿
菓子皿",さら,"皿:dish; a helping; a course
受皿となる(うけざらとなる):to host; to act as a receptacle; to take on; to r.
お皿(おさら):dish; plate
菓子皿(かしざら):cake dish",Jouyou. JLPT : N2
"祭
sample words:
夜祭
だんじり祭り",まつり,"祭:offer prayers; celebrate; deify; enshrine; worshi.
夜祭(よまつり):night festival
だんじり祭り(だんじりまつり):cart-pulling festival; danjiri festival",Jouyou. JLPT : N2
"筆
sample words:
絵筆
筆付き
筆に任せる",ふで,"筆:writing brush, paintbrush; writing, drawing, pain..
絵筆(えふで):paintbrush
筆付き(ふでつき):brushwork
筆に任せる(ふでにまかせる):to write freely; to let one's pen wander",Jouyou. JLPT : N2
"緑
sample words:
黄緑
濃緑
緑がかった",みどり,"緑:green, verdure
黄緑(きみどり):yellow-green; pea green
濃緑(こみどり):dark green; deep green
緑がかった(みどりがかった):tinged with green; greenish",Jouyou. JLPT : N2
"荷
sample words:
浮き荷
駄荷
荷揚げ場",に,"荷:load, baggage, freight, cargo; burden
浮き荷(うきに):flotsam
駄荷(だに):horse's load
荷揚げ場(にあげば):landing place",Jouyou. JLPT : N2
"血
sample words:
生き血
黄血
血が止まる",ち,"血:blood, consanguinity
生き血(いきち):lifeblood
黄血(きぢ):brandling (when used as fishing bait)
血が止まる(ちがとまる):to stop bleeding",Jouyou. JLPT : N2
"鼻
sample words:
鼻血
鼻ぺちゃ
鼻輪",はな,"鼻:nose; snout, muzzle
鼻血(はなじ):nosebleed
鼻ぺちゃ(はなぺちゃ):small, flat nose
鼻輪(はなわ):nose ring",Jouyou. JLPT : N2
"仲
sample words:
いい仲
仲仕
仲値",なか,"仲:relation, relationship
いい仲(いいなか):love for one another
仲仕(なかし):longshoreman; baggageman
仲値(なかね):medium or average price",Jouyou. JLPT : N2
"児
sample words:
江戸っ児
鹿児島県警
鹿児島大学",こ,"児:child
江戸っ児(えどっこ):Edoite; (true) Tokyoite; Tokyo native
鹿児島県警(かごしまけんけい):Kagoshima Prefectural Police (abbr)
鹿児島大学(かごしまだいがく):Kagoshima University",Jouyou. JLPT : N2
"印
sample words:
感謝の印
き印
下矢印き",しるし,"印:sign, mark; symbol, emblem; badge; evidence; souv..
感謝の印(かんしゃのしるし):token of appreciation
き印(きじるし):madman; madness
下矢印き(したやじるしき):down arrow key",Jouyou. JLPT : N2
"各
sample words:
各方",おのおの,"各:each, every, either, respectively
各方(おのおのがた):all of you (pronoun)",Jouyou. JLPT : N2
"型
sample words:
埋込型
不知火型
日本型",がた,"型:model, mold, matrix, impression; style, type, pat.
埋込型(うめこみがた):flush mount (fan, etc.); embedded style
不知火型(しらぬいがた):Shiranui style of grand champion's ring-entering .
日本型(にほんがた):Japanese model; Japanese way; Japanese style",Jouyou. JLPT : N2
"型
sample words:
鋳型
えす字型
お型",かた,"型:model, mold, matrix, impression; style, type, pat.
鋳型(いがた):template; mold; mould
えす字型(えすじがた):S-shape
お型(おがた):type O (blood, etc.)",Jouyou. JLPT : N2
"塩
sample words:
塩気
塩っ気
塩に漬ける",しお,"塩:salt, seasoning
塩気(しおけ):saltiness
塩っ気(しおっけ):saltiness
塩に漬ける(しおにつける):to preserve in salt",Jouyou. JLPT : N2
"孫
sample words:
お孫さん
曽孫
孫さん",まご,"孫:grandchild
お孫さん(おまごさん):grandchild
曽孫(ひまご):great-grandchild
孫さん(まごさん):grandchild",Jouyou. JLPT : N2
"希
sample words:
極希
類希",まれ,"希:Greece
極希(ごくまれ):extremely rare
類希(たぐいまれ):exceptional; incomparable; rare; matchless; uniqu.",Jouyou. JLPT : N2
"帯
sample words:
帯揚げ
帯ぐらふ
帯地",おび,"帯:belt, sash, girdle, band; belting. wear (at the b...
帯揚げ(おびあげ):obi sash
帯ぐらふ(おびぐらふ):bar graph; rectangular graph
帯地(おびじ):obi cloth or material",Jouyou. JLPT : N2
"底
sample words:
底打ち
底が割れる
底知れない",そこ,"底:bottom; sole; depth, bowels (of the earth); botto.
底打ち(そこうち):bottoming out
底が割れる(そこがわれる):to come to light; to be revealed; to be exposed; .
底知れない(そこしれない):immeasurable; bottomless; unlimited; inexhaustibl.",Jouyou. JLPT : N2
"札
sample words:
木札
下げ札
手札代り",ふだ,"札:tag, placard; name plate; check; charm, (playing).
木札(きふだ):wooden tag
下げ札(さげふだ):tag; label
手札代り(てふだがわり):giving a gift",Jouyou. JLPT : N2
"案
sample words:
八脚の案",つくえ,"案:proposition, suggestion, plan, idea; opinion; exp.
八脚の案(やつあしのつくえ):eight-legged table (used as a stand for religious.",Jouyou. JLPT : N2
"標
sample words:
道標
目標",しるし,"標:signpost; mark; target; designate
道標(みちじるし):guidepost; signpost
目標(めじるし):landmark; guide; mark (for quick identification o.",Jouyou. JLPT : N2
"灯
sample words:
灯りを消す
月灯かり",あかり,"灯:a light
灯りを消す(あかりをけす):to turn the lights off
月灯かり(つきあかり):moonlight",Jouyou. JLPT : N2
"灯
sample words:
灯明り
灯涼し
灯点し頃",ひ,"灯:a light
灯明り(ひあかり):lamplight; torchlight
灯涼し(ひすずし):coolness of distant twinkling lights (on a summer.
灯点し頃(ひともしごろ):lamp-lighting time; early evening; dusk; lighting.",Jouyou. JLPT : N2
"節
sample words:
小節
節織り
節付け",ふし,"節:joint, knuckle; knob, lump, knot; tune, melody; p.
小節(こぶし):undulating melodic ornamentation or embellishment..
節織り(ふしおり):made of knotted silk
節付け(ふしづけ):composition; setting to music",Jouyou. JLPT : N2
"管
sample words:
管狐
管水母
管継手",くだ,"管:pipe, tube; drunken talk
管狐(くだぎつね):pipe fox; fox-like spirit kept inside a bamboo tu..
管水母(くだくらげ):siphonophore
管継手(くだつぎて):pipe joint",Jouyou. JLPT : N2
"粉
sample words:
粉茶
粉ふるい
粉みそ",こな,"粉:flour, meal, powder
粉茶(こなちゃ):powdered (green) tea
粉ふるい(こなふるい):flour sifter
粉みそ(こなみそ):powdered miso",Jouyou. JLPT : N2
"粉
sample words:
金粉
粉糠
擂り粉木",こ,"粉:flour, meal, powder
金粉(きんこ):gold dust
粉糠(こぬか):rice bran
擂り粉木(すりこぎ):pestle",Jouyou. JLPT : N2
"衣
sample words:
天の羽衣
毛衣
衣手",ころも,"衣:clothes, robe; dressing; frosting; coating
天の羽衣(あまのはごろも):angel's feathered robe
毛衣(けごろも):clothes made with the down of birds; fur coat (to.
衣手(ころもで):sleeve",Jouyou. JLPT : N2
"軍
sample words:
軍場
勝ち軍
夜軍",いくさ,"軍:army, force, troops
軍場(いくさば):battlefield; battleground
勝ち軍(かちいくさ):winning a battle; victorious battle; victory
夜軍(よいくさ):night battle",Jouyou. JLPT : N2
"輪
sample words:
知恵の輪
輪差
輪奈",わ,"輪:circle, ring, link, wheel, hoop, loop
知恵の輪(ちえのわ):wire puzzle; disentanglement puzzle
輪差(わさ):loop; snare
輪奈(わな):loop (of thread, string, etc.)",Jouyou. JLPT : N2
"陸
sample words:
陸っ張り
陸湯
陸蓮根",おか,"陸:land
陸っ張り(おかっぱり):bank fishing; shore fishing
陸湯(おかゆ):hot water used for cleaning up
陸蓮根(おかれんこん):okra (Abelmoschus esculentus)",Jouyou. JLPT : N2
"仏
sample words:
あが仏
吾が仏尊し
神様仏様",ほとけ,"仏:Buddha; merciful person; Buddhist image; the dead
あが仏(あがほとけ):my dear; my Buddha
吾が仏尊し(あがほとけとうとし):being narrow-minded; putting one's own beliefs on.
神様仏様(かみさまほとけさま):Gods and Buddhas; God and Buddha; one's guardian .",Jouyou. JLPT : N2
"仮
sample words:
仮埋め
仮刷り
仮ぽいんた",かり,"仮:tempory, provisional; informal, unauthorized; fle...
仮埋め(かりうめ):temporary burial
仮刷り(かりずり):proof printing
仮ぽいんた(かりぽいんた):dummy pointer",Jouyou. JLPT : N2
"価
sample words:
価する
価千金",あたい,"価:price, cost, value, worth
価する(あたいする):to deserve; to be worth; to be worthy of; to meri.
価千金(あたいせんきん):invaluable; priceless",Jouyou. JLPT : N2
"勢
sample words:
勢い込む
騎虎の勢い
勢いを振るう",いきおい,"勢:force, vigor, energy, spirit, life; authority, in..
勢い込む(いきおいこむ):to do with enthusiasm; to be excited to do; to th.
騎虎の勢い(きこのいきおい):having no choice but to carry on; having no choic...
勢いを振るう(いきおいをふるう):to exercise authority; to wield power",Jouyou. JLPT : N2
"基
sample words:
に基づいて
に基づき
基く",もと,"基:basis, foundation, origin
に基づいて(にもとづいて):based on; on the basis of
に基づき(にもとづき):based on
基く(もとづく):to be founded (on); to arise (from); to come (fro...",Jouyou. JLPT : N2
"布
sample words:
亜麻布
布お襁褓
布地",ぬの,"布:cloth
亜麻布(あまぬの):linen
布お襁褓(ぬのおむつ):cloth diaper; cloth nappy
布地(ぬのじ):fabric; cloth",Jouyou. JLPT : N2
"復
sample words:
復復",また,"復:return to, revert to, be restored to, resume (one.
復復(またまた):(there you go) again; yet again; once again",Jouyou. JLPT : N2
"志
sample words:
お志
志半ば
事志と違う",こころざし,"志:plan, intend, aim at, aspire to, resolve, determi...
お志(おこころざし):courtesy; kindness
志半ば(こころざしなかば):being unable to achieve one's goal; leaving one's..
事志と違う(ことこころざしとたがう):to not turn out as one wishes; to not go as one e.",Jouyou. JLPT : N2
"技
sample words:
手練の早技
手技
引き技",わざ,"技:deed, act, work, art, trick, performance
手練の早技(しゅれんのはやわざ):dexterous feat; speed and precision of a trained .
手技(てわざ):hand throwing technique (judo); handwork; handcra.
引き技(ひきわざ):pulling techniques",Jouyou. JLPT : N2
"条
sample words:
青条
条蝦
血条苔",すじ,"条:article, clause, item; line, stripe, streak; colu.
青条(あおすじ):bulging veins (esp. in the head); vein (visible u.
条蝦(すじえび):lake prawn (Palaemon paucidens)
血条苔(ちすじのり):Thorea okadae (species of red alga)",Jouyou. JLPT : N2
"枝
sample words:
枝切り
枝毛
枝つき燭台",えだ,"枝:branch, bow, twig, limb
枝切り(えだきり):pruning
枝毛(えだげ):split end of hair
枝つき燭台(えだつきしょくだい):candelabra; candelabrum; girandole",Jouyou. JLPT : N2
"河
sample words:
河沿い
河田
河津掛け",かわ,"河:river, stream
河沿い(かわぞい):riverside; along the river
河田(かわた):eta; lowly people (Edo period)
河津掛け(かわづがけ):one-leg entanglement (judo); hooking backward cou.",Jouyou. JLPT : N2
"綿
sample words:
引き綿
真綿
綿毛",わた,"綿:cotton, cotton wool
引き綿(ひきわた):floss silk
真綿(まわた):silk floss; silk wadding
綿毛(わたげ):fluff; down; fuzz",Jouyou. JLPT : N2
"総
sample words:
赤総
総総
総楊枝",ふさ,"総:whole, all, general, gross, total, full
赤総(あかぶさ):red tassel hung above the southeast corner of the.
総総(ふさふさ):thick; in tufts; bushy; tufty; luxuriant
総楊枝(ふさようじ):toothbrush made from a piece of willow frayed at .",Jouyou. JLPT : N2
"豊
sample words:
心豊か
風味豊か
緑豊か",ゆたか,"豊:abundant, rich, fruitful
心豊か(こころゆたか):good for the soul; spiritually rich
風味豊か(ふうみゆたか):flavorsome; flavorful
緑豊か(みどりゆたか):lushly green; verdant",Jouyou. JLPT : N2
"領
sample words:
領脚
盤領",えり,"領:dominion, territory possession, fief; suit (of ar.
領脚(えりあし):hairline at the nape of the neck; nape
盤領(まるえり):round collar (of traditional Japanese clothing)",Jouyou. JLPT : N2
"額
sample words:
白額尉鶲
出額
額烏帽子",ひたい,"額:forehead, brow
白額尉鶲(しろびたいじょうびたき):common redstart (Phoenicurus phoenicurus)
出額(でびたい):beetle brows; projecting forehead
額烏帽子(ひたいえぼし):black silk or paper triangle worn over the forehe.",Jouyou. JLPT : N2
"並
sample words:
手並
東京都立杉並工業高等学校",なみ,"並:line up, be in a row; rank with, rival, equal. ar...
手並(てなみ):skill
東京都立杉並工業高等学校(とうきょうとりつすぎなみこうぎょうこうとうがっこう):Tokyo Metropolitan Suginami Technical High School",Jouyou. JLPT : N2
"乳
sample words:
添え乳
乳切り木
乳切り木",ち,"乳:milk; the breasts; loop
添え乳(そえぢ):breast-feeding
乳切り木(ちぎりき):weight-chain-pole weapon; flail
乳切り木(ちぎりぎ):weight-chain-pole weapon; flail",Jouyou. JLPT : N2
"乳
sample words:
片乳
乳繰り合う
乳毛",ちち,"乳:milk; the breasts; loop
片乳(かたちち):one breast
乳繰り合う(ちちくりあう):to meet secretly and flirt with each other; to ha.
乳毛(ちちげ):nipple hair; breast hair",Jouyou. JLPT : N2
"卵
sample words:
地卵
卵立て
煮卵",たまご,"卵:egg, spawn, roe; (an expert) in the making
地卵(じたまご):locally-produced egg
卵立て(たまごたて):eggcup
煮卵(にたまご):egg boiled, peeled, and steeped in soy sauce mari.",Jouyou. JLPT : N2
"城
sample words:
かきあげ城
砂の城
出城",しろ,"城:castle, citadel
かきあげ城(かきあげじろ):small castle with a simple earthen-walled moat
砂の城(すなのしろ):sand castle; sandcastle
出城(でじろ):branch castle",Jouyou. JLPT : N2
"宝
sample words:
お宝
子宝
宝塚歌劇団",たから,"宝:treasure, valuables; wealth; jewels; mammon
お宝(おたから):money; picture of a treasure ship; cash; treasure
子宝(こだから):the treasure that is children; child
宝塚歌劇団(たからづかかげきだん):Takarazuka Revue",Jouyou. JLPT : N2
"届
sample words:
御届け
お届け済み
届け出で",とどけ,"届:reach, arrive, be received; be attentive, be real.
御届け(おとどけ):delivery (of a package, goods, etc.)
お届け済み(おとどけずみ):notified; delivered (of a package, etc.); registe.
届け出で(とどけいで):notification; report",Jouyou. JLPT : N2
"巻
sample words:
葉巻
巻きげとる
渦巻形がすけっと",まき,"巻:roll up; wind, coil; tie around; wind up; roll (o.
葉巻(はまき):cigar
巻きげとる(まきげとる):puttee
渦巻形がすけっと(うずまきがたがすけっと):spiral-wound gasket; spiral gasket",Jouyou. JLPT : N2
"操
sample words:
操を守る",みさお,"操:manipulate, operate, steer; pull strings. chastit.
操を守る(みさおをまもる):to preserve one's chastity; to adhere to one's pr.",Jouyou. JLPT : N2
"泉
sample words:
泉熱
知識の泉
小泉ちるどれん",いずみ,"泉:spring, fountain (head), source
泉熱(いずみねつ):Izumi fever (resembles scarlet fever)
知識の泉(ちしきのいずみ):source of knowledge
小泉ちるどれん(こいずみちるどれん):children of (Junichiro) Koizumi; the 83 new LDP m..",Jouyou. JLPT : N2
"灰
sample words:
火山灰土壌
木灰
そだ灰",はい,"灰:ashes
火山灰土壌(かざんばいどじょう):volcanic ash soil
木灰(きばい):wood ashes
そだ灰(そだばい):soda ash",Jouyou. JLPT : N2
"砂
sample words:
砂かぶり席
砂消しごむ
砂地",すな,"砂:sand
砂かぶり席(すなかぶりせき):ringside seat
砂消しごむ(すなけしごむ):eraser (rubber) that contains sand which makes it.
砂地(すなじ):sandy soil",Jouyou. JLPT : N2
"紅
sample words:
紅帯
紅組",あか,"紅:red, crimson; rouge, lipstick. deep red, crimson
紅帯(あかおび):red sash; red belt
紅組(あかぐみ):red team",Jouyou. JLPT : N2
"紅
sample words:
紅粉
紅差し指
紅ずわい蟹",べに,"紅:red, crimson; rouge, lipstick. deep red, crimson
紅粉(べにこ):powdered rouge
紅差し指(べにさしゆび):ring finger
紅ずわい蟹(べにずわいがに):red snow crab (Chionoecetes japonicus)",Jouyou. JLPT : N2
"紅
sample words:
韓紅
紅芋茎
紅の豚",くれない,"紅:red, crimson; rouge, lipstick. deep red, crimson
韓紅(からくれない):crimson
紅芋茎(くれないずいき):red aroid; red taro stems
紅の豚(くれないのぶた):Porco Rosso (1992 animated film)",Jouyou. JLPT : N2
"胸
sample words:
胸糞
胸幅
胸ぽけ",むね,"胸:chest, breast, bosom; heart, mind, feelings
胸糞(むねくそ):breast; chest
胸幅(むねはば):breadth of the chest
胸ぽけ(むねぽけ):breast pocket",Jouyou. JLPT : N2
"胸
sample words:
胸糞が悪い
胸乳
胸乳",むな,"胸:chest, breast, bosom; heart, mind, feelings
胸糞が悪い(むなくそがわるい):revolting; nauseating; disgusting; sickening
胸乳(むなち):breasts
胸乳(むなぢ):breasts",Jouyou. JLPT : N2
"蔵
sample words:
大蔵省証券
お蔵入り
蔵入れ",くら,"蔵:storehoure, warehouse, godown; cellar; depository.
大蔵省証券(おおくらしょうしょうけん):treasury bill; TB
お蔵入り(おくらいり):being shelved (of a movie, project, etc.); being ..
蔵入れ(くらいれ):warehousing; storing in a warehouse",Jouyou. JLPT : N2
"裏
sample words:
裏木戸
裏背戸
裏ぼたん",うら,"裏:reverse, wrong side; undersurface, inside; palm, ..
裏木戸(うらきど):back door
裏背戸(うらせど):back door
裏ぼたん(うらぼたん):button back",Jouyou. JLPT : N2
"詞
sample words:
季詞
名詞
武士詞",ことば,"詞:words; poetry
季詞(きことば):seasonal word (in haiku)
名詞(なことば):noun
武士詞(ぶしことば):samurai words and phrases",Jouyou. JLPT : N2
"針
sample words:
止め針
刃針
針子",はり,"針:needle, pin; staple; fishhook; stinger; spine (of...
止め針(とめばり):pin
刃針(はばり):lancet
針子(はりこ):seamstress",Jouyou. JLPT : N2
"革
sample words:
革具
革じゃん
革製ばっぐ",かわ,"革:skin; hide; leather; fur, pelt; bark; peeling, hu.
革具(かわぐ):leather goods
革じゃん(かわじゃん):leather jacket
革製ばっぐ(かわせいばっぐ):leather bag; leather handbag",Jouyou. JLPT : N2
"骨
sample words:
小骨
歯骨
骨を惜しむ",ほね,"骨:bone; skeleton; frame; rib (of an umbrella); grit.
小骨(こぼね):small bones
歯骨(はぼね):gums; tooth
骨を惜しむ(ほねをおしむ):to spare oneself (the trouble)",Jouyou. JLPT : N2
"刺
sample words:
刺魚
刺刺
刺刺しい",とげ,"刺:pierce, thrust, stab, prick; bite, sting; pin dow..
刺魚(とげうお):stickleback (Gasterosteidae spp.)
刺刺(とげとげ):harshly; sharply; stingingly
刺刺しい(とげとげしい):cutting; barbed; harsh (manner, tone, etc.); shar..",Jouyou. JLPT : N2
"匹
sample words:
蟻が十匹
一匹
男一匹",ひき,"匹:head, counter (small animals); roll of cloth
蟻が十匹(ありがじゅっぴき):thank you; thanks
一匹(いっぴき):one animal (small); two-tan bolt of cloth
男一匹(おとこいっぴき):shining example of a man",Jouyou. JLPT : N2
"壁
sample words:
御壁
壁にかかる
壁塗り",かべ,"壁:wall
御壁(おかべ):tofu
壁にかかる(かべにかかる):to hang on the wall
壁塗り(かべぬり):plastering",Jouyou. JLPT : N2
"奥
sample words:
奥意
奥の間
奥歯",おく,"奥:heart, interior
奥意(おくい):true intention
奥の間(おくのま):inner room
奥歯(おくば):back teeth; molars",Jouyou. JLPT : N2
"幅
sample words:
誤差幅
しんぐる幅
ばす幅",はば,"幅:width, breadth, range; difference (in price); pow.
誤差幅(ごさはば):error span
しんぐる幅(しんぐるはば):single width (of cloth; usu. 0.71 meters)
ばす幅(ばすはば):bus width",Jouyou. JLPT : N2
"床
sample words:
上げ床
奥床しい
古式床しい",ゆか,"床:bed; sickbed; floor; alcove; padding
上げ床(あげゆか):raised floor
奥床しい(おくゆかしい):reserved; self-effacing; modest; restrained; cult.
古式床しい(こしきゆかしい):traditional",Jouyou. JLPT : N2
"床
sample words:
床あしらい
床ずれ
床につく",とこ,"床:bed; sickbed; floor; alcove; padding
床あしらい(とこあしらい):service (of a prostitute)
床ずれ(とこずれ):bedsore
床につく(とこにつく):to be sick in bed; to be laid up; to go to bed",Jouyou. JLPT : N2
"恋
sample words:
恋歌
恋い暮らす
恋路",こい,"恋:be in love. love, tender sentiment. dear, beloved.
恋歌(こいか):love song; love poem
恋い暮らす(こいくらす):to live deeply in love
恋路(こいじ):love's pathway; romance",Jouyou. JLPT : N2
"殿
sample words:
透渡殿
透渡殿
楲殿",どの,"殿:mister. lord; mansion, place. Mr.
透渡殿(すいわたどの):roofed path (lacking walls) connecting the main r..
透渡殿(すきわたどの):roofed path (lacking walls) connecting the main r..
楲殿(ひどの):toilet",Jouyou. JLPT : N2
"汗
sample words:
汗ばむ
汗疹
汗みどろ",あせ,"汗:perspiration
汗ばむ(あせばむ):to be sweaty
汗疹(あせぼ):heat rash; prickly heat; miliaria
汗みどろ(あせみどろ):drenched in sweat",Jouyou. JLPT : N2
"泥
sample words:
泥地
泥に塗れる
泥湯",どろ,"泥:mud, mire, dirt, slush; disgrace
泥地(どろち):mud; bog
泥に塗れる(どろにまみれる):to be covered with mud
泥湯(どろゆ):mud bath (at an onsen)",Jouyou. JLPT : N2
"環
sample words:
花環
指環",わ,"環:ring
花環(はなわ):garland; wreath
指環(ゆびわ):(finger) ring",Jouyou. JLPT : N2
"畳
sample words:
畳み掛ける
畳み皺
畳み地図",たたみ,"畳:fold, fold up, furl, shut up, shut; wind up (affa..
畳み掛ける(たたみかける):to press for an answer; to shower questions on so.
畳み皺(たたみじわ):crease (from folding)
畳み地図(たたみちず):folding map",Jouyou. JLPT : N2
"筒
sample words:
筒井
筒切り
吹き矢筒",つつ,"筒:pipe, tube, case, gun barrel, sleeve, well curb
筒井(つつい):round well
筒切り(つつぎり):round slices
吹き矢筒(ふきやづつ):blowgun; blowpipe",Jouyou. JLPT : N2
"粒
sample words:
小粒
胡麻粒
粒が揃う",つぶ,"粒:grain, drop; counter for tiny particles
小粒(こつぶ):small grain; small stature or ability
胡麻粒(ごまつぶ):sesame seed
粒が揃う(つぶがそろう):to be uniformly good; to be uniform (in size and .",Jouyou. JLPT : N2
"肌
sample words:
あれ肌
肌かき器
肌とらぶる",はだ,"肌:skin, body; grain, texture; disposition
あれ肌(あれはだ):rough skin
肌かき器(はだかきき):strigil
肌とらぶる(はだとらぶる):skin problems (e.g. acne)",Jouyou. JLPT : N2
"肩
sample words:
肩ならし
肩にかかる
肩ばら",かた,"肩:shoulder
肩ならし(かたならし):warming up; limbering up
肩にかかる(かたにかかる):to fall on one's shoulders (e.g. responsibility, .
肩ばら(かたばら):brisket",Jouyou. JLPT : N2
"脂
sample words:
脂ぎっしゅ
脂ぎった
脂気",あぶら,"脂:fat, grease, tallow, blubber, lard, suet
脂ぎっしゅ(あぶらぎっしゅ):persistent (person, personality, etc.); oily (fac.
脂ぎった(あぶらぎった):oily; greasy
脂気(あぶらけ):greasiness; oiliness",Jouyou. JLPT : N2
"腕
sample words:
腕毛
腕の冴え
腕輪",うで,"腕:arm; ability, talent
腕毛(うでげ):arm hair
腕の冴え(うでのさえ):dexterity; skill
腕輪(うでわ):bracelet; bangle",Jouyou. JLPT : N2
"腰
sample words:
小腰
腰付き
腰抜け",こし,"腰:hips, waist, loins, pelvic region; small of the b..
小腰(こごし):waist
腰付き(こしつき):gait; posture
腰抜け(こしぬけ):coward",Jouyou. JLPT : N2
"膚
sample words:
膚が合う
膚寒い
膚寒い",はだ,"膚:skin, body; grain, texture; disposition
膚が合う(はだがあう):to get along well; to be compatible
膚寒い(はださむい):unpleasantly cold; chilly
膚寒い(はだざむい):unpleasantly cold; chilly",Jouyou. JLPT : N2
"舟
sample words:
いかの舟
小舟
のあの箱舟",ふね,"舟:boat, ship, vessel, steamer, liner, barge; shippi.
いかの舟(いかのふね):cuttlebone
小舟(おぶね):small boat
のあの箱舟(のあのはこぶね):Noah's ark",Jouyou. JLPT : N2
"袋
sample words:
胃袋を掴む
手提げ袋
寝袋",ふくろ,"袋:bag, sack, pouch
胃袋を掴む(いぶくろをつかむ):to attract someone with food
手提げ袋(てさげぶくろ):shopping bag; handbag
寝袋(ねぶくろ):sleeping bag",Jouyou. JLPT : N2
"軒
sample words:
軒天
軒端
軒丸瓦",のき,"軒:eaves
軒天(のきてん):eave
軒端(のきば):edge of the eaves; eaves
軒丸瓦(のきまるがわら):eave-end roof tile (comprising a convex semi-cyli.",Jouyou. JLPT : N2
"香
sample words:
磯の香り
香りがする
香り高い",かおり,"香:smell, scent, odor; aroma, perfume, fragrance, fl.
磯の香り(いそのかおり):smell of the sea
香りがする(かおりがする):to have a smell; to smell; to smell of
香り高い(かおりたかい):fragrant; aromatic",Jouyou. JLPT : N2
"齢
sample words:
齢する
齢を重ねる",よわい,"齢:age
齢する(よわいする):to join the company of; to associate (with); to s.
齢を重ねる(よわいをかさねる):to age; to grow old",Jouyou. JLPT : N2
"村
sample words:
木村蜘蛛
きゃんぷ村
村絵図",むら,"村:village, hamlet
木村蜘蛛(きむらぐも):Heptathela kimurai (species of burrowing spider)
きゃんぷ村(きゃんぷむら):campsite
村絵図(むらえず):map of villages (Edo period)",Jouyou. JLPT : N3
"林
sample words:
大林道路
杉林
雑木林",はやし,"林:forest
大林道路(おおばやしどうろ):Obayashi Road Corporation
杉林(すぎばやし):cryptomeria forest
雑木林(ぞうきばやし):thicket; copse; coppice; grove of miscellaneous t.",Jouyou. JLPT : N3
"森
sample words:
青森
青森大学
大森",もり,"森:woods, grove
青森(あおもり):Aomori (city, prefecture)
青森大学(あおもりだいがく):Aomori University
大森(おおもり):large forest",Jouyou. JLPT : N3
"石
sample words:
石木
圧し石
矢石",いし,"石:stone, pebble, rock; jewel; the go playing stones
石木(いしき):stone tree
圧し石(おしいし):stone weight
矢石(やいし):belemnite",Jouyou. JLPT : N3
"草
sample words:
いのころ草
埋め草
埋め草文字",くさ,"草:grass; grass hand (writing); weeds; herbs, plants.
いのころ草(いのころぐさ):spike-eared grass
埋め草(うめくさ):(page) filler
埋め草文字(うめくさもじ):padding character",Jouyou. JLPT : N3
"内
sample words:
内気
内着
内ぽけっと",うち,"内:inside, interior; house, home; within; between, a.
内気(うちき):reserved; timid; shy; bashful
内着(うちぎ):everyday clothes; underwear
内ぽけっと(うちぽけっと):inside pocket",Jouyou. JLPT : N3
"光
sample words:
光いおん化
光えこ
光化",ひかり,"光:shine, glitter, sparkle, twinkle, flash. light, b..
光いおん化(ひかりいおんか):photoionization
光えこ(ひかりえこ):light echo
光化(ひかりか):conversion to fiber optics",Jouyou. JLPT : N3
"原
sample words:
葦原
島原の乱
野原",はら,"原:field, plain, prairie, tundra, moor, wilderness
葦原(あしはら):reed bed
島原の乱(しまばらのらん):Shimabara Rebellion (1637-1638)
野原(のはら):plain; moor; prairie; field",Jouyou. JLPT : N3
"園
sample words:
えでんの園
園生
竹の園",その,"園:garden, park
えでんの園(えでんのその):Garden of Eden
園生(そのう):park; garden (esp. with trees)
竹の園(たけのその):bamboo garden; Imperial family",Jouyou. JLPT : N3
"声
sample words:
小声
こもった声
地声",こえ,"声:voice; tone; alarm, cry; (bird) song, chirp
小声(こごえ):whisper; low voice
こもった声(こもったこえ):thick voice
地声(じごえ):one's natural voice",Jouyou. JLPT : N3
"市
sample words:
市が立つ日
市日
夜市",いち,"市:market; fair
市が立つ日(いちがたつひ):market day
市日(いちび):market day
夜市(よいち):night market",Jouyou. JLPT : N3
"形
sample words:
顔形
形から入る
形だけ",かたち,"形:shape, form, make, size, format, mark; pattern, d.
顔形(かおかたち):looks; features
形から入る(かたちからはいる):to get the trappings right as the first step; to ..
形だけ(かたちだけ):merely for form's sake",Jouyou. JLPT : N3
"数
sample words:
数ある
数あれど
数しれない",かず,"数:number, figure. count, calculate, enumerate
数ある(かずある):many; numerous
数あれど(かずあれど):although there are many of them
数しれない(かずしれない):countless; innumerable",Jouyou. JLPT : N3
"晴
sample words:
さつき晴れ
晴れ上がる
晴着",はれ,"晴:clear up; (doubts) vanish; be refreshed. dispel, .
さつき晴れ(さつきばれ):fine weather during the rainy season
晴れ上がる(はれあがる):to clear up
晴着(はれぎ):(one's) best clothes; glad rags; (one's) Sunday b.",Jouyou. JLPT : N3
"池
sample words:
池田銀行
池谷関彗星
内池",いけ,"池:pond, pool, cistern, basin, reservoir
池田銀行(いけだぎんこう):Ikeda Bank
池谷関彗星(いけやせきすいせい):Comet Ikeya-Seki
内池(うちいけ):garden pond",Jouyou. JLPT : N3
"米
sample words:
小米蚊帳吊
小米蚊帳吊
米粉",こめ,"米:rice
小米蚊帳吊(こごめかやつり):rice flat sedge (Cyperus iria)
小米蚊帳吊(こごめがやつり):rice flat sedge (Cyperus iria)
米粉(こめこ):rice flour",Jouyou. JLPT : N3
"組
sample words:
組み上げる
びっと組み
ぺじ組み",くみ,"組:braid, plait; construct; assemble; cross (legs); ...
組み上げる(くみあげる):to put together; to compose
びっと組み(びっとくみ):bit combination
ぺじ組み(ぺじぐみ):paging",Jouyou. JLPT : N3
"船
sample words:
大船に乗る
刳り船
小船",ふね,"船:boat, ship, vessel, steamer, liner, barge; shippi.
大船に乗る(おおぶねにのる):to rest easy; to board a large ship; to gain a re.
刳り船(くりぶね):dugout canoe
小船(こぶね):small boat",Jouyou. JLPT : N3
"門
sample words:
腭門
蟻の門渡り
鳴門巻",と,"門:gate, door
腭門(あぎと):branchia; gills; chin; jaw
蟻の門渡り(ありのとわたり):taint; perineum; very narrow passage
鳴門巻(なるとまき):kamaboko with a spiral whirlpool-like pattern",Jouyou. JLPT : N3
"門
sample words:
門出
門火
口は禍の門",かど,"門:gate, door
門出(かどで):departure (e.g. for the front); leaving home; sta..
門火(かどび):fire lit at a gate for funerals, weddings and Obo.
口は禍の門(くちはわざわいのかど):the more you open your mouth the more likely you ..",Jouyou. JLPT : N3
"雪
sample words:
深雪
雪降り
雨混じりの雪",ゆき,"雪:snow, snowfall
深雪(みゆき):deep snow
雪降り(ゆきふり):snowfall
雨混じりの雪(あめまじりのゆき):snow mingled with rain",Jouyou. JLPT : N3
"頭
sample words:
頭そろえ
頭紐
頭よい",あたま,"頭:head; brain, mind, intellect; leader; top; head (..
頭そろえ(あたまそろえ):start-aligned
頭紐(あたまひも):strap; head harness
頭よい(あたまよい):bright; intelligent",Jouyou. JLPT : N3
"頭
sample words:
頭字
頭文字語
小頭鼠海豚",かしら,"頭:head; brain, mind, intellect; leader; top; head (..
頭字(かしらじ):first letters; first letter; initial
頭文字語(かしらもじご):acronym
小頭鼠海豚(こがしらねずみいるか):cochito; vaquita (Phocoena sinus); gulf porpoise",Jouyou. JLPT : N3
"首
sample words:
首が絞まる
首ねっこ
小首",くび,"首:neck, head
首が絞まる(くびがしまる):to have one's neck wrung
首ねっこ(くびねっこ):scruff of the neck
小首(こくび):head",Jouyou. JLPT : N3
"馬
sample words:
あらびあ馬
馬小屋
馬の合う",うま,"馬:horse; horseflesh
あらびあ馬(あらびあうま):Arab (horse)
馬小屋(うまごや):stable
馬の合う(うまのあう):to get along well with",Jouyou. JLPT : N3
"他
sample words:
他無い
他ならない
他ならぬ",ほか,"他:some other place; outside; the rest
他無い(ほかない):there is nothing to do but ...; can do nothing bu.
他ならない(ほかならない):none other than; nothing but
他ならぬ(ほかならぬ):none other than; nothing but",Jouyou. JLPT : N3
"係
sample words:
係り受け
係助
決まり手係",かかり,"係:duty; person in charge; is the work of
係り受け(かかりうけ):(syntactic) dependency
係助(かかりじょ):binding particle
決まり手係(きまりてがかり):coach announcing the winner and winning technique",Jouyou. JLPT : N3
"君
sample words:
君が代蘭
君の名は
君等",きみ,"君:you (familiar); ruler
君が代蘭(きみがよらん):curve-leaf yucca (Yucca recurvifolia)
君の名は(きみのなは):Your Name (2016 animated film)
君等(きみら):pals; you lot; you guys; buddies",Jouyou. JLPT : N3
"命
sample words:
命からがら
命乞
命綱",いのち,"命:life
命からがら(いのちからがら):barely escaping alive; for dear life
命乞(いのちごい):pleading for one's life; begging for one's life
命綱(いのちづな):safety tether; lifeline; safety rope",Jouyou. JLPT : N3
"守
sample words:
家守",もり,"守:defend, protect; keep, observe, obey; abide by; s..
家守(やもり):house lizard; gecko",Jouyou. JLPT : N3
"守
sample words:
御守
守りに入る
守り抜く",まもり,"守:defend, protect; keep, observe, obey; abide by; s..
御守(おまもり):charm; amulet
守りに入る(まもりにはいる):to go on the defensive; to play it safe
守り抜く(まもりぬく):to protect to the end; to hold fast",Jouyou. JLPT : N3
"実
sample words:
ありの実
麻実
木の実",み,"実:ripen; bear fruit. seed, berry, nut, fruit; subst.
ありの実(ありのみ):pear
麻実(おのみ):hemp seed
木の実(きのみ):fruit of a tree; berry; nut",Jouyou. JLPT : N3
"実
sample words:
実しやか
実に
実にもって",まこと,"実:ripen; bear fruit. seed, berry, nut, fruit; subst.
実しやか(まことしやか):credible (e.g. lie); seemingly truthful; plausibl.
実に(まことに):really; indeed; truly; absolutely; actually; very.
実にもって(まことにもって):in all sincerity; honestly; truthfully",Jouyou. JLPT : N3
"宿
sample words:
宿替え
宿引き
宿屋",やど,"宿:lodge, dwell, live in; roost, be pregnant. keep (...
宿替え(やどがえ):change of lodgings
宿引き(やどひき):hotel or lodging house tout
宿屋(やどや):inn",Jouyou. JLPT : N3
"庭
sample words:
庭木
庭木戸
庭下駄",にわ,"庭:yard, courtyard, garden
庭木(にわき):garden tree
庭木戸(にわきど):garden gate
庭下駄(にわげた):garden clogs",Jouyou. JLPT : N3
"息
sample words:
息詰まり
息の合った
息の緒",いき,"息:breath, respiration
息詰まり(いきづまり):stuffiness; choking
息の合った(いきのあった):in good coordination
息の緒(いきのお):life",Jouyou. JLPT : N3
"所
sample words:
いい所取り
居所
ここん所",とこ,"所:place, spot, scene, site, seat; locality, distric...
いい所取り(いいとこどり):incorporating the benefits (while ignoring the dr...
居所(いどこ):place of temporary residence; whereabouts; addres.
ここん所(ここんとこ):lately; these days; recently",Jouyou. JLPT : N3
"指
sample words:
手の指
名無し指
指しゃぶり",ゆび,"指:point to, indicate; name, designate; insert, put ......
手の指(てのゆび):finger
名無し指(ななしゆび):ring finger
指しゃぶり(ゆびしゃぶり):thumb-sucking",Jouyou. JLPT : N3
"昔
sample words:
その昔
とっくの昔
昔式",むかし,"昔:antiquity, old times
その昔(そのむかし):a long time ago; in those days
とっくの昔(とっくのむかし):long ago; a long time ago
昔式(むかししき):in ancient style; old fashioned",Jouyou. JLPT : N3
"様
sample words:
お子様連れ
御陽様
貴様",さま,"様:situation, circumstances, condition. Mr., Mrs., M.
お子様連れ(おこさまづれ):parent with child; person bringing along their ch.
御陽様(おひさま):the Sun
貴様(きさま):you bastard; you son of a bitch; you",Jouyou. JLPT : N3
"横
sample words:
横木
横木
横ずれ断層",よこ,"横:side, flank; horizontal direction; width, breadth.
横木(よこき):rail; bar; crosspiece
横木(よこぎ):rail; bar; crosspiece
横ずれ断層(よこずれだんそう):strike-slip fault",Jouyou. JLPT : N3
"次
sample words:
御次
この次
この次から",つぎ,"次:rank next to, come later. next; stage station, st.
御次(おつぎ):next; next person; room adjoining a noble's parlo.
この次(このつぎ):next
この次から(このつぎから):from now on",Jouyou. JLPT : N3
"歯
sample words:
臼歯
知恵歯
出歯",は,"歯:tooth, cog, dent
臼歯(うすば):molar
知恵歯(ちえば):wisdom tooth
出歯(でば):overbite; protruding tooth",Jouyou. JLPT : N3
"港
sample words:
港区
港区女子
港町",みなと,"港:port, harbor
港区(みなとく):Minato Ward (Osaka); Minato City (special ward of.
港区女子(みなとくじょし):Minato girl (young woman who likes spending time .
港町(みなとまち):harbour city; harbor city; port city",Jouyou. JLPT : N3
"球
sample words:
がらす球
球菜
手球",たま,"球:ball, bulb, bowl, sphere
がらす球(がらすだま):glass marble; glass bead; glass sphere
球菜(たまな):cabbage
手球(てだま):cue ball",Jouyou. JLPT : N3
"由
sample words:
候由
由ありげ
由有る",よし,"由:reason, cause, significance; means, way; effect; .
候由(そうろうよし):I hear that ...
由ありげ(よしありげ):seeming to be with circumstances that are hard to..
由有る(よしある):of noble birth; of rank",Jouyou. JLPT : N3
"申
sample words:
申楽
申年
申の年",さる,"申:have the honor to; say, tell, talk, speak, declar.
申楽(さるがく):fooling around; sarugaku (form of theatre popular.
申年(さるどし):year of the Monkey
申の年(さるのとし):year of the Monkey",Jouyou. JLPT : N3
"神
sample words:
疫病みの神
神掛けて
神さん",かみ,"神:God, god, Allah
疫病みの神(えやみのかみ):god who spreads infectious diseases; god of pesti.
神掛けて(かみかけて):absolutely; swear by god
神さん(かみさん):God",Jouyou. JLPT : N3
"等
sample words:
下等
此方人等
予等",ら,"等:equal, similar, alike, equivalent
下等(げら):I; me
此方人等(こちとら):we; I
予等(よら):us; we",Jouyou. JLPT : N3
"等
sample words:
原薬等登録原簿",など,"等:equal, similar, alike, equivalent
原薬等登録原簿(げんやくなどとうろくげんぼ):DMF; drug master file",Jouyou. JLPT : N3
"箱
sample words:
おもちゃ箱
菓子箱
小箱",はこ,"箱:box, case, chest, bin, coffer, railway car
おもちゃ箱(おもちゃばこ):toy chest; toy box
菓子箱(かしばこ):candy box
小箱(こばこ):small box; casket",Jouyou. JLPT : N3
"落
sample words:
落穂
駈け落ち
手落ち",おち,"落:fall, drop, come down, go down; drip; collapse, c.........
落穂(おちぼ):fallen ears (of grain); gleanings
駈け落ち(かけおち):running away with a lover; elopement
手落ち(ておち):omission; oversight",Jouyou. JLPT : N3
"葉
sample words:
飼い葉
木の葉木菟
千葉",は,"葉:leaf, foliage, needle, blade, spear, frond
飼い葉(かいば):fodder
木の葉木菟(このはづく):Eurasian scops owl (Otus scops)
千葉(ちば):Chiba (city, prefecture)",Jouyou. JLPT : N3
"薬
sample words:
胃薬
下ろし薬
薬師",くすり,"薬:medicine; glaze, enamel; chemical; gunpower; bene.
胃薬(いぐすり):stomach medicine
下ろし薬(おろしぐすり):an abortive
薬師(くすりし):doctor",Jouyou. JLPT : N3
"表
sample words:
表編み
表立った
表だって",おもて,"表:express, show, manifest. appear, emerge, come in ....
表編み(おもてあみ):plain knitting
表立った(おもてだった):formal; public; open; official
表だって(おもてだって):publicly; ostensibly; formally; openly",Jouyou. JLPT : N3
"路
sample words:
小路
近路
逃げ路",みち,"路:route, road; distance
小路(こみち):lane; path; small radius; small diameter
近路(ちかみち):shortcut; shorter way
逃げ路(にげみち):way out; means to escape; escape route",Jouyou. JLPT : N3
"身
sample words:
御身
黄身
身の毛",み,"身:body; person; the quick; one's station in life; s..
御身(おみ):you; your body; your health; yourself
黄身(きみ):egg yolk
身の毛(みのけ):body hair",Jouyou. JLPT : N3
"都
sample words:
都入り
都落ち
都こんぶ",みやこ,"都:capital, metropolis
都入り(みやこいり):arriving in the capital
都落ち(みやこおち):leaving (fleeing) the capital
都こんぶ(みやここんぶ):Miyako Konbu (sweet and sour snack made from drie.",Jouyou. JLPT : N3
"酒
sample words:
お酒
利き酒
酒食らい",さけ,"酒:sake, rice wine, alcoholic liquor
お酒(おさけ):sake; alcohol
利き酒(ききざけ):sake tasting; wine tasting
酒食らい(さけくらい):heavy drinker",Jouyou. JLPT : N3
"面
sample words:
絵面
泣きっ面
泣き面",つら,"面:face, honor, reputation. surface
絵面(えづら):impression given by a painting or image
泣きっ面(なきっつら):tearful face
泣き面(なきつら):tearful face",Jouyou. JLPT : N3
"面
sample words:
面伏せ
細面
矢面",おもて,"面:face, honor, reputation. surface
面伏せ(おもてぶせ):being so embarrassed as to keep one's face down
細面(ほそおもて):slender face
矢面(やおもて):in front of a flying arrow (fired by the enemy); ..",Jouyou. JLPT : N3
"面
sample words:
面舵を取る
面差
面白ぐっず",おも,"面:face, honor, reputation. surface
面舵を取る(おもかじをとる):to steer to starboard
面差(おもざし):features; looks
面白ぐっず(おもしろぐっず):fun goods; joke products; novelty items",Jouyou. JLPT : N3
"付
sample words:
焦げ付き
地付き
付き添い婦",つき,"付:attach, join, stick, glue, fasten; sew on; furnis.........
焦げ付き(こげつき):a bad debt
地付き(じつき):native
付き添い婦(つきそいふ):practical nurse",Jouyou. JLPT : N3
"位
sample words:
気位
位付け
位取り表現",くらい,"位:grade, rank; court order, dignity, nobility; situ.
気位(きぐらい):haughtiness; pride
位付け(くらいづけ):ranking; unit
位取り表現(くらいどりひょうげん):positional representation",Jouyou. JLPT : N3
"側
sample words:
井戸側
片側
下側",かわ,"側:a side; surroundings; (watch) case
井戸側(いどがわ):well curb
片側(かたがわ):one side
下側(したがわ):underside",Jouyou. JLPT : N3
"側
sample words:
側板
側桁
側の者",がわ,"側:a side; surroundings; (watch) case
側板(がわいた):slanted staircase beam; side sheet; stringer; sid.
側桁(がわげた):slanted staircase beam; stringer
側の者(がわのもの):(one's) peers; people around one",Jouyou. JLPT : N3
"側
sample words:
御側付き
直ぐ側
側から",そば,"側:a side; surroundings; (watch) case
御側付き(おそばづき):servant
直ぐ側(すぐそば):nearby; close to; right beside
側から(そばから):as soon as; right after",Jouyou. JLPT : N3
"共
sample words:
がき共
死なば諸共
どちら共",とも,"共:both; neither (with neg.); all; and, as well as; .
がき共(がきども):brats; damn kids
死なば諸共(しなばもろとも):die all together; go to the grave together
どちら共(どちらとも):both",Jouyou. JLPT : N3
"初
sample words:
お初徳兵衛
初顔合わせ
初きす",はつ,"初:beginning, origin. including, and, as well as. (f..
お初徳兵衛(おはつとくべえ):The Love Suicides at Sonezaki (play by Chikamatsu..
初顔合わせ(はつかおあわせ):first contest between; first meeting
初きす(はつきす):first kiss",Jouyou. JLPT : N3
"初
sample words:
初初しい
初子
初陣を飾る",うい,"初:beginning, origin. including, and, as well as. (f..
初初しい(ういういしい):pure; naive; fresh; unsophisticated; (young and) .
初子(ういご):first child
初陣を飾る(ういじんをかざる):to win one's first battle (game, match)",Jouyou. JLPT : N3
"単
sample words:
十二単
単帯",ひとえ,"単:one, single, simple, singular, individual
十二単(じゅうにひとえ):twelve-layered ceremonial kimono (worn by a court.
単帯(ひとえおび):unlined sash",Jouyou. JLPT : N3
"夫
sample words:
夫選び
夫を立てる
内縁の夫",おっと,"夫:husband, spouse
夫選び(おっとえらび):choosing a husband
夫を立てる(おっとをたてる):to treat one's husband with due respect
内縁の夫(ないえんのおっと):de facto husband; common-law husband",Jouyou. JLPT : N3
"戦
sample words:
戦斧
戦場
負け戦",いくさ,"戦:wage war; fight; engage in a contest; struggle ag.
戦斧(いくさおの):battleaxe
戦場(いくさば):battleground; battlefield
負け戦(まけいくさ):lost battle; losing a battle; battle one cannot w.",Jouyou. JLPT : N3
"折
sample words:
折り入って
折り敷き
折戸",おり,"折:break, snap, fracture, knock out (teeth); fold, t....
折り入って(おりいって):earnestly
折り敷き(おりしき):kneeling
折戸(おりど):folding door",Jouyou. JLPT : N3
"未
sample words:
未申
未年
未の年",ひつじ,"未:not yet. un-, not
未申(ひつじさる):southwest
未年(ひつじどし):year of the Sheep
未の年(ひつじのとし):year of the Sheep",Jouyou. JLPT : N3
"末
sample words:
議論の末に
末子
末頼もしい",すえ,"末:end, close; tip, top; the future; posterity; youn.
議論の末に(ぎろんのすえに):after a heated discussion
末子(すえこ):youngest child
末頼もしい(すえたのもしい):promising (future)",Jouyou. JLPT : N3
"束
sample words:
折れ線束表
毛束
束指標",たば,"束:bundle, bunch, sheaf, coil
折れ線束表(おれせんたばひょう):polyline bundle table
毛束(けたば):hair tuft; bundle of hair
束指標(たばしひょう):bundle index",Jouyou. JLPT : N3
"民
sample words:
神の民
民草
民草",たみ,"民:people, nation, subjects
神の民(かみのたみ):the Chosen People; People of God (i.e. Christians.
民草(たみくさ):people; populace
民草(たみぐさ):people; populace",Jouyou. JLPT : N3
"種
sample words:
種雄
種下ろし
種無し西瓜",たね,"種:seed, kernel; kind, species; quality, tone; mater..
種雄(たねお):sire (animal breeding)
種下ろし(たねおろし):sowing
種無し西瓜(たねなしすいか):seedless watermelon",Jouyou. JLPT : N3
"要
sample words:
要石
要黐
肝心要",かなめ,"要:require, need; waylay, ambush. pivot; the main po.
要石(かなめいし):keystone
要黐(かなめもち):Japanese photinia (Photinia glabra)
肝心要(かんじんかなめ):main (point); key; crucial; most important",Jouyou. JLPT : N3
"達
sample words:
あたし達
子達
使徒達",たち,"達:reach, arrive at, attain; amount to; become exper.
あたし達(あたしたち):we; us
子達(こたち):children
使徒達(しとたち):the Apostles",Jouyou. JLPT : N3
"関
sample words:
関ゖ原
関ゖ原の戦
関路の鳥",せき,"関:concern oneself in, have to do with; affect, infl..
関ゖ原(せきがはら):Sekigahara (battle site, 1600); critical battle; .
関ゖ原の戦(せきがはらのたたかい):Battle of Sekigahara (1600)
関路の鳥(せきじのとり):chicken",Jouyou. JLPT : N3
"願
sample words:
お願い
願事
願い下げ",ねがい,"願:desire, wish, hope; beg, implore
お願い(おねがい):request; wish; favour (to ask); please
願事(ねがいごと):dream; wish; prayer; one's desire
願い下げ(ねがいさげ):asking to be excused; cancellation; withdrawal; b.",Jouyou. JLPT : N3
"夢
sample words:
見果てぬ夢
夢合わせ
夢落ち",ゆめ,"夢:dream, vision; illusion, delusion; reverie
見果てぬ夢(みはてぬゆめ):unfulfilled dream; impossible dream; unfinished d.
夢合わせ(ゆめあわせ):dream reading
夢落ち(ゆめおち):'it was all a dream'-ending",Jouyou. JLPT : N3
"妻
sample words:
吾妻こと
切妻屋根
され妻",つま,"妻:wife, spouse
吾妻こと(あづまこと):type of coat worn over a kimono; popular in the m.
切妻屋根(きりづまやね):gabled roof
され妻(されづま):wife cheated on by her husband",Jouyou. JLPT : N3
"富
sample words:
巨万の富
富の再分配
富の分配",とみ,"富:be rich, become wealthy; teem with, abound in; be..
巨万の富(きょまんのとみ):enormous fortune; great wealth
富の再分配(とみのさいぶんぱい):redistribution of wealth
富の分配(とみのぶんぱい):distribution of wealth",Jouyou. JLPT : N3
"常
sample words:
常着
常ならず
常に",つね,"常:normal conditions, regular course of events; one'.
常着(つねぎ):everyday clothes
常ならず(つねならず):uncharacteristically; unusually
常に(つねに):always; constantly",Jouyou. JLPT : N3
"政
sample words:
太政
政所
政を執る",まつりごと,"政:government, rule
太政(おおまつりごと):(Japanese) imperial government
政所(まつりごとどころ):government office related to finances (Kamakura a.....
政を執る(まつりごとをとる):to administer the affairs of state",Jouyou. JLPT : N3
"確
sample words:
気は確か
確かな筋
確かに",たしか,"確:ascertain, confirm, verify; sure, positive; accur...
気は確か(きはたしか):in one's senses; sane
確かな筋(たしかなすじ):reliable source
確かに(たしかに):certainly; surely",Jouyou. JLPT : N3
"程
sample words:
斯かる程に
毛程
然程",ほど,"程:limits, limit, extent, degree; moderation; social.
斯かる程に(かかるほどに):even now
毛程(けほど):(not even) a little; (not even) a tiny bit
然程(さほど):(not) that much; (not) very; (not) particularly; .",Jouyou. JLPT : N3
"罪
sample words:
罪無き
罪のない
罪人",つみ,"罪:sin, crime, offense, guilt, blame, fault, miscond.
罪無き(つみなき):innocent; sinless; guilt-free
罪のない(つみのない):guiltless; innocent
罪人(つみびと):wrongdoer; sinner; evildoer",Jouyou. JLPT : N3
"許
sample words:
お手許
御手許金
其の許",もと,"許:permit, approve; authorize; acknowledge; confide .
お手許(おてもと):chopsticks
御手許金(おてもときん):money used for private purposes by the members of.
其の許(そのもと):you",Jouyou. JLPT : N3
"供
sample words:
小供
子供達
子供部屋",とも,"供:offer, sacrifice, dedicte; attendant, companion, .
小供(こども):child; children
子供達(こどもたち):children
子供部屋(こどもべや):child's room; nursery",Jouyou. JLPT : N3
"値
sample words:
値型
値参照名
値する",あたい,"値:price, cost, value
値型(あたいがた):value type
値参照名(あたいさんしょうめい):value reference name
値する(あたいする):to be worthy of; to deserve; to be worth; to meri.",Jouyou. JLPT : N3
"処
sample words:
居処
御処
それ処か",ところ,"処:manage, deal with; sentence, condemn; act, behave.
居処(いどころ):place of temporary residence; address; whereabout.
御処(おところ):your address; your place of residence
それ処か(それどころか):far from it; if anything; in fact; on the contrar.",Jouyou. JLPT : N3
"割
sample words:
かめら割り
こま割り
二割",わり,"割:divide, break, rate, percentage
かめら割り(かめらわり):camera blocking
こま割り(こまわり):panel layout
二割(にわり):20 percent",Jouyou. JLPT : N3
"否
sample words:
否む
否めない
否や",いな,"否:no, nay
否む(いなむ):to refuse; to decline; to deny
否めない(いなめない):undeniable; cannot deny; incontrovertible
否や(いなや):no sooner than; as soon as; objection; one way or.",Jouyou. JLPT : N3
"窓
sample words:
がらす窓
出窓
ふらんす窓",まど,"窓:window
がらす窓(がらすまど):glass window
出窓(でまど):bay window
ふらんす窓(ふらんすまど):French window",Jouyou. JLPT : N3
"背
sample words:
背が伸びる
背甲
背戸",せ,"背:act contrary to, go back on, disobey, defy, rebel...
背が伸びる(せがのびる):to grow taller (of people)
背甲(せごう):back
背戸(せど):back door; back entrance",Jouyou. JLPT : N3
"背
sample words:
背板
背高泡立草
背丈",せい,"背:act contrary to, go back on, disobey, defy, rebel...
背板(せいた):backboard; dorsal plate; tergum
背高泡立草(せいたかあわだちそう):Canada goldenrod (Solidago canadensis var. scabra.
背丈(せいたけ):height; stature",Jouyou. JLPT : N3
"腹
sample words:
小腹
腹がいる
腹子",はら,"腹:abdomen, belly, bowels, stomach;  heart, mind; in..
小腹(こばら):abdomen; belly
腹がいる(はらがいる):to calm down
腹子(はらこ):roe; fish eggs",Jouyou. JLPT : N3
"頂
sample words:
頂きます
頂き物
山の頂",いただき,"頂:be crowned with, wear; live under (a ruler); inst..
頂きます(いただきます):I receive (this meal); thank you (for the meal ju.
頂き物(いただきもの):present (that one has received); gift
山の頂(やまのいただき):mountain top; peak; summit",Jouyou. JLPT : N3
"娘
sample words:
家付きの娘
生娘
小娘",むすめ,"娘:daughter, girl, young woman
家付きの娘(いえつきのむすめ):daughter of the home; unmarried woman who owns (t.
生娘(きむすめ):innocent young woman; virgin
小娘(こむすめ):adolescent female; young girl; lass",Jouyou. JLPT : N3
"寝
sample words:
寝掛け
寝覚め
寝醒める",ね,"寝:sleep; retire; be bedridden; lie down; lie idle; ..
寝掛け(ねがけ):half-asleep
寝覚め(ねざめ):awaken
寝醒める(ねざめる):to wake up",Jouyou. JLPT : N3
"寝
sample words:
寝穢い
添寝",い,"寝:sleep; retire; be bedridden; lie down; lie idle; ..
寝穢い(いぎたない):fast asleep; sound asleep; slovenly; untidy
添寝(そいね):sleeping together",Jouyou. JLPT : N3
"彼
sample words:
彼なり
彼ぴ
彼ぴっぴ",かれ,"彼:he. that, the
彼なり(かれなり):(in) his way; peculiar to him
彼ぴ(かれぴ):boyfriend
彼ぴっぴ(かれぴっぴ):boyfriend; almost boyfriend",Jouyou. JLPT : N3
"御
sample words:
御入り候
御師
御曹子",おん,"御:honorific prefixes
御入り候(おんいりそうろう):to go; to be; to come
御師(おんし):low-ranking priest
御曹子(おんぞうし):son of a noble; son of a distinguished family",Jouyou. JLPT : N3
"御
sample words:
御子さん
御師
御す文字",お,"御:honorific prefixes
御子さん(おこさん):child
御師(おし):low-ranking priest
御す文字(おすもじ):sushi",Jouyou. JLPT : N3
"恥
sample words:
大恥
恥入る
恥らい",はじ,"恥:shame, dishonor, disgrace, humiliation, insult. f..
大恥(おおはじ):deep embarrassment; harsh humiliation; great disg.
恥入る(はじいる):to feel deeply ashamed (of)
恥らい(はじらい):shyness",Jouyou. JLPT : N3
"杯
sample words:
組み杯
杯事
杯を差す",さかずき,"杯:wine glass, sake cup; chalice, cup
組み杯(くみさかずき):a nest of sake cups
杯事(さかずきごと):exchange of nuptial cups; pledge made over sake c.
杯を差す(さかずきをさす):to offer a cup (of sake)",Jouyou. JLPT : N3
"歳
sample words:
いい歳して
大歳
歳取った",とし,"歳:year, age; time; occasion; opportunity; limit; vi.
いい歳して(いいとしして):(in spite of) being old enough to know better
大歳(おおとし):New Year's Eve; Jupiter (planet)
歳取った(としとった):aged; old (person)",Jouyou. JLPT : N3
"煙
sample words:
煙たい
煙出し
煙っぽい",けむ,"煙:smoke, smolder, be smoky; smoky; fumes; spray
煙たい(けむたい):uncomfortable; awkward; ill at ease; smoky
煙出し(けむだし):chimney
煙っぽい(けむっぽい):smoky",Jouyou. JLPT : N3
"煙
sample words:
煙水晶
煙り出し
煙を吐く",けむり,"煙:smoke, smolder, be smoky; smoky; fumes; spray
煙水晶(けむりずいしょう):smoky quartz; morion; cairngorm
煙り出し(けむりだし):chimney
煙を吐く(けむりをはく):to emit smoke",Jouyou. JLPT : N3
"猫
sample words:
あんごら猫
しゃむ猫
猫要らず",ねこ,"猫:cat
あんごら猫(あんごらねこ):Angora cat
しゃむ猫(しゃむねこ):Siamese cat
猫要らず(ねこいらず):rat poison",Jouyou. JLPT : N3
"皆
sample words:
皆様
皆さん
皆皆",みな,"皆:all, everybody, everything
皆様(みなさま):everyone
皆さん(みなさん):all; everybody; everyone
皆皆(みなみな):everybody; everything; all; everyone",Jouyou. JLPT : N3
"緒
sample words:
緒を開く",いとぐち,"緒:cord, strap, thong; clog cord; string
緒を開く(いとぐちをひらく):to make a beginning; to find a clue",Jouyou. JLPT : N3
"緒
sample words:
緒締め
花緒
四つの緒",お,"緒:cord, strap, thong; clog cord; string
緒締め(おじめ):drawstring on pouch or purse (handbag); string-fa.
花緒(はなお):sandal strap; geta strap
四つの緒(よつのお):4-stringed biwa (Oriental lute)",Jouyou. JLPT : N3
"舞
sample words:
舞手
きりきり舞い
鷲は舞い降りた",まい,"舞:dance; flutter about, flit; circle, wheel. dancin.
舞手(まいて):dancer
きりきり舞い(きりきりまい):going round and round; whirling; rushing a person..
鷲は舞い降りた(わしはまいおりた):The Eagle Has Landed (1975 novel by Jack Higgins)",Jouyou. JLPT : N3
"途
sample words:
冥き途
使い途",みち,"途:way, road
冥き途(くらきみち):realm of the dead; Hades; underworld; other world
使い途(つかいみち):way to use something; objective; utility; purpose",Jouyou. JLPT : N3
"阪
sample words:
大阪
大阪機工
大阪市",さか,"阪:slope
大阪(おおさか):Osaka (city, prefecture)
大阪機工(おおさかきこう):OKK Corporation
大阪市(おおさかし):Osaka city",Jouyou. JLPT : N3
"靴
sample words:
木靴
靴拭き
靴ぶらし",くつ,"靴:shoes, boots
木靴(きぐつ):clogs; wooden shoes
靴拭き(くつふき):doormat
靴ぶらし(くつぶらし):shoe brush",Jouyou. JLPT : N3
"髪
sample words:
髪ごむ
髪をとかす
地髪",かみ,"髪:the hair
髪ごむ(かみごむ):hair tie
髪をとかす(かみをとかす):to comb (one's hair)
地髪(じがみ):natural hair",Jouyou. JLPT : N3
"力
sample words:
手力
力合わせ
力無い",ちから,"力:strength, energy, force, might, power; agency; au....
手力(たぢから):arm strength
力合わせ(ちからあわせ):test of strength
力無い(ちからない):feeble",Jouyou. JLPT : N4
"口
sample words:
口づけ
口づける
口に掛ける",くち,"口:mouth, lips; speech, words; one's taste, stopper,....
口づけ(くちづけ):kiss
口づける(くちづける):to kiss
口に掛ける(くちにかける):to say (something)",Jouyou. JLPT : N4
"夕
sample words:
夕餉
夕座
夕映え",ゆう,"夕:evening
夕餉(ゆうげ):supper; evening meal; dinner
夕座(ゆうざ):evening service
夕映え(ゆうばえ):sunset glow",Jouyou. JLPT : N4
"字
sample words:
大字
大字片山
小字",あざ,"字:section of a village
大字(おおあざ):larger section (of village)
大字片山(おおあざかたやま):name of a town section
小字(こあざ):small administrative unit (of a village)",Jouyou. JLPT : N4
"手
sample words:
手こぎぼと
手手
手羽",て,"手:hand, arm; help; handwriting; handle, means; tric...
手こぎぼと(てこぎぼと):rowboat
手手(てて):hand; hands
手羽(てば):chicken wing",Jouyou. JLPT : N4
"文
sample words:
日文
文読む月日
真名文",ふみ,"文:letter, note
日文(ひふみ):Hifumi (script)
文読む月日(ふみよむつきひ):A Calendar of Wisdom (book by Tolstoi)
真名文(まなぶみ):writing entirely in kanji",Jouyou. JLPT : N4
"早
sample words:
けんか早い
早起き
早く言えば",はや,"早:quick, fast, speedy; brisk, prompt; early; premat..
けんか早い(けんかばやい):quarrelsome; easy to anger
早起き(はやおき):early rising
早く言えば(はやくいえば):to put it briefly; in a word; to make a long stor.",Jouyou. JLPT : N4
"犬
sample words:
犬派
子犬
抱き犬",いぬ,"犬:dog, spy
犬派(いぬは):dog person
子犬(こいぬ):puppy; small dog
抱き犬(だきいぬ):lapdog",Jouyou. JLPT : N4
"田
sample words:
田鶴
田鶴
田を打つ",た,"田:rice field, paddy field
田鶴(たず):crane (bird)
田鶴(たづ):crane (bird)
田を打つ(たをうつ):to till a rice paddy; to plough a rice paddy (plo.",Jouyou. JLPT : N4
"町
sample words:
古町
眠らない町
町駕篭",まち,"町:town; quarters; street
古町(こまち):old town
眠らない町(ねむらないまち):city that never sleeps
町駕篭(まちかご):palanquin",Jouyou. JLPT : N4
"目
sample words:
お目目
目がける
目が見える",め,"目:eye; look, gaze; notice, attention; viewpoint; di....
お目目(おめめ):eyes
目がける(めがける):to aim at
目が見える(めがみえる):to be able to see",Jouyou. JLPT : N4
"空
sample words:
空で言う
空解け
空飛ぶ",そら,"空:become empty, be less crowded; empty; sky, heaven.
空で言う(そらでいう):to speak from memory
空解け(そらどけ):coming untied
空飛ぶ(そらとぶ):to fly in the sky",Jouyou. JLPT : N4
"空
sample words:
空売り
空荷
空ふかし",から,"空:become empty, be less crowded; empty; sky, heaven.
空売り(からうり):short selling
空荷(からに):in ballast; lacking cargo
空ふかし(からふかし):idling (of an engine)",Jouyou. JLPT : N4
"耳
sample words:
ぱんの耳
ぴざの耳
耳たぶ",みみ,"耳:ear; edge, border; loop; selvage; bread crusts
ぱんの耳(ぱんのみみ):bread crust
ぴざの耳(ぴざのみみ):pizza crust
耳たぶ(みみたぶ):earlobe",Jouyou. JLPT : N4
"花
sample words:
花あななす
花きゃべつ
花咲く",はな,"花:flower, blossom; cherry blossoms; essence, spirit..
花あななす(はなあななす):pink quill (Tillandsia cyanea)
花きゃべつ(はなきゃべつ):cauliflower
花咲く(はなさく):to bloom",Jouyou. JLPT : N4
"赤
sample words:
赤きゃべつ
赤啄木鳥
赤子",あか,"赤:red, crimson, scarlet, Communist, Red. become red.
赤きゃべつ(あかきゃべつ):red cabbage
赤啄木鳥(あかげら):great spotted woodpecker (Dendrocopos major)
赤子(あかご):baby",Jouyou. JLPT : N4
"足
sample words:
足こき
足を止める
小足",あし,"足:foot; leg; paw; flipper, tentacles, arms; walk, s......
足こき(あしこき):footjob
足を止める(あしをとめる):to stop walking; to pause
小足(こあし):mincing steps",Jouyou. JLPT : N4
"青
sample words:
青ざめる
青図
青菜",あお,"青:blue, green; green light, pale; unripe, green
青ざめる(あおざめる):to turn pale; to become pale
青図(あおず):blueprint
青菜(あおな):greens",Jouyou. JLPT : N4
"音
sample words:
遠音
音いろ
音締",ね,"音:sound, noise, roar; fame; tone, note, voice, chir.
遠音(とおね):distant sound
音いろ(ねいろ):timbre; tone quality; tone color; tone colour
音締(ねじめ):tune",Jouyou. JLPT : N4
"音
sample words:
音げ
音なし
音を出す",おと,"音:sound, noise, roar; fame; tone, note, voice, chir.
音げ(おとげ):rhythm game; music game
音なし(おとなし):without sound; silence
音を出す(おとをだす):to produce a sound",Jouyou. JLPT : N4
"京
sample words:
長岡京",みやこ,"京:ten quadrillion; captital, metropolis; Kyoto
長岡京(ながおかのみやこ):Nagaoka-kyo (capital of Japan 784-794); Nagaokaky.",Jouyou. JLPT : N4
"体
sample words:
お体
体が空く
体つき",からだ,"体:body, health
お体(おからだ):body
体が空く(からだがあく):to get time off; to become free
体つき(からだつき):body build; figure",Jouyou. JLPT : N4
"元
sample words:
元が掛かる
元値
元は",もと,"元:beginning, origin; foundation, basis, source; cau..
元が掛かる(もとがかかる):to be expensive; to cost much
元値(もとね):cost
元は(もとは):originally",Jouyou. JLPT : N4
"兄
sample words:
兄貴
兄後
兄弟子",あに,"兄:elder brother
兄貴(あにき):elder brother; man older than oneself; one's seni.
兄後(あにご):elder brother
兄弟子(あにでし):senior disciple; senior member; senior pupil (of .",Jouyou. JLPT : N4
"冬
sample words:
冬着
冬のそなた
冬の大三角",ふゆ,"冬:winter
冬着(ふゆぎ):winter clothing
冬のそなた(ふゆのそなた):Winter Sonata (Korean television drama)
冬の大三角(ふゆのだいさんかく):Winter Triangle (asterism)",Jouyou. JLPT : N4
"切
sample words:
追い切り
切り分かつ
区切り子",きり,"切:cut, chop, hash; carve; saw; clip, shear; slice, .......
追い切り(おいきり):trial
切り分かつ(きりわかつ):to cut up
区切り子(くぎりし):delimiter",Jouyou. JLPT : N4
"場
sample words:
がれ場
木場
すから場",ば,"場:place, site; space, seat; scene; occasion, situat.
がれ場(がれば):scree slope
木場(きば):lumberyard
すから場(すからば):scalar field",Jouyou. JLPT : N4
"夏
sample words:
夏季
夏野
夏の夜の夢",なつ,"夏:summer
夏季(なつき):summer season
夏野(なつの):summer fields
夏の夜の夢(なつのよのゆめ):A Midsummer Night's Dream (comedy by William Shak.",Jouyou. JLPT : N4
"夜
sample words:
小夜
夜上がり
夜があける",よ,"夜:evening, night, nighttime; at night
小夜(さよ):evening
夜上がり(よあがり):weather clearing at night
夜があける(よがあける):dawn breaks; day dawns",Jouyou. JLPT : N4
"夜
sample words:
御夜
夜御飯
夜昼",よる,"夜:evening, night, nighttime; at night
御夜(およる):sleep; rest
夜御飯(よるごはん):evening meal; dinner
夜昼(よるひる):day and night",Jouyou. JLPT : N4
"妹
sample words:
妹御
妹さん
妹夫婦",いもうと,"妹:younger sister
妹御(いもうとご):(another person's) younger sister
妹さん(いもうとさん):younger sister
妹夫婦(いもうとふうふ):one's younger sister and her husband",Jouyou. JLPT : N4
"姉
sample words:
姉川の戦い
姉貴
姉御",あね,"姉:elder sister
姉川の戦い(あねがわのたたかい):Battle of Anegawa (1570)
姉貴(あねき):older female friend; elder sister
姉御(あねご):elder sister",Jouyou. JLPT : N4
"家
sample words:
家居
家路
家の向き",いえ,"家:house, home, residence; housing; family, househol..
家居(いえい):staying at home
家路(いえじ):the road home
家の向き(いえのむき):aspect of a house",Jouyou. JLPT : N4
"家
sample words:
家飲み
家を空ける
お家",うち,"家:house, home, residence; housing; family, househol..
家飲み(うちのみ):drinking at home (as opposed to going out)
家を空ける(うちをあける):to be away from home; to be out of the house
お家(おうち):(my) home; your home; their home; your family; th.",Jouyou. JLPT : N4
"店
sample words:
おもちゃ店
出し店
店の上がり",みせ,"店:shop, store, booth
おもちゃ店(おもちゃみせ):toy shop; toy store
出し店(だしみせ):booth; stall
店の上がり(みせのあがり):income from a shop",Jouyou. JLPT : N4
"弟
sample words:
弟御
弟さん
弟弟子",おとうと,"弟:younger brother
弟御(おとうとご):your younger brother
弟さん(おとうとさん):younger brother
弟弟子(おとうとでし):junior member; younger pupil (of the same master).",Jouyou. JLPT : N4
"心
sample words:
気心
心がとける
負けじ心",こころ,"心:mind, spirit; mentality; idea, thought; heart, fe...
気心(きごころ):disposition; temper
心がとける(こころがとける):one's heart melts
負けじ心(まけじごころ):indomitable spirit",Jouyou. JLPT : N4
"方
sample words:
あなた方
撃ち方止め
来し方",かた,"方:direction; settlement; person
あなた方(あなたがた):you (plural)
撃ち方止め(うちかたやめ):cease fire!
来し方(きしかた):the past",Jouyou. JLPT : N4
"春
sample words:
春荒れ
春うらら
春惜しむ",はる,"春:spring, springtime
春荒れ(はるあれ):spring storm
春うらら(はるうらら):beautiful spring; fine spring day
春惜しむ(はるおしむ):to lament the end of spring",Jouyou. JLPT : N4
"昼
sample words:
小昼
盗人の昼寝
昼めし",ひる,"昼:daytime, midday, noon
小昼(こひる):just before noon; late-morning snack
盗人の昼寝(ぬすびとのひるね):a burglar's midday nap (is taken so that he can r..
昼めし(ひるめし):lunch; midday meal",Jouyou. JLPT : N4
"朝
sample words:
朝餉
朝餉
朝めし",あさ,"朝:morning, forenoon
朝餉(あさけ):breakfast
朝餉(あさげ):breakfast
朝めし(あさめし):breakfast",Jouyou. JLPT : N4
"歌
sample words:
伊呂波歌
歌い手
歌詠み",うた,"歌:sing, recite, chant, carol; poem, tanka, ballad, .
伊呂波歌(いろはうた):iroha poem
歌い手(うたいて):singer
歌詠み(うたよみ):tanka composer",Jouyou. JLPT : N4
"海
sample words:
海蜘蛛
海路
海手",うみ,"海:sea, ocean
海蜘蛛(うみぐも):sea spider
海路(うみじ):sea route
海手(うみて):place by the sea",Jouyou. JLPT : N4
"牛
sample words:
牛飼い
牛小屋
牛の刻参り",うし,"牛:cattle, cow, bull, ox
牛飼い(うしかい):cattleman; raising cattle
牛小屋(うしごや):cow shed; cattle barn
牛の刻参り(うしのこくまいり):cursing ritual where one visits a shrine at 2am a..",Jouyou. JLPT : N4
"秋
sample words:
危急存亡の秋",とき,"秋:autumn
危急存亡の秋(ききゅうそんぼうのとき):critical time; crisis; critical moment",Jouyou. JLPT : N4
"秋
sample words:
秋田
秋津
秋の暮れ",あき,"秋:autumn
秋田(あきた):Akita (city, prefecture)
秋津(あきつ):dragonfly
秋の暮れ(あきのくれ):the end of autumn; autumn dusk",Jouyou. JLPT : N4
"答
sample words:
答え合わせ
答えを出す
答え難い質問",こたえ,"答:answer; respond; solve. solution
答え合わせ(こたえあわせ):checking answers (e.g. to homework problems); ver.
答えを出す(こたえをだす):to work out a solution; to give an answer; to fin.
答え難い質問(こたえにくいしつもん):awkward (difficult) question",Jouyou. JLPT : N4
"紙
sample words:
紙子
紙こっぷ
紙づまり",かみ,"紙:paper
紙子(かみこ):paper garment
紙こっぷ(かみこっぷ):paper cup
紙づまり(かみづまり):paper jam",Jouyou. JLPT : N4
"色
sample words:
色染め
色んな
落ち葉色",いろ,"色:color, tint, tinge; complexion; countenance, look..
色染め(いろぞめ):dyeing
色んな(いろんな):various
落ち葉色(おちばいろ):russet",Jouyou. JLPT : N4
"親
sample words:
親えんとり
親御さん
親無し子",おや,"親:parent; dealer (in card games); banker (in gambli..
親えんとり(おやえんとり):parent-entry
親御さん(おやごさん):(another's) parents
親無し子(おやなしご):orphan; parentless child",Jouyou. JLPT : N4
"言
sample words:
江戸言葉
買い言葉
言葉を吐く",こと,"言:say, tell, talk, speak, declare; call, term, name.
江戸言葉(えどことば):Edo dialect
買い言葉(かいことば):tit for tat
言葉を吐く(ことばをはく):to talk; to speak",Jouyou. JLPT : N4
"道
sample words:
生きる道
血道
道ならぬ",みち,"道:road, path, lane, way, street, highway, route; jo...
生きる道(いきるみち):way of life
血道(ちみち):blood vessels
道ならぬ(みちならぬ):immoral",Jouyou. JLPT : N4
"野
sample words:
野口啄木鳥
野太刀
野辺",の,"野:field, plain
野口啄木鳥(のぐちげら):Okinawa woodpecker (Sapheopipo noguchii)
野太刀(のだち):extra-long sword
野辺(のべ):field",Jouyou. JLPT : N4
"風
sample words:
風邪気
風邪引く
はやり風邪",かぜ,"風:wind, storm, breeze, draft, current of air; a col.
風邪気(かぜけ):slight cold
風邪引く(かぜひく):to catch a cold
はやり風邪(はやりかぜ):influenza",Jouyou. JLPT : N4
"魚
sample words:
小魚
魚ふらい
魚を捕る",さかな,"魚:fish
小魚(こざかな):small fish; fry
魚ふらい(さかなふらい):fried fish
魚を捕る(さかなをとる):to catch fish",Jouyou. JLPT : N4
"魚
sample words:
魚しょうゆ
魚の餌科
飛び魚の子",うお,"魚:fish
魚しょうゆ(うおしょうゆ):fish sauce (made from fermented salted fish)
魚の餌科(うおのえか):Cymothoidae (family of isopods)
飛び魚の子(とびうおのこ):flying fish roe",Jouyou. JLPT : N4
"鳥
sample words:
蚊食い鳥
千鳥
飛べない鳥",とり,"鳥:bird, chicken, fowl
蚊食い鳥(かくいどり):bat
千鳥(ちどり):plover
飛べない鳥(とべないとり):flightless bird",Jouyou. JLPT : N4
"黒
sample words:
か黒い
黒くする
黒後家蜘蛛",くろ,"黒:black; dark, swarthy, browned; dirty
か黒い(かぐろい):deep black
黒くする(くろくする):to blacken
黒後家蜘蛛(くろごけぐも):black widow spider (Latrodectus mactans)",Jouyou. JLPT : N4
"世
sample words:
千世
御世替わり
世にいう",よ,"世:world, society, public; life, existence, career, .
千世(ちよ):forever; very long period; thousand years
御世替わり(みよがわり):(Japanese) imperial succession
世にいう(よにいう):what is called; so-called; what they call",Jouyou. JLPT : N4
"主
sample words:
主菓子
主だった
主なる",おも,"主:owner; master, husband; lover; a god; you. main
主菓子(おもがし):Japanese sweet eaten with koicha
主だった(おもだった):important; chief; principal; leading; main; promi.
主なる(おもなる):important; main; principal",Jouyou. JLPT : N4
"主
sample words:
家主
一家の主
坊の主",あるじ,"主:owner; master, husband; lover; a god; you. main
家主(いえあるじ):landlady; head of the household; landlord; house .
一家の主(いっかのあるじ):master of the household
坊の主(ぼうのあるじ):master of the priests quarters",Jouyou. JLPT : N4
"主
sample words:
寄生地主制
不在地主
物言う株主",ぬし,"主:owner; master, husband; lover; a god; you. main
寄生地主制(きせいじぬしせい):parasitic landowner system; absentee landlord sys.
不在地主(ふざいじぬし):absentee landlord
物言う株主(ものいうかぶぬし):activist shareholder; outspoken shareholder",Jouyou. JLPT : N4
"事
sample words:
御事
事あれかし
事欠く",こと,"事:thing, matter, fact, circumstances, business, rea.
御事(おこと):you
事あれかし(ことあれかし):any time now
事欠く(ことかく):to lack",Jouyou. JLPT : N4
"代
sample words:
幾千代
千代
聖の御代",よ,"代:world, society, public; life, existence, career, ...
幾千代(いくちよ):many years; ages
千代(ちよ):thousand years; very long period; forever
聖の御代(ひじりのみよ):highly-esteemed emperor's reign",Jouyou. JLPT : N4
"味
sample words:
味気有る
味海苔
味見",あじ,"味:taste; appreciate, experience. flavor, aroma; zes.
味気有る(あじきある):interesting; meaningful
味海苔(あじのり):seasoned nori (laver)
味見(あじみ):sampling; tasting",Jouyou. JLPT : N4
"品
sample words:
思い出の品
品ぷり
品目",しな,"品:article, goods, thing; quality; brand; kind, type.
思い出の品(おもいでのしな):memento; keepsake; memorabilia
品ぷり(しなぷり):Shinagawa Prince Hotel
品目(しなめ):item; commodity; list of articles",Jouyou. JLPT : N4
"問
sample words:
問い掛け
問切り
問いつめる",とい,"問:ask, question, inquire; accuse. Inquiry
問い掛け(といかけ):inquiry; interrogation; enquiry; question; query
問切り(といきり):last death anniversary for which there is a memor.
問いつめる(といつめる):to press a question; to cross-examine",Jouyou. JLPT : N4
"度
sample words:
此度
その度
度重なる",たび,"度:time, occasion; repetition
此度(こたび):this occasion; now; at this time
その度(そのたび):each time
度重なる(たびかさなる):to be frequent; to repeat",Jouyou. JLPT : N4
"旅
sample words:
あてなき旅
永遠の旅人
旅子",たび,"旅:journey
あてなき旅(あてなきたび):journey without a destination
永遠の旅人(えいえんのたびびと):perpetual traveller (traveler); permanent tourist.
旅子(たびこ):travelling male homosexual prostitute",Jouyou. JLPT : N4
"物
sample words:
下り物しと
地物
しりず物",もの,"物:thing, object, matter; somebody, something, succe.
下り物しと(おりものしと):panty liner
地物(じもの):local produce
しりず物(しりずもの):serial",Jouyou. JLPT : N4
"病
sample words:
死の病
はやり病
病気",やまい,"病:get sick, be sick, suffer from. illness; bad habi.
死の病(しのやまい):final illness; fatal disease; deadly disease
はやり病(はやりやまい):epidemic
病気(やまいけ):feeling ill; sensation of illness; signs of illne.",Jouyou. JLPT : N4
"者
sample words:
小者
筋者
知恵者",もの,"者:person, somebody
小者(こもの):errand boy in a samurai family; servant; person o.
筋者(すじもの):yakuza
知恵者(ちえもの):wise man",Jouyou. JLPT : N4
"重
sample words:
重きを置く
重さ
重しをする",おも,"重:pile up, heap up, add, repeat. be piled; lie on o..
重きを置く(おもきをおく):to attach importance to; to emphasize
重さ(おもさ):weight
重しをする(おもしをする):to place a weight upon (e.g. when making pickles).",Jouyou. JLPT : N4
"飯
sample words:
あさ飯
菜飯
打っ掛け飯",めし,"飯:cooked rice; meal; food, livelihood
あさ飯(あさめし):breakfast
菜飯(なめし):rice boiled with greens
打っ掛け飯(ぶっかけめし):rice with other ingredients poured on top",Jouyou. JLPT : N4
"貸
sample words:
貸し地
貸手
貸して上げる",かし,"貸:lend; hire out, rent, lease; give credit to
貸し地(かしち):land for rent
貸手(かして):lender
貸して上げる(かしてあげる):to lend (e.g. money)",Jouyou. JLPT : N4
"私
sample words:
私宛
私達
私なり",わたし,"私:I, myself, private (affairs)
私宛(わたしあて):for me; addressed to me
私達(わたしたち):us; we
私なり(わたしなり):(in) my own way",Jouyou. JLPT : N4
"一
sample words:
どれ一つ
一つ置きに
一突き",ひとつ,"一:one, a unit; the same; just; once
どれ一つ(どれひとつ):not one
一つ置きに(ひとつおきに):alternately
一突き(ひとつき):stab; lunge; thrust",Jouyou. JLPT : N5
"一
sample words:
一折り
一間
一盛り",ひと,"一:one, a unit; the same; just; once
一折り(ひとおり):one box
一間(ひとま):one room
一盛り(ひともり):pile",Jouyou. JLPT : N5
"七
sample words:
無くて七癖
七重
七十",なな,"七:seven
無くて七癖(なくてななくせ):every person has their eccentricities
七重(ななえ):sevenfold; seven-ply
七十(ななそ):seventy; 70",Jouyou. JLPT : N5
"三
sample words:
三従兄弟
三貴
三十",み,"三:three
三従兄弟(みいとこ):third cousin
三貴(みき):Miki; Miki Corporation
三十(みそ):30; thirty",Jouyou. JLPT : N5
"上
sample words:
お上さん
上方歌舞伎
上期",かみ,"上:up, upper part, top, summit; surface; far better;....................
お上さん(おかみさん):missus; missis
上方歌舞伎(かみがたかぶき):kabuki in the Kyoto-Osaka style
上期(かみき):first half of the (fiscal) year",Jouyou. JLPT : N5
"上
sample words:
上付き文字
上の子
上を行く",うえ,"上:up, upper part, top, summit; surface; far better;....................
上付き文字(うえつきもじ):superscript
上の子(うえのこ):the older child
上を行く(うえをいく):to be ahead of",Jouyou. JLPT : N5
"下
sample words:
下刈り
下つき
下付き文字",した,"下:come down, go down; get down, descend; be given; .................
下刈り(したがり):weeding
下つき(したつき):subscript
下付き文字(したつきもじ):subscript",Jouyou. JLPT : N5
"下
sample words:
足下
足下を見る
御膝下",もと,"下:come down, go down; get down, descend; be given; .................
足下(あしもと):gait; current; most recent; underfoot; pace; at o..
足下を見る(あしもとをみる):to size up (e.g. customer when setting a high pri.
御膝下(おひざもと):Imperial court; close aid (of a nobleman, etc.); .....",Jouyou. JLPT : N5
"中
sample words:
心の中
此の中
卑下も自慢の中",うち,"中:inside, interior, midst, middle, mean, midway
心の中(こころのうち):one's mind; one's inner thoughts; one's heart; on.
此の中(このうち):the other day; meanwhile; recently
卑下も自慢の中(ひげもじまんのうち):taking pride in one's humility is a form of bragg..",Jouyou. JLPT : N5
"中
sample words:
背中
背中を出す
中刳り",なか,"中:inside, interior, midst, middle, mean, midway
背中(せなか):back (of the body)
背中を出す(せなかをだす):to bare one's back
中刳り(なかぐり):boring",Jouyou. JLPT : N5
"九
sample words:
九重
九日
九十路",ここの,"九:nine
九重(ここのえ):imperial palace; ninefold; the Court
九日(ここのか):9th day of the month; nine days
九十路(ここのそじ):age ninety; one's nineties",Jouyou. JLPT : N5
"二
sample words:
二子
二十路
二間",ふた,"二:two
二子(ふたご):twins; twin
二十路(ふたそじ):age twenty; one's twenties
二間(ふたま):two rooms",Jouyou. JLPT : N5
"五
sample words:
五重
五日
五日熱",いつ,"五:five; five years old
五重(いつえ):five-storied; fivefold; quintuplicate
五日(いつか):five days; 5th day of the month
五日熱(いつかねつ):trench fever",Jouyou. JLPT : N5
"人
sample words:
書き人
ぱりさい人
人くろん",ひと,"人:man, human being, mankind, person, people; charac..
書き人(かきびと):writer
ぱりさい人(ぱりさいびと):Pharisee
人くろん(ひとくろん):human clone",Jouyou. JLPT : N5
"先
sample words:
先立ち
先っちょ
差し出し先",さき,"先:point, tip, end; nozzle; head (of a line); the fi..
先立ち(さきだち):before
先っちょ(さきっちょ):point; end; tip
差し出し先(さしだしさき):address",Jouyou. JLPT : N5
"入
sample words:
入り揚げる
入目
討ち入り",いり,"入:go in, come in; flow into; set; set in. put in, t......
入り揚げる(いりあげる):to lavish money on
入目(いりめ):expenses
討ち入り(うちいり):raid",Jouyou. JLPT : N5
"八
sample words:
八重
八重咲き
八重の潮路",や,"八:eight
八重(やえ):multilayered; doubled
八重咲き(やえざき):double blossom
八重の潮路(やえのしおじ):distant seas",Jouyou. JLPT : N5
"六
sample words:
明け六つ
二四六九士
六借しい",む,"六:six
明け六つ(あけむつ):the sixth hour of the morning
二四六九士(にしむくさむらい):nishimuku samurai (mnemonic for remembering the m.
六借しい(むずかしい):fussy; glum; detestable; unfeasible; complicated;.....",Jouyou. JLPT : N5
"円
sample words:
黄星円跳虫
円く
円味",まる,"円:round, circular, spherical
黄星円跳虫(きぼしまるとびむし):garden springtail (Bourletiella hortensis)
円く(まるく):in a circle; amicably
円味(まるみ):maturity; mellowness; rotundity; roundness",Jouyou. JLPT : N5
"出
sample words:
出来不出来
出来れば
出州",で,"出:appear, come out, emerge; haunt, infest; be found..............
出来不出来(できふでき):uneven results
出来れば(できれば):if possible
出州(です):spit (of land)",Jouyou. JLPT : N5
"十
sample words:
五十日
十一
十日",とお,"十:ten
五十日(ごとおび):days of the month ending in 5 or 0 (when payments.
十一(とおいち):dealt hand consisting of 1-point cards and one si..
十日(とおか):10th day of the month; ten days",Jouyou. JLPT : N5
"十
sample words:
十重
十重二十重
十五",と,"十:ten
十重(とえ):tenfold
十重二十重(とえはたえ):multitude
十五(とご):black-market loan charging 50% interest every ten.",Jouyou. JLPT : N5
"千
sample words:
噛み千切る
食い千切る
千重",ち,"千:thousand, many
噛み千切る(かみちぎる):to bite off
食い千切る(くいちぎる):to bite off
千重(ちえ):many layers; many piles",Jouyou. JLPT : N5
"右
sample words:
右くりっく
右手
右に折れる",みぎ,"右:right, right hand
右くりっく(みぎくりっく):right-click
右手(みぎて):right-hand side; right hand; (on) the right; righ.
右に折れる(みぎにおれる):to turn to the right",Jouyou. JLPT : N5
"名
sample words:
烏帽子名
假名
名が挙がる",な,"名:name; fame, reputation; pretext
烏帽子名(えぼしな):adult name
假名(かな):kana; Japanese syllabary (i.e. hiragana, katakana.
名が挙がる(ながあがる):to become famous",Jouyou. JLPT : N5
"四
sample words:
二十四時間
四畳半趣味
四十",よ,"四:four
二十四時間(にじゅうよじかん):twenty-four hours; 24 hours
四畳半趣味(よじょうはんしゅみ):enjoying food, drink and entertainment in a small.
四十(よそ):forty; 40",Jouyou. JLPT : N5
"四
sample words:
第四世界
四駆
四こま",よん,"四:four
第四世界(だいよんせかい):Fourth World
四駆(よんく):four-wheel drive
四こま(よんこま):yonkoma; four-panel comic strip",Jouyou. JLPT : N5
"土
sample words:
土に埋める
土を被せる
粘土",つち,"土:earth, soil, ground
土に埋める(つちにうめる):to bury in the ground
土を被せる(つちをかぶせる):to cover with earth
粘土(へなつち):clay",Jouyou. JLPT : N5
"大
sample words:
大食らい
大野
大身",おお,"大:large, great, grand, mighty, immense; severe; hea..
大食らい(おおぐらい):glutton
大野(おおの):large field
大身(おおみ):long blade",Jouyou. JLPT : N5
"女
sample words:
あば擦れ女
女仮名
女歌舞伎",おんな,"女:woman, female, sweetheart, girl
あば擦れ女(あばずれおんな):coquette; flirt; minx; vamp; tease
女仮名(おんながな):hiragana
女歌舞伎(おんなかぶき):girls' kabuki",Jouyou. JLPT : N5
"子
sample words:
吾子
御子さん
織り子",こ,"子:child, offspring; the young (of animals)
吾子(あこ):my child
御子さん(おこさん):child
織り子(おりこ):weaver",Jouyou. JLPT : N5
"子
sample words:
天鼠子
粉吹金亀子
子月",ね,"子:child, offspring; the young (of animals)
天鼠子(くすね):boiled pine pitch and oil (traditionally used as .
粉吹金亀子(こふきこがね):Japanese cockchafer (Melolontha japonica)
子月(ねづき):eleventh month of the lunar calendar",Jouyou. JLPT : N5
"小
sample words:
小間
小女
小気味よげに",こ,"小:small, little, diminutive, minute, fine, trivial..
小間(こま):small room
小女(こめ):small girl
小気味よげに(こきみよげに):in a gloating manner",Jouyou. JLPT : N5
"山
sample words:
お山
山一證券
山が見える",やま,"山:mountain, hill, height, knoll; heap, pile; crown ..
お山(おやま):mountain
山一證券(やまいち):Yamaichi Securities Company, Limited
山が見える(やまがみえる):to have the end in sight; to see the mountains",Jouyou. JLPT : N5
"川
sample words:
いささ小川
いさら小川
川越え",かわ,"川:river, stream, brook
いささ小川(いささおがわ):trickling brook
いさら小川(いさらおがわ):trickling brook
川越え(かわごえ):crossing a river",Jouyou. JLPT : N5
"左
sample words:
左かぶ
左くりっく
左手",ひだり,"左:left; the left; leftist
左かぶ(ひだりかぶ):left curve
左くりっく(ひだりくりっく):left-click
左手(ひだりて):left hand; left-hand direction; (on) the left; le.",Jouyou. JLPT : N5
"年
sample words:
うるう年
今年
ため年",とし,"年:year; age, time of life
うるう年(うるうどし):leap year
今年(ことし):this year
ため年(ためどし):same age",Jouyou. JLPT : N5
"日
sample words:
日に当てる
日の入り
日の出",ひ,"日:sun; time; day, date
日に当てる(ひにあてる):to expose to the sun
日の入り(ひのいり):sunset
日の出(ひので):sunrise",Jouyou. JLPT : N5
"月
sample words:
月毛
月ろけっと
ひと月",つき,"月:moon; month
月毛(つきげ):palomino
月ろけっと(つきろけっと):moon rocket
ひと月(ひとつき):one month",Jouyou. JLPT : N5
"木
sample words:
居木
老い木
木場",き,"木:tree; wood; timber; lumber; wooden clappers
居木(いぎ):bars (of a saddle tree)
老い木(おいき):old tree
木場(きば):lumberyard",Jouyou. JLPT : N5
"本
sample words:
旗本八万騎
日の本
本木",もと,"本:beginning, origin; foundation, basis, source; cau..
旗本八万騎(はたもとはちまんき):the shogun's eighty thousand guards, comprising h.
日の本(ひのもと):Japan
本木(もとき):original stock",Jouyou. JLPT : N5
"水
sample words:
黄水
濃水
水漬く",みず,"水:water
黄水(きみず):gall; bile
濃水(こみず):rice water
水漬く(みずく):to be soaked (in water); to be drenched",Jouyou. JLPT : N5
"火
sample words:
蚊火
蚊火
火で溶ける",ひ,"火:fire, flame, blaze
蚊火(かひ):smoky fire to repel mosquitoes
蚊火(かび):smoky fire to repel mosquitoes
火で溶ける(ひでとける):to melt in the fire",Jouyou. JLPT : N5
"生
sample words:
お生
生でた
生飲み込み",なま,"生:grow, spring up; cut (teeth). cultivate, wear (a ..........
お生(おなま):impudence; sauciness
生でた(なまでた):raw data
生飲み込み(なまのみこみ):superficial",Jouyou. JLPT : N5
"男
sample words:
男気
男っ気
男っぽい",おとこ,"男:man, male; fellow; adult; manhood; male servant; .
男気(おとこけ):male presence
男っ気(おとこっけ):male presence
男っぽい(おとこっぽい):boyish; manly",Jouyou. JLPT : N5
"白
sample words:
白味
白目を剥く
白わいん",しろ,"白:white, fair (skin); gray (hair); blank (paper); s.
白味(しろみ):whiteness
白目を剥く(しろめをむく):to faint; to open one's eyes wide (as in fear or .
白わいん(しろわいん):white wine",Jouyou. JLPT : N5
"車
sample words:
うぉむ歯車
車いす
車座",くるま,"車:wheel; vehicle, carriage, wagon; cart, wheelbarro.
うぉむ歯車(うぉむはぐるま):worm gear
車いす(くるまいす):wheelchair
車座(くるまざ):sitting in a circle",Jouyou. JLPT : N5
"金
sample words:
お金
お金持ち
金のこ",かね,"金:money, metal
お金(おかね):money
お金持ち(おかねもち):rich person
金のこ(かねのこ):hacksaw",Jouyou. JLPT : N5
"金
sample words:
金気
金糸雀茄子
金糸雀",かな,"金:money, metal
金気(かなけ):metallic taste; taste of iron
金糸雀茄子(かなりあなす):nipplefruit (Solanum mammosum); cow's udder; titt.
金糸雀(かなりや):canary (esp. the island canary, Serinus canaria)",Jouyou. JLPT : N5
"雨
sample words:
雨が上がる
雨がち
雨が降る",あめ,"雨:rain, rainfall
雨が上がる(あめがあがる):to stop raining
雨がち(あめがち):rainy
雨が降る(あめがふる):to rain",Jouyou. JLPT : N5
"万
sample words:
千代万代
八百万
八十万",よろず,"万:ten thousand; myriad. fully; if by any chance
千代万代(ちよよろずよ):(through) eternity; countless ages; for ever and .
八百万(やおよろず):countless things; myriad
八十万(やそよろず):many",Jouyou. JLPT : N5
"今
sample words:
今しき
今では
今に",いま,"今:now, present time; just now, soon, immediately; (.
今しき(いましき):now
今では(いまでは):nowadays; now
今に(いまに):even now; before long",Jouyou. JLPT : N5
"何
sample words:
何がな
何語
何にしても",なに,"何:what
何がな(なにがな):something
何語(なにご):what language
何にしても(なににしても):anyhow; at any rate; even so",Jouyou. JLPT : N5
"何
sample words:
何か無しに
何期も
何語",なん,"何:what
何か無しに(なんかなしに):casually
何期も(なんきも):many periods
何語(なんご):how many words",Jouyou. JLPT : N5
"前
sample words:
御名前
気前
ずっと前に",まえ,"前:front, fore part; head (of a line); presence; ago.
御名前(おなまえ):name
気前(きまえ):generosity
ずっと前に(ずっとまえに):a long time ago",Jouyou. JLPT : N5
"北
sample words:
北あふりか
北あめりか
北受け",きた,"北:north
北あふりか(きたあふりか):North Africa
北あめりか(きたあめりか):North America
北受け(きたうけ):facing the north",Jouyou. JLPT : N5
"午
sample words:
午年
午の年
午の日",うま,"午:11 a.m.-1 p.m.; 7th zodiac sign
午年(うまどし):year of the Horse
午の年(うまのとし):year of the Horse
午の日(うまのひ):day of the Horse",Jouyou. JLPT : N5
"南
sample words:
真南
南あ
南あじあ",みなみ,"南:south
真南(まみなみ):due south
南あ(みなみあ):South Africa
南あじあ(みなみあじあ):South Asia",Jouyou. JLPT : N5
"友
sample words:
ずっ友
友垣
友子",とも,"友:friend, companion, pal
ずっ友(ずっとも):friends forever
友垣(ともがき):friend
友子(ともこ):comrade; companion; friend",Jouyou. JLPT : N5
"国
sample words:
国こど
国つ
国尽くし",くに,"国:country, land, realm; province; native land
国こど(くにこど):country code
国つ(くにつ):of the land
国尽くし(くにづくし):list of province names",Jouyou. JLPT : N5
"外
sample words:
この外
沙汰の外
その外",ほか,"外:outside, exterior, open air; some other place; ou.......
この外(このほか):moreover; in addition; besides
沙汰の外(さたのほか):out of the question; preposterous; absurd; unreas.
その外(そのほか):and other ...; other than that; and the like; and..",Jouyou. JLPT : N5
"外
sample words:
外様大名
外つ国
外幕",と,"外:outside, exterior, open air; some other place; ou.......
外様大名(とざまだいみょう):non-Tokugawa daimyo
外つ国(とつくに):province outside Kinai; foreign country
外幕(とまく):outer curtain (in a military encampment)",Jouyou. JLPT : N5
"外
sample words:
蚊帳の外
外寝
外見",そと,"外:outside, exterior, open air; some other place; ou.......
蚊帳の外(かやのそと):being excluded; being kept out of the loop; being..
外寝(そとね):sleeping outside (on a hot summer night)
外見(そとみ):looks; outward appearance",Jouyou. JLPT : N5
"後
sample words:
後から
後知恵
後で",あと,"後:after, since then; future; after one's death. bac....
後から(あとから):after; later
後知恵(あとぢえ):hindsight
後で(あとで):afterwards; later (on)",Jouyou. JLPT : N5
"後
sample words:
後ろ手
後面
後ろもたれ",うしろ,"後:after, since then; future; after one's death. bac....
後ろ手(うしろで):rear; back; behind; putting one's hands behind on.
後面(うしろめん):rear; back; rear side
後ろもたれ(うしろもたれ):backward lean out",Jouyou. JLPT : N5
"後
sample words:
後添い
後添え
後に",のち,"後:after, since then; future; after one's death. bac....
後添い(のちぞい):one's second wife
後添え(のちぞえ):one's second wife
後に(のちに):by and by; after a while; later on; subsequently",Jouyou. JLPT : N5
"時
sample words:
かわたれ時
死に時
たそがれ時",とき,"時:time, hour, moment, occasion; season; opportunity.
かわたれ時(かわたれどき):daybreak; dawn
死に時(しにどき):time to die
たそがれ時(たそがれどき):dusk; twilight",Jouyou. JLPT : N5
"東
sample words:
北東
東あじあ
東あふりか",ひがし,"東:east
北東(きたひがし):northeast
東あじあ(ひがしあじあ):East Asia
東あふりか(ひがしあふりか):East Africa",Jouyou. JLPT : N5
"母
sample words:
義理の母
母子
母御",はは,"母:mother; cause; motive
義理の母(ぎりのはは):mother-in-law; stepmother; foster mother
母子(ははこ):mother and child
母御(ははご):mother",Jouyou. JLPT : N5
"毎
sample words:
一年毎
日毎
日毎夜毎",ごと,"毎:each, every, at an interval of, whenever. Apiece
一年毎(いちねんごと):every (one) year
日毎(ひごと):daily; every day
日毎夜毎(ひごとよごと):day after day; every day and every night; daily",Jouyou. JLPT : N5
"父
sample words:
義理の父
父親らしい
父君",ちち,"父:father
義理の父(ぎりのちち):foster father; father-in-law; stepfather
父親らしい(ちちおやらしい):fatherly; paternal
父君(ちちぎみ):father",Jouyou. JLPT : N5
"西
sample words:
西あじあ
西あふりか
西ごと",にし,"西:west
西あじあ(にしあじあ):West Asia
西あふりか(にしあふりか):West Africa
西ごと(にしごと):Visigoth",Jouyou. JLPT : N5
"話
sample words:
御話
話し甲斐
話変わるけど",はなし,"話:talk, speak, converse; tell; explain. chat, conve..
御話(おはなし):discussion; talk; story; tale
話し甲斐(はなしがい):worth talking to
話変わるけど(はなしかわるけど):by the way; changing the subject; on a different .",Jouyou. JLPT : N5
"間
sample words:
いつの間に
借り間
木の間",ま,"間:space, interval, gap; between, among; midway; on ...
いつの間に(いつのまに):when; at what point
借り間(かりま):rented room
木の間(このま):in the trees",Jouyou. JLPT : N5
"間
sample words:
間柄
間食い
間にある",あいだ,"間:space, interval, gap; between, among; midway; on ...
間柄(あいだがら):relation; terms (good, friendly, etc.); relations.
間食い(あいだぐい):eating between meals; snacking
間にある(あいだにある):intervening",Jouyou. JLPT : N5
"高
sample words:
威猛高
梯子高
連結売上高",だか,"高:high, tall, lofty, raised, elevated, eminent; exa.....
威猛高(いたけだか):overbearing; high-handed
梯子高(はしごだか):ladder form of 'high' kanji
連結売上高(れんけつうりあげだか):consolidated sales; consolidated net sales",Jouyou. JLPT : N5
"高
sample words:
威高
売れ高
高が知れる",たか,"高:high, tall, lofty, raised, elevated, eminent; exa.....
威高(いたか):arrogant
売れ高(うれだか):sales
高が知れる(たかがしれる):to be of no importance",Jouyou. JLPT : N5
"丑
sample words:
丑年
丑寅
丑の時参り",うし,"丑年(うしどし):year of the Ox
丑寅(うしとら):northeast
丑の時参り(うしのときまいり):cursing ritual where one visits a shrine at 2am a..",Not Jouyou.
"亥
sample words:
亥年
戌亥
亥の子",い,"亥年(いどし):year of the Boar; year of the Pig
戌亥(いぬい):northwest
亥の子(いのこ):day of the Boar in the month of the Boar (the 10t.",Not Jouyou.
"亦
sample words:
亦亦
心頭滅却すれば火も亦涼し
心頭を滅却すれば火も亦涼し",また,"亦亦(またまた):once again; (there you go) again; yet again
心頭滅却すれば火も亦涼し(しんとうめっきゃくすればひもまたすずし):if you clear your mind of all worldly thoughts, e.
心頭を滅却すれば火も亦涼し(しんとうをめっきゃくすればひもまたすずし):if you clear your mind of all worldly thoughts, e.",Not Jouyou.
"佃
sample words:
佃煮",つくだ,佃煮(つくだに):preserved food boiled in sweetened soy sauce,Not Jouyou.
"佛
sample words:
御佛",ほとけ,御佛(みほとけ):The Buddha; Lord Buddha,Not Jouyou.
"俄
sample words:
俄仕込み
俄に
俄かふぁん",にわか,"俄仕込み(にわかじこみ):hasty preparation
俄に(にわかに):abruptly; unexpectedly; suddenly
俄かふぁん(にわかふぁん):bandwagon fan; fair-weather fan",Not Jouyou.
"俎
sample words:
俎の鯉
俎板の上の鯉",まないた,"俎の鯉(まないたのこい):someone doomed to their fate; fish on the choppin.
俎板の上の鯉(まないたのうえのこい):someone doomed to their fate; fish on the choppin.",Not Jouyou.
"俣
sample words:
二俣",また,二俣(ふたまた):parting of the ways; dichotomy; fence-sitting; bi...,Not Jouyou.
"倭
sample words:
倭歌
倭絵
倭漢氏",やまと,"倭歌(やまとうた):Japanese poem; waka; tanka
倭絵(やまとえ):Yamato-e (classical Japan decorative paintings)
倭漢氏(やまとのあやうじ):Yamato no Aya clan",Not Jouyou.
"儲
sample words:
浮き名儲け
大儲け
ぼろ儲け",もうけ,"浮き名儲け(うきなもうけ):gaining (in prestige, etc.) from being named in a.
大儲け(おおもうけ):a killing; large profit
ぼろ儲け(ぼろもうけ):easy money; making a killing; easy gain",Not Jouyou.
"兜
sample words:
兜合わせ
兜を脱ぐ
角兜",かぶと,"兜合わせ(かぶとあわせ):frot (sex act)
兜を脱ぐ(かぶとをぬぐ):to give up; to surrender; to take one's hat off t..
角兜(つのかぶと):spiked helmet",Not Jouyou.
"冑
sample words:
内冑
冑魚",かぶと,"内冑(うちかぶと):hidden circumstances; inside of a helmet
冑魚(かぶとうお):large-headed midnight fish (Poromitra crassiceps).",Not Jouyou.
"冢
sample words:
陪冢",つか,陪冢(ばいづか):subsidiary burial mound (Kofun period); satellite.,Not Jouyou.
"函
sample words:
暗函
紙函
函館線",はこ,"暗函(あんばこ):black box; camera obscura
紙函(かみばこ):paper carton; paper box
函館線(はこだてせん):Hakodate Line",Not Jouyou.
"匙
sample words:
小匙
匙加減
匙を投げる",さじ,"小匙(こさじ):teaspoon
匙加減(さじかげん):making adjustments based on experience; quantity;...
匙を投げる(さじをなげる):to throw in the towel; to give up (something as h.",Not Jouyou.
"匣
sample words:
櫛匣
小匣
ぱんどらの匣",はこ,"櫛匣(くしばこ):comb box; toiletries case
小匣(こばこ):small box; casket
ぱんどらの匣(ぱんどらのはこ):Pandora's box",Not Jouyou.
"卯
sample words:
卯月
卯木
卯の花月",う,"卯月(うつき):fourth month of the lunar calendar
卯木(うつぎ):deutzia (Deutzia crenata)
卯の花月(うのはなづき):fourth month of the lunar calendar",Not Jouyou.
"厭
sample words:
厭がらせ
厭がる
厭な気持ち",いや,"厭がらせ(いやがらせ):pestering; harassment
厭がる(いやがる):to seem to hate; to appear uncomfortable (with); .
厭な気持ち(いやなきもち):unpleasant feeling",Not Jouyou.
"叉
sample words:
木の叉
角叉
桧葉叉",また,"木の叉(きのまた):crotch of a tree
角叉(つのまた):red algae
桧葉叉(ひばまた):Arctic wrack (Fucus evanescens)",Not Jouyou.
"只
sample words:
只ならない
只ならぬ
只に",ただ,"只ならない(ただならない):unusual; incomparable; serious
只ならぬ(ただならぬ):extraordinary; out of the ordinary; incomparable;.
只に(ただに):only; merely; simply",Not Jouyou.
"吾
sample words:
吾が仏
吾が仏尊し
吾が身",あ,"吾が仏(あがほとけ):my Buddha; my dear
吾が仏尊し(あがほとけとうとし):putting one's own beliefs on a pedestal; being na.
吾が身(あがみ):oneself; you; myself",Not Jouyou.
"咄
sample words:
怪談咄
小咄
天狗咄",はなし,"怪談咄(かいだんばなし):ghost story
小咄(こばなし):anecdote; brief (comic) story
天狗咄(てんぐばなし):story about tengu; boastful story",Not Jouyou.
"咳
sample words:
空咳
空咳
咳き上げる",せき,"空咳(からせき):dry cough; hacking cough; intentional cough (e.g..
空咳(からぜき):hacking cough; dry cough; intentional cough (e.g..
咳き上げる(せきあげる):to sob convulsively; to have a coughing fit",Not Jouyou.
"嘘
sample words:
嘘字
嘘吐き
嘘寝",うそ,"嘘字(うそじ):kanji written with the wrong strokes; incorrectly.
嘘吐き(うそつき):liar; fibber
嘘寝(うそね):feigned sleep; playing possum",Not Jouyou.
"嘴
sample words:
嘴が黄色い
嘴を挟む
嘴をはさむ",くちばし,"嘴が黄色い(くちばしがきいろい):fledgling; green; wet behind the ears; young and .
嘴を挟む(くちばしをさしはさむ):to meddle; to stick one's nose into (someone else.
嘴をはさむ(くちばしをはさむ):to meddle; to stick one's nose into (someone else.",Not Jouyou.
"嘴
sample words:
大嘴
黄嘴鶸
小嘴千鳥",はし,"大嘴(おおはし):toucan
黄嘴鶸(きばしひわ):twite (species of finch, Carduelis flavirostris)
小嘴千鳥(こばしちどり):Eurasian dotterel (Charadrius morinellus); dotter.",Not Jouyou.
"噂
sample words:
噂が立つ
噂が流れる
噂通り",うわさ,"噂が立つ(うわさがたつ):to have a rumor circulating
噂が流れる(うわさがながれる):to have rumors going around (rumours); to have ru.
噂通り(うわさどおり):as rumoured; as rumored",Not Jouyou.
"噓
sample words:
噓吐き
噓っぽい
大噓",うそ,"噓吐き(うそつき):fibber; liar
噓っぽい(うそっぽい):contrived; false-sounding
大噓(おおうそ):outright lie; outrageous lie",Not Jouyou.
"噺
sample words:
落とし噺
小噺
仕形噺",はなし,"落とし噺(おとしばなし):rakugo
小噺(こばなし):anecdote; brief (comic) story
仕形噺(しかたばなし):talking with gestures",Not Jouyou.
"嚢
sample words:
胃嚢
浮き嚢
革嚢",ふくろ,"胃嚢(いぶくろ):stomach; dietary needs
浮き嚢(うきぶくろ):life buoy; air bladder; swim bladder; life jacket.
革嚢(かわぶくろ):leather bag",Not Jouyou.
"國
sample words:
御國",くに,御國(みくに):country; Japan,Not Jouyou.
"址
sample words:
城址",あと,城址(しろあと):castle site; ruins of a castle,Not Jouyou.
"垢
sample words:
垢染みる
垢ばん
手垢",あか,"垢染みる(あかじみる):to become grimy or dirty
垢ばん(あかばん):account ban
手垢(てあか):dirt from the hands; finger marks",Not Jouyou.
"埃
sample words:
砂埃
土埃
埃っぽい",ほこり,"砂埃(すなぼこり):cloud of dust (sand, etc.)
土埃(つちぼこり):dust; cloud of dust
埃っぽい(ほこりっぽい):dust-covered; dusty",Not Jouyou.
"埴
sample words:
埴猪口
埴土",へな,"埴猪口(へなちょこ):novice; worthless person; squirt; greenhorn
埴土(へなつち):clay",Not Jouyou.
"堰
sample words:
井堰
堰板
堰止湖",せき,"井堰(いせき):dam; barrier; weir; sluice
堰板(せきいた):cover; sheathing board; sheeting
堰止湖(せきとめこ):dammed lake (formed by natural damming of a river.",Not Jouyou.
"塵
sample words:
塵紙
塵紙交換
塵紙",ちり,"塵紙(ちりがみ):toilet paper; tissue paper
塵紙交換(ちりがみこうかん):collecting waste paper (old newspapers, etc.) and.
塵紙(ちりし):tissue paper; toilet paper",Not Jouyou.
"壕
sample words:
外壕
壕跡",ほり,"外壕(そとぼり):outer moat (of a castle)
壕跡(ほりあと):remains of a dugout (usu. military)",Not Jouyou.
"壜
sample words:
空き壜
壜詰
安壜",びん,"空き壜(あきびん):empty bottle
壜詰(びんづめ):bottling; bottled
安壜(やすびん):cheap bottle (e.g. of alcohol)",Not Jouyou.
"壷
sample words:
蛙壷黴症
壷湯
野壷",つぼ,"蛙壷黴症(かえるつぼかびしょう):chytridiomycosis (fatal infectious disease of amp.
壷湯(つぼゆ):small (usu. round) bathtub for a single person (i.
野壷(のつぼ):night-soil reservoir dug in the field; field latr.",Not Jouyou.
"壺
sample words:
いんく壺
消し壺
壺に嵌まる",つぼ,"いんく壺(いんくつぼ):inkwell
消し壺(けしつぼ):(jar used as a) charcoal extinguisher
壺に嵌まる(つぼにはまる):to go as expected; to hit the bull's-eye; to succ.",Not Jouyou.
"壻
sample words:
入壻
花壻",むこ,"入壻(いりむこ):man who is adopted by his wife's family; man who ..
花壻(はなむこ):bridegroom",Not Jouyou.
"夷
sample words:
夷顔
夷草",えびす,"夷顔(えびすがお):smiling face
夷草(えびすぐさ):sicklepod (Senna obtusifolia)",Not Jouyou.
"姐
sample words:
姐貴
姐御
姐御肌",あね,"姐貴(あねき):elder sister; older female friend
姐御(あねご):elder sister
姐御肌(あねごはだ):a woman's natural inclination to care for others;.",Not Jouyou.
"姑
sample words:
嫁姑",しゅうとめ,"嫁姑(よめしゅうとめ):daughter-in-law and mother-in-law (relationship, .",Not Jouyou.
"姑
sample words:
小姑
小姑
嫁姑戦争",しゅうと,"小姑(こじゅうと):sister-in-law
小姑(こじゅうとめ):sister-in-law
嫁姑戦争(よめしゅうとせんそう):bride and mother-in-law war; conflict between a b.",Not Jouyou.
"姪
sample words:
姪御
姪子",めい,"姪御(めいご):(another person's) niece
姪子(めいっこ):niece",Not Jouyou.
"娵
sample words:
娵入り",よめ,娵入り(よめいり):wedding; marriage,Not Jouyou.
"寅
sample words:
丑寅
寅歳
寅年生まれ",とら,"丑寅(うしとら):northeast
寅歳(とらどし):year of the Tiger
寅年生まれ(とらどしうまれ):person born in the year of the Tiger; being born .",Not Jouyou.
"屎
sample words:
歯屎
目屎
目糞鼻屎を笑う",くそ,"歯屎(はくそ):(dental) plaque
目屎(めくそ):eye mucus; sleep; eye discharge
目糞鼻屎を笑う(めくそはなくそをわらう):the goop in the eye laughing at the snot in the n.",Not Jouyou.
"屑
sample words:
選り屑
屑屋さん
毛屑",くず,"選り屑(えりくず):trash
屑屋さん(くずやさん):junkman; garbage man; ragman
毛屑(けくず):flock; (bits of) down",Not Jouyou.
"峯
sample words:
大峯石
雲の峯",みね,"大峯石(おおみねせき):ominelite
雲の峯(くものみね):clouds that stand like a mountain peak during the.",Not Jouyou.
"嶋
sample words:
大八嶋国
大八嶋国",しま,"大八嶋国(おおやしまぐに):Japan
大八嶋国(おおやしまのくに):Japan",Not Jouyou.
"嶺
sample words:
嶺桜",みね,嶺桜(みねざくら):Japanese alpine cherry (Prunus nipponica),Not Jouyou.
"嶽
sample words:
御嶽教
御嶽
御嶽教",たけ,"御嶽教(おんたけきょう):Ontake-kyo (sect of Shinto); Mitake-kyo
御嶽(みたけ):large, high mountain
御嶽教(みたけきょう):Mitake-kyo; Ontake-kyo (sect of Shinto)",Not Jouyou.
"巌
sample words:
巌蔭",いわ,巌蔭(いわかげ):shade of a rock,Not Jouyou.
"巳
sample words:
已己巳己
辰巳
辰巳芸者",み,"已己巳己(いこみき):all the same
辰巳(たつみ):southeast
辰巳芸者(たつみげいしゃ):geisha from the Fukagawa red-light district in Ed.",Not Jouyou.
"巴
sample words:
巴蛾
巴戦
巴投げ",ともえ,"巴蛾(ともえが):Indian owlet-moth (Spirama retorta)
巴戦(ともえせん):play-off with 3 wrestlers participating; dogfight
巴投げ(ともえなげ):overhead throw in judo",Not Jouyou.
"巷
sample words:
悪の巷
修羅の巷
巷で話題",ちまた,"悪の巷(あくのちまた):skid row; underworld
修羅の巷(しゅらのちまた):scene of carnage
巷で話題(ちまたでわだい):recently popular; in vogue; much-talked-about",Not Jouyou.
"帚
sample words:
帚星",ほうき,帚星(ほうきぼし):comet,Not Jouyou.
"幡
sample words:
幡幢
幡幢
八幡大学",はた,"幡幢(はたほこ):banner; long-handled Chinese spear bearing a smal.
幡幢(はたぼこ):long-handled Chinese spear bearing a small flag; .
八幡大学(やはただいがく):Yahata University",Not Jouyou.
"廿
sample words:
廿日",にじゅう,廿日(にじゅうにち):20 days; 20th day of the month,Not Jouyou.
"戌
sample words:
戌亥
戌年
戌の年",いぬ,"戌亥(いぬい):northwest
戌年(いぬどし):year of the Dog
戌の年(いぬのとし):year of the Dog",Not Jouyou.
"戎
sample words:
戎講
翁戎貝
十日戎",えびす,"戎講(えびすこう):fete in honor of Ebisu (honour)
翁戎貝(おきなえびすがい):Beyrich's slit shell (species of sea snail, Pleur.
十日戎(とおかえびす):festival held on January 10 in honor of Ebisu, th.",Not Jouyou.
"或
sample words:
或る程度
或日
と或る",ある,"或る程度(あるていど):to a certain extent; to some extent
或日(あるひ):one day; (on) a certain day
と或る(とある):a certain ...",Not Jouyou.
"掟
sample words:
掟破り
村掟",おきて,"掟破り(おきてやぶり):breaking etiquette; illegal; against the rules
村掟(むらおきて):village rules (Edo period); village law",Not Jouyou.
"旁
sample words:
筆旁",つくり,筆旁(ふでづくり):kanji 'brush' radical,Not Jouyou.
"旭
sample words:
旭化成
旭蟹
旭硝子",あさひ,"旭化成(あさひかせい):Asahi Kasei
旭蟹(あさひがに):red frog crab (Ranina ranina)
旭硝子(あさひがらす):Asahi Glass",Not Jouyou.
"晦
sample words:
大晦",つごもり,大晦(おおつごもり):New Year's Eve; the last day of the year,Not Jouyou.
"曙
sample words:
曙繻子蘭
曙草
曙象",あけぼの,"曙繻子蘭(あけぼのしゅすらん):leafy goodyera (Goodyera foliosa)
曙草(あけぼのそう):Swertia bimaculata (species of felwort)
曙象(あけぼのぞう):Akebono elephant (Stegodon aurorae)",Not Jouyou.
"朔
sample words:
初朔日
綿抜の朔日",ついたち,"初朔日(はつついたち):first day of the second month
綿抜の朔日(わたぬきのついたち):1st day of the 4th month of the lunisolar calenda.",Not Jouyou.
"杏
sample words:
杏じゃむ
杏酒",あんず,"杏じゃむ(あんずじゃむ):apricot jam
杏酒(あんずしゅ):sake made from apricot",Not Jouyou.
"杖
sample words:
杖を突く
方杖
頬杖",つえ,"杖を突く(つえをつく):to walk with a cane
方杖(ほうづえ):angle brace; brace (in construction)
頬杖(ほおづえ):brace (in construction); resting one's chin in on.",Not Jouyou.
"杙
sample words:
橋杙
棒杙",くい,"橋杙(はしぐい):bridge pillar
棒杙(ぼうぐい):pile; stake",Not Jouyou.
"杜
sample words:
鎮守の杜
杜の都",もり,"鎮守の杜(ちんじゅのもり):grove of the village shrine
杜の都(もりのみやこ):Capital of Trees (nickname for Sendai City)",Not Jouyou.
"杭
sample words:
切り杭
支持杭
焼け棒杭",くい,"切り杭(きりくい):stump
支持杭(しじくい):bearing pile
焼け棒杭(やけぼくい):ember; charred stake",Not Jouyou.
"柏
sample words:
柏木
柏手
柏手を打つ",かしわ,"柏木(かしわぎ):imperial palace guard; oak tree
柏手(かしわで):clapping one's hands in prayer (at a shrine)
柏手を打つ(かしわでをうつ):to clap one's hands in prayer",Not Jouyou.
"柴
sample words:
火柴
柴垣
柴刈り",しば,"火柴(かしば):match; lucifer
柴垣(しばがき):brushwood fence
柴刈り(しばかり):firewood gathering",Not Jouyou.
"栖
sample words:
終の栖
鷹栖養護学校",す,"終の栖(ついのすみか):one's final abode
鷹栖養護学校(たかすようごがっこう):Takasu Special Needs School (older name style)",Not Jouyou.
"栗
sample words:
あめりか栗
勝ち栗
栗色小鴨",くり,"あめりか栗(あめりかぐり):American chestnut (Castanea dentata)
勝ち栗(かちぐり):dried chestnut
栗色小鴨(くりいろこがも):Auckland teal (Anas aucklandica); Auckland Island.",Not Jouyou.
"桂
sample words:
桂男
桂科
桂剥き",かつら,"桂男(かつらお):man in the moon
桂科(かつらか):Cercidiphyllaceae (monotypic plant family contain.
桂剥き(かつらむき):rotary cutting; thinly slicing into a long strip .",Not Jouyou.
"桐
sample words:
桐材
桐花大綬章
桐一葉",きり,"桐材(きりざい):paulownia wood
桐花大綬章(きりはなだいじゅしょう):Grand Cordon of the Order of the Paulownia Flower.
桐一葉(きりひとは):falling paulownia leaf signaling the beginning of.",Not Jouyou.
"桶
sample words:
飼い桶
けろりん桶
小桶",おけ,"飼い桶(かいおけ):manger
けろりん桶(けろりんおけ):yellow plastic container used at public baths
小桶(こおけ):small bucket",Not Jouyou.
"梁
sample words:
片持梁
基礎梁
梁成",はり,"片持梁(かたもちばり):cantilever
基礎梁(きそばり):footing beam
梁成(はりせい):height of a beam; beam as measured from top to bo.",Not Jouyou.
"梯
sample words:
縄梯子
梯子酒
梯子飲み",はしご,"縄梯子(なわばしご):rope ladder
梯子酒(はしござけ):pub crawl; barhopping
梯子飲み(はしごのみ):barhopping; pub crawl",Not Jouyou.
"梶
sample words:
梶木
梶棒
芭蕉梶木",かじ,"梶木(かじき):spearfish; sailfish; marlin; swordfish
梶棒(かじぼう):thills; shafts (of rickshaws or similar vehicles).
芭蕉梶木(ばしょうかじき):Indo-Pacific sailfish (Istiophorus platypterus)",Not Jouyou.
"棉
sample words:
木棉",わた,木棉(きわた):cotton (material); red silk-cotton tree (Bombax c.,Not Jouyou.
"棘
sample words:
沖縄棘鼠
尻棘大蜥蜴
棘魚",とげ,"沖縄棘鼠(おきなわとげねずみ):Okinawa spinous country-rat; Muennink's spiny rat.
尻棘大蜥蜴(しりとげおおとかげ):freckled monitor; black-headed monitor (Varanus t..
棘魚(とげうお):stickleback (Gasterosteidae spp.)",Not Jouyou.
"棹
sample words:
棹さす
棹立ち
棹物菓子",さお,"棹さす(さおさす):to punt (a boat); to pole (a boat); to go with (t..
棹立ち(さおだち):bolting upright; rearing up (horse)
棹物菓子(さおものがし):Japanese sweets in the form of long blocks (e.g. .",Not Jouyou.
"椙
sample words:
椙山女学園大学",すぎ,椙山女学園大学(すぎやまじょがくえんだいがく):Sugiyama Jogakuen University,Not Jouyou.
"椿
sample words:
乙女椿
寒椿
肥後椿",つばき,"乙女椿(おとめつばき):otome camellia (Camellia japonica f. otome)
寒椿(かんつばき):camellia-like plant native to China
肥後椿(ひごつばき):higo camellia (Camellia japonica var.)",Not Jouyou.
"楊
sample words:
川楊
白楊",やなぎ,"川楊(かわやなぎ):high-quality coarse tea; Salix gilgiana (species ..
白楊(どろやなぎ):Japanese poplar (Populus maximowiczii)",Not Jouyou.
"楫
sample words:
楫取り
楫の木
楫枕",かじ,"楫取り(かじとり):helmsman; guidance; coxswain; steering; leader; l.
楫の木(かじのき):paper mulberry (Broussonetia papyrifera)
楫枕(かじまくら):voyage",Not Jouyou.
"楯
sample words:
小楯
醜の御楯
楯状火山",たて,"小楯(こだて):screen; small shield
醜の御楯(しこのみたて):the humble shield of our Sovereign Lord
楯状火山(たてじょうかざん):shield volcano",Not Jouyou.
"槍
sample words:
毛槍
たんぽ槍
手槍",やり,"毛槍(けやり):keyari; long, feathered ornamental spear carried .
たんぽ槍(たんぽやり):padded spear (for practice)
手槍(てやり):short spear; javelin",Not Jouyou.
"樽
sample words:
柄樽
角樽
びや樽",たる,"柄樽(えだる):red and black lacquered sake cask with horn-like .
角樽(つのだる):two-handled keg
びや樽(びやだる):beer barrel",Not Jouyou.
"橘
sample words:
右近の橘
京都橘大学
御前橘",たちばな,"右近の橘(うこんのたちばな):tachibana tree west of the southern stairs of the.
京都橘大学(きょうとたちばなだいがく):Kyoto Tachibana University
御前橘(ごぜんたちばな):crackerberry; Canadian dwarf cornel (Cornus canad.",Not Jouyou.
"檄
sample words:
檄文
檄をとばす",げき,"檄文(げきぶん):manifesto; declaration; written appeal
檄をとばす(げきをとばす):to issue a manifesto; to appeal",Not Jouyou.
"檻
sample words:
象の檻",おり,象の檻(ぞうのおり):elephant cage; large circular antenna array used .,Not Jouyou.
"櫛
sample words:
櫛切り
櫛水母類
櫛歯",くし,"櫛切り(くしぎり):cutting into wedges
櫛水母類(くしくらげるい):comb jellies (jellyfish-like animals of the phylu.
櫛歯(くしば):comb teeth",Not Jouyou.
"櫻
sample words:
櫻井鉱
櫻花
初櫻",さくら,"櫻井鉱(さくらいこう):sakuraiite
櫻花(さくらばな):cherry blossom
初櫻(はつざくら):first cherry blossom of the year",Not Jouyou.
"殃
sample words:
池魚の殃",わざわい,池魚の殃(ちぎょのわざわい):collateral damage; having a fire spread to one's ..,Not Jouyou.
"汐
sample words:
血汐
引汐",しお,"血汐(ちしお):hot-bloodedness; hot blood; spurt of blood; ardou.
引汐(ひきしお):ebb tide",Not Jouyou.
"沓
sample words:
沓摺り
沓脱ぎ石
深沓",くつ,"沓摺り(くつずり):threshold plate; door sill
沓脱ぎ石(くつぬぎいし):stepping stone
深沓(ふかぐつ):deep boots",Not Jouyou.
"沫
sample words:
沫雪",あわ,沫雪(あわゆき):light snowfall,Not Jouyou.
"泪
sample words:
泪ながら",なみだ,泪ながら(なみだながら):while crying; tearfully; in tears,Not Jouyou.
"涎
sample words:
涎掛け
涎物
涎物",よだれ,"涎掛け(よだれかけ):bib; drool bib
涎物(よだれもの):something to drool over; very attractive thing
涎物(よだれもん):something to drool over; very attractive thing",Not Jouyou.
"湊
sample words:
春の湊",みなと,春の湊(はるのみなと):end of spring,Not Jouyou.
"濠
sample words:
空濠
外濠",ほり,"空濠(からぼり):dry moat
外濠(そとぼり):outer moat (of a castle)",Not Jouyou.
"烏
sample words:
烏勘左衛門
烏座
烏魚子",からす,"烏勘左衛門(からすかんざえもん):crow; tanned person; being penniless; Mr Crow; da.
烏座(からすざ):the Raven; Corvus (constellation); the Crow
烏魚子(からすみ):dried mullet roe",Not Jouyou.
"烟
sample words:
烟たい
烟たがる
烟出し",けむ,"烟たい(けむたい):uncomfortable; ill at ease; awkward; smoky
烟たがる(けむたがる):to consider (someone) a burden or nuisance; to di..
烟出し(けむだし):chimney",Not Jouyou.
"烟
sample words:
烟に巻く
水烟",けむり,"烟に巻く(けむりにまく):to confuse (someone); to befuddle; to surround wi..
水烟(みずけむり):suien; mist over a body of water; four decorative..",Not Jouyou.
"燕
sample words:
燕鱏",つばくろ,燕鱏(つばくろえい):Japanese butterfly ray (Gymnura japonica),Not Jouyou.
"燕
sample words:
穴燕
岩燕
台湾小洞燕",つばめ,"穴燕(あなつばめ):swiftlet
岩燕(いわつばめ):Asian house martin (Delichon dasypus)
台湾小洞燕(たいわんしょうどうつばめ):brown-throated sand martin; brown-throated martin.",Not Jouyou.
"爲
sample words:
爲に",ため,爲に(ために):as a result of; because of; in favor of; in favou..,Not Jouyou.
"牆
sample words:
築牆
兄弟牆に鬩ぐ",かき,"築牆(ついかき):mud wall with a roof
兄弟牆に鬩ぐ(けいていかきにせめぐ):to quarrel among friends (or siblings)",Not Jouyou.
"牝
sample words:
牝犬
牝猫",めす,"牝犬(めすいぬ):female dog; bitch
牝猫(めすねこ):female cat",Not Jouyou.
"牝
sample words:
牝鶏",めん,牝鶏(めんどり):female bird; hen,Not Jouyou.
"牡
sample words:
牡猫",おす,牡猫(おすねこ):male cat; tomcat,Not Jouyou.
"牡
sample words:
牡鳥",おん,牡鳥(おんどり):cock; rooster; chanticleer,Not Jouyou.
"狐
sample words:
狐狩り
狐矢
狐を落とす",きつね,"狐狩り(きつねがり):fox hunt; fox hunting
狐矢(きつねや):stray arrow
狐を落とす(きつねをおとす):to exorcise a fox spirit (from a person)",Not Jouyou.
"狗
sample words:
狗鷲
喪家の狗
虎を画きて狗に類す",いぬ,"狗鷲(いぬわし):golden eagle (Aquila chrysaetos)
喪家の狗(そうかのいぬ):feeling lost like a stray dog
虎を画きて狗に類す(とらをえがきていぬにるいす):attempting to be something you are not; drawing a.",Not Jouyou.
"狸
sample words:
岩狸
同じ穴の狸
狸蕎麦",たぬき,"岩狸(いわだぬき):hyrax
同じ穴の狸(おなじあなのたぬき):birds of a feather; (villains) of the same stripe.
狸蕎麦(たぬきそば):soba with tempura batter",Not Jouyou.
"狼
sample words:
蝦夷狼
狼座
狼爪",おおかみ,"蝦夷狼(えぞおおかみ):Hokkaido wolf (Canis lupus hattai, extinct)
狼座(おおかみざ):Lupus (constellation); the Wolf
狼爪(おおかみづめ):dewclaw",Not Jouyou.
"猪
sample words:
猪武者
河猪
小人猪",いのしし,"猪武者(いのししむしゃ):foolhardy warrior; daredevil; hotspur
河猪(かわいのしし):bush pig
小人猪(こびといのしし):pygmy hog (Porcula salvania)",Not Jouyou.
"瑕
sample words:
玉に瑕",きず,玉に瑕(たまにきず):only trouble; only fault; fly in the ointment; sm.,Not Jouyou.
"甥
sample words:
甥子
甥っこ",おい,"甥子(おいご):nephew
甥っこ(おいっこ):nephew",Not Jouyou.
"畠
sample words:
田畠",はたけ,田畠(たはたけ):fields (of rice and other crops),Not Jouyou.
"畠
sample words:
田畠
段段畠
田畠",はた,"田畠(たはた):fields (of rice and other crops)
段段畠(だんだんばたけ):terraced farm; terraced fields
田畠(でんばた):fields (of rice and other crops)",Not Jouyou.
"疵
sample words:
疵つける
手疵
引っかき疵",きず,"疵つける(きずつける):to hurt someone's feelings (pride, etc.); to scra.
手疵(てきず):wound (suffered in a fight)
引っかき疵(ひっかききず):scratch; scratch mark",Not Jouyou.
"痣
sample words:
青痣
黒痣",あざ,"青痣(あおあざ):bruise
黒痣(くろあざ):beauty mark; black mole",Not Jouyou.
"瘤
sample words:
瘤牛
瘤つき
たん瘤",こぶ,"瘤牛(こぶうし):zebu
瘤つき(こぶつき):having a child from a former relationship (when r..
たん瘤(たんこぶ):protuberance; lump; bump (e.g. on forehead); swel.",Not Jouyou.
"皴
sample words:
皴を寄せる
たたみ皴",しわ,"皴を寄せる(しわをよせる):to furrow; to crimple; to wrinkle up (one's eyebr.
たたみ皴(たたみじわ):crease (from folding)",Not Jouyou.
"皺
sample words:
小皺
皺皺
皺っぽい",しわ,"小皺(こじわ):fine wrinkles; crow's feet
皺皺(しわしわ):crumpled; wrinkled
皺っぽい(しわっぽい):wrinkled; rumpled",Not Jouyou.
"盃
sample words:
固めの盃
組み盃
水盃",さかずき,"固めの盃(かためのさかずき):cup of sake used to drink to the establishment of..
組み盃(くみさかずき):a nest of sake cups
水盃(みずさかずき):farewell cups of water",Not Jouyou.
"碇
sample words:
碇草
碇綱",いかり,"碇草(いかりそう):horny goat weed (Epimedium grandiflorum var. thun.
碇綱(いかりづな):anchor cable",Not Jouyou.
"磐
sample words:
天の磐戸
磐城
磐境",いわ,"天の磐戸(あまのいわと):Gate of the Celestial Rock Cave
磐城(いわき):Iwaki (former province located in the central and..
磐境(いわさか):shrine",Not Jouyou.
"磯
sample words:
磯べ
磯辺巻き",いそ,"磯べ(いそべ):food wrapped in nori; seashore; beach
磯辺巻き(いそべまき):bite-sized morsels wrapped in nori",Not Jouyou.
"礒
sample words:
礒釣",いそ,礒釣(いそづり):fishing from rocks by the shore; rock fishing; su.,Not Jouyou.
"禿
sample words:
つるっ禿
禿げ具合
禿鷹",はげ,"つるっ禿(つるっぱげ):person with a shiny, bald head; shiny, bald head
禿げ具合(はげぐあい):stage of balding; degree of baldness
禿鷹(はげたか):condor; vulture",Not Jouyou.
"秤
sample words:
皿秤
捩り秤
秤にかける",はかり,"皿秤(さらばかり):balance; scales
捩り秤(ねじりばかり):torsion balance
秤にかける(はかりにかける):to weigh on a scale; to compare pros and cons; to.",Not Jouyou.
"稀
sample words:
極稀
稀に見る
稀人",まれ,"極稀(ごくまれ):extremely rare
稀に見る(まれにみる):extraordinary; rare; singular
稀人(まれびと):joy-bringing spirit from the divine realms; visit.",Not Jouyou.
"穗
sample words:
初穗",ほ,初穗(はつほ):first crops of the season; offering (to the gods)..,Not Jouyou.
"竃
sample words:
御竃蟋蟀
土竃",かま,"御竃蟋蟀(おかまこおろぎ):cave cricket; camelback cricket; camel cricket (D.
土竃(どがま):earthen kiln",Not Jouyou.
"竈
sample words:
御竈
御竈蟋蟀
お竈を興す",かま,"御竈(おかま):pot; (preoperative) transgender woman; male trans..
御竈蟋蟀(おかまこおろぎ):camelback cricket; spider cricket; cave cricket; .
お竈を興す(おかまをおこす):to make a fortune",Not Jouyou.
"竪
sample words:
竪穴
竪穴式住居
竪穴住居",たて,"竪穴(たてあな):shaft; pit
竪穴式住居(たてあなしきじゅうきょ):dugout; pit dwelling
竪穴住居(たてあなじゅうきょ):pit dwelling; dugout",Not Jouyou.
"竿
sample words:
竿立ち
継ぎ竿
釣竿",さお,"竿立ち(さおだち):rearing up (horse); bolting upright
継ぎ竿(つぎざお):a jointed fishing rod
釣竿(つりざお):fishing rod",Not Jouyou.
"笠
sample words:
笠懸け
笠懸け
笠に懸かる",かさ,"笠懸け(かさかけ):target shooting on horseback; mounted archery
笠懸け(かさがけ):target shooting on horseback; mounted archery
笠に懸かる(かさにかかる):to be highhanded; to be arrogant; to be overbeari.",Not Jouyou.
"笹
sample words:
いささ小笹
笹牛の舌
笹寿司",ささ,"いささ小笹(いささおざさ):small bamboo; short bamboo
笹牛の舌(ささうしのした):bamboo sole (Heteromycteris japonica)
笹寿司(ささずし):sasazushi (sushi wrapped in bamboo leaf)",Not Jouyou.
"筈
sample words:
その筈
手筈
筈押し",はず,"その筈(そのはず):of course; as it should be; as expected; no wonde.
手筈(てはず):program; arrangements; plan; preparations; progra.
筈押し(はずおし):armpit push; pushing up with hands under opponent.",Not Jouyou.
"箒
sample words:
手箒
刷毛箒
刷毛箒",ほうき,"手箒(てぼうき):whisk broom
刷毛箒(はけほうき):whisk broom
刷毛箒(はけぼうき):whisk broom",Not Jouyou.
"箭
sample words:
神箭
征箭",や,"神箭(かみや):divine arrow
征箭(そや):arrow (for use in battle)",Not Jouyou.
"篠
sample words:
篠竹",ささ,篠竹(ささたけ):small bamboo,Not Jouyou.
"篭
sample words:
駕篭かき
手篭
町駕篭",かご,"駕篭かき(かごかき):palanquin bearer; sedan chair bearer
手篭(てかご):handbasket
町駕篭(まちかご):palanquin",Not Jouyou.
"籾
sample words:
種籾
籾摺",もみ,"種籾(たねもみ):seed rice
籾摺(もみずり):hulling rice",Not Jouyou.
"粥
sample words:
御粥
冬至粥
ぱん粥",かゆ,"御粥(おかゆ):rice gruel; watery cooked rice; thin rice porridg.
冬至粥(とうじがゆ):adzuki bean rice gruel eaten on the day of the wi..
ぱん粥(ぱんがゆ):bread porridge",Not Jouyou.
"糀
sample words:
糀漬",こうじ,"糀漬(こうじづけ):food pickled in malted rice; fish, meat, vegetabl.",Not Jouyou.
"糊
sample words:
ごむ糊
すぷれ糊
血糊",のり,"ごむ糊(ごむのり):mucilage
すぷれ糊(すぷれのり):spray glue; spray adhesive
血糊(ちのり):clotted blood; gore; sticky clots of blood",Not Jouyou.
"糞
sample words:
糞落ち着き
糞びっち
糞惚け",くそ,"糞落ち着き(くそおちつき):provokingly calm
糞びっち(くそびっち):bitch
糞惚け(くそぼけ):shit for brains",Not Jouyou.
"紐
sample words:
顎紐
打ち紐
小紐",ひも,"顎紐(あごひも):chin strap
打ち紐(うちひも):braided cord
小紐(こひも):small strap tied at the waist of a hanpi",Not Jouyou.
"袴
sample words:
袴着
袴地
緋の袴",はかま,"袴着(はかまぎ):ceremony fitting child with a hakama
袴地(はかまじ):fabric used for a hakama; skirting
緋の袴(ひのはかま):red hakama (worn by miko or noblewomen at court)",Not Jouyou.
"綠
sample words:
黃綠
綠色",みどり,"黃綠(きみどり):pea green; yellow-green
綠色(みどりいろ):green color; green",Not Jouyou.
"綴
sample words:
原綴り
綴り合せる
綴方",つづり,"原綴り(げんつづり):spelling in the original language; spelling in th.
綴り合せる(つづりあわせる):to bind together
綴方(つづりかた):school composition; (way of) literary composition.",Not Jouyou.
"緋
sample words:
緋い",あか,緋い(あかい):Red; vermilion; crimson; communist; scarlet,Not Jouyou.
"縞
sample words:
縞馬
縞すかんく
縞ぱん",しま,"縞馬(しまうま):zebra
縞すかんく(しますかんく):striped skunk (Mephitis mephitis)
縞ぱん(しまぱん):striped panties",Not Jouyou.
"縡
sample words:
縡切れる",こと,縡切れる(こときれる):to die; to breathe one's last; to expire; to pass.,Not Jouyou.
"罠
sample words:
債務の罠
罠網
罠猟",わな,"債務の罠(さいむのわな):debt trap (esp. at national level)
罠網(わなみ):snare
罠猟(わなりょう):hunting with traps; animal trapping",Not Jouyou.
"翠
sample words:
翠色
翠屋",みどり,"翠色(みどりいろ):green color; green
翠屋(みどりや):Midoriya",Not Jouyou.
"翳
sample words:
翳り",かげ,翳り(かげり):cloud; shade; gloom; shadow (e.g. on someone's ha.,Not Jouyou.
"聟
sample words:
相聟
花聟",むこ,"相聟(あいむこ):brother-in-law
花聟(はなむこ):bridegroom",Not Jouyou.
"肱
sample words:
片肱
肱掛椅子
肱木",ひじ,"片肱(かたひじ):one elbow
肱掛椅子(ひじかけいす):armchair; senior staff; chair with arm rests
肱木(ひじき):corbel piece; bracket; ancon",Not Jouyou.
"胯
sample words:
胯座",また,胯座(またぐら):thigh; crotch; crutch; groin,Not Jouyou.
"脛
sample words:
脹脛",はぎ,脹脛(ふくらはぎ):calf (of leg),Not Jouyou.
"腋
sample words:
腋明け
腋臭
腋毛",わき,"腋明け(わきあけ):clothing with such an opening (usu. worn by women.....
腋臭(わきくさ):body odor (odour); abnormal underarm odor
腋毛(わきげ):underarm hair; armpit hair",Not Jouyou.
"腿
sample words:
牛腿肉
外腿
太腿を出す",もも,"牛腿肉(うしももにく):round steak; beef round
外腿(そともも):outer thigh
太腿を出す(ふとももをだす):to bare one's buttocks; to expose one's thighs",Not Jouyou.
"膏
sample words:
膏汗",あぶら,膏汗(あぶらあせ):cold sweat; greasy sweat,Not Jouyou.
"臀
sample words:
臀鰭",しり,臀鰭(しりびれ):anal fin (of a fish),Not Jouyou.
"臍
sample words:
お臍
出臍
臍繰り",へそ,"お臍(おへそ):belly button; navel
出臍(でべそ):protruding navel; outie
臍繰り(へそくり):money hidden away; secret savings; secret stash",Not Jouyou.
"臍
sample words:
臍を固める
臍を噛む",ほぞ,"臍を固める(ほぞをかためる):to make up one's mind (to do something); to resol.
臍を噛む(ほぞをかむ):to be very sorry (for); to regret bitterly; to bi.",Not Jouyou.
"臑
sample words:
親の臑噛り
毛臑
臑毛",すね,"親の臑噛り(おやのすねかじり):sponging off one's parents
毛臑(けずね):hairy legs
臑毛(すねげ):leg hair",Not Jouyou.
"舅
sample words:
小舅",しゅうと,小舅(こじゅうと):brother-in-law,Not Jouyou.
"舵
sample words:
面舵を取る
舵柄
舵無し",かじ,"面舵を取る(おもかじをとる):to steer to starboard
舵柄(かじづか):helm; yoke
舵無し(かじなし):coxless (rowing)",Not Jouyou.
"苔
sample words:
苔生す
銭苔
角苔",こけ,"苔生す(こけむす):to become aged; to grow over with moss; to become.
銭苔(ぜにごけ):liverwort
角苔(つのごけ):hornwort",Not Jouyou.
"苧
sample words:
苧環蒸
苧実
真苧",お,"苧環蒸(おだまきむし):odamaki mushi; egg custard dish on a base of udon.
苧実(おのみ):hemp seed
真苧(まお):ramie (Boehmeria nivea var. nipononivea)",Not Jouyou.
"苺
sample words:
苺すぷん
大薔薇苺
おらんだ苺",いちご,"苺すぷん(いちごすぷん):spoon with a flat base used for squashing and eat.
大薔薇苺(おおばらいちご):Rubus croceacanthus (species of raspberry)
おらんだ苺(おらんだいちご):garden strawberry (Fragaria x ananassa)",Not Jouyou.
"茸
sample words:
樺のあな茸
虎列剌茸
椎の灯火茸",たけ,"樺のあな茸(かばのあなたけ):chaga mushroom (Inonotus obliquus)
虎列剌茸(これらたけ):Galerina fasciculata (poisonous mushroom)
椎の灯火茸(しいのともしびたけ):Mycena lux-coeli (bioluminescent species of mushr.",Not Jouyou.
"茸
sample words:
茸取り
茸飯
毒茸",きのこ,"茸取り(きのことり):mushroom gathering
茸飯(きのこめし):rice with grilled mushrooms
毒茸(どくきのこ):poisonous mushroom; toadstool",Not Jouyou.
"荳
sample words:
荳科",まめ,荳科(まめか):Fabaceae (pea family of plants),Not Jouyou.
"荻
sample words:
荻江節
荻野学説
荻野式",おぎ,"荻江節(おぎえぶし):type of Japanese music
荻野学説(おぎのがくせつ):Ogino theory (basis of the rhythm method)
荻野式(おぎのしき):Ogino method (of birth control); rhythm method",Not Jouyou.
"莓
sample words:
木莓",いちご,"木莓(きいちご):raspberry (any plant of genus Rubus, esp. Rubus p.",Not Jouyou.
"莨
sample words:
莨草",たばこ,莨草(たばこぐさ):Desmarestia tabacoides (species of algae),Not Jouyou.
"菅
sample words:
蝦夷黄菅
日光黄菅
真菅",すげ,"蝦夷黄菅(えぞきすげ):lemon lily; lemon day-lily (Hemerocallis lilioasp..
日光黄菅(にっこうきすげ):orange-yellow day lily; day lily (Hemerocallis du.
真菅(ますげ):sedge",Not Jouyou.
"萩
sample words:
お萩
木萩
萩女子短大",はぎ,"お萩(おはぎ):rice ball coated with sweetened red beans, soybea.
木萩(きはぎ):Lespedeza buergeri (species of bush clover)
萩女子短大(はぎじょしたんだい):Hagi Women's Junior College",Not Jouyou.
"葱
sample words:
あいぬ葱
小葱
葱ぱい",ねぎ,"あいぬ葱(あいぬねぎ):Alpine leek (Allium victorialis var. platyphyllum.
小葱(こねぎ):green spring onion shoots
葱ぱい(ねぎぱい):green onion pancake",Not Jouyou.
"蒼
sample words:
蒼蒼
蒼黒い
蒼ざめる",あお,"蒼蒼(あおあお):lush; fresh and green; bright green; verdant
蒼黒い(あおぐろい):bluish black; black with hints of blue (as in a b.
蒼ざめる(あおざめる):to turn pale; to become pale",Not Jouyou.
"蓙
sample words:
寝蓙",ござ,寝蓙(ねござ):rush mat for sleeping; sleeping mat,Not Jouyou.
"蓮
sample words:
蓮の蔤
蓮葉
蓮葉",はちす,"蓮の蔤(はちすのはい):lotus root
蓮葉(はちすは):lotus leaf; wanton; vulgar
蓮葉(はちすば):wanton; lotus leaf; vulgar",Not Jouyou.
"蔭
sample words:
お蔭で
蔭ながら
小蔭",かげ,"お蔭で(おかげで):thanks to ...; because of ...; owing to ...
蔭ながら(かげながら):from a distance; from the sidelines; from behind ..
小蔭(こかげ):small hiding place; nook",Not Jouyou.
"蕈
sample words:
香蕈
笑い蕈
笑い蕈",たけ,"香蕈(しいたけ):shiitake mushroom (Lentinula edodes)
笑い蕈(わらいたけ):Panaeolus papilionaceus (species of poisonous mus.
笑い蕈(わらいだけ):Panaeolus papilionaceus (species of poisonous mus.",Not Jouyou.
"蕾
sample words:
薔薇の蕾",つぼみ,薔薇の蕾(ばらのつぼみ):rosebud,Not Jouyou.
"薯
sample words:
薯蕷粥
唐薯
田代薯",いも,"薯蕷粥(いもがゆ):rice gruel with diced sweet potatoes; gruel with ..
唐薯(からいも):sweet potato (Ipomoea batatas)
田代薯(たしろいも):taccad (any plant of family Taccaceae)",Not Jouyou.
"藁
sample words:
寝藁
麦藁蜻蛉
麦藁帽子",わら,"寝藁(ねわら):(stable) litter
麦藁蜻蛉(むぎわらとんぼ):dragonfly
麦藁帽子(むぎわらぼうし):straw hat",Not Jouyou.
"藷
sample words:
藷掘り
蘿藷
焼藷",いも,"藷掘り(いもほり):sweet potato digger; digging for sweet potatoes (.
蘿藷(ががいも):rough potato (Metaplexis japonica)
焼藷(やきいも):baked sweet potato; roasted sweet potato",Not Jouyou.
"蘚
sample words:
杉蘚
水蘚
高野の万年蘚",こけ,"杉蘚(すぎごけ):haircap moss (Polytrema formosum)
水蘚(みずごけ):bog moss; peat moss; sphagnum
高野の万年蘚(こうやのまんねんごけ):Climacium japonicum (species of moss)",Not Jouyou.
"處
sample words:
臺處",ところ,臺處(だいどころ):kitchen; financial situation,Not Jouyou.
"蛙
sample words:
井の中の蛙
蛙狩神事
蛙狩の神事",かわず,"井の中の蛙(いのなかのかわず):frog in a well; person who is ignorant of the rea.
蛙狩神事(かわずがりしんじ):frog hunting ritual
蛙狩の神事(かわずがりのしんじ):frog hunting ritual",Not Jouyou.
"蛸
sample words:
腕長隠れ蛸
酢蛸
蛸焼き器",たこ,"腕長隠れ蛸(うでながかくれだこ):algae octopus (Abdopus aculeatus)
酢蛸(すだこ):(sliced and) pickled octopus
蛸焼き器(たこやきき):takoyaki pan (cast iron with semi-spherical molds.",Not Jouyou.
"蝉
sample words:
蝉海老
蝉の羽月
夏蝉",せみ,"蝉海老(せみえび):blunt slipper lobster (species of shovel-nosed lo.
蝉の羽月(せみのはづき):sixth lunar month
夏蝉(なつぜみ):summer cicadas",Not Jouyou.
"蝦
sample words:
蝦根
おまる蝦
小蝦",えび,"蝦根(えびね):Calanthe discolor (species of orchid)
おまる蝦(おまるえび):lobster
小蝦(こえび):small shrimp, prawn or lobster; shrimp (infraorde.",Not Jouyou.
"蝿
sample words:
小蝿
胡麻の蝿
たま蝿",はえ,"小蝿(こばえ):small household fly (e.g. fruit fly)
胡麻の蝿(ごまのはえ):thief posing as fellow traveller (traveler)
たま蝿(たまばえ):gall midge (any insect of family Cecidomyiidae)",Not Jouyou.
"螢
sample words:
螢石
螢火",ほたる,"螢石(ほたるいし):fluorspar; fluorite
螢火(ほたるび):nearly extinguished fire; glow of a firefly; embe.",Not Jouyou.
"蟬
sample words:
啞蟬
夕蟬",せみ,"啞蟬(おしぜみ):Asian cicada; voiceless cicada (female)
夕蟬(ゆうぜみ):cicada singing at dusk",Not Jouyou.
"蟲
sample words:
へこき蟲
蟲出し",むし,"へこき蟲(へこきむし):stink bug; stinky bug (esp. the bombardier beetle.
蟲出し(むしだし):first spring thunderstorm of the year",Not Jouyou.
"蟹
sample words:
蟹座
蟹刺し
蟹しゃぶ",かに,"蟹座(かにざ):the Crab; Cancer (constellation)
蟹刺し(かにさし):crab sashimi
蟹しゃぶ(かにしゃぶ):crab shabu-shabu",Not Jouyou.
"蟻
sample words:
赤噛み蟻
蟻の門渡り
蟻んこ",あり,"赤噛み蟻(あかかみあり):tropical fire ant (Solenopsis geminata)
蟻の門渡り(ありのとわたり):perineum; very narrow passage; taint
蟻んこ(ありんこ):ant",Not Jouyou.
"蠅
sample words:
小蠅
たま蠅
地中海実蠅",はえ,"小蠅(こばえ):small household fly (e.g. fruit fly)
たま蠅(たまばえ):gall midge (any insect of family Cecidomyiidae)
地中海実蠅(ちちゅうかいみばえ):medfly; Mediterranean fruit fly (Ceratitis capita.",Not Jouyou.
"蠏
sample words:
蠏缶
蠏工船
蠏座",かに,"蠏缶(かにかん):canned crab
蠏工船(かにこうせん):crab-canning boat
蠏座(かにざ):Cancer (constellation); the Crab",Not Jouyou.
"蠣
sample words:
的矢牡蠣",かき,"的矢牡蠣(まとやかき):Matoya Oyster (from Matoya bay, Mie-ken)",Not Jouyou.
"衿
sample words:
裏衿
衿裏
衿刳り",えり,"裏衿(うらえり):neckband lining
衿裏(えりうら):lining of the collar
衿刳り(えりぐり):neckline (of dress, etc.)",Not Jouyou.
"裡
sample words:
冥冥の裡",うち,冥冥の裡(めいめいのうち):unawares; before one is aware,Not Jouyou.
"襖
sample words:
襖絵
襖紙
襖越し",ふすま,"襖絵(ふすまえ):images drawn or painted on fusuma
襖紙(ふすまがみ):paper pasted over a fusuma (similar to wallpaper).
襖越し(ふすまごし):through a fusuma",Not Jouyou.
"訛
sample words:
お国訛
国訛",なまり,"お国訛(おくになまり):one's native dialect
国訛(くになまり):provincial dialect; local accent",Not Jouyou.
"贋
sample words:
贋あかしあ
贋印
贋金",にせ,"贋あかしあ(にせあかしあ):robinia pseudoacacia; black locust
贋印(にせいん):forged seal
贋金(にせがね):counterfeit money",Not Jouyou.
"跣
sample words:
玄人跣
素跣",はだし,"玄人跣(くろうとはだし):ability that outdoes (shames) professionals
素跣(すはだし):barefoot",Not Jouyou.
"踵
sample words:
踵を返す",きびす,踵を返す(きびすをかえす):to return; to turn back; to turn on one's heel,Not Jouyou.
"踵
sample words:
踵落とし",かかと,踵落とし(かかとおとし):axe kick; ax kick,Not Jouyou.
"躯
sample words:
躯で覚える",からだ,躯で覚える(からだでおぼえる):to master something (through personal experience),Not Jouyou.
"躾
sample words:
不躾",しつけ,不躾(ぶしつけ):insolent; blunt; impolite; ill-bred; rude; impude.,Not Jouyou.
"辰
sample words:
辰年
辰の年
辰の日",たつ,"辰年(たつどし):year of the Dragon
辰の年(たつのとし):year of the Dragon
辰の日(たつのひ):day of the Dragon",Not Jouyou.
"辻
sample words:
辻駕籠
辻自動車
辻褄が合う",つじ,"辻駕籠(つじかご):street palanquin
辻自動車(つじじどうしゃ):taxicab
辻褄が合う(つじつまがあう):to be coherent; to be consistent",Not Jouyou.
"遑
sample words:
枚挙に遑が無い",いとま,枚挙に遑が無い(まいきょにいとまがない):too numerous to mention; too many to count,Not Jouyou.
"酉
sample words:
酉年
酉の年
酉の日",とり,"酉年(とりどし):year of the Cock; year of the Rooster
酉の年(とりのとし):year of the Rooster
酉の日(とりのひ):day of the Cock; day of the Rooster",Not Jouyou.
"醋
sample words:
醋橘",す,"醋橘(すだち):sudachi (species of Japanese citrus, Citrus sudac.",Not Jouyou.
"釘
sample words:
掛け釘
木釘
目釘",くぎ,"掛け釘(かけくぎ):peg
木釘(きくぎ):wooden peg
目釘(めくぎ):rivet on a sword hilt",Not Jouyou.
"鉉
sample words:
鉉鍋",つる,鉉鍋(つるなべ):pot with a bail for a handle,Not Jouyou.
"銹
sample words:
黒銹病
銹菌
銹病",さび,"黒銹病(くろさびびょう):black rust
銹菌(さびきん):rust (fungus)
銹病(さびびょう):rust fungus; (plant) rust",Not Jouyou.
"鋏
sample words:
木鋏
梳き鋏
止め鋏",はさみ,"木鋏(きばさみ):pruning shears
梳き鋏(すきばさみ):thinning scissors; thinning shears
止め鋏(とめばさみ):final cut severing a wrestler's top-knot in his r.",Not Jouyou.
"鋸
sample words:
金鋸
鋸歯
鋸屋根",のこぎり,"金鋸(かねのこぎり):hacksaw
鋸歯(のこぎりば):teeth of a saw; serration
鋸屋根(のこぎりやね):sawtooth roof; saw-tooth roof",Not Jouyou.
"錆
sample words:
赤錆
錆び錆び
錆びる",さび,"赤錆(あかさび):rust
錆び錆び(さびさび):rusty; rusted
錆びる(さびる):to rust; to become rusty",Not Jouyou.
"錨
sample words:
錨草
錨綱
予備錨",いかり,"錨草(いかりそう):horny goat weed (Epimedium grandiflorum var. thun.
錨綱(いかりづな):anchor cable
予備錨(よびいかり):spare anchor",Not Jouyou.
"錫
sample words:
塩化錫
酸化錫
錫石",すず,"塩化錫(えんかすず):tin chloride
酸化錫(さんかすず):stannous oxide (SnO); stannic oxide (SnO2)
錫石(すずいし):cassiterite",Not Jouyou.
"鎧
sample words:
板金鎧
鎧戸
鎧蜥蜴",よろい,"板金鎧(ばんきんよろい):plate armor; plate armour
鎧戸(よろいど):slatted shutter; louver door (window)
鎧蜥蜴(よろいとかげ):girdle-tailed lizard",Not Jouyou.
"鑓
sample words:
毛鑓",やり,"毛鑓(けやり):long, feathered ornamental spear carried at the h.",Not Jouyou.
"隼
sample words:
白隼
稚児隼
隼科",はやぶさ,"白隼(しろはやぶさ):gyrfalcon (Falco rusticolus)
稚児隼(ちごはやぶさ):northern hobby (Falco subbuteo)
隼科(はやぶさか):Falconidae (family of birds of prey)",Not Jouyou.
"雀
sample words:
黄色雀蛾
着た切り雀
小海雀",すずめ,"黄色雀蛾(きいろすずめ):yellow hawk moth
着た切り雀(きたきりすずめ):owning nothing except the clothes on one's back
小海雀(こうみすずめ):least auklet (Aethia pusilla)",Not Jouyou.
"雁
sample words:
雁首
雁の便り
雁の使い",かり,"雁首(かりくび):head of the penis; corona glandis penis; goosenec..
雁の便り(かりのたより):(a) letter
雁の使い(かりのつかい):person carrying a letter; (a) letter",Not Jouyou.
"雛
sample words:
巣雛
巣雛
東洋雛蝙蝠",ひな,"巣雛(すひな):nestling
巣雛(すびな):nestling
東洋雛蝙蝠(とうようひなこうもり):Asian particolored bat (Vespertilio sinensis)",Not Jouyou.
"雛
sample words:
雛豆",ひよこ,雛豆(ひよこまめ):garbanzo bean; chickpea (Cicer arietinum),Not Jouyou.
"雫
sample words:
雨雫
雨雫
華の雫",しずく,"雨雫(あましずく):crying; raindrop
雨雫(あめしずく):raindrop; crying
華の雫(はなのしずく):dew that trickles down from a flower",Not Jouyou.
"霞
sample words:
霞石
霞ゖ関
霞目",かすみ,"霞石(かすみいし):nepheline
霞ゖ関(かすみがせき):district of Tokyo where most of Japan's governmen...
霞目(かすみめ):partial blindness; dim eyesight",Not Jouyou.
"鞄
sample words:
折り鞄
肩掛け鞄
鞄語",かばん,"折り鞄(おりかばん):portfolio; briefcase
肩掛け鞄(かたかけかばん):shoulder bag
鞄語(かばんご):portmanteau word",Not Jouyou.
"鞍
sample words:
鞍掛海豹
鞍擦れ
鞍馬天狗",くら,"鞍掛海豹(くらかけあざらし):ribbon seal (Histriophoca fasciata)
鞍擦れ(くらずれ):saddle sore
鞍馬天狗(くらまてんぐ):Kurama tengu; tengu of Kyoto's Mount Kurama, said..",Not Jouyou.
"頚
sample words:
頚飾り
頚輪
手頚",くび,"頚飾り(くびかざり):choker; necklace
頚輪(くびわ):(animal) collar; necklace; choker
手頚(てくび):wrist",Not Jouyou.
"頤
sample words:
頤で人を使う",あご,頤で人を使う(あごでひとをつかう):to set someone to work in an arrogant fashion; to.,Not Jouyou.
"頰
sample words:
猿頰貝
頰冠り
頰杖",ほお,"猿頰貝(さるぼおがい):Anadara kagoshimensis (species of ark clam)
頰冠り(ほおかぶり):covering one's head with a handkerchief, scarf, e..
頰杖(ほおづえ):resting one's chin in one's hands; angle brace; b.",Not Jouyou.
"頰
sample words:
頰杖",ほほ,頰杖(ほほづえ):angle brace; resting one's chin in one's hands; b.,Not Jouyou.
"頸
sample words:
頸根
頸輪蝙蝠
黒頸こぶら",くび,"頸根(くびね):scruff of the neck
頸輪蝙蝠(くびわこうもり):Japanese short-tailed bat (Eptesicus japonensis)
黒頸こぶら(くろくびこぶら):black-necked spitting cobra (Naja nigricollis)",Not Jouyou.
"飴
sample words:
飴ちゃん
飴煮
飴屋",あめ,"飴ちゃん(あめちゃん):(hard) candy; toffee
飴煮(あめに):food boiled in sugared broth
飴屋(あめや):candy maker; candy shop",Not Jouyou.
"餠
sample words:
三日の餠",もちい,三日の餠(みかのもちい):Heian-period ceremony where a newlywed groom and .,Not Jouyou.
"餠
sample words:
供餠
高麗餠
三日夜の餠",もち,"供餠(くもち):mochi rice cakes used as offering
高麗餠(これもち):Kagoshima mochi made from a mixture of rice flour.
三日夜の餠(みかよのもち):Heian-period ceremony where a newlywed groom and .",Not Jouyou.
"髭
sample words:
かいぜる髭
口髭
鼻髭",ひげ,"かいぜる髭(かいぜるひげ):handlebar mustache
口髭(くちひげ):mustache; moustache
鼻髭(はなひげ):mustache; moustache",Not Jouyou.
"髮
sample words:
髮を切る
結び髮",かみ,"髮を切る(かみをきる):to cut hair; to give a haircut; to get a haircut
結び髮(むすびがみ):tied-up hairstyle",Not Jouyou.
"髯
sample words:
口髯
髯発条
髯もじゃ",ひげ,"口髯(くちひげ):moustache; mustache
髯発条(ひげぜんまい):hairspring; balance spring
髯もじゃ(ひげもじゃ):bearded",Not Jouyou.
"鬘
sample words:
全鬘
百日鬘",かつら,"全鬘(ぜんかつら):full wig; whole wig
百日鬘(ひゃくにちかつら):long-haired wig used in kabuki (used metaphorical.",Not Jouyou.
"鬚
sample words:
大葉蛇の鬚
大鬚回り
口鬚",ひげ,"大葉蛇の鬚(おおばじゃのひげ):Ophiopogon planiscapus (flowering plant in the As.
大鬚回り(おおひげまわり):Volvox (genus of green algae)
口鬚(くちひげ):moustache; mustache",Not Jouyou.
"魁
sample words:
魁ける",さきがけ,"魁ける(さきがける):to be ahead of (others, the times, etc.); to do (.",Not Jouyou.
"鮑
sample words:
鮑の片思い
鮑熨斗
熨斗鮑",あわび,"鮑の片思い(あわびのかたおもい):secret, unrequited love
鮑熨斗(あわびのし):dried stretched abalone flesh
熨斗鮑(のしあわび):thin string of dried abalone (often tied to a gif.",Not Jouyou.
"鮓
sample words:
江戸前鮓
早鮓
鮒鮓",すし,"江戸前鮓(えどまえずし):Edo-style sushi (usu. nigirizushi)
早鮓(はやずし):type of sushi with vinegared fish and rice lightl.
鮒鮓(ふなずし):old-style fermented crucian carp sushi; funazushi",Not Jouyou.
"鮨
sample words:
いなり鮨
黄身鮨
鮨酢",すし,"いなり鮨(いなりずし):sushi wrapped in fried tofu; inarizushi
黄身鮨(きみずし):sushi with egg yolk instead of rice; kimizushi
鮨酢(すしず):seasoned vinegar used for preparing sushi rice",Not Jouyou.
"鮪
sample words:
磯鮪
梶木鮪
黒鮪",まぐろ,"磯鮪(いそまぐろ):dogtooth tuna (Gymnosarda unicolor)
梶木鮪(かじきまぐろ):marlin
黒鮪(くろまぐろ):Pacific bluefin tuna (Thunnus orientalis)",Not Jouyou.
"鮫
sample words:
恵比須鮫
尾黒目白鮫
鮫鞘",さめ,"恵比須鮫(えびすざめ):broadnose sevengill shark (Notorynchus cepedianus..
尾黒目白鮫(おぐろめじろざめ):grey reef shark; blacktail reef shark (Carcharhin..
鮫鞘(さめざや):sharkskin scabbard",Not Jouyou.
"鮭
sample words:
燻し鮭
鮭茶づけ
塩鮭",さけ,"燻し鮭(いぶしざけ):smoked salmon; lox
鮭茶づけ(さけちゃづけ):chazuke with salmon
塩鮭(しおざけ):salted salmon",Not Jouyou.
"鮭
sample words:
生鮭
焼き鮭",しゃけ,"生鮭(なまじゃけ):raw salmon; unsalted salmon; fresh salmon
焼き鮭(やきしゃけ):grilled salmon",Not Jouyou.
"鯉
sample words:
銀湯鯉
鯉口を切る
緋鯉",こい,"銀湯鯉(ぎんゆごい):barred flagtail (Kuhlia mugil); five-bar flagtail
鯉口を切る(こいぐちをきる):to loosen one's sword slightly in the scabbard
緋鯉(ひごい):golden carp; red carp",Not Jouyou.
"鯖
sample words:
鯖折
鯖を読む
真鯖",さば,"鯖折(さばおり):forward force down
鯖を読む(さばをよむ):to manipulate figures to one's advantage; to coun..
真鯖(まさば):chub mackerel (Scomber japonicus)",Not Jouyou.
"鯛
sample words:
黄鯛
腐っても鯛
すぺいん鯛",たい,"黄鯛(きだい):yellowback sea bream (Dentex tumifrons)
腐っても鯛(くさってもたい):even if it's rotten, it's still sea bream; an old..
すぺいん鯛(すぺいんだい):red sea bream (Pagellus bogaraveo)",Not Jouyou.
"鯵
sample words:
秋鯵
鯵の開き
鯵ふらい",あじ,"秋鯵(あきあじ):horse mackerel caught in autumn
鯵の開き(あじのひらき):horse mackerel, cut open and dried
鯵ふらい(あじふらい):deep-fried horse mackerel",Not Jouyou.
"鰮
sample words:
関取鰮",いわし,関取鰮(せきとりいわし):Rouleina watasei (type of slickhead fish),Not Jouyou.
"鰯
sample words:
鰯油
潤目鰯
片口鰯",いわし,"鰯油(いわしゆ):pilchard oil; sardine oil
潤目鰯(うるめいわし):round herring (Etrumeus teres)
片口鰯(かたくちいわし):Japanese anchovy (Engraulis japonica)",Not Jouyou.
"鰹
sample words:
鰹木
鰹だし
鰹の烏帽子",かつお,"鰹木(かつおぎ):log on the roof of a shrine set perpendicular to .
鰹だし(かつおだし):(dried) bonito stock
鰹の烏帽子(かつおのえぼし):Portuguese man-of-war (Physalia physalis)",Not Jouyou.
"鰺
sample words:
鰺刺
鰺のたたき
糸引鰺",あじ,"鰺刺(あじさし):tern (esp. the common tern, Sterna hirundo)
鰺のたたき(あじのたたき):fresh scad
糸引鰺(いとひきあじ):African pompano (Alectis ciliaris)",Not Jouyou.
"鰻
sample words:
鰻どん
鰻屋
永良部鰻",うなぎ,"鰻どん(うなぎどん):eel donburi; bowl of rice topped with eel
鰻屋(うなぎや):eel restaurant
永良部鰻(えらぶうなぎ):Erabu black-banded sea krait (Laticauda semifasci.",Not Jouyou.
"鱗
sample words:
鱗板",こけら,鱗板(こけらいた):thin shingles,Not Jouyou.
"鱗
sample words:
鱗雲
鱗引き
三つ鱗",うろこ,"鱗雲(うろこぐも):cirrocumulus cloud
鱗引き(うろこひき):fish scaler
三つ鱗(みつうろこ):mitsuuroko emblem (three triangles in a triangula.",Not Jouyou.
"鳩
sample words:
飼い鳩
羽白海鳩
鳩小屋",はと,"飼い鳩(かいばと):domestic pigeon
羽白海鳩(はじろうみばと):tystie; black guillemot (Cepphus grylle)
鳩小屋(はとごや):dovecote; pigeon house",Not Jouyou.
"鴉
sample words:
鴉天狗
千島鵜鴉
灰色星鴉",からす,"鴉天狗(からすてんぐ):small, crow-billed tengu
千島鵜鴉(ちしまうがらす):violet shag; red-faced cormorant (Phalacrocorax u.
灰色星鴉(はいいろほしがらす):Clark's nutcracker (Nucifraga columbiana)",Not Jouyou.
"鴨
sample words:
いい鴨
鴨打ち
鴨にする",かも,"いい鴨(いいかも):easy target; easy game; desirable prey; easy mark.
鴨打ち(かもうち):duck hunting
鴨にする(かもにする):to swindle; to easily attain victory; to dupe",Not Jouyou.
"鵆
sample words:
友鵆",ちどり,友鵆(ともちどり):flocking plovers; flock of plovers,Not Jouyou.
"鷲
sample words:
双頭の鷲
禿鷲
鷲座",わし,"双頭の鷲(そうとうのわし):double-headed eagle (symbol of heraldry)
禿鷲(はげわし):Old World vulture
鷲座(わしざ):the Eagle; Aquila (constellation)",Not Jouyou.
"鷹
sample words:
小鷹狩
鷹野
鷹派",たか,"小鷹狩(こたかがり):falconry (using small hawks or falcons)
鷹野(たかの):falconry
鷹派(たかは):hardline faction; hardliners; hawks",Not Jouyou.
"黴
sample words:
赤ぱん黴
蛙壷黴症
黴が生える",かび,"赤ぱん黴(あかぱんかび):Neurospora crassa (species of red bread mould)
蛙壷黴症(かえるつぼかびしょう):chytridiomycosis (fatal infectious disease of amp.
黴が生える(かびがはえる):to get mouldy; to get out-of-fashion; to get mold.",Not Jouyou.
"鼠
sample words:
かんがる鼠
木鼠
濡れ鼠",ねずみ,"かんがる鼠(かんがるねずみ):kangaroo rat (of North America; any rodent of gen.
木鼠(きねずみ):squirrel
濡れ鼠(ぬれねずみ):like a drowned rat; soaked to the skin",Not Jouyou.
"鼠
sample words:
梅鼠
鼠子",ねず,"梅鼠(うめねず):rose grey; grayish pink
鼠子(ねずこ):Japanese arborvitae (Thuja standishii)",Not Jouyou.
"鼾
sample words:
鼾を掻く
大鼾
高鼾",いびき,"鼾を掻く(いびきをかく):to snore
大鼾(おおいびき):loud snore
高鼾(たかいびき):loud snoring",Not Jouyou.
"齒
sample words:
齒醫者",は,齒醫者(はいしゃ):dentist,Not Jouyou.
"龍
sample words:
龍頭
龍の落し子
龍巻",たつ,"龍頭(たつがしら):something in the shape of a dragon's head (esp. a.
龍の落し子(たつのおとしご):sea horse; seahorse
龍巻(たつまき):waterspout; tornado",Not Jouyou.