Question,Answer,Comment,Instruction,Render As
"マシュマロを〇に刺して火にあぶって食べるやつ、名前は知らないんだけどすごくうまそうだったよ。今度うちでもやってみようよ。
これは大阪で最高の〇かつのレストランです。",串,"串:spit;skewer",Guess the hidden Kanji,Text
"国の経済だって、家庭の経済だって、個人の経済だって、〇勘定でいいものではない。
スタミナ〇なのに量少なくないか？",丼,"丼:bowl;bowl of food",Guess the hidden Kanji,Text
"三村・泰〇氏（みむら・やすゆき＝コニチカ株式会社取締役）三日、心不全で死去。４５歳。
坂崎幸〇助はアルフィーに所属しています。
彼の名前は小倉知〇です。",之,"之:of;this",Guess the hidden Kanji,Text
"凍死しそうな〇食が手当てのため、病院に運び込まれた。だが、その〇食は治療費を清算するような金は一文も、もってなかった。
「なぜ物〇いなんかしてるんだね、ディオゲネスよ」「慈悲深さというのを教えてやってるんだ」
女性の〇食が５～６人の子どもをぞろぞろつれて物〇いをしていました。",乞,"乞:beg;invite;ask",Guess the hidden Kanji,Text
"「由美さん、見てくださいよ。斎藤さん、また晴〇くんいじめてますよ」「ほんとだ。この間、晴〇くん、マネージャーに褒められてたから、それが気に入らないんじゃないの？」「そうなんですか？」「さぁ？斎藤さんに聞いてみたら？」
「和〇さんって、ほんとカッコいいですよね？」「はい。知ってるよ」
達〇にはニューヨーク住まいの友人が数人いる。",也,"也:to be (classical)",Guess the hidden Kanji,Text
"クレオパトラの鼻が曲っていたとすれば、世界の歴史はその為に一変していたかも知れないとは名高いパスカルの警句である。しかし恋人と〇うものは滅多に実相を見るものではない。いや、我我の自己欺瞞は一たび恋愛に陥ったが最後、最も完全に行われるのである。
私と、同僚とが、山の崖っぷちに立っている小屋に等しい二間の家ーー二間と〇っても、上り口と、その次と、六畳に二畳の家に住んでいた。食べるものは、芋、干魚、豆腐、寒い山の上なので、冬になると芋が凍っている。
外に出る時は洋服、家の中では和服に限るとは誰も〇ふことだが、雨上りのぬかるみを高下駄でこねゆく風情もまた一興である。",云,"云:say",Guess the hidden Kanji,Text
"私たちみんなが目指しているこのことが、完全には達成されない方が良いというのは、人生の〇細とはいえない皮肉である。
実際には、極めて〇細な意味における場合を除いて、このことはまったく事実ではないように思われる。
あなたには〇細な事に思えるかも知れませんが、私にとってそれは注意すべきことなのです。",些,"些:a little bit;sometimes",Guess the hidden Kanji,Text
"テニスで〇は優太に一度も負けたことがなかたのに、あの試合だけは優太の圧勝だった。あの時、二人には一体何があったのだろうか。
〇は、相当酔っ払ってて、足元がおぼついてなかったよ。
〇を驚かす方法、ちょっと一緒に考えてよ。",亨,"亨:pass through;go smoothly",Guess the hidden Kanji,Text
"外国人を悩ますもう一つの、多くの日本人のもつ傾向は、「すべての」「あらゆる」というような言葉を使ったり、〇めかしたりして、あまりにも一般的であり、あまりにも広がりのある表現をする点にある。
脚韻と平〇が漢詩の基本的ルールとなっています。
教授がいつも不穏な未来を〇めかしてくるよ。",仄,"仄:be seen dimly;suggest;intimate;faint;stupid;hint",Guess the hidden Kanji,Text
"カーペットには埃を吸収するダストポケット効果があり、埃の飛散を防ぐ特長があるのだが、それが〇になった結果といえる。
なんぢわが〇のまへに我がために筵をまうけ、わが首にあぶらをそゝぎたまふ。わが酒杯はあふるゝなり。
彼らはおじを殺して父の〇を討とうと決心した。",仇,"仇:foe;enemy;revenge;grudge;feud",Guess the hidden Kanji,Text
"家具商人のフィシェルは、荷車と〇馬を貸してくれた。
トムさんは〇牛に焼き印を押しました。
食肉加工業者は〇牛の骨を切り分けた。",仔,"仔:offspring (animal);detailed;fine",Guess the hidden Kanji,Text
"〇勢崎市は６月１９日から、男性職員のひげを禁止したと聞いた。タリバンのひげ強制法律と正反対ですよね。
「っていうか、あなたは誰なの！？」床に転がっている俺は無視して、〇織はその少女を問いただしていた。
〇部は二十五歳で医学博士になったくらいの秀才で、酒も煙草も飲まぬ、いわゆる品行方正の男だった。",伊,"伊:Italy;that one",Guess the hidden Kanji,Text
"聖職者は人生の落〇者の方に味方して、勝利者を説得し、歩み寄らせることを生業としているようにおもえる。
日本は世界の経済大国に〇している。
日本は世界の経済大国に〇します。",伍,"伍:five;five-man squad;file;line",Guess the hidden Kanji,Text
"私は能楽が歌舞〇より好きだが、それは前者が後者よりも優雅に思えるからである。
もしよろしければ、日本滞在中に歌舞〇を見に行きませんか。
歌舞〇界では、才能だけでなく血筋も重視される。",伎,"伎:deed;skill",Guess the hidden Kanji,Text
"ある朝、彫刻家が浜辺で一本の流木を見つけました。その男はその流木を工房に持ち帰り、今日、村の教会に〇むあの有名な聖母マリアを彫り上げたのでした。
私たちは、湖畔に〇むホテル、「レイクサイド・ホテル」に泊まる予定だ。
男は門の陰に〇み、その家をじっと見つめていた。",佇,"佇:stop;linger;appearance;figure;bearing",Guess the hidden Kanji,Text
"〇〇諤諤の議論が飛び交うような会議、といったことは最近はやらないのかね。
国会は、盗聴法案を巡ってまさに〇々諤々の体であった。",侃,"侃:strong;just;righteous;peace-loving",Guess the hidden Kanji,Text
"かれは今の境遇を考えて、理想が現実に触れて次第に崩れて行く一種のさびしさと〇しさとを痛切に感じた。
なるべく考えまいとは思っていたのだが、自覚をしてしまうと途端に〇しいような気持ちにもなってくる。
あなたがいなくなったら、この世は本当に〇びしくなるわ。",侘,"侘:proud;lonely",Guess the hidden Kanji,Text
"そんな折、重い結核を患ったヒンドゥー教の僧〇が運ばれました。 マザー・テレサは、他の人と同じく僧〇を介抱しました。
別に制服着込んだ外宇宙の使者が、伴〇を求めて徘徊してるわけでもなかろうに。
彼は僧〇に近い禁欲生活をしている。",侶,"侶:companion;follower",Guess the hidden Kanji,Text
"言ってから、まゆちゃんは恥ずかしそうに〇いてしまう。
彼女は〇いてズレかけた眼鏡をかけ直した。",俯,"俯:bend down;lie prostrate",Guess the hidden Kanji,Text
"あの子の顔も性格も〇好みでさぁ、一目ぼれしちゃって、ずっと一緒にいたいって思ったんだ。で、どうしたらあの子と結ばれるかとか、どうしたら他の奴らがちょっかいを出さなくなるかとかマジ悩んでてさぁ。頼むからさぁ、この恋を成就させるために力になってくれない？
中学の時は普段から毎日３時間だか勉強している陸上部の友達がいて、そいつはテスト前もそのペースは崩さなかった。部活ない分かえって暇になるということで、テスト前になると毎日そいつん家でゲームをしてた。あれがなけりゃ〇ももう少し好成績取れたはずだが。
「このベジタリアンのお店、美味しそうじゃない？ねぇ、今日行ってみようよ」「〇、肉が食べたいんだけど」「えっ、昨日、焼肉食べてなかった？」「昨日は昨日、今日は今日。それに〇、肉なら毎日でも食べれるし」「もういい。違う人、誘う。じゃぁね」",俺,"俺:I;myself",Guess the hidden Kanji,Text
"〇はお前の〇尾をつかんでいる。
お前、〇の〇尾踏んだろ？",俺尻,"尻:buttocks;hips;butt;rear
俺:I;myself",Guess the hidden Kanji,Text
"「実を言うと、〇、高所恐怖症なんだ」「〇病者っ！」
〇は、〇病者なんかじゃない。",俺臆,"臆:timidity;heart;mind;fear;cowardly
俺:I;myself",Guess the hidden Kanji,Text
"「うっせぇな。〇の親父はマイクロソフトのオーナーで、お前のアカウントなんか難なくBANできるんだぞ」「待って？お父さんってビル・ゲイツなの？」「〇？ビル・ゲイツって？」
〇はおまえだろうと〇だろうと、こづき回されるような事はさせないぞ。
はあ、マジ〇クズすぎる。〇か殺してくんないかな。",俺誰,"誰:who;someone;somebody
俺:I;myself",Guess the hidden Kanji,Text
"お前ってさぁ、〇の提案いっつも〇るよな。
出るとすぐ、〇は壁を〇飛ばした。",俺蹴,"俺:I;myself
蹴:kick",Guess the hidden Kanji,Text
"目の前で繰り広げられるやり取りは、〇が入り込む〇なんて一ミリもない。
あいつら、〇が席を立ってる〇に〇が買ってきた肉、全部食いやがった。",俺隙,"俺:I;myself
隙:crevice;fissure;discord;opportunity;leisure",Guess the hidden Kanji,Text
"「なんで、メアリーは怒られずに〇だけ怒られるんだよ」「日〇の行いが物を言うってことよ」
〇がまだ新米だった〇は雑用ばかりで、まともな仕事なんかやらせてもらえなかったよ。
〇たちが中学生の〇、トムって〇よりちょびっとチビだったんだ。",俺頃,"頃:time;about;toward
俺:I;myself",Guess the hidden Kanji,Text
"オルダス・ハックスリーが人間のもっとも危険な条件だと考えたのは〇怠であった。
均整とは〇怠のことだ。
〇怠期らしいです。",倦,"倦:lose interest in;tire of",Guess the hidden Kanji,Text
"ミサは、食べたり飲んだりしてイエスキリストを〇ぶカトリックの儀式だ。
故人となった時、みんなからどんな風に〇ばれたいですか？",偲,"偲:recollect;remember",Guess the hidden Kanji,Text
"青年とは、何の実力も持って居ないで、それを持って居ると仮想し、自ら倨〇になって居る人々を言う。
日本語のニュアンスが分からないくせに、自分の辞書のほうが正しいと言い張る〇慢な毛唐だ。
その女性の司会者は彼の〇慢さがどうしても我慢できなかった。",傲,"傲:be proud",Guess the hidden Kanji,Text
"最初に大学に入って一番驚いたのは、効果的な勉強方法を知っているクラスメートがごく〇かだったということだ。
所属していた組織に対する、長期間に渡る忠勤ぶりにもかかわらず、彼が報われたのは〇かな金額に過ぎなかった。
割当て金は〇かなものだ。体育館を建てるにも足らないだろう。ましてや、本部を建てるのに、足りるわけがない。",僅,"僅:a wee bit",Guess the hidden Kanji,Text
"「かわいければ、何してもいいとか、そういう考えやめた方がいいよ」「それって、〇み？」
サラリーマンが罪ほろぼしに〇地でひっそりと暮らしはじめた。",僻,"僻:prejudice;bias;rural area",Guess the hidden Kanji,Text
"人生は〇いよ、とよく人は言う。
人生は〇いよ、と人は言う。
人の命は〇い。",儚,"儚:fleeting;fickle",Guess the hidden Kanji,Text
"「そんなに性格がいいかな～？」「ありえない。今回もだけど、中学ん時は女子のパンツを売りさばいて〇けてたし」
英語ビジネスで〇けている企業にとっては、日本人はいつまでも英語が苦手でいてくれる方が都合がいい。
「僕より〇けてるじゃん」「トム、それはな、お前が仕事してないからだろ！」",儲,"儲:be profitable;yield profit",Guess the hidden Kanji,Text
"〇は得意なことは何もなかったのですが、 献身的に老人を介抱しました。
〇を素手で捕まえるのは容易いことじゃない。
繁みから〇がピョンって飛び出したんだ。",兎,"兎:rabbit;hare",Guess the hidden Kanji,Text
"警告！新たな暗証番号と〇の確認は一致しません。新たな暗証番号を確認して、再び変更してみて下さい。
彼女は遅れてくるかもしれません。〇の場合は待ちます。
人の値打ちは、〇の財産でなく人柄にある。",其,"其:that",Guess the hidden Kanji,Text
"クリストファーコロンブスはある時、ケルベロスという3つの頭を持った〇界の番犬と、自分の帽子しか使わないで戦った。
昔々、〇王星がまだ惑星だったころ、トムという男の子がいました。
彼は一人のこされると〇想にふけった。",冥,"冥:dark",Guess the hidden Kanji,Text
"２日目、ショット、パットともに〇えわたった宮里は７バーディ・ノーボギーの６５。通産９アンダーでトップに立った。
寝起きの〇えない頭でトムは必死に考えたが、何もいいアイデアは浮かばなかった。
「お、珍しくいいこと言うじゃん」「でしょー？ なんか私今日〇えてるかも」",冴,"冴:be clear;serene;cold;skilful",Guess the hidden Kanji,Text
"ＯＤＳスーパーアロイは粉末〇金技術を伴うメカニカルアロイ法により製造されます。
この盆栽鋏は、包丁とはさみを扱う鍛〇屋で作られました。
彼女は大量の本を読んで精神を陶〇した。",冶,"冶:melting;smelting",Guess the hidden Kanji,Text
"何かを理解することなく、体が宙に浮いたかと思うと、〇いスピードで上空に引っ張られ、穴の中に吸い込まれた。
彼氏が好きなビートルズの曲のオルゴールを見つけた。プレゼントしたら〇く喜んでくれた。
なんでそんな当たり前のことをいうのかと思うでしょう？でもこれって〇く大事なことだよ。",凄,"凄:uncanny;weird;threatening;horrible",Guess the hidden Kanji,Text
"日本では「自制心を〇〇する」という言い方がなされることは一切なく、「抑えきれない」「こらえられない」などと言います。
自分を〇〇する人・圧倒する人がいなかったら、世界はどんなにつまらないものになるだろうと思う。",凌駕,"駕:vehicle;palanquin;litter;hitch up an animal
凌:endure;keep (rain)out;stave off;tide over;defy;slight;surpass",Guess the hidden Kanji,Text
"今年2020年の２月に生まれた赤ちゃんの名づけトレンドが発表されました。女の子の名前の１位は「〇」男の子は「蓮」でした。
トムとメアリーはファースーツを着て、犬と女狐の凌と〇になってたよ。
やっぱり太めの〇々しい眉毛だね。",凛,"凛:cold;strict;severe",Guess the hidden Kanji,Text
"トムの仕事の仕方はとても〇帳面だ。
お金の事では彼女は〇帳面です。
結構、〇帳面だと思う。",几,"几:table;table enclosure;table or windy radical (no. 16)",Guess the hidden Kanji,Text
"きみの〇は４色だ。ピンク、赤、フューシャ、紫。
日曜日に私たちは浜辺で〇を飛ばしていた。
〇は鳥のような速さで空に舞い上がった。",凧,"凧:kite;(kokuji)",Guess the hidden Kanji,Text
"嵐の後には〇が来る。
海は〇いでいた。
海は〇だった。",凪,"凪:lull;calm;(kokuji)",Guess the hidden Kanji,Text
"敵を蹴散らし、〇旋した俺はみなにこう呼ばれるんだ！
パリの〇旋門からは12本の通りが延びている。",凱,"凱:victory song",Guess the hidden Kanji,Text
"どうか私がその手紙を投〇することを忘れないように注意して下さい。
これらの手紙を投〇することを忘れていたら注意してくれませんか。
明日の朝、この手紙を投〇するのを覚えておいてください。",函,"函:box (archaic)",Guess the hidden Kanji,Text
"生きていた15年が苦しいか、また刀を腹に突き立てた一〇〇が苦しいか、どっちが苦しいだろう？
私は〇〇的な生き方をしている人間です。",刹那,"那:what?
刹:temple",Guess the hidden Kanji,Text
"普通の看護師は、ちんこに溲瓶も添えるし手術の時は〇毛もするぞ。
シャワーの後、トムは湯気で曇った鏡を拭いて、ひげを〇った。
トムが頭を〇って丸坊主になった夏のことまだ覚えてる？",剃,"剃:shave",Guess the hidden Kanji,Text
"ケネス・スターがまたしても権力を濫用し、私がインターネットを使う権利を〇奪したのです。
目を開けば、薄暗い照明に照らされた、コンクリート〇き出しの壁面が見える。
サインペンで書かれた名前は掠れていて、シールは〇がれかけている。",剥,"剥:come off;peel;fade;discolor",Guess the hidden Kanji,Text
"「どうしたの？」「あのね、植木の枝の〇定をして欲しかったのよ」
この木は〇定できません。余りに高すぎます。
木の〇定をしたことはありますか？",剪,"剪:clip;snip;cut",Guess the hidden Kanji,Text
"１９４１年の１２月に日本とアメリカの間で戦争が〇発した時、私は生まれていなかった。
１９４１年の１２月に日米間の戦争が〇発したとき、わたしはまだ生まれていなかった。
発展途上諸国と先進諸国が協力すれば戦争の〇発を防ぐことができる。",勃,"勃:suddenness;rise",Guess the hidden Kanji,Text
"しかし城にたどりつくなり、近衛兵を率いた人によって、わたしはこの牢獄に〇引されてしまった。
屋根の〇配をどうするか決めるのはとても重要です。
山越えの道は狭く、しかも急〇配だった。",勾,"勾:be bent;slope;capture",Guess the hidden Kanji,Text
"虫も殺さぬ顔をしているが、二の腕に刺青があり、それを見れば、どんな中学生もふるえ上ってしまう。女学生は〇論である。
私たちは〇論サポートしますが最後に決めるのは貴方の熱意だということを覚えていてください。
「私も頂いていいですか」「ああ、〇論構わないよ、今日は会社持ちだからね」",勿,"勿:not;must not;do not;be not",Guess the hidden Kanji,Text
"島村は宿の玄関で若葉の〇いの強い裏山を見上げると、それに誘われるように荒っぽく登って行った。
冷たい牛乳は好きだけど、温めた牛乳はあまり好きじゃない。あの白い膜と〇いが苦手なんだ。
その部屋に入るや否や私は、煙草の臭いのほかにガスの〇いがするのに気がついた。",匂,"匂:fragrant;stink;glow;insinuate;(kokuji)",Guess the hidden Kanji,Text
"「何してるの？」「見れば分かるでしょう」「分からないわ」「花の〇いを〇いでるの」
ドアを開けたとたんに、彼は焦げ臭い〇いを〇いだ。
彼は納豆の〇いを〇ぐと気分が悪くなる。",匂嗅,"匂:fragrant;stink;glow;insinuate;(kokuji)
嗅:smell;sniff;scent",Guess the hidden Kanji,Text
"ああ、医者のほうも〇を投げていたらしい。
私はその事件ではもう〇を投げた。
彼には先生も〇を投げている。",匙,"匙:spoon",Guess the hidden Kanji,Text
"来年は〇年です。
来年は〇年だ。",卯,"卯:sign of the hare or rabbit;fourth sign of Chinese zodiac;5-7AM;east",Guess the hidden Kanji,Text
"それは、アンソニー〇の８０歳の誕生日でのコンサートであり、みんな切符を手に入れたがっていました。
壁には、ピアノに向かって座っているアンソニー〇の大きな写真がかかっていました。
私はアンソニー〇のすばらしい話に夢中になっていました。",卿,"卿:you;lord;secretary;state minister",Guess the hidden Kanji,Text
"「こっちに来てひと息いれようよ」「はい。今、〇房の床を磨いてるんで、終わったらすぐ行きます」
「出会い〇を始めて何年になりますか？」「もう5年になります」
出会い〇同士で会話させてみたらくっそワロタ。",厨,"厨:kitchen",Guess the hidden Kanji,Text
"夫は、なぜだか、彼女が私について話すのを〇うように見えました。実際、彼女は、私のことを話し過ぎるのでした。
夫は、なぜだか、彼女が私について話すのを〇ふやうに見えました。実際、彼女は、私のことを話し過ぎるのでした。
トムは自分にあるものを嫌い、自分にできるものを〇う。",厭,"厭:get tired of;satiate;bore;dislike;disagreeable;unwelcome",Guess the hidden Kanji,Text
"後にそれらを売って、私はＲ．バートンの「歴史〇書」を買うことができたのだった。
特定の栄養素が腸の細菌〇の成長に影響を与えます。",叢,"叢:plexus;clump of bushes;thicket",Guess the hidden Kanji,Text
"しかし今日では、計算機は学校の試験では自由に使うことが出来るし、数学の試験の時に聞こえる音といえば、子供たちが計算機を〇く音しかしない、という学校も多い。
求めよ、さらば与へられん。尋ねよ、さらば見出さん。門を〇け、さらば開かれん。すべて求むる者は得、たづぬる者は見いだし、門をたたく者は開かるるなり。
結局のところ、何をやろうと受け入れてくれる人もいれば、批判する人もいて、〇かれることを恐れていては何も始まらない。",叩,"叩:strike;beat;kow tow;hit;thrash;criticize",Guess the hidden Kanji,Text
"我我はしたいことの出来るものではない。〇出来ることをするものである。これは我我個人ばかりではない。我我の社会も同じことである。恐らくは神も希望通りにこの世界を造ることは出来なかつたであらう。
〇で得られる助言は、常に良い助言であるとは限りません。
当機は〇今、目的地に向けて順調に航行中です。",只,"只:only;free;in addition",Guess the hidden Kanji,Text
"幼少の時、父が死んで、その弟が、時代の衰勢と、自分の怠惰とから、すっかり、身代をつぶしてしまったらしく、後に、筆墨行商人になって、私の家へ、よく来たが、くると、母に〇られて、よわっていた。
このような場合、大人はすぐに〇るのではなく、子供たちの精神的成長を見守りながら、忍耐強く待つべきである。
「そろそろ、家に帰らなきゃ」「えーもう少し遊ぼうよ！」「ごめんね。でも遅くなるとママに〇られるんだよ」",叱,"叱:scold;reprove",Guess the hidden Kanji,Text
"彼岸花、千年咲き、千年落ち、花と〇ずっと合えなく、情は因果に関系がなし、生死は縁で予め定められている。
その時その時において「ベストを尽くすことで」多くの人の役に立ち使命を果たすことが〇うのです。
夢は『きっと〇わないだろうな』って思うぐらい大きい方がいいんだって。",叶,"叶:grant;answer",Guess the hidden Kanji,Text
"トムは、子供のころ〇音があった。
僕、時々〇音してしまうんだ。
私ね、時々〇音しちゃうの。",吃,"吃:stammer",Guess the hidden Kanji,Text
"泥棒にロープを十分に与えれば、彼は首〇りをするであろう。
てるてる坊主、逆さまに〇るしてたら、あした雨になるかな？
部屋の天井には電灯が〇られていない。",吊,"吊:suspend;hang;wear (sword)",Guess the hidden Kanji,Text
"うちのワンちゃんは女の子で、呼び鈴が鳴る時以外はほとんど〇えないし、散歩にもこだわってないみたいで、一切手がかからないお利口さんなんだ。
ケイトの犬が、正午に門のところでブライアンに向かって〇えていた。
門の所で僕に向かって〇え続けて、入れてくれなかったんだよ。",吠,"吠:bark;howl;cry",Guess the hidden Kanji,Text
"〇える犬はめったに〇み付く事はない。
〇える犬は滅多に〇まないものだ。
〇える犬は〇んだりしないよ。",吠噛,"吠:bark;howl;cry
噛:chew;bite;gnaw",Guess the hidden Kanji,Text
"阿〇の呼吸で事を進める彼らが羨ましい。
出で入る息は阿〇の二字。",吽,"吽:bark;growl",Guess the hidden Kanji,Text
"〇れ十有五にして学に志す。三十にして立つ。
頑張るのよ省〇、あなたなら出来るわ。
〇輩は猫である。名前はまだ無い。",吾,"吾:I;my;our;one's own",Guess the hidden Kanji,Text
"「おかえり。お風〇沸いてるよ」「お腹空いたから、何か先に食べたいんだけど」「無理、何も触らないで！お風〇場へどうぞ」「おいおい。ばい菌扱いすんなよ」「仕方ないでしょ？このご時世。急いでください。あっ、お風〇から上がったら窓を開けといてね」
暗い暗い夜が風〇敷のような影をひろげて野原や森を包みにやって来ましたが、雪はあまり白いので、包んでも包んでも白く浮びあがっていました。
「ねぇ、ちゃんとお風〇入ってる？」「もちろん」「おい、みんな！こいつ姉ちゃんと風〇入ってるぞ！」",呂,"呂:spine;backbone",Guess the hidden Kanji,Text
"かれらは風をまきて狂風をかりとらん種ところは生長る穀物なくその穂はみのらざるべしたとひ實るとも他邦人これを〇ん
「次は、何飲むの？」「そうだなぁ、この『日本酒の〇みくらべセット』っていうのにしてみようかな」
50歳になったとしても、まだ彼女は息を〇むほど美しかったことだろう。",呑,"呑:drink",Guess the hidden Kanji,Text
"きれいな黄昏の色である。生徒は、偶然のように Crépuscule という単語を思い出す。二、三度、口に出して〇いてみて、この空の色もこの言葉ほど美しくないと思うのである。
「……追われているわけでもないんだな」 　そう〇いた途端、角の家の門灯がすっと消えた。 　雨はますます激しくなってきた……。
「ああ。きれいなお星様」 　〇いた時、ふと星が流れて、青い光がすっと斜に、あえかな尾を引いて、消えた。",呟,"呟:mutter;grumble;murmur",Guess the hidden Kanji,Text
"メアリーがね、おばあちゃんの本に載ってた魔法の〇文を使って、トムをリスにしちゃおうとしたんだけど、何も起きなかったのよ。
「なんて言ってるの？」「祝詞も知らないのか？」「祝詞？」「神道の〇文のようなもん」
悪い魔女は〇文をかけてその男を虫に変えてしまった。",呪,"呪:spell;curse;charm;malediction",Guess the hidden Kanji,Text
"生まれてはじめて良心の〇責を感じましたが、そうする以外にその場をしのぐ方法はありませんでした。
彼、一気〇成に書き上げたと言ってたけど、この提案書、少し雑だね。
彼には良心の〇責ってものがない。",呵,"呵:scold;blow on;reprove",Guess the hidden Kanji,Text
"返事を待つアリスに向けられたのは突然の〇〇。それは耳を貫かんばかりに鋭く、天に届かんばかりに大きく響くものでした。
彼の声は悪霊の突然の〇〇にかき消される。",咆哮,"咆:bark;roar;get angry
哮:roar;howl;growl;bellow",Guess the hidden Kanji,Text
"もしあなたが試験でカンニングをやってもそれで何の〇めも受けずに済むと思っているなら、とんでもない話だ。
私はそんな事をするのはいささか気が〇めた。
警官は時速８０キロで運転したと私を〇めた。",咎,"咎:blame;censure;reprimand",Guess the hidden Kanji,Text
"僕はアイスの棒を〇えたまま、同じ姿勢でテレビを見つめていた。
今朝パンを〇えながら走る女子高生を見ました。",咥,"咥:laugh;chew;eat",Guess the hidden Kanji,Text
"〇止めシロップ。本番前に一口飲まないと落ち着かない！
彼女はその薬を飲んで、前からのひどい〇がおさまった。
〇、くしゃみ、あくびをする時は口を手で隠しなさい。",咳,"咳:cough;clear throat",Guess the hidden Kanji,Text
"「もしもし、田中さんのお宅ですか？」「はいそうです」「舞さんいらっしゃいますか？」「失礼ですが......」「あっ、鈴木です。鈴木拓〇です」「あっ、拓〇君？ちょっと待ってね」
梅が香にのつと日の出る山路〇。
春の海ひねもすのたりのたり〇。",哉,"哉:how;what;alas;question mark;exclamation mark",Guess the hidden Kanji,Text
"事故当時に航行を直接指揮していたコーエン〇戒長の行動が最大のポイントとなる。
歩〇はみんなに合い言葉を言わせた。",哨,"哨:scout;sentinel",Guess the hidden Kanji,Text
"実のところ、いかなるスピードで移動するにせよ、北極熊は他のおおかたの〇乳動物の２倍のエネルギーを消費する。
チーズは、ウシ、ヤギ、ヒツジやその他の〇乳類の乳から作られる固形の食べ物だ。
イルカはその姿から魚のように見えるかもしれないが、実は〇乳類に属する動物だ。",哺,"哺:nurse;suckle",Guess the hidden Kanji,Text
"アンは妹のために子守〇を歌ってあげた。
aimerの〇が大好き。
子守〇を歌って。",唄,"唄:song;ballad",Guess the hidden Kanji,Text
"二人の職場へ、一人の少女が黙々として近づいて来た。 黙々として――といったのは、実は、その少女は〇なのだ。
彼は父が農園を売り払ったのに〇然とした。
彼女はその知らせに〇然とした。",唖,"唖:mute;dumb",Guess the hidden Kanji,Text
"ひとの声に似た不気味な鳴き声、漆黒の羽、死肉を〇む姿などから、鴉は不幸に舞い降りる不吉な鳥として世界に知られています。
〇木鳥は、冬に向けてドングリを集めています。
「何の音かしら？」「〇木鳥のようだね」",啄,"啄:peck;pick up",Guess the hidden Kanji,Text
"犬は「ここには木があらへん」と〇り声をあげました。
その犬は小さな男の子に向かって〇った。
トムは就寝中に〇った。",唸,"唸:groan;roar",Guess the hidden Kanji,Text
"悪いけど、メアリーの話するのは止めてくれる？私「メアリー」って聞くだけで虫〇が走るぐらい彼女のこと嫌いなの。
シンガポールでは、地面に〇を吐くことは犯罪です。
シンガポールでは、道に〇を吐くと罪になります。",唾,"唾:saliva;sputum",Guess the hidden Kanji,Text
"彼女が胸がすくような〇〇を切ました。
あいつが俺に向かって〇〇を切った。",啖呵,"呵:scold;blow on;reprove
啖:eat",Guess the hidden Kanji,Text
"あー、ほら、あれ、何て言うんだったっけ。〇まで出かかっているんだけど、名前が思い出せないよ！
〇が渇いた時になって漸く井戸を掘り始めるものは弱り果てて死ぬよりほかにない。
遠く離れたところにある水は、あなたの急な〇の渇きを潤してはくれません。",喉,"喉:throat;voice",Guess the hidden Kanji,Text
"生い立ちを知らない人にネイティブみたいに聞こえるよって言われたら、それはおそらく、あなたの〇り方のどこかが、ネイティブじゃないと感じさせたってことだよ。つまりね、ネイティブのようには聞こえないということなんだよ。
トムはいつまでたってもまともにフランス語〇れるようにはならないんじゃないかな。
日常で英語を〇る機会がないから、自分がどんな英語を〇れないのかがわからない。",喋,"喋:talk;chat;chatter",Guess the hidden Kanji,Text
"娘は小さい頃よく〇息の発作を起こしていました。
最後に〇息の発作があったのはいつですか？
不況に〇ぐ店が急増している。",喘,"喘:pant;gasp;breathe hard",Guess the hidden Kanji,Text
"大都会の〇騒と雑踏の中に住んでいると、時折田舎に出かけて行きたくなる。
大都会の〇騒と雑踏の中に住んでいると、時折田舎に行きたくなる。
僕の席だけがその〇噪から切り離されている。",喧,"喧:noisy;boisterous",Guess the hidden Kanji,Text
"僕と妻は〇〇したり、仲直りしたり、〇〇したり、また仲直りしたり、だんだん良い夫婦になってきた。
あの人たち会うたびに〇〇してるけど「〇〇するほど仲がいい」って言うし、結局仲がいいんだよね。
トムね、酔っ払って知らない人と〇〇したらしくて、今、豚箱に入ってるんだって。",喧嘩,"喧:noisy;boisterous
嘩:noisy",Guess the hidden Kanji,Text
"あまりに花は壊れやすくて、そしてとても奇麗なので、詩や比〇を使わなくても言葉に出来ません。
この表現は日本語にはない英語の比〇表現として、私は大変気に入っています。
「怒ると彼はトラになる」というのは隠〇の例である。",喩,"喩:metaphor;compare",Guess the hidden Kanji,Text
"この土地の人は、この川を、人〇い川と呼んで、恐怖している。
森に行ったら、人〇い鬼に気をつけてください！
これで、真面目な人も〇いついてくれるかな。",喰,"喰:eat;drink;receive (a blow);(kokuji)",Guess the hidden Kanji,Text
"例のスキャンダルはそういつまでも臭いものにフタというわけにはいくまい。いずれ人は〇ぎつけてしまうさ。
その新聞記者はニュースを〇ぎつける鋭い勘を持っている。
それには鋭い視力、鋭敏な聴力および鋭い〇覚がある。",嗅,"嗅:smell;sniff;scent",Guess the hidden Kanji,Text
"心惹かれる言語は五万とあるんだけどね。悲しいかな、それ全部を〇むには人生があまりにも短すぎる。ただそれだけだよ。
コーヒーは酸味のないものの方が父の〇好に合うようだ。
トムはここ5年、〇癖の臨床治療を続けています。",嗜,"嗜:like;taste;modest",Guess the hidden Kanji,Text
"「ちがうちがう僕らは求めてる笑顔はあんなじゃない」　それは『〇い』もしくは『嘲笑』。
ベェーだっ！乙女のことを〇った罰よ！",嗤,"嗤:laugh;ridicule",Guess the hidden Kanji,Text
"放射線を大量に浴びたら、すぐに〇吐と下痢が始まります。
どれくらいの頻度で〇吐してますか？
最後に〇吐したのはいつですか？",嘔,"嘔:vomit;nauseated",Guess the hidden Kanji,Text
"国民の一人一人が今日ほど政治といふものに関心をもつてゐる時代は未だ〇てないだらうと思ふ。
国民の一人一人が今日ほど政治というものに関心をもっている時代は未だ〇てないだろうと思う。",嘗,"嘗:once;before;formerly;ever;never;ex-;lick;lap up;burn up;taste;undergo;underrate;despise",Guess the hidden Kanji,Text
"日本の建前と本音という概念は、僕にとって、互いに〇をついてるだけだと思う。表面的なものだけじゃない？本当は？気持ちを傷つけないためと分かってても、やっぱりあまり好きじゃない。
小説家が〇を言っても非道徳的と批判されることはありません。それどころか、その〇が大きければ大きいほど、うまい〇であればいっそう、一般市民や批評家からの称賛が大きくなります。
私を騙せると思わないで。あなたの〇をする能力自体の特徴の一つは、私が信じるには、信じている真似をする必要があるの。",嘘,"嘘:lie;falsehood",Guess the hidden Kanji,Text
"トムはメアリーの発言が自分への当てつけなのだと思い込んで気に病んでいたが、実はメアリーは自〇的に自分自身のことを語っていただけだった。
事実は明白だ。それを混乱は憤慨するだろう、無知は〇笑するだろう、悪意は曲げようとするだろう、しかしそれが事実なのだ。
「ちがうちがう僕らは求めてる笑顔はあんなじゃない」　それは『嗤い』もしくは『〇笑』。",嘲,"嘲:ridicule;insult",Guess the hidden Kanji,Text
"後には、その他の多くの国から米国になだれ込んだが、彼らは経済的可能性や宗教的及び政治的自由が大きいという〇に魅せられてやって来たのだった。
私の母の村には日本人の祖先がいたという〇がある。でも私にはどういうことだか分からない。
悪事千里を走るって言うだろう。悪い〇はアッという間に広まっちゃうのさ。",噂,"噂:rumor;gossip;hearsay",Guess the hidden Kanji,Text
"ふとしたことからその〇は〇だと分かった。
その〇は〇であることが判明した。
その曖昧な〇は〇だと分かった。",噂嘘,"噂:rumor;gossip;hearsay
嘘:lie;falsehood",Guess the hidden Kanji,Text
"テーブルに広げたレシピの本を見ながら、メアリーは「このお味〇汁をもう一度作りたいの……だけどね、このワカメが必要で……」と言うと、トムは「それなら手に入るよ」と答えました。
トムは和食に興味があり、最近だと味〇汁の作り方を調べて作ったりしている。
この電子辞書は携帯しやすいところが味〇です。",噌,"噌:boisterous",Guess the hidden Kanji,Text
"今度新規ビジネスを始めるんだ。それで物は相談なんだけど、君、一枚〇んでくれないか。
ある日、私は猫と遊んでいる最中に、とうとうその耳を〇んでしまったのである。
あなたは病犬に〇まれたら、破傷風の予防注射が必要となってしまいます。",噛,"噛:chew;bite;gnaw",Guess the hidden Kanji,Text
"氷〇を持ってきてください。
氷〇をください。",嚢,"嚢:pouch;purse;bag",Guess the hidden Kanji,Text
"小鳥が木立の中で〇っている。
小鳥の〇りが聞こえます。
木の上で鳥が〇っている。",囀,"囀:sing;chirp;warble;chatter",Guess the hidden Kanji,Text
"「ちょっと目つぶってて」とトムが〇いた。メアリーが目をつぶると、トムはメアリーの唇にそっとキスをした。
彼が耳元で何かを〇くと、彼女はまるで催眠術にかかったかのように、彼の言う通りの動きをした。
トムはメアリーの耳に何かを〇いた。",囁,"囁:whisper;murmur",Guess the hidden Kanji,Text
"いずれにしても、この雪のふる宵に、ひとりの老婆が路ばたに〇っていたのは事実である。
人間は、立っているときと、〇っているときと、まるっきり考えることが違って来る。
この雪の降る中に〇っているのは可哀そうだったから、小銭を投げてやって来た。",坐,"坐:sit",Guess the hidden Kanji,Text
"極端に言うと、彼は、自己のテーゼに完全に自信を持っているものが発揮できる虚心〇懐さで書いてはいないのである。
虚心〇懐に申し上げる。今から言うことは、言葉どおりに受け取ってほしい。
面接では、虚心〇懐に話すことが必要だ。",坦,"坦:level;wide",Guess the hidden Kanji,Text
"なんとなくだけど、boracasliはサブ〇を使ってるんじゃないかと思う。
仮令遊女でも純粋な恋をすれば、その恋は無〇な清いものです。
歯〇がずいぶん付いていると思いますが。",垢,"垢:dirt;grime;earwax",Guess the hidden Kanji,Text
"カーペットには〇を吸収するダストポケット効果があり、〇の飛散を防ぐ特長があるのだが、それが仇になった結果といえる。
ちゃんと部屋の掃除したの？ここにまだ〇がたまってるんだけど。
私の不在中に〇が机の上に積もっていた。",埃,"埃:dust",Guess the hidden Kanji,Text
"アメリカ同時多発テロ事件に衝撃を受けて、世界各国の政治家がテロリストの不〇千万な行為をしっかりと責めました。
「ひょっとして、今まで気づいてなかったのですか」「いや、まぁ・・・。想像の〇外だったもんで・・・」
あなたと話してても〇が明かないわ。もう、お好きなように。",埒,"埒:picket;limits;be settled",Guess the hidden Kanji,Text
"時間までに〇頭に着けないよ。近道しよう。
船は汽笛を鳴らして、〇頭を離れました。
〇頭の近くのホテルに泊まってるよ。",埠,"埠:wharf",Guess the hidden Kanji,Text
"彼の無事を知らされて、部長は安〇のため息をついた。
彼女の無事を知らされて、彼は安〇のため息をついた。
彼らの無事を知らされて首相は安〇のため息をついた。",堵,"堵:fence;railing;enclosure",Guess the hidden Kanji,Text
"必死で考えた企画は却下、一生懸命作った本は売れない。山下さんは八方〇がりの状態に陥っている。
あお向けに寝ると、舌やノドチンコがノドの奥に下がるため、上気道が〇がりやすくなります。
僕の錆付いたフォードが故障して、交差点を〇いでしまった。",塞,"塞:close;shut;cover;block;obstruct",Guess the hidden Kanji,Text
"債券発行による調達資金は予算の赤字を補〇するのに使われる。
損失を補〇するため、私は身を粉にして働いた。
車がぬかるみに〇まり込んだ。",填,"填:fill in",Guess the hidden Kanji,Text
"宇宙〇はあまり危険そうに思えないかもしれないが、ごく小さな粒であっても、銃弾の何倍もの速度で飛んでくるので、怪我をしかねない。
銀河系は、お互いの重力によって引きつけ合っている星や〇そしてガスの塊です。
不規則銀河とは構造が不確定であり、若い恒星や〇、ガスを大量に含む。",塵,"塵:dust;trash;garbage",Guess the hidden Kanji,Text
"これから肝試しにあそこの廃〇ビルに行かないか？心霊スポットで有名なんだってよ。
廃〇の町とか、火災とか大人や子供が殺されているのとか。
良心を欠いた学問は魂の廃〇以外のなにものでもない。",墟,"墟:ruins",Guess the hidden Kanji,Text
"瑞西は仏蘭西・伊太利・〇太利・独逸に囲まれている。
瑞は仏・伊・〇・独に取り囲まれている。",墺,"墺:land;shore;Austria",Guess the hidden Kanji,Text
"祖母の遺灰は寺院に置かれた骨〇に入っている。
数枚の古い硬貨の入った〇を見つけた。
砂糖は〇にほとんど残っていません。",壷,"壷:jar;pot;hinge knuckle;one's aim",Guess the hidden Kanji,Text
"私は彼がその箱から何か〇のようなものを取り出すのを見た。
そんなことしたら相手の思う〇だよ。",壺,"壺:jar;pot",Guess the hidden Kanji,Text
"「恋に恋をする」という常〇句が日本以外にもあるのか私は知りたい。
彼は帽子をかぶり、外〇を着たままで部屋の中に飛び込んできた。
青い外〇を着ている女の子は私の娘です。",套,"套:accumulate;big and long;hackneyed",Guess the hidden Kanji,Text
"「今日さぁ、昇進したんだ」「へぇ。よかったじゃん」「それがさぁ、昇進はしたんだけどコロナの影響で昇給がなかったんだ。責任だけが増えたって感じ？」「マジで？『〇って』って言おうと思ったけど、気の毒過ぎて言えない。ひとまず、おめでとう」「ありがとう」
「先輩、お昼ご飯、〇ってください！」「いつもいつも集るな」「いいじゃないですかぁ。先輩、昨日、バイト代が入ったんでしょ？」「仕方ないな。何食べに行く？」
・・・・おいおいおい、〇りとわかったらリミッター解除ですか二人とも。",奢,"奢:extravagance;luxury",Guess the hidden Kanji,Text
"第一形態は天使か〇精のようなかわいい姿ですが第二形態では〇怪のような姿をしています。
一匹の〇怪がヨーロッパを徘徊している。共産主義という〇怪が。
〇怪なんているわけないじゃないか。バカだな。",妖,"妖:attractive;bewitching;calamity",Guess the hidden Kanji,Text
"「トムのやつ、もうフランス語でラブレターも書けるようになったのかな？」「どうしてそんなこと聞くの？」「だって、あいつ、マリア・エマニュエルにぞっこんじゃん」「もしかして〇いてるの？」「そうだよ！それが何か？」
我我の自然を愛する所以は、――少くともその所以の一つは自然は我我人間のように〇んだり欺いたりしないからである。
テニスをする元気のある人が、ちょっぴり〇ましい。",妬,"妬:jealous;envy",Guess the hidden Kanji,Text
"実は、大量の資料を持ってくるのは、反論させないための〇息な手段である。
彼は奥さんがお〇さんとうまくやっていけるかが心配だ。
古今東西、嫁と〇の仲は上手くいかぬ例が多いと見える。",姑,"姑:mother-in-law",Guess the hidden Kanji,Text
"いつもより寒いときは、生〇湯を飲むと良い。お湯の暖かさだけじゃなくて、生〇の効能でより暖かくなる。
豚ひき肉の臭いが気になる時は、おろし生〇を少し加えるといいでしょう。
コリアンダー・唐辛子・生〇を持ってくるのを忘れないで。",姜,"姜:Chinese surname;ginger",Guess the hidden Kanji,Text
"議論のため、母親と息子の近親相〇が黙認されている部族社会を仮定してみよう。
近親相〇はほとんど全ての文化において禁忌とされている。
多くの宗教において、〇淫は罪悪とされる。",姦,"姦:wicked;mischief;seduce;rape;noisy",Guess the hidden Kanji,Text
"７歳になる私の〇は彼女の兄に向かって、「言いつけるよ」と言った。
明日、私は姉さんと〇っ子と一緒に日本料理のお店に行く予定です。
明日、俺は姉さんと〇っ子と一緒に日本料理の店に行くつもりです。",姪,"姪:niece",Guess the hidden Kanji,Text
"先回は自然分〇でした。
私の娘は分〇中だ。",娩,"娩:bear (children)",Guess the hidden Kanji,Text
"ある少女の職業は〇婦だったが、彼女は自分のおばあちゃんにこのことを知られたくなかった。
ある日のこと、警察が〇婦の集団を手入れした。少女もその集団の一員だった。
彼はその〇婦に目もくれない様子で歩いていった。",娼,"娼:prostitute",Guess the hidden Kanji,Text
"知人が「女子高出身の子って女を見る目が厳しそうで怖い」と言っていた。もちろん個人差はあるけど、異性に〇びることなく同性だらけの環境で育ったからこそ、女を見る目が磨かれてしまうのかも。
トムにあれだけ嫌がらせしておいて、トムが活躍し始めた途端、彼女、〇売り始めたわよ。
スイスは風光明〇なことでよく知られている。",媚,"媚:flatter;humor;flirt",Guess the hidden Kanji,Text
"好きな本読んでると、物事はこんなに綺麗に書けるんだなあと感動と〇〇で泣けてくる。
私は自分では意識しなかったが、彼の成功に〇〇していたかもしれない。
男女関係における〇〇はしばしば信頼の欠落によってもたらされる。",嫉妬,"嫉:jealous;envy
妬:jealous;envy",Guess the hidden Kanji,Text
"桃子は、おはじきを「一つ、二つ、三つ、四つ、五つ、六つ、七つ、八つ、九つ、十」まで数えると黙り込んでしまいました。お母さんが「十一、十二、十三」と続けると〇しそうに「十四、十五、十六」と数え続けました。
「大丈夫？ 傷ついてない？」「ううん、全然大丈夫だよ。むしろそうやって本音で話してくれるのすごく〇しい」「そっか。よかった」
「今日ね、〇しいことがあったの」「何があったの？」「ひみつ」「はっ？聞いて欲しかったんじゃないの？」「そうなんだけどね」",嬉,"嬉:glad;pleased;rejoice",Guess the hidden Kanji,Text
"彼女は来た人みんなに愛〇をふりまいた。
彼女は来た人全部に愛〇を振りまいた。
今の負けは御愛〇さ。",嬌,"嬌:attractive",Guess the hidden Kanji,Text
"鶏の頭数を、卵から〇化する前に数えておくのは非常に賢明なやり方だ。何故なら、鶏というのは無闇矢鱈に動き回るものだから、正確に数えることなど出来ない。
４月に〇化した雛も５ヶ月になった。身体の大きさは親鳥とほぼ同じ、オス鳥のとさかが少し小さいぐらいか。
〇化後まもないヒナは、産毛が濡れていますが、２時間もすると乾いてフワフワになります。",孵,"孵:hatch;incubate",Guess the hidden Kanji,Text
"「明美さんって覚えてる？」「いや、知らないな」「あっ、そう。これ実家で見つけたんだけど、あなた〇てのラブレターみたいよ」
あなたからご連絡がないので、１月１０日付であなた〇に出した電子メールは着いたのだろうかと思っています。
同一差出人から同一受取人に〇てて郵袋という、文字通り袋に印刷物を入れて郵送します。",宛,"宛:address;just like;fortunately",Guess the hidden Kanji,Text
"彼女は嫌がる子供を〇め賺して歯医者に連れて行った。
彼女は彼を〇めすかして機嫌を直させた。",宥,"宥:soothe;calm;pacify",Guess the hidden Kanji,Text
"次の一節はある有名な〇話から引用したものです。
以下の一節は有名な〇話からの引用です。",寓,"寓:temporary abode;imply;suggest",Guess the hidden Kanji,Text
"かれらは風をまきて狂風をかりとらん種ところは生長る穀物なくその穂はみのらざるべしたとひ〇るとも他邦人これを呑ん
我が生は胡蝶の夢か現〇か。",實,"實:truth;reality",Guess the hidden Kanji,Text
"きつつきは、長く〇ったくちばしで、木の幹をつついて、中にいる虫を食べます。
皿洗いをするように言われ、彼女は口を〇らせた。
彼はその棒切れを狩猟ナイフで削り〇らせた。",尖,"尖:be pointed;sharp;taper;displeased;angry;edgy",Guess the hidden Kanji,Text
"あの夫婦は共かせぎしている。だが亭主の給料のほうが女房の給料よりも低い。亭主が女房の〇にしかれるのも当然だ。
〇取り遊びは前の人が言った言葉の終わりの音を次の人が取ってそれで始まる言葉を探していく遊びなのであります。
女房の〇にしかれている亭主は、幸せな独り者に話してはじめて、自分の問題を認識することがたびたびだ。",尻,"尻:buttocks;hips;butt;rear",Guess the hidden Kanji,Text
"この〇〇いには相当時間がかかるぞ。
〇〇いはもううんざりだよ。
もう君の〇〇いはごめんだ。",尻拭,"尻:buttocks;hips;butt;rear
拭:wipe;mop;swab",Guess the hidden Kanji,Text
"オレ、教室で〇をこいちゃったんっすよ。んでもって先生に追い出されちゃって。
〇理屈ばかり並べて、お前の言ってること全然筋が通ってないよ。
俺らの問題なんて、あいつのと比べたら〇でもないんだよ。",屁,"屁:fart;passing gas",Guess the hidden Kanji,Text
"あれはもはや熊ではない。熊の〇骸です。
桜の樹の下には〇体が埋まっている！
桜の樹の下には〇体が埋まっている！ これは信じていいことなんだよ。何故って、桜の花があんなにも見事に咲くなんて信じられないことじゃないか。俺はあの美しさが信じられないので、この二三日不安だった。しかしいま、やっとわかるときが来た。桜の樹の下には〇体が埋まっている。これは信じていいことだ。",屍,"屍:corpse",Guess the hidden Kanji,Text
"癌患者は心をくじく吐き気の発作にしばしば対〇しなければならない。
両軍は対〇して、むなしく日を送るばかりでした。",峙,"峙:tower;soar",Guess the hidden Kanji,Text
"私と、同僚とが、山の〇っぷちに立っている小屋に等しい二間の家ーー二間と云っても、上り口と、その次と、六畳に二畳の家に住んでいた。食べるものは、芋、干魚、豆腐、寒い山の上なので、冬になると芋が凍っている。
〇っ縁に立っている今の状況わかってるの？もう後がないんだよ。
彼は私に〇から飛び降りれるものなら飛び降りてみろと言った。",崖,"崖:cliff;bluff;precipice",Guess the hidden Kanji,Text
"そのボルトに〇合するナットが必要です。
〇められた気がしてならないな。",嵌,"嵌:go into;plunge;inlay",Guess the hidden Kanji,Text
"海の氷はきわめて変わりやすい——寒く風のない天候のときは固く凍っているが、〇のときは外洋の広い水域で割れてしまう。
一日中待った後、研究者達はまだ〇がやむのを待っていたので、調査を再開することができた。
生きるとは〇の過ぎるのを待つことではなく、雨の中で踊ることを覚えることである。",嵐,"嵐:storm;tempest",Guess the hidden Kanji,Text
"ヨットは猛威を振るう〇の中に翻〇された。
船は〇に翻〇されていた。
彼は〇に翻〇されていた。",嵐弄,"弄:play with;tamper;trifle with
嵐:storm;tempest",Guess the hidden Kanji,Text
"布団は〇張るので、客布団など使用頻度の低い布団は、圧縮袋に入れて圧縮して保管するのもいいでしょう。
箱のまま持ってくると〇張るから、袋に入れ替えて持ってきたんだ。",嵩,"嵩:be aggravated;grow worse;grow bulky;swell",Guess the hidden Kanji,Text
"ナンシーが僕とデートするなんて有り得っこないんだ。高〇の花だよ。
吉野山〇の白雪踏分けて入りにし人の跡ぞ戀しき
そんなことは私には高〇の花です。",嶺,"嶺:peak;summit",Guess the hidden Kanji,Text
"この神社の〇女は男どもにひどい目に合わされて精神が崩壊してしまうほどに心も身体も限界まで痛みつけられていた。
〇山戯ないで。この出会いは偶然でも何でもない。疑った所為で君は俺の足跡をずっと密かに辿っていただろう。",巫,"巫:sorcerer;medium;shrine maiden",Guess the hidden Kanji,Text
"「トムとジョンって一卵性双生児とは聞いてたけど、本当によく似てるよね？」「似てる似てる。親にも時々間違えられるって言ってたよ。あの二人はほんと、〇己巳己だよ」
〇むに〇まれずやっているんです。",已,"已:stop;halt;previously;already;long ago",Guess the hidden Kanji,Text
"「トムとジョンって一卵性双生児とは聞いてたけど、本当によく似てるよね？」「似てる似てる。親にも時々間違えられるって言ってたよ。あの二人はほんと、已己〇己だよ」
克〇は自分の思い通りにするのが許されないと、すぐ腹をたてる。",巳,"巳:sign of the snake or serpent;9-11AM;sixth sign of Chinese zodiac",Guess the hidden Kanji,Text
"〇では「ガミガミ言わない子育て」が推奨されているが、それを実践するのはなかなか難しい。
その歌は〇で流行した。",巷,"巷:fork in road;scene;arena;theater",Guess the hidden Kanji,Text
"修道士のように頭〇をかぶった雲は、ポツリポツリと落ちる雨を数珠のようにつまぐっている。
床のふき掃除をするから、雑〇をぎゅっと固く絞っておいてね。
５．反応が終わったら、濡れ雑〇の上に試験管をおく。",巾,"巾:towel;hanging scroll;width;cloth radical (no. 50)",Guess the hidden Kanji,Text
"ご住宅は札〇のどの辺にあるかを教えてくださいますか。
私達みんなが札〇雪祭りに行ったわけではありません。
この飛行機に乗ると、何時に札〇につきますか。",幌,"幌:canopy;awning;hood;curtain",Guess the hidden Kanji,Text
"小沢はほっとして、部屋の中を見〇した、寝台は一つしかなかった。その上の方に、安っぽい女の裸体画の額が掛っていた。
つきが、ずっと〇ってこないと、あきらめない賭博師は危機をおかして、大金を狙わざるをえなくなる。",廻,"廻:round;game;revolve;go around;circumference",Guess the hidden Kanji,Text
"彼は彼女の事は本気ではない。彼女を〇んでいるだけだ。
あなたは彼の気持ちを〇んではいけない。
ポールはいつも女性の体を〇っている。",弄,"弄:play with;tamper;trifle with",Guess the hidden Kanji,Text
"昨日〇美さんをデートに誘ったんだけどさ、あっさり断られちゃったよ。
〇法も筆の誤り。
〇法筆を選ばず。",弘,"弘:vast;broad;wide",Guess the hidden Kanji,Text
"僕が昼飯を喰っている時、吉〇は僕のところへやって来て、飯の給仕をしてくれながら太い指にきらめいている宝石入りの指輪を嬉しそうにいじくっていた。
もー、〇生のナビが判りにくいから、同じトコぐるぐる回ったじゃない。
ここで中断したら元の木阿〇だぞっ。",弥,"弥:all the more;increasingly",Guess the hidden Kanji,Text
"サッカー界に新たなスターが〇星のごとく現れた。
そういう方法で彼はその〇星を発見したのです。
ハレー〇星は、８０年ごとに１度やってくる。",彗,"彗:comet",Guess the hidden Kanji,Text
"新しい文を追加するまえに、その文によって当サイトに新しい語〇がもたらされるかどうか、キーワード検索してご確認ください。
この記事には語〇を本気で増やしたいと思う人々に役立つ情報が含まれています。
語〇力がないから自分は小説を書くことが出来ないなんて思ってしまう人がいる。",彙,"彙:same kind;collect;classify;category;hedgehog",Guess the hidden Kanji,Text
"「冬〇ちゃん、その怪我どうしたの？誰にいじめられたの？お母さんにゆってごらんなさい？」「転んだだけだよ」
高田信〇はヒクソン・グレイシーに負けました。
邦〇は最初の一発で的を撃ち当てた。",彦,"彦:lad;boy (ancient)",Guess the hidden Kanji,Text
"別に制服着込んだ外宇宙の使者が、伴侶を求めて〇〇してるわけでもなかろうに。
一匹の妖怪がヨーロッパを〇〇している。共産主義という妖怪が。
シスコは夜になると酒場を〇〇しています。",徘徊,"徊:wandering
徘:wander",Guess the hidden Kanji,Text
"忍を行じてのみ、よく〇みを解くことを得る。
〇みは〇みによって果たされず。",怨,"怨:grudge;show resentment;be jealous",Guess the hidden Kanji,Text
"ニューヨーク州バッファロー出身の水牛に〇える同じ出身の水牛は、同時に同じ州の別の水牛を〇えさせている。
トムは僕らを〇えさせようとしているよね？
〇んだのを相手に気取られてはいけない。",怯,"怯:cowardice;wince;flinch;hesitate;waver",Guess the hidden Kanji,Text
"この文を読むと、君は〇惚とした心地良い状態になり、とても気持ちよく感じるでしょう。その後その文を君の母語に翻訳できるでしょう。
よいものを読んだ後、何も書くな、何も言うな、お前は、その美しい〇惚を、お前の汚れた言葉で汚す恥知らずを敢てするな。",恍,"恍:unclear;senile;stupid;joke",Guess the hidden Kanji,Text
"何もかもうまくいかず、どうしていいか迷って苦〇した。
彼はしょっちゅう〇着を起こしたため、首になった。
彼女は苦痛に〇え苦しんでいた。",悶,"悶:be in agony;worry",Guess the hidden Kanji,Text
"この文を読むと、君は恍〇とした心地良い状態になり、とても気持ちよく感じるでしょう。その後その文を君の母語に翻訳できるでしょう。
よいものを読んだ後、何も書くな、何も言うな、お前は、その美しい恍〇を、お前の汚れた言葉で汚す恥知らずを敢てするな。
まさか〇れたんですか。認めん、認めんぞ。あの男を義弟になるなんて、僕は絶対いやです！",惚,"惚:fall in love with;admire;grow senile",Guess the hidden Kanji,Text
"この〇菜買いは、それから後中学へ行っても続いていた。
〇菜売り場が充実している。",惣,"惣:all",Guess the hidden Kanji,Text
"昨日兄が福島へ住民の手伝いに行った。私は放射線量の増加を危〇していた。
今いる市民が逃げ出すという事態が危〇されます。",惧,"惧:fear;be afraid of;dread",Guess the hidden Kanji,Text
"一般的な誤解に反して、ケモナーが集まるコミュニティに関する10年間の専門的調査の末に収集されたデータはケモナーたちが一般人よりも動物に'〇かれる'可能性が低いことを示していた。
私はパリ滞在中、二三の画家諸君と知り合いになり、ちょいちょいアトリエを訪ねるようなこともあったが、いつでもその仕事振り、生活振りに多大の興味を〇かれた。
心〇かれる言語は五万とあるんだけどね。悲しいかな、それ全部を嗜むには人生があまりにも短すぎる。ただそれだけだよ。",惹,"惹:attract;captivate",Guess the hidden Kanji,Text
"最近の銀行員の態度はなんと〇〇無礼なことか。何様だと思ってるんだ。
あいつの〇〇無礼なものの言い方、思い出すだけで不愉快になるよ。
耐えがたきは、度を越した彼の〇〇さだ。",慇懃,"慇:courtesy
懃:courtesy",Guess the hidden Kanji,Text
"雨ニモマケズ／風ニモマケズ／雪ニモ夏ノ暑サニモマケヌ／丈夫ナカラダヲモチ／〇ハナク／決シテ瞋ラズ／イツモシズカニワラッテイル
結婚は性〇を調節することには有効である。が、恋愛を調節することには有効ではない。",慾,"慾:covetousness;greed;passion;desire;craving",Guess the hidden Kanji,Text
"彼の見地によれば、英語による支配は人類の遺産を脅かす。「単一の言語」は、カネと消費主義に取り〇かれた「単一の考え方」に導くという、より悪しき危険をもたらす。
人生とは、病人が寝台を変えたという欲望に取り〇かれている、一個の病院である。
この理由により、著者に関する信〇性は、資料の信〇性に拠っているのである。",憑,"憑:depend;rely;evidence;proof;according to;possess;haunt",Guess the hidden Kanji,Text
"私たち全員、かなりの疲労困〇ぶりだった。
つまり疲労困〇、心も体もクタクタです。
もう疲れたの何のって、疲労困〇だよ。",憊,"憊:fatigue",Guess the hidden Kanji,Text
"花火のフィナーレを飾った「しだれ柳」は、夜空に華やかに舞い上がり、緩やかな弧を描きながらゆっくりと垂れ下がって、やがてその可〇な姿を消していった。
お前らの〇れみなんぞ願い下げだ。
彼は痛みと哀〇があった。",憐,"憐:pity;have mercy;sympathise;compassion",Guess the hidden Kanji,Text
"どう思うって・・・それじゃあ忌〇のない意見を言わせてもらうけどね。
海外旅行はさることながら、東京出張さえも〇られる。
過ちては改むるに〇ることなかれ。",憚,"憚:hesitate;shrink;awe",Guess the hidden Kanji,Text
"この間ミュージカルに見に行ったんだけど、前から３列目でさ、もう〇れの人が目の前で、もう最高だったね。一段と彼を好きになった。
われわれは過ぎし日の事を、必ずしも愛情とは言えないまでも少なくとも一種の〇れを持ってふりかえるのである。
ボクが〇れたのは翔太部長の『力』じゃない。体を張ってでも信念を貫こうとする雄々しい勇気だったはず。",憧,"憧:yearn after;long for;aspire to;admire;adore",Guess the hidden Kanji,Text
"苦心惨〇の末、考え出した企画が、会議で一瞬にして却下されちゃうんだからな。
高校時代、数学の成績は惨〇たるものでした。",憺,"憺:calm;quiet;move",Guess the hidden Kanji,Text
"吉野山嶺の白雪踏分けて入りにし人の跡ぞ〇しき
しかし君、〇は罪悪ですよ。解っていますか。",戀,"戀:in love;yearn for;miss;darling",Guess the hidden Kanji,Text
"我我の行為を決するものは善でもなければ悪でもない。唯我我の好悪である。〇は我我の快不快である。そうとしかわたしには考えられない。
これは、実話でありますが、〇る婦人がお産のために評判のいい産科医院に入院しました。
〇る夕暮私はこの丘の上に立ったことがある。",或,"或:some;one;or;possibly;a certain",Guess the hidden Kanji,Text
"〇る月曜日の午後、一台の〇馬車が、私の泊っているホテルの前に駐まりました。
〇る月曜日の午後、一台の〇馬車が、私の泊つてゐるホテルの前に駐まりました。",或辻,"辻:crossing;crossroad;street corners;(kokuji)
或:some;one;or;possibly;a certain",Guess the hidden Kanji,Text
"「あ、は、はい・・・ごめん、玲姉」「コラ。幾ら親〇とはいえ、私は先輩医師よ？院内ではちゃんとケジメをつけなさい」
新しい親〇ができたんだ。姉が結婚して、それで義理の兄ができたんだ。
彼の親〇たちは、当然自分が彼の莫大な財産を相続すると思った。",戚,"戚:grieve;relatives",Guess the hidden Kanji,Text
"どなたか上記のコメントを私が理解できる言語へ翻訳して〇けませんか？
不倶〇天の敵と言われるほど、どうしてそんなに嫌われたかなあ。
「どなたか手伝って〇けませんか？」「はい。私でよろしければ」",戴,"戴:be crowned with;live under (a ruler);receive",Guess the hidden Kanji,Text
"彼は婦人警官の〇装をして彼女に近づいた。
彼はサンタクロースの〇装をした。
彼は女性に〇装した。",扮,"扮:impersonate;dress up;disguise;thin shingles",Guess the hidden Kanji,Text
"彼は鉄の棒で鍵のかかったドアを〇じ開けた。
お前の目を〇り出すぞ！",抉,"抉:gouge;hollow out;bore;pry",Guess the hidden Kanji,Text
"北朝鮮が６か国協議の合意に基づき核開発計画を申告した２６日、米国が「テロ支援国」の指定解除手続きに入ったことで、〇致被害者の家族らには「〇致問題が置き去りにされるのでは」という不安が広がった。
今日のトピックは「北朝鮮による日本人〇致問題」です。
彼女はタトエバ星から来た宇宙人に〇致された。",拉,"拉:Latin;kidnap;crush",Guess the hidden Kanji,Text
"走行中にクラクションを鳴らされたからって、執〇に追いかけて何度も追突を繰り返すだなんて、正気の沙汰とは思えないよ。
「ふん！帰りたいなら、勝手にすればいい！」ピーター・パンは〇ねて、どこかへ飛んで行ってしまいました。
〇音（ゃ　ゅ　ょ）と促音（っ）の出し方も、加えていただけると参考になるかもしれません。",拗,"拗:crooked;twisted;distorted;perverted;cross",Guess the hidden Kanji,Text
"何か〇いがたいひけ目を持った少年が、自分はひそかに選ばれた者だ、と考えるのは、当然ではあるまいか。
スマホについた指紋なら、布にこのクリーナーを吹き付けて〇くとすぐ落ちるよ。
ワタシは背が低いので棚の上まで見られないのでほぼ手探りで〇くわけです。",拭,"拭:wipe;mop;swab",Guess the hidden Kanji,Text
"昔は、悪いことをすると、学校の先生から平手をくらったり〇固をもらうことが当たり前だった。
「相変わらず短気だな」麗華の〇をいなしながら言う。
彼ら全員は学校のグラウンドで野球〇しました。",拳,"拳:fist",Guess the hidden Kanji,Text
"明日からお隣で屋根の工事をさせていただくんでご〇〇に伺いました。ほこりが出たりしてご迷惑掛かるかも知れませんがよろしくお願いします。
田中さんとこの息子さん、いつもきちっと〇〇してくれるし、この間は荷物を運ぶのも手伝ってくれたの。
そうそう、彼に〇〇するときにはちゃんと彼の首を絞めて、力一杯でね。彼はきっと喜ぶよ。",挨拶,"拶:be imminent;draw close
挨:approach;draw near;push open",Guess the hidden Kanji,Text
"これから先、〇折もあればフライングもあるでしょう。私がこれから大統領として下す全ての決定やすべての政策に賛成できない人は、たくさんいるでしょう。そして政府がすべての問題を解決できるわけではないと、私たちは承知しています。
芸術作品とは人間の活動の最終的な生産物であり、人類のあらゆる精神的な苦痛と、果てしない苦労と、〇折した努力を最後に正当化してくれるものなのだと私は思っていた。
「足〇いてて歩けないだろ？」「いえっ、平気です！匍匐前進だったら進めます！」",挫,"挫:crush;break;sprain;discourage",Guess the hidden Kanji,Text
"マメちゃんがコーヒー豆を〇く為にコーヒーミルを使います。
今日は、合い〇きミンチを使った料理をご紹介します。
飲む分だけ豆をローストして、ミルで〇くんです。",挽,"挽:saw;turn (lathe);grind",Guess the hidden Kanji,Text
"思考と発話とが相互依存することからわかるように、言語は、既成の事実を〇えるための手段というよりも、未知なる真実を見つけ出すための手段である。その多様性は、音声や記号ではなく世界観の多様性なのだ。
企業は、競合他社を業界内の狭い範囲で〇えて、本当のライバルを明確に理解してない場合が数多くあります。
風鈴が奏でる涼やかな音は日本の夏の風物詩の一つだが、近年ではただの騒音と〇える人も増えている。",捉,"捉:catch;capture",Guess the hidden Kanji,Text
"日本では、料理人がフグを〇くためには、特別な試験を受けなければならない。
日本ではね、調理師は特別な試験を受けないとフグを〇けないんだ。
たくさん作っても〇ききれないから、控えめにね。",捌,"捌:handle;deal with;dispose of;sell;be in demand;be worldly;be frank;be sensible;be sociable;drainage;sale;demand for;eight",Guess the hidden Kanji,Text
"同性愛者の司祭が主教に昇格させられたと聞いたが、結局〇造したものであった。
その記者は議長の発言を〇造した。
写真は〇造だったんだよ。",捏,"捏:knead;mix",Guess the hidden Kanji,Text
"Kindleもらったツレからメールが返って来ない。語学の進〇とか実にどうでもいいことしか書かないので、断捨離されてしまったようだ。
プロジェクトの進〇具合はいかがですか？
プロジェクトの進〇状況はどうなの？",捗,"捗:make progress",Guess the hidden Kanji,Text
"若者は無気力だという神話を拒絶した若者たちが、給料の少ない、そして睡眠時間のもっと少ない仕事に自分を〇げるため、家と家族から離れて参加してくれた。だからこの選挙戦はますます力をつけたのです。
このチームのファンは、全てを〇げたと言わんばかりに熱狂的な人たちが多い。
その上院議員は、自分の選挙区の人々のために一身を〇げると率直に言明した。",捧,"捧:lift up;give;offer;consecrate;sacrifice;dedicate",Guess the hidden Kanji,Text
"だがシャワーの蛇口を〇ろうとした瞬間、あの黒い泡立った液体が流れてきた。
アルバイトをすることで、学生は自力で学費を〇出することが可能になります。
予算はなんとしても〇出しなければなりません、議長。子供たちのためです。",捻,"捻:twirl;twist;play with",Guess the hidden Kanji,Text
"赤木キャプテンは練習中に足を〇〇したので、試合前にテーピングでガチガチに固めた。
あんなにかかとの高い靴はいてたら、すぐに〇〇しちゃうよな。
あんな底の厚いサンダル履いてたら、転んで〇〇しちゃうぞ。",捻挫,"挫:crush;break;sprain;discourage
捻:twirl;twist;play with",Guess the hidden Kanji,Text
"トニーは人を雇い、もっと客を〇み、仕事をより早くずさんにやれば、もっと金もうけができると思ったのだ。
先日、パソコンショップでＳＩＭＭの〇み取りをやっていた。いくらなんでもマニアックすぎる。
今日、その努力が報われ彼らが決定的な証拠を〇んだ事は賞賛に値します。",掴,"掴:catch;seize;grasp;hold;arrest;capture",Guess the hidden Kanji,Text
"もっと単刀直入に言ってくれないかな。隔靴〇痒の感なきにしもあらずだよ。
彼は人ごみを〇き分けて走ってくるのを彼女はちらりと見た。
トムが授業中にいびきを〇いているのが聞こえました。",掻,"掻:paddle;behead;scratch;rake;comb",Guess the hidden Kanji,Text
"そのうち読もうと思って買い〇えた世界文学全集も、結局ほとんど読まないまま本棚に飾ってあり、宝の持ち腐れになっている。
「それでは、金曜日の9時半に書類を取りに伺いますんで」「わかりました。それまでに〇えておきます」
彼女はこの作家の熱心なファンのようだ。短編を寄せているだけのアンソロジーもきちんと〇えている。",揃,"揃:be complete;uniform;all present",Guess the hidden Kanji,Text
"「最近、お疲れのようですが、何かあったんですか？」「あっ、年頃になってきた娘のことで、あれこれと気を〇むことが多くてね」
確かに私の肩はコリコリだけど、今〇んでくれているゴリゴリしたところは骨だから！
私が勝手に気を〇んでるだけなんだけどね。",揉,"揉:rub;massage;shampoo;debate vigorously;train;coach;worry;get in trouble",Guess the hidden Kanji,Text
"彼はベッドまで足を引き〇っていった。
彼は足を引き〇って歩いた。",摺,"摺:rub;fold;print (on cloth)",Guess the hidden Kanji,Text
"彼は手紙を粉々に引き裂いて窓からばら〇いた。
彼はホースを使って庭に水を〇いていました。
床一面に新聞紙が〇き散らされていた。",撒,"撒:scatter;sprinkle;give them the slip",Guess the hidden Kanji,Text
"今朝は髪の毛が〇ねてるんだ。せめて手鏡を貸してくれ、そこの引き出しにしまってあるだろ。
彼は通りを横切っていて危うく車に〇ねられそうになった。
男の人が車に〇ねられて、運転手が車で走り去った。",撥,"撥:brush up;reject;exclude;eliminate;bone plectrum",Guess the hidden Kanji,Text
"母はため息をつきながら、高校一年生にもなった息子の頭をがしがしと〇でた。
トムの激しい愛〇で、私のアソコはぐちょぐちょになってしまいました。
私は彼女の神経を逆〇でしそうな声色を選び、笑いながら言った。",撫,"撫:stroke;pat;smooth down",Guess the hidden Kanji,Text
"社長の資質があると見込まれて抜〇された。
彼女はその職に特別に抜〇された。",擢,"擢:excel in;surpass;pull out;select",Guess the hidden Kanji,Text
"乾坤一〇の大勝負。情けないけどこれが見事空振りに終わったんだなあ。
投〇用のナイフが男たちの首筋に深々と突き刺さっていた。
「刀の投〇の練習？」「すっぽ抜けただけです」",擲,"擲:hit;resign",Guess the hidden Kanji,Text
"多くの人が一〇千金を夢見て宝くじを買う。
彼は一〇千金の夢を抱いて上京した。
彼はよく一〇千金を夢見ている。",攫,"攫:abduct",Guess the hidden Kanji,Text
"最近ずっと、このお店に通ってます。雰囲気や客層も良いし、何より落ち着くの。ところで、あなたってここで何年働いてるの？ここで働いてて遣り甲〇を感じる？
結婚するまでの腰かけ仕事のつもりだったのに、早15年。今や、仕事が生き甲〇です。
この間投稿した記事がやっと雑誌に載ったんだよ。頑張って出し続けた甲〇があったよ。",斐,"斐:beautiful;patterned",Guess the hidden Kanji,Text
"私は今まで〇を使った事がなかった。
〇入れて香におどろくや冬木立。
彼はその大木を〇で切り倒した。",斧,"斧:ax;hatchet",Guess the hidden Kanji,Text
"この前の講和会議で完全に失敗してから、彼は〇新な権謀術策で十分に武装すべきことを学んだ。
さて、〇首刑の時間だ。この世に言い残す事はないか。
これはいわゆる〇新なアイデアです。",斬,"斬:beheading;kill;murder",Guess the hidden Kanji,Text
"山里の松の陰にも〇くばかり身に沁む秋の風はなかりき。
沖縄県民〇く戦えり。",斯,"斯:this;thus;such;verbal pause",Guess the hidden Kanji,Text
"日本語はその他の言語に対して量子力学とその他の物理学との様な関係にあると、誰かに聞いたことがあります。量子力学が間違いなく物理学に〇ける最も良い理論となっているがゆえ、私はその主張に賛成できると思います。
量子力学系の観測可能量は、ハミルトン演算子と可換で且つ直接には時刻に依存しない場合、運動の定数と呼ばれる。実際、その様な観測可能量の平均値はどの様な状態に〇いても時間的に一定となるのである。
私の友人に大学を卒業して立派な官吏となっておる者がある。ある時この人が私に曰うに、僕は学校に〇て教ったことは何も役に立たなかった、しかし少しばかり学んだ哲学が僕に非常な利益を与えたと。",於,"於:at;in;on;as for",Guess the hidden Kanji,Text
"数字を足したり引いたりという面倒臭い仕事も一〇始めてしまえば、それはそれで面白さがあるものだよ。
いつもお世話になっていますから、一〇緩急あれば、すぐさま馳せ参じます。
ごめん、洗濯物畳めって親がうるさいから一〇切るね。また後で電話する。",旦,"旦:daybreak;dawn;morning",Guess the hidden Kanji,Text
"「お父さまが帰っていらっしゃるわ」「〇〇様が？一体いつお帰りになるんですか？」「今日か明日か明後日か。手紙にははっきり書いてなかったの」
〇〇の好きなおにぎりは変わっている。ご飯に何も味を付けないかつおぶしを一袋混ぜて、手に塩をして握る。
心の中まで理解して欲しいとは思っていませんが、どうしたら〇〇の関心を得る事ができるんでしょうか。",旦那,"那:what?
旦:daybreak;dawn;morning",Guess the hidden Kanji,Text
"〇〇が収穫に深刻な被害をもたらした。
〇〇は食糧不足を招いた。",旱魃,"旱:drought;dry weather
魃:(god of) drought",Guess the hidden Kanji,Text
"その小さな子供たちは、とても好奇心が〇盛だった。
好奇心がお〇盛なのは大変に結構なことである。
好奇心が〇盛なのは大変に結構なことである。",旺,"旺:flourishing;successful;beautiful;vigorous",Guess the hidden Kanji,Text
"貴社におかれましては益々ご隆〇のこととお慶び申し上げます。
まず商売を繁〇させてから妻をめとれ。
両親は赤ん坊を〇と名づけた。",昌,"昌:prosperous;bright;clear",Guess the hidden Kanji,Text
"きれいな黄〇の色である。生徒は、偶然のように Crépuscule という単語を思い出す。二、三度、口に出して呟いてみて、この空の色もこの言葉ほど美しくないと思うのである。
隣人は残念ながら交通事故に遭って、〇睡状態になってしまった。
見ず知らずの女性を後ろから〇倒させてどういうつもりなんだよ。",昏,"昏:dark;evening;dusk",Guess the hidden Kanji,Text
"長いこと贅沢三〇に暮らしていた彼らが、今になって何もない質素な生活に耐えるなんてとても無理な話だ。
トムの贅沢三〇な暮らしぶりが、矢面に立った。
休暇中は、毎日ゴルフ三〇だったよ。",昧,"昧:dark;foolish",Guess the hidden Kanji,Text
"安倍内閣は、第９０代の内閣総理大臣に指名された安倍〇三が２００６年９月２６日に発足させた内閣である。
日本の安倍〇三首相は、2020年夏季東京オリンピックを延期せざるを得ないかもしれないと発言した。
日本の安倍〇三首相は持病を懸念し辞意を表明しました。",晋,"晋:advance",Guess the hidden Kanji,Text
"今夜、ここにたったとしても、自らの命を危険に〇してアフガニスタンの山やイラクの砂漠の中で起きているアメリカ人がいることを我々は知っている。
人違いだよ、間違いだよ――〇される奴も〇される奴だが、〇す奴も〇す奴じゃあねえか。
「自意識を〇す」という言い回しは、日本では全くされない、といっていいです。",晒,"晒:bleach;refine;expose;air",Guess the hidden Kanji,Text
"世界中のみなさん、大〇日はいかがお過ごしでしょうか？ ここミレニアム島では一足先に新年を迎えました。
トムは元気を取り戻した。そして、やっぱり、大〇日にはびっこを引きながらもパーティーに参加できた。
叔父さんたち、大〇日は日本で過ごすんだって。羨まし過ぎる......。",晦,"晦:dark;disappear",Guess the hidden Kanji,Text
"“明〇夢”と呼ばれるものを経験した人はしばしばそれを'現実より現実的”であると表現する。同じように“明〇夢”から覚めた時、彼らは現実を“奇妙な夢”と表現する。
容姿端麗、頭脳明〇、運動神経抜群、家は金持ちで、ついでに学生会の副会長をしてたりもする、いわゆるパーフェクトな奴だ。
トムは頭脳明〇です。",晰,"晰:clear",Guess the hidden Kanji,Text
"美〇子はまるで自分自身が北極へ行って来たかのような口ぶりだ。
〇子は友人に彼女のパーティーに来てくれるよう頼んだ。
〇子が貸してくれた漫画の本は少しも面白くなかった。",智,"智:wisdom;intellect;reason",Guess the hidden Kanji,Text
"去年、北京大学で1カ月半の短期留学をしたことがきっかけで、中国語を本格的に身につけ、流〇に話せるようになりたいと思いました。
トムは、フランス語を流〇に話せると言ってるんだ。彼の主張を試すためにフランス語だけで話しかけてみようよ。
日本では流〇に日本語を話す白人ですら，日本人として扱ってもらえなかったものです。",暢,"暢:stretch",Guess the hidden Kanji,Text
"トムがフランス語をそんなに流〇に〇れたのなんて知りませんでした。
彼は中国語を流〇に〇る。",暢喋,"暢:stretch
喋:talk;chat;chatter",Guess the hidden Kanji,Text
"将来のことなんて具体的に考えていない。周りに聞いてもはっきりと答えられる奴なんて少数派という感じだ。何となく本が好きで何となくそういうことでも勉強してみよう、〇〇な気持ちで文学部に入ったという学生が多い。
一体、友情といふものは、それ自身甚だ〇〇なもので、同性間の友情でさへ、様々な動機によつて、様々な形態を取るものである。
一体、友情というものは、それ自身甚だ〇〇なもので、同性間の友情でさえ、様々な動機によって、様々な形態を取るものである。",曖昧,"昧:dark;foolish
曖:dark;not clear",Guess the hidden Kanji,Text
"鶏は〇に鳴く。
春は〇。",曙,"曙:dawn;daybreak",Guess the hidden Kanji,Text
"私の友人に大学を卒業して立派な官吏となっておる者がある。ある時この人が私に〇うに、僕は学校に於て教ったことは何も役に立たなかった、しかし少しばかり学んだ哲学が僕に非常な利益を与えたと。
うちの息子ね、ナメクジが大好きなの。彼〇く、ナメクジのねばねば、ぬるぬるが堪らないんだって。
カール・マルクス〇く「あらゆる社会の歴史は階級闘争の歴史である」だそうです。",曰,"曰:say;reason;pretext;history;past;flat sun radical (no. 73)",Guess the hidden Kanji,Text
"父の父は祖父、祖父の父は〇祖父、〇祖父の父は高祖父だが、高祖父より前の世代の呼称は決まっていない。
木〇川はしばしば日本のライン川と呼ばれている。
日本が未〇有の震災に見舞われました。",曽,"曽:formerly;once;before;ever;never;ex-",Guess the hidden Kanji,Text
"〇ては『平和』のために軍備が拡張せられねばならぬと言われた。今は『平和』のために軍備が縮小せられねばならぬと言われる。『平和』がそれを聞いたら何と答えるだろう。
トムさんの〇〇〇おばあさんはスコットランドに住みました。
3月11日に未〇有の大震災が発生した。",曾,"曾:once;before;formerly;ever;never;ex-",Guess the hidden Kanji,Text
"あの人の話聞いてたら、もう〇れて返す言葉もなかったわ。
近所の痴〇のお婆ちゃんが、僕の畑を荒らして困るんです。
今日で10年間同じ朝食メニュー。自分でも〇れるわ。",呆,"呆:be amazed;disgusted;shocked",Guess the hidden Kanji,Text
"うちの次女の〇子、気立てのいい子なんだけど勉強が苦手でね。それだけが、頭痛の種なの。
〇奈は、幸せに生きることがどういう意味なのか忘れてしまいました。
近所の神社の境内には、樹齢800年といわれる銀〇の大木がある。",杏,"杏:apricot",Guess the hidden Kanji,Text
"たとひわれ死のかげの谷をあゆむとも禍害をおそれじ、なんぢ我とともに在せばなり。なんぢの笞なんぢの〇われを慰む。
人間は赤ん坊のときは四つんばいで、それから２本の足で歩くようになり、最後は年をとって〇が必要になる。
松葉〇ってけっこうムズいな・・・。「すみません、ストレッチャー通ります！」",杖,"杖:staff;cane",Guess the hidden Kanji,Text
"基礎に〇を打ち込むのを忘れて、空中に楼閣を建てるとは、あなたも愚かな人だ。
出る〇が打たれる会社じゃ、大きな成長は望めないね。
マンション用地は〇で囲まれている。",杭,"杭:stake;post;picket",Guess the hidden Kanji,Text
"二つ折りにしたクッションを〇代わりに、僕はフローリングの上にカーペットを敷いただけの固い床へと横になる。
抱き〇がないと眠れないから修学旅行では苦労した。
それはね、〇元に立たれてもおかしくないですよ。",枕,"枕:pillow",Guess the hidden Kanji,Text
"制度的に大きな〇となるのは、著作権の問題である。
結婚は身の〇。",枷,"枷:shackles;irons;handcuffs;bonds",Guess the hidden Kanji,Text
"レモンは〇〇系のフルーツです。
レモンは〇〇系の果物だよ。
レモンは〇〇類です。",柑橘,"柑:citrus;orange
橘:mandarin orange",Guess the hidden Kanji,Text
"屋根付きの金ぴかの霊〇車って、見慣れてるからなんとも思わないけど、最初に考えたやつはセンスがどうかしてる。
誰が霊〇車を運転してたんですか？",柩,"柩:bier;coffin",Guess the hidden Kanji,Text
"庭園用の鋼製〇＃ＳＴＬ３４５６の価格と、一番早い納期をご連絡下さい。
その〇は、狼を中に入れなくしておくほど高くはなかった。
四つんばいになれば〇はくぐり抜けられるよ。",柵,"柵:stockade;fence;weir;entwine around",Guess the hidden Kanji,Text
"「あの」「わしになんか用かい？」「この〇、ひとつもらってもいいですか？」「ええよ。１つないと２つないと好きなだけ持っていきな」
「今日の晩ご飯はカキにしよっと」「カキ？」「『〇』じゃなくて『牡蠣』」「あっ、かきね」「？」
梨や〇を食べ過ぎるとお腹を下すことがあるので、食べ過ぎには注意しましょう。",柿,"柿:persimmon",Guess the hidden Kanji,Text
"つぎの日には、ごんは山で〇をどっさりひろって、それをかかえて、兵十の家へいきました。
マロン・グラアセは〇の砂糖漬で、日本の甘納豆に当るだらう。
お母さん、〇ご飯食べたいから、〇ご飯作って。",栗,"栗:chestnut",Guess the hidden Kanji,Text
"白い〇〇と黒い〇〇の二匹の〇〇がおおきな森の中に住んでいました。
〇〇が激しい風に逆らって進んでいた。
〇〇が池で水浴びをしています。",栗鼠,"鼠:rat;mouse;dark gray
栗:chestnut",Guess the hidden Kanji,Text
"円周率を10万〇程度覚えている人間がいるそうだが、何の役に立つかは甚だ疑問だ。
九千二百五十八億一千四百七十万三千六百九十二は、十二〇の数字です。
925,814,703,692は、12〇の数字です。",桁,"桁:beam;girder;spar;unit or column (accounting)",Guess the hidden Kanji,Text
"ポールは手で髪を〇きました。
髪を〇かしましょうか？",梳,"梳:comb (hair)",Guess the hidden Kanji,Text
"月曜日にエヴァンス夫人はブリキの風呂〇で全員の衣類を洗いました。
彼女が電話をしている間にふろ〇があふれた。",桶,"桶:tub;bucket",Guess the hidden Kanji,Text
"この本によれば、最初の人工橋〇は新石器時代にさかのぼるという。
この〇は２階の重さに耐えられないだろう。
その棟〇は３人の弟子を従えている。",梁,"梁:weir;fish trap;beam;girder",Guess the hidden Kanji,Text
"日本では心臓病を患う人が多いようですが、リビアでも心筋〇〇になる人が最近とても増えています。
私はいつも思っていた、心筋〇〇を患うことは死期を知らせる前兆だと。
睡眠不足で、心筋〇〇リスクが上昇。",梗塞,"塞:close;shut;cover;block;obstruct
梗:for the most part;close up;flower stem",Guess the hidden Kanji,Text
"私が出来るのは必死に〇子を登ることです。〇子をかけた先の窓が自分が目指している窓かどうかも確認せずに。
トムは隣の家から〇子を借りてきた。
〇子から落っこちたことってある？",梯,"梯:ladder;stairs;insatiable drinking",Guess the hidden Kanji,Text
"〇包は破れてたけど、中身はセーフだった。
〇包は潰れてたけど、中身は無事だったよ。
この〇包材が断熱機能を担っている。",梱,"梱:pack;tie up;bale",Guess the hidden Kanji,Text
"喉に刺さった〇みたいに。
〇のある言い方はするな。
喉に刺さった〇の如く。",棘,"棘:thorn;splinter;spine;biting words;briers",Guess the hidden Kanji,Text
"コロンブスがアメリカ大陸を発見したとき、バイソン（アメリカ野牛）は、広大な地域に〇んでいた。
例えば、結婚しないで同〇して子供をもうける人が増えている。
二人は結婚する前に二年間同〇した。",棲,"棲:live;dwell",Guess the hidden Kanji,Text
"おっぱいがお〇型で羨ましいなあ。
みんなのお〇にスープを注いで。",椀,"椀:wooden or lacquered bowl",Guess the hidden Kanji,Text
"「身長があと10cm高かったら、窓のガラス磨きが楽なんだけどな」「ないものねだりしても仕方ないよ。〇子持ってきてあげたよ」
とうとう、病気のために、彼は歩くことができなくなり、動き回るのに電動の車〇子を用いなければならなくなった。
整えられた長机、いくつかのパイプ〇子、壁の掲示板にはカレンダーとプリント数枚が張られている。",椅,"椅:chair",Guess the hidden Kanji,Text
"和服を着て〇子に腰をかけると、何となく心細い。〇から風がはひるやうな気がする。
和服を着て〇子に腰をかけると、何となく心細い。〇から風がはいるような気がする。",椅裾,"裾:cuff;hem;foot of mountain
椅:chair",Guess the hidden Kanji,Text
"三人がつづいて横町へはいると、路ばたの大きい〇の木のこずえから、鴉らしい一羽の鳥がおどろかされたように飛び起った。
出汁をひくときは、鰹節単体でやるより、昆布や〇茸と合わせたほうが、相乗効果でより味が引き立つ。
〇間板ヘルニアは背骨の間にある〇間板という軟骨が飛び出すものです。",椎,"椎:chinquapin;mallet;spine",Guess the hidden Kanji,Text
"塩・胡〇で味を調え、ナツメグを一つまみ加えましょう。
すみませんが塩と胡〇をこちらに回して下さい。
すみませんが胡〇をとって下さいませんか。",椒,"椒:Japanese pepper tree",Guess the hidden Kanji,Text
"〇貴妃は、花も恥じらうほどの美貌の持ち主だったと言われています。
トムは爪〇枝をくわえていた。
武士は食わねど高〇枝。",楊,"楊:willow",Guess the hidden Kanji,Text
"シリウスを回る軌道は〇円形である。
卵は、真ん丸ではなく〇円です。",楕,"楕:ellipse",Guess the hidden Kanji,Text
"あんな四面〇歌の状態で、彼よく仕事してられるよな。
これじゃあまるで四面〇歌だ。",楚,"楚:whip;cane",Guess the hidden Kanji,Text
"テロリストが手〇弾を投げる前に爆発してしまい、片腕を吹き飛ばされてしまった。
この祭りでは人々は２組に分かれて互いに石〇を投げつけあう。
僕は石〇を持っています。",榴,"榴:pomegranate",Guess the hidden Kanji,Text
"話し相手との会話が詰まったり、または何を話していいのか分からない時には、相〇を打つと効果的です。
かくかくしかじかで、と事情を説明したのだが、あんまり興味なさそうな相〇しか返ってこなかった。
彼は過って親指を金〇で打ち付けた。",槌,"槌:hammer;mallet",Guess the hidden Kanji,Text
"ふたりでまじめな話をしているんだから、君、無責任な横〇を入れないでほしいんだけど。
たとえ雨が降ろうと〇が降ろうと、私は旅に出る。
明日は雨が降ろうが〇が降ろうが行くつもりです。",槍,"槍:spear;lance;javelin",Guess the hidden Kanji,Text
"トムとメアリーは昼の間じゅう〇の木陰で俳句を詠み交わしていた。
トムとメアリーは、古い〇の木の近くに家を建てた。
そこへついた日の翌朝、私は〇の木の森へ散歩した。",樫,"樫:evergreen oak;(kokuji)",Guess the hidden Kanji,Text
"〇はワインやウイスキーを発酵させ熟成させる目的で、液体を貯蔵するために用いられる。
小〇には今でも古いレンガ造りの建物が残っています。
彼女はずっと小〇で暮らしている。",樽,"樽:barrel;cask;keg",Guess the hidden Kanji,Text
"夕方の太陽は黄色ではなく、〇色をしている。
私は林檎よりも甘〇の方が好きです。
オレンジはずっと〇色なの？",橙,"橙:bitter orange",Guess the hidden Kanji,Text
"蜂蜜・レモン汁・ローストしたアーモンド・すりおろし林〇を加えます。
林〇の特売日だったから、たくさん買ってきたよ。
トムが送ってきてくれた林〇、美味しかったな。",檎,"檎:apple",Guess the hidden Kanji,Text
"人間はね、相手が狐だと解ると、手袋を売ってくれないんだよ、それどころか、掴まえて〇の中へ入れちゃうんだよ、人間ってほんとに恐いものなんだよ。
さっき、なかなか起きなかったのも、折〇して欲しかったからでしょう？
〇の中で飼われると子どもを産まない動物もいる。",檻,"檻:pen;corral;cell;jail",Guess the hidden Kanji,Text
"家族団〇の時間を大切にしたいですね。
チャブ台を囲んで一家団〇している。",欒,"欒:chinaberry tree;round;harmonious",Guess the hidden Kanji,Text
"その頃は自転車の流行り出した始めで、下手な素人がそこでも〇処でも人を轢いたり、塀を突き破ったりした。
〇処に来て、それまでは一度も海にはいらうと思はなかつた私は、この時、何となく、着物が脱ぎたくなつた。
〇処の平均温度はどれくらい？",此,"此:this;current;next;coming;last;past",Guess the hidden Kanji,Text
"色覚障害は眼球の中が〇むことだから、治せないと思います。
あなたの夢は私の悪夢と同じくらい〇んでいる。
一部の新聞はそのニュースを〇めて報道した。",歪,"歪:warp;bend;strained;distort",Guess the hidden Kanji,Text
"他の点では分別のある人が、この同じ屋根、あの〇ど幻想になりつつある商品が荷造りをして別の国へ行くだけで自由に手に入ると信じるようになるのはどうしてなのか、ということである。
これは年来の習慣でしょうが、わたしは自宅にいる場合、飯を食うときのほかは机の前を離れたことは〇どありません。
この宇宙には知的生命体が存在するのはまず間違いないと思うが、その生命体が地球に来る可能性は〇ど無し。",殆,"殆:almost;quite;really",Guess the hidden Kanji,Text
"ヒトラーは、ユダヤ民族〇滅を企てました。その企ては失敗したと言わざるを得ない。
しかし、歴史上、民族〇滅に成功した例がある。",殲,"殲:massacre",Guess the hidden Kanji,Text
"旧いものを〇そうとするのは無駄な骨折だ。ほんとうに自分等が新しくなることが出来れば、旧いものは既に〇れている。
三浦氏はある週刊誌に対して名誉〇損の訴えを起こした。",毀,"毀:break;destroy;censure;be chipped;be scratched;be broken;be ruined",Guess the hidden Kanji,Text
"５年に及ぶ、つらかったガンの治療期間中、彼は何とか弱音をはかず〇然とした態度を崩さなかった。
これほどの災害に遭っても、冷静で〇然としていた日本人の姿は全世界の人に深い印象を残した。
子供たちに〇然とした態度を取らなければ、手が付けられなくなるでしょう。",毅,"毅:strong",Guess the hidden Kanji,Text
"国産品のように見えて、実は外国産という食品が、〇濫している。
この川は雪解けの後〇濫することがある。
川が〇濫して広い地域が水浸しになった。",氾,"氾:spread out;wide",Guess the hidden Kanji,Text
"この製品は非常に〇用性が高く、様々な製品の部品として使われているため、今回のリコールは社会に大きな影響を与えるだろう。
この製品は非常に〇用性が高いため、今回のリコールは社会に大きな影響を与えるだろう。
この小型電子機器は〇用性が高い。",汎,"汎:pan-",Guess the hidden Kanji,Text
"力、英知、忍耐と革新。あなたはこれら全てを持っているのだろうか？その王冠を手にしようとする〇はその重みに耐えることとなる。
ラビ、視よ、〇とともにヨルダンの彼方にありし者、なんぢが證せし者、バプテスマを施し、人みなその許に往くなり。
人間よ、自らを知れ、あらゆる知恵は〇自身に集中している。",汝,"汝:you;thou",Guess the hidden Kanji,Text
"さあ、今〇みなさい。そして宴会の世話役の所に持っていきなさい。
村人は井戸から水を手で〇み上げなければならなかった。
バケツに水を〇んでくるよ。",汲,"汲:draw (water);ladle;scoop;pump",Guess the hidden Kanji,Text
"以前は肥〇な平野であったのに今では荒れ地にすぎなくなっている。
そこにはトウモロコシを栽培できる肥〇な土地がある。
開拓民たちは谷間の土地が肥〇であることを知った。",沃,"沃:fertility",Guess the hidden Kanji,Text
"祇園精舎の鐘の聲、諸行無常の響あり。〇羅雙樹の花の色、盛者必衰の理をあらはす。驕れる人も久しからず、唯春の夜の夢の如し。猛き者もつひには滅びぬ、偏に風の前の塵に同じ。
警察は殺人罪で〇知代を告発した。",沙,"沙:sand",Guess the hidden Kanji,Text
"古い友人にメールを送った。ずっとご無〇〇していて、２年ほど前に一度接触したがまたすぐ連絡しないようになった。返事はまだ来ない。少しドキドキする。
走行中にクラクションを鳴らされたからって、執拗に追いかけて何度も追突を繰り返すだなんて、正気の〇〇とは思えないよ。
戦争は決して地震や津波のような天変地異ではない。何の音〇〇もなく突然やってくるものではない。",沙汰,"汰:washing;sieving;filtering;weeding out;luxury
沙:sand",Guess the hidden Kanji,Text
"ブルーの小皿に乗った青いアイスは未来的な感じがした。少しお〇落でもあった。
〇落たお帽子をお召しになっていらっしゃいますね。
非常にうまい〇落だったので、満場爆笑した。",洒,"洒:wash;sprinkle",Guess the hidden Kanji,Text
"組織犯罪の秘密結社「マフィア」のしきたりでは、その働きを〇らすものは、だれでもかならず消されることになっている。
公務員が秘密を漏らして、秘密漏〇罪として罰せられた。
情報は新聞社にぽつりぽつりと〇れているよ。",洩,"洩:leak;escape",Guess the hidden Kanji,Text
"満〇は雨季以外には雨が少ないと言われているが、わたしが満〇にあるあいだは、大戦中のせいか、ずいぶん雨が多かった。
５月１０日月曜日の午後３時に東京駅八重〇中央口で待ち合わせをしていただけませんか。
私に連絡をとりたいときは八重〇ホテルにいますから。",洲,"洲:continent;sandbar;island;country",Guess the hidden Kanji,Text
"〇二は家に帰る途中でにわか雨にあった。
〇材はどうしてよいか途方にくれていた。
〇二は帰宅の途中ににわか雨に会った。",浩,"浩:wide expanse;abundance;vigorous",Guess the hidden Kanji,Text
"「小説？　あたし小説は嫌いですの」 　おお、ミューズよ、彼女の冒〇を赦せ。
「小説？　あたし小説は嫌ひですの」 　おゝ、ミュウズよ、彼女の冒〇を赦せ。",涜,"涜:defile;blaspheme;ditch",Guess the hidden Kanji,Text
"翌朝、彼女は私の耳もとに口をよせて 「あたしたち、今晩パリへ帰りますの。あたしをこんな〇しい処へ一人で置いて置くわけに行かないっていうんですのよ。それやそうね」
今流行の、単身赴任族の〇しさを、ちょっぴり味わわせてもらったのも、有意義な体験だ。
ひとりぼっちにされたら、その子供はひどく〇しがるだろう。",淋,"淋:lonely;deserted",Guess the hidden Kanji,Text
"多くの宗教において、姦〇は罪悪とされる。
彼は〇らな生活から足を洗った。",淫,"淫:lewdness;licentiousness",Guess the hidden Kanji,Text
"〇子は今夜数学を勉強しなければならないだろう。
〇子ちゃんはかわいい女の子だ。",淳,"淳:pure",Guess the hidden Kanji,Text
"私が〇れたコーヒーより、トムが〇れたコーヒーの方が美味しいのはどうしてかしら？
彼はコーヒーを〇れるのが上手だって知っていた？
トムって、コーヒー〇れるの上手だって知ってた？",淹,"淹:dip;soak;immerse;stop;linger",Guess the hidden Kanji,Text
"くそー、〇のやつ、本当に先生にチクりやがった。
〇に人が群がっていた。",渚,"渚:strand;beach;shore",Guess the hidden Kanji,Text
"センターって「SLAM DUNK」の〇北で言うと誰？
〇南の海水浴場は日曜日にはとても混む。
〇南で何をしたか教えてください。",湘,"湘:name of Chinese river;the Sagami river",Guess the hidden Kanji,Text
"そんな日々を重ねていると、何か目に見えない力が、いい方向に向かわせてくれているような、そんな実感が〇いています。
当初抗議する人はほんのわずかだったが、今やそこらじゅうから〇き起こっている。
社会学の論文ってどんなこと書くの？ なんか全然イメージが〇かないんだけど。",湧,"湧:boil;ferment;seethe;uproar;breed",Guess the hidden Kanji,Text
"盛大な〇息をつきながら、テーブルの上にどさどさとパンを置き、椅子にどっかりと腰掛ける。
11月から時化で全く釣りに行けてなくて、ストレス〇まりまくりです。
疲れが〇まると無性に体に悪いもの食べたくなるのなんでなんだろう。",溜,"溜:collect;gather;be in arrears",Guess the hidden Kanji,Text
"雨水管理システムは、この〇れだした水を捕えて、処理するその能力に達しました。
若い女性は心が希望に満ち〇れて病魔と闘ってきた。
その回想記は父に対する深い尊敬に満ち〇れている。",溢,"溢:overflow;inundate;spill",Guess the hidden Kanji,Text
"この辺で、むかし松本訓導という優しい先生が、教え子を救おうとして、かえって自分が〇死なされた。
小さな子どもは、たった５ｃｍの深さの水で〇れ窒息してしまう可能性があります。
船に乗っている事は、〇れるという冒険を伴って、牢獄の中にいるのと同じである。",溺,"溺:drown;indulge",Guess the hidden Kanji,Text
"彼の言葉の端々にはインテリジェンスが〇み出ている。
汗が〇む。",滲,"滲:imbued with",Guess the hidden Kanji,Text
"「さっきの授業、寝てたでしょ」「うん。我慢できなくてね。先生気づいてそうだった？」「それは、大丈夫そうだったけど、思いっきり船〇いでるから、男の子たち笑ってたよ」「うわっ。その方が嫌かも」
「電動自転車に乗ってる奴ってずるいよな」「どうしたの？」「だって、こっちは一生懸命汗水たらして〇いでるのに、涼しい顔して勝ち誇ったように横を追い抜いてくんだよ。めっちゃ悔しい」
じゃあ２人乗りを許してやるからお前〇げ、俺が荷台に乗るから。",漕,"漕:rowing;scull;paddle",Guess the hidden Kanji,Text
"私は学校で日本文学の英語訳、特に〇石の『吾輩は猫である』や『心』、芥川の『鼻』や『河童』を楽しく読んだ。
近代日本文学ってほとんど読んでないな。宮沢賢治くらいか。〇石も少し読んだ。
夏目〇石は日本の最もすばらしい作家のひとりだ。",漱,"漱:gargle;rinse mouth",Guess the hidden Kanji,Text
"普段は特に可もなく不可もなく、上司から言われたことだけをある程度こなしているような従業員も、アメとムチを使い分けてうまくモチベートすることで見違えるほどの成果を出すこともあれば、逆に従業員の面子を〇すようなことをして、会社に敵対する行動を取り始めることもあるのです。
「あれ？ここにパン屋さんなかった？」「それなら、とっくの昔に〇れちゃったよ」「うそ、いつの間に？」「半年前ぐらいかな」
だが、レーガン政権と最高裁判所に〇される前でさえ、ＯＳＨＡは茶番であった。",潰,"潰:crush;smash;break;dissipate",Guess the hidden Kanji,Text
"例えば仕事に行き悩んだり、家庭内のもめごとに悩んだりしているときに、 高血圧や胃、十二指腸〇〇などが起こってきます。
薬を飲み始めると、すぐに痛みなどの症状はとれてきますが、すぐに〇〇がなおるわけではありません。
胃に〇〇が出来る。",潰瘍,"瘍:swelling;boil;tumor
潰:crush;smash;break;dissipate",Guess the hidden Kanji,Text
"日曜日の揺〇うような午後に、眠気を覚えた。
チーズが口の中で〇けます。
放〇生活を送る。",蕩,"蕩:melt;be charmed;captivated",Guess the hidden Kanji,Text
"その晩ずっと、私は宮〇賢治の詩を読んで過ごした。
僕は、黒〇監督の映画を２本見たことがあります。
僕はもう黒〇映画を二本観たよ。",澤,"澤:swamp",Guess the hidden Kanji,Text
"しかし水とは〇れているものだと教わっても水についてほとんどわからないのと同様に、そんなことを言っても何も語っていることにはならないのである。
石綿金網を発見された場合飛散防止のため石綿の部分を水に〇らしてビニール袋に包み安全を確保して下さい。
トムとメアリーは傘を一緒に差しました。だけど、傘は充分な大きさではなくて二人とも〇れてしまいました。",濡,"濡:get wet;damp;make love",Guess the hidden Kanji,Text
"その医師は内科医として、〇死の子供の生命を救うために、できることはなんでもしたばかりか、危機を切り抜けるために自分の血を提供までした。
１９３９年には、１９１４年と同様、世界は戦争の危機に〇していた。
絶滅の危機に〇した海洋生物を保護する為に募金が設立された。",瀕,"瀕:shore;brink;verge",Guess the hidden Kanji,Text
"彼の一生は波〇万丈であった。
彼の人生は波〇万丈だね。",瀾,"瀾:large waves",Guess the hidden Kanji,Text
"手順その１。植物油（500ml）（各種油脂、または油と油脂を混ぜたものでもよい）を強火で鍋に熱し、薄切りにした玉ねぎ（400g）を加え、玉ねぎが黄色く色づくまで〇めたら、さらに肉（種類は何でもよい）（1kg）を加える。
「このひき肉って、いつ買ったの？」「一昨日よ」「やばそう。ポイしろポイ」「いや、〇めれば使えるはず」
鍋にごま油を中火で熱し、にんにく、鶏肉を入れて〇め、色が変わったら中華スープと白菜を入れて煮る。",炒,"炒:broil;parch;roast;fry",Guess the hidden Kanji,Text
"僕も結構風呂の時間が短いけれど、君は本当に〇の行水だね。
長年の努力が〇有に帰した。
〇は石炭のように黒い。",烏,"烏:crow;raven",Guess the hidden Kanji,Text
"党の主な方針を守らない政治家は、だれしも反逆分子として、〇印を押されるだろう。
彼らは急進派の〇印を押された。",烙,"烙:burn",Guess the hidden Kanji,Text
"ハワイってさ、暖炉つきの家が多いじゃない？あっちも朝夕は冷えるから、寒がりの人は暖炉を〇くんだ。
〇書が行なわれるところにおいては、いずれ人間もまた燃やされるであろう。
寝る前に〇き火の火を消した方がいいだろう。",焚,"焚:burn;kindle;build a fire;boil;cook",Guess the hidden Kanji,Text
"〇瓦職人はその塀には５００個のレンガが必要だと見積もった。
〇瓦の壁は透かして見ることはできない。
〇瓦の大部分は粘土からなっている。",煉,"煉:refine metals;kneading over fire",Guess the hidden Kanji,Text
"我らの頭上に荒れ狂う砂と剣の〇きは、まるで夜空に降り注ぐ流星の如し。
ジャクージの傍には蝋燭が〇々と輝いていた。
月は〇々と輝いていた。",煌,"煌:glitter;gleam;twinkle",Guess the hidden Kanji,Text
"深〇りタンザニア、豆のままで２００グラムお願いします。
深〇りの濃いコーヒーが好きなんだ。
この御茶は１０分間〇じてください。",煎,"煎:broil;parch;roast;boil",Guess the hidden Kanji,Text
"俺達に愛を説いたって無駄さ。余計憎しみを〇るだけなんだから。
アメリカほど愛国心を〇る国はあるでしょうか。
亜由美ちゃんの足が河風の〇りを受けていた。",煽,"煽:fan;flap;instigate;agitate;bolster up;gulp down",Guess the hidden Kanji,Text
"無人島に置き去りにされた時のために、火の〇し方を知っとくのって大事だよ。
無人島に取り残された場合に備え、火の〇し方を知っておくことは大切です。
このままでは〇烈な情報戦に勝てない。ＣＩＯの首を挿げ替えよう。",熾,"熾:kindling fire",Guess the hidden Kanji,Text
"奈良〇花会はとってもロマンチックだったな！
エジソンは電〇を発明した。",燈,"燈:lamp;light;counter for lights",Guess the hidden Kanji,Text
"〇魚,　つまり'Platax Teira'、　は最近ハワイの近くに見られました。
一般的に言って、オーケストラの指揮者は演奏会で〇尾服を着ます。
〇は泥で巣を作ります。",燕,"燕:swallow (bird)",Guess the hidden Kanji,Text
"十畳と八畳の二間をぶち抜いた座敷の真ん中に、三つの大きい〇台の灯が気のせいかぼんやりと曇って、庭先の八つ手の葉にさらさらと舞い落ちる雪の音が静かにきこえた。
深い畏敬の念を抱きながら、私は〇台を前あった場所に戻した。",燭,"燭:light;candlepower",Guess the hidden Kanji,Text
"火は村全体を灰〇に帰した。
建物は、灰〇と化した。",燼,"燼:embers",Guess the hidden Kanji,Text
"天真〇漫なところが彼の唯一の取り柄だな。
あの子たち、みんな天真〇漫ね。",爛,"爛:be sore;inflamed;bleary;fester",Guess the hidden Kanji,Text
"どうしてこの家って、〇切りが２０本もあるの？もしかして、それぞれの指を別々の〇切りで切ってるの？それが、この家のしきたりなの？
グリーンピースは鉄分が豊富で〇の色がよくなる成分が含まれている。
強い足と長い〇のおかげで、クズリは簡単に木に登ることができる。",爪,"爪:claw;nail;talon",Guess the hidden Kanji,Text
"息子は、コウモリはプテラノドンの仲間で〇虫類だと思っている。
イグアナは〇虫類だよ。
〇虫類が大嫌い。",爬,"爬:scratch;crawl",Guess the hidden Kanji,Text
"「〇さま、どうだった？」「ぼちぼちね。でも、先生が『手を握ってください』って言ったらちゃんと握るらしいから、言われてることはわかるみたい。元気になってくれるといいんだけど」
お〇さんはそのニュースに驚いた様子でした。
お〇さんは休憩するために少し立ち止まった。",爺,"爺:old man;grampa",Guess the hidden Kanji,Text
"暑い天候のとき、コップ１杯の冷たい水はとても〇やかだ。
早寝早起きをすれば、毎日とても〇快になるでしょう。
適度な運動をすれば、心身共に〇やかになれますよ。",爽,"爽:refreshing;bracing;resonant;sweet;clear",Guess the hidden Kanji,Text
"奇妙な動物だった。〇が鑿のようになっているんだ。
〇もないくせに吠えまくる犬とは違うんだ。
ライオンはさらに〇をむき出した。",牙,"牙:tusk;fang;tusk radical (no. 92)",Guess the hidden Kanji,Text
"「昨夜、〇蠣食べたら、お腹痛くなって夜からずっとトイレとお友達なの」「大丈夫？今日休む？」「うん。そうする」「じゃぁ、みんなには伝えとくから、ゆっくり休んでね」「ありがとう」
線香花火は、火をつけそれが落ちるまで「蕾」「〇丹」「松葉」「散り菊」と名づけられた４つの段階を楽しむことができます。その美しい名前は、人の人生になぞらえ付けられたそうです。
「今日の晩ご飯はカキにしよっと」「カキ？」「『柿』じゃなくて『〇蠣』」「あっ、かきね」「？」",牡,"牡:male",Guess the hidden Kanji,Text
"しかし城にたどりつくなり、近衛兵を率いた人によって、わたしはこの〇獄に勾引されてしまった。
船に乗っている事は、溺れるという冒険を伴って、〇獄の中にいるのと同じである。
建築物は、現在では昔よりずっと堅〇になっている。",牢,"牢:prison;jail;hardness",Guess the hidden Kanji,Text
"二つに分けることによって、本願寺の力を半分ずつにして、西と東をお互いに〇制、競争させようしたんです。
オープンソースは技術革新を〇引する動力である。
武装勢力への〇制のため派遣された。",牽,"牽:pull;tug;drag;lead by hand",Guess the hidden Kanji,Text
"風に乗ってどこからともなく金木〇の香りがした。秋を感じた瞬間だった。
彼女は庭に木〇を植えた。",犀,"犀:rhinoceros",Guess the hidden Kanji,Text
"ある朝洞穴から子どもの〇が　出ようとしましたが、「あっ。」と叫んで眼をおさえながら母さん〇のところへころげてきました。「母ちゃん、眼になにか刺さった、ぬいてちょうだい早く早く。」といいました。
お母さん〇は、心配しながら、坊やの〇の帰ってくるのを、今か今かとふるえながら待っていましたので、坊やが来ると、暖かい胸に抱きしめて泣きたいほどよろこびました。
親子の銀〇は洞穴から出ました。子供の方はお母さんのお腹の下へはいりこんで、そこからまんまるな眼をぱちぱちさせながら、あっちやこっちを見ながら歩いて行きました。",狐,"狐:fox",Guess the hidden Kanji,Text
"大会で優勝したからって天〇になるな。お前と同じくらいに上手いやつなんて、世の中にはごろごろいるんだぞ。
俺だったら天〇になっちゃうよ。
トムは天〇になったようだった。",狗,"狗:puppy;dog",Guess the hidden Kanji,Text
"しかし、その貸金庫に預けているものを〇った男達に、ハナを誘拐されてしまう。その誘拐犯達とは、実は刑事だった。
カモメはうるさい鳴き声やフン害、ゴミ袋を裂いたり、 食べ物を〇って攻撃するなどの迷惑行為を引き起こします。
問題です。標的を〇う正確性を競う種目で、オリンピック種目にもなっている競技はなんでしょう。",狙,"狙:aim at;sight;shadow;stalk",Guess the hidden Kanji,Text
"トムの〇寝入りって、バレバレなんだよね。
捕らぬ〇の皮算用をするな。
取らぬ〇の皮算用か。",狸,"狸:tanuki;raccoon",Guess the hidden Kanji,Text
"〇が犬に似ているように、おべっか使いは友達のように見える。
飢えた〇たちによって５匹のウサギは皆食べられてしまった。
大人しそうに見えても男はみんな〇だからね。覚えときな。",狼,"狼:wolf",Guess the hidden Kanji,Text
"情報が患者を〇〇させるかもしれないとき、それは患者には知らされない。
記者はひどく〇〇していたので善悪の区別ができなかった。
彼はひどく〇〇していたので善悪の区別が出来なかった。",狼狽,"狽:wolf;be flurried
狼:wolf",Guess the hidden Kanji,Text
"女性が下半身が見える状態で公道を歩いていると公然〇〇罪となり、上半身裸で歩いていると軽犯罪法第１条第２０号の罪となります。
それとも、あまりに〇〇な写真があるから出版できないということか？",猥褻,"褻:filthy
猥:obscene",Guess the hidden Kanji,Text
"今回の成果はひとえに彼の〇子奮迅の働きの賜物でしょう。
死んだ〇子より生きている犬の方がましだ。
眠れる〇子は起こすな。",獅,"獅:lion",Guess the hidden Kanji,Text
"しかもあとで聞くとそれは書生という人間中で一番〇悪な種族であったそうだ。
彼らの飼い犬はとても〇猛なので、誰も近づけなかった。
彼らの犬はとても〇猛なので、誰も近づけなかった。",獰,"獰:bad",Guess the hidden Kanji,Text
"〇具も、何も無いから、私は、チョークを買ってもらって、それで、押入の板戸へ、絵や、字を書き出した
私は、〇具をもった記憶がない、と云ったが、殆ど、間食をした記憶もなかった。
君たちが作ったものは、〇具としては面白いが、我々はあれを車とは認めない。",玩,"玩:play;take pleasure in;trifle with;make sport of",Guess the hidden Kanji,Text
"「あ、は、はい・・・ごめん、〇姉」「コラ。幾ら親戚とはいえ、私は先輩医師よ？院内ではちゃんとケジメをつけなさい」
〇子のオススメという本を、その場で軽く流し読みしてみる。
ですから、〇子。アンタは慌てることはありません。",玲,"玲:sound of jewels",Guess the hidden Kanji,Text
"君の実力なら楽勝だとは思うが、それに驕らず、まずはクラスのみんなと切磋〇磨していって欲しい。
彼の文章は細部まで入念に彫〇されている。",琢,"琢:polish",Guess the hidden Kanji,Text
"いぶかしげに見上げた雨雲から、〇〇色のドラゴンがギュンと現れた。
時を超えて古代の昆虫たちが〇〇の中で生き生きと踊る。
「小便が〇〇色だと言われたら、脱水症状だ」",琥珀,"珀:amber
琥:jewelled utensil",Guess the hidden Kanji,Text
"この道を行けば、〇〇湖の岸に降りられるでしょう。
私達の立っているところから〇〇湖が見えた。
私たちが立っている場所から〇〇湖が見えた。",琵琶,"琵:glissando on strings;lute
琶:lute",Guess the hidden Kanji,Text
"長く生きられることを願って娘を菜依〇と名付けた。
大関把〇都はエストニア出身だ。",瑠,"瑠:lapis lazuli",Guess the hidden Kanji,Text
"先輩は、嫌味なくらいの完〇超人でしたからね。だから逆にその「癖」は先輩の可愛げ・・・というか、チャームポイントでしたよ。
海外で育つ日本人の子供の場合、日本語が完〇にできる場合ですら、帰国後日本の学校に適応するのに大変苦労することが時々ある。
僕の英語は実用的には十分だと思う。だって、文法や表現は完〇じゃないかもしれないけど、なんとかなってるじゃん。",璧,"璧:sphere;ball",Guess the hidden Kanji,Text
"私の娘はサクランボや西〇や桃のような夏の果物が好きだ。
「南〇は、何玉欲しい？」「３玉、お願いします」
トムと私はまるで〇二つである。",瓜,"瓜:melon",Guess the hidden Kanji,Text
"救助犬は〇礫の下に生存者がいないのに、いると誤認することも許されないと言われている。
煉〇職人はその塀には５００個のレンガが必要だと見積もった。
救助隊は何日も〇礫の下にいた生存者の発見に成功した。",瓦,"瓦:tile;gram",Guess the hidden Kanji,Text
"休日は、〇っ子の面倒を見たり、友人と食事に行ったりして過ごしています。
妹には２人の息子がいるので、私には２人の〇がいることになる。
彼女はがさつな〇たちにこれ以上我慢しようとは思わなかった。",甥,"甥:nephew",Guess the hidden Kanji,Text
"ベンヤミンは優れた芸術作品を前にして人が経験するであろう〇怖や崇敬の感覚を指して「アウラ」という語を用いた。
深い〇敬の念を抱きながら、私は燭台を前あった場所に戻した。
私たちはその話を聞いたとき、〇敬の念に打たれてしまった。",畏,"畏:fear;majestic;graciously;be apprehensive",Guess the hidden Kanji,Text
"あなたは充分可愛い女の子の範〇に入ると思います。部長のおめがねには余裕でかなってしまうでしょう。
しかしながら、人間はなぜこれらの範〇に入ってしまうのか。
私の理解の範〇を超えてる。",疇,"疇:before;companion;same kind",Guess the hidden Kanji,Text
"水〇〇は、小児によく見られる疾患です。
子供の頃、水〇〇にかかったと思うよ。
子供の頃、水〇〇になったと思うよ。",疱瘡,"瘡:wound;boil;syphilis
疱:smallpox;blister",Guess the hidden Kanji,Text
"世界からは【麻〇輸出国】と嫌味とも本音ともとれることをいわれている始末。
肛門のまわりに湿〇があります。
台所洗剤で手に発〇ができた。",疹,"疹:measles;sickness",Guess the hidden Kanji,Text
"もっと単刀直入に言ってくれないかな。隔靴掻〇の感なきにしもあらずだよ。
パイナップルはダメなんだ。食べると口の中が〇くなっちゃうんだよ。
蚊に刺されてしまってすごく〇いんだ。薬もってない？",痒,"痒:itchy",Guess the hidden Kanji,Text
"そのような〇跡がくっきりと残っているかどうかによって、これらの人々がいつも重労働に従事していたかどうかがわかる。
昔の建物を取り壊すことによって、私たちは、過去の〇跡を永久に消し去ってしまうことになるのである。
都市がゆっくり発展してきたことや、各々の時代がその〇跡を残していることがわかる。",痕,"痕:mark;foot print",Guess the hidden Kanji,Text
"この薬を飲むと胃の〇〇が治ります。
この薬を飲むと〇〇が緩和されます。
まだ〇〇している。",痙攣,"攣:crooked;bent
痙:have a cramp",Guess the hidden Kanji,Text
"派手にすっ転んだので膝に青〇ができてしまいました。
両足に〇ができてしまいました。",痣,"痣:birthmark;mole",Guess the hidden Kanji,Text
"「パパ、三人で鬼ごっこしよ。パパ、鬼ね」「ガオー。悪い子はどこだ。捕まえて食べちゃうぞ。よし捕まえた」「きゃぁ。〇せっぽちの僕を食べても美味しくないぞっ！メアリーの方がきっと美味しいって」「トムの裏切り者！」
彼女、しばらく見ない間にげっそりと〇せちゃったけど、何か大きな病気でもしたのかな。
メアリーはそれ以上〇せなくていいんじゃないかな。もう十分スリムだよ。",痩,"痩:get thin",Guess the hidden Kanji,Text
"彼はこの手のダーティーな手法にはすっかり麻〇していてなんの罪の意識も無かった。
現在、地震の影響で首都圏の交通網が麻〇している状況です。
大洪水がその地域の交通網を麻〇させた。",痺,"痺:palsy;become numb;paralysed",Guess the hidden Kanji,Text
"ああいう人って、〇にさわるのよ。
咲桜の話し方って、〇に障るのよ。
トムの話し方は私の〇にさわる。",癇,"癇:bitter;hot temper;irritable;nervous",Guess the hidden Kanji,Text
"バークさんと一日中一緒に仕事をしてそれでも〇〇を起こさなかったら、あなたが言うことを信じるわ。
彼は子供返りをして〇〇を起こした。
ヤニーは〇〇持ちだった。",癇癪,"癪:spasms;(kokuji)
癇:bitter;hot temper;irritable;nervous",Guess the hidden Kanji,Text
"男性の割礼が、性器ヘルペスや〇の原因にもなるウイルス感染のリスクを軽減します。
遺伝子解析は〇やその他の疾患の可能性を予測するのに役立てることができます。
〇患者は心をくじく吐き気の発作にしばしば対峙しなければならない。",癌,"癌:cancer;cancerous evil",Guess the hidden Kanji,Text
"どうしてだろうね。〇に障るのよね。
私は彼の態度が〇に障った。",癪,"癪:spasms;(kokuji)",Guess the hidden Kanji,Text
"トムは不機嫌そうに額に〇を寄せた。
彼女は額に〇を寄せた。
眉間に〇を寄せていた。",皺,"皺:wrinkles;creases;folds",Guess the hidden Kanji,Text
"さて、犯人は、告白するか否かが、沈黙するＭＬ参加者たちの焦〇の関心事となる。
私達が祝いの言葉をかけたのに、彼は〇をひそめてそっぽを向いた。
笑いで誤魔化すと、亜美さんはさも不機嫌そうに〇を寄せた。",眉,"眉:eyebrow",Guess the hidden Kanji,Text
"その男が、自分は百万長者だとあのきれいな女の子にいったことはまるっきり〇〇だった。
さっきのトムの話はちょっと〇〇ものだと思う。",眉唾,"眉:eyebrow
唾:saliva;sputum",Guess the hidden Kanji,Text
"真昼の太陽がテニスコートを目も〇むほどに照らしあげた。
寝転がると、天井の照明が思いの外〇しい。
疲労やら飢えやらで彼は目〇を感じた。",眩,"眩:faint;dizzy",Guess the hidden Kanji,Text
"最後の詰めを怠ったばかりに、画竜点〇を欠くはめになってしまったね。
あの件に関しては、画竜点〇を欠いてしまった。",睛,"睛:pupil of the eye",Guess the hidden Kanji,Text
"ついに、インディアンの二人の酋長は和〇することに決めた。
結婚は、〇まじければ理想郷、争い絶えねば生き地獄。
我々は親〇会の最後に電話番号を交換した。",睦,"睦:intimate;friendly;harmonious",Guess the hidden Kanji,Text
"審判の方をちらりと〇むが、審判は涼しい顔して鼻クソをほじっていやがった。「ちくしょう、八百長かよ・・・」
彼は部下に対する権威がない、部下に対して〇みがきかない。
騒いでいたのでバスの運転手はこちらを〇んだ。",睨,"睨:glaring at;authority;power;scowl at",Guess the hidden Kanji,Text
"数年ぶりとはいえ、目を〇ってもたどり着けるほど単純で変化がなかった。
外で突然大きな物音がして私の〇想は中断した。
彼は昨晩〇想した時のイメージを描いた。",瞑,"瞑:sleep;dark;close eyes",Guess the hidden Kanji,Text
"クレオパトラの鼻が曲っていたとすれば、世界の歴史はその為に一変していたかも知れないとは名高いパスカルの警句である。しかし恋人と云うものは滅多に実相を見るものではない。いや、我我の自己欺〇は一たび恋愛に陥ったが最後、最も完全に行われるのである。
華やかな上流階級のイメージとは裏腹に、彼らの交友関係は欺〇に満ちている。
感受性が衰えていくことを成長と称する欺〇は避けなければならない。",瞞,"瞞:deception",Guess the hidden Kanji,Text
"そのことは、各研究分担者とこのテーマとの関係を〇見すれば、おのずから明らかとなる。
いつかお時間のあるときにでもご一〇くだされば幸いです。
彼女は彼に疑い深そうな一〇を投げた。",瞥,"瞥:glance at",Guess the hidden Kanji,Text
"式に余分の変数を加えたことによって、この実験結果は不明〇なものになっている。
ほぼ赤道直下にあるシンガポールでは、雨季・乾季があまり明〇ではない。
トムがメアリーにキスをしたくないというのは一目〇然だった。",瞭,"瞭:clear",Guess the hidden Kanji,Text
"私の孫は子猫を飼っています。その猫の毛並みは白と黒で〇はグリーンがかっています。孫はその猫と遊ぶのが大好きで、ヴィヴィと呼んでいます。ヴィヴィは綺麗な猫で、私たちのペットです。
私の孫息子は猫を飼っている。その猫は白と黒の被毛を持ち緑がかった〇をしている。孫はその猫と遊ぶのが大好きで、その猫をビビと名づけた。ビビは美しい。それは私たちのペットである。
色白で、透けるような肌で、やや薄い色の〇であった。",瞳,"瞳:pupil (of eye)",Guess the hidden Kanji,Text
"彼は眠くて〇が重かった。
〇が大きく開く。",瞼,"瞼:eyelids",Guess the hidden Kanji,Text
"彼らは彼を捕え、バージニアのモンロー〇に連行した。
この家は〇でもお城でもないが、少し冷静になれる。
その〇はどのような攻撃にも安全であった。",砦,"砦:fort;stronghold;entrenchments",Guess the hidden Kanji,Text
"ヨットを一定の所へ停止させておくために普通は〇を使う。
「〇さんの所は雨ですか？」「晴れています」
そのボートは岸辺に〇を降ろした。",碇,"碇:anchor;grapnel",Guess the hidden Kanji,Text
"日本の食器には蓋が付いているものがあるんですよ。茶〇蒸しとか、お吸い物とか、丼ものも。
食事時に日本に特有なのは、人々が茶〇からご飯を食べることである。
おてつと大きく書かれた番茶茶〇は、これらの人々の前に置かれた。",碗,"碗:porcelain bowl;tea cup",Guess the hidden Kanji,Text
"〇野さん一家はよくハイキングに行ったものだ。
〇田氏に全く同感です。",磯,"磯:seashore;beach",Guess the hidden Kanji,Text
"救助犬は瓦〇の下に生存者がいないのに、いると誤認することも許されないと言われている。
救助隊は何日も瓦〇の下にいた生存者の発見に成功した。
一連の爆発で、その研究施設は瓦〇の山と化した。",礫,"礫:small stones",Guess the hidden Kanji,Text
"硫酸は、緑〇油として中世の錬金術師達に既に知られていた。
硫酸は古くは「緑〇油」と呼ばれていた。",礬,"礬:alum",Guess the hidden Kanji,Text
"新型コロナウイルスの影響で、今年の〇園祭は中止になった。
〇園精舎の鐘の声、諸行無常の響あり。",祇,"祇:national or local god;peaceful;great",Guess the hidden Kanji,Text
"車は壊れるわぁ、泥棒には入られるわぁ、ついてないったらありゃしない。お〇いにでも行こうかな。
司祭は大きな声をかけて悪霊を〇うことに成功した。",祓,"祓:exorcise",Guess the hidden Kanji,Text
"駐禁で切符を切られた直後にＵターン禁止でつかまった。運が悪いというか、弱り目に〇り目というか。
触らぬ神に〇りなし。
弱り目に〇り目。",祟,"祟:curse;haunt",Guess the hidden Kanji,Text
"君は課長としての貫〇がないね。
ボスの貫〇だよね。
貫〇がついたね。",禄,"禄:fief;allowance;pension;grant;happiness",Guess the hidden Kanji,Text
"何分か経ったのか、それとも何時間か経ったのか、沼田先生が家に入ってきて、〇子の額に手を当てた。
体はもうすっかり弱っていたが、この鶴のおかげで〇子は心の中で強い気持ちになることができた。
〇子の友人達は、彼女と原爆でなくなったすべての子供達の慰霊碑を建てたいと思った。",禎,"禎:happiness;blessed;good fortune;auspicious",Guess the hidden Kanji,Text
"そんな細かいこといちいち気にしてたら〇げるぞ。
むしろロン毛のほうが〇げやすいって聞いたぞ。
私は、若いうちに〇げたくない。",禿,"禿:become bald;bare;wear out;waste away;little girl employed at a brothel",Guess the hidden Kanji,Text
"山羊座B型の男性と天〇座O型の女性の相性を教えてください。
両天〇をかけると失敗する。
浴室の〇で体重を計った。",秤,"秤:balances;scales;steelyard",Guess the hidden Kanji,Text
"彼が本を読むことがあっても、ごく〇なことだ。
ピカソのような画家は〇だ。
彼は〇に見る勤勉な男だ。",稀,"稀:rare;phenomenal;dilute (acid)",Guess the hidden Kanji,Text
"どんなに優雅で堂々とした既存のビルも、今や、その怪物のわきでは、ちょっと滑〇にさえ見えるほど痛ましいまでに小さくなってしまうだろう。
荒唐無〇と皆に言われた彼のビジネスプランだけど、今となっては我々の不明を恥じるしかないのかね。
そのパーティーで彼の振る舞いはあまりに滑〇だったので、私は笑わずにはいられなかった。",稽,"稽:think;consider",Guess the hidden Kanji,Text
"名を〇すくらいなら、いっそ死んだほうがましだ。
名が〇れるくらいなら、彼はむしろ死を選ぶ。",穢,"穢:dirty",Guess the hidden Kanji,Text
"もうちょい痩せないと今まで〇いてたジーパンがきつい。
子供は冬でも半ズボンを〇く。
雨垂れ石を〇つ。",穿,"穿:put on (to the feet);dig;pierce;drill",Guess the hidden Kanji,Text
"洞〇から大きな猿が現れると、彼らはびっくりして逃げていった。
私たちはそのまま洞〇の口にボートで突っ込んで行きました。
信じられないだろうけど、その洞〇から怪獣が現れたんだ。",窟,"窟:cavern",Guess the hidden Kanji,Text
"太った女性も、若いカップルも、眠っているインド人も、そして、背の高い黒服の男も。しかし、今では皮膚も肉も髪もなくなって、ぼんやり光る白い頭蓋骨から、からっぽの眼〇がにらみつけていた。
眼〇とは、目をいれている骨のいれもののことです。",窩,"窩:cave;pouch",Guess the hidden Kanji,Text
"父に改〇された成績表を渡しました。
トムは報告書を改〇した。",竄,"竄:flee",Guess the hidden Kanji,Text
"一日中、釣り〇を立てたため、腰が痛くなりました。
彼は釣り〇でどう釣りをすればいいか知っている。
〇にシーツを全部干しました。",竿,"竿:pole;rod;scale beam;violin neck",Guess the hidden Kanji,Text
"富士山にかかる〇雲は縁起がいいと言われています。
小〇原諸島では、ＮＨＫの電波しか入らない。",笠,"笠:bamboo hat;one's influence",Guess the hidden Kanji,Text
"一円盗んで見に行く決心をしたが、貧乏の家に盗める一円なんぞ有ろう〇がない。
土曜の晩には、パリから、一晩泊りで彼女の夫が来る〇になつてゐるのです。
土曜の晩には、パリから、一晩泊りで彼女の夫が来る〇になっているのです。",筈,"筈:notch of an arrow;ought;must;should be;expected",Guess the hidden Kanji,Text
"あの高い山は〇波山です。
貴方は、〇紫川に行く。",筑,"筑:an ancient musical instrument",Guess the hidden Kanji,Text
"厚生労働省の方針に合わせ、一部の医療機関では、慢性疾患等を有する定期受診者に対し「電話診療による処方〇の発行」の取り扱いを始めた。これは重篤化しやすい慢性疾患者に対しての感染予防のための処置である。
こちらのお薬は処方〇なしではご購入いただけません。
コピーするページに付〇をつけておいてください。",箋,"箋:paper;label;letter;composition",Guess the hidden Kanji,Text
"修正が必要な箇所には、付〇を〇っておいてください。
付〇〇りすぎてもはや付〇の意味ない気がしてきた。",箋貼,"貼:stick;paste;apply
箋:paper;label;letter;composition",Guess the hidden Kanji,Text
"お父さんは〇が付くからって言うけど、あたしとしちゃどうだっていいね。
お正月には金〇入りのお神酒を頂きました。",箔,"箔:foil;gilt",Guess the hidden Kanji,Text
"和〇〇には、きれいな着物が入っていました。
大きいクモが〇〇の後ろにいるよ。",箪笥,"笥:lunch box;clothes chest
箪:bamboo rice basket",Guess the hidden Kanji,Text
"これは〇置きといって、デザインが気に入ったので買いました。左側の〇置きに〇先がのるようにして使います。
最も古い中国の〇の中には、紀元前1200年にもさかのぼるものもある。
使い捨ての〇を使うよりもプラスチックの〇を洗って使う方がいい。",箸,"箸:chopsticks",Guess the hidden Kanji,Text
"あなたがこれらの事をしたのを、わたしが黙っていたので、あなたはわたしを全く自分とひとしい者と思った。しかしわたしはあなたを責め、あなたの目の前にその罪をならべる。「詩〇５０：２１」
別の監督の一〇を目当てに見たオムニバス映画でこの監督を知った。
カフカは長〇より短〇の方が好きです。",篇,"篇:volume;chapter;book;editing;compilation",Guess the hidden Kanji,Text
"あなたはどれくらい〇山に住んでいるのですか。
あなたは去年から〇山に住んでいますか。
あなたは来年〇山に住むつもりですか。",篠,"篠:bamboo grass",Guess the hidden Kanji,Text
"スカートのポケットにティッシュ入れっぱなしで洗濯〇に入れたろ。大変だったんだからな。
彼と付き合ってると、〇の鳥のような気分になるのよね。だから、別れたの。
〇の鳥に水とえさをまいにちやるようにしてください。",籠,"籠:basket;devote oneself;seclude oneself;cage;coop;implied",Guess the hidden Kanji,Text
"制服だって、いつも着ているのより〇がきき過ぎていて、ちょっぴり違和感すら覚えてしまいます。
いったい賛成なのか、反対なのか、曖昧模〇とした意見だねえ。
申し込み用紙に〇で写真を貼りなさい。",糊,"糊:paste;glue;sizing",Guess the hidden Kanji,Text
"ユーモアのない人生なんて、凡そ〇面白くないものだが、同時に、人生から偶然というものを取り除いてしまえば、随分味気ないことになるだろう。
酪農家にとって、朝夕に乳を搾るとともに、いつも牛舎を清潔に掃除し、〇尿を処理することも大切な仕事です。
何でもかんでも英語にするのが国際化なんだったら国際化なんて〇食らえって思う。",糞,"糞:shit;feces;excrement",Guess the hidden Kanji,Text
"幾多の〇余曲折を経て条約は締結されるに至った。
あの問題も、〇余曲折を経て解決した。",紆,"紆:crouch",Guess the hidden Kanji,Text
"在日朝鮮人は失業や貧困も多いわけだから仕事と〇付きで来日する他の外国人より犯罪が多いのはむしろ普通だと思うんだよね。なのに、なぜそれを犯罪という負の側面に限って見ないフリをするのかが謎。結局彼は朝鮮人は素晴らしい民族であるべきという願望ありきなようにしか見えないね。
「イヤホン片方なくしちゃったみたい。ショックだな」「〇付けとけばよかったのに」「それじゃぁ、ワイヤレスの意味がないでしょ？」
「これは何？供物か？」「そうだよ、このお賽銭箱の中に入れて・・・この〇を引っ張るの」",紐,"紐:string;cord;braid;lace;tape;strap;ribbon",Guess the hidden Kanji,Text
"あの赤い布は「袱〇」茶道具を清めるために使う必需品なの。
莉〇さんのお誕生日は、２ヶ月後です。
〇美は、何も知らなかった。",紗,"紗:gauze;gossamer",Guess the hidden Kanji,Text
"かつて、今よりもはるかに分断されていた国民にリンカーンが語ったように、私たちは敵ではなく友人なのです。感情はもつれたかもしれないが、だからといってお互いを大事に思う親密な〇を断ち切ってはなりません。
「どうしたの？」「靴擦れしちゃった」「だから、新しい靴はやめときって、言ったでしょ？〇創膏あるよ」「ありがとう」
あ、とりあえず包帯しているけど、もし煩わしかったら、家に帰ってから〇創膏に代えても大丈夫よ。",絆,"絆:bonds;fetters",Guess the hidden Kanji,Text
"地面から跳ね上り、空に飛び上がった――しばらくすると、雲が眼下に、白い綿の〇〇のように広がり、夕日にてらされてキラキラと光った。
ペルシャ〇〇を買う場合にしたがうべき最高のアドバイスは、カーペットについてよく知っておけ、ということである。
翌朝、トムは猫の死体を時計塔の足元で見つけた―― 〇〇のように潰れていた。",絨毯,"毯:wool rug
絨:wool cloth",Guess the hidden Kanji,Text
"「卒業式って、何着る？振り袖？〇？スーツ？」「振り袖とスーツは、卒業式じゃなくても着れるから、〇かな」
彼女たちは、学位授与式で「〇」や「振袖」を着るのを楽しみにしていた。
トムね、成人式にめっちゃ派手な羽織〇で来たんだよ。",袴,"袴:men's formal divided skirt",Guess the hidden Kanji,Text
"自分の好きなジャズピアニストの演奏への、震えるような感動を〇る人もいた。
英語の〇りには規則性がないね。Ghotiはｆｉｓｈのように発音される。
その報告書は急いで作成されていたので、いくつかの〇りの間違いがあった。",綴,"綴:compose;spell;write;bind (books)",Guess the hidden Kanji,Text
"私の孫は子猫を飼っています。その猫の毛並みは白と黒で瞳はグリーンがかっています。孫はその猫と遊ぶのが大好きで、ヴィヴィと呼んでいます。ヴィヴィは〇麗な猫で、私たちのペットです。
極端な体型の人はメンヘラになりやすい。ダイエットなんてしなくても君は十分〇麗だよといってあげれば，治ることだってある（大抵は治らない）。
「このマフラー、〇麗に編めたわね。前回の分と全然違うね？」「うん、なんか、手が慣れてきたみたい。ゆったり編めるようになったよ」",綺,"綺:figured cloth;beautiful",Guess the hidden Kanji,Text
"特に約２０年前から、高福祉政策が経済的破〇につながったとされる北欧諸国が示すように、福祉の充実と国際競争力維持の両立は困難なものであると言える。
日本の官僚達は国家が破〇するまで天下りを続けて税金をむさぼる国賊に過ぎない！
聞いたところによると彼らの結婚は破〇をきたしているらしいよ。",綻,"綻:be rent;ripped;unravel;run;begin to open;smile",Guess the hidden Kanji,Text
"明日、大事なプレゼンがあるって言うのに、余裕〇々だね。
彼は余裕〇々と落ち着いている。",綽,"綽:loose;lenient",Guess the hidden Kanji,Text
"とても元気よ！ねえ、ローラ、こちら友達の〇子。
〇子さんの日記をまた読むのを楽しみにしている。
おい、〇子、声を大きくしてください。",綾,"綾:design;figured cloth;twill",Guess the hidden Kanji,Text
"彼らのコントは一見ほとんどアドリブに見える。ところがその実〇密な計算とリハーサルのたまものなのだ。
彼は〇密に立てた計画を実行した。",緻,"緻:fine (i.e. not coarse)",Guess the hidden Kanji,Text
"私は、〇るようにして彼の手を掴んだ。
彼女は行かせまいとして私に〇った。",縋,"縋:cling;hang on;depend",Guess the hidden Kanji,Text
"あのグリーンの〇のシャツ、今洗濯してるん？
〇柄の服で彼女のほっそりした姿が目立つ。
この〇々のシャツ好きだったのに。",縞,"縞:stripe",Guess the hidden Kanji,Text
"「もしもし、田中さんのお宅ですか？」「はい」「携帯の方に何度かおかけしたのですが、〇がらなかったのでご自宅の方へご連絡させていただきました」「ははは。ごめんごめん。携帯料金払ってないんだ」
二人は、重い障害を持って生まれた我が子に、その命がいつまでも結び〇がれますようにという願いを込め「結希」と名付けることにしました。
このような有様になっているのは、おそらく魑魅魍魎が跋扈する北方のディジェネ―ル地方と〇がっているからだろう。",繋,"繋:tie;fasten;chain;tether;connect",Guess the hidden Kanji,Text
"彼女は白いハンカチに自分のイニシャルを刺〇した。
彼女からすばらしい刺〇品をもらった。
アイルランドは刺〇で有名である。",繍,"繍:sew;figured cloth",Guess the hidden Kanji,Text
"たたんである半〇を広げれば、あちこちにつぎはぎがあり、肩口にできたほころびなんか、去年のままになっている。
火事の時は、火の粉をかぶらないように何か〇ったほうがいい。
それについて、決められた字数以内に作文を〇める。",纏,"纏:wear;wrap;tie;follow around;collect",Guess the hidden Kanji,Text
"部屋が静かになった時インディアナ・ジョーンズは〇ではあるまいかと迷いました。
クモはそこで、チョウとかトンボといった小さな昆虫が〇にかかるのを待つ。
食虫植物は、昆虫を捕らえるための様々な種類の〇を備えている。",罠,"罠:trap;snare",Guess the hidden Kanji,Text
"もっと，私のことを〇ってください！踏まれたりいじめられたりすることに快感を覚える，私はそういう人種なんです！
私はそれまでにこれほど〇倒にみちた手紙を受け取ったことはなかった。
はい、大阪でも相手に〇詈雑言を浴びせるとき、アホと言います。",罵,"罵:abuse;insult",Guess the hidden Kanji,Text
"「トム、インフルエンザに〇ってるの？大丈夫？まさかコロナじゃないよね？」「ちゃうちゃう。元気だよ。ありがとう」
彼はひどい風邪に〇っている。彼女は彼の体の具合をとても心配している。
彼女は重い病気に〇っており、一週間ベッドで寝込んでいる。",罹,"罹:catch;get",Guess the hidden Kanji,Text
"「昨日ね、お好み焼き食べに行ってきた」「いいね！〇ましいな〜」「写真も撮ったよ。見る？」「うん！あー、おいしそう」「この白いのはね、ダブルチーズ焼きよ。一緒に行ったら、これにしようね」
「背高いの〇ましい」「そう？ でも背高くてもいいことなんて何もないよ。天井に頭ぶつけたりするし」
叔父さんたち、大晦日は日本で過ごすんだって。〇まし過ぎる......。",羨,"羨:envious;be jealous;covet",Guess the hidden Kanji,Text
"ボクが憧れたのは〇太部長の『力』じゃない。体を張ってでも信念を貫こうとする雄々しい勇気だったはず。
おめーが大〇か？今までずいぶんとでかい顔してくれたなあ？
〇太は彼女に会うのが恥ずかしいと言いました。",翔,"翔:soar;fly",Guess the hidden Kanji,Text
"「若さ」の前に不可能も無ければ、陰〇も無い、それは一切を突破する力であり、一切を明るくする太陽である。
記憶が曖昧になって昔の風景は一日増しにすっかり〇んでしまった。
私は陽気で軽い男より、ちょっと〇のある渋い男に惹かれるの。",翳,"翳:hold aloft",Guess the hidden Kanji,Text
"ジャックは物思いに〇って部屋の中を行ったり来たりしていた。
勤務中なのに職員の目を盗んでインターネットに〇溺する。
私たちは酒と会話に〇った。",耽,"耽:addicted;absorbed in",Guess the hidden Kanji,Text
"彼は〇明であるのに、自分の意見を述べることをいつも嫌がっている。
彼女は美しいばかりか、心も優しく、しかも、〇明である。
彼女の母は〇明であるというよりもむしろ物知りであった。",聡,"聡:wise;fast learner",Guess the hidden Kanji,Text
"ヘレン・ケラーは盲人で、〇〇者です。
〇〇者は手話で話す。",聾唖,"唖:mute;dumb
聾:deafness;deaf person;deafen",Guess the hidden Kanji,Text
"貴殿はテニス〇と診断されました。温かいお湯に腕をつけてください。
彼は目をつむり、腕組みをしたまま、〇掛けいすに座っていた。
その革製の上着の両〇の部分が擦り減って穴があいた。",肘,"肘:elbow;arm",Guess the hidden Kanji,Text
"キムと言う友達が、時々、たいへんな〇門出血があるんだ。
俺、〇門の専門家に診てもらわなきゃ。
〇門のまわりに湿疹があります。",肛,"肛:anus",Guess the hidden Kanji,Text
"ケンジの奴、二〇かけてたから、思いっきりひっぱたいてやったよ。あいつとはもう別れることにした。
あの二〇男を懲らしめてやるから、ちょっと待ってて！
メアリーはタイプの違う男を二〇にかけている。",股,"股:thigh;crotch",Guess the hidden Kanji,Text
"私の夫は日曜休日も出社していると言っているけど、時にはその話が〇散臭いと思うことがあります。
塩・〇椒で味を調え、ナツメグを一つまみ加えましょう。
今朝、山羽さんが卸で〇桃を３０キロ買いました。",胡,"胡:barbarian;foreign",Guess the hidden Kanji,Text
"金属は低温になると〇くなることがあります。
〇弱で力の無い、ただの人間なんだ。",脆,"脆:brittle;fragile;easy to beat;sentimental;susceptible",Guess the hidden Kanji,Text
"所謂頭のいい人は、云わば脚の早い旅人のようなものである。人より先きに人の未だ行かない処へ行き着くことも出来る代りに、途中の道傍或は一寸した〇道にある肝心なものを見落す恐れがある。
こうした熊独特の特徴が、熊が動かずに狩猟すること（アザラシの呼吸孔の〇でじっと動かず、アザラシが海面に上がってくるのを待つ）を好む説明になっている。
ろうそくの両端を燃やすことは、極めて簡単にろうそくを溶かすことになる - 美女を両〇に抱え込んだプレイボーイのように。",脇,"脇:armpit;the other way;another place;flank;supporting role",Guess the hidden Kanji,Text
"わが〇と心とを錬りきよめたまへ。
トムは〇臓と肝臓が悪い。
〇臓が悪いのです。",腎,"腎:kidney",Guess the hidden Kanji,Text
"くーっ、ビールが五臓六〇にしみわたる。やっぱり仕事の後はビールだね。
あいつの言うことって、〇に落ちないんだよなぁ。
何人も空の胃の〇では愛国者たり得ない。",腑,"腑:viscera;bowels",Guess the hidden Kanji,Text
"彼女の顔、あんなに〇れていたのにおたふくかぜじゃないんだって。なんか原因不明の伝染病らしいよ。
その〇れから判断すると、その人はきっと蛇にかまれたに違いありません。
ここ一ヶ月は、ほとんど不眠不休の徹夜続きで、目が〇れ上がっている。",腫,"腫:tumor;swelling",Guess the hidden Kanji,Text
"胃に〇〇ができたので切ってもらった。
トムには脳〇〇があった。
〇〇は進行しています。",腫瘍,"瘍:swelling;boil;tumor
腫:tumor;swelling",Guess the hidden Kanji,Text
"４年ほど前にアキレス〇が痛くなりアキレス〇炎といわれました。
〇鞘炎ではないかと思うのです。",腱,"腱:tendon",Guess the hidden Kanji,Text
"昔から涙〇はゆるい方でしたが、40を過ぎてからますます涙もろくなりました。
扁桃〇がはれている気がするのですが。
涙〇が詰まっていると言われました。",腺,"腺:gland;(kokuji)",Guess the hidden Kanji,Text
"あぁ、間に合った。〇〇が破裂するところだった！
おしっこ我慢してると〇〇炎になっちゃうよ。
漏れちゃう！〇〇が爆発しちゃうよー！",膀胱,"胱:bladder
膀:bladder",Guess the hidden Kanji,Text
"「どうしたの？」「靴擦れしちゃった」「だから、新しい靴はやめときって、言ったでしょ？絆創〇あるよ」「ありがとう」
あ、とりあえず包帯しているけど、もし煩わしかったら、家に帰ってから絆創〇に代えても大丈夫よ。
トムはメアリーの切り傷に絆創〇を貼ってあげた。",膏,"膏:fat;grease;lard;paste;ointment;plaster",Guess the hidden Kanji,Text
"彼は〇の怪我のため、大事をとってトーナメントには出場しないことにした。
久しぶりに登山をすると、下山する時に〇が笑って大変でした。
ベンは給仕がスープを〇にこぼしたときの様子をまねて見せた。",膝,"膝:knee;lap",Guess the hidden Kanji,Text
"ナンシーは〇の上に両〇をついた。
彼女は両〇に〇をのせた。",膝肘,"肘:elbow;arm
膝:knee;lap",Guess the hidden Kanji,Text
"長良川温泉の「信長おもてなし御〇」は、戦国時代のおもてなし料理「本〇料理」を現代風にアレンジしたものです。
これは、すでに教科書に書かれている結果が得られるようにお〇立てをするというものだった。
彼女は〇の上のものを酔った手つきで掴み散らしました。",膳,"膳:small low table;tray",Guess the hidden Kanji,Text
"最近いった歯医者で「歯槽〇漏がありますね」と言われ悩んでいます。
風呂のあと、傷が〇んできました。
膝の擦り傷が化〇してきた。",膿,"膿:pus;fester;discharge",Guess the hidden Kanji,Text
"彼らに言ひ給ふ『なにゆゑ〇するか、信仰うすき者よ』乃ち起きて、風と海とを禁め給へば、大なる凪となりぬ。
「まあその、自慢できる事でもないんだけど」というか、〇面もなく吹聴できる話でもない。
あなたが彼について見たことから判断すると、この男は〇病者ではない。",臆,"臆:timidity;heart;mind;fear;cowardly",Guess the hidden Kanji,Text
"我々は彼を〇病だといって軽〇していた。
我々は彼を〇病者だといって軽〇した。",臆蔑,"臆:timidity;heart;mind;fear;cowardly
蔑:ignore;despise;neglect;ridicule",Guess the hidden Kanji,Text
"僕は、僕の母の胎内にいるとき、お〇の穴から、僕の生れる家の中を、覗いてみて、 「こいつは、いけねえ」 　と、思った。
彼女は姑の気にさわるようなことを言わなければよかったと〇を噛んだ。
彼は〇を固めて一世一代の大事業に乗り出した。",臍,"臍:navel",Guess the hidden Kanji,Text
"私は頭痛で〇せっていました。
彼は病気で〇せっている。",臥,"臥:bend down;bow;lie prostrate",Guess the hidden Kanji,Text
"彼の〇は厳しいです。
彼女の〇は厳格です。",舅,"舅:father-in-law",Guess the hidden Kanji,Text
"「そんなに〇められた相手じゃないけどなぁ・・・」「そうだよ、窮鼠猫を噛むって言うじゃないか」
たまにはビール以外のお酒をちびちび〇めるのも良いでしょう。
煙草を吸う人とキスをするのは灰皿を〇めるようなものだ。",舐,"舐:lick;lap up;burn up;taste;undergo;underrate;despise",Guess the hidden Kanji,Text
"むろん、舟は何百〇も水面を動きまわっているが、どれでもいいというわけにはいかない。
数〇のヨットが、はるか沖合を並んで航行していた。
これらの人々が３〇の船で彼の国へやってきました。",艘,"艘:counter for small boats",Guess the hidden Kanji,Text
"さまざまな〇難辛苦を乗り越え、彼は南極大陸単独横断を成し遂げた。
〇難汝を玉にす。",艱,"艱:mourning;perilous;difficult;trying;be distressed;parent's funeral ceremony",Guess the hidden Kanji,Text
"この石鹸を使えば彼女の顔の色〇がよくなるだろう。
メアリーは〇やかな黒髪をしている。",艶,"艶:glossy;luster;glaze;polish;charm;colorful;captivating",Guess the hidden Kanji,Text
"色々並行してやってるから〇川ばかり読んでるのでもないのだよ。今は英語読んでる時間が増えてる。ドイツ語も毎日少しずつやってる。
〇川賞の受賞を辞退したいのですが。",芥,"芥:mustard;rape;dust;trash;rubbish",Guess the hidden Kanji,Text
"これは〇〇の非常に有名な俳句です。
〇〇はもっとも偉大な詩人だった。",芭蕉,"芭:banana
蕉:banana;plantain",Guess the hidden Kanji,Text
"「どこ行くの？」「ホッチキス買ってくる」「これじゃ、ダメなの？」「〇がないんだもん」
スキーをした後、温泉の湯船にゆっくり浸かったら、体の〇まで温まることが出来る。
すいません、0.3mmのシャーペンの〇って置いてませんか？",芯,"芯:wick",Guess the hidden Kanji,Text
"「広辞〇にこう書いてあります」と言って、広辞〇を唯一の拠り所に論陣を張る人がよくいる。
広辞〇はチタンの入っている紙を使います。
あなたは歩く広辞〇か？",苑,"苑:garden;farm;park",Guess the hidden Kanji,Text
"〇は、倒れた丸太や岩の上の繊細な緑の柔毛だと私は心の中で思う。
「転がる石は〇をもつけず」はことわざである。
「転石〇を生ぜず」はことわざである。",苔,"苔:moss;lichen",Guess the hidden Kanji,Text
"トムの絶え間ない口論に〇立つクラスメートもいたが、クラスの大半はただ彼を無視することを覚えた。
〇酷な価格競争の中で、Ａ社は我々をけしかけてＢ社と戦わせて漁夫の利を得ようとしている。
あれこれ〇々している主婦は、電話が鳴るとすぐさま受話器を取った。",苛,"苛:torment;scold;chastise",Guess the hidden Kanji,Text
"私は全ての〇類が好きですが、特にストロベリーが好きです。
恋人達は野〇を探して野原をあちこちと歩き回った。
私の友達に、自分の犬に〇を食べさせる人がいます。",苺,"苺:strawberry",Guess the hidden Kanji,Text
"一番好きな野菜は、〇子です。
今日のお昼は、〇子なんだ。
〇子は野菜よ。",茄,"茄:eggplant",Guess the hidden Kanji,Text
"幽霊でも見たかのように、彼女は〇然と立っていた。
彼女は彼らの口論を〇然と見つめていた。",茫,"茫:wide;extensive",Guess the hidden Kanji,Text
"私は松〇をどうして見つけるかということにとりつかれて、とうとうそのことを本に書くことになってしまいました。
何〇か分からないんだったら、採らない方がいいよ。
松〇の見つけ方を教えていただけませんか。",茸,"茸:mushroom",Guess the hidden Kanji,Text
"パスタを〇でたら、ざるに上げて湯切りをするといいよ。
パスタを〇でたら、ザルで水を切った方がいいよ。
栗は少なくとも15分は〇でなくてはいけない。",茹,"茹:boil;seethe",Guess the hidden Kanji,Text
"「『ひまり』って、どんな字書くの？」「えっとね、太陽の『陽』に『万』。一万、二万のね。『〇』は草冠に『利』」「草冠に『り』？」「のぎへんにりっとう」「ああっ！ジャスミンの！」「ジャスミン？」「なんでもない。気にしないで」
〇紗さんのお誕生日は、２ヶ月後です。
あっ、〇紗！元気？",莉,"莉:jasmine",Guess the hidden Kanji,Text
"相手の女がどんな〇連だろうと、純潔な青年は純潔な恋を味わうことができる。
彼の親戚たちは、当然自分が彼の〇大な財産を相続すると思った。
彼は、その〇大な財産は自分が自由に出来るものだと主張した。",莫,"莫:must not;do not;be not",Guess the hidden Kanji,Text
"『Valse de la Lune』は〇野よう子さんが作曲されました。
『ヴァルセ・デ・ラ・ルネ』は〇野よう子によって作曲された。",菅,"菅:sedge",Guess the hidden Kanji,Text
"表面も角も剥がれていて、綺麗だった〇形は見る影もない。
三〇さんが飲み代を浮かすために家飲みしています。
三〇銀行は東京銀行を吸収合併した。",菱,"菱:diamond (shape);water chestnut;rhombus",Guess the hidden Kanji,Text
"木々はまだ緑になってはいませんが、至る所に新しい芽が〇え出ています。
リプレーする度に彼女の反応にいちいち〇えてしまいます。
彼の事業もやっと〇芽の兆しを見せた。",萌,"萌:show symptoms of;sprout;bud;malt",Guess the hidden Kanji,Text
"世間の評判を気にしすぎで業界が〇縮している。
下手なパロディがあると〇えて見る気なくす。
美しいバラもいつかは〇れる。",萎,"萎:wither;droop;lame",Guess the hidden Kanji,Text
"日本語を扱う場合にも応用できるように、訳者のひとりである〇原正人が、日本向けに原書にはない12章を書き下ろしました。
私たちは自転車を借りて、〇野町を観光した。",萩,"萩:bush clover",Guess the hidden Kanji,Text
"人種間には様々な〇〇、軋轢があることは、本書においても明らかにされているところである。
悲劇の本質は、短編小説のそれと同じように、その〇〇である。
父と私の〇〇に、彼は気付いていないようです。",葛藤,"葛:arrowroot;kudzu
藤:wisteria",Guess the hidden Kanji,Text
"どれが一番好きですか？　リンゴ？　オレンジ？　それとも〇〇？
〇〇酒のない食事なんて太陽の輝きのない日のようなものだ。
私は以前は〇〇酒が嫌いでしたが、今ではとても好きです。",葡萄,"萄:grape vine;wild grape
葡:wild grape;Portugal",Guess the hidden Kanji,Text
"死んだ父が残した骨〇類は、どれも二足三文のガラクタに過ぎなかった。
ロンドンのアンダーソン骨〇店の情報を探しています。
この骨〇の火鉢は今では実際に使われていない。",董,"董:correct",Guess the hidden Kanji,Text
"人間は一本のアシに過ぎず、その本性はきわめて弱いが、人間は考える〇である。
夕されば門田の稻葉おとづれて〇の丸屋に秋風ぞ吹く
人間は考える〇である。",葦,"葦:reed;bullrush",Guess the hidden Kanji,Text
"〇祭りは国家的行事として行われ、その頃から今日まで続いてきた。
私は明日〇さんに会いに熊本へ行くつもりです。
〇さんはなんて優れたダンサーなのでしょう。",葵,"葵:hollyhock",Guess the hidden Kanji,Text
"ジョニーは４６年間りんごの種子を〇き付けた。
春が来ると、彼らは畑を耕し種を〇く。
農夫が畑に種を〇いている。",蒔,"蒔:sow (seeds)",Guess the hidden Kanji,Text
"今夜は、うなぎの〇焼きを食べます。
〇団を干して下さい。",蒲,"蒲:bullrush;flag;cattail",Guess the hidden Kanji,Text
"今日のお通しは、〇〇を洋風にアレンジした生春巻きです。何も付けずそのままでお召し上がりください。
「美味しそうな〇〇みっけ。食べていい？」「ダメよ。お節用なんだから」「けち」",蒲鉾,"鉾:halberd;arms;festival float
蒲:bullrush;flag;cattail",Guess the hidden Kanji,Text
"交通事故のニュースに彼女は顔面〇白となった。
ショウイチは顔面〇白になった。
君、顔面〇白だよ。",蒼,"蒼:blue;pale",Guess the hidden Kanji,Text
"太った女性も、若いカップルも、眠っているインド人も、そして、背の高い黒服の男も。しかし、今では皮膚も肉も髪もなくなって、ぼんやり光る白い頭〇骨から、からっぽの眼窩がにらみつけていた。
調べを進めるうちに、頭〇骨が、何か重い一撃を受けて打ち砕かれているのが明らかになった。
そんな身も〇もない言い方しなくても。もう少しオブラートに包んだ言い方ができないの？",蓋,"蓋:cover;lid;flap",Guess the hidden Kanji,Text
"今年2020年の２月に生まれた赤ちゃんの名づけトレンドが発表されました。女の子の名前の１位は「凛」男の子は「〇」でした。
〇くんは察しは良い様だけど、もう少し心の機微というものを理解出来る様に努力するべきじゃないかしら。
常人なら一生かかっても無理だろうが、本気になった〇の前では、普通のシリンダー錠と大差ない。",蓮,"蓮:lotus",Guess the hidden Kanji,Text
"日本に駐留していた米軍人と日本人女性の間に生まれた子供のことを、侮〇の意図を込めて、「あいのこ」と呼んでいました。
家では赤味がかった髪とそばかすのせいで、母が侮〇を込めて「にんじん」と名付け、皆にもそう呼ばせています。
最も賢い処世術は社会的因襲を軽〇しながら、しかも社会的因襲と矛盾せぬ生活をすることである。",蔑,"蔑:ignore;despise;neglect;ridicule",Guess the hidden Kanji,Text
"ジカウイルスは中南米で急速に〇延した。
その病気は〇延しつつあるようだ。",蔓,"蔓:vine;tendril;influence;connections;good offices;spread;sprawl;thrive;rampant;powerful",Guess the hidden Kanji,Text
"私がここまで成功したのは全く彼のお〇である。
私が今日あるのはおじのお〇である。
彼らは木〇に座った。",蔭,"蔭:shade;shadow;backing assistance",Guess the hidden Kanji,Text
"信じられないような文化的退廃、驚くほどの無知、理想ばかりのガラクタ、真実を隠〇する政策がアメリカの保守層のあいだでもっとも根強い支持を得ているのだ。
首相がスキャンダルの隠〇工作を図った結果、新聞が事件をつきとめたときには、事態をますます悪化させてしまった。
医者は自分でミスを隠〇できるが、建築家は依頼主にツタを植えるよう、言うことしかできない。",蔽,"蔽:cover;shade;mantle;capsize;be ruined",Guess the hidden Kanji,Text
"線香花火は、火をつけそれが落ちるまで「〇」「牡丹」「松葉」「散り菊」と名づけられた４つの段階を楽しむことができます。その美しい名前は、人の人生になぞらえ付けられたそうです。
バラの花は満開よりも〇の方が甘美である。
花はまだ〇だ。",蕾,"蕾:bud (plants, mushrooms not yet opened)",Guess the hidden Kanji,Text
"手前のガラス張りの建物は〇〇園なんです。温室になっていて、いつも〇〇を観賞できるようになってるんですよ。
この〇〇の花は先日私が買ったものほど甘い香りがしない。
〇〇の花は、他の名で呼んでも同じように良い香がする。",薔薇,"薔:water pepper
薇:an edible fern",Guess the hidden Kanji,Text
"大昔の人々は泥や〇でできた家に住んでいた。
私はこの古い麦〇帽子にとても愛着がある。
彼はどんな〇をもつかむだろう。",藁,"藁:straw",Guess the hidden Kanji,Text
"〇色は日本の伝統色のひとつです。
髪に〇染めがついてとれないよ！",藍,"藍:indigo",Guess the hidden Kanji,Text
"「由美さん、見てくださいよ。斎〇さん、また晴也くんいじめてますよ」「ほんとだ。この間、晴也くん、マネージャーに褒められてたから、それが気に入らないんじゃないの？」「そうなんですか？」「さぁ？斎〇さんに聞いてみたら？」
「もしもし、営業部です」「斎〇くんいるかね？」「斎〇部長ですか？」「そうだ」「失礼ですが.......」「田中だよ。田中」「失礼しました。部長、田中常務からお電話です」
え？トナーが切れてるんですか？仕方ないですね。加〇さん、すみませんが職員室に取りに行って下さい。",藤,"藤:wisteria",Guess the hidden Kanji,Text
"手の中の一羽の鳥は、〇の中の二羽の価値がある。
僕の母さん、その医者は〇だと思ってるんだ。
お前は首だ、と彼は〇から棒に私に告げた。",藪,"藪:thicket;bush;underbrush;grove",Guess the hidden Kanji,Text
"トムの心臓の鼓動は止まってしまったが、医師たちは彼を〇生させることに成功した。
ＰＫされたの、〇生しました。
不思議な感じが〇ってきた。",蘇,"蘇:be resuscitated;revived;perilla;shiso",Guess the hidden Kanji,Text
"仏〇西で食べた菓子のうちで、僕がもつと食べたいと思ふのは、ブリオシユとババ・オオ・ロムと、それからマロン・グラアセである。
今年は亡き母の忌中のため盂〇盆供養会はないが、先祖の墓の掃除に行く。
〇には日々の手入れが必要です。",蘭,"蘭:orchid;Holland",Guess the hidden Kanji,Text
"気が付くと、手先や肱のあたりに毛を生じているらしい。少し明るくなってから、谷川に臨んで姿を映して見ると、既に〇となっていた。
〇は大きい猫だということができるならば、猫は小さい〇だということもできるでしょう。
猫を小さな〇と形容することも、〇を大きな猫と形容するのと同様に可能だ。",虎,"虎:tiger;drunkard",Guess the hidden Kanji,Text
"いかにも敬〇なるクリスチャンが送る、礼節重き言葉です。
その敬〇なキリスト教徒は自分の信念を断固として貫く。
トムの母親は敬〇なカトリック教徒だった。",虔,"虔:respect",Guess the hidden Kanji,Text
"「今日さ、〇色の雲があったんだ。あんなの初めて見たよ」「それは『彩雲』だね。見るといいことが起こる前触れだって、昔から言われてるんだよ」
同じ〇を、これだけたくさんの人が撮影したものを見たことがありません。
あっ、見て、ダイアナ、なんて綺麗な〇なんでしょう！",虹,"虹:rainbow",Guess the hidden Kanji,Text
"その提案一石二鳥を狙ったものだろうけど、「〇蜂とらず」にならなければいいけどね。
見たこともないような数の〇が、私にまとわりついてきたのです。
そんなに欲をかいていると、〇蜂取らずになっちゃうよ。",虻,"虻:gadfly;horsefly",Guess the hidden Kanji,Text
"世間知らずにもほどがある。井の中の〇大海を知らず、ということかね。
この池には以前〇がたくさんいたものだった。
私が箱を開けるとすぐに〇が跳びだした。",蛙,"蛙:frog",Guess the hidden Kanji,Text
"蜘〇の巣とか一杯だったけど、他に道も無さそうだったので意を決して入っていきました。
日本の温泉に入湯が許されるよう、トムは小さな蜘〇の刺青の上にバンドエイドを貼った。
あの蜘〇が大嫌い。いつもそこにいて私が掃除するときいらいらさせるの。",蛛,"蛛:spider",Guess the hidden Kanji,Text
"昨日、スキューバしてた時に、馬鹿でかい〇を見たよ。
〇が、ココナツの殻に隠れている。",蛸,"蛸:octopus",Guess the hidden Kanji,Text
"誘〇灯みたいな役割があるんだよ。
〇は光に引き寄せられる。",蛾,"蛾:moth",Guess the hidden Kanji,Text
"彼は〇がお互いに意思伝達をする事が出来ると言う証拠を見つけた。
まさか〇があんな場所に巣をつくるなんて、思ってもみなかったよ。
そんなに欲をかいていると、虻〇取らずになっちゃうよ。",蜂,"蜂:bee;wasp;hornet",Guess the hidden Kanji,Text
"「この〇〇って、ウクライナ産なんだって」「へぇ。何の花の〇なの？」「『ひまわり』と『菜の花』の百花〇なんだって。ここに書いてあるよ。ほらっ」「ホントだ。これ買ってみよう」
「時間がなくてお昼ご飯準備できずに出てきちゃったけど、どうしてる？」「大丈夫だよ。パンにバターと〇〇付けて食べてるから」「なら良かった。もう少ししたら帰るね」
「梅酒ってどうやって作るの？作るの難しい？」「難しくないよ。青梅とホワイトリカー、あと氷砂糖があればできるよ。氷砂糖のかわりに〇〇入れても美味しいよ」",蜂蜜,"蜂:bee;wasp;hornet
蜜:honey;nectar;molasses",Guess the hidden Kanji,Text
"富山湾にはときどき〇気楼が現われます。
〇気楼は幻影だと言われている。",蜃,"蜃:clam",Guess the hidden Kanji,Text
"〇蛛の巣とか一杯だったけど、他に道も無さそうだったので意を決して入っていきました。
日本の温泉に入湯が許されるよう、トムは小さな〇蛛の刺青の上にバンドエイドを貼った。
あの〇蛛が大嫌い。いつもそこにいて私が掃除するときいらいらさせるの。",蜘,"蜘:spider",Guess the hidden Kanji,Text
"ミツバチは我々に〇を与えてくれる。
口の中には〇、心の中には毒。",蜜,"蜜:honey;nectar;molasses",Guess the hidden Kanji,Text
"ジェームズグルードはそれらを〇〇にも見つけた。
君はいつも〇〇のように忙しくしているね。
その花には〇〇がいっぱいたかっている。",蜜蜂,"蜂:bee;wasp;hornet
蜜:honey;nectar;molasses",Guess the hidden Kanji,Text
"お前も〇人形にしてやろうか。
また〇の塊だ。",蝋,"蝋:wax",Guess the hidden Kanji,Text
"山から里の方へ遊びにいった猿が一本の赤い〇〇を拾いました。赤い〇〇は沢山あるものではありません。それで猿は赤い〇〇を花火だと思い込んでしまいました。猿は拾った赤い〇〇を大事に山へ持って帰りました。
信仰によって物事を見るということは、理性の目を閉じてしまうことだ。〇〇の灯を消せば、朝日はよりはっきりと姿を現す。
ジャクージの傍には〇〇が煌々と輝いていた。",蝋燭,"燭:light;candlepower
蝋:wax",Guess the hidden Kanji,Text
"「ここって・・・〇の声が東京と違う」「あらまっ、よく気がついたこと。貴女、良い音感してるわよ」
閑さや岩に染み入る〇の声",蝉,"蝉:cicada",Guess the hidden Kanji,Text
"星空を見上げると、音もしないで何匹も〇〇が飛んでいる。その姿は見えないが、瞬間瞬間光を消す星の工合から、気味の悪い畜類の飛んでいるのが感じられるのである。
〇〇はとりではない。それが魚でそうでないのと同じだ。
ねずみが鳥でないのと同様に〇〇は鳥ではない。",蝙蝠,"蝠:bat
蝙:bat",Guess the hidden Kanji,Text
"かつて、荘子は〇になる夢を見たが、目を覚ました時には、それが〇になる夢を見た荘子だったのか、それとも目下荘子になった夢を見ている〇だったのか、確信がもてなかった。
小太郎が、大きい揚羽の〇を見つけて、草原の中へ十間ばかり追いかけて行った。
私の世界では誰もがポニーで、虹を食べて〇のうんこをしている。",蝶,"蝶:butterfly",Guess the hidden Kanji,Text
"人のお節介などしないで、自分の頭の上の〇を追ったらどうなんだね。
禁じられた〇の容器を触っちゃいけません。
閉じた口の中に〇はとび込まない。",蝿,"蝿:fly",Guess the hidden Kanji,Text
"〇座の女の子って『だいたん』なんだって。
〇を縦に歩かせることはできない。
〇は甲殻類だよ。",蟹,"蟹:crab",Guess the hidden Kanji,Text
"アルマーニのスーツを着てジャガーを運転していても、結局は〇と同じだ。働いて、働いて、意味もなく死んでいく。
その孤独な男は〇を観察することに楽しみを感じる。
その子供達はさながら〇のように働いていた。",蟻,"蟻:ant",Guess the hidden Kanji,Text
"その間ずっと、じいさんの言ったことが、メロンの周りを飛び回る〇の羽音のように、頭の中でぶんぶんと鳴っていました。
やれ打つな〇が手をする足をする。
〇を捕まえたぞ。",蠅,"蠅:fly",Guess the hidden Kanji,Text
"「昨夜、牡〇食べたら、お腹痛くなって夜からずっとトイレとお友達なの」「大丈夫？今日休む？」「うん。そうする」「じゃぁ、みんなには伝えとくから、ゆっくり休んでね」「ありがとう」
「今日の晩ご飯はカキにしよっと」「カキ？」「『柿』じゃなくて『牡〇』」「あっ、かきね」「？」
たぶん生の牡〇を食べたから、ちょっとお腹が痛いんです。",蠣,"蠣:oyster",Guess the hidden Kanji,Text
"そんなこと真に受けちゃだめだよ。彼は大〇〇に言う傾向があるから。
あなたは問題を大〇〇に考えている。
彼の話はそうとう大〇〇だ。",袈裟,"袈:a coarse camlet
裟:Buddhist surplice",Guess the hidden Kanji,Text
"女子の典型的な夏のカトリック学校の制服は、半〇のブラウスとキルト（チェックスカート）またはキュロットで構成され、時には慎み深さのためにキルトの下に着用する短パンが加わることもある。
彼女たちが昨年の夏前に、嬉しそうに「袴にしようか？振〇にしようか？」と話していたのを思い出すと心が痛む。
「卒業式って、何着る？振り〇？袴？スーツ？」「振り〇とスーツは、卒業式じゃなくても着れるから、袴かな」",袖,"袖:sleeve;wing (building);extension;give cold shoulder",Guess the hidden Kanji,Text
"和平交渉がすでに秘密〇に開始されたとのことです。
和平交渉がすでに秘密〇に開始されたそうです。",裡,"裡:reverse;inside;palm;sole;rear;lining;wrong side",Guess the hidden Kanji,Text
"スカートの〇を両手でもつ仕草があまりに優雅だ。
山〇にはたくさんの花があります。
その街は山〇にあります。",裾,"裾:cuff;hem;foot of mountain",Guess the hidden Kanji,Text
"店の看板が長年の風雨にさらされて色〇せている。
この服は縮んで、おまけに色〇せてしまった。
彼女は色〇せた綿のスカートをはいていた。",褪,"褪:fade;discolour",Guess the hidden Kanji,Text
"僕は、僕の母の胎内にいるとき、お臍の穴から、僕の生れる家の中を、〇いてみて、 「こいつは、いけねえ」 　と、思った。
彼女が押し入れの中を〇き込んだ時、彼がドアを閉め、彼女を真っ暗な押し入れに閉じ込めてしまったのでした。
雪白と薔薇紅は母の小屋をいつも綺麗に掃除しておいたので、中を〇くのは楽しい事でした。",覗,"覗:peep;peek;come in sight",Guess the hidden Kanji,Text
"この辺の意地悪婆さんが雷に打たれて頓死したらしい。まさに天罰〇面だとうちの母さんが言う。
天網恢恢疎にして漏らさずの言葉通り、天罰〇面だ。",覿,"覿:meet;see",Guess the hidden Kanji,Text
"全国民が王の〇報を聞き悲しんだ。
突然の彼の〇報は私を驚かせた。",訃,"訃:obituary",Guess the hidden Kanji,Text
"昔は若者たちが羊を描いておいてと〇いていたのに今時にはコッミットを教えてくれと尋ねてきます。時代が変わったね。
列に並んでから大して経たないうちに、男が近づいて来て、タクシーが要るのかと〇いてきた。
「何しにこんな処へ来なすった」主人は私の顔を見るたんびに、こう〇ねかけたものです。",訊,"訊:request;question;investigate",Guess the hidden Kanji,Text
"彼女は〇りから知れるとおり京都出身だった。
トムは〇りのないきれいなフランス語を話す。
トムは強いフランス語〇りの英語を話す。",訛,"訛:accent;dialect",Guess the hidden Kanji,Text
"トムは怪〇そうな顔をしている。
トムはまだ怪〇そうだった。",訝,"訝:doubt",Guess the hidden Kanji,Text
"「このカレー、美味しいですね？美味しさの秘〇はなんですか？」「隠し味にコーヒーを入れてます。コーヒーを入れるとコクがでて美味しく仕上がるんですよ」
人を動かす秘〇は話し上手であることより、聞き上手であることにある。
人生の成功の秘〇は成功しなかった人だけが知っている。",訣,"訣:separation;part;secret",Guess the hidden Kanji,Text
"七五三は11月15日です。男の子は3歳と5歳、女の子は3歳と7歳にあたるその祭りに、子どもの成長を祝い、晴着を着せて神社に〇る。
「元日や神代のことも思はるゝ」と守武の発句を見まして、演題を、七福神〇りとつけましたので御座ります。
神道の最も大事な行事は初〇で、多くの人々が新年に神社に〇で、1年の幸福と健康を祈ります。",詣,"詣:visit a temple;arrive;attain",Guess the hidden Kanji,Text
"こんなに長い間お便りを差し上げなかったことをお〇びしなければなりません。
君はお父さんに、夕食に間に合うように帰宅しなかった事を〇びるべきだ。
ミーティングに穴をあけてしまったことに対し、再度お〇びします。",詫,"詫:apologize",Guess the hidden Kanji,Text
"時間はあなたの好きなように過ごせばいい。所〇、あなたの時間なのだから。
コンピューターのマニュアルを読むだけでは所〇畳の上の水練だ。
人はお互いに家の〇索するのが大好きなのだ。",詮,"詮:discussion;methods called for;selection;result",Guess the hidden Kanji,Text
"ゲーテの詩「ミニヨン」は日本では森鷗外の名訳で広く愛〇されてきた。
彼女の娘はたくさんの詩が暗〇できる。
タトエバではすべての文が対等な立場にあり、すべての文が自然であることが求められています。そのため、例えば英語の文をフランス語に訳す場合、そのフランス語の文は、フランス語のできる英語学習者の役に立つような正確な訳であると同時に、世界中のフランス語学習者が暗〇するに足るような模範的な文でもある必要があります。",誦,"誦:recite;chant",Guess the hidden Kanji,Text
"〇もが夢を見ますが皆が同じようにというわけではありません。夜にほこりにまみれた心の奥底で夢を見る者は目が覚め夢は虚栄でしかなかったと知ります。しかし昼に夢を見る者は危険です。なぜなら彼らは影響を受けやすく、目を開き、夢を実現するために行動を起こすからです。
日本語はその他の言語に対して量子力学とその他の物理学との様な関係にあると、〇かに聞いたことがあります。量子力学が間違いなく物理学に於ける最も良い理論となっているがゆえ、私はその主張に賛成できると思います。
もしあなたが、〇かに期待したほほえみが得られなかったら不愉快になる代わりに、あなたの方からほほえみをかけてごらんなさい。実際ほほえみを忘れたその人ほどあなたからのほほえみを必要としてる人はいないのだから。",誰,"誰:who;someone;somebody",Guess the hidden Kanji,Text
"「っていうか、あなたは〇なの！？」床に転がっている〇は無視して、伊織はその少女を問いただしていた。
〇か出してくれよ。〇は閉じ込められているんだ。
〇であれ、常にベストを尽くす人を〇は尊敬する。",誰俺,"誰:who;someone;somebody
俺:I;myself",Guess the hidden Kanji,Text
"「お父さん、質問してもいい？」と彼女は経験を積んだ親なら〇でもおなじみの、我慢強く〇立ちを抑えた調子で口火を切った。
彼の無能ぶりに〇もが〇立ち始めた。",誰苛,"誰:who;someone;somebody
苛:torment;scold;chastise",Guess the hidden Kanji,Text
"実際、彼女は〇かと付き合っているけれども、僕は彼女を〇めない。
人に嫌われるのが怖いって言うけどさ、君も苦手な人いるでしょ。数学的に言って、同じ数の人が君のこと苦手なんだよ。これは別に、嫌いな人をなくせば〇からも嫌われなくなるって言いたいんじゃなくて、単純に君に嫌いな人がいるように〇かに嫌われることがあっても仕方ないってこと。そこを〇めればもっと気楽に生きられるんじゃないかな。",誰諦,"誰:who;someone;somebody
諦:truth;clarity;abandon;give up",Guess the hidden Kanji,Text
"〇かが押し入ろうとするといけないので、私はドアに〇をかけた。
〇がドアの〇をかけたのですか。
これ、〇の〇？",誰鍵,"誰:who;someone;somebody
鍵:key",Guess the hidden Kanji,Text
"※基本的な禁止事項（〇謗・中傷の禁止等）は「はじめにお読み下さい」に記載してあります。必ずお読みください。
あれ？私たちって、もしかして〇謗中傷されてる？",誹,"誹:ridicule;slander",Guess the hidden Kanji,Text
"この国の私たちは、ひとつの国として、ひとつの国民として、共に栄え、共に苦しむのです。この国の政治をあまりにも長いこと毒で満たしてきた、相変わらずの党派対立やくだらない〇いや未熟さに再び落ちてしまわないよう、その誘惑と戦いましょう。
彼は僕と父さんとの〇いを知らないみたいだ。",諍,"諍:quarrel",Guess the hidden Kanji,Text
"侃侃〇〇の議論が飛び交うような会議、といったことは最近はやらないのかね。
国会は、盗聴法案を巡ってまさに侃々〇々の体であった。",諤,"諤:speaking the truth",Guess the hidden Kanji,Text
"「ねぇ、これ見て。便利そうじゃない？」「そうだね。買ってみたら？」「私、財布持ってないんだ」「じゃ、〇めなさい」
少年は戸口に立って、あとを見送りながら、今日は、とうとう捕まっちまった、と、〇めました。
物心ついて以来、〇めたことがないというより〇めるという言葉の意味を知らない。",諦,"諦:truth;clarity;abandon;give up",Guess the hidden Kanji,Text
"この４語はたくさんの複雑な情報を伝えるばかりでなく、〇の持つ説得力もあるのである。
〇にもある通り、過ぎ去ったことはくよくよしても仕方がない。
〇はアメリカでは依然として人々の間でよく用いられている。",諺,"諺:proverb",Guess the hidden Kanji,Text
"在日朝鮮人は失業や貧困も多いわけだから仕事と紐付きで来日する他の外国人より犯罪が多いのはむしろ普通だと思うんだよね。なのに、なぜそれを犯罪という負の側面に限って見ないフリをするのかが〇。結局彼は朝鮮人は素晴らしい民族であるべきという願望ありきなようにしか見えないね。
昨日はもう過去の歴史。 明日は何が起こるか分からない〇。 今日は贈り物。 だから今日のことを”プレゼント”と言うのさ。
貯金箱って、普通ブタの形してるのに、僕のはカンガルーのような形なんだよな。どうしてなのか、未だに〇なんだ。",謎,"謎:riddle;puzzle;enigma;hint;tip",Guess the hidden Kanji,Text
"彼はその〇を解く〇を捜し出した。
これが〇の全てを解く〇だ。",謎鍵,"謎:riddle;puzzle;enigma;hint;tip
鍵:key",Guess the hidden Kanji,Text
"※基本的な禁止事項（誹〇・中傷の禁止等）は「はじめにお読み下さい」に記載してあります。必ずお読みください。
あれ？私たちって、もしかして誹〇中傷されてる？",謗,"謗:slander;disparage;censure;criticize",Guess the hidden Kanji,Text
"「どうも馬鹿な子供で困ります」と言うのを、 「なアに、ふたりとも利口なたちだから、おぼえがよくッて末頼もしい」と、僕は〇めてやった。
私たちは彼の勇敢さを〇えずにはいられませんでした。
海を〇えよ。だが地に留まれ。",讃,"讃:praise;title on a picture",Guess the hidden Kanji,Text
"これは、あの殺人的な公爵に復〇しようという彼の願いを強めただけだ。
復〇において、恋愛において、女は男よりも野蛮である。
その将校は彼らの復〇を恐れているようだった。",讐,"讐:enemy;revenge",Guess the hidden Kanji,Text
"普段はとてもおとなしいナイスガイだが、理性のタガがはずれると人格が〇変する二重人格。
〇はその斑点を変えることはできない。
君子は〇変する。",豹,"豹:leopard;panther",Guess the hidden Kanji,Text
"日本人離れしたこの美しい相〇からもわかるように、優奈は実は生粋の日本人じゃない。西洋人をおばあちゃんに持つ、クォーターだったりする。
コーネル大学の研究によると、容〇の悪い被告は良い被告より２２パーセント高い確率で有罪判決を受けるということだ。
楊貴妃は、花も恥じらうほどの美〇の持ち主だったと言われています。",貌,"貌:form;appearance;countenance",Guess the hidden Kanji,Text
"どんなに財産があっても、〇欲な人間は満足できない。世界中の財宝を集めても幸福にはなれない。
私の友人は私の財産だ。ですので友人を蓄えたがる私の〇欲さを見逃してください。
歳をとっても新技術に〇欲に取り組みたいと思っています。",貪,"貪:covet;indulge in",Guess the hidden Kanji,Text
"あれからずっと、学校にメールで問い合わせをしてるんだけど、全く答えらしい答えを〇えないのよ。もうね、学校の人って頼りになんないよね。どうしたら早く落ち着くと思う？
一ヶ月前までは、髪に結構ツヤがあったのですが、髪を切って沢山すいて〇ったところ、急に髪の毛がパサパサになってしまいました。
もし「企業内腐敗との闘い」についてのセミナーに出席したくないなら、２００フリヴニャ払いさえすれば修了証が〇えるよ。",貰,"貰:get;have;obtain",Guess the hidden Kanji,Text
"それをあなたにして〇えたら、とても〇しいです。
みんなに色んなプレゼント〇って〇しい。",貰嬉,"嬉:glad;pleased;rejoice
貰:get;have;obtain",Guess the hidden Kanji,Text
"敵対企業を〇めたり、秘密情報を入手したりと、大企業に欠かせない存在であるため、ハイリスクながらハイリターンが望める仕事だ。
特定の企業を賞賛する書き込みや、逆にライバル企業を〇める書き込みが多い2ch。
ネット上では悪質な、個人を〇めようとする行動が多く見られる気がします。",貶,"貶:degrade;disparage;belittle;demote",Guess the hidden Kanji,Text
"ドアに「関係者以外の立ち入りを禁じる」という〇り紙がしてあるにもかかわらず、トムは勝手に中に入って行った。
日本の温泉に入湯が許されるよう、トムは小さな蜘蛛の刺青の上にバンドエイドを〇った。
このようなポスターを〇るには許可が必要ですし、だいいち街の美観を損ないます！",貼,"貼:stick;paste;apply",Guess the hidden Kanji,Text
"リクルート事件は、値上がり確実であったリクルートコスモス社の未公開株を賄〇として受け取ったとして、政治家や官僚らが次々に逮捕された日本の汚職事件である。
彼らが最終契約について協議している際、ある裏工作が進んでいた。賄〇が渡されたのだ。
その政治家は平然と賄〇を受け取り、全ての契約の５％が濡れ手に粟で彼の懐に入った。",賂,"賂:bribe",Guess the hidden Kanji,Text
"政治学とは何か。「セイジ」から、人々は、まず、ジャーナリズムを〇わす政治的事件を連想するでしょう。
台湾のナイトマーケットは、〇やかなものだ。
海水浴場は海水浴客で〇わっていた。",賑,"賑:flourish;be bustling;prosperity",Guess the hidden Kanji,Text
"彼は僕がそうしないだろうと僕を相手に２０ドル〇けた。
彼が明日時間通りに来るかどうかジュース一本〇けない？
デイブが彼の新車に大金を払ったほうに僕は〇けるよ。",賭,"賭:gamble;wager;bet",Guess the hidden Kanji,Text
"「これは何？供物か？」「そうだよ、このお〇銭箱の中に入れて・・・この紐を引っ張るの」
その日もそうだった。〇銭のように無造作に五百円玉が置かれていた。
はい、お〇銭・・・１０円ずつね。はい、美羽ちゃん。",賽,"賽:dice;temple visit",Guess the hidden Kanji,Text
"長いこと〇沢三昧に暮らしていた彼らが、今になって何もない質素な生活に耐えるなんてとても無理な話だ。
〇沢な趣味のため、彼女は収入の範囲内でやっていくことができませんでした。
ブライアンの彼女はよく彼に〇沢なレストランに連れていってと頼みます。",贅,"贅:luxury",Guess the hidden Kanji,Text
"鑑定をする時には、絵の真〇や保存状態等を調べる為、持ち主に本物を借りたりしなければいけなくなる。
それは〇の真珠にすぎない。
それは〇物よ。",贋,"贋:counterfeit;forgery",Guess the hidden Kanji,Text
"こんなどうしようもない愚息ですが、どうかご〇〇ください。
彼はいつも女の子を〇〇する。
〇〇目にみても使いにくい。",贔屓,"屓:exerting strength
贔:strength;power",Guess the hidden Kanji,Text
"〇いてあの娘に頼んだよ。
私たちは〇いて祈った。",跪,"跪:kneel",Guess the hidden Kanji,Text
"小さな田舎町で起きた失〇事件と殺人事件で、町中がてんやわんやだ。
我々はその医者の失〇について調査しなければならない。
彼女はスキャンダルでもう少しで失〇するところだった。",踪,"踪:remains;clue;footprint",Guess the hidden Kanji,Text
"長時間歩くと〇にたこができる。
〇が痛い。",踵,"踵:heel",Guess the hidden Kanji,Text
"僕はこの詩集がそれを読んだ人たちに忘れられたころ、不意に何ものともわからないしらべとなって、たしかめられず心の底でかすかにうたう奇〇をねがう。
あなたがじゃがいもを買うように奇〇を買うことができないなんて本当に残念だわ。
台湾は１９５０年代の経済の奇〇などと呼べるものではなかった。",蹟,"蹟:remains;traces;footprint",Guess the hidden Kanji,Text
"どんなことでも許されたのです。つまり、相手を〇っても、つまずかせても、殴っても、あるいはかんでも良かったのです。
「唇が割れてるけど、どうしたの？」「弟と一緒にばか騒ぎしてて、口を〇られちゃったんだ」
「唇が切れてるけど、どうしたの？」「弟とふざけ合ってたらさぁ、口〇られちゃったんだ」",蹴,"蹴:kick",Guess the hidden Kanji,Text
"トムは、〇〇することもなくその仕事を引き受けました。
メアリーはそうするのを〇〇したとトムは言った。
一瞬〇〇すればパイロットは命も落としかねない。",躊躇,"躊:hesitate
躇:hesitate",Guess the hidden Kanji,Text
"「僕ね、卒業式で表彰されることになったんだ。今から、予行演習があるから行ってくるね」「すごいね。行ってらっしゃい。表彰台で〇かないようにね」
家に上がる時、マットに〇いた。
走れば〇く。",躓,"躓:stumble",Guess the hidden Kanji,Text
"その結果として、大切な〇や社会道徳の教育がおろそかにされてきた事は否めない。多くの親自身が、子供の勉強を優先するあまり、他人への思いやりなど社会の一員としての責任を忘れがちになっているのも事実である。
彼らは子供の育てかたと〇けかたではお互いに意見が合わなかった。
この犬は知らない人には吠えるように〇けられています。",躾,"躾:training;(kokuji)",Guess the hidden Kanji,Text
"時雄は胸の〇きを静める為め、月朧なる利根川の堤の上を散歩した。
外では冷たい北風が〇々と吹き荒れていた。
ライオンは〇くようなうなり声を上げる。",轟,"轟:roar;thunder;boom resound",Guess the hidden Kanji,Text
"その頃は自転車の流行り出した始めで、下手な素人がそこでも此処でも人を〇いたり、塀を突き破ったりした。
おっちょこちょいなIT社長は自分のポルシェに〇かれ死亡しました。
その子はトラックがバックしてきた時〇かれそうになった。",轢,"轢:run over",Guess the hidden Kanji,Text
"私は彼らのテンションに〇易としてしまった。
彼は人付き合いに〇易している。",辟,"辟:false;punish;crime;law",Guess the hidden Kanji,Text
"「あいつらを信じるのか？」「いいや。あいつらの話、〇褄もあってないんだぜ」
〇さんがドラマのなかで歌っていたフォークの歌は、何ていうのですか？",辻,"辻:crossing;crossroad;street corners;(kokuji)",Guess the hidden Kanji,Text
"巫山戯ないで。この出会いは偶然でも何でもない。疑った所為で君は俺の足跡をずっと密かに〇っていただろう。
洗濯の耐久性やあらゆることを考慮するとコチラに〇り着きました。
夜1時に家に〇り着いたときには全身くたくたになっていた。",辿,"辿:follow (road);pursue",Guess the hidden Kanji,Text
"もし高い丘がＡからＢの間にあれば、路線が丘を越えて行くようにさせるか、トンネルで丘を貫いて行くようにさせるか、あるいは丘を避けて〇回路をとるようにさせるか決めるのが重要となる。
すなわち、その路線が通る土地の所有者の意向、他の町や村の便宜をはかるために、あるいは他の路線との接続をはかるために〇回することのメリットなどである。
かげでは、二人して僕のことを〇濶な奴、頓馬な奴、助平な奴などあざ笑っているのかも知れないと、僕は非常に不愉快を感じた。",迂,"迂:roundabout way",Guess the hidden Kanji,Text
"共産主義は失敗し、プロレタリア独裁は時代遅れとなったので、資本主義そのものは、未だ人類を脅かすものであるにもかかわらず、今〇のところ一番良い体制であることがわかる。
そして、つい先日〇、暗い感じだったのに、どこにもかしこにも花、花、花。
その会社の会計年度は４月から翌年の３月〇である。",迄,"迄:until;up to;as far as;to the extent",Guess the hidden Kanji,Text
"花祭りは、お釈〇さまが生まれたときに天から色とりどりの花や甘露が降り注いだという言い伝えに因んでいます。
釈〇に説法とは存じますが、医者も禁煙されたほうがよろしいのではないでしょうか。
仏教は、インドの釈〇を開祖とする宗教である。",迦,"迦:(used phonetically)",Guess the hidden Kanji,Text
"「このミミズが〇ったような字どうにかならない？採点のしようがないんだけど」「じゃぁ、記述じゃなくマークシートにしてよ」
床にピアスを落としてしまい、四つん〇いになって探した。
その男の子はテレビを見ながら腹〇いに寝そべっていた。",這,"這:crawl;creep;grovel;trail (vines)",Guess the hidden Kanji,Text
"「トムさんて、背が高くて〇しいのね。こっちにきてキスしてくださらない？」「すんません、勘弁してください。自分、結婚してるんで」
彼女は〇しく逆境に耐えた。
トムは〇しい青年だ。",逞,"逞:sturdy;brawny;bold",Guess the hidden Kanji,Text
"トムは鉄橋の前で自分の人生に終止符を打つか〇巡している。
社長は〇巡した後に、大規模な経営戦略の転換を図った。
大学院に進学すべきか〇巡する。",逡,"逡:saunter;go back",Guess the hidden Kanji,Text
"彼女がおまえを捨てて英語学校で出〇ったアメリカ人の男性に乗り換えたことを認めてはっきり言ったらどうだい？
友理子はたまの〇瀬を心行くまで楽しんでしまいました。
秋ならで〇ふこと難き女郎花天の河原に生ひぬものゆゑ。",逢,"逢:meeting;tryst;date;rendezvous",Guess the hidden Kanji,Text
"公定歩合の引き下げは産業界を苦しめてきた厳しい金融〇迫を緩和するだろうと期待されている。
国の財政は税収の落ち込みできわめて〇迫している。
国家財政は厳しく〇迫している。",逼,"逼:urge;force;imminent;spur on",Guess the hidden Kanji,Text
"物資は、〇かに人間以上に、地球の表面を移動し続けている偉大な旅行者なのだ。際限のない物資の流れが世界中で交換されているが、それは地球上の人の住む場所で貿易に関わらないところはほとんどないことを意味する。
忍耐強く事実を覚えていくことが、自己を表現したり判断を下したりする技術を身につけることにより〇かに大切とされているのである。
この世界は、あなたたちの住む世界から〇か３億光年離れた位置にあります。",遥,"遥:far off;distant;long ago",Guess the hidden Kanji,Text
"私はそれに引き付けられて、それを採用し、ぶっきらぼうな反対や真正面からの議論を止め、謙〇な探究者、懐疑主義者を装った。
「トム、お家建てたんだってね」「あっ、はい。『うさぎ小屋』ですけど」「またまた、謙〇しちゃって」
日本の論者にはこういう謙〇な態度が少ないのが残念だと思います。",遜,"遜:humble;modest",Guess the hidden Kanji,Text
"剣道は、武士の時代に〇る日本古来の武術です。
私は自分の祖先を200年〇ることができる。
映画は第二次世界大戦に〇る。",遡,"遡:go upstream;retrace the past",Guess the hidden Kanji,Text
"「わぁ、可愛い赤ちゃん。お名前は何て言うんですか？「理〇よ」「理〇ちゃん、いないいないばあっ！あっ、笑った。抱っこさせてもらってもいいですか？」「どうぞ」
沖縄県の県庁所在地は〇覇市です。",那,"那:what?",Guess the hidden Kanji,Text
"クズリは、岩の割れ目や、引き抜かれた根の下、および他の辺〇な場所に巣を作る。
彼らの家は辺〇な場所にあり、もっとも近い町から何マイルも離れている。
ちょっとぉ、冗談でしょッ！なんでそんな辺〇なところに行くわけッ？",鄙,"鄙:lowly;the country;the countryside;be countrified",Guess the hidden Kanji,Text
"ついに、インディアンの二人の〇長は和睦することに決めた。
〇長はとりでを攻撃するために戦士を集結させた。
彼は35年間自分の部族の〇長だった。",酋,"酋:chieftain",Guess the hidden Kanji,Text
"最新のバイオ技術によって、芋の臭みを最小限に抑え、非常に飲みやすい「芋焼〇」です。
私たちはカラオケ・バーで焼〇を飲んだ。
焼〇のお湯割りはいかが？",酎,"酎:sake",Guess the hidden Kanji,Text
"初めて催眠に入る人の場合、とても浅い催眠状態から、覚〇してもらって、催眠状態と普通に覚〇した状態とを比べてもらうことがよくあります。
おそらく自分には半覚〇の時間があり、そのため１日を短く感じている。
トラウマは長期的な過覚〇を引き起こす。",醒,"醒:awake;be disillusioned;sober up",Guess the hidden Kanji,Text
"フライパンに油を引き火にかけ、生姜とニンニクをさっと炒めます。トマトソース・〇油・パプリカソースを加え、塩コショウをして味を調えます。
〇油をコップに入れておくなよ！コーヒーかと思って飲むところだったぞ。
「バニラアイスに〇油をかけるとおいしいんだって」「え、まじで！？」",醤,"醤:a kind of miso",Guess the hidden Kanji,Text
"友人がトロフィーを手渡されたとき、私は喝〇せずにはいられなかった。
早稲田大学における彼の最後の講義は、万雷の拍手喝〇を浴びた。
宇宙飛行士たちは、彼らの熱狂的な歓呼と喝〇で迎えられた。",采,"采:dice;form;appearance;take;gather;coloring",Guess the hidden Kanji,Text
"ジョンとキャシーは興味も性格も違う。その二人を一緒にさせようとするのは丸穴に角〇を打つようなものだ。
彼には見慣れた風景だったが、私にとっては新鮮なもので目が〇付けになった。
一本だけタイヤの空気圧が極端に減ってるんだ。〇でも刺さってるのかな。",釘,"釘:nail;tack;peg",Guess the hidden Kanji,Text
"きのう交差点でお〇を掘られちゃったよ。
あの店の〇めしは絶品だよ。",釜,"釜:kettle;cauldron;iron pot",Guess the hidden Kanji,Text
"あなたはどのくらい長く〇路にいましたか。
私は一度も〇路に行ったことがありません。
私ははじめて〇路を訪問した。",釧,"釧:bracelet",Guess the hidden Kanji,Text
"この盆栽〇は、包丁とはさみを扱う鍛冶屋で作られました。
美容師にとって〇は、大切な仕事道具です。",鋏,"鋏:scissors",Guess the hidden Kanji,Text
"二つのゆりかごよりも、一つの〇を動かしているほうがよい。
農家の人達は〇で土を耕す。
〇は〇と呼べ。",鋤,"鋤:spade up;plow",Guess the hidden Kanji,Text
"ジグソーとは糸〇の事で、名前の由来はそこからきているの。
ジグソーとは糸〇の事で、名前はそこに由来しているの。
彼は暖炉用に丸太を〇で切った。",鋸,"鋸:saw (cuts wood)",Guess the hidden Kanji,Text
"僕の〇付いたフォードが故障して、交差点を塞いでしまった。
その部屋で古びた〇だらけの鍵を見つけました。
〇が鉄を虫食むのと同様に心配は心を虫食む。",錆,"錆:rust;tarnish",Guess the hidden Kanji,Text
"その列車はみな、発車１０分前に満員で立〇の余地もなかった。
まん丸に見えるあのお月さまはね、実は円〇の底面なんだよ。
会場は人であふれ、立〇の余地なしという大盛況だったね。",錐,"錐:auger;drill;awl;pyramid;cone",Guess the hidden Kanji,Text
"〇あやなす木々で山が染まっていた。
彼は故郷に〇を飾って帰ってくる。",錦,"錦:brocade;fine dress;honors",Guess the hidden Kanji,Text
"船は、ひそかに揺れつつ、〇をひきずって流れつづけた。
船は〇を下ろした。",錨,"錨:anchor;grapnel",Guess the hidden Kanji,Text
"手順その１。植物油（500ml）（各種油脂、または油と油脂を混ぜたものでもよい）を強火で〇に熱し、薄切りにした玉ねぎ（400g）を加え、玉ねぎが黄色く色づくまで炒めたら、さらに肉（種類は何でもよい）（1kg）を加える。
漬物を漬けたいけど、漬物石がないという時は、わざわざ買わなくてもペットボトルやビニール袋・〇などに水を入れて代用することができます。
「今日はサシ飲みでもつ〇食べに行くんだ」「サシ飲み？サシ飲みって何？」「２人で飲むことだよ」「そうなんだ。行ってらっしゃい」",鍋,"鍋:pot;pan;kettle",Guess the hidden Kanji,Text
"私は古い真〇のティーポットが好きです。
真〇は銅と亜鉛の合金である。
金は色が真〇と似ている。",鍮,"鍮:brass",Guess the hidden Kanji,Text
"彼は勉強はそれほど出来なかったらしいが、仕事は抜群に出来る。物事の〇を見付けるのが天才的なのだ。知識では負けない。でも現場では勝てる気がしない。こういうのを「泣く子と地頭には勝てない」というのだろう。
〇のいらない暗証タイプには、お好きな番号を設定できるフリーダイヤル式と、あらかじめ番号が設定済みの固定式とがあります。
アレックスは「紙」「〇」「コルク」のような名詞や、「赤」「緑」「黄色」のような色の名も覚えたように見えた。",鍵,"鍵:key",Guess the hidden Kanji,Text
"〇を持っているのは〇だ？ ― マルコが持っている。
倉庫の〇を掛け忘れたのは、いったい〇ですか？
倉庫のドアの〇をかけ忘れたのは〇なの？",鍵誰,"誰:who;someone;somebody
鍵:key",Guess the hidden Kanji,Text
"〇治療は病気を治すことができると多くの人が信じています。
多くの人が〇治療によって病気が治ると信じている。",鍼,"鍼:needle",Guess the hidden Kanji,Text
"平安後期から〇倉時代にかけては末法思想と浄土教の興隆を背景として、やがて〇倉新仏教といわれる諸宗派が誕生しました。
彼女は〇倉の海の近くで、夫といっしょに幸せな生活をおくっています。
〇倉時代に禅宗とともに中国からもたらされたのが水墨画です。",鎌,"鎌:sickle;scythe;trick",Guess the hidden Kanji,Text
"騎士の時代には、彼等は剣での闘いによる怪我から身を守るため〇を身に付けた。
今日は〇をつけていなくても佩刀するのは忘れていなかった。
そこで、旅をするときは、私は〇をつけることはしません。",鎧,"鎧:put on armor;arm oneself",Guess the hidden Kanji,Text
"最近、周りでも離婚が多いようだけど、子は〇って事は、今は昔となったのかね。
トムさんにいくら忠告してみたところで豆腐に〇だ。",鎹,"鎹:clamp;(kokuji)",Guess the hidden Kanji,Text
"奇妙な動物だった。牙が〇のようになっているんだ。
〇と言えば槌。",鑿,"鑿:chisel",Guess the hidden Kanji,Text
"アジアの宗教から〇きを得て、彼は複数の素晴らしい彫刻を生み出した。
彼女は稲妻の〇光を見て悲鳴をあげた。",閃,"閃:flash;brandish",Guess the hidden Kanji,Text
"借りる時の地蔵顔、返す時の〇魔顔。
嘘をつけば〇魔様に舌を抜かれる。",閻,"閻:town",Guess the hidden Kanji,Text
"鶏の頭数を、卵から孵化する前に数えておくのは非常に賢明なやり方だ。何故なら、鶏というのは無〇矢鱈に動き回るものだから、正確に数えることなど出来ない。
〇は、〇で追い払うことはできない。光だけがそれを可能にする。憎しみは憎しみで追い払うことはできない。愛だけがそれを可能にする。
土を手持ちで1スタック持っていれば、地下で暗〇に入ってしまったときに、ブロックを縦に積み上げて脱出することができます。",闇,"闇:get dark;gloom;disorder",Guess the hidden Kanji,Text
"「〇婆擦れ」とかいてあるがそれはヤリマンのことでしょう。
当社のセールスマネージャーの〇部をご紹介します。
信濃川と〇賀野川ではどちらが長いですか。",阿,"阿:Africa;flatter;fawn upon;corner;nook;recess",Guess the hidden Kanji,Text
"〇〇に腰を据えてお仕事をさせていただきたいと思って開業しました。
あなたは今までに〇〇山に登ったことがありますか。
僕は〇〇山に登ったことがあります。",阿蘇,"阿:Africa;flatter;fawn upon;corner;nook;recess
蘇:be resuscitated;revived;perilla;shiso",Guess the hidden Kanji,Text
"この界〇に、すごくいいレストランを一軒知っているんだ。手頃な値段で美味いんだよ。
ケモナー界〇には他の多くの界〇と同様、独自のスラングがあります。
ここしばらく睡眠不足だったから、目の下に〇ができちゃった。",隈,"隈:corner;nook;recess",Guess the hidden Kanji,Text
"高校のときは毎日〇石落ちろって思ってた。
宇宙塵は〇石として地球に来ることがある。
〇石が燃えて、流星となる。",隕,"隕:fall",Guess the hidden Kanji,Text
"「見られたからには生かしてはおかぬ」と殺人鬼はドア下の〇間から覗き込んだ栗鼠に言った。
酷使されている不法外国人労働者は制度の〇間にこぼれ落ちてしまうことが多いのです。
トムったら私が食卓から離れてる〇に、私のご飯つまみ食いしたのよ。",隙,"隙:crevice;fissure;discord;opportunity;leisure",Guess the hidden Kanji,Text
"「昨夜、遅くまでごそごそしてたわね。何時に寝たの？」「五時。だって、前の日に麻〇しててさぁ、寝たのが明け方で起きたの夕方の５時過ぎだったんだよ。寝れなくて」「なるほどね、朝日と共に寝て、夕日と共に起きるってことね。大学生ならではだよね」
窓の外から聞こえてきた〇のチュンチュンという鳴き声で、夜が明けたことを知った。
僕は日本に行って麻〇で日本人に勝ちたいと思っている。",雀,"雀:sparrow",Guess the hidden Kanji,Text
"〇も鳴かずば打たれまい。
〇も鳴かずば撃たれまい。
焼け野の〇子夜の鶴。",雉,"雉:pheasant",Guess the hidden Kanji,Text
"花〇雞麵の売りは香りのよさです。
花〇雞麵の売りはおいしさです。",雕,"雕:carving",Guess the hidden Kanji,Text
"日本では、３月３日は「桃の節句」と呼ばれ、女の子の成長と幸福を願う行事として、お〇様や桃の花などを飾ります。桃の花は、薄紅色のきれいな花です。花言葉は、「チャーミング」です。
４月に孵化した〇も５ヶ月になった。身体の大きさは親鳥とほぼ同じ、オス鳥のとさかが少し小さいぐらいか。
鳥が自分の〇に餌をやったり守ったりするのとは違って、魚は卵を産みっぱなしにする。",雛,"雛:chick;squab;duckling;doll",Guess the hidden Kanji,Text
"〇が降るのを見たことがありますか。
〇で死ぬなんてとんだ誤算よ。
〇が窓に当たって音を立てた。",雹,"雹:hail",Guess the hidden Kanji,Text
"日付変わるまで起きてようと思ってたけど目〇んできたから寝る。
歩いて歩いて振り返ってみると山なみが〇んでいた。
展望台から遠くの街が〇んで見える。",霞,"霞:be hazy;grow dim;blurred",Guess the hidden Kanji,Text
"彼女の死の知らせはまさに青天の〇〇だった。
彼の死の知らせはまさに青天の〇〇だった。
それは青天の〇〇のようなことでした。",霹靂,"霹:thunder
靂:violent;thunder;lightening",Guess the hidden Kanji,Text
"教科書問題や歴史認識、〇国神社への首相の参拝などで、日中関係に波風が立っている。
小泉首相が「憲法違反だから〇国神社参拝しちゃいかんという人がいます」と語った。
〇国神社参拝に関しては閣僚の自主的な判断に任せられている。",靖,"靖:peaceful",Guess the hidden Kanji,Text
"彼の〇が重くて、更に悪いことには、片足のかかとにまめができてしまっていた。
それから服を着て、講義用のメモを手さげ〇に詰め込み、階段を駆け下りた。
その後私はそこを出るんだけど、〇を忘れてきたことに気付くんだ。",鞄,"鞄:suitcase;bag;briefcase",Guess the hidden Kanji,Text
"トムは馬の〇のつけ方が分からないみたいよ。
〇馬は、力よりもバランス感覚が必要です。
馬に乗る前に人は普通馬に〇をつける。",鞍,"鞍:saddle",Guess the hidden Kanji,Text
"居合道とは、座っているとき、歩行しているときに、敵からふいに襲撃された際、〇ばなれの一刀で敵を倒す刀法である。
あの長剣は凝った彫刻のしてある〇に収まった。
トムとメアリーって、元の〇に収まったの？",鞘,"鞘:sheath;case;margin;difference;shells (of beans)",Guess the hidden Kanji,Text
"至らぬ私ではございましたが、皆様方の公私共に絶大なるご指導ご〇撻に依りまして大過なく過しましたことは終生忘れることのできない思い出であります。
彼の推薦のおかげで、私は東京の大学で教〇をとることが出来た。
ジムは私を侮辱したから〇でたたいてやる必要がある。",鞭,"鞭:whip;rod;counter for whippings",Guess the hidden Kanji,Text
"俗説で「玉レタスを4分の1程度食べると眠くなる」と言われ、〇国では仕事前のドライバーが食べてはいけない食べ物として知られている。
しかし、中国語や〇国語を話すことができると、もっとたくさんの人と考え方を共有することができるんです。
日本単独ではできないことも〇国と一緒に共同でやればできるかもしれない、という可能性はあると思います。",韓,"韓:Korea",Guess the hidden Kanji,Text
"最後の１〇を除き全部すんだ。
１０〇を参照してください。",頁,"頁:page;leaf",Guess the hidden Kanji,Text
"「花札のやり方ってわかる？」「小さい〇、お父さんに教えてもらって何回かしたことはあるけど、忘れちゃったな。どうして？」「子供が花札したいって言うんだけど、やり方がよく分からなくて」「美紀の子って、相変わらず渋いわね」
ケニアのファッション業界で独自の市場を切り開くことに成功した、ナイロビを拠点とするファッションデザイナーは、多くの小事業主が「高品質の製品を手〇な価格で」手に入れられることに満足していると述べた。
なあトム、今〇のこのこやってきて「手伝おうか？」はないだろ。メアリーの引っ越しは朝８時からやるって言ったよな？こんな昼から顔を出されたところで、もうやることなんて残ってないよ。",頃,"頃:time;about;toward",Guess the hidden Kanji,Text
"中学生の〇に、あるセラピストの女性の方と話した後、すごく話が弾んだから「これは脈あり」って思って、キスしようとしたんだ。そしたら「やめなさい」って冷たくあしらわれた。「〇ってバカだよな」って痛感した瞬間でした。
子供の〇の夢がひとつ実現した。〇はトラックの運ちゃんをしてる。
来週の今〇には、〇たちは何をしてるだろう？",頃俺,"頃:time;about;toward
俺:I;myself",Guess the hidden Kanji,Text
"子どもの〇、悪さをするといつもお〇を叩かれた。
子どもの〇、悪さをするといつも〇を叩かれた。",頃尻,"尻:buttocks;hips;butt;rear
頃:time;about;toward",Guess the hidden Kanji,Text
"小学校低学年の〇、僕は父に俳句を教えられ、俳人に〇れた。七夕の願い事も「はい人になれますように」と書いた。あれから３０年、願いはかなった。今や僕は紛れもない廃人だ。
この間ね、中学生の〇に〇れてた人と食事に行ったよ。さらにかっこよくなってた。",頃憧,"憧:yearn after;long for;aspire to;admire;adore
頃:time;about;toward",Guess the hidden Kanji,Text
"若い〇には、人気者にとてもなりたかったので、〇にでもよい印象を与えたかったと、彼は私に言った。
若い〇って、〇でもろくでもない事をやらかすものよ。
この〇は、〇もがお金に困っているようです。",頃誰,"誰:who;someone;somebody
頃:time;about;toward",Guess the hidden Kanji,Text
"製品やサービスを世界市場に販売しようとする企業にとっては複数外国語によるコミュニケーションのノウハウが必〇である。
手書きしたレポートをスキャンしてPDFに直してから、データを送らないといけないためプリンターが必〇な状況です。
少子化からの脱却には、非婚マザーの増大が必〇なのに、日本の世論はなぜかこの議論を避けている。",須,"須:ought;by all means;necessarily",Guess the hidden Kanji,Text
"かげでは、二人して僕のことを迂濶な奴、〇馬な奴、助平な奴などあざ笑っているのかも知れないと、僕は非常に不愉快を感じた。
この辺の意地悪婆さんが雷に打たれて〇死したらしい。まさに天罰覿面だとうちの母さんが言う。
明日のこの時間までに、全てのものを整〇しておいてほしい。",頓,"頓:suddenly;immediately;in a hurry;arrange;stay in place;bow;kowtow",Guess the hidden Kanji,Text
"涙の一滴が〇を伝って始めたことを私から隠すために彼女は目をそらしました。
トムってね、メアリーが〇を赤らめ恥じらう姿に一目惚れしたらしいよ。
彼女は彼に大いに腹を立てたので、もう少しで〇をたたくところだった。",頬,"頬:cheeks;jaw",Guess the hidden Kanji,Text
"〇いたり、手を叩いたり、ほほえんだり、また、爆笑したりして承認を伝える。
私は上司におじぎして挨拶しますが、上司は〇いて答えます。
係員が〇いたので彼女は小切手を書き、それを手渡した。",頷,"頷:nod approval",Guess the hidden Kanji,Text
"トムが言うにはね、クリスマスのために〇ひげを赤と緑に染めるかもしれないんだって。
あの影はまるで、長い首と歯の無い大〇を持った、巨大な恐竜のように見えた。
あの店のお菓子は美味しくて〇が落ちそう。",顎,"顎:jaw;chin;gill",Guess the hidden Kanji,Text
"その〇々とした人柄が老若男女に慕われている。
何か〇々とはぐらかされてる気がするわ。",飄,"飄:turn over;wave",Guess the hidden Kanji,Text
"「なんでそんなたくさんのど〇持ってきたの？ のど〇とかこっちでも買えるのに」「日本人ののどには日本ののど〇しか効かないんだ」「ふーん、そんなことないと思うけどな」
普段、映画を見る時はポップコーンを食べたり、コーラを飲んだりするんだけど、次回は〇にしよっと。
朝からのど痛かったんだけど、ずっとのど〇なめてたら大分ましになってきた。",飴,"飴:rice jelly;candy",Guess the hidden Kanji,Text
"今日の晩ご飯は、ポーランド式〇子ピエロギとインゲンのボイルサラダ・クレームフレーシュ添えよ。温かいうちにどうぞ。
ぎょうざの具のあまりは？〇子を家で作りましたが、皮が少なかったせいか、具が少し余ってしまいました。
エビ入り〇子というが、どこにエビ入ってんだ。",餃,"餃:gyoza",Guess the hidden Kanji,Text
"君の夢一杯のビジネスプラン、絵に描いた〇にならんことを切に望むよ。
おじいちゃん、あんまりお〇食べ過ぎないでね。帰ったら仏とか嫌だよ。
「日本のお正月に欠かせないものは？」「お節とお〇！」",餅,"餅:mochi rice cake",Guess the hidden Kanji,Text
"定住してる生活するほとんどのイタチ科と違って、クズリは、絶えず〇食を捜して、1500-2000平方キロまでを占める自分の土地の上で歩き回る。
鳥が自分の雛に〇をやったり守ったりするのとは違って、魚は卵を産みっぱなしにする。
人間は己の肉体なり心の病気の〇食であり、死んだ後では地虫の〇食となる。",餌,"餌:food;bait;prey;tempting profit",Guess the hidden Kanji,Text
"晩〇の料理とサービスは、大手四ホテルが輪番制で受け持っているが、メニューは常にフランス料理と決まっている。
晩〇会の席でソフトウェアの新バージョンの発表について触れたい。
彼らは新しい社長のために晩〇会を催した。",餐,"餐:eat;drink;swallow",Guess the hidden Kanji,Text
"その影響は広範囲にわたり、世界中で季節外れの天候、作物の不作、飢〇を引き起こしました。
飢〇に直面してもあなたは食べ物を他の人と分かち合うことができますか。
収穫がもっと悪くなれば、飢〇が起こるかも知れない。",饉,"饉:hunger",Guess the hidden Kanji,Text
"トムなら、感謝祭のディナーをご〇走になりにメアリーのうちに行きましたよ。
いつもお世話になっていますから、一旦緩急あれば、すぐさま〇せ参じます。
すんばらしい夕食をご〇走してもらい、ウィリーは感謝の挨拶をした。",馳,"馳:run;gallop;sail;drive (a wagon);win (fame);despatch",Guess the hidden Kanji,Text
"サプライズパーティーという言葉自体にまだ〇染みがないのは、私だけかしら？
では、新郎新婦にお伺いします。お二人の〇れ初めはなんですか？
彼女はニューイングランドの冬には〇染むことが出来なかった。",馴,"馴:get used to;experienced;tamed",Guess the hidden Kanji,Text
"ＩＱの低さの原因を人種に求めるという議論を論〇するどころか、リンのデータはそれを事実上補強することになっている。
進化という科学的真理が反対しようもないほど確証されるもので、実質的に論〇できない。
これらの事実には反〇の余地がない。",駁,"駁:refutation;contradiction",Guess the hidden Kanji,Text
"瓢箪から〇って言うのかな、知人の紹介で就職決まっちゃったんだよ。
チェスをしてるんだ。僕、もう相手の〇4つも取ったんだ。
その２つの〇を並び替えるとパズルが解けるらしい。",駒,"駒:pony;horse;colt",Guess the hidden Kanji,Text
"「風立ちぬ」は宮崎〇の最後の映画です。
最も野性的な子馬が最高の〇馬になる。
〇河湾から見た富士山は美しい。",駿,"駿:a good horse;speed;a fast person",Guess the hidden Kanji,Text
"基本的なことが分かっていない人間が多いようだが，このゲームは〇し合いのゲームだ。より多く相手を〇してマネーを獲得した人間だけが，外に生きて帰れる。
すべての人をしばらくの間だますことは出来る。また幾人かの人をずっとだましておくことも出来る。しかし、すべての人をずっと〇しとおすことはできない。
私を〇せると思わないで。あなたの嘘をする能力自体の特徴の一つは、私が信じるには、信じている真似をする必要があるの。",騙,"騙:deceive",Guess the hidden Kanji,Text
"〇傲は人間の弱さである。
〇れる者は久しからず。
〇る平家は久しからず。",驕,"驕:pride;haughtiness",Guess the hidden Kanji,Text
"〇骨のアイコンより、こっちのアイコンの方が絶対いいって。私が保証する。
トラックと数台の車の残〇を片付けるのに２、３時間はかかりました。
船が沈没してしまってのち、船の残〇が引き上げられた。",骸,"骸:bone;body;corpse",Guess the hidden Kanji,Text
"トム、〇が生えてきたわね。そろそろひげそりが必要そうね。
この〇は伸びているんじゃない、伸ばしているんだ。
〇をそっているとき顔を切った。",髭,"髭:beard;mustache",Guess the hidden Kanji,Text
"「ほっぺたから血が出てるよ。どうしたの？」「〇〇りが壊れちゃってさぁ、カミソリで〇ったんだけど、〇刀負けしちゃったんだ」
仕事でしないといけないN95のマスクが、いい具合に密着しなかったから、〇を〇らざるを得なかった。
今朝、〇を〇ってて、顔を切ってしまった。",髭剃,"髭:beard;mustache
剃:shave",Guess the hidden Kanji,Text
"テスト前にわざわざ自習に来る気持ちがわからなかったが、家にいても勉強しろとうるさく言われ、部屋に入って来られたりして〇陶しいので、塾に来て自分のペースでのんびり勉強したいという感じらしい。
僕は心の中では憂〇になっているけど、見た目にはわからないでしょう？
彼氏がいつもキスしようとしてくるの。ちょっと、〇陶しい。",鬱,"鬱:gloom;depression;melancholy;luxuriant",Guess the hidden Kanji,Text
"〇漁の解禁日に合わせて漁が始まることが多い。
〇の美味しい季節になりました。
〇漁が解禁になった。",鮎,"鮎:freshwater trout;smelt",Guess the hidden Kanji,Text
"〇はその血に飢えた残忍さで悪名高い。
〇は魚を餌としている。
〇は魚を食べます。",鮫,"鮫:shark",Guess the hidden Kanji,Text
"「今晩のご飯、なに？」「焼き〇にしようかな」
「今日の晩ご飯、なに？」「〇を焼こうかな」
おにぎりはシーチキンと〇。決まっていた。",鮭,"鮭:salmon",Guess the hidden Kanji,Text
"私たちの町にはきれいな川が流れていて、たくさんの〇が泳いでいるのが見られます。
祖父は、晴れた日に池の色とりどりの〇を眺めているのが好きです。
池の〇に餌をあげたら、うじゃうじゃと集まってきた。",鯉,"鯉:carp",Guess the hidden Kanji,Text
"〇や〇のような魚は淡水に生息している。
〇や〇のような魚は淡水に住んでいる。",鯉鱒,"鱒:salmon trout
鯉:carp",Guess the hidden Kanji,Text
"そう言えば、〇背な男だった記憶が有るがどうしてるんだろな？
〇背だね。",鯔,"鯔:mullet (fish)",Guess the hidden Kanji,Text
"お兄ちゃん、このお魚本当に美味しいの？黒〇が極道に落ちて、全国指名手配されたみたいなお魚だよ？
黒〇の料理方法．刺し身、黒〇は何といっても刺身が一番おいしいです。
〇も一人はうまからず。",鯛,"鯛:sea bream;red snapper",Guess the hidden Kanji,Text
"いつも柳の下に泥〇は居らぬ。
柳の下の泥〇。",鰌,"鰌:loach (fish)",Guess the hidden Kanji,Text
"江戸っ子にとってこの初〇は借金しても食べるべきものだったようです。
江戸っ子にとって、初〇は借金しても食べるべきものだった。
小さい頃は、母が〇節を削る音で目が覚めていました。",鰹,"鰹:bonito",Guess the hidden Kanji,Text
"ここ最近、原油価格が高騰していて、ガソリン代が〇登りです。
営業成績はまさに〇上り、というところかね。
私のホバークラフトは〇でいっぱいです。",鰻,"鰻:eel",Guess the hidden Kanji,Text
"トムは上司の逆〇に触れないように、言葉を濁して不都合な事実を話した。
トムは上司の逆〇に触れぬよう言葉を濁し、不都合な事実を話した。
この壁画からは古代人の生活の片〇をうかがうことができる。",鱗,"鱗:scales (fish)",Guess the hidden Kanji,Text
"文字、伝書〇、電信、その他多くの方法で、情報はますます速く人から人へと伝えられるようになった。
そして、宮の中に、牛や羊や〇を売るもの達と両替人達が座っているのをご覧になった。
御霊が〇のように天から下って、この方の上にとどまられるのを私は見ました。",鳩,"鳩:pigeon;dove",Guess the hidden Kanji,Text
"ひとの声に似た不気味な鳴き声、漆黒の羽、死肉を啄む姿などから、〇は不幸に舞い降りる不吉な鳥として世界に知られています。
三人がつづいて横町へはいると、路ばたの大きい椎の木のこずえから、〇らしい一羽の鳥がおどろかされたように飛び起った。",鴉,"鴉:crow;raven",Guess the hidden Kanji,Text
"漱石は〇外と同時代の人であった。
彼は〇外を愛読している。",鴎,"鴎:seagull",Guess the hidden Kanji,Text
"〇にされる人というのはやはり〇のオーラを発散しているということでしょう。
ボクは〇ガー。英語を話すガー。
〇川は京都市を貫流している。",鴨,"鴨:wild duck;easy mark",Guess the hidden Kanji,Text
"ネット上の不確実な情報を〇〇みにしてはならない。
ネット上の不確かな情報を〇〇みにしてはいけない。
全てを〇〇みにしない方がいいと思うよ。",鵜呑,"呑:drink
鵜:cormorant",Guess the hidden Kanji,Text
"雌の〇鳥のソースになるものは雄の〇鳥のソースにもなる。
女３人と〇鳥一羽で市ができる。",鵞,"鵞:goose",Guess the hidden Kanji,Text
"彼女は天井からぶら下がっている自分の〇の群に目をやった。これは兄の雅弘が禎子のためにつるしてくれたものだった。
じっと見つめていると、鳥たちは、特にチズコの作った金の〇は、秋のそよ風の中で生きているように見えた。
体はもうすっかり弱っていたが、この〇のおかげで禎子は心の中で強い気持ちになることができた。",鶴,"鶴:crane;stork",Guess the hidden Kanji,Text
"ライオンが獣の王であるのと同様、〇は鳥の王である。
〇の羽は広げると１メーターにもなる。
その鳥は〇の半分の大きさだった。",鷲,"鷲:eagle",Guess the hidden Kanji,Text
"何故か〇派と目される人たちが、ことごとく苦手。
その鳥は〇の半分の大きさしかなかった。
一本の矢が〇を貫通した。",鷹,"鷹:hawk",Guess the hidden Kanji,Text
"「そのとおり」私は、シャワーを浴びている時に石〇が目に入るとヒステリー状態になる男のように、娘のこの話に身震いしながら言った。
汚いことばを口にするんじゃありません、でないとその口を石〇で洗ってしまいますよ。
「手は洗ったの？」「うん。ママ」「石〇つけて？匂わせてごらん」",鹸,"鹸:saltiness",Guess the hidden Kanji,Text
"王を得た〇麟もまた寿命を持たない生き物だが、この病ばかりは治癒の方法がない。
〇麟はどこにいますか。",麒,"麒:Chinese unicorn;genius;giraffe;bright;shining",Guess the hidden Kanji,Text
"紀元前776年、最初のオリンピック競技大会は、ギリシャ人の主神ゼウスを称えるため、オリンポス山の〇で開催された。
休暇中、姉と私は富士山の〇にある小さな村に滞在した。
山の〇から山頂までは４時間かかるって。止めようよ。",麓,"麓:foot of a mountain",Guess the hidden Kanji,Text
"王を得た麒〇もまた寿命を持たない生き物だが、この病ばかりは治癒の方法がない。
麒〇はどこにいますか。",麟,"麟:Chinese unicorn;genius;giraffe;bright;shining",Guess the hidden Kanji,Text
"「お腹空いた。何かない？」「カップ〇ならあるけど、食べる？」「うん。食べる」
その通りさ。ここの〇の出汁はちょっと値が張るんだ。
その通り。ここの〇のスープは少し高いんだ。",麺,"麺:noodles;wheat flour",Guess the hidden Kanji,Text
"〇はプリンを食べないではおれぬ。
〇は雅びな家の生まれでおじゃる。",麿,"麿:I;you;(kokuji)",Guess the hidden Kanji,Text
"掲揚台には青十字旗が〇いている。
カーテンが風に〇いてる。",靡,"靡:flutter;wave;bow to;obey;seduce",Guess the hidden Kanji,Text
"大騒ぎした割には、大山鳴動して〇一匹ということになったようだね。
田中先生は、３００匹の〇を使って、二年間実験を行った。
犬は猫を追いかけ、猫は〇を追いかける。",鼠,"鼠:rat;mouse;dark gray",Guess the hidden Kanji,Text
"あいつ追いつめられたら何するか分からないぞ。窮〇猫を〇むってこともあるからな。気を付けるに越したことはない。
「そんなに舐められた相手じゃないけどなぁ・・・」「そうだよ、窮〇猫を〇むって言うじゃないか」
窮〇猫を〇む。",鼠噛,"鼠:rat;mouse;dark gray
噛:chew;bite;gnaw",Guess the hidden Kanji,Text
"情報の生〇りで病気かもと考える人がいる。
この〇歯動物は冬に木の実を貯える。",齧,"齧:gnaw;nibble;munch;have a smattering of",Guess the hidden Kanji,Text
"内閣総理大臣指名選挙が行われ、第８２代内閣総理大臣に橋本〇太郎氏が選出されました。
天皇陛下が、第８２代総理大臣に橋本〇太郎氏を正式に任命なさいました。
日本の国会は、第８２代首相に橋本〇太郎氏を指名した。",龍,"龍:dragon;imperial",Guess the hidden Kanji,Text
"イスラム系共和国が独立国家共同体に参加しない場合、それらの国々は独自の勢力を形成し、一触即発の民族的、宗教的な〇裂を生じかねない、とソ連、西側の消息筋は警告しています。
「おい、〇公、お前良心ないのンか」 「ない」 「ない…？　良心がない…？」 「あったけど、今はないわい」
〇はお父さんの言いつけを守ってジーッとかごの中で静かに座っていました。",亀,"亀:tortoise;turtle",Guess the hidden Kanji,Text