Question,Answer,Comment,Instruction,Render as
"丁 (ちょう)","半,はん",,Guess the Antonym,Image
"丁度 (ちょうど)","凡そ,およそ",,Guess the Antonym,Image
"丁度・恰度 (ちょうど)","凡そ,およそ,大凡,おおよそ",,Guess the Antonym,Image
"丁重 (ていちょう)`入念 (にゅうねん)","粗略・疎略,そりゃく",,Guess the Antonym,Image
"丁重・鄭重 (ていちょう)","疎略,そりゃく,粗略,そりゃく",,Guess the Antonym,Image
"万全 (ばんぜん)","疎漏,そろう,疎漏・粗漏,そろう,粗漏,そろう",,Guess the Antonym,Image
"丈夫 (ますらお)","手弱女,たおやめ",,Guess the Antonym,Image
"三十日・晦日・晦 (みそか・つごもり)","朔,ついたち,朔日,ついたち",,Guess the Antonym,Image
"上 (うえ)","下,した",,Guess the Antonym,Image
"上 (かみ)","下,しも",,Guess the Antonym,Image
"上 (じょう)","下,か,下,げ",,Guess the Antonym,Image
"上がる (あがる)","下りる,おりる,降りる,おりる",,Guess the Antonym,Image
"上げる (あげる)","下ろす,おろす,降ろす,おろす",,Guess the Antonym,Image
"上げ田 (あげた)","凹田,くぼた,凹田・窪田,くぼた,窪田,くぼた",,Guess the Antonym,Image
"上り鮎 (のぼりあゆ)","落ち鮎,おちあゆ",,Guess the Antonym,Image
"上る (のぼる)","下る・降る,くだる,降りる,おりる,降る,くだる",,Guess the Antonym,Image
"上下動 (じょうげどう)","水平動,すいへいどう",,Guess the Antonym,Image
"上京 (じょうきょう)","下向,げこう",,Guess the Antonym,Image
"上出来 (じょうでき)","不出来,ふでき",,Guess the Antonym,Image
"上司 (じょうし)","部下,ぶか",,Guess the Antonym,Image
"上塗 (うわぬり)`上塗り (うわぬり)","下塗り・下塗,したぬり",,Guess the Antonym,Image
"上塗り・上塗 (うわぬり)","下塗,したぬり,下塗り,したぬり",,Guess the Antonym,Image
"上天 (じょうてん)","下土,かど",,Guess the Antonym,Image
"上宿 (じょうやど)","安宿,やすやど",,Guess the Antonym,Image
"上履 (うわばき)`上履き (うわばき)","下履き・下履,したばき",,Guess the Antonym,Image
"上履き・上履 (うわばき)","下履,したばき,下履き,したばき",,Guess the Antonym,Image
"上席 (じょうせき)","末席,まっせき・ばっせき",,Guess the Antonym,Image
"上張り・上貼り (うわばり)","下張り,したばり,下貼り,したばり",,Guess the Antonym,Image
"上手い (うまい)","拙い,つたない",,Guess the Antonym,Image
"上昇 (じょうしょう)","下降,かこう,低下,ていか,降下,こうか",,Guess the Antonym,Image
"上智 (じょうち)`上知 (じょうち)`上知・上智 (じょうち)","下愚,かぐ",,Guess the Antonym,Image
"上機嫌 (じょうきげん)","不機嫌,ふきげん",,Guess the Antonym,Image
"上演 (じょうえん)","休演,きゅうえん",,Guess the Antonym,Image
"上澄み (うわずみ)","淀み,よどみ,淀み・澱み,よどみ,澱み,よどみ",,Guess the Antonym,Image
"上物 (じょうもの)","安物,やすもの,駄物,だもの",,Guess the Antonym,Image
"上種 (じょうず)","下司,げす,下種・下衆・下司,げす,下衆,げす",,Guess the Antonym,Image
"上納 (じょうのう)","下付,かふ",,Guess the Antonym,Image
"上級 (じょうきゅう)","初級,しょきゅう",,Guess the Antonym,Image
"上製 (じょうせい)","並製,なみせい",,Guess the Antonym,Image
"上貼り (うわばり)`上張り (うわばり)","下張り・下貼り,したばり",,Guess the Antonym,Image
"上辺 (うわべ)","中味,なかみ,中身,なかみ,中身・中味,なかみ,本音,ほんね",,Guess the Antonym,Image
"上述 (じょうじゅつ)","後述,こうじゅつ",,Guess the Antonym,Image
"上鉋 (じょうしこ)","粗鉋,あらしこ",,Guess the Antonym,Image
"上首尾 (じょうしゅび)","不首尾,ふしゅび",,Guess the Antonym,Image
"下りる (おりる)","登る,のぼる",,Guess the Antonym,Image
"下ろす (おろす)","乗せる,のせる,積む,つむ,載せる,のせる",,Guess the Antonym,Image
"下僕 (げぼく)","下婢,かひ",,Guess the Antonym,Image
"下僚 (かりょう)","高官,こうかん",,Guess the Antonym,Image
"下剤 (げざい)","下痢止め,げりどめ,止瀉剤,ししゃざい",,Guess the Antonym,Image
"下劣 (げれつ)`野卑 (やひ)`野卑・野鄙 (やひ)`野鄙 (やひ)","高尚,こうしょう",,Guess the Antonym,Image
"下城 (げじょう)","登城,とじょう",,Guess the Antonym,Image
"下山 (げざん)","登山,とざん",,Guess the Antonym,Image
"下書 (したがき)`下書き (したがき)`下書き・下書 (したがき)","清書,せいしょ",,Guess the Antonym,Image
"下校 (げこう)","登校,とうこう",,Guess the Antonym,Image
"下熱 (げねつ)","発熱,はつねつ",,Guess the Antonym,Image
"下獄 (げごく)","出獄,しゅつごく",,Guess the Antonym,Image
"下町 (したまち)","山の手,やまのて",,Guess the Antonym,Image
"下界 (げかい)","天上界,てんじょうかい,天界,てんかい",,Guess the Antonym,Image
"下痢 (げり)","便秘,べんぴ,秘結,ひけつ",,Guess the Antonym,Image
"下直 (げじき)","高直,こうじき",,Guess the Antonym,Image
"下策 (げさく)","得策,とくさく,良策,りょうさく",,Guess the Antonym,Image
"下船 (げせん)","乗船,じょうせん",,Guess the Antonym,Image
"下落 (げらく)","昂騰,こうとう,騰貴,とうき,高騰,こうとう,高騰・昂騰,こうとう",,Guess the Antonym,Image
"下請 (したうけ)`下請け (したうけ)","元請け・元請,もとうけ",,Guess the Antonym,Image
"下請け・下請 (したうけ)","元請,もとうけ,元請け,もとうけ",,Guess the Antonym,Image
"下賜 (かし)","献上,けんじょう",,Guess the Antonym,Image
"下賤 (げせん)","尊貴,そんき,高貴,こうき",,Guess the Antonym,Image
"下車 (げしゃ)","乗車,じょうしゃ",,Guess the Antonym,Image
"下馬 (げば)","乗馬,じょうば",,Guess the Antonym,Image
"不仕合せ (ふしあわせ)`不仕合わせ (ふしあわせ)`不幸せ (ふしあわせ)","幸せ・仕合せ・仕合わせ,しあわせ",,Guess the Antonym,Image
"不似合い (ふにあい)","似合い,にあい",,Guess the Antonym,Image
"不作為 (ふさくい)","作為,さくい",,Guess the Antonym,Image
"不便 (ふべん)","便利,べんり",,Guess the Antonym,Image
"不信 (ふしん)","信用,しんよう,信頼,しんらい",,Guess the Antonym,Image
"不信心 (ふしんじん)","篤信,とくしん",,Guess the Antonym,Image
"不偏 (ふへん)","偏向,へんこう,偏頗,へんぱ",,Guess the Antonym,Image
"不健全 (ふけんぜん)","健全,けんぜん",,Guess the Antonym,Image
"不健康 (ふけんこう)","健康,けんこう",,Guess the Antonym,Image
"不備 (ふび)","完備,かんび",,Guess the Antonym,Image
"不充分 (ふじゅうぶん)","十分・充分,じゅうぶん",,Guess the Antonym,Image
"不入り (ふいり)","大入り,おおいり",,Guess the Antonym,Image
"不公平 (ふこうへい)","公平,こうへい",,Guess the Antonym,Image
"不利 (ふり)","有利,ゆうり",,Guess the Antonym,Image
"不労所得 (ふろうしょとく)","勤労所得,きんろうしょとく",,Guess the Antonym,Image
"不動産 (ふどうさん)","動産,どうさん",,Guess the Antonym,Image
"不十分 (ふじゅうぶん)","充分,じゅうぶん,十分,じゅうぶん,十分・充分,じゅうぶん",,Guess the Antonym,Image
"不協和音 (ふきょうわおん)","協和音,きょうわおん",,Guess the Antonym,Image
"不参加 (ふさんか)","参加,さんか",,Guess the Antonym,Image
"不可 (ふか)","可,か",,Guess the Antonym,Image
"不合格 (ふごうかく)","合格,ごうかく",,Guess the Antonym,Image
"不合理 (ふごうり)","合理,ごうり",,Guess the Antonym,Image
"不同 (ふどう)","同一,どういつ",,Guess the Antonym,Image
"不名誉 (ふめいよ)","名誉,めいよ",,Guess the Antonym,Image
"不味 (ふみ)","美味,びみ",,Guess the Antonym,Image
"不味い (まずい)","旨い,うまい,美味しい,おいしい",,Guess the Antonym,Image
"不和 (ふわ)","円満,えんまん",,Guess the Antonym,Image
"不器用 (ぶきよう)`不器用・無器用 (ぶきよう)","器用,きよう",,Guess the Antonym,Image
"不器量 (ぶきりょう)`不器量・無器量 (ぶきりょう)","器量好し,きりょうよし",,Guess the Antonym,Image
"不在 (ふざい)","在宅,ざいたく",,Guess the Antonym,Image
"不堪 (ふかん)","堪能,かんのう",,Guess the Antonym,Image
"不変 (ふへん)","可変,かへん,変化,へんか",,Guess the Antonym,Image
"不如意 (ふにょい)","如意,にょい",,Guess the Antonym,Image
"不孝 (ふこう)","孝行,こうこう",,Guess the Antonym,Image
"不安 (ふあん)","安心,あんしん",,Guess the Antonym,Image
"不完全 (ふかんぜん)","完全,かんぜん",,Guess the Antonym,Image
"不定冠詞 (ふていかんし)","定冠詞,ていかんし",,Guess the Antonym,Image
"不定期 (ふていき)","定期,ていき",,Guess the Antonym,Image
"不実 (ふじつ)","誠実,せいじつ",,Guess the Antonym,Image
"不導体 (ふどうたい)","導体,どうたい",,Guess the Antonym,Image
"不平等 (ふびょうどう)","平等,びょうどう",,Guess the Antonym,Image
"不幸 (ふこう)","幸,こう,幸福,こうふく",,Guess the Antonym,Image
"不幸せ・不仕合せ・不仕合わせ (ふしあわせ)","仕合せ,しあわせ,仕合わせ,しあわせ,幸せ,しあわせ",,Guess the Antonym,Image
"不当 (ふとう)","正当,せいとう,至当,しとう,順当,じゅんとう",,Guess the Antonym,Image
"不得意 (ふとくい)","得意,とくい",,Guess the Antonym,Image
"不得手 (ふえて)","得手,えて",,Guess the Antonym,Image
"不徳 (ふとく)","有徳,うとく,有徳,ゆうとく,高徳,こうとく",,Guess the Antonym,Image
"不必要 (ふひつよう)","必要,ひつよう",,Guess the Antonym,Image
"不忠 (ふちゅう)","忠義,ちゅうぎ",,Guess the Antonym,Image
"不快 (ふかい)","快,かい,愉快,ゆかい",,Guess the Antonym,Image
"不急 (ふきゅう)","火急,かきゅう",,Guess the Antonym,Image
"不愉快 (ふゆかい)","愉快,ゆかい",,Guess the Antonym,Image
"不慣れ (ふなれ)`不慣れ・不馴れ (ふなれ)`不馴れ (ふなれ)","慣れっこ,なれっこ",,Guess the Antonym,Image
"不成績 (ふせいせき)","好成績,こうせいせき",,Guess the Antonym,Image
"不承不承 (ふしょうぶしょう)","唯唯諾諾,いいだくだく",,Guess the Antonym,Image
"不揃い (ふぞろい)","揃い,そろい",,Guess the Antonym,Image
"不換紙幣 (ふかんしへい)","兌換紙幣,だかんしへい",,Guess the Antonym,Image
"不摂生 (ふせっせい)","摂生,せっせい",,Guess the Antonym,Image
"不敗 (ふはい)","全敗,ぜんぱい",,Guess the Antonym,Image
"不文律 (ふぶんりつ)","成文律,せいぶんりつ",,Guess the Antonym,Image
"不文法 (ふぶんほう)","成文法,せいぶんほう",,Guess the Antonym,Image
"不明 (ふめい)","明白,めいはく",,Guess the Antonym,Image
"不明朗 (ふめいろう)","明朗,めいろう",,Guess the Antonym,Image
"不明瞭 (ふめいりょう)","明瞭,めいりょう",,Guess the Antonym,Image
"不時 (ふじ)`一時 (いちじ)","常時,じょうじ",,Guess the Antonym,Image
"不景気 (ふけいき)","好景気,こうけいき",,Guess the Antonym,Image
"不服 (ふふく)","承伏,しょうふく,承服,しょうふく,承服・承伏,しょうふく",,Guess the Antonym,Image
"不本意 (ふほんい)","本意,ほんい",,Guess the Antonym,Image
"不正 (ふせい)`偏向 (へんこう)","公正,こうせい",,Guess the Antonym,Image
"不毛 (ふもう)","肥沃,ひよく",,Guess the Antonym,Image
"不況 (ふきょう)","好況,こうきょう",,Guess the Antonym,Image
"不法 (ふほう)","合法,ごうほう",,Guess the Antonym,Image
"不注意 (ふちゅうい)","注意深い,ちゅういぶかい",,Guess the Antonym,Image
"不活発 (ふかっぱつ)","活発,かっぱつ",,Guess the Antonym,Image
"不浄 (ふじょう)","清浄,せいじょう",,Guess the Antonym,Image
"不満 (ふまん)","満足,まんぞく",,Guess the Antonym,Image
"不溶性 (ふようせい)","可溶性,かようせい",,Guess the Antonym,Image
"不滅 (ふめつ)","必滅,ひつめつ",,Guess the Antonym,Image
"不漁 (ふりょう)","大漁,たいりょう,豊漁,ほうりょう",,Guess the Antonym,Image
"不潔 (ふけつ)","清潔,せいけつ",,Guess the Antonym,Image
"不為 (ふため)","為,ため",,Guess the Antonym,Image
"不熱心 (ふねっしん)","熱心,ねっしん",,Guess the Antonym,Image
"不燃 (ふねん)","可燃,かねん",,Guess the Antonym,Image
"不特定 (ふとくてい)","特定,とくてい",,Guess the Antonym,Image
"不猟 (ふりょう)","大猟,たいりょう",,Guess the Antonym,Image
"不用 (ふよう)","入り用,いりよう,入用,にゅうよう",,Guess the Antonym,Image
"不用心・無用心 (ぶようじん)","用心,ようじん,要心,ようじん",,Guess the Antonym,Image
"不直 (ふちょく)`不正直 (ふしょうじき)","正直,しょうじき",,Guess the Antonym,Image
"不相応 (ふそうおう)","相応,そうおう",,Guess the Antonym,Image
"不真面目 (ふまじめ)","真面目,まじめ",,Guess the Antonym,Image
"不確か (ふたしか)","確か・慥か,たしか",,Guess the Antonym,Image
"不確定 (ふかくてい)`未確定 (みかくてい)","確定,かくてい",,Guess the Antonym,Image
"不確実 (ふかくじつ)","確実,かくじつ",,Guess the Antonym,Image
"不祝儀 (ぶしゅうぎ)","祝儀,しゅうぎ",,Guess the Antonym,Image
"不穏 (ふおん)","平穏,へいおん",,Guess the Antonym,Image
"不穏当 (ふおんとう)","穏当,おんとう",,Guess the Antonym,Image
"不等式 (ふとうしき)","等式,とうしき",,Guess the Antonym,Image
"不粋 (ぶすい)`無粋 (ぶすい)`無粋・不粋 (ぶすい)","粋,すい",,Guess the Antonym,Image
"不精 (ぶしょう)","忠実,まめ",,Guess the Antonym,Image
"不精・無精 (ぶしょう)","忠実,まめ,気忠実,きまめ",,Guess the Antonym,Image
"不純 (ふじゅん)","純真,じゅんしん,純粋,じゅんすい",,Guess the Antonym,Image
"不美人 (ふびじん)","美人,びじん",,Guess the Antonym,Image
"不義 (ふぎ)","正義,せいぎ",,Guess the Antonym,Image
"不義理 (ふぎり)","義理立て,ぎりだて",,Guess the Antonym,Image
"不能 (ふのう)","可能,かのう",,Guess the Antonym,Image
"不自然 (ふしぜん)","自然,しぜん",,Guess the Antonym,Image
"不良 (ふりょう)","善良,ぜんりょう,良,りょう,良好,りょうこう",,Guess the Antonym,Image
"不衛生 (ふえいせい)","衛生的,えいせいてき",,Guess the Antonym,Image
"不要 (ふよう)","入り用,いりよう,必要,ひつよう",,Guess the Antonym,Image
"不規則動詞 (ふきそくどうし)","規則動詞,きそくどうし",,Guess the Antonym,Image
"不親切 (ふしんせつ)","深切,しんせつ,親切,しんせつ,親切・深切,しんせつ",,Guess the Antonym,Image
"不許可 (ふきょか)","許可,きょか",,Guess the Antonym,Image
"不評 (ふひょう)","好評,こうひょう",,Guess the Antonym,Image
"不調 (ふちょう)","好調,こうちょう,快調,かいちょう",,Guess the Antonym,Image
"不貞 (ふてい)","貞節,ていせつ",,Guess the Antonym,Image
"不起訴 (ふきそ)","起訴,きそ",,Guess the Antonym,Image
"不足 (ふそく)","充足,じゅうそく,超過,ちょうか,過剰,かじょう",,Guess the Antonym,Image
"不足分 (ふそくぶん)","余分,よぶん",,Guess the Antonym,Image
"不透明 (ふとうめい)","透明,とうめい",,Guess the Antonym,Image
"不通 (ふつう)","開通,かいつう",,Guess the Antonym,Image
"不運 (ふうん)","好運,こううん,幸運,こううん,幸運・好運,こううん,運,うん",,Guess the Antonym,Image
"不遜 (ふそん)`尊大 (そんだい)","謙虚,けんきょ,謙遜,けんそん",,Guess the Antonym,Image
"不適 (ふてき)","好適,こうてき,適,てき",,Guess the Antonym,Image
"不都合 (ふつごう)","好都合,こうつごう",,Guess the Antonym,Image
"不随意筋 (ふずいいきん)","随意筋,ずいいきん",,Guess the Antonym,Image
"不順 (ふじゅん)","順調,じゅんちょう",,Guess the Antonym,Image
"不風流 (ぶふうりゅう)`無風流 (ぶふうりゅう)`無風流・不風流 (ぶふうりゅう)","風流,ふうりゅう",,Guess the Antonym,Image
"不養生 (ふようじょう)","養生,ようじょう",,Guess the Antonym,Image
"与 (よ)","奪,だつ",,Guess the Antonym,Image
"与える (あたえる)`与える・與える (あたえる)","奪う,うばう",,Guess the Antonym,Image
"与し易い (くみしやすい)","手強い,てごわい",,Guess the Antonym,Image
"与する (くみする)`与する・與する (くみする)","敵する,てきする",,Guess the Antonym,Image
"与党 (よとう)","野党,やとう",,Guess the Antonym,Image
"与国 (よこく)","敵国,てきこく",,Guess the Antonym,Image
"世法 (せほう)","仏法,ぶっぽう",,Guess the Antonym,Image
"世話物 (せわもの)","時代物,じだいもの",,Guess the Antonym,Image
"世間知らず (せけんしらず)","苦労人,くろうにん",,Guess the Antonym,Image
"両 (りょう)`両 (もろ)","片,かた",,Guess the Antonym,Image
"両眼 (りょうがん)","独眼,どくがん,隻眼,せきがん",,Guess the Antonym,Image
"両肌 (りょうはだ)`両膚 (りょうはだ)","片肌・片膚,かたはだ",,Guess the Antonym,Image
"並列 (へいれつ)","直列,ちょくれつ",,Guess the Antonym,Image
"並巾 (なみはば)`並幅 (なみはば)`並幅・並巾 (なみはば)","広幅,ひろはば",,Guess the Antonym,Image
"並製 (なみせい)","特製,とくせい",,Guess the Antonym,Image
"中 (なか)`内 (うち)","外,そと",,Guess the Antonym,Image
"中古車 (ちゅうこしゃ)","新車,しんしゃ",,Guess the Antonym,Image
"中味 (なかみ)`中身 (なかみ)","外見,がいけん",,Guess the Antonym,Image
"中央 (ちゅうおう)","地方,ちほう",,Guess the Antonym,Image
"中央集権 (ちゅうおうしゅうけん)","地方分権,ちほうぶんけん",,Guess the Antonym,Image
"中小企業 (ちゅうしょうきぎょう)","大企業,だいきぎょう",,Guess the Antonym,Image
"中心 (ちゅうしん)","周辺,しゅうへん",,Guess the Antonym,Image
"中断 (ちゅうだん)","持続,じぞく,継続,けいぞく",,Guess the Antonym,Image
"中枢 (ちゅうすう)","末梢,まっしょう,末端,まったん",,Guess the Antonym,Image
"中止 (ちゅうし)","決行,けっこう,継続,けいぞく,続行,ぞっこう",,Guess the Antonym,Image
"中正 (ちゅうせい)","偏向,へんこう,極端,きょくたん",,Guess the Antonym,Image
"中窪 (なかくぼ)","中高,なかだか",,Guess the Antonym,Image
"中絶 (ちゅうぜつ)","持続,じぞく",,Guess the Antonym,Image
"中身・中味 (なかみ)","入れ物,いれもの,外見,がいけん,容れ物,いれもの",,Guess the Antonym,Image
"丸 (まる)","角,かく,足掛け,あしかけ",,Guess the Antonym,Image
"丸い (まるい)","四角い,しかくい",,Guess the Antonym,Image
"丸儲け (まるもうけ)","丸損,まるぞん",,Guess the Antonym,Image
"丸写し (まるうつし)","抜き写し,ぬきうつし",,Guess the Antonym,Image
"丸刈 (まるがり)`丸刈り (まるがり)","角刈り・角刈,かくがり",,Guess the Antonym,Image
"丸刈り・丸刈 (まるがり)","角刈,かくがり,角刈り,かくがり",,Guess the Antonym,Image
"丸干し (まるぼし)","切り干し,きりぼし",,Guess the Antonym,Image
"丸本 (まるほん)","抜き本,ぬきほん",,Guess the Antonym,Image
"丸洗い (まるあらい)","解き洗い,ときあらい",,Guess the Antonym,Image
"丸顔 (まるがお)","面長,おもなが",,Guess the Antonym,Image
"主 (あるじ)","客,きゃく",,Guess the Antonym,Image
"主 (しゅ)","客,かく,客,きゃく,従,じゅう",,Guess the Antonym,Image
"主人 (しゅじん)","客,きゃく,家内,かない",,Guess the Antonym,Image
"主刑 (しゅけい)","付加刑,ふかけい",,Guess the Antonym,Image
"主君 (しゅくん)","家来,けらい,家臣,かしん",,Guess the Antonym,Image
"主因 (しゅいん)","副因,ふくいん",,Guess the Antonym,Image
"主役 (しゅやく)","傍役,わきやく,脇役,わきやく,脇役・傍役,わきやく",,Guess the Antonym,Image
"主星 (しゅせい)","伴星,ばんせい",,Guess the Antonym,Image
"主柱 (おもばしら)","袖柱,そでばしら",,Guess the Antonym,Image
"主根 (しゅこん)","支根,しこん",,Guess the Antonym,Image
"主流 (しゅりゅう)`幹流 (かんりゅう)","支流,しりゅう",,Guess the Antonym,Image
"主演 (しゅえん)","助演,じょえん",,Guess the Antonym,Image
"主産物 (しゅさんぶつ)","副産物,ふくさんぶつ",,Guess the Antonym,Image
"主脈 (しゅみゃく)","支脈,しみゃく",,Guess the Antonym,Image
"主語 (しゅご)","述語,じゅつご",,Guess the Antonym,Image
"主賓 (しゅひん)","陪賓,ばいひん",,Guess the Antonym,Image
"主部 (しゅぶ)","述部,じゅつぶ",,Guess the Antonym,Image
"主関白 (あるじかんぱく)","嚊天下・嬶天下,かかあでんか",,Guess the Antonym,Image
"主題 (しゅだい)","副題,ふくだい",,Guess the Antonym,Image
"主食 (しゅしょく)","副食,ふくしょく",,Guess the Antonym,Image
"乏しい (とぼしい)","豊か,ゆたか",,Guess the Antonym,Image
"乗 (じょう)","降,こう,除,じょ",,Guess the Antonym,Image
"乗ずる (じょうずる)","除する,じょする",,Guess the Antonym,Image
"乗り気 (のりき)","気乗り薄,きのりうす",,Guess the Antonym,Image
"乗る (のる)`登る (のぼる)","降りる,おりる",,Guess the Antonym,Image
"乗数 (じょうすう)","被乗数,ひじょうすう",,Guess the Antonym,Image
"乙 (おつ)","甲,こう",,Guess the Antonym,Image
"乙子 (おとご)","初子,ういご",,Guess the Antonym,Image
"乱 (らん)","治,ち",,Guess the Antonym,Image
"乱す (みだす)","整える,ととのえる,治める,おさめる",,Guess the Antonym,Image
"乱れる (みだれる)","整う,ととのう,治まる,おさまる",,Guess the Antonym,Image
"乱れ刃 (みだれば)","直刃,すぐは",,Guess the Antonym,Image
"乱臣 (らんしん)","忠臣,ちゅうしん",,Guess the Antonym,Image
"乱読 (らんどく)`乱読・濫読 (らんどく)`濫読 (らんどく)","精読,せいどく",,Guess the Antonym,Image
"乱費 (らんぴ)`濫費 (らんぴ)`濫費・乱費 (らんぴ)`浪費 (ろうひ)","節約,せつやく",,Guess the Antonym,Image
"乱雑 (らんざつ)`散乱 (さんらん)","整頓,せいとん",,Guess the Antonym,Image
"乳歯 (にゅうし)","永久歯,えいきゅうし",,Guess the Antonym,Image
"乳牛 (にゅうぎゅう)","役牛,えきぎゅう,肉牛,にくぎゅう",,Guess the Antonym,Image
"乾 (かん)","湿,しつ",,Guess the Antonym,Image
"乾 (けん)","坤,こん",,Guess the Antonym,Image
"乾かす (かわかす)","湿す,しめす,湿らす,しめらす,濡らす,ぬらす",,Guess the Antonym,Image
"乾き (かわき)","湿り,しめり",,Guess the Antonym,Image
"乾く (かわく)","湿る,しめる,潤う,うるおう,濡れる,ぬれる",,Guess the Antonym,Image
"乾季・乾期 (かんき)","雨季,うき,雨期,うき",,Guess the Antonym,Image
"乾拭き (からぶき)","水拭き,みずぶき",,Guess the Antonym,Image
"乾期 (かんき)`乾季 (かんき)","雨季・雨期,うき",,Guess the Antonym,Image
"乾果 (かんか)","液果,えきか",,Guess the Antonym,Image
"乾溜 (かんりゅう)`乾留 (かんりゅう)","蒸留・蒸溜,じょうりゅう",,Guess the Antonym,Image
"乾燥 (かんそう)","湿潤,しつじゅん",,Guess the Antonym,Image
"乾留・乾溜 (かんりゅう)","蒸溜,じょうりゅう,蒸留,じょうりゅう",,Guess the Antonym,Image
"乾繭 (かんけん)","生繭,せいけん",,Guess the Antonym,Image
"乾菓子 (ひがし)`干菓子 (ひがし)`干菓子・乾菓子 (ひがし)","生菓子,なまがし",,Guess the Antonym,Image
"乾麺 (かんめん)","生麺,なまめん",,Guess the Antonym,Image
"予備試験 (よびしけん)","本試験,ほんしけん",,Guess the Antonym,Image
"予想外 (よそうがい)","予想通り,よそうどおり",,Guess the Antonym,Image
"予算 (よさん)","決算,けっさん",,Guess the Antonym,Image
"予習 (よしゅう)","復習,ふくしゅう",,Guess the Antonym,Image
"予選 (よせん)","本選,ほんせん",,Guess the Antonym,Image
"予鈴 (よれい)","本鈴,ほんれい",,Guess the Antonym,Image
"事始め (ことはじめ)","事納め,ことおさめ",,Guess the Antonym,Image
"事実 (じじつ)","虚構,きょこう",,Guess the Antonym,Image
"事欠く (ことかく)","事足りる,ことたりる",,Guess the Antonym,Image
"二つ返事 (ふたつへんじ)","生返事,なまへんじ",,Guess the Antonym,Image
"二親 (ふたおや)","片親,かたおや",,Guess the Antonym,Image
"互角 (ごかく)`五分五分 (ごぶごぶ)","段違い,だんちがい",,Guess the Antonym,Image
"些事 (さじ)`些事・瑣事 (さじ)","大事,だいじ",,Guess the Antonym,Image
"亡 (ぼう)","存,そん,興,こう",,Guess the Antonym,Image
"亡びる (ほろびる)`滅びる (ほろびる)`滅びる・亡びる (ほろびる)","興る,おこる",,Guess the Antonym,Image
"亡ぼす (ほろぼす)`滅ぼす (ほろぼす)`滅ぼす・亡ぼす (ほろぼす)","興す,おこす",,Guess the Antonym,Image
"亢奮 (こうふん)`昂奮 (こうふん)`興奮 (こうふん)`興奮・昂奮・亢奮 (こうふん)","鎮静,ちんせい",,Guess the Antonym,Image
"交流 (こうりゅう)","直流,ちょくりゅう",,Guess the Antonym,Image
"京侍 (きょうざむらい)","田舎侍,いなかざむらい",,Guess the Antonym,Image
"京女 (きょうおんな)","東男,あずまおとこ",,Guess the Antonym,Image
"亭主 (ていしゅ)","女房,にょうぼう",,Guess the Antonym,Image
"亭主関白 (ていしゅかんぱく)","嚊天下,かかあでんか,嚊天下・嬶天下,かかあでんか,嬶天下,かかあでんか",,Guess the Antonym,Image
"人工 (じんこう)","天然,てんねん,自然,しぜん",,Guess the Antonym,Image
"人災 (じんさい)","天災,てんさい",,Guess the Antonym,Image
"人為 (じんい)","天為,てんい",,Guess the Antonym,Image
"人為淘汰 (じんいとうた)","自然淘汰,しぜんとうた",,Guess the Antonym,Image
"人爵 (じんしゃく)","天爵,てんしゃく",,Guess the Antonym,Image
"人証 (じんしょう)","書証,しょしょう,物証,ぶっしょう",,Guess the Antonym,Image
"人造 (じんぞう)","天然,てんねん",,Guess the Antonym,Image
"人間業 (にんげんわざ)","神業,かみわざ",,Guess the Antonym,Image
"仁君 (じんくん)","暴君,ぼうくん",,Guess the Antonym,Image
"仁政 (じんせい)","苛政,かせい",,Guess the Antonym,Image
"仄か (ほのか)","定か,さだか,明か,さやか,明らか,あきらか,清か,さやか",,Guess the Antonym,Image
"仇敵 (きゅうてき)","恩人,おんじん",,Guess the Antonym,Image
"今 (いま)","古,いにしえ,昔,むかし",,Guess the Antonym,Image
"今 (きん)","古,こ",,Guess the Antonym,Image
"今 (こん)","古,こ,昔,せき",,Guess the Antonym,Image
"今人 (こんじん)","先人,せんじん",,Guess the Antonym,Image
"今回 (こんかい)","前回,ぜんかい,次回,じかい",,Guess the Antonym,Image
"今夜 (こんや)","今朝,けさ,明夜,みょうや,昨夜,さくや",,Guess the Antonym,Image
"今度 (こんど)","先度,せんど",,Guess the Antonym,Image
"今後 (こんご)","従来,じゅうらい",,Guess the Antonym,Image
"今晩 (こんばん)","明晩,みょうばん,昨晩,さくばん",,Guess the Antonym,Image
"今月 (こんげつ)","先月,せんげつ,来月,らいげつ",,Guess the Antonym,Image
"今期 (こんき)","前期,ぜんき,来期,らいき,次期,じき",,Guess the Antonym,Image
"今生 (こんじょう)","他生,たしょう",,Guess the Antonym,Image
"今般 (こんぱん)","先般,せんぱん",,Guess the Antonym,Image
"介入 (かいにゅう)","傍観,ぼうかん",,Guess the Antonym,Image
"仕入れる (しいれる)","卸す,おろす",,Guess the Antonym,Image
"仕種 (しぐさ)`仕草 (しぐさ)","台詞・科白,せりふ",,Guess the Antonym,Image
"仕舞い湯 (しまいゆ)","新湯,あらゆ,新湯,さらゆ,新湯・更湯,さらゆ,更湯,さらゆ",,Guess the Antonym,Image
"仕草・仕種 (しぐさ)","台詞,せりふ,科白,せりふ",,Guess the Antonym,Image
"他 (た)","自,じ",,Guess the Antonym,Image
"他人 (たにん)","自分,じぶん,身内,みうち",,Guess the Antonym,Image
"他人資本 (たにんしほん)","自己資本,じこしほん",,Guess the Antonym,Image
"他家 (たけ)","当家,とうけ",,Guess the Antonym,Image
"他店 (たてん)","当店,とうてん",,Guess the Antonym,Image
"他校 (たこう)","当校,とうこう",,Guess the Antonym,Image
"他流 (たりゅう)","同流,どうりゅう",,Guess the Antonym,Image
"他社 (たしゃ)","当社,とうしゃ",,Guess the Antonym,Image
"他門 (たもん)","同門,どうもん",,Guess the Antonym,Image
"付く (つく)","取れる,とれる",,Guess the Antonym,Image
"付け値 (つけね)","言い値,いいね",,Guess the Antonym,Image
"付与 (ふよ)`付与・附与 (ふよ)","剥奪,はくだつ",,Guess the Antonym,Image
"付則 (ふそく)`付則・附則 (ふそく)","本則,ほんそく",,Guess the Antonym,Image
"付加 (ふか)`付加・附加 (ふか)","削除,さくじょ",,Guess the Antonym,Image
"付属語 (ふぞくご)","自立語,じりつご",,Guess the Antonym,Image
"付録 (ふろく)","本紙,ほんし",,Guess the Antonym,Image
"付録・附録 (ふろく)","本紙,ほんし,本誌,ほんし",,Guess the Antonym,Image
"代作 (だいさく)","自作,じさく",,Guess the Antonym,Image
"代書 (だいしょ)","自書,じしょ",,Guess the Antonym,Image
"代理人 (だいりにん)`代人 (だいにん)","本人,ほんにん",,Guess the Antonym,Image
"代筆 (だいひつ)","直筆,じきひつ,自筆,じひつ",,Guess the Antonym,Image
"代署 (だいしょ)","自署,じしょ",,Guess the Antonym,Image
"令厳 (れいげん)","令慈,れいじ",,Guess the Antonym,Image
"令嬢 (れいじょう)","令息,れいそく",,Guess the Antonym,Image
"以前 (いぜん)","以降,いこう",,Guess the Antonym,Image
"以往 (いおう)","既往,きおう",,Guess the Antonym,Image
"仮 (か)`偽 (ぎ)","真,しん",,Guess the Antonym,Image
"仮名 (かめい)`偽名 (ぎめい)","実名,じつめい,本名,ほんみょう",,Guess the Antonym,Image
"仮名 (けみょう)","実名,じつみょう",,Guess the Antonym,Image
"仮名・仮字 (かな)`仮字 (かな)","真名,まな",,Guess the Antonym,Image
"仮寓 (かぐう)","永住,えいじゅう",,Guess the Antonym,Image
"仮採用 (かりさいよう)","本採用,ほんさいよう",,Guess the Antonym,Image
"仮普請 (かりぶしん)","本普請,ほんぶしん",,Guess the Antonym,Image
"仮有 (けう)","実有,じつう",,Guess the Antonym,Image
"仮植 (かしょく)","定植,ていしょく",,Guess the Antonym,Image
"仮法 (けほう)","実法,じっぽう",,Guess the Antonym,Image
"仮相 (かそう)","実相,じっそう",,Guess the Antonym,Image
"仮綴じ (かりとじ)","本綴じ,ほんとじ",,Guess the Antonym,Image
"仮縫い (かりぬい)`下縫い (したぬい)","本縫い,ほんぬい",,Guess the Antonym,Image
"仮葬 (かりそう)`仮葬 (かそう)`密葬 (みっそう)","本葬,ほんそう",,Guess the Antonym,Image
"仮設 (かせつ)","常設,じょうせつ",,Guess the Antonym,Image
"仮説 (かせつ)","定説,ていせつ",,Guess the Antonym,Image
"仮遷宮 (かりせんぐう)","正遷宮,しょうせんぐう",,Guess the Antonym,Image
"仰 (ぎょう)","俯,ふ",,Guess the Antonym,Image
"仰ぐ (あおぐ)","伏す,ふす,俯く,うつむく,蔑む,さげすむ,蔑む・貶む,さげすむ,貶む,さげすむ",,Guess the Antonym,Image
"仰のけ (あおのけ)`仰向け (あおむけ)","俯け,うつむけ,俯せ,うつぶせ",,Guess the Antonym,Image
"仰向き (あおむき)","俯き,うつむき,俯せ,うつぶせ",,Guess the Antonym,Image
"仰向く (あおむく)`仰のく (あおのく)","俯く,うつむく",,Guess the Antonym,Image
"仰望 (ぎょうぼう)","俯瞰,ふかん",,Guess the Antonym,Image
"仰臥 (ぎょうが)","伏臥,ふくが",,Guess the Antonym,Image
"仲直り (なかなおり)","仲違い,なかたがい",,Guess the Antonym,Image
"任 (にん)","免,めん",,Guess the Antonym,Image
"任命 (にんめい)","罷免,ひめん,解任,かいにん",,Guess the Antonym,Image
"任命制 (にんめいせい)","公選制,こうせんせい",,Guess the Antonym,Image
"任官 (にんかん)","退官,たいかん",,Guess the Antonym,Image
"任意 (にんい)","強制,きょうせい",,Guess the Antonym,Image
"任用 (にんよう)`委任 (いにん)","解任,かいにん",,Guess the Antonym,Image
"休刊 (きゅうかん)","復刊,ふっかん",,Guess the Antonym,Image
"休日 (きゅうじつ)","平日,へいじつ",,Guess the Antonym,Image
"休演 (きゅうえん)","出演,しゅつえん",,Guess the Antonym,Image
"休職 (きゅうしょく)","復職,ふくしょく",,Guess the Antonym,Image
"休講 (きゅうこう)","出講,しゅっこう",,Guess the Antonym,Image
"会う (あう)","別れる,わかれる",,Guess the Antonym,Image
"会する (かいする)","散じる,さんじる,散ずる,さんずる",,Guess the Antonym,Image
"伯 (はく)","叔,しゅく",,Guess the Antonym,Image
"伯仲 (はくちゅう)","圧倒,あっとう,懸隔,けんかく",,Guess the Antonym,Image
"伸 (しん)","屈,くつ,縮,しゅく",,Guess the Antonym,Image
"伸ばす (のばす)","屈める,かがめる,曲げる,まげる,縮める,ちぢめる",,Guess the Antonym,Image
"伸びる (のびる)","屈む,かがむ,縮む,ちぢむ",,Guess the Antonym,Image
"伸張 (しんちょう)`伸長 (しんちょう)","屈曲,くっきょく",,Guess the Antonym,Image
"低 (てい)`安 (あん)","高,こう",,Guess the Antonym,Image
"低め・低目 (ひくめ)","高め,たかめ,高目,たかめ",,Guess the Antonym,Image
"低下 (ていか)","向上,こうじょう",,Guess the Antonym,Image
"低俗 (ていぞく)`卑俗 (ひぞく)","高尚,こうしょう,高雅,こうが",,Guess the Antonym,Image
"低目 (ひくめ)`低め (ひくめ)`安め (やすめ)`安目 (やすめ)","高め・高目,たかめ",,Guess the Antonym,Image
"低落 (ていらく)","高騰・昂騰,こうとう",,Guess the Antonym,Image
"住み込み (すみこみ)`住み込み・住込み (すみこみ)`住込み (すみこみ)","通い,かよい",,Guess the Antonym,Image
"佐幕 (さばく)","勤王,きんのう,勤皇,きんのう,勤皇・勤王,きんのう",,Guess the Antonym,Image
"体力 (たいりょく)","気力,きりょく",,Guess the Antonym,Image
"体育 (たいいく)","徳育,とくいく,知育,ちいく",,Guess the Antonym,Image
"体言 (たいげん)","用言,ようげん",,Guess the Antonym,Image
"体読 (たいどく)","色読,しきどく",,Guess the Antonym,Image
"体質 (たいしつ)","気質,きしつ",,Guess the Antonym,Image
"何時に無く (いつになく)","相変わらず,あいかわらず",,Guess the Antonym,Image
"何時も (いつも)","偶に,たまに,稀に,まれに",,Guess the Antonym,Image
"余る (あまる)`余る・剰る (あまる)`剰る (あまる)","足りない,たりない",,Guess the Antonym,Image
"余寒 (よかん)","残暑,ざんしょ",,Guess the Antonym,Image
"余慶 (よけい)","余殃,よおう",,Guess the Antonym,Image
"余所余所しい (よそよそしい)","馴れ馴れしい,なれなれしい",,Guess the Antonym,Image
"作り声 (つくりごえ)","地声,じごえ",,Guess the Antonym,Image
"作り話 (つくりばなし)","実話,じつわ",,Guess the Antonym,Image
"作為 (さくい)","無作為,むさくい",,Guess the Antonym,Image
"作用 (さよう)","反作用,はんさよう",,Guess the Antonym,Image
"佞臣 (ねいしん)","諫臣,かんしん",,Guess the Antonym,Image
"佳作 (かさく)","凡作,ぼんさく,駄作,ださく",,Guess the Antonym,Image
"使用人 (しようにん)","使用者,しようしゃ",,Guess the Antonym,Image
"例外 (れいがい)","原則,げんそく",,Guess the Antonym,Image
"供給 (きょうきゅう)","需要,じゅよう",,Guess the Antonym,Image
"供血 (きょうけつ)","輸血,ゆけつ",,Guess the Antonym,Image
"供述 (きょうじゅつ)","黙秘,もくひ",,Guess the Antonym,Image
"依存 (いぞん)","自立,じりつ",,Guess the Antonym,Image
"依頼心 (いらいしん)","独立心,どくりつしん,自立心,じりつしん",,Guess the Antonym,Image
"依願免職 (いがんめんしょく)","懲戒免職,ちょうかいめんしょく",,Guess the Antonym,Image
"侠気 (おとこぎ)","女気,おんなぎ",,Guess the Antonym,Image
"侮る (あなどる)","崇める,あがめる,敬う,うやまう",,Guess the Antonym,Image
"侮蔑 (ぶべつ)","尊敬,そんけい",,Guess the Antonym,Image
"侵害 (しんがい)","擁護,ようご",,Guess the Antonym,Image
"促成栽培 (そくせいさいばい)","抑制栽培,よくせいさいばい",,Guess the Antonym,Image
"促進 (そくしん)","抑制,よくせい",,Guess the Antonym,Image
"俊敏 (しゅんびん)`穎悟 (えいご)","魯鈍,ろどん",,Guess the Antonym,Image
"俊足 (しゅんそく)","鈍足,どんそく",,Guess the Antonym,Image
"俗 (ぞく)","僧,そう,雅,が",,Guess the Antonym,Image
"俗僧 (ぞくそう)`下僧 (げそう)","高僧,こうそう",,Guess the Antonym,Image
"俗名 (ぞくみょう)","戒名,かいみょう,法名,ほうみょう",,Guess the Antonym,Image
"俗吏 (ぞくり)","能吏,のうり",,Guess the Antonym,Image
"俗字 (ぞくじ)","正字,せいじ",,Guess the Antonym,Image
"俗悪 (ぞくあく)","優美,ゆうび",,Guess the Antonym,Image
"俗称 (ぞくしょう)","正称,せいしょう",,Guess the Antonym,Image
"俗諦 (ぞくたい)","真諦,しんたい",,Guess the Antonym,Image
"俚び (さとび)","雅び,みやび",,Guess the Antonym,Image
"俚ぶ (さとぶ)","雅ぶ,みやぶ",,Guess the Antonym,Image
"俚言 (りげん)","雅言,がげん",,Guess the Antonym,Image
"俚語 (りご)`卑語 (ひご)`卑語・鄙語 (ひご)`鄙語 (ひご)","雅語,がご",,Guess the Antonym,Image
"保守 (ほしゅ)","革新,かくしん",,Guess the Antonym,Image
"保守的 (ほしゅてき)","進歩的,しんぽてき",,Guess the Antonym,Image
"保持 (ほじ)","放棄,ほうき",,Guess the Antonym,Image
"保護色 (ほごしょく)","警戒色,けいかいしょく",,Guess the Antonym,Image
"保護貿易 (ほごぼうえき)","自由貿易,じゆうぼうえき",,Guess the Antonym,Image
"保険料 (ほけんりょう)","保険金,ほけんきん",,Guess the Antonym,Image
"保険者 (ほけんしゃ)","被保険者,ひほけんしゃ",,Guess the Antonym,Image
"信 (しん)","疑,ぎ",,Guess the Antonym,Image
"信じる (しんじる)","疑う,うたがう",,Guess the Antonym,Image
"信士 (しんじ)","信女,しんにょ",,Guess the Antonym,Image
"信用 (しんよう)","疑惑,ぎわく",,Guess the Antonym,Image
"修正案 (しゅうせいあん)","原案,げんあん",,Guess the Antonym,Image
"修理 (しゅうり)","破損,はそん",,Guess the Antonym,Image
"個人 (こじん)","団体,だんたい",,Guess the Antonym,Image
"個人主義 (こじんしゅぎ)","全体主義,ぜんたいしゅぎ",,Guess the Antonym,Image
"個別指導 (こべつしどう)","集団指導,しゅうだんしどう",,Guess the Antonym,Image
"個別的 (こべつてき)","全般的,ぜんぱんてき,総括的,そうかつてき",,Guess the Antonym,Image
"倍増 (ばいぞう)","半減,はんげん",,Guess the Antonym,Image
"倍数 (ばいすう)","約数,やくすう",,Guess the Antonym,Image
"候鳥 (こうちょう)","留鳥,りゅうちょう",,Guess the Antonym,Image
"借 (しゃく)","貸,たい",,Guess the Antonym,Image
"借り (かり)","貸し,かし",,Guess the Antonym,Image
"借りる (かりる)","貸す,かす,返す,かえす",,Guess the Antonym,Image
"借り上げる (かりあげる)","貸し下げる,かしさげる",,Guess the Antonym,Image
"借り主 (かりぬし)","貸し主・貸主,かしぬし,貸主,かしぬし",,Guess the Antonym,Image
"借り入れ (かりいれ)","貸し付け,かしつけ,貸し出し,かしだし",,Guess the Antonym,Image
"借り入れる・借入れる (かりいれる)","貸し付ける,かしつける,貸し出す,かしだす,貸付ける,かしつける,貸出す,かしだす",,Guess the Antonym,Image
"借り切り (かりきり)","貸し切り・貸切り,かしきり,貸切り,かしきり",,Guess the Antonym,Image
"借り手・借手 (かりて)","貸し手,かして,貸手,かして",,Guess the Antonym,Image
"借り方・借方 (かりかた)","貸し方,かしかた,貸方,かしかた",,Guess the Antonym,Image
"借り賃・借賃 (かりちん)","貸し賃,かしちん,貸賃,かしちん",,Guess the Antonym,Image
"借り越す・借越す (かりこす)","貸し越す,かしこす,貸越す,かしこす",,Guess the Antonym,Image
"借入れる (かりいれる)`借り入れる (かりいれる)","貸し付ける・貸付ける,かしつける",,Guess the Antonym,Image
"借入金 (かりいれきん)","貸付金,かしつけきん",,Guess the Antonym,Image
"借手 (かりて)`借り手 (かりて)","貸し手・貸手,かして",,Guess the Antonym,Image
"借方 (かりかた)`借り方 (かりかた)","貸し方・貸方,かしかた",,Guess the Antonym,Image
"借用 (しゃくよう)","貸与,たいよ,返済,へんさい",,Guess the Antonym,Image
"借覧 (しゃくらん)","購読,こうどく",,Guess the Antonym,Image
"借賃 (かりちん)`借り賃 (かりちん)","貸し賃・貸賃,かしちん",,Guess the Antonym,Image
"借越す (かりこす)`借り越す (かりこす)","貸し越す・貸越す,かしこす",,Guess the Antonym,Image
"倨傲 (きょごう)","恭謙,きょうけん",,Guess the Antonym,Image
"倹約 (けんやく)","浪費,ろうひ",,Guess the Antonym,Image
"偉大 (いだい)","凡庸,ぼんよう,卑小,ひしょう",,Guess the Antonym,Image
"偉才 (いさい)","凡才,ぼんさい,無才,むさい,菲才,ひさい,鈍才,どんさい,非才,ひさい,非才・菲才,ひさい",,Guess the Antonym,Image
"偉者 (えらもの)","只者,ただもの,只者・徒者,ただもの,徒者,ただもの",,Guess the Antonym,Image
"偏 (へん)","旁,つくり",,Guess the Antonym,Image
"偏人 (へんじん)`変人 (へんじん)`変人・偏人 (へんじん)`奇人 (きじん)","常人,じょうじん",,Guess the Antonym,Image
"偏在 (へんざい)","遍在,へんざい",,Guess the Antonym,Image
"偏愛 (へんあい)","兼愛,けんあい,博愛,はくあい",,Guess the Antonym,Image
"偏狭 (へんきょう)","寛容,かんよう",,Guess the Antonym,Image
"停める (とどめる)`止める (とどめる)`止める・留める・停める (とどめる)`留める (とどめる)","移す,うつす",,Guess the Antonym,Image
"停学 (ていがく)`休学 (きゅうがく)","復学,ふくがく",,Guess the Antonym,Image
"停止 (ていし)","進行,しんこう",,Guess the Antonym,Image
"停滞 (ていたい)","進捗,しんちょく",,Guess the Antonym,Image
"停車 (ていしゃ)","発車,はっしゃ",,Guess the Antonym,Image
"停頓 (ていとん)","進展,しんてん",,Guess the Antonym,Image
"健全 (けんぜん)","病的,びょうてき",,Guess the Antonym,Image
"健康 (けんこう)","病弱,びょうじゃく,病気,びょうき",,Guess the Antonym,Image
"側室 (そくしつ)","嫡室,ちゃくしつ,正室,せいしつ",,Guess the Antonym,Image
"偶 (ぐう)","奇,き",,Guess the Antonym,Image
"偶然 (ぐうぜん)","必然,ひつぜん",,Guess the Antonym,Image
"偽り (いつわり)","実,まこと,真,まこと,誠,まこと,誠・真・実,まこと",,Guess the Antonym,Image
"偽物 (ぎぶつ)","正物,しょうぶつ",,Guess the Antonym,Image
"偽物 (にせもの)`偽物・贋物 (にせもの)","本物,ほんもの",,Guess the Antonym,Image
"傍系 (ぼうけい)","直系,ちょっけい",,Guess the Antonym,Image
"傑人 (けつじん)`偉人 (いじん)","凡人,ぼんじん,常人,じょうじん",,Guess the Antonym,Image
"傑作 (けっさく)","凡作,ぼんさく,愚作,ぐさく,拙作,せっさく,駄作,ださく",,Guess the Antonym,Image
"傑物 (けつぶつ)","凡人,ぼんじん,愚物,ぐぶつ,鈍物,どんぶつ",,Guess the Antonym,Image
"備える (そなえる)","欠く,かく",,Guess the Antonym,Image
"備品 (びひん)","消耗品,しょうもうひん",,Guess the Antonym,Image
"備蓄 (びちく)","放出,ほうしゅつ",,Guess the Antonym,Image
"催眠剤 (さいみんざい)","覚醒剤,かくせいざい",,Guess the Antonym,Image
"傲る (おごる)`威張る (いばる)","遜る,へりくだる",,Guess the Antonym,Image
"傲慢 (ごうまん)","恭謙,きょうけん,謙虚,けんきょ",,Guess the Antonym,Image
"債務 (さいむ)","債権,さいけん",,Guess the Antonym,Image
"僅か (わずか)","数多,あまた",,Guess the Antonym,Image
"僅少 (きんしょう)","膨大,ぼうだい,莫大,ばくだい",,Guess the Antonym,Image
"僅差 (きんさ)","大差,たいさ",,Guess the Antonym,Image
"働き者 (はたらきもの)","怠け者,なまけもの",,Guess the Antonym,Image
"僕 (ぼく)","君,きみ",,Guess the Antonym,Image
"僥倖 (ぎょうこう)","奇禍,きか",,Guess the Antonym,Image
"優 (ゆう)","劣,れつ",,Guess the Antonym,Image
"優しい (やさしい)","厳しい,きびしい",,Guess the Antonym,Image
"優れる (すぐれる)`優れる・勝れる (すぐれる)","劣る,おとる",,Guess the Antonym,Image
"優勝 (ゆうしょう)","劣敗,れっぱい",,Guess the Antonym,Image
"優婆塞 (うばそく)","優婆夷,うばい",,Guess the Antonym,Image
"優柔不断 (ゆうじゅうふだん)","果断,かだん",,Guess the Antonym,Image
"優良 (ゆうりょう)","劣悪,れつあく",,Guess the Antonym,Image
"優越感 (ゆうえつかん)","劣等感,れっとうかん",,Guess the Antonym,Image
"優遇 (ゆうぐう)","冷遇,れいぐう",,Guess the Antonym,Image
"優雅 (ゆうが)","粗野,そや",,Guess the Antonym,Image
"元のえ (もとのえ)","末のえ,すえのえ",,Guess the Antonym,Image
"元値 (もとね)","売り値・売値,うりね",,Guess the Antonym,Image
"元日 (がんじつ)","大晦日,おおみそか",,Guess the Antonym,Image
"元祖 (がんそ)","末孫,まっそん・ばっそん",,Guess the Antonym,Image
"元綱 (もとづな)","先綱,さきづな",,Guess the Antonym,Image
"元肥 (もとごえ)`基肥 (もとごえ)`基肥・元肥 (もとごえ)","追い肥,おいごえ",,Guess the Antonym,Image
"元込め (もとごめ)","先込め,さきごめ",,Guess the Antonym,Image
"元金 (がんきん)`元金 (もときん)","利子,りし,利息,りそく",,Guess the Antonym,Image
"兄姉 (けいし)","弟妹,ていまい",,Guess the Antonym,Image
"兄嫁 (あによめ)","姉婿,あねむこ",,Guess the Antonym,Image
"兄嫁・嫂 (あによめ)","姉婿,あねむこ,弟嫁,おとうとよめ",,Guess the Antonym,Image
"兄山 (せやま)","妹山,いもやま",,Guess the Antonym,Image
"兄弟 (きょうだい)","姉妹,しまい",,Guess the Antonym,Image
"兄弟子 (あにでし)","弟弟子,おとうとでし",,Guess the Antonym,Image
"兄貴 (あにき)","姉御,あねご,姉御・姐御,あねご,姐御,あねご",,Guess the Antonym,Image
"兄貴分 (あにきぶん)","弟分,おとうとぶん",,Guess the Antonym,Image
"充実 (じゅうじつ)","空虚,くうきょ",,Guess the Antonym,Image
"充足 (じゅうそく)","欠乏,けつぼう",,Guess the Antonym,Image
"充電 (じゅうでん)","放電,ほうでん",,Guess the Antonym,Image
"先 (さき)","後,あと,後,のち",,Guess the Antonym,Image
"先んじる (さきんじる)`先立つ (さきだつ)","後れる,おくれる",,Guess the Antonym,Image
"先代 (せんだい)","当主,とうしゅ,当代,とうだい",,Guess the Antonym,Image
"先住 (せんじゅう)","当住,とうじゅう",,Guess the Antonym,Image
"先借 (さきがり)`先借り (さきがり)","先貸し・先貸,さきがし",,Guess the Antonym,Image
"先借り・先借 (さきがり)","先貸,さきがし,先貸し,さきがし",,Guess the Antonym,Image
"先先月 (せんせんげつ)","再来月,さらいげつ",,Guess the Antonym,Image
"先先週 (せんせんしゅう)","再来週,さらいしゅう",,Guess the Antonym,Image
"先史時代 (せんしじだい)","有史時代,ゆうしじだい,歴史時代,れきしじだい",,Guess the Antonym,Image
"先妣 (せんぴ)","先考,せんこう",,Guess the Antonym,Image
"先導 (せんどう)","後従,こうじゅう",,Guess the Antonym,Image
"先山・前山 (さきやま)","後山,あとやま",,Guess the Antonym,Image
"先帝 (せんてい)","新帝,しんてい",,Guess the Antonym,Image
"先方 (せんぽう)","当方,とうほう",,Guess the Antonym,Image
"先月 (せんげつ)","来月,らいげつ",,Guess the Antonym,Image
"先物 (さきもの)","現物,げんぶつ",,Guess the Antonym,Image
"先祖 (せんぞ)","子孫,しそん,後裔,こうえい",,Guess the Antonym,Image
"先端・尖端 (せんたん)","後端,こうたん,末端,まったん",,Guess the Antonym,Image
"先腹 (さきばら)","追い腹,おいばら",,Guess the Antonym,Image
"先送り (さきおくり)","前倒し,まえだおし",,Guess the Antonym,Image
"先頭 (せんとう)","後尾,こうび",,Guess the Antonym,Image
"先駆け (さきがけ)`先駆け・魁 (さきがけ)","殿,しんがり",,Guess the Antonym,Image
"光 (こう)","闇,あん",,Guess the Antonym,Image
"光 (ひかり)","影,かげ,闇,やみ",,Guess the Antonym,Image
"光明 (こうみょう)","暗黒,あんこく,暗黒・闇黒,あんこく,闇黒,あんこく",,Guess the Antonym,Image
"克己 (こっき)","放縦,ほうじゅう",,Guess the Antonym,Image
"免れる (まぬがれる・まぬかれる)","蒙る,こうむる,被る,こうむる,被る・蒙る,こうむる",,Guess the Antonym,Image
"免税 (めんぜい)","課税,かぜい",,Guess the Antonym,Image
"入 (にゅう)","出,しゅつ",,Guess the Antonym,Image
"入り (いり)","出,で",,Guess the Antonym,Image
"入り浜・入浜 (いりはま)","揚げ浜,あげはま,揚浜,あげはま",,Guess the Antonym,Image
"入る・這入る (はいる)","出る,でる",,Guess the Antonym,Image
"入れる (いれる)`入れる・容れる (いれる)","出す,だす",,Guess the Antonym,Image
"入京 (にゅうきょう)","退京,たいきょう",,Guess the Antonym,Image
"入会 (にゅうかい)","脱会,だっかい,退会,たいかい",,Guess the Antonym,Image
"入党 (にゅうとう)","脱党,だっとう,離党,りとう",,Guess the Antonym,Image
"入団 (にゅうだん)","退団,たいだん",,Guess the Antonym,Image
"入場 (にゅうじょう)`登場 (とうじょう)","退場,たいじょう",,Guess the Antonym,Image
"入塾 (にゅうじゅく)","退塾,たいじゅく",,Guess the Antonym,Image
"入学 (にゅうがく)","卒業,そつぎょう,退学,たいがく",,Guess the Antonym,Image
"入室 (にゅうしつ)","退室,たいしつ",,Guess the Antonym,Image
"入寮 (にゅうりょう)","退寮,たいりょう",,Guess the Antonym,Image
"入所 (にゅうしょ)","退所,たいしょ",,Guess the Antonym,Image
"入札 (にゅうさつ)","落札,らくさつ",,Guess the Antonym,Image
"入校 (にゅうこう)","退校,たいこう",,Guess the Antonym,Image
"入浜 (いりはま)`入り浜 (いりはま)","揚げ浜・揚浜,あげはま",,Guess the Antonym,Image
"入相の鐘 (いりあいのかね)","明けの鐘,あけのかね",,Guess the Antonym,Image
"入社 (にゅうしゃ)`出社 (しゅっしゃ)","退社,たいしゃ",,Guess the Antonym,Image
"入籍 (にゅうせき)","除籍,じょせき",,Guess the Antonym,Image
"入選 (にゅうせん)","落選,らくせん,選外,せんがい",,Guess the Antonym,Image
"入部 (にゅうぶ)","退部,たいぶ",,Guess the Antonym,Image
"入門 (にゅうもん)","破門,はもん",,Guess the Antonym,Image
"入院 (にゅういん)`登院 (とういん)","退院,たいいん",,Guess the Antonym,Image
"入院患者 (にゅういんかんじゃ)","外来患者,がいらいかんじゃ",,Guess the Antonym,Image
"入隊 (にゅうたい)","除隊,じょたい",,Guess the Antonym,Image
"全休 (ぜんきゅう)","皆勤,かいきん",,Guess the Antonym,Image
"全体 (ぜんたい)","部分,ぶぶん",,Guess the Antonym,Image
"全国紙 (ぜんこくし)","地方紙,ちほうし",,Guess the Antonym,Image
"全数調査 (ぜんすうちょうさ)","標本調査,ひょうほんちょうさ",,Guess the Antonym,Image
"全納 (ぜんのう)","分納,ぶんのう",,Guess the Antonym,Image
"全身 (ぜんしん)","局所,きょくしょ,局部,きょくぶ",,Guess the Antonym,Image
"全面的 (ぜんめんてき)","部分的,ぶぶんてき",,Guess the Antonym,Image
"公 (おおやけ)","私,わたくし",,Guess the Antonym,Image
"公 (こう)","私,し",,Guess the Antonym,Image
"公僕精神 (こうぼくせいしん)","役人根性,やくにんこんじょう",,Guess the Antonym,Image
"公共事業 (こうきょうじぎょう)","営利事業,えいりじぎょう",,Guess the Antonym,Image
"公共心 (こうきょうしん)","利己心,りこしん",,Guess the Antonym,Image
"公共放送 (こうきょうほうそう)","民間放送,みんかんほうそう",,Guess the Antonym,Image
"公吏 (こうり)","官吏,かんり",,Guess the Antonym,Image
"公営 (こうえい)`国営 (こくえい)","民営,みんえい",,Guess the Antonym,Image
"公家 (くげ)","武家,ぶけ",,Guess the Antonym,Image
"公式 (こうしき)","非公式,ひこうしき",,Guess the Antonym,Image
"公正証書 (こうせいしょうしょ)","私署証書,ししょしょうしょ",,Guess the Antonym,Image
"公海 (こうかい)","領海,りょうかい",,Guess the Antonym,Image
"公然 (こうぜん)","内密,ないみつ",,Guess the Antonym,Image
"公示 (こうじ)","内示,ないじ",,Guess the Antonym,Image
"公認 (こうにん)","黙許,もっきょ・もくきょ,黙認,もくにん",,Guess the Antonym,Image
"公費 (こうひ)","自費,じひ",,Guess the Antonym,Image
"公転 (こうてん)","自転,じてん",,Guess the Antonym,Image
"公選 (こうせん)","官選,かんせん",,Guess the Antonym,Image
"公開 (こうかい)","秘匿,ひとく,秘密,ひみつ,非公開,ひこうかい",,Guess the Antonym,Image
"共同 (きょうどう)","単独,たんどく",,Guess the Antonym,Image
"共同社会 (きょうどうしゃかい)","利益社会,りえきしゃかい",,Guess the Antonym,Image
"共学 (きょうがく)","別学,べつがく",,Guess the Antonym,Image
"共時的 (きょうじてき)","通時的,つうじてき",,Guess the Antonym,Image
"共有 (きょうゆう)","専有,せんゆう",,Guess the Antonym,Image
"共演 (きょうえん)","独演,どくえん",,Guess the Antonym,Image
"共犯 (きょうはん)","単独犯,たんどくはん",,Guess the Antonym,Image
"共著 (きょうちょ)","単著,たんちょ",,Guess the Antonym,Image
"共通 (きょうつう)","固有,こゆう,特有,とくゆう,独特,どくとく",,Guess the Antonym,Image
"共通語 (きょうつうご)","方言,ほうげん",,Guess the Antonym,Image
"其奴 (そいつ)","彼奴,あいつ,此奴,こいつ",,Guess the Antonym,Image
"具体 (ぐたい)`具象 (ぐしょう)","抽象,ちゅうしょう",,Guess the Antonym,Image
"具備 (ぐび)","欠如,けつじょ",,Guess the Antonym,Image
"兼任 (けんにん)","専任,せんにん",,Guess the Antonym,Image
"兼修 (けんしゅう)","専修,せんしゅう",,Guess the Antonym,Image
"兼務 (けんむ)","本務,ほんむ",,Guess the Antonym,Image
"兼業 (けんぎょう)","専業,せんぎょう,本業,ほんぎょう",,Guess the Antonym,Image
"兼用 (けんよう)`共用 (きょうよう)","専用,せんよう",,Guess the Antonym,Image
"兼題 (けんだい)","即題,そくだい,席題,せきだい",,Guess the Antonym,Image
"内 (ない)","外,がい",,Guess the Antonym,Image
"内助 (ないじょ)","外援,がいえん",,Guess the Antonym,Image
"内包 (ないほう)","外延,がいえん",,Guess the Antonym,Image
"内地米 (ないちまい)","外米,がいまい",,Guess the Antonym,Image
"内堀・内濠 (うちぼり)","外堀,そとぼり,外濠,そとぼり",,Guess the Antonym,Image
"内妻 (ないさい)","本妻,ほんさい,正妻,せいさい",,Guess the Antonym,Image
"内実 (ないじつ)","外見,がいけん,外観,がいかん,表向き,おもてむき",,Guess the Antonym,Image
"内容 (ないよう)`実質 (じっしつ)","形式,けいしき",,Guess the Antonym,Image
"内廓 (ないかく)`内郭 (ないかく)","外郭・外廓,がいかく",,Guess the Antonym,Image
"内心 (ないしん)","外見,がいけん,外面,げめん",,Guess the Antonym,Image
"内患 (ないかん)","外憂,がいゆう",,Guess the Antonym,Image
"内憂 (ないゆう)","外患,がいかん",,Guess the Antonym,Image
"内政 (ないせい)`内治 (ないち)","外交,がいこう",,Guess the Antonym,Image
"内服薬 (ないふくやく)","外用薬,がいようやく",,Guess the Antonym,Image
"内柔外剛 (ないじゅうがいごう)","外柔内剛,がいじゅうないごう",,Guess the Antonym,Image
"内気 (うちき)","勝ち気,かちき,勝ち気・勝気,かちき,勝気,かちき",,Guess the Antonym,Image
"内沙汰 (うちざた)","表沙汰,おもてざた",,Guess the Antonym,Image
"内湯 (うちゆ)","総湯,そうゆ",,Guess the Antonym,Image
"内濠 (うちぼり)`内堀 (うちぼり)","外堀・外濠,そとぼり",,Guess the Antonym,Image
"内玄関 (うちげんかん)","表玄関,おもてげんかん",,Guess the Antonym,Image
"内稽古 (うちげいこ)","出稽古,でげいこ",,Guess the Antonym,Image
"内篇 (ないへん)`内編 (ないへん)","外編・外篇,がいへん",,Guess the Antonym,Image
"内編・内篇 (ないへん)","外篇,がいへん,外編,がいへん",,Guess the Antonym,Image
"内職 (ないしょく)`兼職 (けんしょく)","本職,ほんしょく",,Guess the Antonym,Image
"内腿 (うちもも)`内腿・内股 (うちもも)","外股,そともも",,Guess the Antonym,Image
"内親王 (ないしんのう)","親王,しんのう",,Guess the Antonym,Image
"内郭・内廓 (ないかく)","外廓,がいかく,外郭,がいかく",,Guess the Antonym,Image
"円 (えん)","方,ほう",,Guess the Antonym,Image
"円柱 (えんちゅう)","角柱,かくちゅう",,Guess the Antonym,Image
"円熟 (えんじゅく)`完熟 (かんじゅく)`成熟 (せいじゅく)","未熟,みじゅく",,Guess the Antonym,Image
"円錐 (えんすい)","角錐,かくすい",,Guess the Antonym,Image
"冒涜 (ぼうとく)`冒瀆 (ぼうとく)","尊崇,そんすう",,Guess the Antonym,Image
"冒瀆・冒涜 (ぼうとく)","尊崇,そんすう,尊崇,そんそう",,Guess the Antonym,Image
"冒頭 (ぼうとう)","末尾,まつび",,Guess the Antonym,Image
"冗員・剰員 (じょういん)","欠員,けついん,要員,よういん",,Guess the Antonym,Image
"冗漫 (じょうまん)`冗長 (じょうちょう)","簡潔,かんけつ",,Guess the Antonym,Image
"冗談 (じょうだん)","本気,ほんき",,Guess the Antonym,Image
"写本 (しゃほん)","刊本,かんぽん,板本,はんぽん,版本,はんぽん,版本・板本,はんぽん",,Guess the Antonym,Image
"冠 (かんむり)","脚,あし,足,あし,足・脚,あし",,Guess the Antonym,Image
"冬 (とう)","夏,か",,Guess the Antonym,Image
"冬 (ふゆ)","夏,なつ",,Guess the Antonym,Image
"冴える (さえる)","鈍る,にぶる",,Guess the Antonym,Image
"冷 (れい)","暖,だん,温,おん,熱,ねつ",,Guess the Antonym,Image
"冷える (ひえる)","暖まる,あたたまる,温まる,あたたまる",,Guess the Antonym,Image
"冷たい (つめたい)","暖かい,あたたかい,温かい,あたたかい,熱い,あつい",,Guess the Antonym,Image
"冷たさ (つめたさ)","熱さ,あつさ",,Guess the Antonym,Image
"冷ます (さます)","温める,あたためる",,Guess the Antonym,Image
"冷める (さめる)","温まる,あたたまる",,Guess the Antonym,Image
"冷やか (ひややか)`冷ややか (ひややか)","暖か,あたたか",,Guess the Antonym,Image
"冷やす (ひやす)","温める,あたためる,熱する,ねっする",,Guess the Antonym,Image
"冷ややか・冷やか (ひややか)","暖か,あたたか,温か,あたたか",,Guess the Antonym,Image
"冷や酒 (ひやざけ)`冷酒 (れいしゅ)","燗酒,かんざけ",,Guess the Antonym,Image
"冷却 (れいきゃく)","加熱,かねつ",,Guess the Antonym,Image
"冷奴 (ひややっこ)","湯奴,ゆやっこ,湯豆腐,ゆどうふ",,Guess the Antonym,Image
"冷房 (れいぼう)","暖房・煖房,だんぼう,煖房,だんぼう",,Guess the Antonym,Image
"冷淡 (れいたん)","熱心,ねっしん,親切・深切,しんせつ",,Guess the Antonym,Image
"冷血 (れいけつ)","温情,おんじょう",,Guess the Antonym,Image
"冷血漢 (れいけつかん)","温情家,おんじょうか",,Guess the Antonym,Image
"冷遇 (れいぐう)","厚遇,こうぐう",,Guess the Antonym,Image
"冷静 (れいせい)","熱烈,ねつれつ",,Guess the Antonym,Image
"凋む (しぼむ)","膨らむ,ふくらむ",,Guess the Antonym,Image
"凝り性 (こりしょう)","厭き性,あきしょう,飽き性,あきしょう,飽き性・厭き性,あきしょう",,Guess the Antonym,Image
"凝る (こる)","飽きる・厭きる,あきる",,Guess the Antonym,Image
"凝固 (ぎょうこ)","融解,ゆうかい",,Guess the Antonym,Image
"凝結 (ぎょうけつ)","蒸発,じょうはつ",,Guess the Antonym,Image
"凝視 (ぎょうし)`熟視 (じゅくし)","瞥見,べっけん",,Guess the Antonym,Image
"凡そ (およそ)","恰度,ちょうど",,Guess the Antonym,Image
"凡人 (ぼんじん)","賢人,けんじん",,Guess the Antonym,Image
"凡作 (ぼんさく)`愚作 (ぐさく)","秀作,しゅうさく",,Guess the Antonym,Image
"凡愚 (ぼんぐ)","聖賢,せいけん",,Guess the Antonym,Image
"凡手 (ぼんしゅ)","名手,めいしゅ,妙手,みょうしゅ",,Guess the Antonym,Image
"凡才 (ぼんさい)","天才,てんさい,秀才,しゅうさい,逸材,いつざい",,Guess the Antonym,Image
"凡打 (ぼんだ)","安打,あんだ",,Guess the Antonym,Image
"凡眼 (ぼんがん)","慧眼,けいがん,達眼,たつがん",,Guess the Antonym,Image
"凡知 (ぼんち)","英知,えいち",,Guess the Antonym,Image
"凪 (なぎ)","時化,しけ",,Guess the Antonym,Image
"凪ぐ (なぐ)","時化る,しける",,Guess the Antonym,Image
"凶 (きょう)","吉,きち,豊,ほう",,Guess the Antonym,Image
"凶年 (きょうねん)","平年,へいねん",,Guess the Antonym,Image
"凸 (とつ)","凹,おう",,Guess the Antonym,Image
"凸凹 (でこぼこ)","平ら,たいら",,Guess the Antonym,Image
"出 (しゅつ)","欠,けつ,没,ぼつ",,Guess the Antonym,Image
"出しゃばり (でしゃばり)","引っ込み思案,ひっこみじあん",,Guess the Antonym,Image
"出す (だす)","容れる,いれる",,Guess the Antonym,Image
"出っ張る (でっぱる)","引っ込む,ひっこむ",,Guess the Antonym,Image
"出で映え (いでばえ)`出で映え・出で栄え (いでばえ)`出で栄え (いでばえ)","出で消え,いでぎえ",,Guess the Antonym,Image
"出る (でる)","這入る,はいる",,Guess the Antonym,Image
"出京 (しゅっきょう)","帰京,ききょう",,Guess the Antonym,Image
"出兵 (しゅっぺい)","撤兵,てっぺい",,Guess the Antonym,Image
"出勤 (しゅっきん)","退勤,たいきん",,Guess the Antonym,Image
"出家 (しゅっけ)","在俗,ざいぞく,在家,ざいけ,還俗,げんぞく",,Guess the Antonym,Image
"出座 (しゅつざ)","退座,たいざ",,Guess the Antonym,Image
"出廷 (しゅってい)`入廷 (にゅうてい)","退廷,たいてい",,Guess the Antonym,Image
"出征 (しゅっせい)","帰還,きかん",,Guess the Antonym,Image
"出忠実 (でまめ)","出無精・出不精,でぶしょう",,Guess the Antonym,Image
"出撃 (しゅつげき)","迎撃,げいげき",,Guess the Antonym,Image
"出来ない (できない)","出来る,できる",,Guess the Antonym,Image
"出来合い (できあい)","誂え,あつらえ",,Guess the Antonym,Image
"出涸らし (でがらし)","出花,でばな",,Guess the Antonym,Image
"出港 (しゅっこう)","帰港,きこう",,Guess the Antonym,Image
"出漁 (しゅつりょう・しゅつぎょ)","帰漁,きりょう",,Guess the Antonym,Image
"出火 (しゅっか)`発火 (はっか)","鎮火,ちんか",,Guess the Antonym,Image
"出現 (しゅつげん)","消失,しょうしつ,消滅,しょうめつ",,Guess the Antonym,Image
"出生 (しゅっしょう)","死亡,しぼう",,Guess the Antonym,Image
"出生地主義 (しゅっしょうちしゅぎ)`生地主義 (せいちしゅぎ)","血統主義,けっとうしゅぎ",,Guess the Antonym,Image
"出発 (しゅっぱつ)","到着,とうちゃく,帰着,きちゃく",,Guess the Antonym,Image
"出発点 (しゅっぱつてん)","決勝点,けっしょうてん",,Guess the Antonym,Image
"出目 (でめ)","窪目,くぼめ",,Guess the Antonym,Image
"出職 (でしょく)","居職,いじょく",,Guess the Antonym,Image
"出血 (しゅっけつ)","止血,しけつ",,Guess the Antonym,Image
"出迎え (でむかえ)","見送り,みおくり",,Guess the Antonym,Image
"出迎える (でむかえる)","見送る,みおくる",,Guess the Antonym,Image
"出郷 (しゅっきょう)","帰郷,ききょう",,Guess the Antonym,Image
"出開帳 (でかいちょう・でがいちょう)","居開帳,いがいちょう",,Guess the Antonym,Image
"出陣 (しゅつじん)","帰陣,きじん",,Guess the Antonym,Image
"出題 (しゅつだい)","解答,かいとう",,Guess the Antonym,Image
"刀 (かたな)","剣,つるぎ",,Guess the Antonym,Image
"刀 (とう)","剣,けん",,Guess the Antonym,Image
"刃 (は)","峯,みね,峰,みね,峰・峯・嶺,みね,嶺,みね",,Guess the Antonym,Image
"分 (ぶん)","合,ごう",,Guess the Antonym,Image
"分かれる (わかれる)`分かれる・分れる (わかれる)`分れる (わかれる)","合う,あう",,Guess the Antonym,Image
"分ける (わける)","合わせる,あわせる",,Guess the Antonym,Image
"分冊 (ぶんさつ)","合本,がっぽん",,Guess the Antonym,Image
"分割 (ぶんかつ)`分化 (ぶんか)","統合,とうごう",,Guess the Antonym,Image
"分厚い (ぶあつい)`分厚い・部厚い (ぶあつい)","薄っぺら,うすっぺら",,Guess the Antonym,Image
"分子 (ぶんし)","分母,ぶんぼ",,Guess the Antonym,Image
"分家 (ぶんけ)","本家,ほんけ",,Guess the Antonym,Image
"分局 (ぶんきょく)","本局,ほんきょく",,Guess the Antonym,Image
"分岐 (ぶんき)","合流,ごうりゅう",,Guess the Antonym,Image
"分店 (ぶんてん)","本店,ほんてん",,Guess the Antonym,Image
"分散 (ぶんさん)","集中,しゅうちゅう,集結,しゅうけつ",,Guess the Antonym,Image
"分析 (ぶんせき)","綜合,そうごう,総合,そうごう,総合・綜合,そうごう",,Guess the Antonym,Image
"分校 (ぶんこう)","本校,ほんこう",,Guess the Antonym,Image
"分権 (ぶんけん)","集権,しゅうけん",,Guess the Antonym,Image
"分署 (ぶんしょ)","本署,ほんしょ",,Guess the Antonym,Image
"分裂 (ぶんれつ)","統一,とういつ,統合,とうごう",,Guess the Antonym,Image
"分解 (ぶんかい)","化合,かごう,合成,ごうせい",,Guess the Antonym,Image
"分院 (ぶんいん)","本院,ほんいん",,Guess the Antonym,Image
"分離 (ぶんり)","合併,がっぺい,結合,けつごう,統合,とうごう",,Guess the Antonym,Image
"切り上げ (きりあげ)","切り捨て,きりすて",,Guess the Antonym,Image
"切り上げる (きりあげる)","切り捨てる・切捨てる,きりすてる",,Guess the Antonym,Image
"切り上げる・切上げる (きりあげる)","切り捨てる,きりすてる,切捨てる,きりすてる",,Guess the Antonym,Image
"切り傷・切傷 (きりきず)","打ち傷,うちきず,打傷,うちきず",,Guess the Antonym,Image
"切り捨てる・切捨てる (きりすてる)","切上げる,きりあげる",,Guess the Antonym,Image
"切り目縁 (きりめえん)","榑縁,くれえん",,Guess the Antonym,Image
"切る (きる)","結ぶ,むすぶ,続ける,つづける,繋ぐ,つなぐ",,Guess the Antonym,Image
"切傷 (きりきず)`切り傷 (きりきず)","打ち傷・打傷,うちきず",,Guess the Antonym,Image
"刑事 (けいじ)","民事,みんじ",,Guess the Antonym,Image
"初 (しょ)","終,しゅう",,Guess the Antonym,Image
"初伝 (しょでん)","奥伝,おくでん",,Guess the Antonym,Image
"初冬 (しょとう)","晩冬,ばんとう",,Guess the Antonym,Image
"初刷り (しょずり)","後刷り,あとずり",,Guess the Antonym,Image
"初夏 (しょか)","晩夏,ばんか",,Guess the Antonym,Image
"初巻 (しょかん)","末巻,まっかん",,Guess the Antonym,Image
"初年 (しょねん)","末年,まつねん",,Guess the Antonym,Image
"初日 (しょじつ)","末日,まつじつ",,Guess the Antonym,Image
"初日 (しょにち)","千秋楽,せんしゅうらく,末日,まつじつ",,Guess the Antonym,Image
"初春 (しょしゅん)","晩春,ばんしゅん",,Guess the Antonym,Image
"初期 (しょき)","末期,まっき",,Guess the Antonym,Image
"初歩 (しょほ)","奥義,おうぎ",,Guess the Antonym,Image
"初産婦 (しょさんぷ)","経産婦,けいさんぷ",,Guess the Antonym,Image
"初秋 (しょしゅう)","晩秋,ばんしゅう",,Guess the Antonym,Image
"初等 (しょとう)`下等 (かとう)","高等,こうとう",,Guess the Antonym,Image
"初経 (しょけい)","閉経,へいけい",,Guess the Antonym,Image
"初許し (はつゆるし)","奥許し,おくゆるし",,Guess the Antonym,Image
"初項 (しょこう)","末項,まっこう",,Guess the Antonym,Image
"初鶯 (はつうぐいす)","老い鶯,おいうぐいす,老鶯,ろうおう",,Guess the Antonym,Image
"判然 (はんぜん)`歴然 (れきぜん)","漠然,ばくぜん",,Guess the Antonym,Image
"別 (べつ)","同じ,おなじ",,Guess the Antonym,Image
"別人 (べつじん)","同人,どうじん",,Guess the Antonym,Image
"別名 (べつめい)`変名 (へんめい)","本名,ほんみょう",,Guess the Antonym,Image
"別宅 (べったく)","本宅,ほんたく",,Guess the Antonym,Image
"別室 (べっしつ)","同室,どうしつ",,Guess the Antonym,Image
"別宿 (べっしゅく)","同宿,どうしゅく",,Guess the Antonym,Image
"別封 (べっぷう)","同封,どうふう",,Guess the Antonym,Image
"別居 (べっきょ)","同居,どうきょ",,Guess the Antonym,Image
"別席 (べっせき)","合い席,あいせき,合席,あいせき,相席,あいせき,相席・合席・合い席,あいせき",,Guess the Antonym,Image
"別所 (べっしょ)","同所,どうしょ",,Guess the Antonym,Image
"別科 (べっか)`予科 (よか)","本科,ほんか",,Guess the Antonym,Image
"別種 (べっしゅ)","同種,どうしゅ",,Guess the Antonym,Image
"別邸 (べってい)","本邸,ほんてい",,Guess the Antonym,Image
"別館 (べっかん)","本館,ほんかん",,Guess the Antonym,Image
"利 (り)","害,がい,鈍,どん",,Guess the Antonym,Image
"利他 (りた)","利己,りこ",,Guess the Antonym,Image
"利口 (りこう)`悧巧 (りこう)","阿呆・阿房,あほう",,Guess the Antonym,Image
"利口・悧巧 (りこう)","莫迦,ばか,阿呆,あほう,阿房,あほう,馬鹿,ばか",,Guess the Antonym,Image
"利己主義 (りこしゅぎ)","愛他主義,あいたしゅぎ",,Guess the Antonym,Image
"利得 (りとく)","損失,そんしつ",,Guess the Antonym,Image
"利点 (りてん)","欠点,けってん",,Guess the Antonym,Image
"利発 (りはつ)","愚鈍,ぐどん",,Guess the Antonym,Image
"利益 (りえき)","損失,そんしつ,損害,そんがい",,Guess the Antonym,Image
"刹那 (せつな)","永劫,えいごう",,Guess the Antonym,Image
"刺す (さす)","抜く,ぬく",,Guess the Antonym,Image
"刺戟 (しげき)`刺激 (しげき)`刺激・刺戟 (しげき)","反応,はんのう",,Guess the Antonym,Image
"剃髪 (ていはつ)","有髪,うはつ",,Guess the Antonym,Image
"削減 (さくげん)","追加,ついか",,Guess the Antonym,Image
"削除 (さくじょ)","追加,ついか,附加,ふか",,Guess the Antonym,Image
"前 (ぜん)`先 (せん)","後,ご,後,こう",,Guess the Antonym,Image
"前 (まえ)","後,あと,後ろ,うしろ",,Guess the Antonym,Image
"前世 (ぜんせ)","来世,らいせ",,Guess the Antonym,Image
"前作 (ぜんさく)","次作,じさく",,Guess the Antonym,Image
"前号 (ぜんごう)","次号,じごう",,Guess the Antonym,Image
"前回 (ぜんかい)","次回,じかい",,Guess the Antonym,Image
"前売り (まえうり)","当日売り,とうじつうり",,Guess the Antonym,Image
"前夜 (ぜんや)","明夜,みょうや",,Guess the Antonym,Image
"前屈み (まえかがみ)","反り身,そりみ",,Guess the Antonym,Image
"前年 (ぜんねん)","来年,らいねん,翌年,よくねん",,Guess the Antonym,Image
"前座 (ぜんざ)","真打,しんうち",,Guess the Antonym,Image
"前後 (ぜんご)","左右,さゆう",,Guess the Antonym,Image
"前提 (ぜんてい)`序論 (じょろん)","結論,けつろん",,Guess the Antonym,Image
"前景 (ぜんけい)","背景,はいけい",,Guess the Antonym,Image
"前書 (まえがき)`前書き (まえがき)","後書き・後書,あとがき",,Guess the Antonym,Image
"前書き・前書 (まえがき)","後書,あとがき,後書き,あとがき",,Guess the Antonym,Image
"前月 (ぜんげつ)","翌月,よくげつ",,Guess the Antonym,Image
"前期 (ぜんき)","来期,らいき,次期,じき",,Guess the Antonym,Image
"前歯 (まえば)","奥歯,おくば",,Guess the Antonym,Image
"前照灯 (ぜんしょうとう)","尾灯,びとう",,Guess the Antonym,Image
"前篇 (ぜんぺん)`前編 (ぜんぺん)","後編・後篇,こうへん",,Guess the Antonym,Image
"前編・前篇 (ぜんぺん)","後篇,こうへん,後編,こうへん",,Guess the Antonym,Image
"前肢 (まえあし)`前脚 (まえあし)`前足 (まえあし)","後足・後脚・後肢,あとあし",,Guess the Antonym,Image
"前足・前脚・前肢 (まえあし)","後ろ肢,うしろあし,後ろ脚,うしろあし,後ろ足,うしろあし,後肢,あとあし,後脚,あとあし,後足,あとあし",,Guess the Antonym,Image
"前進 (ぜんしん)","後退,こうたい",,Guess the Antonym,Image
"剛 (ごう)","柔,じゅう",,Guess the Antonym,Image
"剛力 (ごうりき)`強力 (ごうりき)`強力・剛力 (ごうりき)`怪力 (かいりき)","非力,ひりき",,Guess the Antonym,Image
"剛強 (ごうきょう)`剛健 (ごうけん)","柔弱,にゅうじゃく",,Guess the Antonym,Image
"剥がす (はがす)","張る,はる,貼る,はる",,Guess the Antonym,Image
"剥奪 (はくだつ)","附与,ふよ",,Guess the Antonym,Image
"副 (ふく)","正,せい",,Guess the Antonym,Image
"副業 (ふくぎょう)","本業,ほんぎょう",,Guess the Antonym,Image
"剰余金 (じょうよきん)","欠損金,けっそんきん",,Guess the Antonym,Image
"剰員 (じょういん)`冗員 (じょういん)","欠員,けついん",,Guess the Antonym,Image
"割り増し (わりまし)","割り引き・割引,わりびき",,Guess the Antonym,Image
"割り増し・割増し (わりまし)","割り引き,わりびき,割引,わりびき",,Guess the Antonym,Image
"割り引き・割引 (わりびき)","割増し,わりまし",,Guess the Antonym,Image
"割り算・割算 (わりざん)","掛け算,かけざん,掛算,かけざん",,Guess the Antonym,Image
"割る (わる)","掛ける,かける",,Guess the Antonym,Image
"割算 (わりざん)`割り算 (わりざん)","掛け算・掛算,かけざん",,Guess the Antonym,Image
"創刊 (そうかん)","廃刊,はいかん",,Guess the Antonym,Image
"創業 (そうぎょう)","廃業,はいぎょう",,Guess the Antonym,Image
"創造 (そうぞう)","摸倣,もほう,模倣,もほう,模倣・摸倣,もほう",,Guess the Antonym,Image
"劇化 (げきか)","沈静化,ちんせいか,鎮静化,ちんせいか",,Guess the Antonym,Image
"劇痛 (げきつう)`激痛 (げきつう)`激痛・劇痛 (げきつう)","鈍痛,どんつう",,Guess the Antonym,Image
"劇職 (げきしょく)`激職 (げきしょく)`激職・劇職 (げきしょく)`重職 (じゅうしょく)","閑職,かんしょく",,Guess the Antonym,Image
"力点 (りきてん)","支点,してん",,Guess the Antonym,Image
"功 (こう)","罪,ざい",,Guess the Antonym,Image
"功績 (こうせき)","罪過,ざいか",,Guess the Antonym,Image
"加 (か)`増 (ぞう)","減,げん",,Guess the Antonym,Image
"加える (くわえる)","省く,はぶく,除く,のぞく",,Guess the Antonym,Image
"加入 (かにゅう)`加盟 (かめい)","脱退,だったい,離脱,りだつ",,Guess the Antonym,Image
"加害 (かがい)","被害,ひがい",,Guess the Antonym,Image
"加湿 (かしつ)","除湿,じょしつ",,Guess the Antonym,Image
"加糖 (かとう)","無糖,むとう",,Guess the Antonym,Image
"加虐 (かぎゃく)","被虐,ひぎゃく",,Guess the Antonym,Image
"加重 (かじゅう)","減軽,げんけい,軽減,けいげん",,Guess the Antonym,Image
"劣る (おとる)","勝る,まさる,勝る・優る,まさる,勝れる,すぐれる",,Guess the Antonym,Image
"助ける (たすける)","妨げる,さまたげる",,Guess the Antonym,Image
"助長 (じょちょう)","阻害,そがい,阻害・阻碍,そがい,阻碍,そがい",,Guess the Antonym,Image
"努める・勉める (つとめる)","怠ける,なまける,怠る,おこたる,懶ける,なまける",,Guess the Antonym,Image
"励む (はげむ)","怠ける・懶ける,なまける,怠る,おこたる",,Guess the Antonym,Image
"労働者 (ろうどうしゃ)","資本家,しほんか",,Guess the Antonym,Image
"勁敵 (けいてき)","弱敵,じゃくてき",,Guess the Antonym,Image
"勅撰 (ちょくせん)","私撰,しせん",,Guess the Antonym,Image
"勇ましい (いさましい)","意気地ない,いくじない",,Guess the Antonym,Image
"勇敢 (ゆうかん)","怯懦,きょうだ,臆病,おくびょう",,Guess the Antonym,Image
"勉める (つとめる)`努める (つとめる)`勤しむ (いそしむ)","怠る,おこたる",,Guess the Antonym,Image
"動 (どう)","静,せい",,Guess the Antonym,Image
"動かす (うごかす)","止める,とめる",,Guess the Antonym,Image
"動く (うごく)","止まる,とまる,止まる・止る,とまる,止る,とまる",,Guess the Antonym,Image
"動員 (どういん)","復員,ふくいん",,Guess the Antonym,Image
"動機説 (どうきせつ)","結果説,けっかせつ",,Guess the Antonym,Image
"動機論 (どうきろん)","結果論,けっかろん",,Guess the Antonym,Image
"動滑車 (どうかっしゃ)","定滑車,ていかっしゃ",,Guess the Antonym,Image
"動物 (どうぶつ)","植物,しょくぶつ",,Guess the Antonym,Image
"勝 (しょう)","敗,はい,負,ふ",,Guess the Antonym,Image
"勝ち (かち)","負け,まけ",,Guess the Antonym,Image
"勝ち戦・勝戦 (かちいくさ)","負け戦,まけいくさ,負戦,まけいくさ",,Guess the Antonym,Image
"勝ち星・勝星 (かちぼし)","負け星,まけぼし,負星,まけぼし",,Guess the Antonym,Image
"勝ち越す・勝越す (かちこす)","負け越す,まけこす,負越す,まけこす",,Guess the Antonym,Image
"勝つ (かつ)","敗れる,やぶれる,負ける,まける",,Guess the Antonym,Image
"勝利 (しょうり)","敗北,はいぼく",,Guess the Antonym,Image
"勝報・捷報 (しょうほう)`捷報 (しょうほう)","敗報,はいほう",,Guess the Antonym,Image
"勝戦 (かちいくさ)`勝ち戦 (かちいくさ)","負け戦・負戦,まけいくさ",,Guess the Antonym,Image
"勝星 (かちぼし)`勝ち星 (かちぼし)","負け星・負星,まけぼし",,Guess the Antonym,Image
"勝越す (かちこす)`勝ち越す (かちこす)","負け越す・負越す,まけこす",,Guess the Antonym,Image
"募集 (ぼしゅう)","応募,おうぼ",,Guess the Antonym,Image
"勤 (きん)","怠,たい",,Guess the Antonym,Image
"勤勉 (きんべん)","怠惰,たいだ,怠慢,たいまん",,Guess the Antonym,Image
"勧善 (かんぜん)","懲悪,ちょうあく",,Guess the Antonym,Image
"包み隠す・包隠す (つつみかくす)","打ち明ける,うちあける,曝け出す,さらけだす",,Guess the Antonym,Image
"包含 (ほうがん)","除外,じょがい",,Guess the Antonym,Image
"包隠す (つつみかくす)`包み隠す (つつみかくす)","打ち明ける,うちあける",,Guess the Antonym,Image
"化学変化 (かがくへんか)","物理変化,ぶつりへんか",,Guess the Antonym,Image
"化学療法 (かがくりょうほう)","物理療法,ぶつりりょうほう",,Guess the Antonym,Image
"北 (きた)","南,みなみ",,Guess the Antonym,Image
"北 (ほく)","南,なん",,Guess the Antonym,Image
"北上 (ほくじょう)","南下,なんか",,Guess the Antonym,Image
"北東 (ほくとう)","南西,なんせい",,Guess the Antonym,Image
"北西 (ほくせい)","南東,なんとう",,Guess the Antonym,Image
"医師 (いし)`医者 (いしゃ)","患者,かんじゃ",,Guess the Antonym,Image
"匿名 (とくめい)`無記名 (むきめい)","記名,きめい",,Guess the Antonym,Image
"十分条件 (じゅうぶんじょうけん)","必要条件,ひつようじょうけん",,Guess the Antonym,Image
"千両役者 (せんりょうやくしゃ)","大根役者,だいこんやくしゃ",,Guess the Antonym,Image
"千差万別 (せんさばんべつ)","千編一律,せんぺんいちりつ",,Guess the Antonym,Image
"半弓 (はんきゅう)","大弓,だいきゅう",,Guess the Antonym,Image
"半径 (はんけい)","直径,ちょっけい",,Guess the Antonym,Image
"半袖 (はんそで)","長袖,ながそで",,Guess the Antonym,Image
"卑 (ひ)","尊,そん",,Guess the Antonym,Image
"卑しい (いやしい)","尊い,たっとい,尊い,とうとい",,Guess the Antonym,Image
"卑しい・賤しい (いやしい)","尊い,たっとい,尊い,とうとい,貴い,とうとい・たっとい",,Guess the Antonym,Image
"卑しむ (いやしむ)","尊ぶ,とうとぶ・たっとぶ",,Guess the Antonym,Image
"卑しむ・賤しむ (いやしむ)","尊ぶ,とうとぶ・たっとぶ,貴ぶ,とうとぶ・たっとぶ",,Guess the Antonym,Image
"卑下 (ひげ)","尊大,そんだい,自尊,じそん",,Guess the Antonym,Image
"卑劣 (ひれつ)`卑劣・鄙劣 (ひれつ)`鄙劣 (ひれつ)","高潔,こうけつ",,Guess the Antonym,Image
"卑官 (ひかん)","貴官,きかん,顕官,けんかん,高官,こうかん",,Guess the Antonym,Image
"卑湿 (ひしつ)`低湿 (ていしつ)","高燥,こうそう",,Guess the Antonym,Image
"卑見 (ひけん)`卑見・鄙見 (ひけん)`鄙見 (ひけん)","高見,こうけん",,Guess the Antonym,Image
"卑賎 (ひせん)","尊貴,そんき",,Guess the Antonym,Image
"卑賤 (ひせん)","顕貴,けんき,高貴,こうき",,Guess the Antonym,Image
"卑近 (ひきん)","迂遠,うえん,高遠,こうえん",,Guess the Antonym,Image
"卑金属 (ひきんぞく)","貴金属,ききんぞく",,Guess the Antonym,Image
"卒直 (そっちょく)`率直 (そっちょく)`率直・卒直 (そっちょく)","迂遠,うえん",,Guess the Antonym,Image
"卒読 (そつどく)","熟読,じゅくどく",,Guess the Antonym,Image
"卓見 (たっけん)","浅見,せんけん,短見,たんけん",,Guess the Antonym,Image
"卓説 (たくせつ)","愚説,ぐせつ",,Guess the Antonym,Image
"卓論 (たくろん)","愚論,ぐろん",,Guess the Antonym,Image
"協力的 (きょうりょくてき)","非協力的,ひきょうりょくてき",,Guess the Antonym,Image
"協調 (きょうちょう)","対立,たいりつ",,Guess the Antonym,Image
"南北 (なんぼく)","東西,とうざい",,Guess the Antonym,Image
"単 (たん)","複,ふく",,Guess the Antonym,Image
"単作 (たんさく)","混作,こんさく",,Guess the Antonym,Image
"単声 (たんせい)","混声,こんせい",,Guess the Antonym,Image
"単子葉植物 (たんしようしょくぶつ)","双子葉植物,そうしようしょくぶつ",,Guess the Antonym,Image
"単子葉類 (たんしようるい)","双子葉類,そうしようるい",,Guess the Antonym,Image
"単弁 (たんべん)","重弁,じゅうべん",,Guess the Antonym,Image
"単打 (たんだ)","長打,ちょうだ",,Guess the Antonym,Image
"単文 (たんぶん)","重文,じゅうぶん",,Guess the Antonym,Image
"単独 (たんどく)`個別 (こべつ)","合同,ごうどう",,Guess the Antonym,Image
"単独内閣 (たんどくないかく)","連立内閣,れんりつないかく",,Guess the Antonym,Image
"単独行動 (たんどくこうどう)","団体行動,だんたいこうどう",,Guess the Antonym,Image
"単発 (たんぱつ)","双発,そうはつ,連発,れんぱつ",,Guess the Antonym,Image
"単科大学 (たんかだいがく)","総合大学,そうごうだいがく",,Guess the Antonym,Image
"単色 (たんしょく)","多色,たしょく",,Guess the Antonym,Image
"単衣 (ひとえ)","袷,あわせ",,Guess the Antonym,Image
"単記 (たんき)","連記,れんき",,Guess the Antonym,Image
"博学 (はくがく)","無学,むがく",,Guess the Antonym,Image
"博識 (はくしき)","無智,むち,無知,むち,無知・無智,むち",,Guess the Antonym,Image
"占領 (せんりょう)","撤退,てったい",,Guess the Antonym,Image
"危 (き)","安,あん",,Guess the Antonym,Image
"危ない (あぶない)","安全な,あんぜんな",,Guess the Antonym,Image
"危なげない (あぶなげない)","危なっかしい,あぶなっかしい",,Guess the Antonym,Image
"危ぶむ (あやぶむ)","安んじる,やすんじる",,Guess the Antonym,Image
"危惧 (きぐ)","安堵,あんど,確信,かくしん",,Guess the Antonym,Image
"危険 (きけん)","安全,あんぜん",,Guess the Antonym,Image
"即位 (そくい)","譲位,じょうい,退位,たいい",,Guess the Antonym,Image
"即刻 (そっこく)","後刻,ごこく",,Guess the Antonym,Image
"却下 (きゃっか)","受理,じゅり",,Guess the Antonym,Image
"卵子 (らんし)","精子,せいし",,Guess the Antonym,Image
"卵巣 (らんそう)","精巣,せいそう",,Guess the Antonym,Image
"卵生 (らんせい)","胎生,たいせい",,Guess the Antonym,Image
"卵白 (らんぱく)","卵黄,らんおう",,Guess the Antonym,Image
"卵細胞 (らんさいぼう)","精細胞,せいさいぼう",,Guess the Antonym,Image
"卸 (おろし)`卸売 (おろしうり)`卸売り (おろしうり)","小売り・小売,こうり",,Guess the Antonym,Image
"卸売り・卸売 (おろしうり)","小売,こうり,小売り,こうり",,Guess the Antonym,Image
"厚 (こう)","薄,はく",,Guess the Antonym,Image
"厚ぼったい (あつぼったい)","薄べったい,うすべったい",,Guess the Antonym,Image
"原価 (げんか)","売価,ばいか",,Guess the Antonym,Image
"原告 (げんこく)","被告,ひこく",,Guess the Antonym,Image
"原因 (げんいん)","結果,けっか",,Guess the Antonym,Image
"原始取得 (げんししゅとく)","承継取得,しょうけいしゅとく",,Guess the Antonym,Image
"原文 (げんぶん)","訳文,やくぶん",,Guess the Antonym,Image
"原書 (げんしょ)","訳書,やくしょ",,Guess the Antonym,Image
"原本 (げんぽん)","抄本,しょうほん,訳本,やくほん,謄本,とうほん",,Guess the Antonym,Image
"原画 (げんが)","複製画,ふくせいが",,Guess the Antonym,Image
"原種 (げんしゅ)","変種,へんしゅ,改良種,かいりょうしゅ",,Guess the Antonym,Image
"原積土 (げんせきど)","運積土,うんせきど",,Guess the Antonym,Image
"原罪 (げんざい)","自罪,じざい",,Guess the Antonym,Image
"原義 (げんぎ)`本義 (ほんぎ)","転義,てんぎ",,Guess the Antonym,Image
"原色 (げんしょく)","間色,かんしょく",,Guess the Antonym,Image
"原詩 (げんし)","訳詩,やくし",,Guess the Antonym,Image
"原語 (げんご)","訳語,やくご",,Guess the Antonym,Image
"厭う (いとう)","好む,このむ,慕う,したう",,Guess the Antonym,Image
"厭きる (あきる)","飢える,うえる",,Guess the Antonym,Image
"厭わしい (いとわしい)","好ましい,このましい",,Guess the Antonym,Image
"厭世 (えんせい)","楽天,らくてん",,Guess the Antonym,Image
"厭離穢土 (えんりえど)","欣求浄土,ごんぐじょうど",,Guess the Antonym,Image
"厳 (げん)","寛,かん",,Guess the Antonym,Image
"厳しい (きびしい)","甘い,あまい,緩い,ゆるい",,Guess the Antonym,Image
"厳冬 (げんとう)","暖冬,だんとう,猛暑,もうしょ,盛夏,せいか",,Guess the Antonym,Image
"厳守 (げんしゅ)","違背,いはい",,Guess the Antonym,Image
"厳密 (げんみつ)","疎漏・粗漏,そろう",,Guess the Antonym,Image
"厳寒 (げんかん)","厳暑,げんしょ,炎暑,えんしょ,酷暑,こくしょ",,Guess the Antonym,Image
"厳格 (げんかく)","寛大,かんだい,寛容,かんよう",,Guess the Antonym,Image
"厳父 (げんぷ)","慈父,じふ",,Guess the Antonym,Image
"去 (きょ)","就,しゅう,来,らい",,Guess the Antonym,Image
"去年 (きょねん)","明年,みょうねん",,Guess the Antonym,Image
"参議院 (さんぎいん)","衆議院,しゅうぎいん",,Guess the Antonym,Image
"参院 (さんいん)","衆院,しゅういん",,Guess the Antonym,Image
"又弟子 (またでし)","直弟子,じきでし",,Guess the Antonym,Image
"又聞き (またぎき)","直話,じきわ",,Guess the Antonym,Image
"及 (きゅう)`当 (とう)","落,らく",,Guess the Antonym,Image
"友好 (ゆうこう)","敵対,てきたい",,Guess the Antonym,Image
"友軍 (ゆうぐん)","敵軍,てきぐん",,Guess the Antonym,Image
"双 (そう)","隻,せき",,Guess the Antonym,Image
"双務契約 (そうむけいやく)","片務契約,へんむけいやく",,Guess the Antonym,Image
"双方 (そうほう)","片方,かたほう",,Guess the Antonym,Image
"双眼 (そうがん)","独眼,どくがん",,Guess the Antonym,Image
"反共 (はんきょう)","容共,ようきょう",,Guess the Antonym,Image
"反対 (はんたい)","賛成,さんせい",,Guess the Antonym,Image
"反意語 (はんいご)","同意語,どういご",,Guess the Antonym,Image
"反感 (はんかん)","好感,こうかん",,Guess the Antonym,Image
"反戦 (はんせん)`厭戦 (えんせん)","好戦,こうせん",,Guess the Antonym,Image
"反抗 (はんこう)","服従,ふくじゅう",,Guess the Antonym,Image
"反日 (はんにち)`嫌日 (けんにち)","親日,しんにち",,Guess the Antonym,Image
"反比例 (はんぴれい)","正比例,せいひれい,比例,ひれい",,Guess the Antonym,Image
"反目 (はんもく)","懇親,こんしん,親睦,しんぼく",,Guess the Antonym,Image
"反米 (はんべい)","親米,しんべい",,Guess the Antonym,Image
"反義語 (はんぎご)`反対語 (はんたいご)","同義語,どうぎご",,Guess the Antonym,Image
"反逆・叛逆 (はんぎゃく)","帰順,きじゅん,恭順,きょうじゅん",,Guess the Antonym,Image
"反駁 (はんばく)","同調,どうちょう",,Guess the Antonym,Image
"収入 (しゅうにゅう)","支出,ししゅつ",,Guess the Antonym,Image
"収益 (しゅうえき)","欠損,けっそん",,Guess the Antonym,Image
"収縮 (しゅうしゅく)","膨張,ぼうちょう,膨張・膨脹,ぼうちょう,膨脹,ぼうちょう",,Guess the Antonym,Image
"収賄 (しゅうわい)","贈賄,ぞうわい",,Guess the Antonym,Image
"収集 (しゅうしゅう)","散逸・散佚,さんいつ",,Guess the Antonym,Image
"収集・蒐集 (しゅうしゅう)","散佚,さんいつ,散逸,さんいつ",,Guess the Antonym,Image
"取り付ける (とりつける)","取り外す・取外す,とりはずす",,Guess the Antonym,Image
"取り付ける・取付ける (とりつける)","取り外す,とりはずす,取外す,とりはずす",,Guess the Antonym,Image
"取り外す・取外す (とりはずす)","取付ける,とりつける",,Guess the Antonym,Image
"取り札・取札 (とりふだ)","読み札,よみふだ,読札,よみふだ",,Guess the Antonym,Image
"取り舵 (とりかじ)`取り舵・取舵 (とりかじ)`取舵 (とりかじ)","面舵,おもかじ",,Guess the Antonym,Image
"取得 (しゅとく)","喪失,そうしつ",,Guess the Antonym,Image
"取札 (とりふだ)`取り札 (とりふだ)","読み札・読札,よみふだ",,Guess the Antonym,Image
"受 (じゅ)","授,じゅ",,Guess the Antonym,Image
"受かる (うかる)","落ちる,おちる",,Guess the Antonym,Image
"受け付ける (うけつける)","申し込む,もうしこむ,申し込む・申込む,もうしこむ,申込む,もうしこむ",,Guess the Antonym,Image
"受け入れる (うけいれる)","拒む,こばむ,断る,ことわる,断る・断わる,ことわる,断わる,ことわる",,Guess the Antonym,Image
"受け取り (うけとり)","支払い,しはらい",,Guess the Antonym,Image
"受け取り主 (うけとりぬし)","送り主,おくりぬし",,Guess the Antonym,Image
"受け取る (うけとる)","差し出す,さしだす,差し出す・差出す,さしだす,差出す,さしだす,支払う,しはらう",,Guess the Antonym,Image
"受け手 (うけて)","送り手,おくりて",,Guess the Antonym,Image
"受け流す (うけながす)","真に受ける,まにうける",,Guess the Antonym,Image
"受任 (じゅにん)","委任,いにん",,Guess the Antonym,Image
"受信 (じゅしん)","発信,はっしん,送信,そうしん",,Guess the Antonym,Image
"受像 (じゅぞう)","送像,そうぞう",,Guess the Antonym,Image
"受動 (じゅどう)`所動 (しょどう)","能動,のうどう",,Guess the Antonym,Image
"受取人 (うけとりにん)","差出人,さしだしにん",,Guess the Antonym,Image
"受取勘定 (うけとりかんじょう)","支払勘定,しはらいかんじょう",,Guess the Antonym,Image
"受取手形 (うけとりてがた)","支払手形,しはらいてがた",,Guess the Antonym,Image
"受寄者 (じゅきしゃ)","寄託者,きたくしゃ",,Guess the Antonym,Image
"受注・受註 (じゅちゅう)","発注,はっちゅう,発註,はっちゅう",,Guess the Antonym,Image
"受託 (じゅたく)","委託,いたく",,Guess the Antonym,Image
"受註 (じゅちゅう)`受注 (じゅちゅう)","発注・発註,はっちゅう",,Guess the Antonym,Image
"受話器 (じゅわき)","送話器,そうわき",,Guess the Antonym,Image
"受贈 (じゅぞう)","寄贈,きぞう",,Guess the Antonym,Image
"受遺者 (じゅいしゃ)","遺贈者,いぞうしゃ",,Guess the Antonym,Image
"受電 (じゅでん)","打電,だでん",,Guess the Antonym,Image
"受領 (じゅりょう)","授与,じゅよ",,Guess the Antonym,Image
"叙事 (じょじ)","叙情,じょじょう,叙情・抒情,じょじょう,抒情,じょじょう",,Guess the Antonym,Image
"叛逆 (はんぎゃく)`反逆 (はんぎゃく)","帰順,きじゅん",,Guess the Antonym,Image
"口汚い・口穢い (くちぎたない)","口清い,くちぎよい",,Guess the Antonym,Image
"口答 (こうとう)","筆答,ひっとう",,Guess the Antonym,Image
"口語 (こうご)","文語,ぶんご",,Guess the Antonym,Image
"口談 (こうだん)","筆談,ひつだん",,Guess the Antonym,Image
"口述 (こうじゅつ)","筆述,ひつじゅつ",,Guess the Antonym,Image
"口頭 (こうとう)","文書,ぶんしょ",,Guess the Antonym,Image
"古 (こ)","新,しん",,Guess the Antonym,Image
"古 (ふる)","新,さら",,Guess the Antonym,Image
"古い (ふるい)`古い・旧い (ふるい)","新しい,あたらしい",,Guess the Antonym,Image
"古代 (こだい)","近代,きんだい",,Guess the Antonym,Image
"古体 (こたい)`古体・古體 (こたい)`古體 (こたい)","近体,きんたい",,Guess the Antonym,Image
"古來 (こらい)`古来 (こらい)`古来・古來 (こらい)","近来,きんらい",,Guess the Antonym,Image
"古傷 (ふるきず)`古傷・古創・古疵 (ふるきず)`古創 (ふるきず)`古疵 (ふるきず)","生傷,なまきず",,Guess the Antonym,Image
"古典的 (こてんてき)","現代的,げんだいてき",,Guess the Antonym,Image
"古参・古參 (こさん)`古參 (こさん)","新参,しんざん",,Guess the Antonym,Image
"古文 (こぶん)","現代文,げんだいぶん",,Guess the Antonym,Image
"古注・古註 (こちゅう)","新注,しんちゅう,新註,しんちゅう",,Guess the Antonym,Image
"古物 (こぶつ)`中古品 (ちゅうこひん)","新品,しんぴん",,Guess the Antonym,Image
"古血 (ふるち)","生血,なまち",,Guess the Antonym,Image
"古註 (こちゅう)`古注 (こちゅう)","新注・新註,しんちゅう",,Guess the Antonym,Image
"古語 (こご)","現代語,げんだいご",,Guess the Antonym,Image
"古豪 (こごう)","新鋭,しんえい",,Guess the Antonym,Image
"古銭・古錢 (こせん)`古錢 (こせん)","新銭,しんせん",,Guess the Antonym,Image
"古風 (こふう)`昔風 (むかしふう)","現代風,げんだいふう",,Guess the Antonym,Image
"句点 (くてん)`句点・句點 (くてん)`句點 (くてん)","読点,とうてん",,Guess the Antonym,Image
"叫ぶ (さけぶ)`喚く (わめく)","囁く,ささやく",,Guess the Antonym,Image
"召還 (しょうかん)","派遣,はけん",,Guess the Antonym,Image
"召集 (しょうしゅう)","応召,おうしょう,解散,かいさん",,Guess the Antonym,Image
"可 (か)","否,ひ",,Guess the Antonym,Image
"可愛い (かわいい)","憎い,にくい,憎たらしい,にくたらしい",,Guess the Antonym,Image
"可愛さ (かわいさ)","憎さ,にくさ",,Guess the Antonym,Image
"右 (う)`右 (ゆう)","左,さ",,Guess the Antonym,Image
"右 (みぎ)","左,ひだり",,Guess the Antonym,Image
"右党・右黨 (うとう)`右黨 (うとう)","左党,さとう",,Guess the Antonym,Image
"号泣 (ごうきゅう)","飲泣,いんきゅう",,Guess the Antonym,Image
"各論 (かくろん)","汎論,はんろん,総論,そうろん,通論,つうろん",,Guess the Antonym,Image
"合 (ごう)","離,り",,Guess the Antonym,Image
"合う (あう)","違う,ちがう,離れる,はなれる",,Guess the Antonym,Image
"合わせる (あわせる)","離す,はなす",,Guess the Antonym,Image
"合体 (がったい)","解体,かいたい",,Guess the Antonym,Image
"合口音 (ごうこうおん)","開口音,かいこうおん",,Guess the Antonym,Image
"合唱 (がっしょう)","独唱,どくしょう",,Guess the Antonym,Image
"合奏 (がっそう)","独奏,どくそう",,Guess the Antonym,Image
"合憲 (ごうけん)","違憲,いけん",,Guess the Antonym,Image
"合成繊維 (ごうせいせんい)","天然繊維,てんねんせんい",,Guess the Antonym,Image
"合法 (ごうほう)","違法,いほう,非合法,ひごうほう",,Guess the Antonym,Image
"合理 (ごうり)","非合理,ひごうり,非理,ひり",,Guess the Antonym,Image
"合議 (ごうぎ)","専決,せんけつ",,Guess the Antonym,Image
"吉報 (きっぽう)","悪報,あくほう",,Guess the Antonym,Image
"吉夢 (きちむ)","悪夢,あくむ",,Guess the Antonym,Image
"吉方 (えほう)","塞がり,ふさがり",,Guess the Antonym,Image
"吉相 (きっそう)","悪相,あくそう",,Guess the Antonym,Image
"同 (どう)","異,い",,Guess the Antonym,Image
"同じ (おなじ)","異なる,ことなる,違う,ちがう",,Guess the Antonym,Image
"同じくする (おなじくする)`同じゅうする (おなじゅうする)","異にする,ことにする",,Guess the Antonym,Image
"同義語 (どうぎご)","対義語,たいぎご",,Guess the Antonym,Image
"名 (な)","姓,かばね,氏,うじ",,Guess the Antonym,Image
"名 (めい)","実,じつ",,Guess the Antonym,Image
"名手 (めいしゅ)`妙手 (みょうしゅ)","悪手,あくしゅ",,Guess the Antonym,Image
"名文 (めいぶん)","悪文,あくぶん",,Guess the Antonym,Image
"名案 (めいあん)`妙案 (みょうあん)","愚案,ぐあん",,Guess the Antonym,Image
"名犬 (めいけん)","駄犬,だけん",,Guess the Antonym,Image
"名目 (めいもく)","実質,じっしつ",,Guess the Antonym,Image
"名答 (めいとう)","愚答,ぐとう",,Guess the Antonym,Image
"名誉 (めいよ)","恥辱,ちじょく",,Guess the Antonym,Image
"后 (きさき)`后・妃 (きさき)`妃 (きさき)","帝,みかど",,Guess the Antonym,Image
"吐 (と)","呑,どん",,Guess the Antonym,Image
"吐き出す・吐出す (はきだす)","吸い込む,すいこむ,吸込む,すいこむ,呑み込む,のみこむ,飲み込む,のみこむ,飲込む,のみこむ",,Guess the Antonym,Image
"吐く (はく)","吸う,すう,飲む,のむ",,Guess the Antonym,Image
"吐出す (はきだす)`吐き出す (はきだす)","吸い込む・吸込む,すいこむ",,Guess the Antonym,Image
"向 (こう)","背,はい",,Guess the Antonym,Image
"向かい合わせ (むかいあわせ)","背中合わせ,せなかあわせ",,Guess the Antonym,Image
"向かい風 (むかいかぜ)","追い風,おいかぜ",,Guess the Antonym,Image
"向こう (むこう)","手前,てまえ",,Guess the Antonym,Image
"向こう傷 (むこうきず)","後ろ傷,うしろきず",,Guess the Antonym,Image
"向こう鉢巻き (むこうはちまき)","後ろ鉢巻き,うしろはちまき",,Guess the Antonym,Image
"向寒 (こうかん)","向暑,こうしょ",,Guess the Antonym,Image
"向後 (きょうこう)","向来,きょうらい",,Guess the Antonym,Image
"向後 (こうご)","従前,じゅうぜん",,Guess the Antonym,Image
"君 (きみ)","民,たみ,臣,しん",,Guess the Antonym,Image
"君 (くん)","臣,しん",,Guess the Antonym,Image
"君主 (くんしゅ)","臣下,しんか,臣民,しんみん",,Guess the Antonym,Image
"否 (いな)","然り,しかり",,Guess the Antonym,Image
"否 (ひ)","肯,こう,諾,だく",,Guess the Antonym,Image
"否ぶ (いなぶ)","諾う,うべなう",,Guess the Antonym,Image
"否む (いなむ)","肯んずる,がえんずる,諾う,うべなう",,Guess the Antonym,Image
"否認 (ひにん)","承認,しょうにん,是認,ぜにん",,Guess the Antonym,Image
"含める (ふくめる)","除く,のぞく",,Guess the Antonym,Image
"吸 (きゅう)","呼,こ",,Guess the Antonym,Image
"吸入 (きゅうにゅう)","排出,はいしゅつ",,Guess the Antonym,Image
"吸収 (きゅうしゅう)","発散,はっさん",,Guess the Antonym,Image
"吸気 (きゅうき)","排気,はいき",,Guess the Antonym,Image
"吸熱反応 (きゅうねつはんのう)","発熱反応,はつねつはんのう",,Guess the Antonym,Image
"吾が国 (あがくに)","外つ国,とつくに",,Guess the Antonym,Image
"呉れる (くれる)","貰う,もらう",,Guess the Antonym,Image
"呟く (つぶやく)","喚く,わめく",,Guess the Antonym,Image
"呪詛 (じゅそ)","祝福,しゅくふく",,Guess the Antonym,Image
"味方 (みかた)`御方 (みかた)","敵,てき",,Guess the Antonym,Image
"味方・御方・身方 (みかた)","敵,てき,敵方,てきがた",,Guess the Antonym,Image
"和 (わ)","差,さ,戦,せん,洋,よう,漢,かん",,Guess the Antonym,Image
"和らぐ (やわらぐ)","強張る,こわばる",,Guess the Antonym,Image
"和らげる (やわらげる)","強張らせる,こわばらせる",,Guess the Antonym,Image
"和事 (わごと)","荒事,あらごと",,Guess the Antonym,Image
"和合 (わごう)","闘争,とうそう,離反,りはん,離反・離叛,りはん,離叛,りはん",,Guess the Antonym,Image
"和名 (わめい)","学名,がくめい",,Guess the Antonym,Image
"和妙 (にきたえ)","荒妙,あらたえ",,Guess the Antonym,Image
"和姦 (わかん)","強姦,ごうかん",,Guess the Antonym,Image
"和御魂 (にぎみたま・にぎたま・にきみやま)`和御魂・和魂 (にぎみたま・にぎたま・にきみやま)`和魂 (にぎみたま・にぎたま・にきみやま)","荒御魂,あらみたま",,Guess the Antonym,Image
"和文 (わぶん)","欧文,おうぶん",,Guess the Antonym,Image
"和気 (わき)","殺気,さっき",,Guess the Antonym,Image
"和独 (わどく)","独和,どくわ",,Guess the Antonym,Image
"和稲 (にきしね)","荒稲,あらしね",,Guess the Antonym,Image
"和英辞典 (わえいじてん)","英和辞典,えいわじてん",,Guess the Antonym,Image
"和解 (わかい)","紛争,ふんそう",,Guess the Antonym,Image
"咲く (さく)","散る,ちる,萎む・凋む,しぼむ",,Guess the Antonym,Image
"哀 (あい)","楽,らく,歓,かん",,Guess the Antonym,Image
"哀しい (かなしい)","嬉しい,うれしい",,Guess the Antonym,Image
"哀悼 (あいとう)","慶祝,けいしゅく,祝賀,しゅくが",,Guess the Antonym,Image
"哄笑 (こうしょう)`大笑 (たいしょう)","微笑,びしょう",,Guess the Antonym,Image
"哲夫 (てっぷ)","愚夫,ぐふ",,Guess the Antonym,Image
"哲婦 (てっぷ)","愚婦,ぐふ",,Guess the Antonym,Image
"唆す (そそのかす)","諫める,いさめる",,Guess the Antonym,Image
"唐歌 (からうた)","大和歌,やまとうた",,Guess the Antonym,Image
"唐絵 (からえ)","大和絵,やまとえ",,Guess the Antonym,Image
"唯心論 (ゆいしんろん)","唯物論,ゆいぶつろん",,Guess the Antonym,Image
"啀み合う (いがみあう)","睦び合う,むつびあう,睦み合う,むつみあう",,Guess the Antonym,Image
"商業手形 (しょうぎょうてがた)","融通手形,ゆうずうてがた",,Guess the Antonym,Image
"問 (もん)","答,とう",,Guess the Antonym,Image
"問い (とい)","答え,こたえ",,Guess the Antonym,Image
"問う (とう)`尋ねる (たずねる)","答える,こたえる",,Guess the Antonym,Image
"善 (ぜん)","悪,あく",,Guess the Antonym,Image
"善は急げ (ぜんはいそげ)","悪は延べよ,あくはのべよ",,Guess the Antonym,Image
"善様 (よさま・よざま)`善様・好様 (よさま・よざま)`好様 (よさま・よざま)","悪し様,あしざま",,Guess the Antonym,Image
"喋る (しゃべる)","黙る,だまる",,Guess the Antonym,Image
"喜 (き)","悲,ひ,憂,ゆう",,Guess the Antonym,Image
"喜ばしい (よろこばしい)","嘆かわしい,なげかわしい,悲しい・哀しい,かなしい",,Guess the Antonym,Image
"喜ばしい・悦ばしい (よろこばしい)","嘆かわしい,なげかわしい,憂わしい,うれわしい",,Guess the Antonym,Image
"喜び (よろこび)","悲しみ,かなしみ,憂い,うれい",,Guess the Antonym,Image
"喜ぶ (よろこぶ)","悲しむ,かなしむ,憂える,うれえる",,Guess the Antonym,Image
"喜気 (きき)","怒気,どき",,Guess the Antonym,Image
"喧嘩四つ (けんかよつ)","相四つ,あいよつ",,Guess the Antonym,Image
"喧噪 (けんそう)`喧騒 (けんそう)","閑静,かんせい",,Guess the Antonym,Image
"喧騒・喧噪 (けんそう)","閑静,かんせい,静寂,せいじゃく",,Guess the Antonym,Image
"喪失 (そうしつ)","獲得,かくとく",,Guess the Antonym,Image
"喫煙 (きつえん)","禁煙,きんえん",,Guess the Antonym,Image
"喬木 (きょうぼく)","灌木,かんぼく",,Guess the Antonym,Image
"営営 (えいえい)`営々 (えいえい)`営営・営々 (えいえい)","安閑,あんかん",,Guess the Antonym,Image
"営業用 (えいぎょうよう)","自家用,じかよう",,Guess the Antonym,Image
"嗾ける (けしかける)","宥める,なだめる",,Guess the Antonym,Image
"嘆かわしい (なげかわしい)","悦ばしい,よろこばしい",,Guess the Antonym,Image
"嘆称 (たんしょう)`嘆賞 (たんしょう)`嘆賞・嘆称 (たんしょう)`感嘆 (かんたん)`感嘆・感歎 (かんたん)`感歎 (かんたん)","罵倒,ばとう",,Guess the Antonym,Image
"嘘 (うそ)","本当,ほんとう,誠・真・実,まこと",,Guess the Antonym,Image
"嘘吐き (うそつき)","正直者,しょうじきもの",,Guess the Antonym,Image
"器械体操 (きかいたいそう)","徒手体操,としゅたいそう",,Guess the Antonym,Image
"器楽 (きがく)","声楽,せいがく",,Guess the Antonym,Image
"器用 (きよう)","無器用,ぶきよう",,Guess the Antonym,Image
"器量好し (きりょうよし)","無器量,ぶきりょう",,Guess the Antonym,Image
"噪音 (そうおん)","楽音,がくおん",,Guess the Antonym,Image
"回り道 (まわりみち)","近道,ちかみち",,Guess the Antonym,Image
"回訓 (かいくん)","請訓,せいくん",,Guess the Antonym,Image
"回避 (かいひ)","直面,ちょくめん",,Guess the Antonym,Image
"因 (いん)","果,か",,Guess the Antonym,Image
"困難 (こんなん)","容易,ようい,平易,へいい",,Guess the Antonym,Image
"固い (かたい)","柔らかい,やわらかい,柔らかい・軟らかい,やわらかい,脆い,もろい,軟らかい,やわらかい",,Guess the Antonym,Image
"固まる (かたまる)","溶ける,とける",,Guess the Antonym,Image
"固める (かためる)","溶かす,とかす",,Guess the Antonym,Image
"固体 (こたい)","気体,きたい,液体,えきたい",,Guess the Antonym,Image
"固執 (こしつ)","譲歩,じょうほ",,Guess the Antonym,Image
"固定式 (こていしき)","移動式,いどうしき",,Guess the Antonym,Image
"固定株 (こていかぶ)","浮動株,ふどうかぶ",,Guess the Antonym,Image
"固定的 (こていてき)","流動的,りゅうどうてき",,Guess the Antonym,Image
"固定票 (こていひょう)","浮動票,ふどうひょう",,Guess the Antonym,Image
"固定給 (こていきゅう)","歩合給,ぶあいきゅう",,Guess the Antonym,Image
"固定費 (こていひ)","変動費,へんどうひ",,Guess the Antonym,Image
"固定資本 (こていしほん)","流動資本,りゅうどうしほん",,Guess the Antonym,Image
"固定資産 (こていしさん)","流動資産,りゅうどうしさん",,Guess the Antonym,Image
"固形物 (こけいぶつ)","流動物,りゅうどうぶつ",,Guess the Antonym,Image
"固形食 (こけいしょく)","流動食,りゅうどうしょく",,Guess the Antonym,Image
"固有名詞 (こゆうめいし)","普通名詞,ふつうめいし",,Guess the Antonym,Image
"固有法 (こゆうほう)","継受法,けいじゅほう",,Guess the Antonym,Image
"固辞 (こじ)","快諾,かいだく",,Guess the Antonym,Image
"国内 (こくない)","海外,かいがい",,Guess the Antonym,Image
"国内法 (こくないほう)","国際法,こくさいほう",,Guess the Antonym,Image
"国学 (こくがく)","洋学,ようがく,漢学,かんがく",,Guess the Antonym,Image
"国家老 (くにがろう)","江戸家老,えどがろう",,Guess the Antonym,Image
"国有 (こくゆう)","民有,みんゆう,私有,しゆう",,Guess the Antonym,Image
"国権 (こっけん)","民権,みんけん",,Guess the Antonym,Image
"国産 (こくさん)","外国産,がいこくさん,舶来,はくらい",,Guess the Antonym,Image
"国産車 (こくさんしゃ)","外車,がいしゃ",,Guess the Antonym,Image
"国税 (こくぜい)","地方税,ちほうぜい",,Guess the Antonym,Image
"国立 (こくりつ)`国公立 (こっこうりつ)","私立,しりつ",,Guess the Antonym,Image
"国育ち (くにそだち)","都育ち,みやこそだち",,Guess the Antonym,Image
"国表 (くにおもて)","江戸表,えどおもて",,Guess the Antonym,Image
"国詰め (くにづめ)","江戸詰め,えどづめ",,Guess the Antonym,Image
"国語 (こくご)","外国語,がいこくご,外語,がいご",,Guess the Antonym,Image
"国選弁護人 (こくせんべんごにん)","私選弁護人,しせんべんごにん",,Guess the Antonym,Image
"国鉄 (こくてつ)","私鉄,してつ",,Guess the Antonym,Image
"土用入り (どよういり)","土用明け,どようあけ",,Guess the Antonym,Image
"土着 (どちゃく)`在来 (ざいらい)","外来,がいらい",,Guess the Antonym,Image
"圧倒 (あっとう)","比肩,ひけん",,Guess the Antonym,Image
"圧力 (あつりょく)","張力,ちょうりょく",,Guess the Antonym,Image
"圧縮 (あっしゅく)`冷凍 (れいとう)","解凍,かいとう",,Guess the Antonym,Image
"在り来り (ありきたり)","型破り,かたやぶり,珍しい,めずらしい,風変り,ふうがわり,風変わり,ふうがわり,風変わり・風変り,ふうがわり",,Guess the Antonym,Image
"在国 (ざいこく)","在府,ざいふ",,Guess the Antonym,Image
"在宅 (ざいたく)","外出,がいしゅつ,留守,るす",,Guess the Antonym,Image
"在銘 (ざいめい)","無銘,むめい",,Guess the Antonym,Image
"地 (ち)","天,てん",,Guess the Antonym,Image
"地主 (じぬし)","小作人,こさくにん",,Guess the Antonym,Image
"地味 (じみ)","派手,はで",,Guess the Antonym,Image
"地坪 (じつぼ)","建坪,たてつぼ",,Guess the Antonym,Image
"地声 (じごえ)","裏声,うらごえ",,Guess the Antonym,Image
"地峡 (ちきょう)","海峡,かいきょう",,Guess the Antonym,Image
"地平線 (ちへいせん)","水平線,すいへいせん",,Guess the Antonym,Image
"地方 (じかた)","町方,まちかた",,Guess the Antonym,Image
"地方銀行 (ちほうぎんこう)","都市銀行,としぎんこう",,Guess the Antonym,Image
"地獄 (じごく)","天国,てんごく,極楽,ごくらく",,Guess the Antonym,Image
"地異 (ちい)","天変,てんぺん",,Guess the Antonym,Image
"地縁 (ちえん)","血縁,けつえん",,Guess the Antonym,Image
"地金 (じがね)","鍍金,めっき",,Guess the Antonym,Image
"均しい (ひとしい)`斉しい (ひとしい)","異なる,ことなる",,Guess the Antonym,Image
"坐る (すわる)`座る (すわる)`座る・坐る (すわる)","立つ,たつ",,Guess the Antonym,Image
"坐像 (ざぞう)`座像 (ざぞう)`座像・坐像 (ざぞう)","立像,りつぞう",,Guess the Antonym,Image
"坐礼 (ざれい)`座礼 (ざれい)`座礼・坐礼 (ざれい)","立礼,りつれい",,Guess the Antonym,Image
"坑内掘り (こうないぼり)","露天掘り,ろてんぼり",,Guess the Antonym,Image
"坦路 (たんろ)","険路,けんろ",,Guess the Antonym,Image
"垂れ幕 (たれまく)","引き幕,ひきまく,引き幕・引幕,ひきまく,引幕,ひきまく",,Guess the Antonym,Image
"垂直 (すいちょく)","水平,すいへい",,Guess the Antonym,Image
"垂露 (すいろ)","懸針,けんしん",,Guess the Antonym,Image
"垢抜けした (あかぬけした)","泥臭い,どろくさい,野暮ったい,やぼったい",,Guess the Antonym,Image
"埋み樋 (うずみひ)","懸樋,かけひ・かけい",,Guess the Antonym,Image
"埋める (うずめる)","掘り出す,ほりだす,掘り出す・掘出す,ほりだす,掘る,ほる,掘出す,ほりだす",,Guess the Antonym,Image
"埋める (うめる)","掘る,ほる",,Guess the Antonym,Image
"執着 (しゅうちゃく・しゅうじゃく)","断念,だんねん",,Guess the Antonym,Image
"執行機関 (しっこうきかん)","議決機関,ぎけつきかん",,Guess the Antonym,Image
"基本 (きほん)","応用,おうよう",,Guess the Antonym,Image
"基肥 (きひ)","追肥,ついひ",,Guess the Antonym,Image
"堅 (けん)","脆,ぜい",,Guess the Antonym,Image
"堅い (かたい)","柔らかい,やわらかい,柔らかい・軟らかい,やわらかい,軟らかい,やわらかい",,Guess the Antonym,Image
"堅木 (かたぎ)","軟木,やわき",,Guess the Antonym,Image
"堅氷 (けんぴょう)","薄氷,はくひょう",,Guess the Antonym,Image
"堅調 (けんちょう)","軟調,なんちょう",,Guess the Antonym,Image
"堪え性 (こらえしょう)","癇癪持ち,かんしゃくもち",,Guess the Antonym,Image
"堪忍 (かんにん)","立腹,りっぷく",,Guess the Antonym,Image
"報仇 (ほうきゅう)","報恩,ほうおん",,Guess the Antonym,Image
"報恩 (ほうおん)","忘恩,ぼうおん",,Guess the Antonym,Image
"場末 (ばすえ)","盛り場,さかりば",,Guess the Antonym,Image
"塞がり (ふさがり)","恵方,えほう,恵方・吉方,えほう",,Guess the Antonym,Image
"塞がる (ふさがる)","空く,あく",,Guess the Antonym,Image
"塩水 (えんすい)","淡水,たんすい,真水,まみず",,Guess the Antonym,Image
"塩水 (しおみず)","真水,まみず",,Guess the Antonym,Image
"増す (ます)`増える (ふえる)`増える・殖える (ふえる)`殖える (ふえる)","減る,へる",,Guess the Antonym,Image
"増す・益す (ます)","減らす,へらす,減る,へる",,Guess the Antonym,Image
"増やす (ふやす)`増やす・殖やす (ふやす)`殖やす (ふやす)","減らす,へらす",,Guess the Antonym,Image
"増加 (ぞうか)`増大 (ぞうだい)","減少,げんしょう",,Guess the Antonym,Image
"増益 (ぞうえき)","減損,げんそん",,Guess the Antonym,Image
"増進 (ぞうしん)","減退,げんたい",,Guess the Antonym,Image
"墨絵 (すみえ)","色絵,いろえ",,Guess the Antonym,Image
"壊す (こわす)`毀す (こわす)","直す,なおす",,Guess the Antonym,Image
"壊す・毀す (こわす)","拵える,こしらえる,直す,なおす",,Guess the Antonym,Image
"壮健 (そうけん)","病弱,びょうじゃく",,Guess the Antonym,Image
"壮挙 (そうきょ)","愚挙,ぐきょ",,Guess the Antonym,Image
"売 (ばい)","買,ばい",,Guess the Antonym,Image
"売り (うり)","買い,かい",,Guess the Antonym,Image
"売り主・売主 (うりぬし)","買い主,かいぬし,買主,かいぬし",,Guess the Antonym,Image
"売り値・売値 (うりね)","買い値,かいね,買値,かいね",,Guess the Antonym,Image
"売り切れる (うりきれる)","売れ残る,うれのこる",,Guess the Antonym,Image
"売り初め・売初め (うりぞめ)","買い初め,かいぞめ,買初め,かいぞめ",,Guess the Antonym,Image
"売り家 (うりいえ)","貸し家,かしいえ",,Guess the Antonym,Image
"売り家 (うりや)","貸家,かしや",,Guess the Antonym,Image
"売り方・売方 (うりかた)","買い方,かいかた,買方,かいかた",,Guess the Antonym,Image
"売り気・売気 (うりき)","買い気,かいき,買気,かいき",,Guess the Antonym,Image
"売り渡す・売渡す (うりわたす)","買い受ける,かいうける,買受ける,かいうける",,Guess the Antonym,Image
"売る (うる)","買う,かう",,Guess the Antonym,Image
"売主 (うりぬし)`売り主 (うりぬし)","買い主・買主,かいぬし",,Guess the Antonym,Image
"売値 (うりね)`売り値 (うりね)","買い値・買値,かいね",,Guess the Antonym,Image
"売初め (うりぞめ)`売り初め (うりぞめ)","買い初め・買初め,かいぞめ",,Guess the Antonym,Image
"売却 (ばいきゃく)","購入,こうにゅう",,Guess the Antonym,Image
"売品 (ばいひん)","非売品,ひばいひん",,Guess the Antonym,Image
"売国 (ばいこく)","愛国,あいこく",,Guess the Antonym,Image
"売方 (うりかた)`売り方 (うりかた)","買い方・買方,かいかた",,Guess the Antonym,Image
"売気 (うりき)`売り気 (うりき)","買い気・買気,かいき",,Guess the Antonym,Image
"売渡す (うりわたす)`売り渡す (うりわたす)","買い受ける・買受ける,かいうける",,Guess the Antonym,Image
"壻 (むこ)`婿 (むこ)`婿・聟・壻 (むこ)","嫁,よめ",,Guess the Antonym,Image
"変事 (へんじ)","常事,じょうじ",,Guess the Antonym,Image
"変則 (へんそく)","常則,じょうそく,正則,せいそく,通則,つうそく",,Guess the Antonym,Image
"変動 (へんどう)`動揺 (どうよう)`不安定 (ふあんてい)","安定,あんてい",,Guess the Antonym,Image
"変化球 (へんかきゅう)","直球,ちょっきゅう",,Guess the Antonym,Image
"変態 (へんたい)","常態,じょうたい",,Guess the Antonym,Image
"変数 (へんすう)","定数,ていすう",,Guess the Antonym,Image
"変温動物 (へんおんどうぶつ)","定温動物,ていおんどうぶつ,恒温動物,こうおんどうぶつ",,Guess the Antonym,Image
"変記号 (へんきごう)","嬰記号,えいきごう",,Guess the Antonym,Image
"変調 (へんちょう)","復調,ふくちょう,正調,せいちょう",,Guess the Antonym,Image
"夕 (せき)","朝,ちょう",,Guess the Antonym,Image
"夕なぎ・夕凪 (ゆうなぎ)","朝なぎ,あさなぎ,朝凪,あさなぎ",,Guess the Antonym,Image
"夕べ (ゆうべ)","朝,あした",,Guess the Antonym,Image
"夕まぐれ (ゆうまぐれ)","朝ぼらけ,あさぼらけ",,Guess the Antonym,Image
"夕凪 (ゆうなぎ)`夕なぎ (ゆうなぎ)","朝なぎ・朝凪,あさなぎ",,Guess the Antonym,Image
"夕暮れ (ゆうぐれ)","朝明け,あさあけ",,Guess the Antonym,Image
"夕食 (ゆうげ)`夕餉 (ゆうげ)","朝餉・朝食,あさげ",,Guess the Antonym,Image
"夕餉・夕食 (ゆうげ)","朝食,あさげ,朝餉,あさげ",,Guess the Antonym,Image
"外す (はずす)","嵌める,はめる,当てる,あてる,掛ける,かける",,Guess the Antonym,Image
"外れ (はずれ)","当たり,あたり",,Guess the Antonym,Image
"外れる (はずれる)","当たる,あたる",,Guess the Antonym,Image
"外伝 (がいでん)","本伝,ほんでん",,Guess the Antonym,Image
"外出 (がいしゅつ)","帰宅,きたく",,Guess the Antonym,Image
"外史 (がいし)","正史,せいし",,Guess the Antonym,Image
"外国語 (がいこくご)","日本語,にほんご,自国語,じこくご",,Guess the Antonym,Image
"外字 (がいじ)","邦字,ほうじ",,Guess the Antonym,Image
"外山 (とやま)","奥山,おくやま,深山,みやま",,Guess the Antonym,Image
"外様 (とざま)","譜代,ふだい,譜代・譜第,ふだい,譜第,ふだい",,Guess the Antonym,Image
"外貨 (がいか)","邦貨,ほうか",,Guess the Antonym,Image
"多 (た)","寡,か,少,しょう",,Guess the Antonym,Image
"多い (おおい)","少ない,すくない",,Guess the Antonym,Image
"多め (おおめ)","少なめ,すくなめ",,Guess the Antonym,Image
"多分 (たぶん)","屹度,きっと,必ず,かならず",,Guess the Antonym,Image
"多勢 (たぜい)","無勢,ぶぜい",,Guess the Antonym,Image
"多多 (たた)","少々,しょうしょう",,Guess the Antonym,Image
"多大 (ただい)","微少,びしょう,軽少,けいしょう",,Guess the Antonym,Image
"多幸 (たこう)","多難,たなん,薄倖,はっこう,薄幸,はっこう,薄幸・薄倖,はっこう",,Guess the Antonym,Image
"多弁 (たべん)","寡黙,かもく",,Guess the Antonym,Image
"多慾 (たよく)`多欲 (たよく)","寡欲・寡慾,かよく",,Guess the Antonym,Image
"多様性 (たようせい)","画一性,かくいつせい",,Guess the Antonym,Image
"多欲・多慾 (たよく)","寡慾,かよく,寡欲,かよく,無慾,むよく,無欲,むよく",,Guess the Antonym,Image
"多病 (たびょう)","無病,むびょう",,Guess the Antonym,Image
"多芸 (たげい)","無芸,むげい",,Guess the Antonym,Image
"多趣味 (たしゅみ)","没趣味,ぼつしゅみ,無趣味,むしゅみ",,Guess the Antonym,Image
"夜 (や)","日,にち,昼,ちゅう",,Guess the Antonym,Image
"夜 (よる)","昼,ひる",,Guess the Antonym,Image
"夜な夜な (よなよな)","朝な朝な,あさなあさな",,Guess the Antonym,Image
"夜寒 (よさむ)","朝寒,あささむ",,Guess the Antonym,Image
"夜嵐 (よあらし)","朝嵐,あさあらし",,Guess the Antonym,Image
"夜戸出 (よとで)","朝戸出,あさとで",,Guess the Antonym,Image
"夜明け (よあけ)","日暮れ,ひぐれ",,Guess the Antonym,Image
"夜更かし (よふかし)","早寝,はやね",,Guess the Antonym,Image
"夜立ち (よだち)","朝立ち,あさだち",,Guess the Antonym,Image
"夜蜘蛛 (よるぐも)","朝蜘蛛,あさぐも",,Guess the Antonym,Image
"夜討ち (ようち)","朝駆け,あさがけ",,Guess the Antonym,Image
"夜雨 (やう)","朝雨,ちょうう",,Guess the Antonym,Image
"夜霧 (よぎり)","朝霧,あさぎり",,Guess the Antonym,Image
"夜露 (よつゆ)","朝露,あさつゆ",,Guess the Antonym,Image
"夜風 (よかぜ)","朝風,あさかぜ",,Guess the Antonym,Image
"夢 (ゆめ)","現,うつつ",,Guess the Antonym,Image
"夥多 (かた)","希少,きしょう,希少・稀少,きしょう,稀少,きしょう",,Guess the Antonym,Image
"大 (だい)","小,しょう,細,さい",,Guess the Antonym,Image
"大きい (おおきい)","小さい,ちいさい",,Guess the Antonym,Image
"大きな (おおきな)","小さな,ちいさな",,Guess the Antonym,Image
"大まか (おおまか)","細か,こまか",,Guess the Antonym,Image
"大事 (だいじ)","瑣事,さじ",,Guess the Antonym,Image
"大人 (おとな)","子ども,こども,子ども・子供,こども,子供,こども",,Guess the Antonym,Image
"大人らしい (おとならしい)","大人気ない,おとなげない",,Guess the Antonym,Image
"大仰 (おおぎょう)`大袈裟 (おおげさ)","控え目,ひかえめ",,Guess the Antonym,Image
"大企業 (だいきぎょう)","零細企業,れいさいきぎょう",,Guess the Antonym,Image
"大作 (たいさく)","小品,しょうひん",,Guess the Antonym,Image
"大儲け (おおもうけ)","大損,おおぞん",,Guess the Antonym,Image
"大兄 (たいけい)","小弟,しょうてい,小弟・少弟,しょうてい,少弟,しょうてい",,Guess the Antonym,Image
"大切 (たいせつ)","粗末,そまつ",,Guess the Antonym,Image
"大勝・大捷 (たいしょう)`大捷 (たいしょう)","大敗,たいはい",,Guess the Antonym,Image
"大商い (おおあきない)","薄商い,うすあきない",,Guess the Antonym,Image
"大天井 (おおてんじょう)","大底,おおぞこ",,Guess the Antonym,Image
"大姉 (だいし)","居士,こじ",,Guess the Antonym,Image
"大引け (おおびけ)","寄り付き,よりつき",,Guess the Antonym,Image
"大役 (たいやく)","端役,はやく",,Guess the Antonym,Image
"大慾 (たいよく)`大欲 (たいよく)","小欲・少欲,しょうよく",,Guess the Antonym,Image
"大手 (おおて)","搦め手,からめて",,Guess the Antonym,Image
"大敗 (たいはい)","惜敗,せきはい",,Guess the Antonym,Image
"大旦那 (おおだんな)","若旦那,わかだんな",,Guess the Antonym,Image
"大智 (たいち)`大知 (たいち)","小知・小智,しょうち",,Guess the Antonym,Image
"大欲・大慾 (たいよく)","小欲,しょうよく,少欲,しょうよく",,Guess the Antonym,Image
"大殿 (おおとの)","若殿,わかとの",,Guess the Antonym,Image
"大波 (おおなみ)","漣,さざなみ,細波・小波・漣,さざなみ",,Guess the Antonym,Image
"大洋 (たいよう)","大陸,たいりく",,Guess the Antonym,Image
"大略 (たいりゃく)`概略 (がいりゃく)","詳細,しょうさい",,Guess the Antonym,Image
"大知・大智 (たいち)","小智,しょうち,小知,しょうち",,Guess the Antonym,Image
"大綱 (たいこう)","細目,さいもく",,Guess the Antonym,Image
"大胆 (だいたん)`剛胆 (ごうたん)","小心,しょうしん,臆病,おくびょう",,Guess the Antonym,Image
"大船 (おおぶね)","小舟,こぶね,小船・小舟,こぶね",,Guess the Antonym,Image
"大衆文学 (たいしゅうぶんがく)","純文学,じゅんぶんがく",,Guess the Antonym,Image
"大量 (たいりょう)","少量,しょうりょう",,Guess the Antonym,Image
"大金持ち (おおがねもち)","文無し,もんなし,素寒貧,すかんぴん",,Guess the Antonym,Image
"大陸 (たいりく)","海洋,かいよう",,Guess the Antonym,Image
"大風 (おおかぜ)","微風,そよかぜ",,Guess the Antonym,Image
"大食 (たいしょく)","少食,しょうしょく,少食・小食,しょうしょく",,Guess the Antonym,Image
"大鳥・鵬 (おおとり)","小鳥,ことり",,Guess the Antonym,Image
"天井 (てんじょう)","床,ゆか",,Guess the Antonym,Image
"天井値 (てんじょうね)","底値,そこね",,Guess the Antonym,Image
"天佑 (てんゆう)`天佑・天祐 (てんゆう)`天祐 (てんゆう)","天罰,てんばつ",,Guess the Antonym,Image
"天使 (てんし)","悪魔,あくま",,Guess the Antonym,Image
"天底 (てんてい)","天頂,てんちょう",,Guess the Antonym,Image
"天皇 (てんのう)","皇后,こうごう",,Guess the Antonym,Image
"太く短く (ふとくみじかく)","細く長く,ほそくながく",,Guess the Antonym,Image
"太り肉 (ふとりじし)","痩せ肉,やせじし",,Guess the Antonym,Image
"太る (ふとる)","痩せる,やせる",,Guess the Antonym,Image
"太る・肥る (ふとる)","痩せる,やせる,細る,ほそる",,Guess the Antonym,Image
"太平 (たいへい)`太平・泰平 (たいへい)","戦乱,せんらん",,Guess the Antonym,Image
"夫 (おっと)","妻,つま",,Guess the Antonym,Image
"夫 (ふ)","妻,さい,婦,ふ",,Guess the Antonym,Image
"夫人 (ふじん)","夫君,ふくん",,Guess the Antonym,Image
"失 (しつ)","得,とく",,Guess the Antonym,Image
"失う (うしなう)","得る,える",,Guess the Antonym,Image
"失効 (しっこう)","発効,はっこう",,Guess the Antonym,Image
"失意のどん底 (しついのどんぞこ)","得意の絶頂,とくいのぜっちょう",,Guess the Antonym,Image
"失敗 (しっぱい)","成功,せいこう",,Guess the Antonym,Image
"失望 (しつぼう)","希望,きぼう,期待,きたい",,Guess the Antonym,Image
"失業 (しつぎょう)","就業,しゅうぎょう",,Guess the Antonym,Image
"失火 (しっか)","放火,ほうか",,Guess the Antonym,Image
"失職 (しっしょく)","就職,しゅうしょく",,Guess the Antonym,Image
"奇兵 (きへい)","正兵,せいへい",,Guess the Antonym,Image
"奇手 (きしゅ)","定石,じょうせき",,Guess the Antonym,Image
"奇抜 (きばつ)","平凡,へいぼん",,Guess the Antonym,Image
"奇襲 (きしゅう)","正攻,せいこう",,Guess the Antonym,Image
"契約 (けいやく)","解約,かいやく",,Guess the Antonym,Image
"奔流 (ほんりゅう)","緩流,かんりゅう",,Guess the Antonym,Image
"奥 (おく)","端,はし,表,おもて",,Guess the Antonym,Image
"奥書 (おくがき)","端書き,はしがき,端書き・端書,はしがき",,Guess the Antonym,Image
"奥様 (おくさま)","旦那様,だんなさま",,Guess the Antonym,Image
"奥行き (おくゆき)","間口,まぐち",,Guess the Antonym,Image
"奨励 (しょうれい)","禁止,きんし",,Guess the Antonym,Image
"奪う (うばう)","與える,あたえる",,Guess the Antonym,Image
"奪取 (だっしゅ)","奪還,だっかん",,Guess the Antonym,Image
"女 (おんな)","男,おとこ",,Guess the Antonym,Image
"女 (じょ)","男,だん",,Guess the Antonym,Image
"女 (にょ)","男,なん",,Guess the Antonym,Image
"女 (め)","男,お",,Guess the Antonym,Image
"女やもめ (おんなやもめ)`女寡 (おんなやもめ)","男鰥・男やもめ,おとこやもめ",,Guess the Antonym,Image
"女女しい (めめしい)`女々しい (めめしい)","雄雄しい・雄々しい,おおしい",,Guess the Antonym,Image
"女女しい・女々しい (めめしい)","雄雄しい,おおしい,雄々しい,おおしい",,Guess the Antonym,Image
"女子衆 (おなごしゅう)","男衆,おとこしゅう",,Guess the Antonym,Image
"女寡・女やもめ (おんなやもめ)","男やもめ,おとこやもめ,男鰥,おとこやもめ",,Guess the Antonym,Image
"女尊男卑 (じょそんだんぴ)","男尊女卑,だんそんじょひ",,Guess the Antonym,Image
"女松 (めまつ)","雄松・男松,おまつ",,Guess the Antonym,Image
"女気 (おんなぎ)","男気・侠気,おとこぎ",,Guess the Antonym,Image
"女波・女浪 (めなみ)","男波,おなみ,男浪,おなみ",,Guess the Antonym,Image
"女浪 (めなみ)`女波 (めなみ)","男波・男浪,おなみ",,Guess the Antonym,Image
"女滝 (めだき)","雄滝・男滝,おだき",,Guess the Antonym,Image
"女王 (じょおう)","王,おう",,Guess the Antonym,Image
"女郎 (めろう)","野郎,やろう",,Guess the Antonym,Image
"好 (こう)","悪,お,憎,ぞう",,Guess the Antonym,Image
"好き (すき)","嫌い,きらい",,Guess the Antonym,Image
"好く (すく)`好む (このむ)","嫌う,きらう",,Guess the Antonym,Image
"好ましい (このましい)","疎ましい,うとましい",,Guess the Antonym,Image
"好天 (こうてん)","悪天候,あくてんこう,荒天,こうてん",,Guess the Antonym,Image
"好守 (こうしゅ)","拙守,せっしゅ",,Guess the Antonym,Image
"好意 (こうい)","敵意,てきい",,Guess the Antonym,Image
"好転 (こうてん)","悪化,あっか,暗転,あんてん",,Guess the Antonym,Image
"妖雲 (よううん)","瑞雲,ずいうん",,Guess the Antonym,Image
"妙技 (みょうぎ)","拙技,せつぎ",,Guess the Antonym,Image
"妙策 (みょうさく)","拙策,せっさく",,Guess the Antonym,Image
"妥結 (だけつ)","決裂,けつれつ",,Guess the Antonym,Image
"妹 (いもうと)`兄 (あに)","姉,あね,弟,おとうと",,Guess the Antonym,Image
"妹 (まい)","姉,し",,Guess the Antonym,Image
"妹分 (いもうとぶん)","姉貴分,あねきぶん",,Guess the Antonym,Image
"妹婿 (いもうとむこ)","弟嫁,おとうとよめ",,Guess the Antonym,Image
"妹山 (いもやま)","背山,せやま,背山・兄山,せやま",,Guess the Antonym,Image
"妻 (さい)","妾,しょう",,Guess the Antonym,Image
"妻入り (つまいり)","平入り,ひらいり",,Guess the Antonym,Image
"妾 (めかけ)","本妻,ほんさい",,Guess the Antonym,Image
"姉婿 (あねむこ)","嫂,あによめ",,Guess the Antonym,Image
"始 (し)","末,まつ,終,しゅう",,Guess the Antonym,Image
"始まり (はじまり)`初め (はじめ)`始め (はじめ)","終わり,おわり",,Guess the Antonym,Image
"始まる (はじまる)","終わる,おわる",,Guess the Antonym,Image
"始める (はじめる)","終える,おえる",,Guess the Antonym,Image
"始発 (しはつ)","終着,しゅうちゃく",,Guess the Antonym,Image
"始祖 (しそ)","末裔,まつえい",,Guess the Antonym,Image
"姑 (しゅうとめ)","舅,しゅうと",,Guess the Antonym,Image
"委しい (くわしい)","疎い,うとい",,Guess the Antonym,Image
"委細 (いさい)","概略,がいりゃく",,Guess the Antonym,Image
"姥 (うば)","尉,じょう",,Guess the Antonym,Image
"姪 (めい)","甥,おい",,Guess the Antonym,Image
"姫 (ひめ)","彦,ひこ",,Guess the Antonym,Image
"姻族 (いんぞく)","血族,けつぞく",,Guess the Antonym,Image
"威伏 (いふく)`威服 (いふく)`威服・威伏 (いふく)","悦服,えっぷく",,Guess the Antonym,Image
"威圧 (いあつ)","懐柔,かいじゅう",,Guess the Antonym,Image
"娘 (むすめ)","息子,むすこ",,Guess the Antonym,Image
"娶る (めとる)","嫁ぐ,とつぐ",,Guess the Antonym,Image
"婆・祖母 (ばば)","爺,じじ,祖父,じじ",,Guess the Antonym,Image
"婆さん (ばあさん)","爺さん・祖父さん,じいさん",,Guess the Antonym,Image
"婆さん・祖母さん (ばあさん)","爺さん,じいさん,祖父さん,じいさん",,Guess the Antonym,Image
"婆や (ばあや)","爺や,じいや",,Guess the Antonym,Image
"婉曲 (えんきょく)","露骨,ろこつ",,Guess the Antonym,Image
"婚家 (こんか)","実家,じっか,生家,せいか",,Guess the Antonym,Image
"媼 (おう)","翁,おう",,Guess the Antonym,Image
"媾和 (こうわ)","宣戦,せんせん",,Guess the Antonym,Image
"嫁 (よめ)","聟,むこ",,Guess the Antonym,Image
"嫌悪 (けんお)","愛好,あいこう",,Guess the Antonym,Image
"嫌煙 (けんえん)","愛煙,あいえん",,Guess the Antonym,Image
"嫡出 (ちゃくしゅつ)","庶出,しょしゅつ",,Guess the Antonym,Image
"嫡妻 (ちゃくさい)","権妻,ごんさい",,Guess the Antonym,Image
"嫡子 (ちゃくし)","庶子,しょし",,Guess the Antonym,Image
"嫡流 (ちゃくりゅう)","庶流,しょりゅう",,Guess the Antonym,Image
"嬉しい (うれしい)","悲しい,かなしい,悲しい・哀しい,かなしい",,Guess the Antonym,Image
"嬉しがる (うれしがる)","悲しがる,かなしがる",,Guess the Antonym,Image
"嬉し泣き (うれしなき)","悔し泣き,くやしなき",,Guess the Antonym,Image
"嬉し涙 (うれしなみだ)","悔し涙,くやしなみだ",,Guess the Antonym,Image
"子 (こ)","親,おや",,Guess the Antonym,Image
"子孫 (しそん)","祖先,そせん",,Guess the Antonym,Image
"子弟 (してい)","父兄,ふけい",,Guess the Antonym,Image
"子息 (しそく)","息女,そくじょ",,Guess the Antonym,Image
"子法 (しほう)","母法,ぼほう",,Guess the Antonym,Image
"子音 (しいん)","母音,ぼいん",,Guess the Antonym,Image
"字余り (じあまり)","字足らず,じたらず",,Guess the Antonym,Image
"存命 (ぞんめい)","落命,らくめい",,Guess the Antonym,Image
"存続 (そんぞく)`存置 (そんち)","廃止,はいし",,Guess the Antonym,Image
"孟冬 (もうとう)","季冬,きとう",,Guess the Antonym,Image
"孟夏 (もうか)","季夏,きか",,Guess the Antonym,Image
"孟春 (もうしゅん)","季春,きしゅん",,Guess the Antonym,Image
"孟秋 (もうしゅう)","季秋,きしゅう",,Guess the Antonym,Image
"孤山 (こざん)","群山,ぐんざん,連山,れんざん",,Guess the Antonym,Image
"孤峰 (こほう)","群峰,ぐんぽう,連峰,れんぽう",,Guess the Antonym,Image
"孤島 (ことう)","群島,ぐんとう",,Guess the Antonym,Image
"学ぶ (まなぶ)","教える,おしえる",,Guess the Antonym,Image
"学知 (がくち)","生知,せいち",,Guess the Antonym,Image
"宅地 (たくち)","農地,のうち",,Guess the Antonym,Image
"宅診 (たくしん)","往診,おうしん",,Guess the Antonym,Image
"守 (しゅ)","攻,こう",,Guess the Antonym,Image
"守る (まもる)","攻める,せめる,破る,やぶる",,Guess the Antonym,Image
"守備 (しゅび)","攻撃,こうげき",,Guess the Antonym,Image
"安んじる (やすんじる)","案じる,あんじる",,Guess the Antonym,Image
"安坐 (あんざ)`安座 (あんざ)","正座・正坐,せいざ",,Guess the Antonym,Image
"安堵 (あんど)","憂慮,ゆうりょ,懸念,けねん",,Guess the Antonym,Image
"安座・安坐 (あんざ)","正坐,せいざ,正座,せいざ",,Guess the Antonym,Image
"安心 (あんしん)","心配,しんぱい",,Guess the Antonym,Image
"安楽 (あんらく)","窮屈,きゅうくつ,苦痛,くつう",,Guess the Antonym,Image
"安産 (あんざん)","難産,なんざん",,Guess the Antonym,Image
"完 (かん)","未完,みかん,欠,けつ",,Guess the Antonym,Image
"完了 (かんりょう)","未了,みりょう,未完,みかん",,Guess the Antonym,Image
"完工 (かんこう)","着工,ちゃっこう,起工,きこう",,Guess the Antonym,Image
"完成 (かんせい)","未完,みかん,着手,ちゃくしゅ",,Guess the Antonym,Image
"完本 (かんぽん)","端本,はほん,零本,れいほん",,Guess the Antonym,Image
"完納 (かんのう)","怠納,たいのう,未納,みのう,滞納,たいのう,滞納・怠納,たいのう",,Guess the Antonym,Image
"完結 (かんけつ)","未完,みかん",,Guess the Antonym,Image
"完訳 (かんやく)`全訳 (ぜんやく)","抄訳,しょうやく",,Guess the Antonym,Image
"宏い (ひろい)`広い・宏い・弘い (ひろい)`弘い (ひろい)","狭い,せまい",,Guess the Antonym,Image
"宏大 (こうだい)`広大 (こうだい)`広大・宏大 (こうだい)","狭小,きょうしょう",,Guess the Antonym,Image
"宏量 (こうりょう)`広量・宏量 (こうりょう)`寛容 (かんよう)","狭量,きょうりょう",,Guess the Antonym,Image
"宗主国 (そうしゅこく)","従属国,じゅうぞくこく",,Guess the Antonym,Image
"官 (かん)","民,みん",,Guess the Antonym,Image
"官兵 (かんぺい)","私兵,しへい,賊兵,ぞくへい",,Guess the Antonym,Image
"官印 (かんいん)","私印,しいん",,Guess the Antonym,Image
"官地 (かんち)","私地,しち",,Guess the Antonym,Image
"官学 (かんがく)","私学,しがく",,Guess the Antonym,Image
"官宅 (かんたく)","私宅,したく",,Guess the Antonym,Image
"官尊 (かんそん)","民卑,みんぴ",,Guess the Antonym,Image
"官有 (かんゆう)","私有,しゆう",,Guess the Antonym,Image
"官服 (かんぷく)`制服 (せいふく)","私服,しふく",,Guess the Antonym,Image
"官治 (かんち)","自治,じち",,Guess the Antonym,Image
"官版 (かんぱん)","私版,しはん",,Guess the Antonym,Image
"官物 (かんぶつ)","私物,しぶつ",,Guess the Antonym,Image
"官禁 (かんきん)","官許,かんきょ",,Guess the Antonym,Image
"官製 (かんせい)","私製,しせい",,Guess the Antonym,Image
"官設 (かんせつ)","私設,しせつ",,Guess the Antonym,Image
"官費 (かんぴ)","私費,しひ,自費,じひ",,Guess the Antonym,Image
"官軍 (かんぐん)","賊軍,ぞくぐん",,Guess the Antonym,Image
"官選 (かんせん)","私選,しせん",,Guess the Antonym,Image
"官邸 (かんてい)","私邸,してい",,Guess the Antonym,Image
"定か (さだか)","幽か,かすか,微か,かすか,微か・幽か,かすか",,Guess the Antonym,Image
"定まる (さだまる)","揺らぐ,ゆらぐ",,Guess the Antonym,Image
"定める (さだめる)","揺るがす,ゆるがす",,Guess the Antonym,Image
"定休 (ていきゅう)","臨休,りんきゅう",,Guess the Antonym,Image
"定住 (ていじゅう)","流浪,るろう",,Guess the Antonym,Image
"定例 (ていれい)","異例,いれい,臨時,りんじ",,Guess the Antonym,Image
"定型詩 (ていけいし)","自由詩,じゆうし",,Guess the Antonym,Image
"定性分析 (ていせいぶんせき)","定量分析,ていりょうぶんせき",,Guess the Antonym,Image
"定時 (ていじ)","随時,ずいじ",,Guess the Antonym,Image
"定期預金 (ていきよきん)","普通預金,ふつうよきん",,Guess the Antonym,Image
"定本 (ていほん)","異本,いほん",,Guess the Antonym,Image
"定稿 (ていこう)","未定稿,みていこう",,Guess the Antonym,Image
"定説 (ていせつ)","異説,いせつ",,Guess the Antonym,Image
"宝 (たから)","屑,くず",,Guess the Antonym,Image
"実 (じつ)","虚,きょ",,Guess the Antonym,Image
"実働時間 (じつどうじかん)","拘束時間,こうそくじかん",,Guess the Antonym,Image
"実兄 (じっけい)","義兄,ぎけい",,Guess the Antonym,Image
"実包 (じっぽう)","空包,くうほう",,Guess the Antonym,Image
"実化 (じっけ)","権化,ごんげ",,Guess the Antonym,Image
"実印 (じついん)","認め印,みとめいん,認め印・認印,みとめいん,認印,みとめいん",,Guess the Antonym,Image
"実名 (じつめい)","綽名・渾名,あだな",,Guess the Antonym,Image
"実在 (じつざい)","架空,かくう",,Guess the Antonym,Image
"実在論 (じつざいろん)","観念論,かんねんろん",,Guess the Antonym,Image
"実妹 (じつまい)","義妹,ぎまい",,Guess the Antonym,Image
"実姉 (じっし)","義姉,ぎし",,Guess the Antonym,Image
"実子 (じっし)","継子,けいし,義子,ぎし,養子,ようし",,Guess the Antonym,Image
"実定法 (じっていほう)`人定法 (じんていほう)","自然法,しぜんほう",,Guess the Antonym,Image
"実弟 (じってい)","義弟,ぎてい",,Guess the Antonym,Image
"実弾 (じつだん)","空弾,くうだん",,Guess the Antonym,Image
"実戦 (じっせん)","演習,えんしゅう",,Guess the Antonym,Image
"実株 (じつかぶ)`現株 (げんかぶ)","空株,からかぶ,空株,くうかぶ",,Guess the Antonym,Image
"実母 (じつぼ)","継母,けいぼ,義母,ぎぼ,養母,ようぼ",,Guess the Antonym,Image
"実測 (じっそく)","目測,もくそく",,Guess the Antonym,Image
"実父 (じっぷ)","継父,けいふ,義父,ぎふ,養父,ようふ",,Guess the Antonym,Image
"実物 (じつぶつ)","模型,もけい",,Guess the Antonym,Image
"実物 (みもの)","花物,はなもの,葉物,はもの",,Guess the Antonym,Image
"実砲 (じっぽう)","空砲,くうほう",,Guess the Antonym,Image
"実米 (じつまい)`正米 (しょうまい)","空米,くうまい",,Guess the Antonym,Image
"実線 (じっせん)","点線,てんせん,破線,はせん",,Guess the Antonym,Image
"実践 (じっせん)`応用 (おうよう)","理論,りろん",,Guess the Antonym,Image
"実践的 (じっせんてき)","観念的,かんねんてき",,Guess the Antonym,Image
"実車 (じっしゃ)","空車,くうしゃ",,Guess the Antonym,Image
"客員 (かくいん・きゃくいん)","正員,せいいん",,Guess the Antonym,Image
"客室 (きゃくしつ)","居室,きょしつ",,Guess the Antonym,Image
"客船 (きゃくせん)","貨物船,かもつせん",,Guess the Antonym,Image
"客車 (きゃくしゃ)","貨車,かしゃ",,Guess the Antonym,Image
"客間 (きゃくま)","居間,いま",,Guess the Antonym,Image
"宣戦 (せんせん)","講和,こうわ,講和・媾和,こうわ",,Guess the Antonym,Image
"害 (がい)`損 (そん)","益,えき",,Guess the Antonym,Image
"宵の明星 (よいのみょうじょう)","明けの明星,あけのみょうじょう",,Guess the Antonym,Image
"宵闇 (よいやみ)`夕闇 (ゆうやみ)","暁闇,あかつきやみ",,Guess the Antonym,Image
"家主 (やぬし)`大家 (おおや)`大家・大屋 (おおや)`大屋 (おおや)","店子,たなこ",,Guess the Antonym,Image
"家厳 (かげん)","家慈,かじ",,Guess the Antonym,Image
"家畜 (かちく)","野獣,やじゅう",,Guess the Antonym,Image
"家禽 (かきん)","野禽,やきん,野鳥,やちょう",,Guess the Antonym,Image
"家蚕 (かさん)","野蚕,やさん",,Guess the Antonym,Image
"家鳩 (いえばと)","野鳩,のばと",,Guess the Antonym,Image
"容共 (ようきょう)","防共,ぼうきょう",,Guess the Antonym,Image
"容易い (たやすい)","難しい,むずかしい",,Guess the Antonym,Image
"宿主 (しゅくしゅ)","寄生体,きせいたい",,Guess the Antonym,Image
"宿直 (しゅくちょく)","日直,にっちょく",,Guess the Antonym,Image
"寂しい・淋しい (さびしい・さみしい)","賑やか,にぎやか,賑わしい,にぎわしい",,Guess the Antonym,Image
"寂れる (さびれる)`寂れる・淋れる (さびれる)`淋れる (さびれる)","賑わう,にぎわう",,Guess the Antonym,Image
"寄せ集め (よせあつめ)","粒選り,つぶより,選りすぐり,えりすぐり・よりすぐり",,Guess the Antonym,Image
"寄り値 (よりね)","引け値,ひけね",,Guess the Antonym,Image
"寄航 (きこう)","直航,ちょっこう",,Guess the Antonym,Image
"密 (みつ)","疎,そ",,Guess the Antonym,Image
"密か (ひそか)`密か・窃か・秘か・私か (ひそか)`私か (ひそか)`秘か (ひそか)`窃か (ひそか)","露,あらわ",,Guess the Antonym,Image
"密教 (みっきょう)","顕教,けんぎょう・けんきょう",,Guess the Antonym,Image
"密集 (みっしゅう)","散在,さんざい,点在,てんざい",,Guess the Antonym,Image
"富 (ふ)","貧,ひん",,Guess the Antonym,Image
"富む (とむ)","欠ける,かける",,Guess the Antonym,Image
"富強 (ふきょう)`豊富 (ほうふ)","貧弱,ひんじゃく",,Guess the Antonym,Image
"富裕 (ふゆう)","貧困,ひんこん,貧窮,ひんきゅう",,Guess the Antonym,Image
"富貴 (ふうき・ふき・ふっき)","貧賤,ひんせん",,Guess the Antonym,Image
"寒 (かん)","暖,だん",,Guess the Antonym,Image
"寒い (さむい)","暑い,あつい,暖かい,あたたかい",,Guess the Antonym,Image
"寒がり (さむがり)","暑がり,あつがり",,Guess the Antonym,Image
"寒がる (さむがる)","暑がる,あつがる",,Guess the Antonym,Image
"寒さ (さむさ)","暑さ,あつさ",,Guess the Antonym,Image
"寒の入り (かんのいり)","寒明け,かんあけ",,Guess the Antonym,Image
"寒中 (かんちゅう)","暑中,しょちゅう",,Guess the Antonym,Image
"寒冷 (かんれい)","温暖,おんだん",,Guess the Antonym,Image
"寒天 (かんてん)","暑天,しょてん,炎天,えんてん",,Guess the Antonym,Image
"寒威 (かんい)","暑威,しょい",,Guess the Antonym,Image
"寒帯 (かんたい)","温帯,おんたい,熱帯,ねったい",,Guess the Antonym,Image
"寒気 (かんき)","暑気,しょき",,Guess the Antonym,Image
"寒衣 (かんい)","暑衣,しょい",,Guess the Antonym,Image
"寒風 (かんぷう)","熱風,ねっぷう",,Guess the Antonym,Image
"寛大 (かんだい)","苛酷,かこく,過酷,かこく",,Guess the Antonym,Image
"寝かす (ねかす)`倒す (たおす)","起こす,おこす",,Guess the Antonym,Image
"寝しな (ねしな)","起きしな,おきしな",,Guess the Antonym,Image
"寝る (ねる)`伏せる (ふせる)`臥せる (ふせる)","起きる,おきる",,Guess the Antonym,Image
"寝入り端 (ねいりばな)","起き抜け,おきぬけ",,Guess the Antonym,Image
"寝技 (ねわざ)","立ち技,たちわざ,立ち技・立技,たちわざ,立技,たちわざ",,Guess the Antonym,Image
"寝汚い (いぎたない)`寝穢い (いぎたない)","目敏い,めざとい",,Guess the Antonym,Image
"寝穢い・寝汚い (いぎたない)","寝聡い,いざとい,目敏い,めざとい",,Guess the Antonym,Image
"寡 (か)","衆,しゅう",,Guess the Antonym,Image
"寡少 (かしょう)","衆多,しゅうた",,Guess the Antonym,Image
"寡黙 (かもく)","饒舌,じょうぜつ",,Guess the Antonym,Image
"対幅 (ついふく)","独幅,どくふく",,Guess the Antonym,Image
"対抗 (たいこう)","結託,けったく",,Guess the Antonym,Image
"対称 (たいしょう)","非対称,ひたいしょう",,Guess the Antonym,Image
"対話 (たいわ)`会話 (かいわ)","独話,どくわ",,Guess the Antonym,Image
"封建的 (ほうけんてき)","民主的,みんしゅてき",,Guess the Antonym,Image
"封書 (ふうしょ)","端書,はがき,葉書,はがき,葉書・端書,はがき",,Guess the Antonym,Image
"封緘 (ふうかん)","開封,かいふう",,Guess the Antonym,Image
"専門家 (せんもんか)","門外漢,もんがいかん",,Guess the Antonym,Image
"射当てる (いあてる)","射損なう,いそこなう",,Guess the Antonym,Image
"尊い (とうとい)`尊い (たっとい)","賤しい,いやしい",,Guess the Antonym,Image
"尊ぶ (とうとぶ・たっとぶ)","賤しむ,いやしむ",,Guess the Antonym,Image
"尊敬 (そんけい)","軽蔑,けいべつ",,Guess the Antonym,Image
"尊重 (そんちょう)","無視,むし",,Guess the Antonym,Image
"小じっかり (こじっかり)","小甘い,こあまい",,Guess the Antonym,Image
"小作農 (こさくのう)","自作農,じさくのう",,Guess the Antonym,Image
"小兵 (こひょう)","精兵,せいびょう",,Guess the Antonym,Image
"小利 (しょうり)","巨利,きょり",,Guess the Antonym,Image
"小官 (しょうかん)","貴官,きかん,顕官,けんかん",,Guess the Antonym,Image
"小心 (しょうしん)","放胆,ほうたん,豪胆,ごうたん,豪胆・剛胆,ごうたん",,Guess the Antonym,Image
"小指 (こゆび)","親指,おやゆび",,Guess the Antonym,Image
"小汚い (こぎたない)","小綺麗,こぎれい",,Guess the Antonym,Image
"小生 (しょうせい)`拙者 (せっしゃ)","貴殿,きでん",,Guess the Antonym,Image
"小胆 (しょうたん)","豪胆・剛胆,ごうたん",,Guess the Antonym,Image
"小船 (しょうせん)","巨船,きょせん",,Guess the Antonym,Image
"小著 (しょうちょ)","高著,こうちょ",,Guess the Antonym,Image
"小計 (しょうけい)","総計,そうけい",,Guess the Antonym,Image
"小降り (こぶり)","本降り,ほんぶり",,Guess the Antonym,Image
"小額 (しょうがく)","高額,こうがく",,Guess the Antonym,Image
"小鳥 (ことり)","鵬,おおとり",,Guess the Antonym,Image
"少し (すこし)","数多,あまた,沢山,たくさん",,Guess the Antonym,Image
"少女 (しょうじょ)","少年,しょうねん",,Guess the Antonym,Image
"尖端 (せんたん)","後端,こうたん",,Guess the Antonym,Image
"就任 (しゅうにん)","辞任,じにん,退任,たいにん,離任,りにん",,Guess the Antonym,Image
"就床 (しゅうしょう)`就寝 (しゅうしん)","起床,きしょう",,Guess the Antonym,Image
"就職 (しゅうしょく)","退職,たいしょく,離職,りしょく",,Guess the Antonym,Image
"就航 (しゅうこう)","欠航,けっこう",,Guess the Antonym,Image
"尻 (しり)","頭,あたま",,Guess the Antonym,Image
"尻上がり・尻上り (しりあがり)","尻下がり,しりさがり,尻下り,しりさがり",,Guess the Antonym,Image
"尻上り (しりあがり)`尻上がり (しりあがり)","尻下がり・尻下り,しりさがり",,Guess the Antonym,Image
"尾 (お)","頭,あたま,頭,かしら",,Guess the Antonym,Image
"尾 (び)","頭,とう,首,しゅ",,Guess the Antonym,Image
"局外者 (きょくがいしゃ)","当事者,とうじしゃ",,Guess the Antonym,Image
"屈従 (くつじゅう)`屈伏 (くっぷく)`屈服 (くっぷく)`屈服・屈伏 (くっぷく)","抵抗,ていこう",,Guess the Antonym,Image
"屍体 (したい)`死体・屍体 (したい)","生体,せいたい",,Guess the Antonym,Image
"属人主義 (ぞくじんしゅぎ)","属地主義,ぞくちしゅぎ",,Guess the Antonym,Image
"属国 (ぞっこく)","独立国,どくりつこく",,Guess the Antonym,Image
"山 (やま)","海,うみ",,Guess the Antonym,Image
"山分け (やまわけ)","独り占め,ひとりじめ,独り占め・一人占め,ひとりじめ",,Guess the Antonym,Image
"山地 (さんち)","平地,へいち,平野,へいや",,Guess the Antonym,Image
"山城 (やまじろ)","平城,ひらじろ",,Guess the Antonym,Image
"山折り (やまおり)","谷折り,たにおり",,Guess the Antonym,Image
"山脚 (さんきゃく)","山頭,さんとう",,Guess the Antonym,Image
"山裾 (やますそ)","峰・峯・嶺,みね",,Guess the Antonym,Image
"山言葉 (やまことば)","沖言葉,おきことば",,Guess the Antonym,Image
"山雪 (やまゆき)","里雪,さとゆき",,Guess the Antonym,Image
"山風 (やまかぜ)","谷風,たにかぜ",,Guess the Antonym,Image
"岸 (きし)","沖,おき",,Guess the Antonym,Image
"岸辺 (きしべ)","沖合,おきあい",,Guess the Antonym,Image
"峻下剤 (しゅんげざい)","緩下剤,かんげざい",,Guess the Antonym,Image
"峻別 (しゅんべつ)","混同,こんどう",,Guess the Antonym,Image
"崇める (あがめる)","蔑む,さげすむ,蔑む・貶む,さげすむ,貶む,さげすむ",,Guess the Antonym,Image
"崇拝 (すうはい)","軽侮,けいぶ",,Guess the Antonym,Image
"嵐の上 (あらしのうえ)","嵐の底,あらしのそこ",,Guess the Antonym,Image
"嶮阻 (けんそ)","平坦,へいたん",,Guess the Antonym,Image
"川底 (かわぞこ)","川面,かわも",,Guess the Antonym,Image
"川明き (かわあき)","川止め,かわどめ",,Guess the Antonym,Image
"川魚 (かわうお)","海魚,うみうお",,Guess the Antonym,Image
"左遷 (させん)","栄転,えいてん",,Guess the Antonym,Image
"巧 (こう)","拙,せつ",,Guess the Antonym,Image
"巧妙 (こうみょう)","拙劣,せつれつ,稚拙,ちせつ",,Guess the Antonym,Image
"巧詐 (こうさ)","拙誠,せっせい",,Guess the Antonym,Image
"巧遅 (こうち)","拙速,せっそく",,Guess the Antonym,Image
"巨 (きょ)`太 (たい)","細,さい",,Guess the Antonym,Image
"巨大 (きょだい)","微小,びしょう,細小,さいしょう",,Guess the Antonym,Image
"巨星 (きょせい)","矮星,わいせい",,Guess the Antonym,Image
"巨樹 (きょじゅ)","矮樹,わいじゅ",,Guess the Antonym,Image
"巨視的 (きょしてき)","微視的,びしてき",,Guess the Antonym,Image
"巨躯 (きょく)","矮躯,わいく",,Guess the Antonym,Image
"差し上げる (さしあげる)`差上げる (さしあげる)","頂く・戴く,いただく",,Guess the Antonym,Image
"差し上げる・差上げる (さしあげる)","戴く,いただく,頂く,いただく",,Guess the Antonym,Image
"差し出る (さしでる)","差し控える・差控える,さしひかえる",,Guess the Antonym,Image
"差し出る・差出る (さしでる)","差し控える,さしひかえる,差控える,さしひかえる",,Guess the Antonym,Image
"差し加える (さしくわえる)","差し引く・差引く,さしひく",,Guess the Antonym,Image
"差し加える・差加える (さしくわえる)","差し引く,さしひく,差引く,さしひく",,Guess the Antonym,Image
"差し引く・差引く (さしひく)","差加える,さしくわえる",,Guess the Antonym,Image
"差し控える・差控える (さしひかえる)","差出る,さしでる",,Guess the Antonym,Image
"差し潮 (さししお)`差し潮・差潮 (さししお)`差潮 (さししお)","引き潮,ひきしお",,Guess the Antonym,Image
"差し込む (さしこむ)`差込む (さしこむ)","抜き出す・抜出す,ぬきだす",,Guess the Antonym,Image
"差し込む・差込む (さしこむ)","引き抜く,ひきぬく,引抜く,ひきぬく,抜き出す,ぬきだす,抜出す,ぬきだす",,Guess the Antonym,Image
"差す手 (さすて)","引く手,ひくて",,Guess the Antonym,Image
"已に (すでに)`既に (すでに)`既に・已に (すでに)","未だに,いまだに",,Guess the Antonym,Image
"已然 (いぜん)","未然,みぜん",,Guess the Antonym,Image
"巻末 (かんまつ)","巻頭,かんとう,巻首,かんしゅ",,Guess the Antonym,Image
"市場価格 (しじょうかかく)","額面価格,がくめんかかく",,Guess the Antonym,Image
"市部 (しぶ)","郡部,ぐんぶ",,Guess the Antonym,Image
"帆船 (はんせん)","汽船,きせん",,Guess the Antonym,Image
"希望 (きぼう)`有望 (ゆうぼう)","絶望,ぜつぼう",,Guess the Antonym,Image
"希釈 (きしゃく)`希釈・稀釈 (きしゃく)","濃縮,のうしゅく",,Guess the Antonym,Image
"師 (し)`兄 (けい)","弟,てい",,Guess the Antonym,Image
"師匠 (ししょう)","弟子,でし,門弟,もんてい",,Guess the Antonym,Image
"帰り (かえり)","往き,いき・ゆき,行き,いき・ゆき,行き・往き,いき・ゆき",,Guess the Antonym,Image
"帰る (かえる)","往く,いく・ゆく,行く,いく・ゆく,行く・往く,いく・ゆく",,Guess the Antonym,Image
"帰京 (ききょう)","離京,りきょう",,Guess the Antonym,Image
"帰村 (きそん)","離村,りそん",,Guess the Antonym,Image
"帰納 (きのう)","演繹,えんえき",,Guess the Antonym,Image
"帰路 (きろ)","往路,おうろ",,Guess the Antonym,Image
"帰郷 (ききょう)","離郷,りきょう",,Guess the Antonym,Image
"常に (つねに)","稀に,まれに",,Guess the Antonym,Image
"常住 (じょうじゅう)","無常,むじょう",,Guess the Antonym,Image
"常体 (じょうたい)","敬体,けいたい",,Guess the Antonym,Image
"常例 (じょうれい)","異例,いれい",,Guess the Antonym,Image
"常勤 (じょうきん)","非常勤,ひじょうきん",,Guess the Antonym,Image
"常客 (じょうきゃく)","新客,しんきゃく",,Guess the Antonym,Image
"常常 (つねづね)","折折,おりおり",,Guess the Antonym,Image
"常態 (じょうたい)","狂態,きょうたい",,Guess the Antonym,Image
"常緑樹 (じょうりょくじゅ)","落葉樹,らくようじゅ",,Guess the Antonym,Image
"常識 (じょうしき)","非常識,ひじょうしき",,Guess the Antonym,Image
"常雇い (じょうやとい)","臨時雇い,りんじやとい",,Guess the Antonym,Image
"幕切れ (まくぎれ)","幕開き,まくあき",,Guess the Antonym,Image
"干 (かん)`数え (かぞえ)`欠 (けつ)","満,まん",,Guess the Antonym,Image
"干害 (かんがい)`干害・旱害 (かんがい)`旱害 (かんがい)","水害,すいがい",,Guess the Antonym,Image
"干渉 (かんしょう)","放任,ほうにん",,Guess the Antonym,Image
"平仮名 (ひらがな)","片仮名,かたかな",,Guess the Antonym,Image
"平凡 (へいぼん)","非凡,ひぼん",,Guess the Antonym,Image
"平原 (へいげん)","高原,こうげん",,Guess the Antonym,Image
"平和産業 (へいわさんぎょう)","軍需産業,ぐんじゅさんぎょう",,Guess the Antonym,Image
"平和革命 (へいわかくめい)","暴力革命,ぼうりょくかくめい",,Guess the Antonym,Image
"平坦 (へいたん)","険阻,けんそ,険阻・嶮阻,けんそ",,Guess the Antonym,Image
"平射 (へいしゃ)","曲射,きょくしゃ",,Guess the Antonym,Image
"平常 (へいじょう)","非常,ひじょう",,Guess the Antonym,Image
"平年 (へいねん)","閏年,うるうどし",,Guess the Antonym,Image
"平手 (ひらて)","拳,こぶし,拳骨,げんこつ",,Guess the Antonym,Image
"平易 (へいい)","難解,なんかい",,Guess the Antonym,Image
"平時 (へいじ)","戦時,せんじ,非常時,ひじょうじ",,Guess the Antonym,Image
"平服 (へいふく)","式服,しきふく,礼服,れいふく",,Guess the Antonym,Image
"平民 (へいみん)`庶民 (しょみん)","貴族,きぞく",,Guess the Antonym,Image
"平然 (へいぜん)","愕然,がくぜん",,Guess the Antonym,Image
"平穏 (へいおん)","険悪,けんあく",,Guess the Antonym,Image
"平面 (へいめん)","曲面,きょくめん",,Guess the Antonym,Image
"平面交差 (へいめんこうさ)","立体交差,りったいこうさ",,Guess the Antonym,Image
"平面的 (へいめんてき)","立体的,りったいてき",,Guess the Antonym,Image
"年寄 (としより)`年寄り (としより)`年寄り・年寄 (としより)","若者,わかもの",,Guess the Antonym,Image
"年少 (ねんしょう)","年長,ねんちょう",,Guess the Antonym,Image
"年末 (ねんまつ)","年頭,ねんとう",,Guess the Antonym,Image
"幸い (さいわい)","災い,わざわい,災い・禍,わざわい,禍,わざわい",,Guess the Antonym,Image
"幸運 (こううん)","悪運,あくうん",,Guess the Antonym,Image
"幸運・好運 (こううん)","悪運,あくうん,悲運,ひうん,非運,ひうん",,Guess the Antonym,Image
"幹 (かん)","枝,し",,Guess the Antonym,Image
"幹 (みき)","枝,えだ",,Guess the Antonym,Image
"幹線 (かんせん)","支線,しせん",,Guess the Antonym,Image
"幼 (よう)","老,ろう",,Guess the Antonym,Image
"幼稚 (ようち)","老練,ろうれん",,Guess the Antonym,Image
"幼虫 (ようちゅう)","成虫,せいちゅう",,Guess the Antonym,Image
"幼魚 (ようぎょ)","成魚,せいぎょ",,Guess the Antonym,Image
"幽か (かすか)`微か (かすか)","明か,さやか",,Guess the Antonym,Image
"幽界 (ゆうかい)","顕界,げんかい",,Guess the Antonym,Image
"広 (こう)","狭,きょう",,Guess the Antonym,Image
"広がる (ひろがる)`広がる・拡がる (ひろがる)`拡がる (ひろがる)`広まる・弘まる (ひろまる)`弘まる (ひろまる)","狭まる,せばまる",,Guess the Antonym,Image
"広める・弘める (ひろめる)`弘める (ひろめる)`広げる (ひろげる)`広げる・拡げる (ひろげる)`拡げる (ひろげる)","狭める,せばめる",,Guess the Antonym,Image
"広葉樹 (こうようじゅ)","針葉樹,しんようじゅ",,Guess the Antonym,Image
"序でに (ついでに)","態態,わざわざ",,Guess the Antonym,Image
"序幕 (じょまく)","終幕,しゅうまく",,Guess the Antonym,Image
"序文 (じょぶん)","跋文,ばつぶん",,Guess the Antonym,Image
"序曲 (じょきょく)","終曲,しゅうきょく",,Guess the Antonym,Image
"序盤 (じょばん)","終盤,しゅうばん",,Guess the Antonym,Image
"序章 (じょしょう)","終章,しゅうしょう",,Guess the Antonym,Image
"底物 (そこもの)","瀬物,せもの",,Guess the Antonym,Image
"底角 (ていかく)","頂角,ちょうかく",,Guess the Antonym,Image
"底魚 (そこうお)","浮き魚,うきうお",,Guess the Antonym,Image
"店主 (てんしゅ)","店員,てんいん",,Guess the Antonym,Image
"店仕舞 (みせじまい)","店開き,みせびらき",,Guess the Antonym,Image
"度外視 (どがいし)","重要視,じゅうようし",,Guess the Antonym,Image
"度度 (たびたび)","時時,ときどき",,Guess the Antonym,Image
"座商 (ざしょう)","行商,ぎょうしょう",,Guess the Antonym,Image
"座礁 (ざしょう)`座礁・坐礁 (ざしょう)`坐礁 (ざしょう)","離礁,りしょう",,Guess the Antonym,Image
"庫裏 (くり)`庫裏・庫裡 (くり)`庫裡 (くり)","本堂,ほんどう",,Guess the Antonym,Image
"廃 (はい)","興,こう",,Guess the Antonym,Image
"廃する (はいする)","設ける,もうける",,Guess the Antonym,Image
"廃り (すたり)","流行り,はやり",,Guess the Antonym,Image
"廃れる (すたれる)","流行る,はやる",,Guess the Antonym,Image
"廃校 (はいこう)","開校,かいこう",,Guess the Antonym,Image
"廃棄 (はいき)","締結,ていけつ",,Guess the Antonym,Image
"廃業 (はいぎょう)","開業,かいぎょう",,Guess the Antonym,Image
"廉価 (れんか)","高価,こうか",,Guess the Antonym,Image
"延ばす (のばす)","早める,はやめる",,Guess the Antonym,Image
"延びる (のびる)","早まる,はやまる",,Guess the Antonym,Image
"延着 (えんちゃく)","早着,そうちゃく",,Guess the Antonym,Image
"延長 (えんちょう)","短縮,たんしゅく",,Guess the Antonym,Image
"建前 (たてまえ)`建前・立前 (たてまえ)","本音,ほんね",,Guess the Antonym,Image
"建設 (けんせつ)","破壊,はかい",,Guess the Antonym,Image
"建設的 (けんせつてき)","非建設的,ひけんせつてき",,Guess the Antonym,Image
"弁才 (べんさい)","文才,ぶんさい,筆才,ひっさい",,Guess the Antonym,Image
"弊社 (へいしゃ)","御社,おんしゃ,貴社,きしゃ",,Guess the Antonym,Image
"弓手 (ゆんで)","馬手,めて",,Guess the Antonym,Image
"弔 (ちょう)","慶,けい",,Guess the Antonym,Image
"弔する (ちょうする)","祝する,しゅくする",,Guess the Antonym,Image
"弔意 (ちょうい)","祝意,しゅくい,賀意,がい",,Guess the Antonym,Image
"弔慰 (ちょうい)","慶賀,けいが,祝賀,しゅくが",,Guess the Antonym,Image
"弔書 (ちょうしょ)","賀書,がしょ",,Guess the Antonym,Image
"弔砲 (ちょうほう)","祝砲,しゅくほう",,Guess the Antonym,Image
"弔詞 (ちょうし)","賀詞,がし",,Guess the Antonym,Image
"弔辞 (ちょうじ)","祝辞,しゅくじ",,Guess the Antonym,Image
"弔電 (ちょうでん)","祝電,しゅくでん",,Guess the Antonym,Image
"引き上げる (ひきあげる)","引き下げる・引下げる,ひきさげる",,Guess the Antonym,Image
"引き上げる・引上げる (ひきあげる)","引き下げる,ひきさげる,引下げる,ひきさげる",,Guess the Antonym,Image
"引き下げる・引下げる (ひきさげる)","引上げる,ひきあげる",,Guess the Antonym,Image
"引き下ろす (ひきおろす)","押し上げる,おしあげる",,Guess the Antonym,Image
"引き入れる・引入れる (ひきいれる)","押し出す,おしだす,押出す,おしだす",,Guess the Antonym,Image
"引き出す (ひきだす)`引き出す・引出す (ひきだす)`引出す (ひきだす)","預け入れる,あずけいれる",,Guess the Antonym,Image
"引き受ける (ひきうける)`引受ける (ひきうける)","断る・断わる,ことわる",,Guess the Antonym,Image
"引き戸 (ひきど)","開き戸,ひらきど",,Guess the Antonym,Image
"引き止める (ひきとめる)","追い立てる,おいたてる",,Guess the Antonym,Image
"引き潮 (ひきしお)","満ち潮,みちしお",,Guess the Antonym,Image
"引き算 (ひきざん)","足し算,たしざん",,Guess the Antonym,Image
"引く (ひく)","押す,おす,足す,たす",,Guess the Antonym,Image
"引っ込める (ひっこめる)","突き出す,つきだす,突き出す・突出す,つきだす,突出す,つきだす",,Guess the Antonym,Image
"引入れる (ひきいれる)`引き入れる (ひきいれる)`押し入れる (おしいれる)","押し出す・押出す,おしだす",,Guess the Antonym,Image
"引力 (いんりょく)","斥力,せきりょく",,Guess the Antonym,Image
"弛 (し)","張,ちょう",,Guess the Antonym,Image
"弛む (ゆるむ)","張り詰める・張詰める,はりつめる,締まる・締る,しまる",,Guess the Antonym,Image
"弛める (ゆるめる)","締める,しめる",,Guess the Antonym,Image
"弛緩 (しかん)","緊張,きんちょう",,Guess the Antonym,Image
"弱 (じゃく)","強,きょう",,Guess the Antonym,Image
"弱体化 (じゃくたいか)","強化,きょうか",,Guess the Antonym,Image
"弱小 (じゃくしょう)","強大,きょうだい",,Guess the Antonym,Image
"弱小チーム (じゃくしょうちーむ)","強豪チーム,きょうごうちーむ",,Guess the Antonym,Image
"弱小校 (じゃくしょうこう)","強豪校,きょうごうこう",,Guess the Antonym,Image
"弱年 (じゃくねん)","老年,ろうねん",,Guess the Antonym,Image
"弱輩 (じゃくはい)","老輩,ろうはい",,Guess the Antonym,Image
"弱音 (よわね)","強がり,つよがり",,Guess the Antonym,Image
"弱齢 (じゃくれい)","老齢,ろうれい",,Guess the Antonym,Image
"張る (はる)","緩む・弛む,ゆるむ,緩める・弛める,ゆるめる",,Guess the Antonym,Image
"張詰める (はりつめる)`張り詰める (はりつめる)`締る (しまる)`締まる (しまる)","緩む・弛む,ゆるむ",,Guess the Antonym,Image
"強健 (きょうけん)","病弱,びょうじゃく,脆弱,ぜいじゃく,虚弱,きょじゃく",,Guess the Antonym,Image
"強制的 (きょうせいてき)","自主的,じしゅてき,自発的,じはつてき",,Guess the Antonym,Image
"強力 (きょうりょく)","微力,びりょく",,Guess the Antonym,Image
"強力犯 (ごうりきはん)","知能犯,ちのうはん",,Guess the Antonym,Image
"強化 (きょうか)","緩和,かんわ",,Guess the Antonym,Image
"強固・鞏固 (きょうこ)","薄弱,はくじゃく,軟弱,なんじゃく",,Guess the Antonym,Image
"強壮 (きょうそう)","虚弱,きょじゃく",,Guess the Antonym,Image
"強度 (きょうど)","軽度,けいど",,Guess the Antonym,Image
"強情 (ごうじょう)","従順,じゅうじゅん",,Guess the Antonym,Image
"強慾 (ごうよく)`強欲 (ごうよく)","無欲・無慾,むよく",,Guess the Antonym,Image
"強打 (きょうだ)","軽打,けいだ",,Guess the Antonym,Image
"強烈 (きょうれつ)","微弱,びじゃく",,Guess the Antonym,Image
"強硬 (きょうこう)`強固 (きょうこ)","軟弱,なんじゃく",,Guess the Antonym,Image
"強靭 (きょうじん)","脆弱,ぜいじゃく",,Guess the Antonym,Image
"強風 (きょうふう)","微風,びふう",,Guess the Antonym,Image
"当たり籤 (あたりくじ)","空籤,からくじ",,Guess the Antonym,Image
"当事国 (とうじこく)","第三国,だいさんごく",,Guess the Antonym,Image
"当事者 (とうじしゃ)","第三者,だいさんしゃ",,Guess the Antonym,Image
"当地 (とうち)","彼の地,かのち,御地,おんち,貴地,きち",,Guess the Antonym,Image
"当方 (とうほう)","貴方,きほう",,Guess the Antonym,Image
"当然 (とうぜん)","意外,いがい",,Guess the Antonym,Image
"当番 (とうばん)","非番,ひばん",,Guess the Antonym,Image
"形 (かたち)","影,かげ",,Guess the Antonym,Image
"形 (けい)","影,えい",,Guess the Antonym,Image
"形相 (けいそう)","質料,しつりょう",,Guess the Antonym,Image
"影面 (かげとも)","背面,そとも",,Guess the Antonym,Image
"役牛 (えきぎゅう)","肉牛,にくぎゅう",,Guess the Antonym,Image
"彼 (かれ)","彼女,かのじょ,我,われ",,Guess the Antonym,Image
"彼 (ひ)","我,が",,Guess the Antonym,Image
"彼の (あの)","此の,この",,Guess the Antonym,Image
"彼は誰時 (かはたれどき)","誰そ彼時,たそがれどき",,Guess the Antonym,Image
"彼処 (あそこ)`其処 (そこ)","此処,ここ",,Guess the Antonym,Image
"彼女 (かのじょ)","彼氏,かれし",,Guess the Antonym,Image
"彼奴 (あいつ)","此奴,こいつ",,Guess the Antonym,Image
"彼岸 (ひがん)","此岸,しがん",,Guess the Antonym,Image
"彼方 (あちら)","此方,こちら",,Guess the Antonym,Image
"彼方 (あっち)`其方 (そっち)","此方,こっち",,Guess the Antonym,Image
"往 (おう)","復,ふく,来,らい,還,かん",,Guess the Antonym,Image
"往事 (おうじ)","近事,きんじ",,Guess the Antonym,Image
"往信 (おうしん)","返信,へんしん",,Guess the Antonym,Image
"往復 (おうふく)","片道,かたみち",,Guess the Antonym,Image
"往時 (おうじ)","近時,きんじ",,Guess the Antonym,Image
"後退 (こうたい)","進出,しんしゅつ",,Guess the Antonym,Image
"徐 (じょ)","疾,しつ",,Guess the Antonym,Image
"徐に (おもむろに)","直ぐに,すぐに,矢庭に,やにわに,速やかに,すみやかに",,Guess the Antonym,Image
"徐徐に・徐々に (じょじょに)","急に,きゅうに",,Guess the Antonym,Image
"徐行 (じょこう)","急行,きゅうこう",,Guess the Antonym,Image
"徒弟 (とてい)","親方,おやかた",,Guess the Antonym,Image
"従う (したがう)","背く,そむく,逆らう,さからう",,Guess the Antonym,Image
"従価税 (じゅうかぜい)","従量税,じゅうりょうぜい",,Guess the Antonym,Image
"従属 (じゅうぞく)","支配,しはい,独立,どくりつ",,Guess the Antonym,Image
"従犯 (じゅうはん)","正犯,せいはん",,Guess the Antonym,Image
"得 (とく)","損,そん",,Guess the Antonym,Image
"得意 (とくい)`得手 (えて)","苦手,にがて",,Guess the Antonym,Image
"御用始め (ごようはじめ)","御用納め,ごようおさめ",,Guess the Antonym,Image
"復古 (ふっこ)","改新,かいしん",,Guess the Antonym,Image
"復縁 (ふくえん)","離縁,りえん",,Guess the Antonym,Image
"微か・幽か (かすか)","明か,さやか,清か,さやか",,Guess the Antonym,Image
"微分 (びぶん)","積分,せきぶん",,Guess the Antonym,Image
"微増 (びぞう)","激増,げきぞう",,Guess the Antonym,Image
"微官 (びかん)","顕官,けんかん",,Guess the Antonym,Image
"微減 (びげん)","激減,げきげん",,Guess the Antonym,Image
"微温湯 (ぬるまゆ)","煮え湯,にえゆ",,Guess the Antonym,Image
"微温的 (びおんてき)`不徹底 (ふてってい)","徹底的,てっていてき",,Guess the Antonym,Image
"微熱 (びねつ)`平熱 (へいねつ)","高熱,こうねつ",,Guess the Antonym,Image
"微禄 (びろく)","高禄,こうろく",,Guess the Antonym,Image
"微笑ましい (ほほえましい)`微笑ましい・頰笑ましい (ほほえましい)","苦苦しい,にがにがしい",,Guess the Antonym,Image
"微賤 (びせん)","顕貴,けんき",,Guess the Antonym,Image
"微酔 (びすい)","泥酔,でいすい",,Guess the Antonym,Image
"微風 (びふう)","烈風,れっぷう",,Guess the Antonym,Image
"徳育 (とくいく)","知育,ちいく",,Guess the Antonym,Image
"徴収 (ちょうしゅう)","納入,のうにゅう",,Guess the Antonym,Image
"徴税 (ちょうぜい)","納税,のうぜい",,Guess the Antonym,Image
"心 (こころ)`殻 (から)`皮 (かわ)","身,み",,Guess the Antonym,Image
"心 (しん)","身,しん",,Guess the Antonym,Image
"心劣り (こころおとり)","心勝り,こころまさり",,Guess the Antonym,Image
"心強い (こころづよい)","心細い,こころぼそい,心許無い,こころもとない",,Guess the Antonym,Image
"心汚し (こころぎたなし)","心清し,こころぎよし",,Guess the Antonym,Image
"心界 (しんかい)","物界,ぶっかい",,Guess the Antonym,Image
"心的 (しんてき)`人的 (じんてき)","物的,ぶってき",,Guess the Antonym,Image
"心眼 (しんがん)","肉眼,にくがん",,Guess the Antonym,Image
"必修科目 (ひっしゅうかもく)","選択科目,せんたくかもく",,Guess the Antonym,Image
"必然 (ひつぜん)","蓋然,がいぜん",,Guess the Antonym,Image
"忍び笑い (しのびわらい)","高笑い,たかわらい",,Guess the Antonym,Image
"忘れる (わすれる)","思い出す,おもいだす,覚える,おぼえる",,Guess the Antonym,Image
"忘却 (ぼうきゃく)","記憶,きおく",,Guess the Antonym,Image
"忘恩 (ぼうおん)","謝恩,しゃおん",,Guess the Antonym,Image
"忙 (ぼう)","閑,かん",,Guess the Antonym,Image
"忙しい (いそがしい)","暇,ひま,暇な,ひまな",,Guess the Antonym,Image
"応じる (おうじる)","拒む,こばむ",,Guess the Antonym,Image
"応分 (おうぶん)","過分,かぶん",,Guess the Antonym,Image
"応戦 (おうせん)","挑戦,ちょうせん",,Guess the Antonym,Image
"応答 (おうとう)","質疑,しつぎ",,Guess the Antonym,Image
"応訴 (おうそ)`受訴 (じゅそ)","提訴,ていそ",,Guess the Antonym,Image
"忠実 (まめ)","無精,ぶしょう",,Guess the Antonym,Image
"忠心 (ちゅうしん)","逆心,ぎゃくしん",,Guess the Antonym,Image
"忠臣 (ちゅうしん)","逆臣,ぎゃくしん",,Guess the Antonym,Image
"快楽 (かいらく)","苦痛,くつう,苦難,くなん",,Guess the Antonym,Image
"快癒 (かいゆ)","罹病,りびょう",,Guess the Antonym,Image
"怒り肩・いかり肩 (いかりがた)","撫で肩,なでがた",,Guess the Antonym,Image
"思い切る (おもいきる)","思い残す,おもいのこす",,Guess the Antonym,Image
"思弁 (しべん)","経験,けいけん",,Guess the Antonym,Image
"思慮深い (しりょぶかい)","浅はか,あさはか",,Guess the Antonym,Image
"思索的 (しさくてき)","経験的,けいけんてき",,Guess the Antonym,Image
"思考 (しこう)","行動,こうどう",,Guess the Antonym,Image
"怠ける (なまける)`怠ける・懶ける (なまける)`懶ける (なまける)","精出す,せいだす",,Guess the Antonym,Image
"急 (きゅう)","緩,かん",,Guess the Antonym,Image
"急に (きゅうに)","次第に,しだいに",,Guess the Antonym,Image
"急性 (きゅうせい)","慢性,まんせい",,Guess the Antonym,Image
"急激 (きゅうげき)","緩慢,かんまん",,Guess the Antonym,Image
"急行 (きゅうこう)","鈍行,どんこう",,Guess the Antonym,Image
"急進 (きゅうしん)","漸進,ぜんしん",,Guess the Antonym,Image
"性急 (せいきゅう)","悠長,ゆうちょう",,Guess the Antonym,Image
"怨嗟 (えんさ)","感謝,かんしゃ",,Guess the Antonym,Image
"怨恨 (えんこん)","恩義,おんぎ,恩義・恩誼,おんぎ,恩誼,おんぎ",,Guess the Antonym,Image
"怨憎会苦 (おんぞうえく)","愛別離苦,あいべつりく",,Guess the Antonym,Image
"怯懦 (きょうだ)","胆勇,たんゆう",,Guess the Antonym,Image
"恋愛結婚 (れんあいけっこん)","見合い結婚,みあいけっこん",,Guess the Antonym,Image
"恒久法 (こうきゅうほう)","限時法,げんじほう",,Guess the Antonym,Image
"恒久的 (こうきゅうてき)","暫定的,ざんていてき,過渡的,かとてき",,Guess the Antonym,Image
"恒星 (こうせい)","惑星,わくせい,遊星,ゆうせい",,Guess the Antonym,Image
"恥 (はじ)`恥・辱 (はじ)`名折れ (なおれ)","誉れ,ほまれ",,Guess the Antonym,Image
"恥じる (はじる)`恥じる・羞じる (はじる)`羞じる (はじる)","誇る,ほこる",,Guess the Antonym,Image
"恥ずかしい (はずかしい)","誇らしい,ほこらしい",,Guess the Antonym,Image
"恥辱 (ちじょく)","栄誉,えいよ",,Guess the Antonym,Image
"恩 (おん)","讐,しゅう",,Guess the Antonym,Image
"恩人 (おんじん)","讐敵,しゅうてき",,Guess the Antonym,Image
"恭謙 (きょうけん)","驕傲,きょうごう",,Guess the Antonym,Image
"恵比須顔 (えびすがお)","閻魔顔,えんまがお",,Guess the Antonym,Image
"悄悄 (しおしお)`悄悄・萎萎 (しおしお)","浮き浮き,うきうき",,Guess the Antonym,Image
"悄然 (しょうぜん)","昂然,こうぜん",,Guess the Antonym,Image
"悟 (ご)","迷,めい",,Guess the Antonym,Image
"悟り (さとり)","迷い,まよい",,Guess the Antonym,Image
"悟る (さとる)","迷う,まよう",,Guess the Antonym,Image
"悠悠 (ゆうゆう)","齷齪,あくせく",,Guess the Antonym,Image
"悦ばしい (よろこばしい)","悲しい・哀しい,かなしい",,Guess the Antonym,Image
"悦服 (えっぷく)","畏服,いふく",,Guess the Antonym,Image
"悪 (あく)","良,りょう",,Guess the Antonym,Image
"悪い (わるい)","良い・善い・好い,よい",,Guess the Antonym,Image
"悪声 (あくせい)","美声,びせい",,Guess the Antonym,Image
"悪女 (あくじょ)","美女,びじょ",,Guess the Antonym,Image
"悪徳 (あくとく)","美徳,びとく",,Guess the Antonym,Image
"悪筆 (あくひつ)","能書,のうしょ,能筆,のうひつ,達筆,たっぴつ",,Guess the Antonym,Image
"悪罵 (あくば)","称讃,しょうさん,称賛,しょうさん,称賛・称讃,しょうさん",,Guess the Antonym,Image
"悪臭 (あくしゅう)`異臭 (いしゅう)","芳香,ほうこう",,Guess the Antonym,Image
"悪衣 (あくい)`粗衣 (そい)","美衣,びい",,Guess the Antonym,Image
"悪質 (あくしつ)","美質,びしつ",,Guess the Antonym,Image
"悪酒 (あくしゅ)","美酒,びしゅ",,Guess the Antonym,Image
"悪銭 (あくせん)","精銭,せいせん",,Guess the Antonym,Image
"悪風 (あくふう)`弊風 (へいふう)","美風,びふう",,Guess the Antonym,Image
"悪魔 (あくま)","神,かみ",,Guess the Antonym,Image
"悲哀 (ひあい)","歓喜,かんき",,Guess the Antonym,Image
"悲報 (ひほう)","朗報,ろうほう",,Guess the Antonym,Image
"悲観 (ひかん)","楽観,らっかん",,Guess the Antonym,Image
"悲話 (ひわ)","朗話,ろうわ",,Guess the Antonym,Image
"惑星 (わくせい)","衛星,えいせい",,Guess the Antonym,Image
"惜敗 (せきはい)`圧勝 (あっしょう)`快勝 (かいしょう)","惨敗,ざんぱい,辛勝,しんしょう",,Guess the Antonym,Image
"惰農 (だのう)","篤農,とくのう",,Guess the Antonym,Image
"意地っ張り (いじっぱり)","素直,すなお",,Guess the Antonym,Image
"意字 (いじ)","音字,おんじ",,Guess the Antonym,Image
"意志強固 (いしきょうこ)","意志薄弱,いしはくじゃく",,Guess the Antonym,Image
"意思主義 (いししゅぎ)","表示主義,ひょうじしゅぎ",,Guess the Antonym,Image
"意訳 (いやく)","直訳,ちょくやく,逐語訳,ちくごやく",,Guess the Antonym,Image
"意識的 (いしきてき)","無意識的,むいしきてき",,Guess the Antonym,Image
"愚 (ぐ)","賢,けん",,Guess the Antonym,Image
"愚か (おろか)","聡い,さとい,賢い,かしこい",,Guess the Antonym,Image
"愚かさ (おろかさ)","賢さ,かしこさ",,Guess the Antonym,Image
"愚挙 (ぐきょ)","美挙,びきょ",,Guess the Antonym,Image
"愚昧 (ぐまい)","英明,えいめい,賢明,けんめい",,Guess the Antonym,Image
"愚暗 (ぐあん)","賢明,けんめい",,Guess the Antonym,Image
"愚案 (ぐあん)","良案,りょうあん",,Guess the Antonym,Image
"愚者 (ぐしゃ)","智者,ちしゃ,知者,ちしゃ,知者・智者,ちしゃ",,Guess the Antonym,Image
"愚論 (ぐろん)","高論,こうろん",,Guess the Antonym,Image
"愛 (あい)","憎,ぞう,憎しみ,にくしみ",,Guess the Antonym,Image
"愛おしい (いとおしい)`可愛らしい (かわいらしい)","憎らしい,にくらしい",,Guess the Antonym,Image
"愛しい (いとしい)","憎い,にくい",,Guess the Antonym,Image
"愛する (あいする)`可愛がる (かわいがる)","憎む,にくむ",,Guess the Antonym,Image
"愛好 (あいこう)","憎悪,ぞうお",,Guess the Antonym,Image
"愛嬢 (あいじょう)","愛息,あいそく",,Guess the Antonym,Image
"愛想がいい (あいそがいい)","愛想が無い,あいそがない",,Guess the Antonym,Image
"愛日 (あいじつ)","畏日,いじつ",,Guess the Antonym,Image
"愛護 (あいご)","虐待,ぎゃくたい",,Guess the Antonym,Image
"感性 (かんせい)","理性,りせい,知性,ちせい",,Guess the Antonym,Image
"感情 (かんじょう)","理性,りせい",,Guess the Antonym,Image
"慇懃 (いんぎん)","無礼,ぶれい",,Guess the Antonym,Image
"慈しみ (いつくしみ)","憎しみ,にくしみ",,Guess the Antonym,Image
"慈しむ (いつくしむ)","憎む,にくむ,虐げる,しいたげる",,Guess the Antonym,Image
"慈悲深い (じひぶかい)","無慈悲,むじひ",,Guess the Antonym,Image
"慌てる (あわてる)","落ち着く,おちつく",,Guess the Antonym,Image
"慎重 (しんちょう)","軽率,けいそつ",,Guess the Antonym,Image
"憎悪 (ぞうお)","熱愛,ねつあい",,Guess the Antonym,Image
"懲罰 (ちょうばつ)","褒賞,ほうしょう",,Guess the Antonym,Image
"懸念 (けねん)","放念,ほうねん",,Guess the Antonym,Image
"懸腕 (けんわん)","枕腕,ちんわん",,Guess the Antonym,Image
"成り上がり・成上がり (なりあがり)","成り下がり,なりさがり",,Guess the Antonym,Image
"成り上がる (なりあがる)","成り下がる・成下がる,なりさがる",,Guess the Antonym,Image
"成り上がる・成上がる (なりあがる)","成り下がる,なりさがる,成下がる,なりさがる",,Guess the Antonym,Image
"成り下がり (なりさがり)","成上がり,なりあがり",,Guess the Antonym,Image
"成り下がる・成下がる (なりさがる)","成上がる,なりあがる",,Guess the Antonym,Image
"成年 (せいねん)","未成年,みせいねん",,Guess the Antonym,Image
"成案 (せいあん)","草案,そうあん,試案,しあん",,Guess the Antonym,Image
"成魚 (せいぎょ)","稚魚,ちぎょ",,Guess the Antonym,Image
"我に返る (われにかえる)","我を忘れる,われをわすれる,気を失う,きをうしなう",,Guess the Antonym,Image
"我を張る (がをはる)","我を折る,がをおる",,Guess the Antonym,Image
"我を折る (がをおる)","我を立てる,がをたてる,我を通す,がをとおす",,Guess the Antonym,Image
"戦乱 (せんらん)","泰平,たいへい",,Guess the Antonym,Image
"戦勝・戦捷 (せんしょう)`戦捷 (せんしょう)","戦敗,せんぱい",,Guess the Antonym,Image
"戦戦恐恐 (せんせんきょうきょう)","泰然自若,たいぜんじじゃく",,Guess the Antonym,Image
"戯ける (おどける)","澄ます,すます",,Guess the Antonym,Image
"戯け顔 (おどけがお)","真顔,まがお",,Guess the Antonym,Image
"扇動 (せんどう)`扇動・煽動 (せんどう)`煽動 (せんどう)","諫止,かんし",,Guess the Antonym,Image
"手 (て)","足・脚,あし",,Guess the Antonym,Image
"手の平 (てのひら)","手の甲,てのこう",,Guess the Antonym,Image
"手下 (てした)","頭,かしら",,Guess the Antonym,Image
"手元・手許 (てもと)","足下,あしもと,足元,あしもと,足許,あしもと",,Guess the Antonym,Image
"手動 (しゅどう)","自動,じどう",,Guess the Antonym,Image
"手工業 (しゅこうぎょう)","機械工業,きかいこうぎょう",,Guess the Antonym,Image
"手弱女 (たおやめ)","益荒男,ますらお,益荒男・丈夫,ますらお",,Guess the Antonym,Image
"手当 (てあて)`手当て (てあて)`手当て・手当 (てあて)","本給,ほんきゅう",,Guess the Antonym,Image
"手打ち (てうち)","機械打ち,きかいうち",,Guess the Antonym,Image
"手拍子 (てびょうし)","足拍子,あしびょうし",,Guess the Antonym,Image
"手枷 (てかせ)`手枷・手械・手桎・手梏 (てかせ)`手桎 (てかせ)`手梏 (てかせ)`手械 (てかせ)","足枷,あしかせ",,Guess the Antonym,Image
"手柔らか (てやわらか)","手荒,てあら",,Guess the Antonym,Image
"手段 (しゅだん)","目的,もくてき",,Guess the Antonym,Image
"手癖 (てくせ)","足癖,あしくせ",,Guess the Antonym,Image
"手編み (てあみ)","機械編み,きかいあみ",,Guess the Antonym,Image
"手織り (ており)","機械織り,きかいおり",,Guess the Antonym,Image
"手羽元 (てばもと)","手羽先,てばさき",,Guess the Antonym,Image
"手許 (てもと)`手元 (てもと)","足元・足下・足許,あしもと",,Guess the Antonym,Image
"手酌 (てじゃく)`独酌 (どくしゃく)","相酌,あいじゃく",,Guess the Antonym,Image
"手長 (てなが)","足長,あしなが",,Guess the Antonym,Image
"手首 (てくび)","足首,あしくび",,Guess the Antonym,Image
"才物 (さいぶつ)","鈍物,どんぶつ",,Guess the Antonym,Image
"打ち物 (うちもの)","鋳物,いもの",,Guess the Antonym,Image
"打ち解ける (うちとける)","硬くなる,かたくなる",,Guess the Antonym,Image
"打ち解け顔 (うちとけがお)","隔て顔,へだてがお",,Guess the Antonym,Image
"払い下げ (はらいさげ)","買い上げ,かいあげ",,Guess the Antonym,Image
"払い下げる・払下げる (はらいさげる)","買い上げる,かいあげる,買上げる,かいあげる",,Guess the Antonym,Image
"払下げる (はらいさげる)`払い下げる (はらいさげる)","買い上げる・買上げる,かいあげる",,Guess the Antonym,Image
"批難 (ひなん)`嘲罵 (ちょうば)","称賛・称讃,しょうさん",,Guess the Antonym,Image
"承認 (しょうにん)","拒否,きょひ",,Guess the Antonym,Image
"承諾 (しょうだく)`受諾 (じゅだく)","拒否,きょひ,拒絶,きょぜつ",,Guess the Antonym,Image
"抄本 (しょうほん)","謄本,とうほん",,Guess the Antonym,Image
"抑 (よく)","揚,よう",,Guess the Antonym,Image
"投手 (とうしゅ)","捕手,ほしゅ",,Guess the Antonym,Image
"投票 (とうひょう)","開票,かいひょう",,Guess the Antonym,Image
"投錨 (とうびょう)","抜錨,ばつびょう",,Guess the Antonym,Image
"折伏 (しゃくぶく)","摂受,しょうじゅ",,Guess the Antonym,Image
"折好く (おりよく)","折悪しく,おりあしく",,Guess the Antonym,Image
"折悪しく (おりあしく)","折良く,おりよく,折良く・折好く,おりよく",,Guess the Antonym,Image
"抜け小路 (ぬけこうじ)","袋小路,ふくろこうじ",,Guess the Antonym,Image
"抜路 (ぬけみち)`抜道 (ぬけみち)`抜道・抜路 (ぬけみち)","袋道,ふくろみち",,Guess the Antonym,Image
"抱き上げる (だきあげる)","抱き下ろす・抱下ろす,だきおろす",,Guess the Antonym,Image
"抱き上げる・抱上げる (だきあげる)","抱き下ろす,だきおろす,抱下ろす,だきおろす",,Guess the Antonym,Image
"抱き下ろす・抱下ろす (だきおろす)","抱上げる,だきあげる",,Guess the Antonym,Image
"抱っこ (だっこ)","負んぶ,おんぶ",,Guess the Antonym,Image
"拒絶 (きょぜつ)","許諾,きょだく",,Guess the Antonym,Image
"拘束 (こうそく)`束縛 (そくばく)","解放,かいほう",,Guess the Antonym,Image
"拙文 (せつぶん)","能文,のうぶん",,Guess the Antonym,Image
"拙稿 (せっこう)","玉稿,ぎょっこう",,Guess the Antonym,Image
"拙筆 (せっぴつ)","能筆,のうひつ",,Guess the Antonym,Image
"拙著 (せっちょ)","貴著,きちょ,高著,こうちょ",,Guess the Antonym,Image
"拝啓 (はいけい)","敬具,けいぐ",,Guess the Antonym,Image
"拝外 (はいがい)","排外,はいがい",,Guess the Antonym,Image
"拝殿 (はいでん)","本殿,ほんでん",,Guess the Antonym,Image
"拡大図 (かくだいず)","縮図,しゅくず",,Guess the Antonym,Image
"拡張 (かくちょう)`拡大 (かくだい)","縮小,しゅくしょう",,Guess the Antonym,Image
"拾 (しゅう)`取 (しゅ)","捨,しゃ",,Guess the Antonym,Image
"拾い物 (ひろいもの)","落とし物,おとしもの",,Guess the Antonym,Image
"拾う (ひろう)","捨てる,すてる,捨てる・棄てる,すてる,棄てる,すてる,落とす,おとす",,Guess the Antonym,Image
"拾得 (しゅうとく)","遺失,いしつ",,Guess the Antonym,Image
"持ち尺 (もちじゃく)","置き尺,おきじゃく",,Guess the Antonym,Image
"持戒 (じかい)","破戒,はかい",,Guess the Antonym,Image
"指定席 (していせき)","自由席,じゆうせき",,Guess the Antonym,Image
"挙げ句 (あげく)","発句,ほっく",,Guess the Antonym,Image
"挫ける (くじける)","貫く,つらぬく",,Guess the Antonym,Image
"挫折 (ざせつ)","貫徹,かんてつ",,Guess the Antonym,Image
"振り上げる・振上げる (ふりあげる)","振り下ろす,ふりおろす",,Guess the Antonym,Image
"振り下ろす (ふりおろす)","振上げる,ふりあげる",,Guess the Antonym,Image
"捕える (とらえる)`捕らえる (とらえる)`捕らえる・捕える (とらえる)","逃がす,にがす",,Guess the Antonym,Image
"捗る (はかどる)","滞る,とどこおる",,Guess the Antonym,Image
"排水 (はいすい)","給水,きゅうすい",,Guess the Antonym,Image
"排泄 (はいせつ)","摂取,せっしゅ",,Guess the Antonym,Image
"掘り火燵 (ほりごたつ)`掘り炬燵 (ほりごたつ)`掘り炬燵・掘り火燵 (ほりごたつ)","置き炬燵,おきごたつ",,Guess the Antonym,Image
"掛かり切り (かかりきり)","掛け持ち・掛持ち,かけもち",,Guess the Antonym,Image
"掛かり切り・掛り切り (かかりきり)","掛け持ち,かけもち,掛持ち,かけもち",,Guess the Antonym,Image
"掛け値 (かけね)`掛け値・掛値 (かけね)`掛値 (かけね)","正価,せいか",,Guess the Antonym,Image
"掛け取引 (かけとりひき)","現金取引,げんきんとりひき",,Guess the Antonym,Image
"掛け売り (かけうり)","掛け買い・掛買い,かけがい",,Guess the Antonym,Image
"掛け売り・掛売り (かけうり)","掛け買い,かけがい,掛買い,かけがい",,Guess the Antonym,Image
"掛け布団・掛布団 (かけぶとん)","敷き布団,しきぶとん,敷布団,しきぶとん",,Guess the Antonym,Image
"掛け持ち・掛持ち (かけもち)","掛り切り,かかりきり",,Guess the Antonym,Image
"掛け買い・掛買い (かけがい)","掛売り,かけうり",,Guess the Antonym,Image
"掛布団 (かけぶとん)`掛け布団 (かけぶとん)","敷き布団・敷布団,しきぶとん",,Guess the Antonym,Image
"採光 (さいこう)","遮光,しゃこう",,Guess the Antonym,Image
"接近 (せっきん)","隔絶,かくぜつ",,Guess the Antonym,Image
"揚げ超 (あげちょう)","散超,さんちょう",,Guess the Antonym,Image
"摘発 (てきはつ)","看過,かんか",,Guess the Antonym,Image
"撤兵 (てっぺい)","派兵,はへい",,Guess the Antonym,Image
"撤去 (てっきょ)","設置,せっち",,Guess the Antonym,Image
"撤饌 (てっせん)","献饌,けんせん",,Guess the Antonym,Image
"擬人法 (ぎじんほう)","擬物法,ぎぶつほう",,Guess the Antonym,Image
"擬声語 (ぎせいご)","擬態語,ぎたいご",,Guess the Antonym,Image
"擬態語 (ぎたいご)","擬音語,ぎおんご",,Guess the Antonym,Image
"擱筆 (かくひつ)","起筆,きひつ",,Guess the Antonym,Image
"支 (し)","本,ほん",,Guess the Antonym,Image
"支離滅裂 (しりめつれつ)","理路整然,りろせいぜん",,Guess the Antonym,Image
"攻 (こう)","防,ぼう",,Guess the Antonym,Image
"攻める (せめる)","禦ぐ,ふせぐ,防ぐ,ふせぐ,防ぐ・禦ぐ,ふせぐ",,Guess the Antonym,Image
"攻撃 (こうげき)","防御,ぼうぎょ,防御・防禦,ぼうぎょ,防禦,ぼうぎょ",,Guess the Antonym,Image
"放り出す (ほうりだす)","放り込む,ほうりこむ",,Guess the Antonym,Image
"放伐 (ほうばつ)","禅譲,ぜんじょう",,Guess the Antonym,Image
"放棄 (ほうき)","行使,こうし",,Guess the Antonym,Image
"放胆 (ほうたん)","細心,さいしん",,Guess the Antonym,Image
"故人 (こじん)","生人,せいじん",,Guess the Antonym,Image
"故国 (ここく)","異国,いこく",,Guess the Antonym,Image
"故意 (こい)","過失,かしつ",,Guess the Antonym,Image
"故郷 (こきょう)","異郷,いきょう",,Guess the Antonym,Image
"敏感 (びんかん)","鈍感,どんかん",,Guess the Antonym,Image
"敏捷 (びんしょう)`敏速 (びんそく)","緩慢,かんまん,遅鈍,ちどん",,Guess the Antonym,Image
"敏腕 (びんわん)","鈍腕,どんわん",,Guess the Antonym,Image
"敗れる (やぶれる)","破る,やぶる",,Guess the Antonym,Image
"教 (きょう)","習,しゅう",,Guess the Antonym,Image
"教える (おしえる)","教わる,おそわる,習う,ならう",,Guess the Antonym,Image
"散 (さん)","集,しゅう",,Guess the Antonym,Image
"散らかす (ちらかす)","片付ける,かたづける",,Guess the Antonym,Image
"散らす (ちらす)","集める,あつめる",,Guess the Antonym,Image
"散らばる (ちらばる)`散る (ちる)","集まる,あつまる",,Guess the Antonym,Image
"散文 (さんぶん)","韻文,いんぶん",,Guess the Antonym,Image
"散文的 (さんぶんてき)","詩的,してき",,Guess the Antonym,Image
"散漫 (さんまん)","緻密,ちみつ,集中,しゅうちゅう",,Guess the Antonym,Image
"散発 (さんぱつ)","続発,ぞくはつ,連発,れんぱつ,頻発,ひんぱつ",,Guess the Antonym,Image
"散瞳 (さんどう)","縮瞳,しゅくどう",,Guess the Antonym,Image
"散財 (さんざい)","蓄財,ちくざい",,Guess the Antonym,Image
"散逸・散佚 (さんいつ)","蒐集,しゅうしゅう",,Guess the Antonym,Image
"散開 (さんかい)","集結,しゅうけつ",,Guess the Antonym,Image
"敬う (うやまう)","蔑む・貶む,さげすむ",,Guess the Antonym,Image
"敬神 (けいしん)","涜神,とくしん,瀆神,とくしん,瀆神・涜神,とくしん",,Guess the Antonym,Image
"敬称 (けいしょう)","蔑称,べっしょう,謙称,けんしょう,賤称,せんしょう",,Guess the Antonym,Image
"敬遠 (けいえん)","親近,しんきん",,Guess the Antonym,Image
"数え年 (かぞえどし)","満年齢,まんねんれい",,Guess the Antonym,Image
"整然 (せいぜん)","雑然,ざつぜん",,Guess the Antonym,Image
"整頓 (せいとん)","混乱,こんらん",,Guess the Antonym,Image
"敵 (てき)","身方,みかた",,Guess the Antonym,Image
"敵する (てきする)","與する,くみする",,Guess the Antonym,Image
"敵前 (てきぜん)","敵背,てきはい",,Guess the Antonym,Image
"敷居 (しきい)","鴨居,かもい",,Guess the Antonym,Image
"文 (ぶん)","武,ぶ",,Guess the Antonym,Image
"文字言語 (もじげんご)","音声言語,おんせいげんご",,Guess the Antonym,Image
"文明 (ぶんめい)","未開,みかい,野蛮,やばん",,Guess the Antonym,Image
"文末 (ぶんまつ)","文頭,ぶんとう",,Guess the Antonym,Image
"文民 (ぶんみん)","軍人,ぐんじん",,Guess the Antonym,Image
"文治 (ぶんち・ぶんじ)","武断,ぶだん",,Guess the Antonym,Image
"文科 (ぶんか)","理科,りか",,Guess the Antonym,Image
"文責 (ぶんせき)","言責,げんせき",,Guess the Antonym,Image
"斉一 (せいいつ)","雑多,ざった",,Guess the Antonym,Image
"斎 (とき)","非時,ひじ",,Guess the Antonym,Image
"斥ける (しりぞける)`退ける (しりぞける)`退ける・斥ける (しりぞける)","進める,すすめる",,Guess the Antonym,Image
"断 (だん)","続,ぞく",,Guess the Antonym,Image
"断水 (だんすい)","給水,きゅうすい,通水,つうすい",,Guess the Antonym,Image
"断続 (だんぞく)","連続,れんぞく",,Guess the Antonym,Image
"新 (しん)","旧,きゅう",,Guess the Antonym,Image
"新しい (あたらしい)","旧い,ふるい",,Guess the Antonym,Image
"新型・新形 (しんがた)`新形 (しんがた)","旧型,きゅうがた",,Guess the Antonym,Image
"新奇 (しんき)`斬新 (ざんしん)","陳腐,ちんぷ",,Guess the Antonym,Image
"新婦 (しんぷ)","新郎,しんろう",,Guess the Antonym,Image
"新店 (しんみせ)","老舗,しにせ",,Guess the Antonym,Image
"新月 (しんげつ)","満月,まんげつ",,Guess the Antonym,Image
"新田 (しんでん)","本田,ほんでん",,Guess the Antonym,Image
"新興宗教 (しんこうしゅうきょう)","既成宗教,きせいしゅうきょう",,Guess the Antonym,Image
"方言 (ほうげん)","標準語,ひょうじゅんご",,Guess the Antonym,Image
"既 (き)","未,み",,Guess the Antonym,Image
"既婚 (きこん)`妻帯 (さいたい)","独身,どくしん",,Guess the Antonym,Image
"既製品 (きせいひん)","注文品,ちゅうもんひん",,Guess the Antonym,Image
"日乞い (ひごい)","雨乞い,あまごい",,Guess the Antonym,Image
"日傘 (ひがさ)","雨傘,あまがさ",,Guess the Antonym,Image
"日光 (にっこう)","月光,げっこう",,Guess the Antonym,Image
"日合 (にちごう)","日害,にちがい",,Guess the Antonym,Image
"日向 (ひなた)","日蔭,ひかげ,日陰,ひかげ,日陰・日蔭,ひかげ,陰,かげ",,Guess the Antonym,Image
"日帰り (ひがえり)","泊まり掛け,とまりがけ,泊まり掛け・泊り掛け,とまりがけ,泊り掛け,とまりがけ",,Guess the Antonym,Image
"日干し (ひぼし)","陰干し,かげぼし",,Guess the Antonym,Image
"日晒し (ひざらし)`日曝し (ひざらし)","雨曝し・雨晒し,あまざらし",,Guess the Antonym,Image
"日曝し・日晒し (ひざらし)","雨晒し,あまざらし,雨曝し,あまざらし",,Guess the Antonym,Image
"日本画 (にほんが)","洋画,ようが",,Guess the Antonym,Image
"日本酒 (にほんしゅ)","洋酒,ようしゅ",,Guess the Antonym,Image
"日本間 (にほんま)","洋間,ようま",,Guess the Antonym,Image
"日本髪 (にほんがみ)","洋髪,ようはつ",,Guess the Antonym,Image
"日舞 (にちぶ)","洋舞,ようぶ",,Guess the Antonym,Image
"日色 (にっしょく)","月色,げっしょく",,Guess the Antonym,Image
"日華門 (にっかもん)","月華門,げっかもん",,Guess the Antonym,Image
"日蝕 (にっしょく)`日食 (にっしょく)","月食・月蝕,げっしょく",,Guess the Antonym,Image
"日覆い (ひおおい)","雨覆い,あまおおい",,Guess the Antonym,Image
"日避け・日除け (ひよけ)","雨避け,あまよけ,雨除け,あまよけ",,Guess the Antonym,Image
"日除け (ひよけ)`日避け (ひよけ)","雨避け・雨除け,あまよけ",,Guess the Antonym,Image
"日食・日蝕 (にっしょく)","月蝕,げっしょく,月食,げっしょく",,Guess the Antonym,Image
"早 (そう)","晩,ばん",,Guess the Antonym,Image
"早い (はやい)","遅い,おそい",,Guess the Antonym,Image
"早まる (はやまる)`進む (すすむ)","遅れる,おくれる",,Guess the Antonym,Image
"早める (はやめる)","遅らす,おくらす,遅らせる,おくらせる",,Guess the Antonym,Image
"早出 (はやで)","遅出,おそで",,Guess the Antonym,Image
"早参 (そうさん)","遅参,ちさん",,Guess the Antonym,Image
"早咲き (はやざき)","遅咲き,おそざき",,Guess the Antonym,Image
"早場米 (はやばまい)","遅場米,おそばまい",,Guess the Antonym,Image
"早死 (はやじに)`早死に (はやじに)`早死に・早死 (はやじに)`若死に (わかじに)","長生き,ながいき",,Guess the Antonym,Image
"早生まれ (はやうまれ)","遅生まれ,おそうまれ",,Guess the Antonym,Image
"早番 (はやばん)","遅番,おそばん",,Guess the Antonym,Image
"早発 (そうはつ)","遅発,ちはつ",,Guess the Antonym,Image
"早蒔き (はやまき)","遅蒔き,おそまき",,Guess the Antonym,Image
"早起き (はやおき)","朝寝,あさね",,Guess the Antonym,Image
"早足 (はやあし)`早足・速足 (はやあし)`急ぎ足 (いそぎあし)","遅足,おそあし",,Guess the Antonym,Image
"早退 (そうたい)","遅刻,ちこく",,Guess the Antonym,Image
"早霜 (はやじも)","遅霜,おそじも",,Guess the Antonym,Image
"昇る (のぼる)","沈む,しずむ",,Guess the Antonym,Image
"昇任・陞任 (しょうにん)","降任,こうにん",,Guess the Antonym,Image
"昇進 (しょうしん)","降等,こうとう",,Guess the Antonym,Image
"明 (みょう)","昨,さく",,Guess the Antonym,Image
"明 (めい)","暗,あん",,Guess the Antonym,Image
"明かす (あかす)","秘める,ひめる",,Guess the Antonym,Image
"明け (あけ)","暮れ,くれ",,Guess the Antonym,Image
"明らか (あきらか)","疑わしい,うたがわしい",,Guess the Antonym,Image
"明らさまに (あからさまに)","暗に,あんに",,Guess the Antonym,Image
"明るい (あかるい)","暗い,くらい",,Guess the Antonym,Image
"明るさ (あかるさ)","暗さ,くらさ",,Guess the Antonym,Image
"明るみ (あかるみ)","暗がり,くらがり,暗闇,くらやみ",,Guess the Antonym,Image
"明文 (めいぶん)","迷文,めいぶん",,Guess the Antonym,Image
"明明 (あかあか)`明々 (あかあか)","暗暗・明々,くらぐら",,Guess the Antonym,Image
"明々 (くらぐら)","明明・明々,あかあか",,Guess the Antonym,Image
"明明・明々 (あかあか)","暗暗,くらぐら",,Guess the Antonym,Image
"明朗 (めいろう)","陰鬱,いんうつ",,Guess the Antonym,Image
"明瞭 (めいりょう)`明確 (めいかく)","曖昧,あいまい",,Guess the Antonym,Image
"明答 (めいとう)","迷答,めいとう",,Guess the Antonym,Image
"易 (い)","難,なん",,Guess the Antonym,Image
"春 (しゅん)","秋,しゅう",,Guess the Antonym,Image
"春 (はる)","秋,あき",,Guess the Antonym,Image
"春暖 (しゅんだん)","秋冷,しゅうれい",,Guess the Antonym,Image
"昨冬 (さくとう)","来冬,らいとう",,Guess the Antonym,Image
"昨夏 (さくか)","来夏,らいか",,Guess the Antonym,Image
"昨年 (さくねん)","来年,らいねん",,Guess the Antonym,Image
"昨春 (さくしゅん)","来春,らいしゅん",,Guess the Antonym,Image
"昨秋 (さくしゅう)","来秋,らいしゅう",,Guess the Antonym,Image
"昨週 (さくしゅう)`先週 (せんしゅう)","来週,らいしゅう",,Guess the Antonym,Image
"是 (ぜ)","非,ひ",,Guess the Antonym,Image
"昵懇 (じっこん)","疎遠,そえん",,Guess the Antonym,Image
"昼前 (ひるまえ)","昼過ぎ,ひるすぎ",,Guess the Antonym,Image
"昼飯 (ひるめし)","朝飯,あさめし",,Guess the Antonym,Image
"時代劇 (じだいげき)","現代劇,げんだいげき",,Guess the Antonym,Image
"時間 (じかん)","空間,くうかん",,Guess the Antonym,Image
"晦日 (かいじつ)","朔日,さくじつ",,Guess the Antonym,Image
"晩 (ばん)`夕 (ゆう)","朝,あさ",,Guess the Antonym,Image
"晩鐘 (ばんしょう)","暁鐘,ぎょうしょう",,Guess the Antonym,Image
"普段着 (ふだんぎ)","晴れ着,はれぎ,晴れ着・晴着,はれぎ,晴着,はれぎ",,Guess the Antonym,Image
"普通税 (ふつうぜい)","目的税,もくてきぜい",,Guess the Antonym,Image
"普遍 (ふへん)","特殊,とくしゅ",,Guess the Antonym,Image
"晴 (せい)","曇,どん,雨,う",,Guess the Antonym,Image
"晴れ (はれ)","曇り,くもり,褻,け,雨,あめ",,Guess the Antonym,Image
"晴れる (はれる)","曇る,くもる",,Guess the Antonym,Image
"晴れ男・晴男 (はれおとこ)","雨男,あめおとこ",,Guess the Antonym,Image
"晴れ着・晴着 (はれぎ)","褻衣,けごろも",,Guess the Antonym,Image
"暁 (あかつき)","黄昏,たそがれ",,Guess the Antonym,Image
"暁 (ぎょう)","暮,ぼ",,Guess the Antonym,Image
"暗喩 (あんゆ)","直喩,ちょくゆ",,Guess the Antonym,Image
"暗夜 (あんや)`暗夜・闇夜 (あんや)","月夜,げつや",,Guess the Antonym,Image
"暗愚 (あんぐ)","聡明,そうめい,英明,えいめい,賢明,けんめい",,Guess the Antonym,Image
"暗渠 (あんきょ)","開渠,かいきょ",,Guess the Antonym,Image
"暗線 (あんせん)","輝線,きせん",,Guess the Antonym,Image
"暴く (あばく)","秘める,ひめる,隠す,かくす",,Guess the Antonym,Image
"暴落 (ぼうらく)","漸落,ぜんらく",,Guess the Antonym,Image
"暴露 (ばくろ)`暴露・曝露 (ばくろ)`曝露 (ばくろ)","隠蔽,いんぺい",,Guess the Antonym,Image
"暴食 (ぼうしょく)","暴飲,ぼういん,節食,せっしょく",,Guess the Antonym,Image
"暴騰 (ぼうとう)","漸騰,ぜんとう",,Guess the Antonym,Image
"曇る (くもる)","清む,すむ,澄む,すむ,澄む・清む,すむ,照る,てる",,Guess the Antonym,Image
"曲 (きょく)","直,ちょく",,Guess the Antonym,Image
"曲尺 (かねじゃく)","鯨尺,くじらじゃく",,Guess the Antonym,Image
"曲論 (きょくろん)","正論,せいろん",,Guess the Antonym,Image
"書き手・書手 (かきて)","読み手,よみて,読手,よみて",,Guess the Antonym,Image
"書き方 (かきかた)","読み方,よみかた",,Guess the Antonym,Image
"書き言葉 (かきことば)","話し言葉,はなしことば",,Guess the Antonym,Image
"書く (かく)","読む,よむ",,Guess the Antonym,Image
"書手 (かきて)`書き手 (かきて)`聞手 (ききて)`聞き手 (ききて)","読み手・読手,よみて",,Guess the Antonym,Image
"書証 (しょしょう)","物証,ぶっしょう",,Guess the Antonym,Image
"替え歌 (かえうた)","本歌,もとうた",,Guess the Antonym,Image
"替え玉 (かえだま)","本人,ほんにん,本物,ほんもの",,Guess the Antonym,Image
"最初 (さいしょ)","最後,さいご",,Guess the Antonym,Image
"月初 (げっしょ)`月旦 (げったん)","月末,げつまつ",,Guess the Antonym,Image
"月初め (つきはじめ)","月末,つきずえ",,Guess the Antonym,Image
"月夜 (げつや)","闇夜,あんや",,Guess the Antonym,Image
"月夜 (つきよ)","闇夜,やみよ",,Guess the Antonym,Image
"有 (う)","無,む,空,くう",,Guess the Antonym,Image
"有 (ゆう)","無,む",,Guess the Antonym,Image
"有り (あり)","無し,なし",,Guess the Antonym,Image
"有る (ある)","無い,ない",,Guess the Antonym,Image
"服喪 (ふくも)","除喪,じょも",,Guess the Antonym,Image
"服役 (ふくえき)","退役,たいえき",,Guess the Antonym,Image
"服毒 (ふくどく)","解毒,げどく",,Guess the Antonym,Image
"朗笑 (ろうしょう)","苦笑,くしょう",,Guess the Antonym,Image
"朝 (ちょう)","野,や",,Guess the Antonym,Image
"朝寝 (あさね)","朝起き,あさおき",,Guess the Antonym,Image
"朝礼 (ちょうれい)","終礼,しゅうれい",,Guess the Antonym,Image
"期末 (きまつ)","期首,きしゅ",,Guess the Antonym,Image
"期限付き (きげんつき)","無期限,むきげん",,Guess the Antonym,Image
"木本 (もくほん)","草本,そうほん",,Guess the Antonym,Image
"未了 (みりょう)","満了,まんりょう",,Guess the Antonym,Image
"未定 (みてい)","決定,けってい,確定,かくてい",,Guess the Antonym,Image
"未来 (みらい)`将来 (しょうらい)","過去,かこ",,Guess the Antonym,Image
"未決 (みけつ)`未決定 (みけってい)`保留 (ほりゅう)","決定,けってい",,Guess the Antonym,Image
"未満 (みまん)","超過,ちょうか",,Guess the Antonym,Image
"未熟 (みじゅく)","熟練,じゅくれん,熟達,じゅくたつ",,Guess the Antonym,Image
"未経験者 (みけいけんしゃ)","経験者,けいけんしゃ",,Guess the Antonym,Image
"未練がましい (みれんがましい)","潔い,いさぎよい",,Guess the Antonym,Image
"未解決 (みかいけつ)","解決,かいけつ,解決済み,かいけつずみ",,Guess the Antonym,Image
"未開 (みかい)","開化,かいか",,Guess the Antonym,Image
"末位 (まつい)","首位,しゅい",,Guess the Antonym,Image
"末女 (まつじょ・ばつじょ)","長女,ちょうじょ",,Guess the Antonym,Image
"末妹 (まつまい)","長姉,ちょうし",,Guess the Antonym,Image
"末子 (まっし)`末子 (ばっし)","長子,ちょうし",,Guess the Antonym,Image
"末寺 (まつじ)","本山,ほんざん",,Guess the Antonym,Image
"末席 (まっせき・ばっせき)","首席,しゅせき",,Guess the Antonym,Image
"末座 (まつざ)","首座,しゅざ",,Guess the Antonym,Image
"末弟 (まってい)","長兄,ちょうけい,長弟,ちょうてい",,Guess the Antonym,Image
"末成り (うらなり)`末生り (うらなり)","本生り・本成り,もとなり",,Guess the Antonym,Image
"末木 (うらき)","本木,もとき",,Guess the Antonym,Image
"末梢的 (まっしょうてき)","本質的,ほんしつてき,根本的,こんぽんてき",,Guess the Antonym,Image
"末生り・末成り (うらなり)","本成り,もとなり,本生り,もとなり",,Guess the Antonym,Image
"末男 (まつなん・ばつなん)","長男,ちょうなん",,Guess the Antonym,Image
"末社 (まっしゃ)","本社,ほんしゃ",,Guess the Antonym,Image
"末節 (まっせつ)`枝葉 (しよう)","根幹,こんかん",,Guess the Antonym,Image
"本公事 (ほんくじ)","金公事,かねくじ",,Guess the Antonym,Image
"本則 (ほんそく)","附則,ふそく",,Guess the Antonym,Image
"本名 (ほんみょう)","渾名,あだな,異名,いみょう,筆名,ひつめい,綽名,あだな,綽名・渾名,あだな,芸名,げいめい,通称,つうしょう,雅号,がごう",,Guess the Antonym,Image
"本式 (ほんしき)`正式 (せいしき)","略式,りゃくしき",,Guess the Antonym,Image
"本曇 (ほんぐもり)`本曇り (ほんぐもり)","薄曇り・薄曇,うすぐもり",,Guess the Antonym,Image
"本曇り・本曇 (ほんぐもり)","薄曇,うすぐもり,薄曇り,うすぐもり",,Guess the Antonym,Image
"本朝 (ほんちょう)","異朝,いちょう",,Guess the Antonym,Image
"本物 (ほんもの)","贋物,にせもの",,Guess the Antonym,Image
"本祭り (ほんまつり)","陰祭,かげまつり,陰祭り,かげまつり,陰祭り・陰祭,かげまつり",,Guess the Antonym,Image
"本科 (ほんか)","選科,せんか",,Guess the Antonym,Image
"本紙 (ほんし)","附録,ふろく",,Guess the Antonym,Image
"本試験 (ほんしけん)","模擬試験,もぎしけん",,Guess the Antonym,Image
"本譜 (ほんぷ)","略譜,りゃくふ",,Guess the Antonym,Image
"本質 (ほんしつ)`本体 (ほんたい)","現象,げんしょう",,Guess the Antonym,Image
"本道 (ほんどう)","裏道,うらみち,間道,かんどう",,Guess the Antonym,Image
"本邦 (ほんぽう)","異邦,いほう",,Guess the Antonym,Image
"本門 (ほんもん)","迹門,しゃくもん",,Guess the Antonym,Image
"本音 (ほんね)","立前,たてまえ",,Guess the Antonym,Image
"杜撰 (ずさん)","綿密,めんみつ,緻密,ちみつ",,Guess the Antonym,Image
"条件付き (じょうけんつき)","無条件,むじょうけん",,Guess the Antonym,Image
"来し方 (こしかた)`来し方 (きしかた)","行く末,ゆくすえ",,Guess the Antonym,Image
"来にくい (きにくい)","来やすい,きやすい",,Guess the Antonym,Image
"来る (くる)","行く・往く,いく・ゆく",,Guess the Antonym,Image
"来る年 (くるとし)","行く年,ゆくとし",,Guess the Antonym,Image
"来日 (らいにち)","離日,りにち",,Guess the Antonym,Image
"来航 (らいこう)","渡航,とこう",,Guess the Antonym,Image
"東 (とう)","西,さい,西,せい",,Guess the Antonym,Image
"東 (ひがし)","西,にし",,Guess the Antonym,Image
"東上 (とうじょう)","西下,さいか",,Guess the Antonym,Image
"東北 (とうほく)","西南,せいなん",,Guess the Antonym,Image
"東南 (とうなん)","西北,せいほく",,Guess the Antonym,Image
"板目 (いため)","柾目,まさめ,柾目・正目,まさめ,正目,まさめ",,Guess the Antonym,Image
"枝城 (えだじろ)`出城 (でじろ)","根城,ねじろ",,Guess the Antonym,Image
"枯 (こ)","栄,えい",,Guess the Antonym,Image
"枯れる (かれる)","繁る,しげる,茂る,しげる,茂る・繁る,しげる",,Guess the Antonym,Image
"枯れ山 (かれやま)","青山,あおやま",,Guess the Antonym,Image
"枯れ木 (かれき)","生木,なまき,青木,あおき",,Guess the Antonym,Image
"枯れ芝 (かれしば)","青芝,あおしば",,Guess the Antonym,Image
"枯れ葉 (かれは)`枯葉 (かれは)","若葉,わかば",,Guess the Antonym,Image
"枯れ葉・枯葉 (かれは)","若葉,わかば,青葉,あおば",,Guess the Antonym,Image
"枯渇・涸渇 (こかつ)","湧出,ゆうしゅつ,潤沢,じゅんたく",,Guess the Antonym,Image
"染色 (せんしょく)","脱色,だっしょく",,Guess the Antonym,Image
"柔らかい・軟らかい (やわらかい)","硬い,かたい",,Guess the Antonym,Image
"柔軟 (じゅうなん)","硬直,こうちょく",,Guess the Antonym,Image
"柿根性 (かきこんじょう)","梅根性,うめこんじょう",,Guess the Antonym,Image
"栄 (えい)","辱,じょく",,Guess the Antonym,Image
"栄える (さかえる)`盛んになる (さかんになる)","衰える,おとろえる",,Guess the Antonym,Image
"栄達 (えいたつ)","落魄,らくはく,零落,れいらく",,Guess the Antonym,Image
"核分裂 (かくぶんれつ)","核融合,かくゆうごう",,Guess the Antonym,Image
"根源的 (こんげんてき)","派生的,はせいてき",,Guess the Antonym,Image
"根負け (こんまけ)","粘り勝ち,ねばりがち",,Guess the Antonym,Image
"栽培 (さいばい)","自生,じせい",,Guess the Antonym,Image
"桃の節句 (もものせっく)","端午の節句,たんごのせっく",,Guess the Antonym,Image
"案に相違する (あんにそういする)","案に落ちる,あんにおちる",,Guess the Antonym,Image
"案に落ちる (あんにおちる)","案に違う,あんにたがう",,Guess the Antonym,Image
"案の定 (あんのじょう)","案外,あんがい",,Guess the Antonym,Image
"梅の木分限 (うめのきぶげん)","楠分限,くすのきぶげん",,Guess the Antonym,Image
"梅雨入り (つゆいり)","梅雨明け,つゆあけ",,Guess the Antonym,Image
"植毛 (しょくもう)","脱毛,だつもう",,Guess the Antonym,Image
"楯 (たて)`盾 (たて)`盾・楯 (たて)","矛,ほこ",,Guess the Antonym,Image
"極寒 (ごっかん・ごくかん)","極暑,ごくしょ",,Guess the Antonym,Image
"極度 (きょくど)`過度 (かど)","適度,てきど",,Guess the Antonym,Image
"極東 (きょくとう)","近東,きんとう",,Guess the Antonym,Image
"楽 (らく)","苦,く",,Guess the Antonym,Image
"楽しい (たのしい)","詰まらない,つまらない",,Guess the Antonym,Image
"楽勝 (らくしょう)","辛勝,しんしょう",,Guess the Antonym,Image
"楽楽 (らくらく)`易易 (やすやす)`易易と (やすやすと)","辛うじて,かろうじて",,Guess the Antonym,Image
"概則 (がいそく)","細則,さいそく",,Guess the Antonym,Image
"概算 (がいさん)","精算,せいさん",,Guess the Antonym,Image
"概要 (がいよう)","細目,さいもく,詳細,しょうさい",,Guess the Antonym,Image
"概評 (がいひょう)","細評,さいひょう",,Guess the Antonym,Image
"概説 (がいせつ)","詳説,しょうせつ",,Guess the Antonym,Image
"概論 (がいろん)","細論,さいろん",,Guess the Antonym,Image
"模倣・摸倣 (もほう)","独創,どくそう",,Guess the Antonym,Image
"権利 (けんり)","義務,ぎむ",,Guess the Antonym,Image
"権利付き (けんりつき)","権利落ち,けんりおち",,Guess the Antonym,Image
"権妻 (ごんさい)","正妻,せいさい",,Guess the Antonym,Image
"横 (おう)","縦,じゅう",,Guess the Antonym,Image
"横 (よこ)","縦,たて",,Guess the Antonym,Image
"横割 (よこわり)`横割り (よこわり)","縦割り・縦割,たてわり",,Guess the Antonym,Image
"横割り・横割 (よこわり)","縦割,たてわり,縦割り,たてわり",,Guess the Antonym,Image
"横柄 (おうへい)","謙虚,けんきょ",,Guess the Antonym,Image
"横死 (おうし)","病死,びょうし",,Guess the Antonym,Image
"横穴 (よこあな)","竪穴,たてあな,縦穴・竪穴,たてあな",,Guess the Antonym,Image
"横糸 (よこいと)","経糸,たていと",,Guess the Antonym,Image
"横組 (よこぐみ)`横組み (よこぐみ)","縦組み・縦組,たてぐみ",,Guess the Antonym,Image
"横組み・横組 (よこぐみ)","縦組,たてぐみ,縦組み,たてぐみ",,Guess the Antonym,Image
"横道 (おうどう)","正道,せいどう",,Guess the Antonym,Image
"機敏 (きびん)","鈍重,どんじゅう",,Guess the Antonym,Image
"欠ける (かける)`干る (ひる)","満ちる,みちる",,Guess the Antonym,Image
"欠格 (けっかく)","適格,てきかく,適格,てっかく",,Guess the Antonym,Image
"欠点 (けってん)","美点,びてん,長所,ちょうしょ",,Guess the Antonym,Image
"欧文 (おうぶん)","邦文,ほうぶん",,Guess the Antonym,Image
"歌い物 (うたいもの)","語り物,かたりもの",,Guess the Antonym,Image
"止まる (とどまる)`止まる・留まる (とどまる)`留まる (とどまる)","移る,うつる",,Guess the Antonym,Image
"止む (やむ)","降る,ふる",,Guess the Antonym,Image
"止める (やめる)","続ける,つづける",,Guess the Antonym,Image
"止水 (しすい)","流水,りゅうすい",,Guess the Antonym,Image
"正 (せい)","誤,ご,負,ふ,邪,じゃ",,Guess the Antonym,Image
"正す (ただす)","誤る,あやまる,誤る・謬る,あやまる,謬る,あやまる",,Guess the Antonym,Image
"正午 (しょうご)","正子,しょうし",,Guess the Antonym,Image
"正史 (せいし)","稗史,はいし,野史,やし",,Guess the Antonym,Image
"正夢 (まさゆめ)","逆夢,さかゆめ",,Guess the Antonym,Image
"正字 (せいじ)`本字 (ほんじ)","略字,りゃくじ",,Guess the Antonym,Image
"正常 (せいじょう)","異常,いじょう",,Guess the Antonym,Image
"正当防衛 (せいとうぼうえい)","過剰防衛,かじょうぼうえい",,Guess the Antonym,Image
"正服 (せいふく)","略服,りゃくふく",,Guess the Antonym,Image
"正比例 (せいひれい)","逆比例,ぎゃくひれい",,Guess the Antonym,Image
"正気 (しょうき)","狂気,きょうき",,Guess the Antonym,Image
"正称 (せいしょう)","通称,つうしょう",,Guess the Antonym,Image
"正統 (せいとう)","異端,いたん",,Guess the Antonym,Image
"正編 (せいへん)","続編,ぞくへん",,Guess the Antonym,Image
"正装 (せいそう)","略装,りゃくそう",,Guess the Antonym,Image
"正門 (せいもん)","裏門,うらもん",,Guess the Antonym,Image
"正面 (しょうめん)","背面,はいめん",,Guess the Antonym,Image
"正面衝突 (しょうめんしょうとつ)","追突,ついとつ",,Guess the Antonym,Image
"歩く (あるく)","走る,はしる",,Guess the Antonym,Image
"歩射 (ぶしゃ)","騎射,きしゃ",,Guess the Antonym,Image
"歩道 (ほどう)","車道,しゃどう",,Guess the Antonym,Image
"歴史的仮名遣い (れきしてきかなづかい)","現代仮名遣い,げんだいかなづかい",,Guess the Antonym,Image
"死 (し)","活,かつ,生,せい",,Guess the Antonym,Image
"死に (しに)","活き,いき,生き,いき,生き・活き,いき",,Guess the Antonym,Image
"死に果てる (しにはてる)","生き残る,いきのこる",,Guess the Antonym,Image
"死に絶える (しにたえる)","生き延びる,いきのびる,生き残る,いきのこる",,Guess the Antonym,Image
"死ぬ (しぬ)","生きる,いきる,生まれる,うまれる",,Guess the Antonym,Image
"死亡 (しぼう)","生存,せいぞん,誕生,たんじょう",,Guess the Antonym,Image
"死去 (しきょ)","誕生,たんじょう",,Guess the Antonym,Image
"死蔵 (しぞう)","活用,かつよう",,Guess the Antonym,Image
"歿前 (ぼつぜん)`没前 (ぼつぜん)","没後・歿後,ぼつご",,Guess the Antonym,Image
"歿年 (ぼつねん)`没年 (ぼつねん)`没年・歿年 (ぼつねん)","生年,せいねん",,Guess the Antonym,Image
"歿後 (ぼつご)`没後 (ぼつご)`没後・歿後 (ぼつご)`死後 (しご)","生前,せいぜん",,Guess the Antonym,Image
"殺 (さつ)","活,かつ,生,しょう,生,せい",,Guess the Antonym,Image
"殺す (ころす)","活かす,いかす,生かす,いかす,生かす・活かす,いかす",,Guess the Antonym,Image
"殿 (しんがり)","魁,さきがけ",,Guess the Antonym,Image
"毀 (き)","誉,よ",,Guess the Antonym,Image
"母 (はは)","父,ちち",,Guess the Antonym,Image
"母 (ぼ)","父,ふ",,Guess the Antonym,Image
"母家 (おもや)`母屋 (おもや)`母屋・母家 (おもや)","離れ,はなれ",,Guess the Antonym,Image
"毒 (どく)","薬,くすり",,Guess the Antonym,Image
"毒する (どくする)","益する,えきする",,Guess the Antonym,Image
"毒薬 (どくやく)","解毒剤,げどくざい,解毒薬,げどくやく",,Guess the Antonym,Image
"比丘 (びく)","比丘尼,びくに",,Guess the Antonym,Image
"毛筆 (もうひつ)","硬筆,こうひつ",,Guess the Antonym,Image
"氏子 (うじこ)","氏神,うじがみ",,Guess the Antonym,Image
"民主政治 (みんしゅせいじ)","独裁政治,どくさいせいじ",,Guess the Antonym,Image
"民間機 (みんかんき)","軍用機,ぐんようき",,Guess the Antonym,Image
"民需 (みんじゅ)","軍需,ぐんじゅ",,Guess the Antonym,Image
"気がある (きがある)","気がない,きがない",,Guess the Antonym,Image
"気が塞ぐ (きがふさぐ)","気が晴れる,きがはれる",,Guess the Antonym,Image
"気が張る (きがはる)","気が緩む,きがゆるむ",,Guess the Antonym,Image
"気丈 (きじょう)","気弱,きよわ",,Guess the Antonym,Image
"気体 (きたい)","液体,えきたい",,Guess the Antonym,Image
"気化 (きか)","液化,えきか",,Guess the Antonym,Image
"気塞ぎ (きふさぎ)","気晴し,きばらし,気晴らし,きばらし,気晴らし・気晴し,きばらし",,Guess the Antonym,Image
"気忠実 (きまめ)","物臭,ものぐさ",,Guess the Antonym,Image
"気楽 (きらく)","気苦労,きぐろう,気重,きおも",,Guess the Antonym,Image
"気長 (きなが)","短気,たんき",,Guess the Antonym,Image
"水 (すい)","火,か",,Guess the Antonym,Image
"水の面 (みのも)","水底,みなそこ",,Guess the Antonym,Image
"水上 (すいじょう)","陸上,りくじょう",,Guess the Antonym,Image
"水半球 (すいはんきゅう)","陸半球,りくはんきゅう",,Guess the Antonym,Image
"水圏 (すいけん)","陸圏,りっけん",,Guess the Antonym,Image
"水平 (すいへい)","鉛直,えんちょく",,Guess the Antonym,Image
"水底 (すいてい)","水面,すいめん",,Guess the Antonym,Image
"水彩画 (すいさいが)","油彩画,ゆさいが,油絵,あぶらえ",,Guess the Antonym,Image
"水性 (すいせい)","油性,ゆせい",,Guess the Antonym,Image
"水棲 (すいせい)`水生 (すいせい)","陸生・陸棲,りくせい",,Guess the Antonym,Image
"水浴 (すいよく)","温浴,おんよく",,Guess the Antonym,Image
"水生・水棲 (すいせい)","陸棲,りくせい,陸生,りくせい",,Guess the Antonym,Image
"水産 (すいさん)","陸産,りくさん",,Guess the Antonym,Image
"水田 (すいでん)","陸田,りくでん",,Guess the Antonym,Image
"水稲 (すいとう)","陸稲,りくとう",,Guess the Antonym,Image
"水絵 (みずえ)","油絵,あぶらえ",,Guess the Antonym,Image
"氷点 (ひょうてん)","沸点,ふってん",,Guess the Antonym,Image
"氷結 (ひょうけつ)`結氷 (けっぴょう)","解氷,かいひょう",,Guess the Antonym,Image
"求人 (きゅうじん)","求職,きゅうしょく",,Guess the Antonym,Image
"求心 (きゅうしん)","遠心,えんしん",,Guess the Antonym,Image
"汚い (きたない)","清い,きよい",,Guess the Antonym,Image
"汚い・穢い (きたない)","清い,きよい,綺麗,きれい",,Guess the Antonym,Image
"汚す (けがす)`汚す・穢す (けがす)","清める,きよめる",,Guess the Antonym,Image
"汚れる (けがれる)`汚れる・穢れる (けがれる)","清まる,きよまる",,Guess the Antonym,Image
"汚名 (おめい)`悪名 (あくみょう)`悪名 (あくめい)","美名,びめい",,Guess the Antonym,Image
"汚染 (おせん)","洗浄,せんじょう,浄化,じょうか",,Guess the Antonym,Image
"汚水 (おすい)","浄水,じょうすい",,Guess the Antonym,Image
"汚濁 (おだく)","清澄,せいちょう",,Guess the Antonym,Image
"決断 (けつだん)","躊躇,ちゅうちょ,逡巡,しゅんじゅん",,Guess the Antonym,Image
"決行 (けっこう)","躊躇,ちゅうちょ,逡巡,しゅんじゅん,順延,じゅんえん",,Guess the Antonym,Image
"決裂 (けつれつ)`紛糾 (ふんきゅう)","解決,かいけつ",,Guess the Antonym,Image
"沃土 (よくど)","瘠土,せきど",,Guess the Antonym,Image
"沃地 (よくち)","痩地,そうち,瘠地,せきち,荒れ地,あれち",,Guess the Antonym,Image
"沃野 (よくや)","荒野,こうや",,Guess the Antonym,Image
"沈 (ちん)","浮,ふ",,Guess the Antonym,Image
"沈み (しずみ)","浮き,うき",,Guess the Antonym,Image
"沈む (しずむ)","浮かぶ,うかぶ,浮く,うく",,Guess the Antonym,Image
"沈める (しずめる)","浮かす,うかす,浮かせる,うかせる,浮かべる,うかべる",,Guess the Antonym,Image
"沈下 (ちんか)","浮上,ふじょう,隆起,りゅうき",,Guess the Antonym,Image
"沈没 (ちんぼつ)","浮上,ふじょう",,Guess the Antonym,Image
"沈着 (ちんちゃく)","軽躁,けいそう",,Guess the Antonym,Image
"沈静化 (ちんせいか)","激化,げきか,激化・劇化,げきか",,Guess the Antonym,Image
"沈黙 (ちんもく)","発言,はつげん",,Guess the Antonym,Image
"沖 (おき)","磯,いそ",,Guess the Antonym,Image
"没収 (ぼっしゅう)","返還,へんかん",,Guess the Antonym,Image
"没落 (ぼつらく)`滅亡 (めつぼう)","興隆,こうりゅう",,Guess the Antonym,Image
"沮喪 (そそう)","軒昂,けんこう",,Guess the Antonym,Image
"河岸 (かがん)","河心,かしん",,Guess the Antonym,Image
"河港 (かこう)","海港,かいこう",,Guess the Antonym,Image
"河童 (かっぱ)","金槌,かなづち,金槌・金鎚・鉄鎚,かなづち,金鎚,かなづち,鉄鎚,かなづち",,Guess the Antonym,Image
"油断 (ゆだん)","用心・要心,ようじん,警戒,けいかい",,Guess the Antonym,Image
"治山 (ちさん)","治水,ちすい",,Guess the Antonym,Image
"沿岸漁業 (えんがんぎょぎょう)","遠洋漁業,えんようぎょぎょう",,Guess the Antonym,Image
"法人 (ほうじん)","自然人,しぜんじん",,Guess the Antonym,Image
"法定血族 (ほうていけつぞく)","自然血族,しぜんけつぞく",,Guess the Antonym,Image
"法高 (のりだか)","直高,じきだか",,Guess the Antonym,Image
"泣き上戸 (なきじょうご)","笑い上戸,わらいじょうご",,Guess the Antonym,Image
"泣き声 (なきごえ)`泣き声・泣声 (なきごえ)`泣声 (なきごえ)","笑い声,わらいごえ",,Guess the Antonym,Image
"泣き顔・泣顔 (なきがお)","笑い顔,わらいがお,笑顔,えがお",,Guess the Antonym,Image
"泣く (なく)","笑う,わらう",,Guess the Antonym,Image
"泣顔 (なきがお)`泣き顔 (なきがお)","笑顔,えがお",,Guess the Antonym,Image
"洋服 (ようふく)","着物,きもの",,Guess the Antonym,Image
"洋楽 (ようがく)","邦楽,ほうがく",,Guess the Antonym,Image
"洋画 (ようが)","邦画,ほうが",,Guess the Antonym,Image
"洋舞 (ようぶ)","邦舞,ほうぶ",,Guess the Antonym,Image
"活字体 (かつじたい)","筆記体,ひっきたい",,Guess the Antonym,Image
"流水 (りゅうすい)","静水,せいすい",,Guess the Antonym,Image
"流血 (りゅうけつ)","無血,むけつ",,Guess the Antonym,Image
"浄土 (じょうど)","穢土,えど",,Guess the Antonym,Image
"浅 (せん)","深,しん",,Guess the Antonym,Image
"浅はか (あさはか)","考え深い,かんがえぶかい",,Guess the Antonym,Image
"浅傷 (あさで)`浅手 (あさで)","痛手,いたで",,Guess the Antonym,Image
"浅学 (せんがく)","碩学,せきがく",,Guess the Antonym,Image
"浅手・浅傷 (あさで)","深傷,ふかで,深手,ふかで,痛手,いたで",,Guess the Antonym,Image
"浮き浮き (うきうき)","萎萎,しおしお",,Guess the Antonym,Image
"浮上 (ふじょう)","潜水,せんすい",,Guess the Antonym,Image
"海 (うみ)","陸,りく",,Guess the Antonym,Image
"海 (かい)","空,くう,陸,りく",,Guess the Antonym,Image
"海底 (かいてい)","海面,かいめん",,Guess the Antonym,Image
"消える (きえる)","灯る,ともる,点く,つく,点る,ともる,点る・灯る,ともる,熾る,おこる,燃える,もえる,現れる,あらわれる",,Guess the Antonym,Image
"消え失せる (きえうせる)`消え果てる (きえはてる)","消え残る,きえのこる",,Guess the Antonym,Image
"消す (けす)","灯す,ともす・とぼす,灯す・点す,ともす・とぼす,点ける,つける,点す,ともす・とぼす,熾す,おこす,燃やす,もやす,現す,あらわす",,Guess the Antonym,Image
"消極 (しょうきょく)","積極,せっきょく",,Guess the Antonym,Image
"消滅 (しょうめつ)","発生,はっせい",,Guess the Antonym,Image
"消火 (しょうか)","点火,てんか,着火,ちゃっか",,Guess the Antonym,Image
"消灯 (しょうとう)","点灯,てんとう",,Guess the Antonym,Image
"消耗 (しょうもう)","蓄積,ちくせき",,Guess the Antonym,Image
"消費 (しょうひ)","生産,せいさん",,Guess the Antonym,Image
"涸渇 (こかつ)`枯渇 (こかつ)`払底 (ふってい)","潤沢,じゅんたく",,Guess the Antonym,Image
"淋しい (さびしい・さみしい)`寂しい (さびしい・さみしい)","賑やか,にぎやか",,Guess the Antonym,Image
"淑女 (しゅくじょ)","紳士,しんし",,Guess the Antonym,Image
"淡 (たん)","濃,のう",,Guess the Antonym,Image
"淡水 (たんすい)","鹹水,かんすい",,Guess the Antonym,Image
"淡泊 (たんぱく)`淡泊・淡白 (たんぱく)`淡白 (たんぱく)`希薄 (きはく)`希薄・稀薄 (きはく)","濃厚,のうこう",,Guess the Antonym,Image
"淡海 (あわうみ)","潮海,しおうみ",,Guess the Antonym,Image
"淡湖 (たんこ)","鹹湖,かんこ",,Guess the Antonym,Image
"淡雪 (あわゆき)","深雪,みゆき",,Guess the Antonym,Image
"淫奔 (いんぽん)","純潔,じゅんけつ,貞淑,ていしゅく",,Guess the Antonym,Image
"淫婦 (いんぷ)","節婦,せっぷ,貞女,ていじょ,貞婦,ていふ",,Guess the Antonym,Image
"深夜 (しんや)","白昼,はくちゅう",,Guess the Antonym,Image
"深層 (しんそう)","表層,ひょうそう",,Guess the Antonym,Image
"深山 (みやま)","端山,はやま",,Guess the Antonym,Image
"深手・深傷 (ふかで)","薄手,うすで",,Guess the Antonym,Image
"淳朴 (じゅんぼく)`実直 (じっちょく)`愚直 (ぐちょく)","狡猾,こうかつ",,Guess the Antonym,Image
"淵 (ふち)`淵・潭 (ふち)`潭 (ふち)","瀬,せ",,Guess the Antonym,Image
"混む (こむ)","空く,すく",,Guess the Antonym,Image
"混沌 (こんとん)`混沌・渾沌 (こんとん)`渾沌 (こんとん)`混乱 (こんらん)","秩序,ちつじょ",,Guess the Antonym,Image
"混血 (こんけつ)","純血,じゅんけつ",,Guess the Antonym,Image
"清 (せい)","濁,だく",,Guess the Antonym,Image
"清い (きよい)","穢い,きたない",,Guess the Antonym,Image
"清まる (きよまる)","穢れる,けがれる",,Guess the Antonym,Image
"清める (きよめる)","穢す,けがす",,Guess the Antonym,Image
"清楚 (せいそ)","濃艶,のうえん",,Guess the Antonym,Image
"清清しい (すがすがしい)","鬱陶しい,うっとうしい",,Guess the Antonym,Image
"渇く (かわく)","潤う,うるおう",,Guess the Antonym,Image
"渇水 (かっすい)","豊水,ほうすい",,Guess the Antonym,Image
"渋柿 (しぶがき)","甘柿,あまがき",,Guess the Antonym,Image
"減る (へる)","益す,ます",,Guess the Antonym,Image
"温い (ぬるい)","熱い,あつい",,Guess the Antonym,Image
"温和 (おんわ)","粗暴,そぼう",,Guess the Antonym,Image
"温情 (おんじょう)`有情 (うじょう)","非情,ひじょう",,Guess the Antonym,Image
"温燗 (ぬるかん)","熱燗,あつかん",,Guess the Antonym,Image
"湖底 (こてい)","湖面,こめん",,Guess the Antonym,Image
"湯桶読み (ゆとうよみ)","重箱読み,じゅうばこよみ",,Guess the Antonym,Image
"満 (まん)","足掛け,あしかけ",,Guess the Antonym,Image
"満席 (まんせき)","空席,くうせき",,Guess the Antonym,Image
"満点 (まんてん)","零点,れいてん",,Guess the Antonym,Image
"満腹 (まんぷく)","空腹,くうふく",,Guess the Antonym,Image
"溢悪 (いつあく)","溢美,いつび",,Guess the Antonym,Image
"溶媒 (ようばい)","溶質,ようしつ",,Guess the Antonym,Image
"滅 (めつ)","点,てん",,Guess the Antonym,Image
"滑らか (なめらか)","粗い,あらい",,Guess the Antonym,Image
"滝口 (たきぐち)","滝壺,たきつぼ",,Guess the Antonym,Image
"滞納・怠納 (たいのう)`未納 (みのう)","皆納,かいのう",,Guess the Antonym,Image
"漁 (ぎょ)`漁 (りょう)","猟,りょう",,Guess the Antonym,Image
"漠然 (ばくぜん)","瞭然,りょうぜん",,Guess the Antonym,Image
"漸悟 (ぜんご)","頓悟,とんご",,Guess the Antonym,Image
"潜在 (せんざい)","顕在,けんざい",,Guess the Antonym,Image
"潜性 (せんせい)","顕性,けんせい",,Guess the Antonym,Image
"澄ます (すます)","濁す,にごす,濁らす,にごらす",,Guess the Antonym,Image
"澄む・清む (すむ)","濁る,にごる",,Guess the Antonym,Image
"激しい (はげしい)","穏やか,おだやか",,Guess the Antonym,Image
"激化 (げきか)","鎮静化,ちんせいか",,Guess the Antonym,Image
"激化・劇化 (げきか)","鈍化,どんか,鎮静化,ちんせいか",,Guess the Antonym,Image
"激太り (げきぶとり)","激痩せ,げきやせ",,Guess the Antonym,Image
"激賞 (げきしょう)","痛罵,つうば,酷評,こくひょう",,Guess the Antonym,Image
"濁す (にごす)","言い切る,いいきる",,Guess the Antonym,Image
"濃い (こい)","薄い,うすい",,Guess the Antonym,Image
"濃いめ (こいめ)","薄め,うすめ",,Guess the Antonym,Image
"濃い口 (こいくち)`濃い口・濃口 (こいくち)`濃口 (こいくち)","薄口,うすくち",,Guess the Antonym,Image
"濃厚 (のうこう)","稀薄,きはく",,Guess the Antonym,Image
"濃墨 (こずみ)","薄墨,うすずみ",,Guess the Antonym,Image
"濃染 (こぞめ)`濃染め (こぞめ)","薄染め・薄染,うすぞめ",,Guess the Antonym,Image
"濃染め・濃染 (こぞめ)","薄染,うすぞめ,薄染め,うすぞめ",,Guess the Antonym,Image
"濃紫 (こむらさき)","薄紫,うすむらさき",,Guess the Antonym,Image
"濃緑 (こみどり)`深緑 (ふかみどり)","薄緑,うすみどり",,Guess the Antonym,Image
"濃縮 (のうしゅく)","稀釈,きしゃく",,Guess the Antonym,Image
"濃茶 (こいちゃ)","薄茶,うすちゃ",,Guess the Antonym,Image
"炉塞ぎ (ろふさぎ)","炉開き,ろびらき",,Guess the Antonym,Image
"炎暑 (えんしょ)","酷寒,こっかん",,Guess the Antonym,Image
"烈士 (れっし)","烈女,れつじょ",,Guess the Antonym,Image
"無名 (むめい)","著名,ちょめい,高名,こうめい",,Guess the Antonym,Image
"無声映画 (むせいえいが)","発声映画,はっせいえいが",,Guess the Antonym,Image
"無慾 (むよく)`無欲 (むよく)","貪欲・貪慾,どんよく",,Guess the Antonym,Image
"無欲・無慾 (むよく)","貪慾,どんよく,貪欲,どんよく",,Guess the Antonym,Image
"無理 (むり)","道理,どうり",,Guess the Antonym,Image
"無生物 (むせいぶつ)","生物,せいぶつ",,Guess the Antonym,Image
"無用心 (ぶようじん)`不用心 (ぶようじん)","用心・要心,ようじん",,Guess the Antonym,Image
"無神経 (むしんけい)","神経質,しんけいしつ",,Guess the Antonym,Image
"無脊椎動物 (むせきついどうぶつ)","脊椎動物,せきついどうぶつ",,Guess the Antonym,Image
"無遠慮 (ぶえんりょ)","遠慮がち,えんりょがち",,Guess the Antonym,Image
"照り (てり)","降り,ふり",,Guess the Antonym,Image
"照る (てる)","降る,ふる,陰る,かげる",,Guess the Antonym,Image
"煩忙 (はんぼう)`繁忙 (はんぼう)`繁忙・煩忙 (はんぼう)`多忙 (たぼう)","閑散,かんさん",,Guess the Antonym,Image
"煩雑 (はんざつ)","簡易,かんい,簡略,かんりゃく",,Guess the Antonym,Image
"煽る (あおる)","鎮める,しずめる",,Guess the Antonym,Image
"熟地 (じゅくち)","生地,せいち",,Guess the Antonym,Image
"熟覧 (じゅくらん)","通覧,つうらん",,Guess the Antonym,Image
"熟読 (じゅくどく)","略読,りゃくどく,通読,つうどく",,Guess the Antonym,Image
"熟面 (じゅくめん)","生面,せいめん",,Guess the Antonym,Image
"熱が冷める (ねつがさめる)","熱を上げる,ねつをあげる",,Guess the Antonym,Image
"熱中 (ねっちゅう)`没頭 (ぼっとう)","退屈,たいくつ",,Guess the Antonym,Image
"燕雀 (えんじゃく)","鴻鵠,こうこく",,Guess the Antonym,Image
"爪先 (つまさき)","踵,かかと",,Guess the Antonym,Image
"爺さん・祖父さん (じいさん)","祖母さん,ばあさん",,Guess the Antonym,Image
"片 (かた)","諸,もろ,諸・両,もろ",,Guess the Antonym,Image
"片刃 (かたは)","諸刃・両刃,もろは",,Guess the Antonym,Image
"片帆 (かたほ)","真帆,まほ",,Guess the Antonym,Image
"片思い (かたおもい)","相思相愛,そうしそうあい",,Guess the Antonym,Image
"片惚れ (かたぼれ)`傍惚れ (おかぼれ)`岡惚れ (おかぼれ)`岡惚れ・傍惚れ (おかぼれ)","相惚れ,あいぼれ",,Guess the Antonym,Image
"片秀 (かたほ)`偏 (かたほ)`偏・片秀 (かたほ)","真秀,まほ",,Guess the Antonym,Image
"片肌・片膚 (かたはだ)`片膚 (かたはだ)","諸肌,もろはだ",,Guess the Antonym,Image
"片膝 (かたひざ)","諸膝・両膝,もろひざ",,Guess the Antonym,Image
"牝 (ひん)","牡,ぼ",,Guess the Antonym,Image
"牝 (め)","牡,お",,Guess the Antonym,Image
"牝 (めす)","雄・牡,おす",,Guess the Antonym,Image
"牝牛 (めうし)","雄牛・牡牛,おうし",,Guess the Antonym,Image
"牡 (おす)`雄 (おす)","雌・牝,めす",,Guess the Antonym,Image
"牡丹雪 (ぼたんゆき)","粉雪,こなゆき",,Guess the Antonym,Image
"牡牛 (おうし)`雄牛・牡牛 (おうし)","雌牛,めうし",,Guess the Antonym,Image
"物忘れ (ものわすれ)","物覚え,ものおぼえ",,Guess the Antonym,Image
"物知らず (ものしらず)","物知り,ものしり",,Guess the Antonym,Image
"物納 (ぶつのう)","金納,きんのう",,Guess the Antonym,Image
"物質 (ぶっしつ)","精神,せいしん",,Guess the Antonym,Image
"特別国会 (とくべつこっかい)`臨時国会 (りんじこっかい)","通常国会,つうじょうこっかい",,Guess the Antonym,Image
"特性 (とくせい)","通性,つうせい",,Guess the Antonym,Image
"特有 (とくゆう)","通有,つうゆう",,Guess the Antonym,Image
"牽牛星 (けんぎゅうせい)","織女星,しょくじょせい",,Guess the Antonym,Image
"狡猾 (こうかつ)","純朴,じゅんぼく,純朴・淳朴・醇朴,じゅんぼく,醇朴,じゅんぼく",,Guess the Antonym,Image
"独居 (どっきょ)","群居,ぐんきょ",,Guess the Antonym,Image
"猟区 (りょうく)","禁猟区,きんりょうく",,Guess the Antonym,Image
"猟期 (りょうき)`狩猟期 (しゅりょうき)","禁猟期,きんりょうき",,Guess the Antonym,Image
"猫面 (ねこづら)","馬面,うまづら",,Guess the Antonym,Image
"献杯・献盃 (けんぱい)","返杯,へんぱい,返盃,へんぱい",,Guess the Antonym,Image
"献盃 (けんぱい)`献杯 (けんぱい)","返杯・返盃,へんぱい",,Guess the Antonym,Image
"玄人 (くろうと)","素人,しろうと",,Guess the Antonym,Image
"玄米 (げんまい)","白米,はくまい,精米,せいまい",,Guess the Antonym,Image
"率先 (そっせん)","追随,ついずい",,Guess the Antonym,Image
"玉 (ぎょく)","石,せき",,Guess the Antonym,Image
"玉砕 (ぎょくさい)","瓦全,がぜん",,Guess the Antonym,Image
"王 (おう)","王妃,おうひ",,Guess the Antonym,Image
"王女 (おうじょ)","王子,おうじ",,Guess the Antonym,Image
"王者 (おうじゃ)","覇者,はしゃ",,Guess the Antonym,Image
"王道 (おうどう)","覇道,はどう",,Guess the Antonym,Image
"現す (あらわす)","隠す,かくす",,Guess the Antonym,Image
"現れる (あらわれる)","隠れる,かくれる",,Guess the Antonym,Image
"現実 (げんじつ)","理想,りそう,空想,くうそう",,Guess the Antonym,Image
"現尺 (げんしゃく)","縮尺,しゅくしゃく",,Guess the Antonym,Image
"現業 (げんぎょう)","非現業,ひげんぎょう",,Guess the Antonym,Image
"現物 (げんぶつ)","見本,みほん",,Guess the Antonym,Image
"現職 (げんしょく)","非職,ひしょく",,Guess the Antonym,Image
"現金主義 (げんきんしゅぎ)","発生主義,はっせいしゅぎ",,Guess the Antonym,Image
"理仏性 (りぶっしょう)","行仏性,ぎょうぶっしょう",,Guess the Antonym,Image
"理性的 (りせいてき)","盲目的,もうもくてき",,Guess the Antonym,Image
"理論派 (りろんは)","行動派,こうどうは",,Guess the Antonym,Image
"甘い (あまい)","苦い,にがい,辛い,からい",,Guess the Antonym,Image
"甘党 (あまとう)","辛党,からとう",,Guess the Antonym,Image
"甘口 (あまくち)","辛口,からくち",,Guess the Antonym,Image
"甘味噌 (あまみそ)","辛味噌,からみそ",,Guess the Antonym,Image
"甘言 (かんげん)","苦言,くげん",,Guess the Antonym,Image
"甚大 (じんだい)","軽微,けいび",,Guess the Antonym,Image
"生みの親 (うみのおや)`生みの親・産みの親 (うみのおや)`産みの親 (うみのおや)","育ての親,そだてのおや",,Guess the Antonym,Image
"生家 (せいか)`実家 (じっか)","養家,ようか",,Guess the Antonym,Image
"生得 (しょうとく・せいとく)","習得,しゅうとく",,Guess the Antonym,Image
"生母 (せいぼ)","継母,けいぼ,養母,ようぼ",,Guess the Antonym,Image
"生臭物 (なまぐさもの)","精進物,しょうじんもの",,Guess the Antonym,Image
"生花 (せいか)","造花,ぞうか",,Guess the Antonym,Image
"用器画 (ようきが)","自在画,じざいが",,Guess the Antonym,Image
"用談 (ようだん)`要談 (ようだん)","閑話,かんわ,閑談,かんだん",,Guess the Antonym,Image
"田 (た)","畑,はた,畑・畠,はた,畠,はた",,Guess the Antonym,Image
"田園 (でんえん)`田舎 (いなか)","都会,とかい",,Guess the Antonym,Image
"田夫野人 (でんぷやじん)","都人士,とじんし",,Guess the Antonym,Image
"申し出る・申出る (もうしでる)","聞き届ける,ききとどける,聞届ける,ききとどける",,Guess the Antonym,Image
"申出る (もうしでる)`申し出る (もうしでる)","聞き届ける・聞届ける,ききとどける",,Guess the Antonym,Image
"男松 (おまつ)`雄松 (おまつ)","雌松・女松,めまつ",,Guess the Antonym,Image
"男滝 (おだき)`雄滝 (おだき)","雌滝・女滝,めだき",,Guess the Antonym,Image
"画引き (かくびき)","音引き,おんびき",,Guess the Antonym,Image
"留め女 (とめおんな)","留め男・留男,とめおとこ",,Guess the Antonym,Image
"留め女・留女 (とめおんな)","留め男,とめおとこ,留男,とめおとこ",,Guess the Antonym,Image
"留め男・留男 (とめおとこ)","留女,とめおんな",,Guess the Antonym,Image
"留任 (りゅうにん)","転任,てんにん",,Guess the Antonym,Image
"留別 (りゅうべつ)","送別,そうべつ",,Guess the Antonym,Image
"略 (りゃく)","詳,しょう",,Guess the Antonym,Image
"略解 (りゃっかい)","精解,せいかい",,Guess the Antonym,Image
"異なる (ことなる)","等しい,ひとしい,等しい・均しい・斉しい,ひとしい",,Guess the Antonym,Image
"異例 (いれい)`特例 (とくれい)","通例,つうれい",,Guess the Antonym,Image
"異国 (いこく)","自国,じこく",,Guess the Antonym,Image
"異方性 (いほうせい)","等方性,とうほうせい",,Guess the Antonym,Image
"異花受粉 (いかじゅふん)","自花受粉,じかじゅふん",,Guess the Antonym,Image
"異説 (いせつ)","通説,つうせつ",,Guess the Antonym,Image
"異論 (いろん)","通論,つうろん",,Guess the Antonym,Image
"疎 (そ)","親,しん",,Guess the Antonym,Image
"疎い (うとい)","精しい,くわしい,親しい,したしい,親しい,ちかしい,詳しい,くわしい,詳しい・委しい・精しい,くわしい,近しい,ちかしい,近しい・親しい,ちかしい",,Guess the Antonym,Image
"疎んじる (うとんじる)","親しむ,したしむ",,Guess the Antonym,Image
"疎遠 (そえん)","親密,しんみつ,親近,しんきん",,Guess the Antonym,Image
"疑念 (ぎねん)","確信,かくしん",,Guess the Antonym,Image
"痩 (そう)","肥,ひ",,Guess the Antonym,Image
"痩せる (やせる)","肥える,こえる,肥る,ふとる",,Guess the Antonym,Image
"痩せ土 (やせつち)","肥え土,こえつち",,Guess the Antonym,Image
"痩せ地 (やせち)","肥え地,こえち",,Guess the Antonym,Image
"痩せ型 (やせがた)","肥満型,ひまんがた",,Guess the Antonym,Image
"瘠土 (せきど)","肥土,ひど",,Guess the Antonym,Image
"発 (はつ)","着,ちゃく",,Guess the Antonym,Image
"発会 (はっかい)","納会,のうかい",,Guess the Antonym,Image
"発奮 (はっぷん)`発憤 (はっぷん)`発憤・発奮 (はっぷん)","落胆,らくたん",,Guess the Antonym,Image
"発展 (はってん)","衰退・衰頽,すいたい",,Guess the Antonym,Image
"発散 (はっさん)","集束,しゅうそく",,Guess the Antonym,Image
"発熱 (はつねつ)","解熱,げねつ",,Guess the Antonym,Image
"発端 (ほったん)","終局,しゅうきょく,結末,けつまつ",,Guess the Antonym,Image
"登 (とう)`登 (と)`昇 (しょう)","降,こう",,Guess the Antonym,Image
"登庁 (とうちょう)","退庁,たいちょう",,Guess the Antonym,Image
"登第 (とうだい)","落第,らくだい",,Guess the Antonym,Image
"白 (しろ)","赤,あか,黒,くろ",,Guess the Antonym,Image
"白 (はく)","紅,こう,黒,こく",,Guess the Antonym,Image
"白眼 (はくがん)","青眼,せいがん",,Guess the Antonym,Image
"白票 (はくひょう)","青票,せいひょう",,Guess the Antonym,Image
"白身 (しろみ)","黄身,きみ",,Guess the Antonym,Image
"皆既蝕 (かいきしょく)`皆既食 (かいきしょく)","部分食・部分蝕,ぶぶんしょく",,Guess the Antonym,Image
"皆既食・皆既蝕 (かいきしょく)","部分蝕,ぶぶんしょく,部分食,ぶぶんしょく",,Guess the Antonym,Image
"皆無 (かいむ)`欠乏 (けつぼう)","豊富,ほうふ",,Guess the Antonym,Image
"皇太子 (こうたいし)","皇太子妃,こうたいしひ",,Guess the Antonym,Image
"皇女 (おうじょ)","皇子,おうじ",,Guess the Antonym,Image
"皮質 (ひしつ)","髄質,ずいしつ",,Guess the Antonym,Image
"盈月 (えいげつ)","虧月,きげつ",,Guess the Antonym,Image
"盛 (せい)","衰,すい",,Guess the Antonym,Image
"盛装 (せいそう)","軽装,けいそう",,Guess the Antonym,Image
"目深 (まぶか)","阿弥陀,あみだ",,Guess the Antonym,Image
"目覚める (めざめる)","眠る,ねむる",,Guess the Antonym,Image
"直参 (じきさん)","陪臣,ばいしん",,Guess the Antonym,Image
"直喩 (ちょくゆ)`明喩 (めいゆ)","隠喩,いんゆ",,Guess the Antonym,Image
"直截 (ちょくせつ)","紆曲,うきょく,迂曲,うきょく,迂曲・紆曲,うきょく",,Guess the Antonym,Image
"直接 (ちょくせつ)","間接,かんせつ",,Guess the Antonym,Image
"直税 (ちょくぜい)","間税,かんぜい",,Guess the Antonym,Image
"直行 (ちょっこう)","迂回,うかい",,Guess the Antonym,Image
"直読 (ちょくどく)","顚読,てんどく",,Guess the Antonym,Image
"直諫 (ちょっかん)","諷諫,ふうかん",,Guess the Antonym,Image
"相克 (そうこく)`相克・相剋 (そうこく)`相剋 (そうこく)","相生,そうしょう",,Guess the Antonym,Image
"相対 (そうたい)","絶対,ぜったい",,Guess the Antonym,Image
"相手 (あいて)","自分,じぶん",,Guess the Antonym,Image
"相違 (そうい)","類似,るいじ",,Guess the Antonym,Image
"看経 (かんきん)","読経,どきょう・どっきょう,諷経,ふぎん",,Guess the Antonym,Image
"真 (しん)","贋,がん",,Guess the Antonym,Image
"真っ昼間 (まっぴるま)","真夜中,まよなか",,Guess the Antonym,Image
"真ん中 (まんなか)","端,はし,隅,すみ",,Guess the Antonym,Image
"真ん前 (まんまえ)","真後ろ,まうしろ",,Guess the Antonym,Image
"真夜中 (まよなか)","真昼,まひる",,Guess the Antonym,Image
"真実 (しんじつ)","虚偽,きょぎ",,Guess the Antonym,Image
"真潮 (ましお)","逆潮,さかしお",,Guess the Antonym,Image
"真網 (まあみ)","逆網,さかあみ",,Guess the Antonym,Image
"真読 (しんどく)","転読,てんどく",,Guess the Antonym,Image
"眠る (ねむる)","覚める,さめる,醒める,さめる",,Guess the Antonym,Image
"着 (ちゃく)","脱,だつ",,Guess the Antonym,Image
"着せる (きせる)","脱がせる,ぬがせる",,Guess the Antonym,Image
"着にくい (きにくい)","着やすい,きやすい",,Guess the Antonym,Image
"着る (きる)`履く (はく)","脱ぐ,ぬぐ",,Guess the Antonym,Image
"着任 (ちゃくにん)","離任,りにん",,Guess the Antonym,Image
"着倒れ (きだおれ)","食い倒れ,くいだおれ,食い倒れ・食倒れ,くいだおれ,食倒れ,くいだおれ",,Guess the Antonym,Image
"着太り (きぶとり)","着痩せ,きやせ",,Guess the Antonym,Image
"着尺 (きじゃく)","羽尺,はじゃく",,Guess the Antonym,Image
"着岸 (ちゃくがん)`接岸 (せつがん)","離岸,りがん",,Guess the Antonym,Image
"着工 (ちゃっこう)","竣工・竣功,しゅんこう",,Guess the Antonym,Image
"着席 (ちゃくせき)","起立,きりつ",,Guess the Antonym,Image
"着水 (ちゃくすい)","離水,りすい",,Guess the Antonym,Image
"着着 (ちゃくちゃく)","遅々,ちち",,Guess the Antonym,Image
"着金 (ちゃっきん)","送金,そうきん",,Guess the Antonym,Image
"着陸 (ちゃくりく)","離陸,りりく",,Guess the Antonym,Image
"睡眠 (すいみん)","覚醒,かくせい",,Guess the Antonym,Image
"矢尻 (やじり)","矢筈,やはず",,Guess the Antonym,Image
"矢筈 (やはず)","鏃,やじり,鏃・矢尻,やじり",,Guess the Antonym,Image
"知ったか振り (しったかぶり)","知らん振り,しらんぷり",,Guess the Antonym,Image
"短 (たん)","長,ちょう",,Guess the Antonym,Image
"短命 (たんめい)","長寿,ちょうじゅ",,Guess the Antonym,Image
"短小 (たんしょう)","長大,ちょうだい",,Guess the Antonym,Image
"短篇 (たんぺん)`短編 (たんぺん)","長編・長篇,ちょうへん",,Guess the Antonym,Image
"短編・短篇 (たんぺん)","長篇,ちょうへん,長編,ちょうへん",,Guess the Antonym,Image
"短躯・短軀 (たんく)","長躯,ちょうく,長軀,ちょうく",,Guess the Antonym,Image
"短軀 (たんく)`短躯 (たんく)","長躯・長軀,ちょうく",,Guess the Antonym,Image
"硬 (こう)","軟,なん",,Guess the Antonym,Image
"硬い (かたい)","脆い,もろい",,Guess the Antonym,Image
"硬貨 (こうか)","紙幣,しへい",,Guess the Antonym,Image
"確報 (かくほう)","虚報,きょほう,誤報,ごほう",,Guess the Antonym,Image
"磁器 (じき)","陶器,とうき",,Guess the Antonym,Image
"祖 (そ)","裔,えい",,Guess the Antonym,Image
"祖母 (ばば)`婆 (ばば)","祖父・爺,じじ",,Guess the Antonym,Image
"神上げ (かみあげ)","神降ろし,かみおろし",,Guess the Antonym,Image
"神助 (しんじょ)","神罰,しんばつ",,Guess the Antonym,Image
"神在月 (かみありづき)","神無月,かんなづき",,Guess the Antonym,Image
"禁止 (きんし)","解禁,かいきん,許可,きょか",,Guess the Antonym,Image
"禅尼 (ぜんに)","禅門,ぜんもん",,Guess the Antonym,Image
"禍 (か)","福,ふく",,Guess the Antonym,Image
"福の神 (ふくのかみ)","貧乏神,びんぼうがみ",,Guess the Antonym,Image
"福相 (ふくそう)","貧相,ひんそう",,Guess the Antonym,Image
"秀作 (しゅうさく)","駄作,ださく",,Guess the Antonym,Image
"秀句 (しゅうく)`佳句 (かく)","駄句,だく",,Guess the Antonym,Image
"秀才 (しゅうさい)`穎才 (えいさい)`英才 (えいさい)`英才・穎才 (えいさい)","鈍才,どんさい",,Guess the Antonym,Image
"私 (わたくし)`私 (わたし)","貴方,あなた",,Guess the Antonym,Image
"秋上げ (あきあげ)","秋落ち,あきおち",,Guess the Antonym,Image
"科学的 (かがくてき)","非科学的,ひかがくてき",,Guess the Antonym,Image
"秤量貨幣 (しょうりょうかへい)","計数貨幣,けいすうかへい",,Guess the Antonym,Image
"称讃 (しょうさん)`称賛 (しょうさん)","非難・批難,ひなん",,Guess the Antonym,Image
"称賛・称讃 (しょうさん)","罵倒,ばとう,非難,ひなん",,Guess the Antonym,Image
"稚拙 (ちせつ)","老巧,ろうこう",,Guess the Antonym,Image
"種違い (たねちがい)","腹違い,はらちがい",,Guess the Antonym,Image
"稲挙ぐ (いねあぐ)","稲積む,いねつむ",,Guess the Antonym,Image
"積む (つむ)`乗せる (のせる)`載せる (のせる)","降ろす,おろす",,Guess the Antonym,Image
"穏やか (おだやか)","荒い,あらい,荒っぽい,あらっぽい,荒々しい,あらあらしい",,Guess the Antonym,Image
"穏健 (おんけん)","過激,かげき",,Guess the Antonym,Image
"空く (すく)","込む,こむ",,Guess the Antonym,Image
"空前 (くうぜん)","絶後,ぜつご",,Guess the Antonym,Image
"突き放す (つきはなす)`突き放す・突放す (つきはなす)`突放す (つきはなす)","追い縋る,おいすがる",,Guess the Antonym,Image
"窮する (きゅうする)","通じる,つうじる",,Guess the Antonym,Image
"窮屈 (きゅうくつ)`不自由 (ふじゆう)","自由,じゆう",,Guess the Antonym,Image
"立派 (りっぱ)","粗末,そまつ,貧弱,ひんじゃく",,Guess the Antonym,Image
"競り売り (せりうり)","競り買い・競買い,せりがい",,Guess the Antonym,Image
"競り売り・競売り (せりうり)","競り買い,せりがい,競買い,せりがい",,Guess the Antonym,Image
"競り買い・競買い (せりがい)","競売り,せりうり",,Guess the Antonym,Image
"符合 (ふごう)","齟齬,そご",,Guess the Antonym,Image
"筆不精・筆無精 (ふでぶしょう)","筆忠実,ふでまめ",,Guess the Antonym,Image
"筆戦 (ひっせん)","舌戦,ぜっせん",,Guess the Antonym,Image
"筆禍 (ひっか)","舌禍,ぜっか",,Guess the Antonym,Image
"筆耕 (ひっこう)","舌耕,ぜっこう",,Guess the Antonym,Image
"筆鋒 (ひっぽう)","舌鋒,ぜっぽう",,Guess the Antonym,Image
"筋肉労働 (きんにくろうどう)","精神労働,せいしんろうどう",,Guess the Antonym,Image
"答弁 (とうべん)`回答 (かいとう)","質問,しつもん",,Guess the Antonym,Image
"答申 (とうしん)","諮問,しもん",,Guess the Antonym,Image
"答辞 (とうじ)","送辞,そうじ",,Guess the Antonym,Image
"篤実 (とくじつ)","陰険,いんけん",,Guess the Antonym,Image
"簡 (かん)","繁,はん",,Guess the Antonym,Image
"簡単 (かんたん)`単純 (たんじゅん)","複雑,ふくざつ",,Guess the Antonym,Image
"簡易 (かんい)`簡略 (かんりゃく)","繁雑,はんざつ",,Guess the Antonym,Image
"簡素 (かんそ)","豪奢,ごうしゃ,豪華,ごうか",,Guess the Antonym,Image
"籠城 (ろうじょう)","開城,かいじょう",,Guess the Antonym,Image
"籠耳 (かごみみ)","袋耳,ふくろみみ",,Guess the Antonym,Image
"粉食 (ふんしょく)","粒食,りゅうしょく",,Guess the Antonym,Image
"粋 (いき)","野暮,やぼ",,Guess the Antonym,Image
"粋人 (すいじん)`通人 (つうじん)","野暮天,やぼてん",,Guess the Antonym,Image
"粗 (そ)","精,せい",,Guess the Antonym,Image
"粗い (あらい)","細かい,こまかい",,Guess the Antonym,Image
"粗大 (そだい)","細密,さいみつ",,Guess the Antonym,Image
"粗悪 (そあく)","精好,せいこう,精巧,せいこう",,Guess the Antonym,Image
"粗放農業 (そほうのうぎょう)","集約農業,しゅうやくのうぎょう",,Guess the Antonym,Image
"粗服 (そふく)","美服,びふく",,Guess the Antonym,Image
"粗柾目 (あらまさめ)","糸柾目,いとまさめ",,Guess the Antonym,Image
"粗略・疎略 (そりゃく)","鄭重,ていちょう",,Guess the Antonym,Image
"粗粗 (あらあら)","細細,こまごま",,Guess the Antonym,Image
"粗雑 (そざつ)","精密,せいみつ,精巧,せいこう,綿密,めんみつ",,Guess the Antonym,Image
"粗食 (そしょく)`悪食 (あくじき)","美食,びしょく",,Guess the Antonym,Image
"粘り強い (ねばりづよい)`辛抱強い (しんぼうづよい)`我慢強い (がまんづよい)","飽きっぽい,あきっぽい",,Guess the Antonym,Image
"粘る (ねばる)","諦める,あきらめる",,Guess the Antonym,Image
"粛然 (しゅくぜん)","騒然,そうぜん",,Guess the Antonym,Image
"粳 (うるち)`粳米 (うるちまい)","糯米,もちごめ",,Guess the Antonym,Image
"精神 (せいしん)","肉体,にくたい",,Guess the Antonym,Image
"精読 (せいどく)","通読,つうどく",,Guess the Antonym,Image
"糸柾目 (いとまさめ)","荒柾目,あらまさめ",,Guess the Antonym,Image
"紀伝体 (きでんたい)","編年体,へんねんたい",,Guess the Antonym,Image
"紅潮 (こうちょう)","蒼白,そうはく",,Guess the Antonym,Image
"純文学 (じゅんぶんがく)","通俗文学,つうぞくぶんがく",,Guess the Antonym,Image
"純系 (じゅんけい)`純血種 (じゅんけつしゅ)","雑種,ざっしゅ",,Guess the Antonym,Image
"紙背 (しはい)","紙面,しめん",,Guess the Antonym,Image
"素早い (すばやい)`速い (はやい)","鈍い,のろい",,Guess the Antonym,Image
"素直 (すなお)","頑な,かたくな",,Guess the Antonym,Image
"紫外線 (しがいせん)","赤外線,せきがいせん",,Guess the Antonym,Image
"累進税 (るいしんぜい)","逆進税,ぎゃくしんぜい",,Guess the Antonym,Image
"細則 (さいそく)","総則,そうそく,通則,つうそく",,Guess the Antonym,Image
"終了 (しゅうりょう)","開始,かいし",,Guess the Antonym,Image
"終巻 (しゅうかん)","首巻,しゅかん",,Guess the Antonym,Image
"終幕 (しゅうまく)","開幕,かいまく",,Guess the Antonym,Image
"終戦 (しゅうせん)","開戦,かいせん",,Guess the Antonym,Image
"終演 (しゅうえん)","開演,かいえん",,Guess the Antonym,Image
"終点 (しゅうてん)","起点,きてん",,Guess the Antonym,Image
"経 (けい)","緯,い",,Guess the Antonym,Image
"経 (たて)","緯,ぬき",,Guess the Antonym,Image
"経常費 (けいじょうひ)","臨時費,りんじひ",,Guess the Antonym,Image
"経済財 (けいざいざい)","自由財,じゆうざい",,Guess the Antonym,Image
"結 (けつ)`伏 (ふく)","起,き",,Guess the Antonym,Image
"結ぶ (むすぶ)","解く,とく,解く,ほどく",,Guess the Antonym,Image
"結党 (けっとう)","解党,かいとう",,Guess the Antonym,Image
"結団 (けつだん)","解団,かいだん",,Guess the Antonym,Image
"結夏 (けっか)","解夏,げげ",,Guess the Antonym,Image
"結婚 (けっこん)`婚姻 (こんいん)","離婚,りこん",,Guess the Antonym,Image
"結尾 (けつび)","起首,きしゅ",,Guess the Antonym,Image
"結成 (けっせい)","解散,かいさん",,Guess the Antonym,Image
"結晶質 (けっしょうしつ)","非晶質,ひしょうしつ",,Guess the Antonym,Image
"結語 (けつご)","頭語,とうご",,Guess the Antonym,Image
"結論 (けつろん)","緒論,しょろん",,Guess the Antonym,Image
"結願 (けちがん)","開白,かいびゃく",,Guess the Antonym,Image
"給 (きゅう)","需,じゅ",,Guess the Antonym,Image
"統治者 (とうちしゃ)`治者 (ちしゃ)","被治者,ひちしゃ",,Guess the Antonym,Image
"絶える (たえる)","続く,つづく",,Guess the Antonym,Image
"絶讃 (ぜっさん)`絶賛 (ぜっさん)`絶賛・絶讃 (ぜっさん)","酷評,こくひょう",,Guess the Antonym,Image
"続き物・続物 (つづきもの)","読み切り,よみきり,読切り,よみきり",,Guess the Antonym,Image
"続物 (つづきもの)`続き物 (つづきもの)","読み切り・読切り,よみきり",,Guess the Antonym,Image
"網元 (あみもと)","網子,あみこ",,Guess the Antonym,Image
"総会 (そうかい)","部会,ぶかい",,Guess the Antonym,Image
"締まる・締る (しまる)`張り詰める・張詰める (はりつめる)","緩む,ゆるむ",,Guess the Antonym,Image
"締める (しめる)","緩める,ゆるめる,緩める・弛める,ゆるめる",,Guess the Antonym,Image
"締め出す (しめだす)","閉じ込める・閉込める,とじこめる",,Guess the Antonym,Image
"締め出す・閉め出す (しめだす)","閉じ込める,とじこめる,閉込める,とじこめる",,Guess the Antonym,Image
"締め切る (しめきる)`締め切る・締切る (しめきる)`締切る (しめきる)`閉め切る (しめきる)`閉め切る・閉切る (しめきる)`閉切る (しめきる)","開け放す,あけはなす",,Guess the Antonym,Image
"緩球 (かんきゅう)","速球,そっきゅう",,Guess the Antonym,Image
"縁切り (えんきり)","縁結び,えんむすび",,Guess the Antonym,Image
"縫う (ぬう)`縛る (しばる)","解く,ほどく",,Guess the Antonym,Image
"縺れる (もつれる)","解ける,ほどける,解れる,ほぐれる",,Guess the Antonym,Image
"繁栄 (はんえい)","衰微,すいび,衰退,すいたい,衰退・衰頽,すいたい,衰頽,すいたい",,Guess the Antonym,Image
"繰り上げる (くりあげる)","繰り下げる・繰下げる,くりさげる",,Guess the Antonym,Image
"繰り上げる・繰上げる (くりあげる)","繰り下げる,くりさげる,繰下げる,くりさげる",,Guess the Antonym,Image
"繰り下げる・繰下げる (くりさげる)","繰上げる,くりあげる",,Guess the Antonym,Image
"繰り入れる (くりいれる)","繰り出す・繰出す,くりだす",,Guess the Antonym,Image
"繰り入れる・繰入れる (くりいれる)","繰り出す,くりだす,繰出す,くりだす",,Guess the Antonym,Image
"繰り出す・繰出す (くりだす)","繰入れる,くりいれる",,Guess the Antonym,Image
"罰 (ばつ)","賞,しょう",,Guess the Antonym,Image
"罰する (ばっする)`禁じる (きんじる)","許す,ゆるす",,Guess the Antonym,Image
"美 (び)","醜,しゅう",,Guess the Antonym,Image
"美しい (うつくしい)","醜い,みにくい",,Guess the Antonym,Image
"美称 (びしょう)`尊称 (そんしょう)","蔑称,べっしょう",,Guess the Antonym,Image
"美談 (びだん)`名声 (めいせい)","醜聞,しゅうぶん",,Guess the Antonym,Image
"美麗 (びれい)","醜悪,しゅうあく",,Guess the Antonym,Image
"老 (ろう)","若,じゃく",,Guess the Antonym,Image
"老い (おい)","若き,わかき",,Guess the Antonym,Image
"老いた (おいた)","若い,わかい",,Guess the Antonym,Image
"老い人 (おいびと)","若人,わこうど",,Guess the Antonym,Image
"老い木 (おいき)","若木,わかぎ",,Guess the Antonym,Image
"老い松 (おいまつ)","若松,わかまつ",,Guess the Antonym,Image
"老い武者 (おいむしゃ)","若武者,わかむしゃ",,Guess the Antonym,Image
"老い耄れ (おいぼれ)","若僧,わかぞう,若造,わかぞう,若造・若僧,わかぞう,青二才,あおにさい",,Guess the Antonym,Image
"老い耄れる (おいぼれる)","若返る,わかがえる",,Guess the Antonym,Image
"老い込む (おいこむ)`老いる (おいる)`老け込む (ふけこむ)","若やぐ,わかやぐ,若返る,わかがえる",,Guess the Antonym,Image
"老け役 (ふけやく)","若役,わかやく",,Guess the Antonym,Image
"老婆 (ろうば)","老爺,ろうや",,Guess the Antonym,Image
"老年 (ろうねん)","若年・弱年,じゃくねん",,Guess the Antonym,Image
"老輩 (ろうはい)","若輩・弱輩,じゃくはい",,Guess the Antonym,Image
"老齢 (ろうれい)","若齢・弱齢,じゃくれい",,Guess the Antonym,Image
"考古学 (こうこがく)","考現学,こうげんがく",,Guess the Antonym,Image
"耐寒 (たいかん)","耐暑,たいしょ",,Guess the Antonym,Image
"聞 (ぶん)","見,けん",,Guess the Antonym,Image
"聞きよい (ききよい)","聞き苦しい,ききぐるしい,聞き苦しい・聞苦しい,ききぐるしい,聞き難い,ききにくい,聞苦しい,ききぐるしい",,Guess the Antonym,Image
"聞き上手 (ききじょうず)","話し上手,はなしじょうず",,Guess the Antonym,Image
"聞き始め (ききはじめ)","聞き納め,ききおさめ,聞き納め・聞納め,ききおさめ,聞納め,ききおさめ",,Guess the Antonym,Image
"聞き手・聞手 (ききて)","話し手,はなして",,Guess the Antonym,Image
"聞き方 (ききかた)","話し方,はなしかた",,Guess the Antonym,Image
"聞き流す (ききながす)`聞き流す・聞流す (ききながす)","聞き留める,ききとめる",,Guess the Antonym,Image
"聞き留める (ききとめる)","聞流す,ききながす",,Guess the Antonym,Image
"聞く (きく)","話す,はなす",,Guess the Antonym,Image
"聴衆 (ちょうしゅう)","観衆,かんしゅう",,Guess the Antonym,Image
"肉体 (にくたい)","霊魂,れいこん",,Guess the Antonym,Image
"肉体労働 (にくたいろうどう)","頭脳労働,ずのうろうどう",,Guess the Antonym,Image
"肉界 (にくかい)","霊界,れいかい",,Guess the Antonym,Image
"肉食 (にくしょく)","草食,そうしょく,菜食,さいしょく",,Guess the Antonym,Image
"肥沃 (ひよく)","荒蕪,こうぶ",,Guess the Antonym,Image
"育毛剤 (いくもうざい)","脱毛剤,だつもうざい",,Guess the Antonym,Image
"背 (せ)","腹,はら",,Guess the Antonym,Image
"背臨 (はいりん)","臨書,りんしょ",,Guess the Antonym,Image
"胸式呼吸 (きょうしきこきゅう)","腹式呼吸,ふくしきこきゅう",,Guess the Antonym,Image
"能弁 (のうべん)","訥弁,とつべん",,Guess the Antonym,Image
"能無し (のうなし)","遣り手,やりて",,Guess the Antonym,Image
"脂性 (あぶらしょう)","荒れ性,あれしょう",,Guess the Antonym,Image
"脅す (おどす)","賺す,すかす",,Guess the Antonym,Image
"脚 (あし)","腕,うで",,Guess the Antonym,Image
"脚注・脚註 (きゃくちゅう)","頭注,とうちゅう,頭註,とうちゅう",,Guess the Antonym,Image
"脚註 (きゃくちゅう)`脚注 (きゃくちゅう)","頭注・頭註,とうちゅう",,Guess the Antonym,Image
"脚韻 (きゃくいん)","頭韻,とういん",,Guess the Antonym,Image
"脱ぐ (ぬぐ)","被る,かぶる",,Guess the Antonym,Image
"脱字 (だつじ)","衍字,えんじ",,Guess the Antonym,Image
"脱文 (だつぶん)","衍文,えんぶん",,Guess the Antonym,Image
"脱稿 (だっこう)","起稿,きこう",,Guess the Antonym,Image
"腋花 (えきか)","頂花,ちょうか",,Guess the Antonym,Image
"腐す (くさす)`叱る (しかる)","褒める・誉める,ほめる",,Guess the Antonym,Image
"腕 (うで)","足,あし,足・脚,あし",,Guess the Antonym,Image
"腕扱き (うでこき)","腕無し,うでなし",,Guess the Antonym,Image
"膨らむ (ふくらむ)","萎む,しぼむ,萎む・凋む,しぼむ",,Guess the Antonym,Image
"臆病 (おくびょう)","豪胆,ごうたん,豪胆・剛胆,ごうたん",,Guess the Antonym,Image
"臥床 (がしょう)","離床,りしょう",,Guess the Antonym,Image
"臨書 (りんしょ)","自運,じうん",,Guess the Antonym,Image
"自嘲 (じちょう)","自慢,じまん",,Guess the Antonym,Image
"自愛 (じあい)","自虐,じぎゃく",,Guess the Antonym,Image
"自我 (じが)","非我,ひが",,Guess the Antonym,Image
"自火 (じか)","類火,るいか",,Guess the Antonym,Image
"自由刑 (じゆうけい)","財産刑,ざいさんけい",,Guess the Antonym,Image
"自由研究 (じゆうけんきゅう)","課題研究,かだいけんきゅう",,Guess the Antonym,Image
"自由経済 (じゆうけいざい)","計画経済,けいかくけいざい",,Guess the Antonym,Image
"自覚 (じかく)","覚他,かくた",,Guess the Antonym,Image
"臭い (くさい)","芳しい,かぐわしい,芳しい・香しい,かぐわしい,香しい,かぐわしい",,Guess the Antonym,Image
"臭気 (しゅうき)","香気,こうき",,Guess the Antonym,Image
"興起 (こうき)","衰微,すいび",,Guess the Antonym,Image
"興隆 (こうりゅう)","衰亡,すいぼう,衰微,すいび,衰退,すいたい,衰退・衰頽,すいたい,衰頽,すいたい",,Guess the Antonym,Image
"舳先 (へさき)","艫,とも",,Guess the Antonym,Image
"船積み (ふなづみ)","陸揚げ,りくあげ",,Guess the Antonym,Image
"色女 (いろおんな)","醜女,ぶおんな",,Guess the Antonym,Image
"色男 (いろおとこ)","醜男,ぶおとこ",,Guess the Antonym,Image
"花婿・花聟 (はなむこ)","花嫁,はなよめ",,Guess the Antonym,Image
"花物 (はなもの)","葉物,はもの",,Guess the Antonym,Image
"花芽 (かが)","葉芽,ようが",,Guess the Antonym,Image
"芸は身の仇 (げいはみのあだ)","芸は身を助く,げいはみをたすく",,Guess the Antonym,Image
"若年・弱年 (じゃくねん)","高年,こうねん",,Guess the Antonym,Image
"苦寒 (くかん)","苦熱,くねつ",,Guess the Antonym,Image
"苦苦しい (にがにがしい)","頰笑ましい,ほほえましい",,Guess the Antonym,Image
"荘重 (そうちょう)","軽快,けいかい",,Guess the Antonym,Image
"荷出し (にだし)","荷受け・荷受,にうけ",,Guess the Antonym,Image
"荷受 (にうけ)`荷受け (にうけ)","荷送り・荷送,におくり",,Guess the Antonym,Image
"荷受け・荷受 (にうけ)","荷送,におくり,荷送り,におくり",,Guess the Antonym,Image
"荷受人 (にうけにん)","荷送人,におくりにん",,Guess the Antonym,Image
"華奢 (きゃしゃ)","頑丈,がんじょう",,Guess the Antonym,Image
"華美 (かび)`奢侈 (しゃし)","質素,しっそ",,Guess the Antonym,Image
"落 (らく)","騰,とう",,Guess the Antonym,Image
"落成 (らくせい)`竣功 (しゅんこう)`竣工 (しゅんこう)`竣工・竣功 (しゅんこう)","起工,きこう",,Guess the Antonym,Image
"蓄える (たくわえる)`蓄える・貯える (たくわえる)`貯える (たくわえる)","費やす,ついやす",,Guess the Antonym,Image
"蔵入れ (くらいれ)","蔵出し,くらだし",,Guess the Antonym,Image
"薄っぺら (うすっぺら)","部厚い,ぶあつい",,Guess the Antonym,Image
"薄暮 (はくぼ)","黎明,れいめい",,Guess the Antonym,Image
"薄給 (はっきゅう)","高給,こうきゅう",,Guess the Antonym,Image
"行啓 (ぎょうけい)","還啓,かんけい",,Guess the Antonym,Image
"行幸 (ぎょうこう)","還幸,かんこう",,Guess the Antonym,Image
"衝動的 (しょうどうてき)`偶発的 (ぐうはつてき)`無計画 (むけいかく)`発作的 (ほっさてき)`場当たり的 (ばあたりてき)","計画的,けいかくてき",,Guess the Antonym,Image
"表 (おもて)","裏,うら",,Guess the Antonym,Image
"表 (ひょう)","裏,り",,Guess the Antonym,Image
"表意文字 (ひょういもじ)","表音文字,ひょうおんもじ",,Guess the Antonym,Image
"衰勢 (すいせい)","隆盛,りゅうせい",,Guess the Antonym,Image
"被る・蒙る (こうむる)","逃れる,のがれる",,Guess the Antonym,Image
"被子植物 (ひししょくぶつ)","裸子植物,らししょくぶつ",,Guess the Antonym,Image
"被用者 (ひようしゃ)","雇用者,こようしゃ",,Guess the Antonym,Image
"被選挙権 (ひせんきょけん)","選挙権,せんきょけん",,Guess the Antonym,Image
"被除数 (ひじょすう)","除数,じょすう",,Guess the Antonym,Image
"裕福 (ゆうふく)","貧乏,びんぼう",,Guess the Antonym,Image
"褒 (ほう)","貶,へん",,Guess the Antonym,Image
"褒める・誉める (ほめる)","誹る,そしる,謗る,そしる,譏る,そしる,貶す,けなす",,Guess the Antonym,Image
"見ず知らず (みずしらず)","見知り合い,みしりあい,顔見知り,かおみしり,顔馴染み,かおなじみ",,Guess the Antonym,Image
"見上げる (みあげる)","見下す,みくだす",,Guess the Antonym,Image
"見付ける (みつける)","見失う,みうしなう",,Guess the Antonym,Image
"見劣り (みおとり)","見勝り,みまさり",,Guess the Antonym,Image
"見好い (みよい)`見好い・見良い (みよい)`見良い (みよい)","見苦しい,みぐるしい",,Guess the Antonym,Image
"見始め (みはじめ)","見納め,みおさめ",,Guess the Antonym,Image
"見尽くす (みつくす)","見残す,みのこす",,Guess the Antonym,Image
"見縊る (みくびる)","買い被る,かいかぶる",,Guess the Antonym,Image
"見込む (みこむ)","見限る,みかぎる",,Guess the Antonym,Image
"覚める (さめる)","酔う,よう",,Guess the Antonym,Image
"親潮 (おやしお)","黒潮,くろしお",,Guess the Antonym,Image
"親鳥 (おやどり)","雛鳥,ひなどり",,Guess the Antonym,Image
"解散 (かいさん)","設立,せつりつ,集合,しゅうごう",,Guess the Antonym,Image
"解雇 (かいこ)","雇傭,こよう,雇用,こよう,雇用・雇傭,こよう",,Guess the Antonym,Image
"言い切る (いいきる)","言い止す,いいさす",,Guess the Antonym,Image
"訓 (くん)","音,おん",,Guess the Antonym,Image
"訥弁 (とつべん)","達弁,たつべん,雄弁,ゆうべん",,Guess the Antonym,Image
"設備資金 (せつびしきん)","運転資金,うんてんしきん",,Guess the Antonym,Image
"詠史 (えいし)","詠物,えいぶつ",,Guess the Antonym,Image
"詰まらない (つまらない)","面白い,おもしろい",,Guess the Antonym,Image
"誉める (ほめる)`褒める (ほめる)","謗る・譏る・誹る,そしる,貶す,けなす",,Guess the Antonym,Image
"誉れ (ほまれ)","辱,はじ",,Guess the Antonym,Image
"語尾 (ごび)","語幹,ごかん",,Guess the Antonym,Image
"語末 (ごまつ)","語頭,ごとう",,Guess the Antonym,Image
"読み切り・読切り (よみきり)","連載,れんさい",,Guess the Antonym,Image
"謙虚 (けんきょ)","高慢,こうまん",,Guess the Antonym,Image
"謙譲 (けんじょう)","驕慢,きょうまん",,Guess the Antonym,Image
"譲り受ける (ゆずりうける)","譲り渡す,ゆずりわたす",,Guess the Antonym,Image
"豊か (ゆたか)","貧しい,まずしい",,Guess the Antonym,Image
"豪農 (ごうのう)","貧農,ひんのう",,Guess the Antonym,Image
"負かす (まかす)","負ける,まける",,Guess the Antonym,Image
"負債 (ふさい)","資産,しさん",,Guess the Antonym,Image
"貧乏 (びんぼう)","金持ち,かねもち",,Guess the Antonym,Image
"貧乏人 (びんぼうにん)","金持ち,かねもち,金満家,きんまんか",,Guess the Antonym,Image
"販売 (はんばい)","購入,こうにゅう,購買,こうばい",,Guess the Antonym,Image
"貰う (もらう)","遣る,やる",,Guess the Antonym,Image
"貴 (き)","賤,せん",,Guess the Antonym,Image
"買い戻し (かいもどし)","転売,てんばい",,Guess the Antonym,Image
"質的 (しつてき)","量的,りょうてき",,Guess the Antonym,Image
"質素 (しっそ)","贅沢,ぜいたく",,Guess the Antonym,Image
"赤 (あか)","黒,くろ",,Guess the Antonym,Image
"赤らむ (あからむ)","青ざめる,あおざめる",,Guess the Antonym,Image
"赤信号 (あかしんごう)","青信号,あおしんごう",,Guess the Antonym,Image
"赤熟 (あかじゅく)","青熟,あおじゅく",,Guess the Antonym,Image
"足の甲 (あしのこう)","足の裏,あしのうら",,Guess the Antonym,Image
"躁病 (そうびょう)","鬱病,うつびょう",,Guess the Antonym,Image
"身 (み)","鞘,さや",,Guess the Antonym,Image
"軍拡 (ぐんかく)","軍縮,ぐんしゅく",,Guess the Antonym,Image
"軒昂 (けんこう)","阻喪,そそう,阻喪・沮喪,そそう",,Guess the Antonym,Image
"軟弱 (なんじゃく)","鞏固,きょうこ",,Guess the Antonym,Image
"軽 (けい)","重,じゅう",,Guess the Antonym,Image
"軽い (かるい)","重たい,おもたい",,Guess the Antonym,Image
"軽微 (けいび)`些細 (ささい)","重大,じゅうだい",,Guess the Antonym,Image
"軽薄 (けいはく)","重厚,じゅうこう",,Guess the Antonym,Image
"輪作 (りんさく)","連作,れんさく",,Guess the Antonym,Image
"辛うじて (かろうじて)","難無く,なんなく",,Guess the Antonym,Image
"農繁期 (のうはんき)","農閑期,のうかんき",,Guess the Antonym,Image
"迎 (げい)","送,そう",,Guess the Antonym,Image
"迎え (むかえ)","送り,おくり",,Guess the Antonym,Image
"迎える (むかえる)","送る,おくる",,Guess the Antonym,Image
"迎え入れる (むかえいれる)","送り出す,おくりだす",,Guess the Antonym,Image
"近 (きん)","遠,えん",,Guess the Antonym,Image
"近付く (ちかづく)`近寄る (ちかよる)","遠ざかる,とおざかる,遠退く,とおのく",,Guess the Antonym,Image
"近付ける (ちかづける)","遠ざける,とおざける,遠退ける,とおのける",,Guess the Antonym,Image
"近所 (きんじょ)`近辺 (きんぺん)`付近 (ふきん)`付近・附近 (ふきん)","遠方,えんぽう",,Guess the Antonym,Image
"近接 (きんせつ)","遠隔,えんかく",,Guess the Antonym,Image
"近海 (きんかい)`沿海 (えんかい)","遠洋,えんよう",,Guess the Antonym,Image
"近目・近眼 (ちかめ)","遠目,とおめ,遠眼,とおめ",,Guess the Antonym,Image
"近眼 (ちかめ)`近目 (ちかめ)","遠目・遠眼,とおめ",,Guess the Antonym,Image
"近親 (きんしん)","遠戚,えんせき",,Guess the Antonym,Image
"追う (おう)","逃げる,にげる,逃げる・遁げる,にげる,遁げる,にげる",,Guess the Antonym,Image
"追跡 (ついせき)","逃走,とうそう",,Guess the Antonym,Image
"退 (たい)","進,しん",,Guess the Antonym,Image
"退く (しりぞく)","進む,すすむ",,Guess the Antonym,Image
"退却 (たいきゃく)","進撃,しんげき",,Guess the Antonym,Image
"退嬰 (たいえい)","進取,しんしゅ",,Guess the Antonym,Image
"逆 (ぎゃく)","順,じゅん",,Guess the Antonym,Image
"逆行 (ぎゃっこう)","順応,じゅんのう",,Guess the Antonym,Image
"透き構え (すきがまえ)","黒構え,くろがまえ",,Guess the Antonym,Image
"通り値 (とおりね)","馬鹿値,ばかね",,Guess the Antonym,Image
"速 (そく)","遅,ち",,Guess the Antonym,Image
"連れ出す (つれだす)","連れ込む,つれこむ",,Guess the Antonym,Image
"連続的 (れんぞくてき)","間欠的,かんけつてき",,Guess the Antonym,Image
"逮捕 (たいほ)`拘禁 (こうきん)","釈放,しゃくほう",,Guess the Antonym,Image
"週初 (しゅうしょ)","週末,しゅうまつ",,Guess the Antonym,Image
"遅れる (おくれる)","間に合う,まにあう",,Guess the Antonym,Image
"運動 (うんどう)","静止,せいし",,Guess the Antonym,Image
"違反 (いはん)","遵守,じゅんしゅ,遵守・順守,じゅんしゅ,順守,じゅんしゅ",,Guess the Antonym,Image
"違法 (いほう)","適法,てきほう,遵法,じゅんぽう,遵法・順法,じゅんぽう,順法,じゅんぽう",,Guess the Antonym,Image
"遜る (へりくだる)","驕る,おごる,驕る・傲る,おごる,高ぶる,たかぶる",,Guess the Antonym,Image
"遠方 (えんぽう)","附近,ふきん",,Guess the Antonym,Image
"遡河魚 (そかぎょ)","降河魚,こうかぎょ",,Guess the Antonym,Image
"遮蔽 (しゃへい)","露出,ろしゅつ",,Guess the Antonym,Image
"避寒 (ひかん)","避暑,ひしょ",,Guess the Antonym,Image
"還元 (かんげん)","酸化,さんか",,Guess the Antonym,Image
"郊外 (こうがい)","都心,としん",,Guess the Antonym,Image
"郎女 (いらつめ)","郎子,いらつこ",,Guess the Antonym,Image
"都 (と)","鄙,ひ",,Guess the Antonym,Image
"都雅 (とが)","鄙俗,ひぞく",,Guess the Antonym,Image
"酔 (すい)","醒,せい",,Guess the Antonym,Image
"酔う (よう)","醒める,さめる",,Guess the Antonym,Image
"酷寒 (こっかん)","酷暑,こくしょ",,Guess the Antonym,Image
"野兎 (のうさぎ)","飼いうさぎ,かいうさぎ",,Guess the Antonym,Image
"野犬 (やけん)","飼い犬・飼犬,かいいぬ",,Guess the Antonym,Image
"野良犬 (のらいぬ)","飼い犬,かいいぬ,飼い犬・飼犬,かいいぬ,飼犬,かいいぬ",,Guess the Antonym,Image
"野良猫 (のらねこ)","飼い猫,かいねこ",,Guess the Antonym,Image
"金切り声 (かなきりごえ)","銅鑼声,どらごえ",,Guess the Antonym,Image
"金婚式 (きんこんしき)","銀婚式,ぎんこんしき",,Guess the Antonym,Image
"金融緩慢 (きんゆうかんまん)","金融逼迫,きんゆうひっぱく",,Guess the Antonym,Image
"針葉樹 (しんようじゅ)","闊葉樹,かつようじゅ",,Guess the Antonym,Image
"鈍 (どん)","鋭,えい",,Guess the Antonym,Image
"鈍感 (どんかん)`遅鈍 (ちどん)`愚鈍 (ぐどん)","鋭敏,えいびん",,Guess the Antonym,Image
"鎖国 (さこく)","開国,かいこく",,Guess the Antonym,Image
"鎖港 (さこう)","開港,かいこう",,Guess the Antonym,Image
"閉 (へい)","開,かい",,Guess the Antonym,Image
"閉ざす (とざす)","開く,ひらく",,Guess the Antonym,Image
"閉じる (とじる)","開く,ひらく,開ける,あける",,Guess the Antonym,Image
"閉じ込める・閉込める (とじこめる)","閉め出す,しめだす",,Guess the Antonym,Image
"閉まる (しまる)","開く,あく",,Guess the Antonym,Image
"閉める (しめる)","開ける,あける",,Guess the Antonym,Image
"閉鎖 (へいさ)","開放,かいほう,開設,かいせつ",,Guess the Antonym,Image
"防寒 (ぼうかん)","防暑,ぼうしょ",,Guess the Antonym,Image
"降り出す (ふりだす)","降り止む,ふりやむ",,Guess the Antonym,Image
"降任 (こうにん)","陞任,しょうにん",,Guess the Antonym,Image
"陥没 (かんぼつ)`沈降 (ちんこう)","隆起,りゅうき",,Guess the Antonym,Image
"陰 (いん)","陽,よう",,Guess the Antonym,Image
"険悪 (けんあく)","静穏,せいおん",,Guess the Antonym,Image
"隆運 (りゅううん)","頽運,たいうん",,Guess the Antonym,Image
"隠 (いん)","顕,けん",,Guess the Antonym,Image
"隠微 (いんび)","顕著,けんちょ",,Guess the Antonym,Image
"隠蔽 (いんぺい)","露見,ろけん,露見・露顕,ろけん,露顕,ろけん",,Guess the Antonym,Image
"雄 (お)","雌,め",,Guess the Antonym,Image
"雄 (おん)","雌,めん",,Guess the Antonym,Image
"雄 (ゆう)","雌,し",,Guess the Antonym,Image
"雄・牡 (おす)","雌,めす",,Guess the Antonym,Image
"雄ねじ (おねじ)`雄螺子 (おねじ)","雌螺子・雌ねじ,めねじ",,Guess the Antonym,Image
"雄松・男松 (おまつ)","雌松,めまつ",,Guess the Antonym,Image
"雄滝・男滝 (おだき)","雌滝,めだき",,Guess the Antonym,Image
"雄螺子・雄ねじ (おねじ)","雌ねじ,めねじ,雌螺子,めねじ",,Guess the Antonym,Image
"雄飛 (ゆうひ)","雌伏,しふく",,Guess the Antonym,Image
"集合 (しゅうごう)","離散,りさん",,Guess the Antonym,Image
"雇い主 (やといぬし)","雇い人,やといにん",,Guess the Antonym,Image
"雑詠 (ざつえい)","題詠,だいえい",,Guess the Antonym,Image
"雨空 (あまぞら)`曇り空 (くもりぞら)","青空,あおぞら",,Guess the Antonym,Image
"霊迎え (たまむかえ)","霊送り・魂送り,たまおくり",,Guess the Antonym,Image
"霊迎え・魂迎え (たまむかえ)","霊送り,たまおくり,魂送り,たまおくり",,Guess the Antonym,Image
"霊送り・魂送り (たまおくり)","魂迎え,たまむかえ",,Guess the Antonym,Image
"霞 (かすみ)","霧,きり",,Guess the Antonym,Image
"静か (しずか)","騒がしい,さわがしい",,Guess the Antonym,Image
"静まる (しずまる)","騒ぐ,さわぐ",,Guess the Antonym,Image
"面伏せ (おもてぶせ)","面起こし,おもておこし",,Guess the Antonym,Image
"面無し (おもなし)","面立たし,おもだたし",,Guess the Antonym,Image
"音読 (おんどく)`朗読 (ろうどく)","黙読,もくどく",,Guess the Antonym,Image
"頂上 (ちょうじょう)`頂 (いただき)","麓,ふもと",,Guess the Antonym,Image
"預かる (あずかる)","預ける,あずける",,Guess the Antonym,Image
"頚動脈 (けいどうみゃく)`頸動脈・頚動脈 (けいどうみゃく)","頸静脈,けいじょうみゃく",,Guess the Antonym,Image
"頭を振る (かぶりをふる)","頷く,うなずく",,Guess the Antonym,Image
"頼もしい (たのもしい)","頼りない,たよりない",,Guess the Antonym,Image
"願い下げ (ねがいさげ)","願い出,ねがいで",,Guess the Antonym,Image
"飛び乗る (とびのる)","飛び降りる・飛降りる,とびおりる",,Guess the Antonym,Image
"飛び乗る・飛乗る (とびのる)","飛び降りる,とびおりる,飛降りる,とびおりる",,Guess the Antonym,Image
"飛び降りる・飛降りる (とびおりる)","飛乗る,とびのる",,Guess the Antonym,Image
"食べ物 (たべもの)","飲み物,のみもの",,Guess the Antonym,Image
"食料 (しょくりょう)","飲料,いんりょう",,Guess the Antonym,Image
"飢える (うえる)","飽きる,あきる,飽きる・厭きる,あきる",,Guess the Antonym,Image
"餅肌・餅膚 (もちはだ)","鮫肌,さめはだ,鮫膚,さめはだ",,Guess the Antonym,Image
"餅膚 (もちはだ)`餅肌 (もちはだ)","鮫肌・鮫膚,さめはだ",,Guess the Antonym,Image
"首になる (くびになる)","首を繫ぐ,くびをつなぐ",,Guess the Antonym,Image
"駅前 (えきまえ)","駅裏,えきうら",,Guess the Antonym,Image
"駑馬 (どば)","駿馬,しゅんめ",,Guess the Antonym,Image
"鳩派 (はとは)","鷹派,たかは",,Guess the Antonym,Image