Question,Answer,Comment,Instruction,Render as
"death","三回忌,四十九日,享年,七回忌,凍死,免れる,一周忌,亡き後,取り留める,圧死,人身事故,変死,圧殺,刺し殺す,仮死,切腹,命懸け,墓標,他界,存否,死別,刺殺,四苦八苦,命拾い,死期,必殺,急逝,悲報,死線,命がけ,大往生,訃報,死闘,極刑,死に物狂い,輪廻,非業の死,夭折,弔い合戦,道連れ,没年,突き止める,死没,没,物故,遺留,断末魔,生命線,辞世,逝去,死生,追善,瀕死,遺留品,決死,","三回忌 second anniversary death
四十九日 forty-ninth person's death
享年 age death
七回忌 sixth anniversary death
凍死 death cold;freezing death
免れる escape(disaster,death,)
一周忌 first anniversary person's death
亡き後 death
取り留める narrowly escape(death)
圧死 crushed death;death crushing
人身事故 accident resulting personal injury death(traf
変死 unnatural death;violent death;accidental death
圧殺 crushing death
刺し殺す stab death
仮死 (state)apparent death
切腹 seppuku death penalty(where convict decapitated
命懸け life death situation
墓標 writing headstone(,date death,)
他界 death
存否 ",Guess Vocab related to Keyword,Text
"good","七福神,併せ持つ,上出来,反面教師,一長一短,伯楽,伝,健脚,利かす,喜望峰,令嬢,善行,口添え,佳境,吉報,勧善懲悪,口裏,好敵手,善玉,好走,吉兆,功罪,精肉,善人,好演,好球,好打,情操,善良,名家,美点,大漁,幸,快投,底抜け,真実味,大福,奔走,良妻,好例,福音,見逃し,美味,着心地,大部,掘り出し物,聞き上手,安眠,良書,遠目,良俗,志士,当たり年,美貌,豊漁,穴場,美名,高配,芳","七福神 Seven Deities Good Luck
併せ持つ two things(same)(good bad points)
上出来 good work;good performance
反面教師 good example what(how behave)
一長一短 good points shortcomings
伯楽 good judge horses cattle
伝 good offices
健脚 good walker
利かす put good use
喜望峰 Cape Good Hope
令嬢 daughter good family
善行 good conduct;good deed
口添え putting good word
佳境 good part
吉報 good news
勧善懲悪 rewarding good punishing evil
口裏 divining good bad luck listening
好敵手 good match
善玉 good;good guy
好走 good run
吉兆 good omen
功罪 good points bad points
精肉 (good quality)meat
善人 good
好演 good per",Guess Vocab related to Keyword,Text
"away","やっ付ける,抜き去る,川流れ,流失,上げ下げ,取り払う,他界,取り払い,外勤,消失,氷解,走り去る,夜逃げ,打ちまくる,古び衰える,吹き飛ぶ,手放す,晴らす,遠ざける,巻き上げる,崩れ去る,流れ出る,吹き飛ばす,投げ捨てる,押し流す,消え入る,飛び立つ,持ち去る,突き飛ばす,程遠い,外泊,流れ出す,消し去る,追い返す,駆け落ち,辞世,飛び去る,逃げ腰,干上がる,追い立てる,突き放す,逃げ込む,","やっ付ける away
抜き去る take away
川流れ carried away current
流失 washed away
上げ下げ setting(meals,)clearing away
取り払う clear away
他界 pass away
取り払い clearing(away)
外勤 working away office
消失 dying away
氷解 melting away
走り去る run away
夜逃げ running night(leave old life behind,away debt)
打ちまくる hammer away;pound away(keyboard)
古び衰える waste away
吹き飛ぶ blow away
手放す send away(child)
晴らす clear away
遠ざける keep away
巻き上げる take away
崩れ去る crumble away
流れ出る drift away
吹き飛ばす blow away;drive away
投げ捨てる throw away
押し流す carry away;wash away;sweep away
消え入る die away
飛び立つ fly away
持ち",Guess Vocab related to Keyword,Text
"life","世間並み,不死,命懸け,世俗,処世,三次元,安住,余生,生命線,命がけ,殺生,数奇,取り留める,世話物,現世,命からがら,福寿,実生活,立志,更年期,夜逃げ,天寿,終生,命脈,存否,息の根,門出,死闘,死生,水生,静物,天命,死線,悠々自適,盛時,浮世,迫真,生気,廃車,暮らし向き,後半生,習い,捨て身,水切り,有為,長命,生活苦,独居,立身出世,隠居","世間並み ordinary(life behavior)
不死 eternal life
命懸け risking life;staking life;life death situation
世俗 ordinary life
処世 conduct life;making way through life
三次元 real life
安住 living quiet life
余生 rest life
生命線 life line(palm reading);matter life death
命がけ putting life line;staking life;life death situ
殺生 destruction life
数奇 checkered(life,career,)
取り留める hang onto(life)
世話物 sewamono(Edo-period drama contemporary life)
現世 life
命からがら dear life
福寿 long life happiness
実生活 actual life;real life;everyday life
立志 deciding life goal;fixing aim life
更年期 chang",Guess Vocab related to Keyword,Text
"new","再認識,新兵,住み替える,初音,年明ける,実用新案,三が日,出直す,年越し,新機軸,参賀,斬新,新酒,新奇,切り張り,新版,心機一転,転入,着任,新調,新館,新著,新刊書,新約聖書,新地,賀正,開所,新雪,歌会始,門松,新妻,新説,新式,開眼,替え歌,書き下ろす,賀状,除夜,遷宮,新顔,新月,黎明,門出,目新しい,新譜,開墾,新造,新道,開講","再認識 seeing new light
新兵 new recruit
住み替える move new house(apartment,)
初音 first warbling heard New Year
年明ける New Year dawns
実用新案 new design practical use
三が日 first three days New Year(January 1-3)
出直す turn new leaf
年越し greeting New Year(New Year's Eve);welcoming Ne
新機軸 new departure
参賀 congratulatory visit Imperial Palace(New Year)
斬新 new
新酒 new brew sake
新奇 new
切り張り cutting part pasting new(shoji door)
新版 new book;new edition;new publication
心機一転 turning new leaf
転入 transfer(new)
着任 taking new post
新調 buying new;new melody;new composition;making",Guess Vocab related to Keyword,Text
"food","寝食,供応,稲荷,切り盛り,下味,一工夫,流し込む,他山の石,栄養価,歯応え,重箱,焼き物,唐揚げ,佃煮,減食,兵糧,流動食,舌鼓,猪口,生鮮食料品,油揚げ,残飯,盛り付ける,副食,生物,離乳食,衣食,美食,磯辺,生ゴミ,舌触り,差し入れる,風俗営業,食べ歩き,食べ残し,食わず嫌い,鍋物,常食,飲み食い,揚げ物,食い物","寝食 bed food
供応 entertaining food drink
稲荷 fried tofu(said favourite food foxes)
切り盛り cutting serving food
下味 seasoning food
一工夫 bit more(food)
流し込む wash(food)
他山の石 food thought
栄養価 food value
歯応え feel food while chewed
重箱 multi-tiered food box
焼き物 flame-broiled food(fish)
唐揚げ deep-fried food(chicken)
佃煮 preserved food boiled sweetened soy sauce
減食 cutting food intake;reducing allowance food
兵糧 food
流動食 liquid food(diet)
舌鼓 smacking lips(food)
猪口 small deep porcelain bowl serving food
生鮮食料品 perishable food
油揚げ deep-fried food
残飯 leftover food;fo",Guess Vocab related to Keyword,Text
"through","乗り切る,介して,伝来,完遂,切り崩す,滑空,抜け穴,分け入る,処世,根っから,吹っ切れる,縦貫,担ぎ出す,苦学,押し通す,松風,総覧,棒引き,密輸入,繰る,突き破る,貫き通す,蘭学,踏破,聞き出す,決め込む,横流し,読破,縁組,青嵐,見抜く,読み切る,窓越し,見破る,見通す,貫通,素通り,見透かす,通り抜ける,透視,駆け抜ける","乗り切る through(adversity)
介して through medium
伝来 transmission(through successive generations)
完遂 carrying through
切り崩す cut through(mountain)
滑空 gliding(through air)
抜け穴 hole can through
分け入る push through
処世 making way through life
根っから through through
吹っ切れる break through(doubts)
縦貫 running through
担ぎ出す convince accept post(through flattery)
苦学 working way through
押し通す carry through;push through
松風 (sound)wind blowing through pine trees
総覧 looking through
棒引き drawing line(through entry ledger,record book,
密輸入 importing through illegal channels
繰る l",Guess Vocab related to Keyword,Text
"Chinese","京劇,中華鍋,丙,太刀,提灯,大刀,和音,中共,国風,古文,国書,整体,水滸伝,禅譲,字書,干支,律令,漢詩,扶桑,矛,漢籍,韻,漢人,朗詠,棒読み,蓮華,拳法,返り点,行書,鉄線,本道,飯店,武術,草書,辛,連山,長征","京劇 classical Chinese opera
中華鍋 Chinese frying pan
丙 third sign Chinese calendar
太刀 Chinese glaive
提灯 Chinese lantern
大刀 Chinese glaive;Chinese glaive
和音 customary on reading(kanji)(opposed those deriv
中共 Chinese Communists;Chinese Communist Party
国風 waka(classical poetry,opposed Chinese poetry)
古文 ancient Chinese character(pre-Qin);Chinese char
国書 book written(opposed Chinese,)
整体 manipulative therapy based Chinese traditions,e
水滸伝 Water Margin(classic Chinese literature)
禅譲 abdication(Chinese emperor)favor virtuous succe
字書 dictionary Chinese ",Guess Vocab related to Keyword,Text
"mountain","名山,上り詰める,夏山,山元,切り崩す,山家,山人,冬山,山上,仙人,山姥,山寺,山並み,山里,山肌,山水,山塊,山奥,山桜,閉山,石山,渓流,連山,霊山,山路,山麓,縦走,高山病,裏山,修験道,裾野,未踏峰,山際,青嵐,雪山,高峰","名山 famous mountain
上り詰める reach summit(mountain)
夏山 summery mountain;mountain often climbed summer
山元 base mountain;owner mountain;foot mountain
切り崩す cut through(mountain)
山家 mountain villa;mountain retreat
山人 mountain wizard;mountain folk
冬山 mountain popular climbing winter;wintry mountai
山上 mountain top
仙人 immortal mountain wizard(Taoism);mountain man(h
山姥 mountain witch
山寺 mountain temple
山並み mountain range;mountain belt
山里 mountain village;mountain hamlet
山肌 bare surface mountain
山水 water flows mountain;mountain stream;mountain w
山塊 mountain",Guess Vocab related to Keyword,Text
"side","側壁,余興,下座,兼業,左方,横たえる,副産物,併記,右方,副業,売り方,副食,座右,母方,外伝,半身不随,堀端,向かい側,対訳,右辺,総菜,片や,寝そべる,左辺,挿話,父方,左舷,真横,裏山,鞍馬,抱き込む,横丁,横車,片面,船腹,通用門","側壁 side wall
余興 side show
下座 musicians' box left side stage
兼業 side business;perusing side business;job side
左方 left side
横たえる wear(sword,)side
副産物 side effect
併記 writing side side
右方 right side
副業 side job
売り方 selling side
副食 side dish
座右 side
母方 mother's side family
外伝 side story
半身不随 hemiplegia(paralysis side body)
堀端 side moat
向かい側 other side;opposite side
対訳 original text translation printed side side opp
右辺 right side(equation,expression,);right side(,ch
総菜 side dish
片や side
寝そべる lie relaxed side
左辺 left side(equation,expression,);left si",Guess Vocab related to Keyword,Text
"cut","切り盛り,切り出す,切り取り,切り張り,人減らし,切り返す,分け前,切り下げる,切り身,切り詰める,切り離す,切除,切り倒す,千切り,切り上げる,切り取る,切り込み,切り込む,切れ込み,手控える,通り抜ける,斬る,切り傷,切り崩す,木地,切れ端,切り花,断ち切る,遮断,間引く,切り落とす,減俸,薄手,賃下げ","切り盛り cut fill(earthwork)
切り出す cut carry;cut(timber)
切り取り cut
切り張り cut paste
人減らし labor cut;personnel cut;labour cut
切り返す cut wheel
分け前 cut
切り下げる cut shorter;cut;cut hang
切り身 cut
切り詰める cut;cut short
切り離す cut
切除 cut
切り倒す cut
千切り finely cut strips(vegetables)
切り上げる cut short
切り取る cut
切り込み cut
切り込む cut deep;cut way(enemy position)
切れ込み cut
手控える reduce cut
通り抜ける cut across
斬る cut
切り傷 cut
切り崩す cut through(mountain)
木地 roughly cut wood carving lathing
切れ端 cut end
切り花 cut flowers
断ち切る cut(supply route,enemy's retreat,);cut;cut(cl
遮断 cut
間引く cut
切り落とす c",Guess Vocab related to Keyword,Text
"long","歴戦,太刀,大振り,手間取る,使い込む,易,丁,終生,無垢,触覚,年功,生き延びる,大昔,長靴,大刀,長丁場,跳馬,長居,棒引き,福寿,長蛇の列,長征,大穴,長文,達観,短冊,長髪,長々,遠目,遠からず,門出,長柄,長命,遠投","歴戦 long military service
太刀 long sword(tachi,worn hip edge samurai)
大振り long sweeping stroke
手間取る take long
使い込む use long
易 type cleromancy divination(described Book Change
丁 counter long narrow things such guns,scissors,sp
終生 long lives
無垢 long kimono made same plain-coloured cloth
触覚 hair style long bangs
年功 long service
生き延びる live long
大昔 long ago
長靴 long boots
大刀 long sword(tachi,worn hip edge samurai);long sw
長丁場 long haul;long act;long stretch;long scene(pla
跳馬 long horse(vaulting)
長居 long visit
棒引き indicating long vowel long-vowel mark
福",Guess Vocab related to Keyword,Text
"rice","冷や飯,供出,太白,下田,吟醸酒,大福,古米,白米,早稲,幕の内,早場米,米産,外米,天丼,田楽,米屋,早苗,握り飯,泡盛,炊き込む,米作,白水,米粉,白玉,沼田,米審,稲刈り,茶漬け,草丈,炊き込み,稲穂,雑炊,米粒,舎利","冷や飯 cold rice
供出 delivery(government fixed price,rice)
太白 white rice jelly
下田 worn-out rice land
吟醸酒 high-quality sake brewed low temperature ferme
大福 rice cake stuffed bean jam
古米 old rice;rice remaining previous year's harvest
白米 (uncooked)white rice;polished rice
早稲 early ripening rice
幕の内 box lunch(containing rice 10-15 small portions
早場米 rice early harvest;early rice
米産 rice production
外米 foreign rice
天丼 tempura served bowl rice
田楽 rice dance;rice festival
米屋 rice shop;rice dealer
早苗 rice seedling
握り飯 rice ball
泡盛 strong Okinawan liquor di",Guess Vocab related to Keyword,Text
"around","城下町,傍若無人,四六時中,出回る,内回り,狂奔,夜行,威張り腐る,門前町,張り巡らす,掻き回す,出歩く,堂々巡り,突っ立つ,夜話,殺し文句,死線,見向く,環視,動き回る,翻弄,走り回る,立ち回り,気付,飛び散る,躍る,見回す,心残り,駆け回る,逃げ回る,火遊び,物色,襟元","城下町 city developed around castle feudal lord
傍若無人 behaving outrageously though there were aroun
四六時中 around clock
出回る around;float around
内回り going around inner circle
狂奔 rushing around
夜行 walking around night
威張り腐る throw weight around
門前町 town originally built around temple shrine
張り巡らす stretch around(fence,dragnet,)
掻き回す rummage around
出歩く around
堂々巡り going around circles
突っ立つ stand around
夜話 evening tea party(starting around 6pm)
殺し文句 phrase brings around,personal relationships
死線 deadline(boundary around prison which prisoners
見向く look arou",Guess Vocab related to Keyword,Text
"same","一点張り,兄弟子,亜流,同義,一時に,同量,同根,同格,同い年,南蛮,同文,横滑り,併せ持つ,呉越同舟,相部屋,県人会,同座,同定,同色,裏番組,同位,持ち上がる,同罪,同心,同族,同質,同時期,国民審査,抜き打ち,天丼,無垢,送り迎え,級友","一点張り always making same bet
兄弟子 senior pupil(same master)
亜流 belonging same(thought)
同義 same meaning
一時に same
同量 same amount
同根 same origin;same root
同格 same rank
同い年 same age
南蛮 thrusting right foot right arm forward same(lef
同文 same language;same wording;same text;same scrip
横滑り shifting another post(same level)
併せ持つ two things(same)(good bad points)
呉越同舟 bitter enemies same boat
相部屋 match between wrestlers same stable
県人会 association same prefecture
同座 same theater(theatre)
同定 identifying(same else)
同色 same color;same colour
裏番組 program comp",Guess Vocab related to Keyword,Text
"which","お手盛り,反面教師,休刊日,右四つ,左四つ,人形浄瑠璃,俳諧,啓蟄,右往左往,若宮,四つ相撲,熱帯夜,死線,有為,短冊,独壇場,陣取り,善玉,民具,真夏日,駆け付け三杯,清朝,白州,白夜,臨月,夏日,音符,阿弥陀,山水,煩悩,成り立ち,目線,青色申告","お手盛り making arbitrary decisions which benefit
反面教師 bad example which can learn
休刊日 which newspapers are published
右四つ hold which both wrestlers obtain underarm grip
左四つ hold which both wrestlers obtain underarm grip
人形浄瑠璃 puppet theatre which recited narrative dialo
俳諧 haikai renga(humorous,often vulgar style renga 
啓蟄 awakening insects solar term(approx. March 6,wh
右往左往 going every which way
若宮 newly built shrine(which divided tutelary deity
四つ相撲 wrestling which both wrestlers grasp other's 
熱帯夜 night which temperature doesn't fall below 25 
死",Guess Vocab related to Keyword,Text
"become","化する,冷え切る,潤む,巣立つ,干る,凝らす,赤茶ける,入り組む,春めく,凝り性,詰む,絡み合う,耳慣れる,吹っ切れる,黄ばむ,古ぼける,白む,化す,薄らぐ,華やぐ,見慣れる,捻じれる,静まり返る,強張る,居直る,鈍る,荒れ果てる,高ぶる,慣れ親しむ,連れ添う,死語,錯綜","化する become
冷え切る become completely chilled
潤む become blurred;become tear-choked
巣立つ graduate(become member society);become indepen
干る become parched
凝らす become tense
赤茶ける become discolored;become discoloured
入り組む become complicated
春めく become spring-like
凝り性 tendency become totally absorbed
詰む become fine(fabric)
絡み合う become linked;become intertwined(matters,inte
耳慣れる become familiar(ears)
吹っ切れる become unbound(past)
黄ばむ become tinged yellow
古ぼける become old grubby;become time-worn;become mus
白む become white
化す become
薄らぐ become thin
華やぐ become br",Guess Vocab related to Keyword,Text
"temple","僧院,参詣,菩提寺,勧進帳,勧進,仁王,仏閣,本尊,寺子屋,仏殿,金堂,山寺,和尚,僧堂,伽藍,釣り鐘,托鉢,正殿,分院,絵馬,堂々巡り,造営,古寺,門前町,末寺,大本山,山門,日参,縁日,開山","僧院 temple
参詣 visit temple shrine
菩提寺 family temple;temple family grave
勧進帳 temple solicitation book
勧進 temple solicitation
仁王 guardian gods Buddhism stand entrance Buddhist 
仏閣 Buddhist temple
本尊 principal object worship temple(usu. buddha bod
寺子屋 temple elementary(during Edo)
仏殿 Buddhist temple
金堂 main temple structure(sanctuary,hall)
山寺 mountain temple
和尚 monk(head monk temple)
僧堂 temple meditation hall certain other temple str
伽藍 temple(large);temple building
釣り鐘 temple bell
托鉢 going bowl meditation hall mealtime(Zen temple)
正殿 main temple
分",Guess Vocab related to Keyword,Text
"full","原寸,丸出し,全開,咲き誇る,一部始終,真っ盛り,大入り,一目散に,数奇,全幅,満潮,知恵袋,丸見え,完全雇用,大挙,全貌,正味,振り絞る,完済,具申,突貫,満載,山盛り,完熟,長々,虚々実々,満腹,旺盛,踏破","原寸 full size
丸出し full view
全開 full power;full throttle
咲き誇る blossom full glory;full bloom
一部始終 full particulars
真っ盛り full bloom
大入り full house
一目散に full speed
数奇 full ups downs
全幅 full
満潮 full tide
知恵袋 bag(full)wisdom
丸見え full view
完全雇用 full employment
大挙 full force
全貌 full view;full particulars
正味 full(working hours)
振り絞る use full(voice,energy,)
完済 full payment
具申 offering full report superior
突貫 working full speed
満載 full load;carrying full load;full(articles,phot
山盛り full measure
完熟 full maturity;full ripeness
長々 (lying)full length
虚々実々 full",Guess Vocab related to Keyword,Text
"style","俳諧,割烹,地唄,今様,南蛮,古式,格調,満年齢,我流,奏法,草書,右方,自己流,棋風,流儀,画風,芸風,江戸前,走法,旧型,隷書,筆致,雅文,行書,触覚,西洋式,話し方","俳諧 haikai renga(humorous,often vulgar style renga 
割烹 cooking(style)
地唄 (style)folk song
今様 modern style;contemporary style
南蛮 exotic(Western European South-East Asian style)
古式 old style
格調 style
満年齢 age(expressed Western style counting fully com
我流 own style
奏法 style playing
草書 grass style;highly cursive style(writing Chines
右方 style court music
自己流 own style
棋風 style playing shogi
流儀 style
画風 style painting
芸風 performing style;acting style
江戸前 Tokyo style
走法 running style
旧型 old style
隷書 clerical script(ancient,highly angular style ka
筆致 lit",Guess Vocab related to Keyword,Text
"shrine","貴社,参宮,若宮,内宮,七五三,参詣,拝殿,八幡宮,遷宮,御神籤,正殿,本殿,絵馬,巫女,日参,外宮,氏子,社殿,神体,総社,祭主,社務,神棚,辻堂,稲荷,門前町","貴社 your shrine
参宮 pilgrimage(Ise Grand Shrine)
若宮 newly built shrine(which divided tutelary deity
内宮 Inner Ise Shrine
七五三 festival(shrine visit)children aged 7,5 3
参詣 visit temple shrine
拝殿 front shrine
八幡宮 Shrine God War
遷宮 transfer shrine;installation deity new shrine
御神籤 fortune slip(usu. bought shrine)
正殿 main building shrine
本殿 main shrine
絵馬 wooden tablet usu. filled prayer hung shrine te
巫女 shrine maiden
日参 daily visit temple shrine(worship)
外宮 outer shrine Ise Grand Shrine
氏子 shrine parishioner
社殿 (main building)Shinto shrine
神体 object ",Guess Vocab related to Keyword,Text
"deep","奥深い,敬服,切り込む,山奥,海山,海溝,深部,痛惜,昏睡,青息吐息,天狗,思慕,濃密,造詣,奥まる,感慨無量,深呼吸,遠洋,奥底,海原,猪口,紺碧,熟睡,深紅,深遠","奥深い deep(cave,);deep
敬服 deep respect
切り込む cut deep
山奥 deep mountains
海山 deep(indebtedness,love,)
海溝 deep
深部 deep part
痛惜 deep regret
昏睡 deep sleep
青息吐息 deep distress
天狗 red-faced long-nosed goblin said reside deep mo
思慕 deep affection
濃密 deep(colour)
造詣 deep knowledge
奥まる lie deep
感慨無量 deep emotion
深呼吸 deep breath
遠洋 deep sea
奥底 deep place
海原 deep
猪口 small deep porcelain bowl serving food
紺碧 deep blue
熟睡 deep sleep
深紅 deep crimson
深遠 deep",Guess Vocab related to Keyword,Text
"left","利き,右左,下座,左方,両隣,左四つ,南蛮,左岸,右四つ,見落とし,効き,極左,舎利,抜け毛,奥の手,滞る,積み残し,遺留品,左舷,縦横無尽,遺訓,左折,抜け落ちる,左辺","利き dominance(left right hand)
右左 right left
下座 musicians' box left side stage
左方 left side
両隣 both sides(left right)
左四つ hold which both wrestlers obtain underarm grip
南蛮 thrusting right foot right arm forward same(lef
左岸 left bank(river)
右四つ hold which both wrestlers obtain underarm grip
見落とし thing left unnoticed
効き dominance(left right hand)
極左 extreme left
舎利 bones left cremation(those Buddha Boddhisatva)
抜け毛 hair left comb
奥の手 left hand
滞る left undone
積み残し passengers left behind
遺留品 article left behind(crime scene,death,)
左舷 port(left side ",Guess Vocab related to Keyword,Text
"state","国書,液状,国葬,加州,国務大臣,大典,仮死,合衆国,盤面,風雲,常態,容体,大儀,宗主国,沙汰,国教,言い残す,容態,戦局,時局,立ち至る,正殿,進行状況","国書 diplomatic message sent head state
液状 liquid state
国葬 state funeral
加州 California(state)
国務大臣 minister state
大典 state ceremony
仮死 (state)apparent death
合衆国 federal state
盤面 (state)board
風雲 state affairs
常態 normal state(condition)
容体 state(health)
大儀 state ceremony
宗主国 suzerain state
沙汰 state
国教 state religion
言い残す state will
容態 state(health)
戦局 state war
時局 state things
立ち至る come(serious state)
正殿 Hall State Ceremonies;State Chamber
進行状況 state progress",Guess Vocab related to Keyword,Text
"story","軟派,小話,佳境,夢物語,実写,一部始終,作り物,竜宮,小ネタ,本筋,全貌,単発,挿話,探訪,外伝,珠玉,捕物帳,粉飾,語り継ぐ,改作,語り草,笑い話,裏話","軟派 social story(newspaper,)
小話 brief(comic)story
佳境 most interesting part(story)
夢物語 fantastic story
実写 real picture story(opposed fiction,imaginary sc
一部始終 whole story
作り物 made-up story
竜宮 palace story Urashima Tarō(said located bottom 
小ネタ small material(story,article,)
本筋 main thread(story)
全貌 whole story
単発 one-shot(story)
挿話 story within story;side story
探訪 hunting news story
外伝 side story
珠玉 gem(story,essay,)
捕物帳 detective story(Edo featuring thief-takers)
粉飾 embellishment(story)
語り継ぐ pass(story)generation generation
改作 adaptation(story)
",Guess Vocab related to Keyword,Text
"China","清朝,寒椿,南蛮,名家,南北朝,中共,中華人民共和国,中華民国,黄河,扶桑,国府,磁器,焼き物,支那,遣唐使,唐,洋行,端午,蓮華,長征,西域,長江","清朝 Qing dynasty(China
寒椿 camellia-like plant native China
南蛮 southern barbarians(ancient China non-Chinese e
名家 Names(China)
南北朝 Northern Southern Dynasties(China
中共 Communist China
中華人民共和国 People's Republic China
中華民国 Republic China(Taiwan)
黄河 Yellow river(China)
扶桑 divine tree island east China(Chinese mythology
国府 Nationalist Government(China
磁器 china
焼き物 china
支那 China
遣唐使 envoy Tang China
唐 China;Tang dynasty(China
洋行 store operated foreigner(pre-communist China)
端午 Dragon Boat Festival(China)
蓮華 china spoon
長征 Long March(China,1934-1936)
",Guess Vocab related to Keyword,Text
"appearance","威容,容態,上辺,器量,出廷,世間体,店構え,容体,捨て石,態,客演,現出,形容,発露,発現,風合い,見掛け,見かけ,雄姿,風貌,露出","威容 imposing appearance;majestic appearance;dignifi
容態 appearance
上辺 outward appearance
器量 facial appearance
出廷 appearance court
世間体 appearance(eyes society)
店構え store's appearance(shop front,signs,)
容体 appearance
捨て石 ornamental garden stone(placed give natural ap
態 appearance
客演 guest appearance
現出 appearance
形容 appearance
発露 appearance
発現 appearance
風合い appearance
見掛け outward appearance
見かけ outward appearance
雄姿 impressive appearance;magnificent appearance
風貌 appearance
露出 appearance(TV,magazines,)",Guess Vocab related to Keyword,Text
"country","水際,山国,在家,亡国,津々浦々,内地,東国,内国,非国民,強国,唐,後進国,売国奴,本邦,富国強兵,片田舎,憂国,異郷,移入,踏破,野人","水際 entering country
山国 mountainous country
在家 country home
亡国 ruining country;ruined country
津々浦々 country
内地 within borders country
東国 eastern country
内国 home country
非国民 traitor(country)
強国 powerful country
唐 foreign country
後進国 undeveloped country;third world country
売国奴 traitor(country)
本邦 country;our country
富国強兵 enrich country,strengthen army
片田舎 country
憂国 patriotic concern future country
異郷 foreign country
移入 shipping(another part country)
踏破 travelling(country)
野人 country bumpkin",Guess Vocab related to Keyword,Text
"tea","出すぎる,効き,出過ぎる,抹茶,番茶,新茶,服する,夜話,利き,茶の湯,松風,茶漬け,麦茶,水差し,煎茶,茶番,玉露,茶会,茶室,茶店","出すぎる too strong(tea)
効き tasting(alcohol,tea,)
出過ぎる too strong(tea)
抹茶 powdered green tea
番茶 coarse tea
新茶 first tea season
服する drink(tea)
夜話 evening tea party(starting around 6pm)
利き tasting(alcohol,tea,)
茶の湯 tea ceremony
松風 (sound)steam whistling kettle(tea ceremony)
茶漬け cooked rice green tea poured
麦茶 barley tea
水差し container fresh water replenishing kettle rins
煎茶 non-powdered tea(opposed matcha);green leaf tea
茶番 serves tea
玉露 high-quality green tea
茶会 tea ceremony;tea party
茶室 tea arbor;tea house;tea arbour
茶店 tea house",Guess Vocab related to Keyword,Text
"original","原審,原典,原著,原版,原色,原判決,原種,原題,本則,原木,原簿,目新しい,本意,原語,書き下ろす,対訳,本訴,新奇,斬新","原審 original sentence
原典 original(text)
原著 original work
原版 original plate;original edition(publication)
原色 original color(painting,opposed reproduction)
原判決 original judgement
原種 original strain
原題 original title
本則 original rules
原木 original(ancestor)tree cultivar
原簿 original record
目新しい original
本意 original intention;original hope;original purpo
原語 original language;original word
書き下ろす write(original work specific purpose)
対訳 original text translation printed side side opp
本訴 original suit
新奇 original
斬新 original",Guess Vocab related to Keyword,Text
"picture","全貌,図録,活写,仏画,実写,大局,点景,枕絵,絵とき,額縁,絵解き,図画,山水,映り,表装,心象,影絵,絵巻物,開眼","全貌 total picture
図録 picture book
活写 painting lively picture
仏画 Buddhist picture
実写 actual picture(opposed drawing);real picture st
大局 larger picture
点景 incidental details picture;persons animals adde
枕絵 erotic picture
絵とき explanation picture
額縁 (picture)frame
絵解き explanation picture
図画 picture
山水 landscape picture
映り picture quality
表装 mounting(picture)
心象 mental picture
影絵 shadow picture
絵巻物 picture scroll
開眼 filling eyes(Buddha)last step consecrating new ",Guess Vocab related to Keyword,Text
"wild","妄想,大それた,夢物語,破天荒,水牛,暴れん坊,山猫,牡丹,狂騒,狂奔,未開拓,野菊,野放図,暴言,野獣,粗暴,野草,自生","妄想 (wild)fancy;wild idea
大それた wild(ambition,idea,)
夢物語 wild tale
破天荒 wild
水牛 wild water buffalo(Bubalus arnee)
暴れん坊 wild kid
山猫 wild cat
牡丹 wild boar(meat)
狂騒 wild excitement
狂奔 running wild
未開拓 wild(areas)
野菊 wild chrysanthemum
野放図 wild
暴言 wild words
野獣 wild animal;wild beast
粗暴 wild
野草 wild grasses
自生 wild growth",Guess Vocab related to Keyword,Text
"word","決定版,呪文,原語,合成語,枕詞,古語,口添え,口約束,狭義,広義,和製英語,見出し語,言い残す,山人,語感,語尾,訳語,死語","決定版 last word
呪文 magic word
原語 original word
合成語 compound word
枕詞 pillow word;decorative word prefixally classica
古語 obsolete word;archaic word
口添え putting good word
口約束 word
狭義 narrow sense(word)
広義 wide sense(word)
和製英語 word constructed elements more English terms;
見出し語 entry word
言い残す leave word
山人 word part pseudonym artists,writers,
語感 impression word makes;feeling word
語尾 (inflectional)ending word
訳語 equivalent word translation
死語 word has become passé;obsolete word;dated word",Guess Vocab related to Keyword,Text
"priest","方丈,上人,宮司,大僧正,大徳,法主,出家,和尚,高僧,司祭,神職,祭主,禅僧,神官,雲水,老師","方丈 chief priest
上人 holy priest
宮司 chief priest
大僧正 priest
大徳 virtuous priest;priest
法主 priest
出家 priest
和尚 head priest;priest
高僧 priest great sanctity learning;virtuous priest;
司祭 priest
神職 Shinto priest
祭主 head priest Ise Shrine;(head)priest
禅僧 Zen priest
神官 Shinto priest
雲水 itinerant priest
老師 aged priest",Guess Vocab related to Keyword,Text
"foreign","黒船,不純物,語学力,外敵,助っ人,唐,南蛮,外電,異郷,邦題,外債,外米","黒船 foreign disruptor(market)
不純物 foreign matter
語学力 foreign language skills
外敵 foreign enemy
助っ人 foreign player(hired strengthen team)
唐 foreign country
南蛮 foreign(goods South-East Asia Western Europe)
外電 foreign telegram
異郷 foreign country;foreign land
邦題 title(given foreign work)
外債 foreign loan;foreign debt;foreign bond
外米 foreign rice",Guess Vocab related to Keyword,Text
"literature","出世作,国文,詩文,古文,枕詞,大衆文学,芸文,水滸伝,文博,国書,純文学","出世作 work art literature brings fame
国文 national literature
詩文 literature
古文 classical literature
枕詞 decorative word prefixally classical literature
大衆文学 popular literature
芸文 art literature
水滸伝 Water Margin(classic Chinese literature)
文博 doctor literature
国書 national literature
純文学 pure literature",Guess Vocab related to Keyword,Text
"plain","平易,白木,裾野,直言,低地,丸見え,平原,広野,平服,淡泊,木地","平易 plain
白木 plain wood
裾野 plain foot mountain
直言 plain speaking
低地 plain
丸見え plain sight
平原 plain
広野 wide plain
平服 plain clothes
淡泊 plain
木地 plain wood",Guess Vocab related to Keyword,Text
"south","南洋,南下,南寄り,大韓民国,南風,南極点,両極,極点,南蛮","南洋 South Seas
南下 going south
南寄り south
大韓民国 South Korea
南風 south wind
南極点 South Pole
両極 North South Poles
極点 pole(north,south)
南蛮 southern barbarians(ancient China non-Chinese e",Guess Vocab related to Keyword,Text
"stroke","筆致,一刀両断,案じる,大振り,跳ね,脳梗塞,抜き打ち,一攫千金,留め","筆致 stroke brush
一刀両断 cutting two single stroke
案じる stroke
大振り long sweeping stroke
跳ね upward turn bottom(vertical stroke kanji hairdo
脳梗塞 (ischemic)stroke
抜き打ち drawing katana attacking same stroke
一攫千金 making fortune single stroke
留め stop(timber joint,end kanji stroke)",Guess Vocab related to Keyword,Text
"work","授産,主著,力仕事,下働き,下回り,一挙手一投足,仕える,下準備,競作,出世作,営々,新著,乗務,上出来,切磋琢磨,仕事柄,職域,外回り,移入,旧作,出社,内勤,忙殺,兼業,草紙,大著,象眼,職責,書き下ろす,働かす,案じる,実働,邦題,定職,金字塔,贋作,盗作,原著,漆器,早業,重労働,居残る,珠玉,欠勤,組み入れる,学課,登庁,良書,結実,快作,置き傘,隠居,自著,寄せ木細工,現業,手弁当","授産 providing work;sheltered work programmes;shelte
主著 main work;chief(literary)work
力仕事 physical work
下働き subordinate work
下回り subordinate work
一挙手一投足 small amount work
仕える work
下準備 spade work
競作 competition better work
出世作 work art literature brings fame
営々 (work)hard
新著 new work
乗務 transport-related work
上出来 good work
切磋琢磨 diligent application(work study)
仕事柄 work;manner related work
職域 place work;range work
外回り work outside office
移入 putting(feelings work)
旧作 existing work;old work
出社 coming work;going work(morning)
内勤 desk work;indoor work;",Guess Vocab related to Keyword,Text
"old","常套手段,古手,古ぼける,懐古,古城,名木,何歳,前世紀,旧法,古米,古老,旧知,古物,往時,古傷,古びる,因習,婆,古寺,旧都,売れ残り,掘り返す,古臭い,古式,夜逃げ,学閥,戦跡,長幼,年老い,旧交,旧友,古木,旧石器時代,宿敵,旧家,古語,旧約,旧版,替え歌,召す,老母,年老いる,高年,四苦八苦,老け役,年寄る,旧作,老木,老境,老松,旧型,老婆,旧暦,脱ぎ捨てる,老師,雅楽","常套手段 old trick
古手 old
古ぼける look old;become old grubby
懐古 recalling old days
古城 old castle;old fortress
名木 old tree historical interest
何歳 how old
前世紀 old times
旧法 old method;old law
古米 old rice
古老 old(knowledgeable events distant past)
旧知 old friend;old acquaintance
古物 old article
往時 old times
古傷 old wound
古びる look old;old
因習 old custom
婆 old woman;joker(old maid)
古寺 old temple
旧都 old capital
売れ残り old maid
掘り返す rake(old scandal)
古臭い old fashioned
古式 old style
夜逃げ running night(leave old life behind,away debt)
学閥 old tie
戦跡 old battlefield
長幼 yo",Guess Vocab related to Keyword,Text
"way","変わり身,乱入,成り立ち,扱い方,仕向ける,右往左往,出掛け,口当たり,突き進む,優先権,致し方,抜け道,処世,吹かす,分け入る,子持ち,立方,道中,道案内,習い,切り込む,帰り道,外交辞令,常軌,苦学,遠回り,屈服,踏破,古手,帰路,悪法,打つ手,通り道,錬金術,我流,滑り出す,奏法,流儀,押し通す,立ちはだかる,字句,王道,社風,自腹,算段,話し方,逆様,行く末,行く手,返礼,転がり込む,","変わり身 ability dodge way attack
乱入 forcing way
成り立ち way constructed;way which came
扱い方 way(children,animal)
仕向ける act toward(certain way)
右往左往 going every which way;going way
出掛け while way
口当たり way talking
突き進む push way
優先権 right way
致し方 way
抜け道 way(trouble);way escape
処世 making way through life
吹かす act way
分け入る force way
子持ち parent children way(expecting mother)
立方 way standing
道中 way
道案内 showing way
習い way life normally
切り込む cut way(enemy position)
帰り道 way;way home
外交辞令 tactful way expressing
常軌 regular way
苦学 working way through
遠回り roundabout ",Guess Vocab related to Keyword,Text
"great","嘱望,名将,両雄,大挙,一大事,上出来,傾倒,大注目,多勢,巨悪,喧騒,有職,名家,列強,功名,大王,大帝,長々,大広間,甚大,困窮,剣豪,大乗,大願,大荒れ,多種多様,希求,聖人,大福,大乱,大器,巨費,大著,大助かり,大徳,後生大事,巨星,大敵,大悟,敬服,愛唱,穴場,大昔,英霊,満悦,高僧,大笑い,愛書,興味深い,豪傑,豪勢,絶賛,震災","嘱望 great hopes(future)
名将 great commander
両雄 two great men(rivals)
大挙 great numbers
一大事 matter great importance
上出来 great success
傾倒 great esteem
大注目 (paying)great deal attention
多勢 great numbers
巨悪 great evil
喧騒 great noise
有職 great artistic talent
名家 great master
列強 great powers
功名 great achievement
大王 great king
大帝 great emperor;Great
長々 (great)length
大広間 great hall
甚大 very great
困窮 great difficulty
剣豪 great swordsman
大乗 Great Vehicle
大願 Buddha's great vow(save)
大荒れ great confusion;great storm
多種多様 great variety
希求 great desire
聖人 great reli",Guess Vocab related to Keyword,Text
"small","世間話,小人数,一挙手一投足,小ネタ,三々五々,低額,小党,大部屋,小皿,小判,小兵,薄謝,小出し,小粒,小刀,子猫,手塩,小道,小槌,小石,幕の内,有限会社,小舟,小競り合い,手狭,小金,小魚,小腸,石ころ,矮小,小骨,小鉢,猪口,私塾,煮干し,小銭,細雪,薄利多売,町工場,総菜,端役,解す,踏み台,雑木,粉々,精肉,首切り","世間話 small talk
小人数 small number
一挙手一投足 small amount work
小ネタ small material(story,article,);small joke
三々五々 small groups
低額 small sum;small amount(money)
小党 small political party
大部屋 actor small parts
小皿 small dish
小判 small size(paper);small oval gold coin Edo
小兵 small stature;small build
薄謝 small consideration(remuneration,token gratitud
小出し (apportioning)small amounts
小粒 small stature ability;small grain
小刀 small sword;(small)knife
子猫 small cat
手塩 small plate
小道 small diameter;small radius
小槌 (small)mallet
小石 small stone
幕の内 box lunch(contain",Guess Vocab related to Keyword,Text
"place","居所,国元,出先,名勝,上段,山の手,任地,会席,御用達,景勝,奥底,洗い場,座右,担ぎ出す,佳境,連れ込む,敵地,突き合わせる,巣くう,物色,盛り場,未発,辺地,高み,穴場,窯元,持ち場,逃げ回る,適地,発祥地,本舞台,陣取り,突っ立つ,職域,適材適所,秘境,隠れ家,船着き場,複,逃げ場,踊り場,釣り場,通り越す,雲の上","居所 place temporary residence
国元 native place
出先 place where has gone;place where going
名勝 place scenic beauty
上段 place honour;place honor
山の手 place near mountains
任地 place appointment
会席 meeting place
御用達 company(restaurant,place,)caters popular speci
景勝 place scenic beauty
奥底 deep place
洗い場 place washing bathroom;washing place(laundry t
座右 place within arm's reach;place close
担ぎ出す carry place
佳境 beautiful place
連れ込む bring(place)
敵地 hostile place
突き合わせる place persons opposite
巣くう haunt(place)
物色 searching(place)
盛り場 place that's always bustling",Guess Vocab related to Keyword,Text
"line","単線,一文字,台詞,捨て身,子午線,予防線,引き込み線,命がけ,命懸け,回帰線,立ち並ぶ,繰り入れる,敵陣,天丼,文理,矢面,架線,暴論,銅線,複線,硬軟,家筋,棒引き,論法,環状線,畑違い,殉職,電話線,肩透かし,目線,殺し文句,阿弥陀,生命線,線描,決まり文句,線審,血統,釣り糸,発句,線画,縦軸,長蛇の列","単線 single line
一文字 straight line
台詞 (spoken)line(play,film,comic,)
捨て身 putting life line
子午線 meridian line
予防線 defence line;defense line
引き込み線 service line
命がけ putting life line
命懸け putting life line
回帰線 regression line
立ち並ぶ line;line row
繰り入れる reel(net,fishing line)
敵陣 enemy line
天丼 (comedy)repeating same gag silly line
文理 (line)reasoning
矢面 firing line
架線 overhead line(trains,trams,);overhead power lin
暴論 irrational(line)argument
銅線 copper line
複線 two-track line
硬軟 hard line moderate line
家筋 family line
棒引き drawing line(through entry ledger,r",Guess Vocab related to Keyword,Text
"book","図録,丸本,創世記,印税,全編,史書,書誌,勧進帳,抄本,写本,本読み,愛書,国書,定本,漢籍,夜話,著述,大判,歯応え,表装,増補,巻頭,繰る,巻物,定石,大部,読破,教則本,後編,新著,新版,新刊書,書庫,良書,易,製本,棒引き,読み直す,版本,聖典,見返し","図録 illustrated book;picture book
丸本 reciter's book
創世記 Genesis(book Bible)
印税 royalty(book)
全編 whole book(volume)
史書 history book
書誌 book
勧進帳 temple solicitation book
抄本 book selections
写本 written copy book;manuscript(book)
本読み reading book
愛書 favorite book(favourite)
国書 book;book written(opposed Chinese,)
定本 revised edition book edited author;final versio
漢籍 Chinese book
夜話 book informal essays
著述 book
大判 large size(paper,book,)
歯応え challenge(work,book)
表装 binding(book)
増補 extending(book)
巻頭 beginning(book,magazine,)
繰る flip through(book);leaf",Guess Vocab related to Keyword,Text
"fire","不知火,中火,掻き回す,燃え移る,不審火,延焼,半焼,鎮火,切り出す,死角,火の手,火消し,同士打ち,火柱,火の気,炭火,失火,焼身自殺,着火,誤爆,火勢,警報器,火事場,警報機,引火,火元,焼き打ち,火気,応戦,火遊び,直射,焼け残る,掃射,焼失,神木,絶やす,火の玉,火中","不知火 sea fire
中火 medium fire
掻き回す poke(fire)
燃え移る (fire)spread
不審火 fire under suspicious circumstances
延焼 spread fire
半焼 partial destruction fire
鎮火 dying(fire)
切り出す start fire(flint,rubbing sticks together,)
死角 sector fire
火の手 fire
火消し extinguishing fire
同士打ち friendly fire
火柱 pillar fire
火の気 sign fire;warmth fire;source fire
炭火 charcoal fire
失火 accidental fire;fire caused negligence
焼身自殺 suicide fire
着火 setting fire;catching fire
誤爆 (killed)friendly fire
火勢 force fire
警報器 alarm(fire,burglar,railroad-crossing,)
火事場 scene fire
警報機 alarm(fire,burg",Guess Vocab related to Keyword,Text
"large","大広間,大群,伽藍,多人数,大全,黒山,大枝,作り物,大部屋,大乗,大入り,大太鼓,大器,大判,大柄,太刀,太鼓判,大所帯,大刀,耕地,大樹,大目,大波,大門,屋形船,大振り,大海,大男,修羅,手広い,大穴,戸板,御化け,総見,大軍,江上,豪勢,諸々","大広間 large hall
大群 large;large crowd;large flock;large shoal;large
伽藍 temple(large)
多人数 large number
大全 large collection
黒山 large crowd
大枝 large branch
作り物 theatrical prop(large prop noh kyogen,tree,wel
大部屋 large room;large hospital room(several patient
大乗 large passenger vehicle
大入り large attendance
大太鼓 large drum
大器 large container
大判 large size(paper,book,);large oval gold coin Ed
大柄 large pattern;large build
太刀 large sword
太鼓判 large stamp;large seal
大所帯 large family
大刀 large sword;large sword
耕地 large estate
大樹 large tree
大目 large eyes
大波 la",Guess Vocab related to Keyword,Text
"right","南蛮,右傾,不惑,右四つ,効き,公道,右端,中葉,右折,右方,両隣,私権,本道,右岸,安堵,優先権,潮時,左四つ,利き,右辺,真下,貫通,右左,当否,穏当,是か非か,時宜,理非,最右翼,王道,片腕,縦横無尽,真横,適温,筋合い,適材適所,黒白,黙秘権","南蛮 thrusting right foot right arm forward same(lef
右傾 leaning(political)right;leaning right
不惑 following right course
右四つ hold which both wrestlers obtain underarm grip
効き dominance(left right hand)
公道 right path
右端 right edge;right end
中葉 middle lobe(right lung)
右折 right turn;turning right
右方 right side
両隣 both sides(left right)
私権 private right
本道 right road
右岸 right bank(river)
安堵 recognition right land ownership(shogunate,feud
優先権 preferential right;right way
潮時 right
左四つ hold which both wrestlers obtain underarm grip
利き dominance(left righ",Guess Vocab related to Keyword,Text
"money","帯封,低額,小金,残金,仏前,亡者,吸い取る,四苦八苦,算段,用立てる,工面,立て替え,代物,元手,小為替,生活苦,血税,金策,巻き上げる,用金,持ち合わせ,郵便為替,小銭,繰り入れる,振り替える,荒稼ぎ,振り出す,金銀,日銭,錬金術,山分け,香典,繰り越し,才覚,身銭,権利金,金縛り","帯封 money band
低額 small amount(money)
小金 small sum money
残金 remaining money
仏前 incense money
亡者 obsessed(money,power,)
吸い取る squeeze(money)
四苦八苦 hard pressed(money)
算段 contriving(raise money)
用立てる lend money
工面 managing(raise money)
立て替え advancingmoney
代物 money
元手 seed money
小為替 postal money order
生活苦 hardships life(due lack money)
血税 taxpayers' hard-earned money
金策 (means)raising money
巻き上げる rip(money)
用金 public money
持ち合わせ money hand;money wallet
郵便為替 postal money order
小銭 small sum money
繰り入れる add(money account);transfer(money)
振り替える transfer(",Guess Vocab related to Keyword,Text
"hand","差し手,あり合わせ,奇術,助け舟,利き,片や,効き,左四つ,素手,かと言って,奥の手,手投げ弾,右四つ,手の内,平手,手打ち,押し倒し,手の甲,手押し,明け渡す,持ち合わせ,挙手,手荷物,突き出す,肩透かし,片腕,手織り,金縛り,鼓,間近い,持ち合わせる,掌中,日傘,提げる,有り合わせ,語り継ぐ","差し手 slipping hand beneath opponent's arm latching 
あり合わせ hand
奇術 sleight hand
助け舟 helping hand
利き dominance(left right hand)
片や hand(other)
効き dominance(left right hand)
左四つ hold which both wrestlers obtain underarm grip
素手 empty hand;bare hand
かと言って other hand
奥の手 left hand
手投げ弾 hand grenade
右四つ hold which both wrestlers obtain underarm grip
手の内 hand;palm(hand)
平手 open hand
手打ち making noodles hand
押し倒し (win)knocking opponent pushing hand(s)rested 
手の甲 hand
手押し hand gilding;pushing hand
明け渡す hand(power)
持ち合わせ hand;money hand;things hand
挙手 rais",Guess Vocab related to Keyword,Text
"house","往診,住み替える,国民審査,人家,大入り,山家,一軒家,切り盛り,宮家,家並み,家中,建て売り,寄宿舎,廃屋,宿す,商家,戸別,家名,平屋,母屋,氷室,町家,寄宿,空き巣,軒先,登院,裏山,造作,庭先,白州,豪邸,茶店,新築マンション,茶室,洋館,詰め掛ける","往診 house call
住み替える move house;move new house(apartment,)
国民審査 national referendum appointment re-appointmen
人家 house
大入り full house
山家 house mountains
一軒家 isolated house;single house;detached house;hou
切り盛り management(house,store,)
宮家 house imperial prince
家並み each house;every house
家中 house;throughout house
建て売り constructing selling ready-built house
寄宿舎 boarding house
廃屋 dilapidated house;deserted house
宿す house
商家 merchant house
戸別 each house
家名 house
平屋 one-story house
母屋 central room(house)
氷室 ice house
町家 merchant's house;tradesman's hou",Guess Vocab related to Keyword,Text
"public","会席,公共職業安定所,公告,呼び込み,公会,世評,公僕,恩給,地方団体,公道,公器,板の間,公共団体,俸給,公証人,衆人,買い上げる,用金,器量,衆目,公序,公安調査庁,大っぴら,行政書士,国家公安委員会,職業安定所,本舞台,公述,官吏,迎合,顔向け,館員,服務,職安,裏地,風紀","会席 seats public
公共職業安定所 Public Employment Security Office
公告 public announcement
呼び込み attempts attract patrons entertainment events
公会 public meeting
世評 public opinion
公僕 public servant
恩給 pension(public servant's)
地方団体 local public body
公道 public road
公器 public institution
板の間 changing room(public bath)
公共団体 public organization;public organisation
俸給 salary(public employees)
公証人 notary public;public notary
衆人 public
買い上げる buy(government,public agency,private citizen
用金 public money
器量 (public)estimation(man)
衆目 public attention
公序 public order",Guess Vocab related to Keyword,Text
"light","不知火,再認識,光源,収束,光熱,白む,光速,淡泊,淡い,薄口,収斂,口金,灯火,街灯,浮世,薄手,照り返し,軽度,小雪,小食,軽んじる,軽音楽,薄日,細見,軽装,細雪,点灯,輝かす,青信号,薄明かり,遊郭,軽工業,軽機関銃,軽金属,軽食","不知火 phosphorescent light
再認識 seeing new light
光源 light source
収束 focusing(light)
光熱 light heat
白む grow light
光速 speed light
淡泊 light(flavor,color,)
淡い light
薄口 light(flavor);light soy sauce
収斂 convergence(light)
口金 socket(light,)
灯火 light
街灯 street light
浮世 (world)red light districts
薄手 light(coat)
照り返し reflected light
軽度 light
小雪 light snow
小食 light eating
軽んじる light
軽音楽 light music
薄日 soft light
細見 guide Yoshiwara red light district
軽装 light equipment;light clothing;dressing light;l
細雪 light snow fall
点灯 turning light
輝かす light
青信号 green ligh",Guess Vocab related to Keyword,Text
"man","俗,党人,仙人,働き手,哲人,本尊,事業家,殺し屋,大男,勇士,原始人,文士,男装,勇者,女房役,片腕,連れ添う,女装,器量,突っ込み,顔役,解脱,懐刀,猿人,武人,豪傑,美男,貴公子,苦労人,鉄人,美男子,着流し,超人,軟派,詐欺師","俗 man world
党人 party man
仙人 mountain man(hermit)
働き手 able man
哲人 wise man
本尊 man himself
事業家 enterprising man
殺し屋 hit man
大男 tall man;large man;big man
勇士 brave man
原始人 primitive man
文士 literary man;man letters
男装 dressing man(woman);disguising man
勇者 man valour(valor)
女房役 right-hand man
片腕 right-hand man
連れ添う man wife
女装 cross dressing(man)
器量 (public)estimation(man)
突っ込み straight man(comedy duo)
顔役 influential man
解脱 liberation earthly desires woes man
懐刀 right-hand man
猿人 ape man
武人 military man
豪傑 great man
美男 handsome man
貴公子 man aristocra",Guess Vocab related to Keyword,Text
"land","切り開き,沢地,下田,地代,不毛の地,沈降,開墾,国土計画,新開,理想郷,低地,接岸,城下,異郷,陸戦,地所,陸続き,空陸,干拓,新地,大農,街区,陸送,地続き,恩給,極地,津々浦々,安堵,裏地,陸運,谷地,浄土宗,焼き畑,耕地,陸地","切り開き clearing(land)
沢地 marshy land
下田 worn-out rice land
地代 land rent
不毛の地 barren land
沈降 subsidence(land)
開墾 cultivating new land
国土計画 national land planning
新開 opening(uncultivated land)
理想郷 ideal land
低地 bottom land
接岸 reaching land(boat)
城下 land near castle
異郷 far-off land;foreign land;strange land
陸戦 land war
地所 plot land
陸続き joined land
空陸 land air;land air forces
干拓 land reclamation(sea)
新地 new(residential)area(built reclaimed land durin
大農 farmer owns lot land
街区 block(land)
陸送 land transportation
地続き adjoining land
恩給 lord giving land ",Guess Vocab related to Keyword,Text
"head","向かい風,国書,当主,和尚,上座,別当,上気,世帯主,本庁,大上段,後ろ髪,稲穂,天窓,大本山,宗家,動転,阿弥陀,婦長,族長,絶壁,家長,棟梁,当代,善玉,表面化,首級,本舗,被り物,頭数,頭頂,祭主,番頭,親玉,社主","向かい風 head wind
国書 diplomatic message sent head state
当主 (present)head family
和尚 head priest;monk(head monk temple)
上座 head table
別当 head institution serving also head another;head
上気 rush blood head
世帯主 head household;head family(recorded resident r
本庁 head office
大上段 holding sword above head(kendo posture)
後ろ髪 hair head
稲穂 ear(head)rice
天窓 head
大本山 head temple Buddhist sect
宗家 head family
動転 losing head
阿弥陀 wearing hat pushed head
婦長 head nurse
族長 head family
絶壁 flat head
家長 head family
棟梁 head
当代 (present)head family
善玉 character round white ",Guess Vocab related to Keyword,Text
"part","後編,前段,佳境,下取り,上段,下回り,音符,切り張り,木部,局部,参する,前編,主文,大部,手放す,前座,道連れ,山人,暑中,庭先,宿る,局所,正味,後段,飛び入り,旗頭,総菜,摘み洗い,患部,深部,移入,本分,過半,端役","後編 concluding part;latter part(book,)
前段 first part
佳境 most interesting part(story);good part
下取り part exchange
上段 raised part floor
下回り actor minor part(kabuki,)
音符 part kanji which role primarily represent pronu
切り張り cutting part pasting new(shoji door)
木部 wooden part
局部 affected part(body);part
参する take part
前編 first part
主文 main part(piece writing)
大部 most(most part)
手放す part;part(possession)
前座 subordinate part
道連れ forcing take part
山人 word part pseudonym artists,writers,
暑中 hottest part summer
庭先 part garden close house
宿る part constellat",Guess Vocab related to Keyword,Text
"body","乳液,地方団体,全身全霊,影武者,人身,体外,元老,一心同体,体臭,局部,形骸,満身,半身不随,押し倒し,局所,体液,女体,母胎,死骸,前傾,結石,肌身,熟し,立法機関,消え入る,肩身,生身,裸体,献体,自体,肢体,血肉,車台,骨肉","乳液 body milk
地方団体 local public body
全身全霊 body soul
影武者 body double
人身 human body
体外 outside body
元老 genrō(member pre-WWII body informally advised e
一心同体 body soul
体臭 body odour;body odor
局部 affected part(body)
形骸 (soulless)body
満身 whole body
半身不随 hemiplegia(paralysis side body)
押し倒し (win)knocking opponent pushing hand(s)rested 
局所 affected part(body);part body
体液 body fluid
女体 woman's body
母胎 parent body
死骸 (dead)body
前傾 forward inclination(body)
結石 calculus(concretion minerals formed inside body
肌身 body
熟し movement(body)
立法機関 legislative body
",Guess Vocab related to Keyword,Text
"office","停職,給仕,内勤,任官,留め置き,休診,公共職業安定所,出先,医務室,詰め所,勤め人,外勤,営林署,分室,出先機関,営林局,村役場,開所,離任,期,職制,国府,支庁,検事局,本局,外回り,職安,本庁,市庁,職業安定所,本舗,葬儀社,登庁","停職 suspension office
給仕 office boy;office girl
内勤 office work
任官 appointment(office)
留め置き mail held post office
休診 closed(clinic,doctor's office,)
公共職業安定所 Public Employment Security Office
出先 branch office
医務室 doctor's office;medical office
詰め所 office
勤め人 office worker
外勤 working away office;working outside office
営林署 forest service field office
分室 detached office
出先機関 branch office
営林局 regional forestry office
村役場 village office;local administration office vil
開所 opening(new office,facility,)
離任 departure office
期 term(office)
職制 office organi",Guess Vocab related to Keyword,Text
"mind","変心,以心伝心,心変わり,介する,動転,心底,呼び起こす,一安心,思い浮かべる,同心,想起,心神喪失,子供心,心性,心頭,思い返す,意中,決め込む,捻じれる,念仏,童心,念じる,染み込む,銘記,見透かす,肌合い,見抜く,思い立つ,読み取る,披瀝,放心,留意,翻意","変心 change mind
以心伝心 communion mind mind
心変わり change mind
介する mind
動転 disturbance mind
心底 depths mind
呼び起こす call(mind)
一安心 peace mind(now)
思い浮かべる call mind
同心 same mind
想起 calling mind
心神喪失 unsound mind
子供心 childlike mind
心性 mind
心頭 mind
思い返す change mind
意中 mind
決め込む mind
捻じれる become twisted(mind,relationship,)
念仏 visualizing Buddha(mind)
童心 child's mind
念じる recite(Buddha's,sutras,)mind
染み込む sink(mind)
銘記 keep mind
見透かす see(mind)
肌合い turn mind
見抜く see(heart,mind,)
思い立つ mind;set mind
読み取る readmind
披瀝 speaking mind
放心 peace mind
留意 bearing mind
翻意",Guess Vocab related to Keyword,Text
"Buddhist","仏学,仁王,密教,仏前,会,仏画,仏殿,仏具,尼,仏典,俗,仏閣,入魂,申し子,如来,仏法,破戒,仏師,山伏,尼僧,夜叉,仏間,法事,修験道,大本山,以心伝心,法話,石仏,法会,戒名,金剛,追善","仏学 Buddhist studies
仁王 guardian gods Buddhism stand entrance Buddhist 
密教 secret Buddhist teachings
仏前 offering placed Buddhist altar;Buddhist altar
会 gathering(Buddhist,festive,)
仏画 Buddhist picture
仏殿 Buddhist temple
仏具 Buddhist ritual implements(altar fittings)
尼 Buddhist nun
仏典 Buddhist scriptures
俗 layman(opposed Buddhist monk)
仏閣 Buddhist temple
入魂 breathing soul(Buddhist statue)
申し子 heaven-sent child(answer Shinto Buddhist praye
如来 perfected(suffix high-ranking Buddhist deities)
仏法 Buddhist teachings
破戒 offense against Buddhist commandme",Guess Vocab related to Keyword,Text
"end","一部始終,上端,切羽詰まる,有終,末梢,下校,年の暮れ,切り上げ,右端,年の瀬,果ては,末尾,留め,極み,打ち止め,切れ端,語尾,廃車,果てる,末路,絶やす,止まり,終業,打ち出し,首尾,終幕,死期,終演,本末転倒,行き詰まる,食らう,袋小路","一部始終 beginning end
上端 upper end
切羽詰まる wits' end
有終 carrying end
末梢 end
下校 leaving(end)
年の暮れ year end
切り上げ end
右端 right end
年の瀬 end year;year end
果ては end
末尾 end(report,document,paragraph,)
留め stop(timber joint,end kanji stroke)
極み end
打ち止め end(play,match,)
切れ端 cut end
語尾 end sentence
廃車 end life vehicle
果てる end
末路 end
絶やす put end
止まり end
終業 end term;end year;end work
打ち出し drum signaling end performance
首尾 beginning end
終幕 end
死期 end
終演 end performance
本末転倒 mistaking means end
行き詰まる come dead end
食らう receiving end(undesirable)
袋小路 dead end;dead e",Guess Vocab related to Keyword,Text
"fall","下回る,荒れ果てる,失墜,初秋,抜け落ちる,盛衰,引っ繰り返る,小春,寝静まる,降下,晩秋,寝込む,滞る,細雪,後れを取る,崩れ落ちる,熱帯夜,静まり返る,消長,減り,興亡,急降下,秋水,転げ落ちる,秋雨前線,落ちぶれる,降りしきる,高下,秋祭り,続落,転がり込む,降り積もる","下回る fall just short;fall below(figures: profits,un
荒れ果てる fall ruin
失墜 fall
初秋 early autumn(fall)
抜け落ちる fall
盛衰 rise fall
引っ繰り返る fall
小春 late fall
寝静まる fall asleep
降下 fall
晩秋 late autumn(fall)
寝込む fall fast asleep
滞る fall arrears
細雪 light snow fall
後れを取る fall behind
崩れ落ちる fall
熱帯夜 night which temperature doesn't fall below 25 
静まり返る fall completely silent
消長 rise fall
減り fall
興亡 rise fall
急降下 sharp fall
秋水 clear fall water
転げ落ちる fall
秋雨前線 fall rain front
落ちぶれる fall low;fall hard times
降りしきる fall heavily;fall hard;fall continuously(rai
高下 rise fa",Guess Vocab related to Keyword,Text
"home","帰郷,内地,内憂外患,内国,思い知らせる,別邸,呼び戻す,下校,旧家,国元,外泊,在家,朝帰り,家政学,家路,母港,手料理,帰り道,葬儀社,晩酌,帰路,空き巣,帰着,目隠し,送り届ける,親元,焼け出される,豪邸,門出,町家,陣取り,神棚","帰郷 return home
内地 home
内憂外患 troubles both home abroad
内国 home country
思い知らせる bringhome
別邸 vacation home
呼び戻す call home
下校 coming home
旧家 old home;childhood home
国元 home
外泊 going home(hospital)night;spending night away(h
在家 country home
朝帰り coming home morning(staying night)
家政学 home economics
家路 road home
母港 home port
手料理 home cooking
帰り道 way home
葬儀社 funeral home
晩酌 drink home evening meal
帰路 way home
空き巣 empty home
帰着 arriving home
目隠し concealing home such interior cannot seen outs
送り届ける escorthome
親元 parents' home
焼け出される burned(home)
豪邸 luxu",Guess Vocab related to Keyword,Text
"service","力添え,勝手口,官職,出征,仕,弔う,内航,下回り,大喪,法事,年功,回向,武功,法会,儀典,営林署,折り返し運転,黒猫,戦歴,廃車,祭祀,国電,引き込み線,服務,歴戦,通用門,血税,直航,追善,役務,軍務,応召","力添え service
勝手口 service door
官職 government service;civil service
出征 departure military service(response draft)
仕 civil service
弔う hold funeral service;hold memorial service
内航 coastwise service
下回り menial service
大喪 funeral service emperor
法事 Buddhist memorial service
年功 long service
回向 memorial service
武功 distinguished military service
法会 Buddhist service(memorial service)
儀典 service
営林署 forest service field office
折り返し運転 shuttle service
黒猫 Yamato Transport(door-to-door delivery service 
戦歴 military service
廃車 service vehicle
祭祀 religious serv",Guess Vocab related to Keyword,Text
"turn","出直す,切り返す,化す,受け流す,引っ繰り返る,右折,急転直下,変わり目,変える,化する,暗転,役立てる,掘り返す,左折,白む,小回り,外交辞令,曲がりくねる,跳ね,打ち返す,転回,繰る,急カーブ,折り曲げる,投げ掛ける,追い返す,転ずる,翻る,持ち上がる,赤茶ける,黄ばむ,肌合い","出直す turn new leaf
切り返す quickly turn steering wheel opposite directio
化す turn
受け流す turn aside(joke)
引っ繰り返る turn
右折 right turn
急転直下 take sudden turn
変わり目 turn(tide,century,)
変える turn
化する turn
暗転 taking(sudden)turn worse
役立てる turn account
掘り返す turn
左折 left turn
白む turn grey(gray)
小回り tight turn
外交辞令 diplomatic turn phrase
曲がりくねる turn twist
跳ね upward turn bottom(vertical stroke kanji hairdo
打ち返す turn
転回 turn
繰る turn(pages)
急カーブ sharp turn
折り曲げる turn
投げ掛ける turn
追い返す turn away
転ずる turn
翻る turn
持ち上がる turn
赤茶ける turn reddish-brown;turn rufous
黄ばむ turn y",Guess Vocab related to Keyword,Text
"spirit","覇気,来迎,任侠,勝ち気,心根,お使い,亡霊,乗り移る,気骨,霊魂,射幸心,反骨,決死,心霊,意気投合,商魂,社風,校風,戦意,悪霊,負けん気,霊前,生気,御霊,硬骨,魔物,精魂,時勢,満身,神体,精霊","覇気 spirit
来迎 coming Amida Buddha welcome spirit dead
任侠 chivalrous spirit
勝ち気 determined spirit;unyielding spirit
心根 spirit
お使い familiar spirit
亡霊 departed spirit
乗り移る possess(god,spirit,)
気骨 spirit
霊魂 spirit
射幸心 speculative spirit
反骨 rebellious spirit
決死 do-or-die spirit
心霊 spirit(human spirit);spirit
意気投合 find kindred spirit
商魂 commercial spirit
社風 company climate spirit
校風 spirit
戦意 fighting spirit
悪霊 evil spirit
負けん気 spirit rivalry;competitive spirit
霊前 spirit deceased
生気 spirit
御霊 Holy Spirit;spirit deceased
硬骨 unyielding spirit
魔物 evil sp",Guess Vocab related to Keyword,Text
"tree","作り物,原木,常緑樹,下草,古木,名木,老木,八重桜,若木,巨木,木の葉,倒木,神木,木の芽,譜,大樹,木本,樹上,立ち木,椰子,針葉樹,木陰,樹皮,扶桑,系図,牡丹,菩提樹,紅梅,老松,葉桜,落葉樹","作り物 theatrical prop(large prop noh kyogen,tree,wel
原木 original(ancestor)tree cultivar
常緑樹 evergreen tree
下草 weeds beneath tree
古木 old tree
名木 old tree historical interest
老木 old tree
八重桜 double-flowered cherry tree
若木 young tree
巨木 big tree
木の葉 leaf(tree);tree leaves
倒木 fallen tree
神木 sacred tree
木の芽 bud pepper tree(Xanthoxylum piperitum)
譜 family tree
大樹 large tree;big tree;huge tree
木本 tree
樹上 tree
立ち木 standing tree
椰子 palm tree(any tree family Arecaceae)
針葉樹 needle-leaved tree
木陰 shade tree
樹皮 bark(tree,)
扶桑 divine tree island east China(Chi",Guess Vocab related to Keyword,Text
"field","群雄割拠,四天王,専科,商科,定職,地平,前人未到,双眼鏡,野道,巧者,独壇場,桑畑,畑違い,明星,営林署,氷原,畝,未開拓,笹原,焼け野原,野草,流し打ち,沼田,野戦,雪原,畑作,花畑,野辺,茅場,麦畑,現場監督","群雄割拠 number powerful(talented,influential)persons 
四天王 big four(i.e. four leaders given field)
専科 specialized certain field application(sauce spe
商科 commerce(field study)
定職 occupation(i.e. field regular employment)
地平 field view
前人未到 untrodden(region,field study,)
双眼鏡 field glasses
野道 path field
巧者 clever(particular field)
独壇場 field which acts unchallenged
桑畑 mulberry field
畑違い field
明星 preeminent(within own field)
営林署 forest service field office
氷原 ice field
畝 ridge(field)
未開拓 unexplored(field study)
笹原 field bamboo grass
焼け野原 burnt field
野草 ",Guess Vocab related to Keyword,Text
"main","主文,若宮,大局,主成分,主翼,正殿,大広間,主賓,主著,本舞台,本旨,本局,兼業,本訴,山門,本筋,呼び物,真打ち,本道,大路,本校,本殿,本舗,本元,本題,本院,母屋,金堂,眼目,社殿","主文 main part(piece writing);main clause
若宮 shrine dedicated child god main shrine
大局 main point
主成分 main ingredient;main component
主翼 main wings(aeroplane,airplane)
正殿 main temple;main building shrine
大広間 main hall
主賓 main guest
主著 main work
本舞台 main stage
本旨 main object
本局 main office
兼業 addition main work
本訴 main action;main lawsuit
山門 main temple gate
本筋 main thread(story)
呼び物 main attraction
真打ち main performer
本道 main road
大路 main thoroughfare;main street(capital)
本校 main
本殿 main shrine
本舗 main shop
本元 main branch family
本題 main question;ma",Guess Vocab related to Keyword,Text
"night","当夜,夜見世,不眠不休,前夜祭,二次会,夜回り,外泊,夜半,熱帯夜,夜討ち,四六時中,夜通し,夜な夜な,夜行,水商売,夜食,終夜,夜遊び,夜逃げ,宵,夜桜,夜道,肥やし,朝晩,夜話,暗夜,宿直,連夜,白夜,朝帰り","当夜 night
夜見世 night stall;night fair;night shop
不眠不休 working night
前夜祭 event held night another event
二次会 second party(night)
夜回り night watchman;night watch
外泊 spending night away(home);going home(hospital)n
夜半 dead night
熱帯夜 sweltering night;night which temperature doesn
夜討ち night attack
四六時中 night
夜通し throughout night;night
夜な夜な night night
夜行 night train;night travel;walking around night
水商売 night entertainment business(hostess bar)
夜食 night meal
終夜 night
夜遊び night amusements
夜逃げ running night(leave old life behind,away debt)
宵 early night ho",Guess Vocab related to Keyword,Text
"bad","凝り,不遇,併せ持つ,口裏,大凶,仕打ち,厄年,不出来,善処,厄,功罪,敵役,朝寝坊,悪弊,悪評,凶,悪法,反面教師,口臭,悪政,犬猿の仲,悪路,焦げ付き,悪玉,着心地,悪童,臭気,悪習,貸し倒れ,臭み","凝り bad aftertaste
不遇 bad luck
併せ持つ two things(same)(good bad points)
口裏 divining good bad luck listening
大凶 very bad luck
仕打ち (bad)behavior
厄年 bad year
不出来 bad job
善処 making best(bad bargain)
厄 bad luck
功罪 good points bad points
敵役 bad guy
朝寝坊 bad getting morning
悪弊 bad custom
悪評 bad reputation
凶 bad luck;bad fortune
悪法 bad law
反面教師 bad example which can learn
口臭 bad breath
悪政 bad government
犬猿の仲 very bad terms
悪路 bad road
焦げ付き bad debt
悪玉 bad character;bad
着心地 (good bad)feel when wearing
悪童 bad boy
臭気 bad smell
悪習 bad habit;bad custom
貸し倒れ bad",Guess Vocab related to Keyword,Text
"heavy","大任,厚板,分厚い,厚手,厚化粧,多雨,多用,悪戦苦闘,底抜け,重税,特撮,土砂降り,大穴,暴飲,愛煙家,猛爆,息苦しい,濃霧,過重,豪雪,搬出,重労働,血税,重水素,酒豪,重機関銃,酒飲み,重苦しい,重金属","大任 heavy responsibility
厚板 heavy metal sheet(welding);heavy brocaded obi
分厚い heavy
厚手 heavy
厚化粧 heavy makeup
多雨 heavy rain
多用 heavy use
悪戦苦闘 fighting against heavy odds
底抜け extremely heavy drinker
重税 heavy taxation
特撮 tokusatsu(genre live-action film television dra
土砂降り heavy rain
大穴 heavy losses
暴飲 heavy drinking
愛煙家 heavy smoker
猛爆 heavy bombing
息苦しい heavy
濃霧 heavy fog
過重 too heavy(burden,workload,)
豪雪 heavy snow
搬出 carrying(heavy objects,artwork,furniture)
重労働 heavy labour;heavy labor
血税 heavy tax
重水素 heavy hydrogen
酒豪 heavy drinker
重機関銃 hea",Guess Vocab related to Keyword,Text
"come","折り合う,抜け落ちる,口説く,口走る,立ち戻る,出くわす,出尽くす,出直す,持ち上がる,煮詰まる,啓蟄,得難い,舞い込む,打ち返す,寄せ付ける,行き詰まる,民具,立ち返る,突き合わせる,末永く,落ちぶれる,際する,考え出す,立ち至る,行き交う,舞い戻る,転がり込む,踏み込む","折り合う come understanding
抜け落ちる come(hair)
口説く come
口走る come(nonsense)
立ち戻る come
出くわす come across
出尽くす come completely
出直す come again
持ち上がる come
煮詰まる come standstill
啓蟄 awakening insects solar term(approx. March 6,wh
得難い hard come
舞い込む come dancing;come fluttering(leaves,snow,flow
打ち返す come retreat
寄せ付ける allowcome near
行き詰まる come standstill;come dead end
民具 everyday articles which come regarded folk art
立ち返る come
突き合わせる come face face
末永く many years come
落ちぶれる come world
際する come pass
考え出す come plan
立ち至る come(serious state)
行き交う come
舞い戻る come
転が",Guess Vocab related to Keyword,Text
"white","白む,白雲,流れ星,善玉,白亜,卵白,太白,白州,白壁,白鷺,白票,白玉,白夜,吟醸酒,白百合,白浜,白雪,白旗,白装束,白米,白梅,霜降り,白身,白糸,純白,黒白,蛋白,白菊","白む become white
白雲 white clouds
流れ星 blaze(wide white stripe face horse)
善玉 character round white head which character good
白亜 white wall
卵白 white egg
太白 white rice jelly
白州 white sandbank;area garden entrance house laid 
白壁 white plaster wall
白鷺 white heron
白票 white ballot
白玉 white gem(pearl)
白夜 white night(extreme latitudes)
吟醸酒 high-quality sake brewed low temperature ferme
白百合 white lily
白浜 white sandy beach
白雪 white snow
白旗 white flag
白装束 white clothing
白米 (uncooked)white rice
白梅 white plum blossoms;white apricot
霜降り speckled white
白身 egg w",Guess Vocab related to Keyword,Text
"age","同い年,没年,厄,何歳,弱冠,四苦八苦,反抗期,享年,当代,高年,学齢,前世界,時勢,時世,早稲,厄年,旧石器時代,黄ばむ,石器時代,子飼い,期,満年齢,老境,老廃,黎明,神代,隔世","同い年 same age
没年 age death
厄 year(age 25 42 men,19 33 women)considered unluck
何歳 what age
弱冠 tender age;twenty years age;early age
四苦八苦 four eight kinds suffering(birth,old age,dise
反抗期 rebellious age
享年 age death
当代 present age
高年 old age
学齢 age
前世界 prehistoric age
時勢 spirit age
時世 age
早稲 becomes physically mentally mature early age
厄年 year(age 25 42 men,19 33 women)considered unluc
旧石器時代 Old Stone Age
黄ばむ yellow(age)
石器時代 Stone Age
子飼い training early age(apprentice)
期 age
満年齢 age(expressed Western style counting fully com
老境 old age
老廃 deterio",Guess Vocab related to Keyword,Text
"strong","出過ぎる,任侠,堅守,強含み,お株,堅固,屈強,出すぎる,鉄人,疾風,強壮,劇薬,強国,弱肉強食,強火,強肩,強者,強靭,虚々実々,泡盛,拮抗,濃密,春一番,特長,鉄腕,頑強","出過ぎる too strong(tea)
任侠 helping weak fighting strong
堅守 strong defence;strong defense
強含み strong tone(market)
お株 strong point
堅固 strong
屈強 strong
出すぎる too strong(tea)
鉄人 strong man
疾風 strong wind
強壮 strong
劇薬 strong poison
強国 strong nation
弱肉強食 weak are meat strong eat
強火 strong heat
強肩 strong throwing arm
強者 strong
強靭 strong
虚々実々 shrewdly avoiding opponent's strong points at
泡盛 strong Okinawan liquor distilled rice millet
拮抗 rivalry(between two equally strong sides)
濃密 strong(smell,scent)
春一番 strong winds during change winter spring
特長 strong ",Guess Vocab related to Keyword,Text
"heart","失意,心拍数,入魂,切り込む,一心不乱,奥義,心根,奥底,心変わり,心残り,心頭,本尊,心底,心血,極意,根っから,打ち解ける,意中,心筋梗塞,躍る,濁り,見抜く,胸襟,波打つ,込み上げる,温情","失意 broken heart
心拍数 heart rate
入魂 putting heart soul
切り込む heart(matter)
一心不乱 heart soul
奥義 heart
心根 heart
奥底 bottom(heart)
心変わり change heart
心残り flesh,blood vessels fat around chicken heart(u
心頭 heart
本尊 heart matter
心底 bottom heart
心血 heart;heart soul
極意 heart
根っから heart
打ち解ける open heart
意中 heart
心筋梗塞 heart attack
躍る pound(heart,excitement)
濁り impurity(world,heart,)
見抜く see(heart,mind,)
胸襟 heart
波打つ pound(heart)
込み上げる fill heart
温情 warm heart",Guess Vocab related to Keyword,Text
"ship","乗り組む,商船,停船,入船,来航,乗り捨てる,乗船,機関士,廃船,水切り,僚船,排水量,母艦,母船,撃沈,用船,横付け,翻弄,定期船,陸揚げ,滑り台,船尾,新造,船腹,旋回,本船","乗り組む join ship
商船 merchant ship
停船 stopping ship
入船 arrival ship;ship coming port
来航 arrival ship
乗り捨てる abandon(ship vehicle)
乗船 embarking(ship);ship(carrying)
機関士 engineer(train,ship,aircraft,)
廃船 decommissioned ship
水切り cutwater(ship)
僚船 consort ship
排水量 displacement(ship)
母艦 mother ship
母船 depot ship;mother ship
撃沈 (attacking)sinking(ship);sending(ship)bottom
用船 chartered ship
横付け bringing alongside(ship,vehicle,)
翻弄 tossing(ship)
定期船 regularly scheduled ship
陸揚げ unloading(ship)
滑り台 (ship)launching platform
船尾 stern ship
新造 newly built ship
",Guess Vocab related to Keyword,Text
"court","右方,御殿,執事,出廷,口説く,公家,侍医,地方裁判所,国民審査,開廷,雲の上,閉廷,最高裁判所,家庭裁判所,女官,女中,舞楽,御用,有職,雅楽,朝廷,烏帽子,高等裁判所,憲法裁判所,白州","右方 style court music
御殿 court
執事 court official
出廷 appearance court
口説く court
公家 court noble;Imperial Court
侍医 court physician
地方裁判所 district court;local court
国民審査 national referendum appointment re-appointmen
開廷 court session
雲の上 Imperial Court
閉廷 adjourning court
最高裁判所 Supreme Court
家庭裁判所 family court
女官 court lady
女中 court lady
舞楽 court dance music
御用 official business(government,Imperial Court,)
有職 well-versed usages practices court military hou
雅楽 old court music
朝廷 Imperial Court
烏帽子 black-lacquered headgear made silk,cloth paper
高等裁判所 C",Guess Vocab related to Keyword,Text
"child","初子,坊や,一人子,子供心,若宮,童,嫡子,悪童,甘えん坊,子分,問題児,放し飼い,申し子,童子,幼子,間引く,授かる,子宝,混血児,神童,私生児,肢体不自由児,童画,手放す,長子","初子 first child
坊や child
一人子 only child
子供心 judgment child(judgement)
若宮 child imperial family;shrine dedicated child go
童 child
嫡子 legitimate child
悪童 naughty child
甘えん坊 spoiled child(spoilt);child always demands at
子分 adopted child
問題児 problem child
放し飼い letting run free(dog,child,)
申し子 child(era);heaven-sent child(answer Shinto Bud
童子 child
幼子 little child
間引く kill newborn child(due financial difficulties)
授かる blessed(child)
子宝 child
混血児 child mixed parentage;mixed-race child
神童 child prodigy;wonder child
私生児 illegitimate child;love child
肢体不",Guess Vocab related to Keyword,Text
"attack","攻め立てる,掛かり,強襲,攻め込む,変わり身,受け流す,やっ付ける,切り込み,来襲,糾弾,正攻法,火の手,夜討ち,朝駆け,不意打ち,襲来,迎え撃つ,体当たり,心筋梗塞,切り込む,痛打,応戦,総攻撃,殴り込み,突撃","攻め立てる attack incessantly
掛かり attack(corner approach)
強襲 violent attack
攻め込む attack
変わり身 ability dodge way attack
受け流す ward(attack)
やっ付ける attack(enemy)
切り込み attack
来襲 (incoming)attack
糾弾 (verbal)attack
正攻法 frontal attack
火の手 attack
夜討ち night attack
朝駆け early-morning attack
不意打ち surprise attack
襲来 attack
迎え撃つ meet(enemy)attack
体当たり ramming attack
心筋梗塞 heart attack
切り込む attack
痛打 severe attack
応戦 responding attack
総攻撃 all-out attack
殴り込み attack
突撃 attack",Guess Vocab related to Keyword,Text
"plan","妙案,お手盛り,仕組む,ご破算,機軸,大挙,決行,考え出す,案じる,代案,企て,企図,緻密,意匠,秘策,考案,無計画,平面図,骨太,謀,肉付け,目算,講じる,狂わす,見取り図","妙案 excellent plan
お手盛り self-approved plan
仕組む plan
ご破算 abandoning(plan)
機軸 plan
大挙 grand plan
決行 carrying(plan)
考え出す come plan
案じる think(plan)
代案 alternate plan
企て plan
企図 plan
緻密 elaborate(plan)
意匠 plan
秘策 secret plan
考案 plan
無計画 lacking plan
平面図 ground plan
骨太 solid(plan,storyline,)
謀 plan
肉付け fleshing(plan)
目算 plan
講じる work plan
狂わす derail(plan,)
見取り図 floor plan",Guess Vocab related to Keyword,Text
"article","代物,古手,出土品,中古品,小論,出来栄え,安物,拾い上げる,小ネタ,天下一品,極め付き,使い物,珍品,絶品,盗品,短文,逸品,遺留品,約款,古物,非売品,良品,長文,論考","代物 article
古手 worn-out article;article
出土品 excavated article
中古品 secondhand article
小論 short article;(own)article essay
出来栄え shape quality(article)
安物 cheap article;poor quality article
拾い上げる pick(key points article)
小ネタ small material(story,article,)
天下一品 best article under heaven
極め付き guaranteed(article)
使い物 usable article
珍品 rare article
絶品 unique article
盗品 stolen article
短文 short piece writing(passage,article,composition
逸品 excellent article
遺留品 article left behind(crime scene,death,)
約款 article
古物 old article
非売品 article sale
良品 fine arti",Guess Vocab related to Keyword,Text
"exchange","交換条件,切り替える,小競り合い,下取り,引換券,持ち寄る,局番,打ち合う,交歓,前場,引き換える,入れ替わる,通じ合う,為替銀行,書生,撃ち合い,為替管理,建値,取り交わす,見合う,結納,言い合う,地場,証取り法","交換条件 terms exchange
切り替える exchange
小競り合い exchange words
下取り part exchange
引換券 exchange ticket
持ち寄る gather(exchange)
局番 telephone exchange number
打ち合う exchange blows
交歓 exchange courtesies(cordialities)
前場 morning session(stock exchange)
引き換える exchange(things)
入れ替わる exchange
通じ合う exchange each other(thoughts,feelings,)
為替銀行 exchange bank
書生 student performs housework exchange meals lodgi
撃ち合い exchange shots
為替管理 exchange control
建値 exchange rates
取り交わす exchange
見合う exchange looks
結納 (ceremonial)exchange engagement gifts
言い合う exchange(jokes,comme",Guess Vocab related to Keyword,Text
"heat","寒暖,地熱,余熱,温熱,弱火,中火,光熱,天日,灼熱,火気,放熱,火の気,炎暑,強火,熱線,陽炎,熱量,炎熱,照り返し,熱波,納涼,発情,熱源,酷暑","寒暖 cold heat
地熱 terrestrial heat
余熱 residual heat;remaining heat;waste heat
温熱 heat
弱火 low heat
中火 medium heat
光熱 light heat
天日 heat sun
灼熱 red heat;scorching heat;burning heat
火気 heat fire
放熱 heat radiation;radiant heat;heat dissipation
火の気 heat
炎暑 heat wave;intense heat
強火 heat;strong heat
熱線 heat rays
陽炎 heat haze
熱量 quantity heat(calories,BTU,);heat value
炎熱 sweltering heat
照り返し reflected heat
熱波 heat wave
納涼 escaping heat enjoy cool breeze(river,)
発情 (coming)heat
熱源 heat source
酷暑 severe heat;intense heat",Guess Vocab related to Keyword,Text
"look","上向く,伏し目,澄ます,仏頂面,ご覧,古びる,寂,見向く,無表情,後ろめたい,疑心暗鬼,見返す,傷々しい,古ぼける,形相,探し求める,見縊る,見下す,空模様,期す,軽んじる,苦り切る,見合う,見回す","上向く look upward
伏し目 downcast look
澄ます look unconcerned;look prim;look demure
仏頂面 sour look
ご覧 (please)look
古びる look old
寂 antique look
見向く look towards(us);look around
無表情 blank look(face)
後ろめたい guilty(feeling,conscience,look,)
疑心暗鬼 once suspect,everything else will look suspic
見返す look(stare);look again;look(behind)
傷々しい painful look
古ぼける look old
形相 look(angry upset look)
探し求める look
見縊る look
見下す look
空模様 look sky
期す look forward
軽んじる look
苦り切る look sour(disgusted)
見合う look each other
見回す look around",Guess Vocab related to Keyword,Text
"National","予研,国事,国家公安委員会,国光,国風,国定,国威,水際,国民審査,国土計画,国富,国文,国慶節,国書,航空宇宙技術研究所,国電,国粋,国民体育大会,国葬,国法,国花,国防会議,天皇誕生日,盛時","予研 National Institute Health
国事 national affairs
国家公安委員会 National Public Safety Commission
国光 national glory
国風 national customs manners
国定 national
国威 national prestige
水際 national border
国民審査 national review;national referendum appointme
国土計画 national land planning
国富 national wealth
国文 national literature
国慶節 national celebration
国書 national literature
航空宇宙技術研究所 National Aerospace Laboratory
国電 city electric train service operated(former)Nat
国粋 national characteristics
国民体育大会 National Athletic Meet
国葬 national funeral
国法 national law
国花 nati",Guess Vocab related to Keyword,Text
"play","奏する,吹かす,剣劇,楽勝,劇中,劇中劇,三重殺,口説く,所作,殺陣,奏でる,寸劇,立ち見,打ち掛け,台詞,翻案,書き下ろす,舞台劇,楽劇,打ち止め,緩み,遊ばす,遊戯,長丁場","奏する play(musical instrument)
吹かす play(role)
剣劇 sword play
楽勝 child's play
劇中 during play
劇中劇 play within play
三重殺 triple play
口説く play
所作 dance play
殺陣 sword fight(film,play,)
奏でる play instrument(string instruments)
寸劇 short play
立ち見 watching while standing(play)
打ち掛け ending play
台詞 (spoken)line(play,film,comic,)
翻案 adaptation(novel,play,)
書き下ろす write(new novel,play,song,)
舞台劇 stage play
楽劇 musical play
打ち止め end(play,match,)
緩み play
遊ばす play
遊戯 play dance(kindergarten elementary);play
長丁場 long scene(play)",Guess Vocab related to Keyword,Text
"talk","思い出話,言い過ぎる,切り出す,仰っしゃる,吹き飛ばす,言過ぎる,掛け合う,世間話,片言,持ち切り,歓談,別れ話,密談,甘言,語らい,直言,気炎,話し相手,混信,語り合う,談笑,豪語,談義,軽口","思い出話 reminiscent talk
言い過ぎる talk say too much
切り出す begin talk
仰っしゃる talk
吹き飛ばす talk big
言過ぎる talk say too much
掛け合う talk
世間話 small talk
片言 baby talk
持ち切り talk town
歓談 pleasant talk
別れ話 talk divorce separation
密談 confidential talk;secret talk;private talk
甘言 smooth talk
語らい talk
直言 straight talk
気炎 boastful talk
話し相手 talk
混信 cross talk
語り合う talk together
談笑 lighthearted talk
豪語 big talk
談義 talk;(formal tedious)talk
軽口 frivolous talk",Guess Vocab related to Keyword,Text
"traditional","合いの手,獅子舞,字体,弾き,あん摩,地場産業,干支,仲居,囃子,町家,小唄,花鳥風月,女中,大安,神木,先勝,宿敵,女将,懐石料理,法被,節分,小春,立春,王道","合いの手 interlude(traditional music)
獅子舞 traditional dance performed more dancers weari
字体 form character(simplified,traditional)
弾き traditional children's game similar marbles,pla
あん摩 massage(anma,traditional form massage)
地場産業 traditional local industry
干支 60-term cycle 12 zodiac animals combined 5 elem
仲居 waitress(ryokan traditional restaurant)
囃子 accompaniment traditional performances(noh,kabu
町家 traditional wooden townhouse
小唄 traditional ballad accompanied shamisen
花鳥風月 traditional themes natural beauty aesthetics
女中 waitress(traditional res",Guess Vocab related to Keyword,Text
"made","弾き,焼き畑,塩辛,専科,勾玉,巻物,大穴,石造り,薄口,春雨,新調,杉戸,無垢,有為,頭巾,金製,踊らされる,松明,烏帽子,特注,銀製,石畳,開眼,駆け付け三杯","弾き traditional children's game similar marbles,pla
焼き畑 land made arable slash-and-burn method
塩辛 paste made salted fermented seafood(squid,fish 
専科 specialized certain field application(sauce spe
勾玉 comma-shaped bead prehistoric,usually made jade
巻物 sushi made rolled nori seaweed core filling
大穴 killing(made bet)
石造り (made)stone
薄口 thinly made
春雨 thin noodles made bean starch(potato starch)
新調 made
杉戸 door made cedar
無垢 long kimono made same plain-coloured cloth
有為 which made
頭巾 headgear(made cloth)
金製 made gold
踊らされる made dance
松明 torch(made p",Guess Vocab related to Keyword,Text
"between","仁義,二律背反,初顔合わせ,挟まる,幕の内,拮抗,一喜一憂,幕間,死線,波間,黒船,相部屋,早慶戦,行間,修羅場,平民,縦軸,車間距離,断交,草紙,虚々実々,間合い,間仕切り","仁義 formal greeting(between yakuza,street vendors,g
二律背反 choice between mutually exclusive alternative
初顔合わせ first contest between
挟まる between
幕の内 intermission(between acts)
拮抗 rivalry(between two equally strong sides)
一喜一憂 swinging between joy sorrow;alternating betwe
幕間 intermission(between acts)
死線 borderline between life death
波間 gap between waves;interval between waves
黒船 Western ships came between 16th 19th centuries,
相部屋 match between wrestlers same stable
早慶戦 match between Waseda University Keio Universit
行間 between lines
修羅場 location fi",Guess Vocab related to Keyword,Text
"every","全巻,毎日のように,家並み,全市,奔走,右往左往,朝晩,一挙手一投足,折にふれて,毎秒,毎時,全幅,連夜,折りに触れて,隔年,夜な夜な,折に触れて,片っ端から,毎分,隔日,津々浦々,諸悪,論じ尽くす","全巻 every volume
毎日のように almost every
家並み every house;every door
全市 every city
奔走 making every effort
右往左往 going every which way
朝晩 every
一挙手一投足 every single move;every action
折にふれて every opportunity
毎秒 every second
毎時 every hour
全幅 every
連夜 every evening
折りに触れて every opportunity
隔年 every second year;every other year
夜な夜な every evening
折に触れて every opportunity
片っ端から absolutely every little bit
毎分 every minute
隔日 every second;every other
津々浦々 every port harbor;every nook cranny land
諸悪 every kind evil
論じ尽くす discuss every angle",Guess Vocab related to Keyword,Text
"language","悪態,使いこなす,原語,古語,外交辞令,語学力,片言,毒舌,言辞,古希,吹き替え,独語,暴言,同文,蘭学,花言葉,欧文,投げつける,語感,標準語,隠語,死語,読本","悪態 abusive language
使いこなす acquire command(language)
原語 original language
古語 ancient language;old language
外交辞令 diplomatic language
語学力 language learning ability;foreign language ski
片言 halting language;broken language
毒舌 abusive language
言辞 language
古希 ancient Greek(language)
吹き替え dubbing(film,different language)
独語 German(language)
暴言 violent language;abusive language
同文 same language
蘭学 study Western knowledge through Dutch language 
花言葉 language flowers(use red roses signify love)
欧文 writing European language
投げつける use(rough language)
語感 sen",Guess Vocab related to Keyword,Text
"performance","跳ね,上出来,前座,出来栄え,一人相撲,巡演,休演,名人芸,出し物,所作,奏楽,総見,独演,指南,余興,立方,番外,妙技,終演,好演,音曲,打ち出し,熱演","跳ね close(theatrical performance)
上出来 good performance
前座 opening performance
出来栄え performance
一人相撲 mimicking wrestling match(form street perform
巡演 performance tour
休演 suspending performance
名人芸 masterful performance
出し物 performance
所作 performance(stage,)
奏楽 musical performance
総見 observing performance large group
独演 solo performance
指南 instruction(martial arts,performance,)
余興 performance(party banquet,)
立方 dancer(dance performance)
番外 extra(performance,item,object,)
妙技 wonderful performance
終演 end performance
好演 good performance
音曲 musical pe",Guess Vocab related to Keyword,Text
"season","端境期,極寒,初物,時季,寒,五月晴れ,山開き,出回る,時分,寒中,漁期,節分,閉山,時節柄,利かす,農閑期,風物,新茶,時候,時節,期,花期,農繁期","端境期 between-crops season;off-crops season
極寒 coldest season
初物 first season(produce,catch)
時季 season
寒 cold season
五月晴れ fine weather during rainy season
山開き start mountain-climbing season
出回る season(fruit)
時分 season
寒中 cold season
漁期 fishing season
節分 last any season(according traditional calendar)
閉山 ending climbing season
時節柄 season what
利かす season(salt,)
農閑期 leisure season farmers;slack season farmers
風物 things particular certain region season
新茶 first tea season
時候 season
時節 season
期 season(TV series)
花期 flowering season
農繁期 busy farming se",Guess Vocab related to Keyword,Text
"close","寄せ付ける,合わさる,建具,危なっかしい,出し投げ,繰る,座右,切り上げる,精査,押し寄せる,近接,手近,細見,寄り添う,庭先,血肉,終幕,抱き締める,際どい,詰問,終業,緻密,跳ね","寄せ付ける close
合わさる close(wound)
建具 fittings open close(doors,windows,shoji,fusuma,
危なっかしい close
出し投げ winning techniques where opponent thrown clos
繰る close one-by-one(shutters)
座右 place close
切り上げる close(certain point)
精査 close investigation
押し寄せる close
近接 coming close
手近 close
細見 close inspection
寄り添う close;nestle close;cuddle close together
庭先 part garden close house
血肉 close relation
終幕 close
抱き締める hug close
際どい close(game)
詰問 close questioning
終業 close business
緻密 close(observation);close(weave)
跳ね close(theatrical performance)",Guess Vocab related to Keyword,Text
"start","巻頭,切り出す,再出発,踏み出す,山開き,序章,仕切る,書き出す,滑り出す,心機一転,口切り,立ち遅れる,発進,立ち遅れ,付け出し,見通す,自体,開講,押し出す,飛び立つ,出直す,駆け出す","巻頭 start
切り出す start fire(flint,rubbing sticks together,)
再出発 fresh start
踏み出す start
山開き start mountain-climbing season
序章 start
仕切る assume crouching posture(start bout)
書き出す start writing
滑り出す start;start;start sliding
心機一転 getting fresh start
口切り start broaching(subject);start;event start ten
立ち遅れる start slowly
発進 start
立ち遅れ slow start
付け出し very successful amateur wrestler,allowed star
見通す watch start finish
自体 start
開講 start lectures;start course
押し出す start together
飛び立つ start
出直す fresh start
駆け出す start running",Guess Vocab related to Keyword,Text
"Year","寒,年明ける,三が日,厄年,時分,初音,厄,年の瀬,時候,当たり年,本場所,参賀,暦年,年余,納会,時季,終業,年越し,隔年,年の暮れ,没年,豊年","寒 coldest days year
年明ける New Year dawns
三が日 first three days New Year(January 1-3)
厄年 critical year;year(age 25 42 men,19 33 women)co
時分 year
初音 first warbling heard New Year
厄 year(age 25 42 men,19 33 women)considered unluck
年の瀬 year end;last days year;end year
時候 year
当たり年 bumper year;banner year;good year;lucky year
本場所 official sumo tournament(six per year)
参賀 congratulatory visit Imperial Palace(New Year)
暦年 calendar year;civil year;year year
年余 more than year
納会 last meeting(year,term,)
時季 year
終業 end year
年越し welcoming New Year;greeting ",Guess Vocab related to Keyword,Text
"festival","内裏,前夜祭,七五三,お祭り騒ぎ,祭礼,祭祀,初節句,夏祭り,学芸会,山車,作り物,旧盆,端午,山鉾,大祭,縁日,田楽,雛祭,祭事,神木,秋祭り","内裏 festival dolls representing emperor empress
前夜祭 eve(festival)(Christmas Eve)
七五三 festival(shrine visit)children aged 7,5 3
お祭り騒ぎ festival merrymaking
祭礼 (religious)festival
祭祀 festival
初節句 baby's first annual festival
夏祭り summer festival
学芸会 arts festival
山車 festival float
作り物 decoration(festival)
旧盆 Bon Festival lunar calendar
端午 Dragon Boat Festival(China)
山鉾 festival float mounted decorative halberd
大祭 grand festival
縁日 temple festival
田楽 rice festival
雛祭 Dolls' Festival;Girls' Festival
祭事 festival
神木 support pillars traditional fire fest",Guess Vocab related to Keyword,Text
"nature","天性,世情,心性,形質,底抜け,動物性,敵性,同質,性分,善良,本性,罪状,摂理,心根,根っから,性根,真性,自体,生来,花鳥風月,風雲","天性 nature
世情 human nature
心性 nature
形質 form nature
底抜け unbounded(good nature,optimism,)
動物性 animal(nature)
敵性 hostile nature
同質 same nature
性分 nature
善良 good(,nature,)
本性 real nature
罪状 (nature)crime
摂理 laws(nature)
心根 nature
根っから nature
性根 nature
真性 inborn nature
自体 nature
生来 nature
花鳥風月 artistic pursuits involving nature themes;bea
風雲 nature",Guess Vocab related to Keyword,Text
"rise","消長,興起,切り立つ,反騰,上昇気流,上値,盛衰,上り調子,激増,持ち上がる,興亡,浮き上がる,誘発,浮き出る,込み上げる,上伸,高下,興隆,巻き起こす,跳ね上がる,隆起","消長 rise fall
興起 rise
切り立つ rise perpendicularly
反騰 reactionary price rise
上昇気流 rise popularity,influence,
上値 price rise
盛衰 rise fall
上り調子 rise
激増 sudden rise
持ち上がる rise
興亡 rise fall
浮き上がる rise surface
誘発 giving rise
浮き出る rise surface
込み上げる rise
上伸 rise market prices
高下 rise fall(prices)
興隆 rise
巻き起こす give rise(controversy)
跳ね上がる rise sharply
隆起 rise",Guess Vocab related to Keyword,Text
"young","若宮,令嬢,巫女,初々しい,小女子,若い者,年少,可憐,若菜,新造,葉桜,若人,貴公子,若木,若武者,幼魚,若草,早婚,若返る,孔雀,長幼","若宮 young imperial prince
令嬢 young woman
巫女 young girl woman(trad. unmarried virgin)assists
初々しい (young)innocent
小女子 young sand lance;young lancefish
若い者 young manservant;young employee;young;young fo
年少 young
可憐 sweet(young girls,flowers blooming)
若菜 young greens;young herbs
新造 young prostitute has just started working(assis
葉桜 cherry tree whose blossoms fallen,revealing you
若人 young
貴公子 young nobleman;princely young man
若木 young tree
若武者 young warrior
幼魚 fry(young fish)
若草 young(fresh)grass
早婚 marrying young
若返る feel young again
孔雀 peafowl(inc",Guess Vocab related to Keyword,Text
"ceremony","婚礼,大儀,婚儀,お開き,大典,儀典,典礼,松風,戴冠式,茶の湯,式次第,答辞,除幕式,地鎮祭,水差し,節分,露払い,茶会,挙行,落成式,開眼","婚礼 marriage ceremony
大儀 state ceremony
婚儀 wedding ceremony
お開き breakup(ceremony,wedding,party,meeting,)
大典 grand ceremony;state ceremony
儀典 ceremony
典礼 ceremony
松風 (sound)steam whistling kettle(tea ceremony)
戴冠式 coronation ceremony
茶の湯 tea ceremony
式次第 program ceremony(programme)
答辞 address reply(ceremony)
除幕式 unveiling ceremony
地鎮祭 ceremony purifying building site(building comm
水差し container fresh water replenishing kettle rins
節分 last winter traditional calendar(usu. February 
露払い rikishi leads yokozuna ring prior ring-enterin
茶会 tea ceremony",Guess Vocab related to Keyword,Text
"dead","行き詰まる,死骸,亡者,仕留める,忠魂,亡霊,枯れ枝,夜半,死海,英霊,泥酔,形骸,死角,枯れ草,追善,来迎,真冬,袋小路,自重,黄土,死語","行き詰まる come dead end
死骸 (dead)body
亡者 dead
仕留める shoot dead
忠魂 loyal dead
亡霊 soul dead
枯れ枝 dead branch(twig,)
夜半 dead night
死海 Dead Sea
英霊 spirits war dead
泥酔 dead drunk
形骸 dead letter
死角 dead ground;dead space;dead angle
枯れ草 dead grass
追善 mass dead
来迎 coming Amida Buddha welcome spirit dead
真冬 dead winter
袋小路 dead end;dead end street
自重 dead load
黄土 world dead
死語 dead language",Guess Vocab related to Keyword,Text
"color","単色,異彩,中間色,淡泊,色分け,白水,血色,桃色,同色,顔料,原色,瑠璃,変色,色刷り,郷土色,紅色,色覚,血の気,茶褐色,配色","単色 single colour(color)
異彩 conspicuousness(usu. color)
中間色 intermediate color;neutral color tint
淡泊 light(flavor,color,)
色分け sorting color
白水 color water washing rice(colour)
血色 color
桃色 pink(colour,color)
同色 same color
顔料 color
原色 primary color;original color(painting,opposed r
瑠璃 lapis lazuli(color)
変色 change color
色刷り color printing
郷土色 local color
紅色 red(color,colour)
色覚 sense color
血の気 color
茶褐色 liver color
配色 color scheme",Guess Vocab related to Keyword,Text
"quality","安物,上質,土質,作況,極上,巧拙,特等,中肉,映り,精肉,良品,優劣,肉質,乗り心地,高下,紙質,出来栄え,同質,甲乙,通性","安物 poor quality article
上質 fine quality
土質 soil quality
作況 quality
極上 finest quality
巧拙 quality
特等 special quality,class grade
中肉 meat medium quality
映り picture quality
精肉 (good quality)meat
良品 quality product
優劣 quality
肉質 meat quality
乗り心地 ride quality
高下 difference(rank,grade,quality,)
紙質 paper quality
出来栄え shape quality(article)
同質 same quality
甲乙 distinction(quality)
通性 common quality",Guess Vocab related to Keyword,Text
"rain","晴れ間,雨上がり,土砂降り,春雨,秋雨前線,降りしきる,風雨,五月雨,降らす,雨後,降り注ぐ,梅雨前線,雨中,雨脚,雨天順延,俄雨,雨雲,雨模様,多雨,降り出す","晴れ間 break(weather,rain snow)
雨上がり rain
土砂降り heavy rain;pouring rain;pelting rain
春雨 gentle spring rain
秋雨前線 autumn rain front;fall rain front
降りしきる fall continuously(rain,snow,)
風雨 wind rain
五月雨 early-summer rain
降らす send(rain)
雨後 rain
降り注ぐ rain incessantly
梅雨前線 seasonal rain front
雨中 rain
雨脚 streaks pouring rain
雨天順延 rescheduled case rain
俄雨 rain shower
雨雲 rain cloud
雨模様 signs rain;threat rain
多雨 heavy rain
降り出す begin rain",Guess Vocab related to Keyword,Text
"round","円柱,善玉,切り上げる,半周,勝ち残る,丸顔,円錐,飲み回る,切り下げる,巻き網,回覧,逆様,達磨,周遊,勝ち進む,腰縄,回遊,団子,持ち場,空回り","円柱 round pillar(buildings)
善玉 character round white head which character good
切り上げる round(number)
半周 halfway round(earth)
勝ち残る win advance next round
丸顔 round face
円錐 round gimlet
飲み回る drink round places
切り下げる round(fraction)
巻き網 round haul net
回覧 sending round
逆様 wrong way round
達磨 round,red-painted good-luck doll shape Bodhidha
周遊 round trip
勝ち進む win advance next round
腰縄 rope tied round prisoner's waists
回遊 round trip
団子 round
持ち場 round
空回り going round circles(argument,discussion,)",Guess Vocab related to Keyword,Text
"stone","石ころ,石器時代,捨て石,小石,敷石,石像,水切り,焼け石,踏み台,石造り,石仏,石棺,旧石器時代,石畳,砕石,石碑,石段,飛礫,礎石,軽石","石ころ (small)stone
石器時代 Stone Age
捨て石 ornamental garden stone(placed give natural ap
小石 small stone
敷石 paving stone
石像 stone statue
水切り stone skimming;stone skipping
焼け石 heated stone;hot stone
踏み台 stepping stone
石造り (made)stone
石仏 stone Buddhist image
石棺 stone coffin
旧石器時代 Old Stone Age
石畳 stone paving;stone steps
砕石 crushed stone
石碑 stone monument
石段 (flight)stone steps;stone stairway
飛礫 stone(throwing)
礎石 foundation stone
軽石 pumice stone",Guess Vocab related to Keyword,Text
"short","小休止,先刻,小袖,切り詰める,下回る,押し切り,短パン,寸劇,小曲,切り上げる,短文,断髪,小刀,小論,短波,短め,短刀,素っ気ない,足らず,茶番","小休止 short break
先刻 short while ago
小袖 short sleeved kimono(worn undergarment during H
切り詰める cut short
下回る fall just short
押し切り short mane
短パン short pants
寸劇 short play
小曲 short piece music
切り上げる cut short
短文 short sentence;short piece writing(passage,arti
断髪 cutting hair(short length)
小刀 short sword
小論 short essay;short article
短波 short wave
短め somewhat short;rather short
短刀 short sword
素っ気ない short
足らず just short
茶番 short humorous improvised sketch(originating Ed",Guess Vocab related to Keyword,Text
"view","一家言,概観,史観,異説,通説,丸見え,全貌,達観,丸出し,浅見,地平,知見,壮観,美観,見通す,目線,遠目,目障り,眺望,遠景","一家言 personal view
概観 general view
史観 historical view;view history(given point view)
異説 dissenting view;different view
通説 prevailing view
丸見え full view
全貌 full view
達観 long view;philosophical view;farsighted view
丸出し full view
浅見 shallow view
地平 field view
知見 view
壮観 grand view
美観 fine view
見通す unobstructed view
目線 point view
遠目 distant view
目障り obstructing view
眺望 view
遠景 distant view",Guess Vocab related to Keyword,Text
"colour","変色,色覚,同色,単色,顔料,原色,中間色,濃密,色分け,紅色,桃色,発色,血の気,郷土色,白銀,白水,色刷り,血色,配色","変色 change colour
色覚 sense colour
同色 same colour
単色 single colour(color)
顔料 colour
原色 primary colour
中間色 intermediate colour;neutral colour
濃密 deep(colour)
色分け classification colour
紅色 red(color,colour)
桃色 colour peach(flowers);pink(colour,color)
発色 colour development;production colour
血の気 colour
郷土色 local colour
白銀 silver colour
白水 color water washing rice(colour)
色刷り colour printing
血色 colour
配色 colour scheme",Guess Vocab related to Keyword,Text
"drink","晩酌,試飲,下戸,酒量,供応,食らう,突き出し,召す,服する,飲み食い,酒好き,飲ませる,清涼飲料水,舌触り,飲み干す,飲み回る,飲み放題,飲ます,駆け付け三杯","晩酌 drink home evening meal;dinner-time drink
試飲 sampling drink
下戸 cannot drink
酒量 amount drink
供応 entertaining food drink
食らう drink
突き出し snack(served drink)
召す drink
服する drink(tea)
飲み食い food drink
酒好き likes drink;love drink
飲ませる drink;force drink;drink
清涼飲料水 soft drink
舌触り feel tongue(food drink)
飲み干す drink last drop;drink;(drink);drink(glass)dry
飲み回る drink round places
飲み放題 can drink
飲ます drink;drink;force drink
駆け付け三杯 three cups sake which latecomers party are ",Guess Vocab related to Keyword,Text
"game","先勝,本局,譜,棋譜,遊戯,八百長,追い立てる,取りこぼす,弾き,猛獣,挑む,打ち掛け,盤面,大局,陣取り,駆り立てる,際どい,引き分ける,投了","先勝 winning first game
本局 game(,shogi,)
譜 record game,shogi,chess,
棋譜 record game,shogi,chess,
遊戯 game
八百長 fixed game
追い立てる rouse(game cover)
取りこぼす lose easy game
弾き traditional children's game similar marbles,pla
猛獣 big game
挑む challenge(fight,game,)
打ち掛け leaving game unfinished
盤面 development game
大局 overall situation game
陣取り children's game which aim occupy other's home 
駆り立てる flush(game,)
際どい close(game)
引き分ける tie(game)
投了 giving game lost",Guess Vocab related to Keyword,Text
"ground","接地,低地,啓蟄,地平,土下座,霊場,土中,地吹雪,地割れ,地金,平面図,地鳴り,死角,盛り土,地肌,黒地,敷物,足ずり,整地","接地 ground;touching ground
低地 low ground
啓蟄 awakening insects solar term(approx. March 6,wh
地平 level ground
土下座 kneeling ground
霊場 sacred ground
土中 ground
地吹雪 snow blown ground
地割れ cracks fissures ground
地金 ground metal
平面図 ground plan
地鳴り rumble ground
死角 dead ground
盛り土 raising ground level
地肌 bare ground
黒地 black ground
敷物 mat,mattress,quilt spread floor(ground)sit slee
足ずり scuffing ground
整地 levelling ground(construction)",Guess Vocab related to Keyword,Text
"present","今時,出そろう,今昔,手土産,安住,当主,当座,並み居る,使い物,移り,縦軸,浮世,現下,香典返し,返礼,付け届け,立ち会う,当代,贈り主","今時 present
出そろう present
今昔 past present
手土産 present(brought visitor)
安住 content present position
当主 (present)head family
当座 present;present
並み居る present(lined)
使い物 present
移り return present
縦軸 connection between past present
浮世 present world
現下 present
香典返し present given return funeral offering
返礼 return present
付け届け present
立ち会う present(during birth)
当代 (present)head family;present age
贈り主 sender(present)",Guess Vocab related to Keyword,Text
"very","根っから,照れ屋,上り詰める,寒々,多々,薄っぺら,大荒れ,強行軍,百戦錬磨,至極,付け出し,甚大,粉々,豪勢,大凶,興味深い,犬猿の仲,興味津々,高々","根っから very beginning
照れ屋 very shy
上り詰める very enthusiastic
寒々 very cold-looking(landscape)
多々 very many;very much
薄っぺら very thin
大荒れ very severe weather
強行軍 very strict schedule
百戦錬磨 very experienced
至極 very
付け出し very successful amateur wrestler,allowed star
甚大 very great
粉々 very small pieces
豪勢 very
大凶 very bad luck
興味深い very interesting
犬猿の仲 very bad terms
興味津々 very interesting
高々 very",Guess Vocab related to Keyword,Text
"break","水入り,取り崩す,切り崩す,打ち破る,間合い,切り出す,解す,泣き崩れる,荒らし回る,吹っ切れる,小休止,突き破る,断ち切る,間断,晴れ間,駆け出す,絶え間,踏み込む","水入り break granted wrestlers engaged prolonged bout
取り崩す break(reserve fund,)
切り崩す break(strike)
打ち破る break
間合い break
切り出す break ice
解す break small pieces(fish,meat,)
泣き崩れる break crying
荒らし回る break(houses here there)
吹っ切れる break through(doubts)
小休止 short break
突き破る break through
断ち切る break(relations);break(intelligence network)
間断 break
晴れ間 break(weather,rain snow)
駆け出す break run
絶え間 break
踏み込む break",Guess Vocab related to Keyword,Text
"force","上等兵,分け入る,別動隊,第三勢力,飲ませる,大挙,示威,火勢,不可抗力,惰性,食わす,遠心力,押し上げる,推力,飲ます,押し下げる,磁力,火気","上等兵 airman first class(air force)
分け入る force way
別動隊 detached force
第三勢力 third force
飲ませる force drink
大挙 full force
示威 show force
火勢 force flames;force fire
不可抗力 irresistible force;force majeure
惰性 force habit
食わす force eat
遠心力 centrifugal force
押し上げる force
推力 driving force
飲ます force drink
押し下げる force
磁力 magnetic force
火気 force fire",Guess Vocab related to Keyword,Text
"forward","出過ぎる,押し寄せる,出すぎる,前傾,送り出す,勇み足,仕向ける,これを機に,期す,駆る,自薦,繰り越し,追い立てる,南蛮,進み出る,突き進む,肩透かし,踏み出す","出過ぎる too forward
押し寄せる surge forward(crowd,wave nostalgia,wave,)
出すぎる too forward
前傾 forward inclination(body);bending forward
送り出す forward
勇み足 forward step-out
仕向ける forward
これを機に point forward
期す look forward
駆る urge forward
自薦 putting forward
繰り越し balance brought forward
追い立てる urge forward(cattle)
南蛮 thrusting right foot right arm forward same(lef
進み出る step forward
突き進む plunge forward
肩透かし technique grasping arm opponent,moment he com
踏み出す step forward",Guess Vocab related to Keyword,Text
"many","多年,多種,万感,寄り合い所帯,多産,穴場,積年,多々,幾多,多色,曲がりくねる,多用,抜擢,群落,末永く,定本,歴戦,百戦錬磨","多年 many years
多種 many kinds
万感 many thoughts
寄り合い所帯 congeries many households
多産 many children
穴場 good place many know
積年 (many)years
多々 very many
幾多 many
多色 many colors;many colours
曲がりくねる bend many times
多用 many uses
抜擢 selection(many important position)
群落 many communities(villages)
末永く many years come
定本 edition incorporating many changes corrections
歴戦 experienced many battles
百戦錬磨 schooled adversity many battles",Guess Vocab related to Keyword,Text
"outside","外回り,移入,外的,圏外,上辺,閣外,他力,型破り,外敵,外注,体外,窓外,目隠し,外勤,学外,外界,門外,部外","外回り work outside office
移入 introduction(outside)
外的 outside
圏外 outside sphere(influence,);outside(region,area,
上辺 outside
閣外 outside Cabinet
他力 outside help
型破り outside box
外敵 outside invader
外注 ordering outside supplier
体外 outside body
窓外 outside window
目隠し concealing home such interior cannot seen outs
外勤 working outside office;outside duty
学外 outside;outside university
外界 outside world
門外 outside gate
部外 outside(organization,department,)",Guess Vocab related to Keyword,Text
"set","台詞,叢書,丸本,決まり文句,会席,思い立つ,期す,歯並び,逃す,押し出す,全巻,課す,重ね,白夜,押し立てる,踏み出す,輩,見据える","台詞 set phrase
叢書 library(set books)
丸本 complete set books
決まり文句 set phrase
会席 set dishes served individual tray entertaining 
思い立つ set mind
期す set
歯並び set teeth
逃す set free
押し出す set en masse
全巻 complete set(volumes)
課す set
重ね set(boxes)
白夜 night during which sun doesn't set
押し立てる set
踏み出す set forth
輩 set
見据える set eyes(future)",Guess Vocab related to Keyword,Text
"song","挽歌,唱歌,替え歌,選曲,愛唱,恋歌,地唄,凱歌,歌い上げる,甚句,紡ぎ歌,合いの手,書き下ろす,聖歌,絶唱,国風,謡曲,軍歌","挽歌 funeral song
唱歌 song music classes;song
替え歌 parody(song);song parody
選曲 song selection
愛唱 loving sing(song)
恋歌 love song
地唄 (style)folk song
凱歌 victory song
歌い上げる belt song
甚句 lively folk song dance tune
紡ぎ歌 spinning song
合いの手 chanting clapping along(during song dance)
書き下ろす write(new novel,play,song,)
聖歌 sacred song
絶唱 superb poem song
国風 provincial song ballad
謡曲 noh song
軍歌 war song",Guess Vocab related to Keyword,Text
"top","松竹梅,上段,上り詰める,上端,升,御三家,幕の内,果ては,重なり合う,山上,旗頭,複,歌い上げる,表土,折り重なる,滝口,至極,頭頂","松竹梅 top,middle bottom
上段 top shelf
上り詰める top;climb top;ascend top
上端 top;top edge
升 square bearing block(top pillar)
御三家 top three
幕の内 top division(professional sumo)
果ては top
重なり合う lie top each other
山上 mountain top
旗頭 (Okinawa)bamboo poles attached vertical flag el
複 bet predicts top 2 top 3 finish(depending number
歌い上げる sing top voice
表土 top soil
折り重なる lie top another
滝口 top waterfall
至極 top
頭頂 top head",Guess Vocab related to Keyword,Text
"well","井戸掘り,何々,作り物,好走,井,折り合う,井戸水,沸き起こる,漬かる,能く,井筒,知日,伯仲,練り上げる,優に,貫通,寝苦しい,込み上げる","井戸掘り well digger;well digging
何々 well,well
作り物 theatrical prop(large prop noh kyogen,tree,wel
好走 running well
井 well
折り合う along well
井戸水 well water
沸き起こる well
漬かる well seasoned
能く well
井筒 well kerb;well curb;family crest design based s
知日 well versed affairs
伯仲 well contested
練り上げる knead well
優に well
貫通 well versed
寝苦しい unable sleep well
込み上げる well(tears,anger,joy,)",Guess Vocab related to Keyword,Text
"fine","五月晴れ,名訳,精細,名品,上質,好走,代物,優駿,薄口,機微,精緻,名馬,詰む,緻密,課す,美観,逸品,良品","五月晴れ fine weather during rainy season
名訳 fine translation
精細 fine
名品 fine product
上質 fine quality
好走 fine running
代物 fine thing
優駿 fine racehorse
薄口 fine
機微 fine points
精緻 fine
名馬 fine horse
詰む become fine(fabric)
緻密 fine(grain,workmanship,)
課す impose(tax,fine,)
美観 fine view
逸品 fine item
良品 fine article",Guess Vocab related to Keyword,Text
"whole","全島,全貌,家中,全市,一部始終,全巻,全店,丸洗い,大安,全戸,挙国,全編,満天,全軍,満身,渾然,走破,大局","全島 whole island
全貌 whole story
家中 whole family
全市 whole city
一部始終 whole story
全巻 whole reel;whole film;whole volume
全店 whole store
丸洗い laundering whole
大安 lucky whole(traditional calendar)
全戸 whole household;whole family
挙国 whole nation
全編 whole book(volume)
満天 whole sky
全軍 whole army;whole team
満身 whole body
渾然 whole
走破 running whole distance
大局 whole situation",Guess Vocab related to Keyword,Text
"both","両性,両極,両名,両人,左四つ,両眼,田楽,両家,内憂外患,両様,両翼,両隣,併記,四つ相撲,右四つ,痛み分け,行き帰り","両性 both sexes
両極 both extremities
両名 both persons
両人 both
左四つ hold which both wrestlers obtain underarm grip
両眼 both eyes
田楽 turning manner would use cook dengaku-tofu both
両家 both families
内憂外患 troubles both home abroad
両様 both ways
両翼 both wings;both flanks
両隣 both sides(left right);both neighbours
併記 writingboth
四つ相撲 wrestling which both wrestlers grasp other's 
右四つ hold which both wrestlers obtain underarm grip
痛み分け ending both sides suffering damage(dispute,)
行き帰り both ways",Guess Vocab related to Keyword,Text
"cause","火気,名分,事由,自己顕示,病原,因,病因,巻き起こす,禍根,病根,誘い水,誘因,突き止める,大本,遠因,起こり,狂わす","火気 cause fire(lighter,match,spark,)
名分 just cause
事由 cause
自己顕示 pressing own cause
病原 cause disease
因 cause;hetu(direct cause,opposed indirect conditi
病因 cause disease
巻き起こす cause(commotion)
禍根 cause misfortune
病根 cause disease
誘い水 cause
誘因 contributing cause;exciting cause
突き止める determine(culprit underlying cause)
大本 cause
遠因 indirect cause;remote cause;underlying cause
起こり cause
狂わす cause malfunction",Guess Vocab related to Keyword,Text
"duty","外勤,仁義,本分,掛かり,服務,持ち場,職責,就役,課す,名分,非番,激務,輪番,特恵関税,大任,日直,殉職","外勤 outside duty
仁義 duty
本分 duty
掛かり duty
服務 duty
持ち場 place duty
職責 duty
就役 placed duty
課す assign(task,duty,)
名分 moral duty
非番 duty
激務 severe duty
輪番 rotation(duty)
特恵関税 preferential duty
大任 important duty
日直 class duty(students);duty
殉職 killed line duty",Guess Vocab related to Keyword,Text
"match","打ち止め,泥仕合,好敵手,突き合わせる,一人相撲,先鋒,早慶戦,比類,映り,相部屋,五分五分,虚々実々,火気,八百長,痛み分け,拮抗,緒戦","打ち止め end(play,match,)
泥仕合 mudslinging match
好敵手 good match
突き合わせる match
一人相撲 mimicking wrestling match(form street perform
先鋒 athlete competes first match team competition(k
早慶戦 match between Waseda University Keio Universit
比類 match
映り match
相部屋 match between wrestlers same stable
五分五分 even match
虚々実々 match between persons equal shrewdness mobili
火気 cause fire(lighter,match,spark,)
八百長 match fixing
痛み分け match declared drawn due injury
拮抗 equal match
緒戦 first match(series)",Guess Vocab related to Keyword,Text
"show","付き人,一枚看板,座右,強がり,演者,レギュラー出演,付け人,余興,迎え入れる,複,挙手,虚飾,送り出す,春めく,見世物,見せつける,示威","付き人 assistant(show business sumo)
一枚看板 best item has(show)
座右 letters refer recipient indirectly written besi
強がり show courage
演者 participant(TV show TV panel)
レギュラー出演 appearing regular(variety TV show)
付け人 assistant(show business sumo)
余興 side show
迎え入れる show
複 show bet
挙手 show hands(vote)
虚飾 show
送り出す show
春めく show signs spring
見世物 show
見せつける show
示威 show force",Guess Vocab related to Keyword,Text
"written","善玉,書き出し,写本,座右,始末書,口上書,誓約書,裏書,成文,短冊,国書,肉筆,花押,筆舌,草紙,返り点,辞世","善玉 character round white head which character good
書き出し written claim
写本 written copy book
座右 letters refer recipient indirectly written besi
始末書 written explanation;written apology
口上書 written statement
誓約書 written oath
裏書 verification authenticity(written scroll);note 
成文 written expression
短冊 long,narrow strip paper which poems are written
国書 book written(opposed Chinese,)
肉筆 written brush
花押 written seal
筆舌 written spoken words
草紙 text written entirely kana;written work(bound t
返り点 marks written alongside characters classical C
辞世 death poe",Guess Vocab related to Keyword,Text
"cloth","反物,布目,薄手,厚手,畝,敷物,赤地,絹布,黒地,無垢,頭巾,綿布,風合い,断ち切る,裁断,服地,烏帽子","反物 cloth
布目 grain fabric cloth
薄手 thin(paper,cloth,porcelain,)
厚手 thick(paper,cloth,)
畝 rib(cloth,mountains,sea)
敷物 (cloth)cover
赤地 red cloth
絹布 silk cloth
黒地 black cloth
無垢 long kimono made same plain-coloured cloth
頭巾 headgear(made cloth)
綿布 cotton cloth
風合い texture(cloth,fabric,paper)
断ち切る cut(cloth,paper,)
裁断 cutting(cloth,paper,)
服地 cloth
烏帽子 black-lacquered headgear made silk,cloth paper",Guess Vocab related to Keyword,Text
"natural","地肌,花鳥風月,自生,天敵,天性,天寿,天変地異,実母,実父,山河,防除,生薬,捨て石,自然増収,風光,自然淘汰,風物","地肌 natural skin
花鳥風月 traditional themes natural beauty aesthetics
自生 natural growth
天敵 natural enemy
天性 natural constitution
天寿 natural span life
天変地異 natural disaster
実母 natural mother
実父 natural father
山河 natural surroundings
防除 protection(against natural disasters)
生薬 natural remedy;natural drugs
捨て石 ornamental garden stone(placed give natural ap
自然増収 natural automatic increase revenue
風光 natural beauty
自然淘汰 natural selection
風物 natural features",Guess Vocab related to Keyword,Text
"fortune","占い師,屋台骨,七福神,家督,一攫千金,殖産,運勢,幸,占師,御神籤,凶,身代,大福,開運,数奇,福徳","占い師 fortune teller
屋台骨 fortune
七福神 Seven Gods Fortune
家督 family fortune
一攫千金 making fortune single stroke
殖産 enhancement fortune
運勢 fortune
幸 fortune
占師 fortune teller
御神籤 fortune slip(usu. bought shrine)
凶 bad fortune
身代 fortune
大福 great fortune
開運 better fortune
数奇 adverse fortune
福徳 fortune",Guess Vocab related to Keyword,Text
"idea","持ち掛ける,固定観念,妙案,強迫観念,考案,想,大それた,妄想,思い違い,既成概念,思い立つ,意匠,着想,植え付ける,浅見,表象","持ち掛ける propose(idea,)
固定観念 fixed idea
妙案 bright idea;ingenious idea
強迫観念 compulsive idea
考案 idea
想 idea
大それた wild(ambition,idea,)
妄想 wild idea
思い違い wrong idea
既成概念 preconceived idea
思い立つ idea
意匠 idea
着想 idea
植え付ける instil(idea,feeling,)
浅見 superficial idea
表象 idea",Guess Vocab related to Keyword,Text
"object","他山の石,団子,眼目,出先,本尊,時代物,本旨,主客,模造,飛び乗る,鋳物,神体,番外,検体,静物,的","他山の石 object lesson
団子 ball-shaped object
眼目 main object
出先 source(object)
本尊 principal object worship temple(usu. buddha bod
時代物 historical object
本旨 principal object;main object
主客 subject object
模造 ersatz(object)
飛び乗る jump(moving object)
鋳物 cast-metal object
神体 object worship believed contain spirit deity,ty
番外 extra(performance,item,object,)
検体 object examined
静物 object rest;still object
的 object",Guess Vocab related to Keyword,Text
"study","本科,商科,切磋琢磨,蘭学,手習い,遊学,洋行,学び,研鑽,遺伝学,前人未到,未開拓,考証,論考,研磨,書誌学","本科 regular course(study)
商科 commerce(field study)
切磋琢磨 diligent application(work study)
蘭学 study Western knowledge through Dutch language 
手習い study
遊学 traveling study;travelling study
洋行 going abroad(study travel)
学び study
研鑽 diligent study
遺伝学 study heredity
前人未到 untrodden(region,field study,)
未開拓 unexplored(field study)
考証 study historical artifacts
論考 study
研磨 applying(study)
書誌学 bibliography(study books)",Guess Vocab related to Keyword,Text
"female","連理,女将,女学生,女声,女人禁制,女装,女手,海女,女医,孔雀,淑女,舞姫,雌花,瞽女,雌雄","連理 intimate male female relationship
女将 female innkeeper
女学生 female student
女声 female voice
女人禁制 female admission
女装 female clothing;wearing female clothing
女手 female labour;female labor;female worker;female
海女 female diver collects shells,seaweed,
女医 female doctor
孔雀 peafowl(incl. male peacock,female peahen,young 
淑女 (female)pervert
舞姫 female dancer
雌花 female flower
瞽女 blind female beggar sings plays shamisen
雌雄 male female(animals)",Guess Vocab related to Keyword,Text
"just","産婦,冷やかし,真横,公明正大,心持ち,下回る,新造,若宮,高々,自業自得,足らず,出掛け,力水,名分,王道","産婦 woman has just given birth;woman just give birt
冷やかし just looking goods
真横 just beside
公明正大 just upright
心持ち just little
下回る just under;fall just short
新造 young prostitute has just started working(assis
若宮 newly built shrine(which divided tutelary deity
高々 just
自業自得 getting just deserts
足らず just under;just short
出掛け just leaving
力水 water offered wrestlers just prior bout
名分 just cause
王道 just rule",Guess Vocab related to Keyword,Text
"origin","動物性,出自,基点,大本,原初,出先,発祥地,火元,素性,同根,成り立ち,物種,起こり,本元,病原","動物性 animal(origin)
出自 origin
基点 origin
大本 origin
原初 origin
出先 origin
発祥地 place origin
火元 origin fire
素性 origin
同根 same origin
成り立ち origin
物種 origin
起こり origin
本元 origin
病原 origin illness",Guess Vocab related to Keyword,Text
"Western","山の手,欧風,洋装,和洋折衷,南蛮,満年齢,西洋式,洋学,洋弓,蘭学,黒船,西域,洋紙,洋菓子,洋行","山の手 Yamanote(hilly residential section western Tok
欧風 Western
洋装 Western clothing;Western binding
和洋折衷 blending Western styles
南蛮 foreign(goods South-East Asia Western Europe);W
満年齢 age(expressed Western style counting fully com
西洋式 western style fashion
洋学 Western learning(introduced late-Edo early-Meij
洋弓 (Western)archery
蘭学 study Western knowledge through Dutch language 
黒船 Western ships came between 16th 19th centuries,
西域 western regions China
洋紙 Western paper;paper manufactured Western manner
洋菓子 Western confectionery
洋行 overseas travel(W",Guess Vocab related to Keyword,Text
"garden","泉水,庭先,裏庭,廃園,前庭,園遊会,白州,山水,開園,石組み,梅園,捨て石,田園都市,築山,花畑","泉水 garden pond
庭先 nearby garden;part garden close house
裏庭 rear garden
廃園 abandoned garden;neglected garden
前庭 front garden
園遊会 garden party
白州 area garden entrance house laid white sand pebb
山水 garden which contains artificial hill pond
開園 opening park(theme park,botanical garden)
石組み arrangement stones garden
梅園 plum garden
捨て石 ornamental garden stone(placed give natural ap
田園都市 garden city
築山 artificial hill(garden)
花畑 flower garden",Guess Vocab related to Keyword,Text
"visit","出直す,転がり込む,不意打ち,入来,七五三,参賀,伺い,拝観,往診,渡来,参詣,日参,御幸,長居,慰問","出直す visit again
転がり込む visit(stay overnight unwanted guest)
不意打ち surprise visit
入来 august visit
七五三 festival(shrine visit)children aged 7,5 3
参賀 congratulatory visit Imperial Palace(New Year)
伺い visit
拝観 visit
往診 doctor's visit
渡来 visit(abroad)
参詣 visit temple shrine
日参 daily visit temple shrine(worship)
御幸 imperial visit
長居 long visit
慰問 visit console",Guess Vocab related to Keyword,Text
"green","薬味,大部屋,枝豆,黄緑,青田,茶漬け,若草,玉露,緑豆,青竹,抹茶,青信号,緑青,煎茶,青々","薬味 condiment(grated chopped topping such daikon,wa
大部屋 green room
枝豆 edamame(green soybeans)
黄緑 pea green
青田 green paddy
茶漬け cooked rice green tea poured
若草 green grass
玉露 high-quality green tea
緑豆 green gram
青竹 green bamboo
抹茶 powdered green tea
青信号 green light(traffic);green light
緑青 green rust
煎茶 medium-grade green tea;green leaf tea;green tea
青々 bright green;fresh green",Guess Vocab related to Keyword,Text
"method","売り方,我流,友禅染め,古手,流儀,一筋縄,便法,邪道,旧法,買い方,秘策,焼き畑,連山,致し方,王道","売り方 method selling
我流 self-taught method
友禅染め type dyeing method pattern
古手 long-established(way,method,)
流儀 method
一筋縄 ordinary method
便法 handy method;convenient method
邪道 unorthodox method
旧法 old method
買い方 method buying
秘策 secret method
焼き畑 land made arable slash-and-burn method
連山 Lian Shan(Xia-period method Chinese divination)
致し方 method
王道 easy method;tried-and-true method",Guess Vocab related to Keyword,Text
"village","村会,庄屋,村立,寄り合い,寒村,山里,大字,温泉郷,村役場,無医村,村落,裏山,村八分,隣村,村有","村会 village assembly
庄屋 village headman(Kansai region)
村立 village(,library,);established village
寄り合い village assembly
寒村 lonely village;desolate village;remote village;
山里 mountain village
大字 larger section(village)
温泉郷 hot-spring village;onsen village
村役場 local administration office village;village of
無医村 doctorless village;village lacking doctor
村落 village
裏山 mountain(hill)behind house,village,
村八分 complete ostracism household(harshest punishme
隣村 neighboring village;neighbouring village
村有 village property",Guess Vocab related to Keyword,Text
"big","吹き飛ばす,呼び物,四天王,豪語,大樹,大穴,大漁,広言,猛獣,大蛇,大男,豪勢,巨木,御三家","吹き飛ばす talk big
呼び物 big draw
四天王 big four(i.e. four leaders given field)
豪語 big talk
大樹 big tree
大穴 big deficit;big winnings(long shot)
大漁 big catch(fishing)
広言 talking big
猛獣 big game
大蛇 big snake
大男 big man
豪勢 big(storm)
巨木 big tree
御三家 big three",Guess Vocab related to Keyword,Text
"branch","分院,分かれ,出先,分派,出先機関,支庁,分かれ道,分家,本元,分会,分科,大枝,枯れ枝,末寺","分院 branch(institution);branch hospital;branch temp
分かれ branch
出先 branch office
分派 branch
出先機関 branch office
支庁 (governmental)branch office
分かれ道 branch;branch road
分家 establishing branch family;branch family
本元 main branch family
分会 branch
分科 branch
大枝 large branch
枯れ枝 withered branch;dead branch(twig,)
末寺 branch temple",Guess Vocab related to Keyword,Text
"future","後年,遠からず,後代,成長株,嘱望,行く末,先高,行く先,社運,憂国,後々,肥やし,見据える,超人","後年 future years
遠からず near future
後代 future generations
成長株 future promise
嘱望 great hopes(future)
行く末 future
先高 higher future quotations
行く先 future
社運 future company
憂国 patriotic concern future country
後々 future;distant future;future;distant future
肥やし will help develop future
見据える set eyes(future)
超人 Ubermensch(Nietzsche's ideal man future)",Guess Vocab related to Keyword,Text
"gold","山吹,大判,金塊,金券,掘り当てる,砂子,小判,金箔,蒔絵,金糸,金製,金銀,金山,金鉱","山吹 gold coin(formerly)
大判 large oval gold coin Edo
金塊 gold nugget;gold bullion;gold bar;gold ingot
金券 gold certificate
掘り当てる strike(gold,oil,)
砂子 gold dust
小判 small oval gold coin Edo
金箔 gold foil;beaten gold;gold leaf
蒔絵 gold silver lacquer
金糸 gold thread
金製 made gold
金銀 gold silver
金山 gold mine
金鉱 gold ore;gold deposit;gold mine",Guess Vocab related to Keyword,Text
"much","出すぎる,大部,小食,多々,嘱望,出過ぎる,思い詰める,手古摺る,言過ぎる,持て余す,言い過ぎる,買いかぶる,過不足,過信","出すぎる stick too much
大部 much
小食 eating much
多々 very much
嘱望 expecting much
出過ぎる stick too much
思い詰める worry too much
手古摺る much trouble
言過ぎる talk say too much
持て余す too much
言い過ぎる talk say too much
買いかぶる too much;givetoo much credit
過不足 too much too little
過信 trusting too much",Guess Vocab related to Keyword,Text
"notice","取り合う,赤紙,張り出し,無届け,聞き流す,お知らせ,公告,沙汰,達し,眼中,抜き打ち,黙殺,悲報,見かける","取り合う take notice
赤紙 call-up notice
張り出し notice
無届け notice
聞き流す take notice
お知らせ notice
公告 official notice
沙汰 notice
達し official notice
眼中 (taking)notice
抜き打ち prior notice
黙殺 taking notice
悲報 death notice
見かける notice",Guess Vocab related to Keyword,Text
"open","露天,開店休業,公明正大,目配り,見開く,平手,打ち解ける,建具,野宿,大っぴら,野戦,繰り広げる,繰る,門戸開放政策","露天 open air
開店休業 open virtually business
公明正大 open honest
目配り keeping eye open
見開く open(eyes)wide
平手 open hand
打ち解ける open heart
建具 fittings open close(doors,windows,shoji,fusuma,
野宿 sleeping open air
大っぴら open
野戦 open battle
繰り広げる open
繰る open one-by-one
門戸開放政策 open door policy",Guess Vocab related to Keyword,Text
"plant","植え付ける,多年草,座り込む,寒椿,水生植物,木本,植木鉢,海草,水草,風車,防除,豆類,球根,生ける","植え付ける plant
多年草 perennial plant
座り込む plant
寒椿 camellia-like plant native China
水生植物 aquatic plant
木本 woody plant
植木鉢 plant pot
海草 marine plant
水草 aquatic plant;water plant
風車 Clematis patens(climbing plant)
防除 prevention(plant disease insect damage)
豆類 plant yielding pulse
球根 (plant)bulb
生ける plant",Guess Vocab related to Keyword,Text
"text","対訳,原典,転写,同文,印字,行間,主文,和文,棒読み,草紙,返り点,講釈,欧文,素読","対訳 original text translation printed side side opp
原典 original(text)
転写 transcription(text,DNA,RNA,)
同文 same text
印字 printing(text symbols)
行間 line-spacing text
主文 text(judicial decision)
和文 text
棒読み reading Chinese classical text translating
草紙 written work(bound text,opposed scroll);text wr
返り点 marks written alongside characters classical C
講釈 explanation(text,phrase,)
欧文 European text
素読 reading(text)aloud trying understand",Guess Vocab related to Keyword,Text
"what","是が非でも,持て余す,何々,何物,反面教師,微力,四苦八苦,何歳,時節柄,決め込む,望外,思い余る,思い悩む,自業自得","是が非でも matter what(happens)
持て余す know what
何々 what
何物 what kind thing
反面教師 good example what(how behave)
微力 what little can
四苦八苦 four eight kinds suffering(birth,old age,dise
何歳 what age
時節柄 season what
決め込む through(what decided)
望外 beyond what hoped
思い余る know how act what
思い悩む loss(what);know what
自業自得 reap what sow",Guess Vocab related to Keyword,Text
"attention","取り合う,専心,一心不乱,取り立てる,甘えん坊,衆目,眼中,心配り,大注目,高配,留意,耳目,押し出す,聞き流す","取り合う pay attention
専心 undivided attention
一心不乱 undivided attention
取り立てる call attention
甘えん坊 child always demands attention
衆目 public attention
眼中 attention
心配り attention
大注目 (paying)great deal attention
高配 attention
留意 paying attention
耳目 attention
押し出す draw attention
聞き流す pay attention(while listening)",Guess Vocab related to Keyword,Text
"best","一枚看板,極上,霊長,決定版,天下一品,出し切る,全身全霊,善処,完調,晴れ着,高々,至極,次善","一枚看板 sole Sunday best;best item has(show)
極上 best
霊長 best
決定版 best kind
天下一品 best article under heaven
出し切る best
全身全霊 best
善処 making best(bad bargain)
完調 best form
晴れ着 best clothes;Sunday best
高々 best
至極 best
次善 second best",Guess Vocab related to Keyword,Text
"reputation","学名,極め付き,積み上げる,英名,世評,聞こえ,悪評,人望,刻印,体面,立つ瀬,美名,芳しい","学名 academic reputation
極め付き established reputation
積み上げる build(reputation)
英名 reputation
世評 reputation
聞こえ reputation
悪評 bad reputation
人望 favorable reputation
刻印 reputation
体面 reputation
立つ瀬 reputation
美名 good reputation
芳しい good(reputation,condition,results,)",Guess Vocab related to Keyword,Text
"source","原初,出先,光源,出典,供給源,起こり,禍根,大本,水源地,火の気,逆探知,熱源,税源","原初 source
出先 source(object)
光源 light source
出典 source(quotation)
供給源 source supply
起こり source
禍根 source problem;source trouble
大本 source
水源地 source(river,)
火の気 source fire
逆探知 detecting source telephone call
熱源 heat source
税源 source taxation revenue;tax source",Guess Vocab related to Keyword,Text
"three","大路,三が日,三拍子,平民,三位一体,神器,三次元,三つ折り,駆け付け三杯,明明後日,三輪車,中段,御三家","大路 most important three classes highway(ritsuryō)
三が日 first three days New Year(January 1-3)
三拍子 three important requisites
平民 lowest three classes)
三位一体 three aspects;three factors;three parts;three
神器 three sacred treasures(sword,jewel,mirror)
三次元 three dimensions
三つ折り folded three
駆け付け三杯 three cups sake which latecomers party are 
明明後日 three days'
三輪車 three wheeled vehicle(tricycle,motorcycle,);th
中段 center three(horizontal)columns(print)(centre)
御三家 three branches Tokugawa family(Owari,Kii Mito)",Guess Vocab related to Keyword,Text
"train","仕込む,下り列車,機関士,育て上げる,乗り継ぐ,回送,車窓,上り列車,網棚,終電車,鈍行,夜行,国電","仕込む train
下り列車 train heading toward ending point route
機関士 engineer(train,ship,aircraft,)
育て上げる train
乗り継ぐ connect(different flight,train,)
回送 (train)returning station;deadheading(train)
車窓 train window
上り列車 train heading toward starting point route
網棚 (overhead)luggage rack(train,bus,)
終電車 last train
鈍行 slow train;local train
夜行 night train
国電 city electric train service operated(former)Nat",Guess Vocab related to Keyword,Text
"pattern","石畳,刷り込む,大柄,霜降り,打ち出し,型紙,絵柄,友禅染め,色柄,唐草,大海,阿弥陀,類型","石畳 check(pattern)
刷り込む stencil(pattern)
大柄 large pattern
霜降り salt-and-pepper(pattern,fabric,)
打ち出し embossing pattern
型紙 pattern paper(dressmaking)
絵柄 pattern
友禅染め type dyeing method pattern
色柄 coloured pattern;colored pattern
唐草 arabesque pattern
大海 fabric pattern
阿弥陀 lottery which participants trace line across l
類型 pattern;similar pattern",Guess Vocab related to Keyword,Text
"children","七五三,孫子,天童,子持ち,多産,扱い方,童画,婦女子,家庭内暴力,子宝,育ち盛り,鬼子母神","七五三 festival(shrine visit)children aged 7,5 3
孫子 children grandchildren
天童 children parading cherubs;gods disguised childr
子持ち parent children way(expecting mother)
多産 many children
扱い方 way(children,animal)
童画 pictures children
婦女子 women children
家庭内暴力 household violence(adolescent children towar
子宝 treasure children
育ち盛り growth(children)
鬼子母神 Hariti(goddess childbirth children)",Guess Vocab related to Keyword,Text
"city","山の手,田園都市,城下町,市有,全市,市電,市中銀行,駆け抜ける,国電,尼,市会,転入","山の手 hilly section city(usu. upscale residential)
田園都市 garden city
城下町 city developed around castle feudal lord
市有 owned city
全市 every city;whole city
市電 city streetcar
市中銀行 city bank
駆け抜ける sweep through(news through city)
国電 city electric train service operated(former)Nat
尼 Amagasaki(city Hyogo Prefecture)
市会 city council
転入 moving(city,)",Guess Vocab related to Keyword,Text
"excellent","名木,名医,妙案,名訳,名盤,逸品,河童,出色,秀逸,名歌,英断,大吉","名木 excellent wood
名医 excellent physician
妙案 excellent plan
名訳 excellent translation
名盤 excellent record
逸品 excellent article
河童 excellent swimmer
出色 excellent
秀逸 excellent
名歌 excellent poem
英断 excellent decision
大吉 excellent luck",Guess Vocab related to Keyword,Text
"has","若宮,捨て身,出先,打ち止め,一枚看板,新造,嫁ぎ先,死語,十人十色,箱入り,産婦,蒸し返す","若宮 newly built shrine(which divided tutelary deity
捨て身 giving everything has got
出先 place where has gone
打ち止め closing pachinko machine(has paid designated 
一枚看板 best item has(show)
新造 young prostitute has just started working(assis
嫁ぎ先 family woman has married
死語 word has become passé
十人十色 everyone has own ideas tastes;everyone has ow
箱入り girl has been sheltered world
産婦 woman has just given birth
蒸し返す bring again(problem has been dealt)",Guess Vocab related to Keyword,Text
"job","不出来,失職,住み込み,定職,尺八,専従者,働き口,八百長,副業,兼業,有職,稼業","不出来 bad job
失職 losing job
住み込み live-in(job)
定職 steady job
尺八 blow job
専従者 job exclusively
働き口 job
八百長 put-up job
副業 side job
兼業 job side
有職 holding job
稼業 job",Guess Vocab related to Keyword,Text
"kind","厚遇,物納,親身,手厚い,何物,天女,諸悪,切,懇切,異種,別種,決定版","厚遇 kind treatment
物納 payment kind
親身 kind
手厚い kind
何物 what kind thing
天女 beautiful kind woman
諸悪 every kind evil
切 kind
懇切 kind
異種 different kind(,variety)
別種 another kind
決定版 best kind",Guess Vocab related to Keyword,Text
"live","住み込む,転がり込む,友釣り,生放送,住まう,実写,生ける,宿る,生き延びる,活魚,生番組,絵馬","住み込む live
転がり込む come live
友釣り live decoy fishing(sweetfish)
生放送 live broadcast
住まう live
実写 live filming(opposed animation)
生ける live
宿る live
生き延びる live long
活魚 live fish shellfish(kept tank restaurant)
生番組 live programme;live program
絵馬 orig. picturing horse,stand-in donation live ho",Guess Vocab related to Keyword,Text
"restaurant","仲居,女将,会席,御用達,割烹,食い逃げ,活魚,他店,女中,食わす,飯店,風俗営業","仲居 waitress(ryokan traditional restaurant)
女将 proprietress(traditional inn,restaurant,shop)
会席 restaurant dinner tray
御用達 company(restaurant,place,)caters popular speci
割烹 restaurant
食い逃げ leaving restaurant paying
活魚 live fish shellfish(kept tank restaurant)
他店 another restaurant
女中 waitress(traditional restaurant)
食わす serve(restaurant)
飯店 Chinese restaurant
風俗営業 cabaret,club,gambling restaurant businesses",Guess Vocab related to Keyword,Text
"station","軍港,農業試験場,詰め所,宿場,回送,検疫所,中継局,聞こえ,持ち場,駅舎,林業試験場,駅頭","軍港 naval station
農業試験場 agricultural experiment station
詰め所 station
宿場 relay station(Edo-period highway);post station
回送 (train)returning station
検疫所 quarantine station
中継局 translator station;relay station
聞こえ reception(radio station)
持ち場 station
駅舎 station building
林業試験場 experimental forestry station
駅頭 station area;front station;station",Guess Vocab related to Keyword,Text
"range","放し飼い,前山,値幅,航続距離,職域,山並み,圏外,連山,縦走,裾野,芸域,音域","放し飼い free range breeding
前山 first range mountains
値幅 price range fluctuation
航続距離 flying range;cruising range
職域 range work;range duties
山並み mountain range
圏外 range(mobile network,radar,)
連山 mountain range
縦走 traversing mountain range
裾野 range
芸域 range skills
音域 range(voice instrument)",Guess Vocab related to Keyword,Text
"base","基数,母胎,陣取り,進塁,山元,塁審,基底,山麓,的外れ,基部,根拠地,発進","基数 base
母胎 base
陣取り children's game which aim occupy other's home 
進塁 advance(next base)
山元 base mountain
塁審 base umpire
基底 base;base(topology)
山麓 base mountain
的外れ base
基部 base
根拠地 base(operations)
発進 departure(base)",Guess Vocab related to Keyword,Text
"spread","敷き詰める,伝播,羽ばたく,燃え広がる,見開き,敷物,まん延,蔓延,燃え移る,裾野,延焼,立ちはだかる","敷き詰める spread
伝播 spread
羽ばたく spread wings
燃え広がる spread(flames)
見開き (two-page)spread
敷物 spread;mat,mattress,quilt spread floor(ground)s
まん延 spread(disease)
蔓延 spread(disease)
燃え移る (fire)spread
裾野 spread
延焼 spread fire
立ちはだかる stand way(legs spread)",Guess Vocab related to Keyword,Text
"birth","早産,実母,流産,産婦,四苦八苦,血統,安産,素性,立ち会う,産児制限,生来","早産 premature birth
実母 birth mother
流産 abortive birth
産婦 woman just give birth;woman has just given birt
四苦八苦 four eight kinds suffering(birth,old age,dise
血統 birth
安産 safe birth
素性 birth
立ち会う present(during birth)
産児制限 birth control
生来 birth",Guess Vocab related to Keyword,Text
"material","有形,小ネタ,見返し,反物,服地,物量,廃物,養生,質感,綿布,滑り止め","有形 material
小ネタ small material(story,article,)
見返し facing(material sewn inside edge garment)
反物 measure kimono material
服地 dress material
物量 amount material resources
廃物 waste material
養生 covering(protective material)
質感 feel(material)
綿布 cotton material
滑り止め non-slip device(material,tread,)",Guess Vocab related to Keyword,Text
"more","多目,手間取る,上回る,年余,和製英語,獅子舞,一工夫,掛け持ち,高々,増長,多々","多目 little more(than usual)
手間取る take more than expected
上回る more than
年余 more than year
和製英語 word constructed elements more English terms
獅子舞 traditional dance performed more dancers weari
一工夫 bit more(food)
掛け持ち holding two more positions concurrently
高々 more than
増長 becoming more severe
多々 more more",Guess Vocab related to Keyword,Text
"reception","冷遇,優待,大広間,映り,接客,広間,手厚い,収受,歓待,聞こえ,色直し","冷遇 cold reception
優待 warm reception
大広間 reception hall
映り reception(TV)
接客 reception
広間 reception room
手厚い warm(treatment,reception,)
収受 reception
歓待 friendly reception
聞こえ reception(radio station)
色直し changing clothing(bride groom during wedding r",Guess Vocab related to Keyword,Text
"beautiful","天女,美名,玉音,佳境,水郷,美貌,美観,風光,珠玉,美顔,美声","天女 beautiful kind woman
美名 beautiful
玉音 beautiful sound;beautiful voice
佳境 beautiful place
水郷 beautiful riverside location
美貌 beautiful face
美観 beautiful sight
風光 (beautiful)scenery
珠玉 beautiful piece
美顔 beautiful face
美声 beautiful voice",Guess Vocab related to Keyword,Text
"ear","前庭,内耳,音痴,耳打ち,黙殺,中耳,稲穂,聞き流す,筒抜け,耳鼻咽喉科,臨機応変","前庭 vestibule(ear)
内耳 inner ear
音痴 ear music
耳打ち whispering person's ear
黙殺 turning deaf ear
中耳 middle ear
稲穂 ear(head)rice
聞き流す ear other
筒抜け going ear other
耳鼻咽喉科 ear,nose throat department
臨機応変 playing ear",Guess Vocab related to Keyword,Text
"foot","水虫,変わり身,南蛮,金縛り,裾野,山元,軸足,山麓,片足,踏破,階下","水虫 athlete's foot
変わり身 lightness foot
南蛮 thrusting right foot right arm forward same(lef
金縛り binding hand foot
裾野 plain foot mountain;foot mountain
山元 foot mountain
軸足 pivot foot
山麓 foot mountain
片足 foot
踏破 travelling(full distance)foot
階下 foot stairs",Guess Vocab related to Keyword,Text
"beyond","持て余す,縁遠い,来世,門外,以遠,望外,食み出る,背伸び,通り越す,越権","持て余す beyond control
縁遠い far beyond(means,ability)
来世 world beyond
門外 beyond area expertise
以遠 beyond
望外 beyond expectations;beyond what hoped
食み出る beyond
背伸び trying beyond ability
通り越す beyond
越権 going beyond authority",Guess Vocab related to Keyword,Text
"read","見透かす,読み返す,講じる,読み取る,見通す,読み直す,読み切る,読み聞かせる,読み上げ算,返り点","見透かす read(true feelings)
読み返す read again
講じる read aloud
読み取る readmind;read understand;read(calibration,tap
見通す read(feelings,intentions,)
読み直す read(book,)again
読み切る read through
読み聞かせる read aloud another
読み上げ算 figures read aloud another
返り点 marks written alongside characters classical C",Guess Vocab related to Keyword,Text
"trouble","一挙手一投足,手古摺る,憂い,食らう,不和,抜け道,禍根,波風,辛苦,高配","一挙手一投足 least trouble
手古摺る much trouble
憂い trouble
食らう undergo(trouble)
不和 trouble
抜け道 way(trouble)
禍根 source trouble
波風 trouble
辛苦 trouble
高配 trouble",Guess Vocab related to Keyword,Text
"wood","薪炭,木地,木版,木片,積み木,木彫り,木目,名木,白木,木彫","薪炭 wood charcoal
木地 grain(wood);plain wood;roughly cut wood carving
木版 wood engraving
木片 block(wood)
積み木 piling wood
木彫り wood carving
木目 grain(wood)
名木 excellent wood;choice wood
白木 plain wood
木彫 wood carving",Guess Vocab related to Keyword,Text
"leaf","金箔,木の芽,繰る,煎茶,葉桜,出直す,木の葉,虫食い,腐葉土,心機一転","金箔 gold leaf
木の芽 leaf bud
繰る leaf through(book)
煎茶 green leaf tea
葉桜 cherry tree leaf
出直す turn new leaf
木の葉 leaf(tree)
虫食い leaf warbler(any bird genus Phylloscopus)
腐葉土 leaf mold;leaf mould
心機一転 turning new leaf",Guess Vocab related to Keyword,Text
"beauty","美貌,器量,小町,傾城,名勝,妙味,逸品,花鳥風月,景勝,風光","美貌 beauty
器量 facial beauty
小町 (town)beauty
傾城 beauty
名勝 place scenic beauty;beauty spot
妙味 beauty
逸品 rare beauty
花鳥風月 traditional themes natural beauty aesthetics
景勝 place scenic beauty
風光 natural beauty",Guess Vocab related to Keyword,Text
"draft","草稿,出征,赤紙,振り出す,文案,草紙,通風,生ビール,案文","草稿 draft
出征 departure military service(response draft)
赤紙 draft papers
振り出す draw check(bill,draft,)
文案 draft(document)
草紙 rough draft
通風 draft
生ビール draft beer
案文 draft proposal;draft",Guess Vocab related to Keyword,Text
"famous","名将,名歌,名句,名文,名山,名跡,名盤,名言,名馬","名将 famous commander
名歌 famous poem
名句 famous saying
名文 famous literary composition
名山 famous mountain
名跡 famous historic spot
名盤 famous record;famous(musical)recording
名言 famous saying
名馬 famous horse",Guess Vocab related to Keyword,Text
"foundation","大本,建学,創建,原種,礎石,基底,屋台骨,基部,捨て石","大本 foundation
建学 foundation
創建 foundation
原種 foundation seed
礎石 foundation stone
基底 foundation
屋台骨 foundation
基部 foundation
捨て石 stones foundation",Guess Vocab related to Keyword,Text
"mine","鉱毒,廃坑,切り羽,金鉱,坑内,金山,山元,閉山,銅山","鉱毒 mine pollution
廃坑 closure mine;abandoned mine;disused mine
切り羽 working face(mine)
金鉱 gold mine
坑内 within pit(mine)shaft
金山 gold mine
山元 mine;operator mine
閉山 closing mine
銅山 copper mine",Guess Vocab related to Keyword,Text
"noh","能役者,作り物,能面,白州,謡,囃子,般若,立ち回り,謡曲","能役者 noh actor
作り物 theatrical prop(large prop noh kyogen,tree,wel
能面 noh mask
白州 gravel separating noh stage audience
謡 noh chanting
囃子 accompaniment traditional performances(noh,kabu
般若 family crest designed Hannya noh mask;noh mask 
立ち回り stroll(noh,action piece involving circling st
謡曲 noh song",Guess Vocab related to Keyword,Text
"see","見かける,拝観,見抜く,何々,見立てる,見破る,見通す,見透かす,遠目","見かける (happen)see
拝観 see
見抜く see through;see(heart,mind,)
何々 let's see
見立てる (see)choose
見破る see through(plot,lie,)
見通す see(thoughts);see through;see obstruction;see 
見透かす see(mind);see through(lie,scheme,)
遠目 able see long distance",Guess Vocab related to Keyword,Text
"apart","段違い,孤高,丸洗い,一里塚,引き分ける,突き崩す,見分ける,離れ離れ,飛散","段違い world apart
孤高 standing apart
丸洗い washing kimono(futon,)taking apart
一里塚 milestone(1 ri apart)
引き分ける pull apart
突き崩す pick apart
見分ける tell apart
離れ離れ apart
飛散 flying apart",Guess Vocab related to Keyword,Text
"height","暑中,真っ盛り,草丈,盛夏,極み,上背,極致,高み,背丈","暑中 height summer
真っ盛り height
草丈 rice plant's height
盛夏 height summer
極み height
上背 height
極致 height
高み height
背丈 height",Guess Vocab related to Keyword,Text
"grain","木目,地肌,小粒,早稲,原種,木地,緻密,米粒,舎利","木目 grain(wood)
地肌 grain
小粒 small grain
早稲 early-ripening fruit(grain,)
原種 seed grain
木地 grain(wood)
緻密 fine(grain,workmanship,)
米粒 grain rice
舎利 grain rice",Guess Vocab related to Keyword,Text
"mark","的外れ,刻印,弾痕,仕切る,銘打つ,棒引き,歯形,標章,的","的外れ mark
刻印 brand(i.e. mark disgrace)
弾痕 bullet mark
仕切る mark
銘打つ mark
棒引き indicating long vowel long-vowel mark;long-vow
歯形 tooth mark
標章 mark
的 mark",Guess Vocab related to Keyword,Text
"worn","太刀,烏帽子,頭巾,古ぼける,大刀,弱り果てる,重ね,打ち掛け,小袖","太刀 long sword(tachi,worn hip edge samurai)
烏帽子 black-lacquered headgear made silk,cloth paper
頭巾 tokin(headgear worn yamabushi)
古ぼける become worn
大刀 long sword(tachi,worn hip edge samurai);long sw
弱り果てる worn
重ね layers clothing worn under overcoat
打ち掛け women's bridal robe trailing skirts worn kimo
小袖 short sleeved kimono(worn undergarment during H",Guess Vocab related to Keyword,Text
"display","展覧,見せつける,旗頭,展観,解像度,利かす,気色ばむ,誇示","展覧 putting display
見せつける display
旗頭 (Okinawa)bamboo poles attached vertical flag el
展観 putting display
解像度 resolution(display,printer,scanner,)
利かす display
気色ばむ display anger
誇示 display",Guess Vocab related to Keyword,Text
"grow","生い茂る,年寄る,鈍る,白む,芽生える,年老いる,薄らぐ,気色ばむ","生い茂る grow thickly;grow abundance
年寄る grow old
鈍る grow dull
白む grow light
芽生える begin grow
年老いる grow old
薄らぐ grow pale
気色ばむ grow angry",Guess Vocab related to Keyword,Text
"lucky","縁起物,当たり年,掘り出し物,七五三,大安,七福神,吉兆,先勝","縁起物 lucky charm
当たり年 lucky year
掘り出し物 (lucky)find
七五三 lucky numbers 7,5 3
大安 lucky whole(traditional calendar)
七福神 Seven Lucky Gods
吉兆 lucky omen
先勝 lucky morning,afternoon(traditional calendar)",Guess Vocab related to Keyword,Text
"manual","肉体労働,図工,教則本,力仕事,手仕事,読本,教本,必携","肉体労働 manual physical labor;manual physical labour
図工 drawing manual arts(subject)
教則本 manual
力仕事 manual labour(labor)
手仕事 manual labor;manual labour
読本 manual
教本 manual
必携 manual",Guess Vocab related to Keyword,Text
"moon","位相,日月,新月,丸顔,月の兎,欄干,観月,陰陽","位相 phase(wave,electricity,moon)
日月 sun moon
新月 new moon;crescent moon
丸顔 moon face
月の兎 mythical figure lives moon;moon hare;moon rabb
欄干 (shining)brightly(moon stars)
観月 moon viewing(during eight month lunar calendar)
陰陽 sun moon,",Guess Vocab related to Keyword,Text
"several","石畳,諸般,大部屋,十人十色,縦走,数千,寄せ書き,総社","石畳 pavé(rectangular dessert,usu. made chocolate se
諸般 several
大部屋 large hospital room(several patients)
十人十色 several men,several minds
縦走 climbing(several mountains)succession
数千 several thousand
寄せ書き collection words drawings several single shee
総社 shrine enshrining several gods",Guess Vocab related to Keyword,Text
"trick","常套手段,小細工,偽る,悪ふざけ,匠,術中,謀略,食わす","常套手段 old trick
小細工 petty trick;cheap trick
偽る trick
悪ふざけ mischievous trick
匠 trick
術中 trick
謀略 trick
食わす trick",Guess Vocab related to Keyword,Text
"often","朝令暮改,再々,俳諧,言い付ける,往々,夏山,出没,能く","朝令暮改 (orders laws)revised often guiding principles
再々 often
俳諧 haikai renga(humorous,often vulgar style renga 
言い付ける often say
往々 often
夏山 mountain often climbed summer
出没 appearing often
能く often",Guess Vocab related to Keyword,Text
"broad","丸出し,手広い,白日,広義,樹海,大観,真昼","丸出し broad(accent)
手広い broad
白日 broad daylight
広義 broad sense
樹海 broad expanse dense woodland
大観 broad overview
真昼 broad daylight",Guess Vocab related to Keyword,Text
"dictionary","字書,編纂,漢和辞典,物知り,繰る,辞林,見出し語","字書 kanji dictionary;dictionary Chinese characters;
編纂 compilation(dictionary,history,law code)
漢和辞典 kanji dictionary;dictionary definitions kanji
物知り walking dictionary
繰る consult(dictionary)
辞林 dictionary
見出し語 headword(dictionary)",Guess Vocab related to Keyword,Text
"electric","電気炉,国電,懐中電灯,電工,電位,感電,電荷","電気炉 electric furnace
国電 city electric train service operated(former)Nat
懐中電灯 (electric)torch
電工 electric works(following company)
電位 potential(electric)
感電 receiving electric shock
電荷 electric charge",Guess Vocab related to Keyword,Text
"passage","抜け穴,歴程,訳文,書き出し,長文,通り道,短文","抜け穴 secret passage;underground passage
歴程 route passage
訳文 translated passage
書き出し opening passage(sentence,paragraph,)
長文 long piece writing(passage,letter,article,teleg
通り道 passage
短文 short piece writing(passage,article,composition",Guess Vocab related to Keyword,Text
"novel","斬新,新奇,草紙,書き下ろす,私小説,目新しい,翻案","斬新 novel
新奇 novel
草紙 graphic novel(created between 12th 19th centuri
書き下ろす write(new novel,play,song,)
私小説 novel narrated first
目新しい novel
翻案 adaptation(novel,play,)",Guess Vocab related to Keyword,Text
"minute","精細,毎分,微粒子,寸暇,精緻,緻密,時々刻々","精細 minute
毎分 per minute;every minute
微粒子 minute particle
寸暇 free minute
精緻 minute
緻密 minute
時々刻々 minute next",Guess Vocab related to Keyword,Text
"content","安住,糖分,満ち足りる,正味,濃密,甘んじる,鉄分","安住 content present position
糖分 sugar content
満ち足りる content
正味 actual content
濃密 rich(taste content)
甘んじる content
鉄分 iron(content)",Guess Vocab related to Keyword,Text
"mouth","口中,口腔,口内炎,口角,含ませる,川尻,経口","口中 interior mouth
口腔 mouth
口内炎 mouth ulcer
口角 corners mouth
含ませる hold mouth
川尻 mouth river
経口 taken mouth",Guess Vocab related to Keyword,Text
"request","乞う,願い出る,請う,頼み込む,依願,懇請,送りつける","乞う request
願い出る file request
請う request
頼み込む request earnestly
依願 accordance request
懇請 request
送りつける send receiver's request",Guess Vocab related to Keyword,Text
"bright","青々,山吹,赤々,妙案,白日,晴れ晴れ","青々 bright green
山吹 bright golden yellow
赤々 bright red;bright
妙案 bright idea
白日 bright sunshine
晴れ晴れ bright",Guess Vocab related to Keyword,Text
"file","切り出し,切り出す,書庫,書き出す,隊列,願い出る","切り出し extraction(portion media file)
切り出す select extract(media file)
書庫 archive(file)
書き出す write(file)
隊列 file
願い出る file request",Guess Vocab related to Keyword,Text
"fork","分かれ,草むしり,熊手,前輪,分かれ道,草取り","分かれ fork
草むしり weeding fork
熊手 fork
前輪 saddle fork
分かれ道 fork
草取り weeding fork",Guess Vocab related to Keyword,Text
"girl","巫女,箱入り,舞姫,お使い,給仕,幼女","巫女 young girl woman(trad. unmarried virgin)assists
箱入り girl has been sheltered world
舞姫 dancing girl
お使い errand girl
給仕 office girl
幼女 little girl",Guess Vocab related to Keyword,Text
"historical","時代物,記,史観,名木,有史,考証","時代物 historical object
記 Kojiki(earliest historical record,compiled 712 C
史観 historical view
名木 old tree historical interest
有史 historical
考証 study historical artifacts;investigation histor",Guess Vocab related to Keyword,Text
"principal","本旨,本校,元利,主客,本尊,元金","本旨 principal object
本校 principal
元利 principal interest
主客 principal auxiliary;principal subsidiary
本尊 principal image;principal object worship temple
元金 principal",Guess Vocab related to Keyword,Text
"telegram","外電,打電,弔電,公電,長文,電文","外電 foreign telegram
打電 sending telegram
弔電 telegram condolence
公電 official telegram
長文 long piece writing(passage,letter,article,teleg
電文 telegram",Guess Vocab related to Keyword,Text
"square","ご破算,方形,平方メートル,升,井筒,方丈","ご破算 going square
方形 square
平方メートル square meter;square metre
升 square grid;square bearing block(top pillar)
井筒 family crest design based square wooden well cu
方丈 square jō(approx. 10 sq feet)",Guess Vocab related to Keyword,Text
"Four","四つ切り,論語,四苦八苦,四天王,孟子","四つ切り cutting four
論語 Analects Confucius(Four Books)
四苦八苦 four eight kinds suffering(birth,old age,dise
四天王 Four Heavenly Kings(Dhrtarastra,Virudhaka,Viru
孟子 Mencius(Four Books)",Guess Vocab related to Keyword,Text
"lesson","他山の石,学課,見せしめ,思い知らせる,訓戒","他山の石 object lesson;lesson learned else mistake
学課 lesson
見せしめ (making)lesson
思い知らせる teachlesson
訓戒 lesson phrase teaches",Guess Vocab related to Keyword,Text
"modern","俗,今様,今時,現代版,今風","俗 modern customs
今様 modern style
今時 modern times
現代版 modern edition;modern version
今風 modern",Guess Vocab related to Keyword,Text
"take","借り出す,参する,取り違える,先立つ,召す,利かす,仕切る,取り合う,宿る,吸い上げる,垣間見る,抜き去る,引き連れる,取り仕切る,付け入る,巻き上げる,居直る,急転直下,聞き流す,提げる,持ち去る,無試験,後生大事,抱え込む,言いがかり,手間取る,講じる,服する,請け合う,蒸し返す,持って来る,銘記,譲り受ける,根付く,運び出す,決め込む,飛び立つ,読み取る,連れ出す,牛耳る,陣取る,逃げ込","借り出す take
参する take part
取り違える take mistake
先立つ take precedence;take lead
召す take(bath);take
利かす take advantage(influence)
仕切る take responsibility
取り合う take notice;take(each other's hands)
宿る take shelter
吸い上げる take others' opinions,hopes,
垣間見る take peep
抜き去る take away
引き連れる take along
取り仕切る take charge
付け入る take advantage(weaknesses,carelessness,)
巻き上げる take away
居直る take defiant attitude;take offensive
急転直下 take sudden turn
聞き流す take notice
提げる take along
持ち去る take away
無試験 take examination
後生大事 take great care
抱え込む take
言いがかり saying cannot ta",Guess Vocab related to Keyword,Text
"point","単刀直入,極点,下り列車,お株,一点張り,妙味,これを機に,上向く,原初,特長,不得手,分かれ道,上り列車,的,天王山,先細り,折り返し点,史観,交換条件,大局,先勝,定点,泣き所,差し込み,論旨,拾い上げる,出掛け,目線,切り上げる,枢軸,美点,立ち返る,銃口,眼目,突きつける,見当違い,基点,鬼門,起算,高潮,継ぎ目,変わり目,発火点,零点","単刀直入 straight point
極点 extreme(point)
下り列車 train heading toward ending point route
お株 strong point
一点張り sticking point
妙味 nice point
これを機に point forward;(reason,excuse,impetus,startin
上向く point upward
原初 starting point
特長 strong point
不得手 weak point
分かれ道 turning point
上り列車 train heading toward starting point route
的 point(argument)
天王山 strategic point
先細り tapering(point)
折り返し点 turnaround point(race);turning point
史観 view history(given point view)
交換条件 bargaining point
大局 main point
先勝 scoring first point
定点 fixed point
泣き所 vulnerable point;weak",Guess Vocab related to Keyword,Text
"change","乗り移る,入れ替える,化す,切り替える,乗り継ぐ,入れ替わり,入れ替わる,変転,転任,切り替わる,変心,変わり目,変え,変色,化する,改変,転進,差し替える,移り変わる,変わり身,変調,引き抜き,変える,早変わり,改名,心変わり,変じる,更年期,改悪,振り替える,小銭,置き換える,改題,有為,思い返す,翻る,春一番,病変,流転,転化,移り,釣り銭","乗り移る change(buses,boats,)
入れ替える change places
化す change
切り替える change
乗り継ぐ change(planes,trains,)
入れ替わり change
入れ替わる change(seats,shifts,;change places
変転 change
転任 change post
切り替わる change
変心 change mind
変わり目 change
変え change
変色 change color;change colour
化する change
改変 change
転進 change course
差し替える change
移り変わる change
変わり身 change attitude(stance,position)
変調 change tone
引き抜き quick costume change kabuki(taking outer cost
変える change
早変わり quick change(costume)
改名 change
心変わり change love interest;change mind;change heart
変じる change
更年期 change life
",Guess Vocab related to Keyword,Text
"world","世俗,楽壇,列強,下界,三次元,段違い,世直し,世間知らず,他界,菩提,外界,世情,巣立つ,雲泥の差,別世界,別天地,俳壇,遊泳,棋界,俗,論壇,黄土,花柳界,巣立ち,創世,目まぐるしい,落ちぶれる,来世,実社会,第一次世界大戦,現世,浮世,後進国,箱入り,画壇,濁り,銀幕,羽ばたく,進駐軍,霊界,風靡","世俗 world
楽壇 musical world
列強 major powers world
下界 world;world(opposed heaven)
三次元 real world
段違い world apart
世直し world reformation
世間知らず ignorant ways world
他界 next world
菩提 happiness next world
外界 physical world;outside world
世情 ways world
巣立つ world
雲泥の差 world difference
別世界 another world
別天地 another world
俳壇 world haiku
遊泳 getting world
棋界 world;world shogi
俗 world;man world
論壇 world criticism
黄土 world dead
花柳界 world geisha
巣立ち going world
創世 creation world
目まぐるしい bustling(world)
落ちぶれる come world
来世 world beyond;next world
実社会 real world
第一次",Guess Vocab related to Keyword,Text
"use","借り切る,所用,両用,使い切る,使い分ける,兼用,利かす,外用,出し切る,投げつける,介する,使い果たす,使い込む,日用,独り立ち,始まらない,役立てる,田楽,多用,実用新案,実益,特撮,用立てる,慣用,浴用,盗用,本陣,客用,遊ばす,花言葉,薬用,振り絞る,誤用,言付ける,用法,試用","借り切る hire exclusive use
所用 use
両用 dual use
使い切る use
使い分ける use properly;use(different things)different 
兼用 combined use
利かす use(tact,wit,);put good use;use(intimidation);
外用 external use
出し切る use(strength,ideas,)
投げつける use(rough language)
介する use intermediary
使い果たす use
使い込む use long
日用 daily use
独り立ち standing own feet(use crutches,)
始まらない It's use
役立てる use;put use
田楽 turning manner would use cook dengaku-tofu both
多用 heavy use;frequent use
実用新案 new design practical use
実益 practical use
特撮 tokusatsu(genre live-action film television dra
用立てる use
",Guess Vocab related to Keyword,Text
"fish","子持ち,塩辛,塩焼き,切り身,密漁,幼魚,川魚,活魚,魚河岸,成魚,小魚,和え物,焼き魚,淡水魚,焼き物,白身,魚肉,掛かり,解す,回遊,照り焼き,赤身,種苗,魚屋,雑炊,田楽,霜降り,幕の内,魚介,魚群,荒巻,釣り堀,釣り針,魚市場","子持ち (fish)containing roe(eggs)
塩辛 paste made salted fermented seafood(squid,fish 
塩焼き grilling(fish)salt
切り身 slice(meat,fish)
密漁 poaching(fish seafood)
幼魚 fry(young fish)
川魚 river fish;freshwater fish
活魚 live fish shellfish(kept tank restaurant)
魚河岸 riverside fish market
成魚 adult fish
小魚 small fish
和え物 chopped fish,shellfish vegetables,dressed(miso
焼き魚 grilled fish
淡水魚 freshwater fish
焼き物 flame-broiled food(fish)
白身 white-fleshed fish(tai,hirame,karei)
魚肉 fish meat
掛かり barb(fish hook)
解す break small pieces(fish,meat,)
回遊 seasonal migration(fish",Guess Vocab related to Keyword,Text
"party","脱党,捜索隊,宴席,専売特許,党人,二人連れ,中共,お開き,追手,謝恩会,二次会,茶会,党是,余興,互選,追っ手,陣,向かい側,公党,輩,夜会,園遊会,軟派,駆け付け三杯,夜話,酒席,小党,左党,歌会,歌会始,立党,納会,解党","脱党 defection leaving(political)party
捜索隊 search party
宴席 dinner party
専売特許 specialty(party piece,)
党人 party woman;party man;(dyed-in-the-wool)party m
二人連れ party two
中共 Chinese Communist Party
お開き breakup(ceremony,wedding,party,meeting,)
追手 pursuing party
謝恩会 thank-you party
二次会 second party(night)
茶会 tea party
党是 party platform;party principles
余興 performance(party banquet,)
互選 election within committee(party,)
追っ手 pursuing party
陣 party
向かい側 other party
公党 political party
輩 party
夜会 evening party
園遊会 garden party
軟派 moderate party
駆け付け三杯 three",Guess Vocab related to Keyword,Text
"own","手弁当,十人十色,押し通す,弾き語り,肉筆,私腹,自体,他山の石,直筆,小論,見返す,明星,自画自賛,自分勝手,自腹,我流,自己流,独力,苦学,独り立ち,自己顕示,自転,見計らう,独断専行,自選,私財,自業自得,自重,自問自答,身銭,自著,骨肉","手弁当 paying own lunch;bringing own lunch;preparing 
十人十色 everyone has own ideas tastes;everyone has ow
押し通す own way
弾き語り singing own accompaniment
肉筆 own handwriting
私腹 own pockets;own profits
自体 own body
他山の石 stones other mountains(can polish own gems)
直筆 own handwriting
小論 (own)article essay
見返す own
明星 preeminent(within own field)
自画自賛 praising own wares;singing own praises
自分勝手 own free will
自腹 paying own way
我流 own way;own style
自己流 own style
独力 own effort
苦学 earning own fees
独り立ち standing own feet(use crutches,)
自己顕示 pressing own cause
自転 r",Guess Vocab related to Keyword,Text
"hard","四苦八苦,乾パン,結実,切り込む,切磋琢磨,悩ましい,力負け,一苦労,思い詰める,手古摺る,難治,悪戦苦闘,厳然,手厳しい,奮戦,働き者,落ちぶれる,硬軟,難物,追い回す,苦闘,文理,詰む,力戦,降りしきる,重労働,営々,得難い,激務,痛打,難い","四苦八苦 hard put;hard pressed(money)
乾パン hard biscuit
結実 fruit(hard work)
切り込む press hard(questions)
切磋琢磨 working hard together;cultivating character s
悩ましい hard
力負け defeat result trying too hard
一苦労 hard
思い詰める think hard
手古摺る hard
難治 hard cure
悪戦苦闘 hard fighting;hard struggle
厳然 hard(fact)
手厳しい hard
奮戦 hard fighting
働き者 hard worker
落ちぶれる fall hard times
硬軟 hard line moderate line
難物 hard please;hard nut crack;hard problem
追い回す drive hard
苦闘 hard fight
文理 social sciences hard sciences
詰む hard pressed
力戦 hard fighting
降りしきる fall hard
重労働 hard labor",Guess Vocab related to Keyword,Text
"private","付き添い看護婦,上等兵,一個人,人知れず,内弟子,密葬,一家言,内諾,局部,局所,私人,内偵,民業,私信,仲間内,密談,民有,私財,買い上げる,市中銀行,私権,情実,私物,私事,裏地,私,私法,私兵,自家用車,私営,私塾","付き添い看護婦 private nurse
上等兵 private first-class(army)
一個人 private
人知れず private
内弟子 private pupil
密葬 private funeral
一家言 private opinion
内諾 private consent
局部 private parts
局所 private parts
私人 private individual
内偵 private enquiry;private inquiry
民業 private enterprise
私信 private letter;private message
仲間内 private
密談 private talk
民有 private ownership
私財 private property;private funds
買い上げる buy(government,public agency,private citizen
市中銀行 private bank
私権 private right
情実 private circumstances
私物 private property
私事 private matter
裏地 land does adjoi",Guess Vocab related to Keyword,Text
"love","悲恋,性愛,心変わり,三角関係,恋心,情愛,向学心,修羅場,愛書,酒好き,敬愛,情事,相思,恋文,慣れ親しむ,愛憎,相愛,恋歌,母性愛,海山,縁結び,慈愛,玉砕,私生児,親心,灼熱,潔癖,花言葉,虜,純愛","悲恋 disappointed love;blighted love
性愛 sexual love
心変わり change love interest
三角関係 love triangle
恋心 (feelings)love
情愛 love
向学心 love learning
修羅場 difficulties(love relationship)
愛書 great love books
酒好き love drink
敬愛 love respect
情事 love affair
相思 mutual love
恋文 love letter
慣れ親しむ know love
愛憎 love hate
相愛 mutual love
恋歌 love poem;love song
母性愛 maternal love
海山 deep(indebtedness,love,)
縁結び love knot
慈愛 love
玉砕 completely rejected when professing love
私生児 love child
親心 parental love
灼熱 burning(love)
潔癖 love cleanliness
花言葉 language flowers(use red ro",Guess Vocab related to Keyword,Text
"official","公告,伯,仕,判官,公電,不義,技官,専従者,公用文,国教,官吏,執事,本場所,官舎,綱紀粛正,綱紀,役名,御用,官職,決まり手,登庁,建値,文官,捕り手,謄本,掛かり,正史,達し,行政官,選挙公報","公告 official notice
伯 chief official Department Worship(under ritsuryō
仕 official
判官 3rd grade official(ritsuryō)
公電 official telegram
不義 murdering teacher government official
技官 technical official
専従者 full-time union official
公用文 official terminology
国教 official religion
官吏 government official
執事 court official
本場所 official sumo tournament(six per year)
官舎 official residence
綱紀粛正 enforcement official discipline
綱紀 (official)discipline
役名 official title
御用 official business(government,Imperial Court,)
官職 official position
決まり手 official winning t",Guess Vocab related to Keyword,Text
"government","上納,議会政治,官吏,国府,供出,買い上げる,政体,収入役,不義,悪政,官軍,大政,国民宿舎,王道,聴聞会,官職,本庁,登庁,標準語,御用,法治,真水,自警,払い下げ,綱紀粛正,払い下げる,独裁政治,経国,院政","上納 payment government
議会政治 parliamentary government
官吏 government official
国府 Nationalist Government(China
供出 delivery(government fixed price,rice);obligator
買い上げる buy(government,public agency,private citizen
政体 form government;government
収入役 government treasurer
不義 murdering teacher government official
悪政 bad government
官軍 government forces
大政 reins government
国民宿舎 inexpensive hotel operated local government
王道 righteous government
聴聞会 hearing(government agency)
官職 government service
本庁 central government office
登庁 attending government office;",Guess Vocab related to Keyword,Text
"imperial","御用達,内裏,宮家,御幸,参賀,天覧,若宮,公家,王政,皇位,王政復古,朝廷,大本営,朝見,大喪,帝都,太閤,皇宮警察,皇子,皇軍,恩賜,陵墓,御用,皇女,詔書,雲の上,志士,歌会始,親王","御用達 purveyor(Imperial Household,)
内裏 imperial palace
宮家 house imperial prince
御幸 imperial visit;imperial outing
参賀 congratulatory visit Imperial Palace(New Year)
天覧 imperial inspection
若宮 child imperial family;young imperial prince
公家 Imperial Court
王政 imperial rule
皇位 imperial throne
王政復古 restoration imperial rule
朝廷 Imperial Court
大本営 Imperial General Headquarters
朝見 imperial audience
大喪 Imperial mourning
帝都 imperial capital
太閤 title regent,later grand chancellor,also father
皇宮警察 Imperial Guards
皇子 imperial prince
皇軍 Imperial Army
恩賜 Imperial",Guess Vocab related to Keyword,Text
"position","下段,切り込む,働き口,立つ瀬,地の利,前駆,上段,出処進退,兼職,名誉職,引き当てる,置き換える,抜擢,安住,下積み,変わり身,持ち場,担ぎ出す,旗色,陣取り,推挙,起算,低位,官職,明け渡す,矢面,陣,景勝,転進","下段 low position(sword kendo,)
切り込む cut way(enemy position)
働き口 position
立つ瀬 position
地の利 advantageous position
前駆 outrider(riding horseback lead position cavalca
上段 overhead position(sword kendo,)
出処進退 staying position resigning
兼職 concurrent position;holding another position
名誉職 honorary position
引き当てる put(position)
置き換える change position
抜擢 selection(many important position)
安住 content present position
下積み lowly position
変わり身 change attitude(stance,position)
持ち場 position
担ぎ出す elevateposition
旗色 position
陣取り securing position
推挙 recommendation(",Guess Vocab related to Keyword,Text
"run","取り仕切る,仕切る,出尽くす,好走,乗り上げる,私塾,助走,会する,絶やす,駆け上る,走り回る,逃げ腰,放し飼い,突っ走る,増刷,走り去る,自責点,駆け回る,逃げ回る,逃げ惑う,試運転,追い詰める,駆け出し,駆け抜ける,駆け出す,駆け込む,間引く,駆け巡る,駆け寄る","取り仕切る run
仕切る run
出尽くす run
好走 good run
乗り上げる run aground;run onto(sidewalk)
私塾 private(Edo,orig. run Confucianists)
助走 approach run
会する run
絶やす run
駆け上る run(hill,stairs)
走り回る run around
逃げ腰 ready run away
放し飼い letting run free(dog,child,)
突っ走る run swiftly
増刷 additional run
走り去る run;run away
自責点 earned run
駆け回る run around
逃げ回る run place place;run around trying escape
逃げ惑う run trying escape
試運転 test run;trial run
追い詰める run
駆け出し starting run
駆け抜ける run pastbehind;run through(crowd,gate,)
駆け出す break run;run
駆け込む (run)seek refuge;run
間引く run curtaile",Guess Vocab related to Keyword,Text
"wind","寒風,吹奏楽,風洞,波打つ,南風,北寄り,向かい風,東風,日和見,西風,風雨,波風,風圧,南寄り,松風,潮風,神風,風前,翻る,熱風,風車,疾風,繰る,順風,管楽器,風向,青嵐,風雪,飛散","寒風 cold wind
吹奏楽 wind instrument music;wind music
風洞 wind tunnel
波打つ wave(wind)
南風 south wind;southerly wind
北寄り northerly(wind)
向かい風 head wind
東風 spring wind;east wind
日和見 waiting seeing(how wind blows)
西風 west wind
風雨 wind rain
波風 wind waves
風圧 wind pressure
南寄り southerly(wind)
松風 (sound)wind blowing through pine trees
潮風 salt wind
神風 divine wind(typhoon thought protected Mongolian
風前 where wind blows
翻る flutter(wind)
熱風 hot wind
風車 wind turbine
疾風 swift wind;strong wind
繰る wind
順風 favorable wind;favourable wind
管楽器 wind instrument
風向 wind di",Guess Vocab related to Keyword,Text
"sea","出航,不知火,樹海,干拓,海図,塩害,欠航,大海,水遊び,海山,畝,横波,紅海,水底,海神,死海,海路,海風,雲海,海原,船旅,海鳥,潮風,荒海,竜宮,血の海,遠洋,黄海","出航 putting sea
不知火 mysterious lights sea;sea fire
樹海 sea trees
干拓 land reclamation(sea)
海図 sea chart
塩害 salt damage(seawater,sea air,)
欠航 cancellation(flight sea voyage)
大海 large sea
水遊び playing water(sea,lake,river,)
海山 sea mountains
畝 rib(cloth,mountains,sea)
横波 beam sea
紅海 Red Sea
水底 sea river bottom
海神 sea god;sea
死海 Dead Sea
海路 sea route
海風 sea breeze
雲海 sea clouds
海原 sea
船旅 sea trip
海鳥 sea bird
潮風 salty sea breeze
荒海 stormy sea;rough sea
竜宮 palace story Urashima Tarō(said located bottom 
血の海 sea blood
遠洋 deep sea
黄海 Yellow Sea",Guess Vocab related to Keyword,Text
"two","拮抗,一心同体,今様,一刀両断,二通り,両様,両雄,出会い頭,仁王,渡り廊下,源平,二人連れ,取り違える,兼用,寄り合い,振り分け,車間距離,掛け持ち,相半ばする,二次元,重文,明明後日,雌雄,併せ持つ,間仕切り,振り分ける,見開き","拮抗 rivalry(between two equally strong sides)
一心同体 two hearts beating
今様 verse form Heian Kamakura periods consisting 4 
一刀両断 cutting two single stroke
二通り two kinds;two ways
両様 two ways;two kinds
両雄 two great men(rivals)
出会い頭 moment meeting(two,vehicles,)
仁王 two Deva kings
渡り廊下 roofed corridor connecting two buildings
源平 two opposing sides
二人連れ party two
取り違える mix two things;confuse two things
兼用 serving two purposes
寄り合い two wrestlers approaching each other
振り分け carrying two bundles tied together shoulder
車間距離 distance between two cars
掛け持ち ho",Guess Vocab related to Keyword,Text
"air","中空,乱気流,天空,吹かす,上昇気流,吸気,圧縮空気,上等兵,塩害,気流,清風,気泡,冷気,消臭剤,滞空,制空権,澄み切る,気道,灯火管制,滑空,空冷,空陸,青嵐,露天,陽炎,貴公子,野宿","中空 air
乱気流 (air)turbulence;turbulent air
天空 air
吹かす put(air)
上昇気流 ascending air current
吸気 intake(air);inhalation(air);inhaled air
圧縮空気 compressed air
上等兵 airman first class(air force)
塩害 salt damage(seawater,sea air,)
気流 air current
清風 breath fresh air
気泡 (air)bubble(liquid)
冷気 cold air
消臭剤 air freshener
滞空 staying air
制空権 air supremacy;control air
澄み切る perfectly clear(water,air,)
気道 air duct
灯火管制 blackout(prevent seen enemy aircraft during n
滑空 gliding(through air)
空冷 air cooling
空陸 land air;land air forces
青嵐 mountain air
露天 open air
陽炎 shim",Guess Vocab related to Keyword,Text
"price","代物,冷やかし,予価,上代,上値,中値,二重価格制,代価,続落,廉価,卸値,売価,小売物価指数,値幅,供出,通り相場,市価,掛け値,反騰,大引け,特価,値崩れ,言い値,正味,適正価格,米審,跳ね上がる","代物 price
冷やかし merely asking price
予価 expected price;probable(predetermined)price
上代 (nominal)retail price
上値 higher price;price rise
中値 medium average price
二重価格制 dual price
代価 price;price(achieving)
続落 continued fall(market price)
廉価 low price;moderate price
卸値 wholesale price
売価 selling price
小売物価指数 retail price index
値幅 price range fluctuation
供出 delivery(government fixed price,rice)
通り相場 going price
市価 current price;market price
掛け値 inflated price(assigned anticipation haggled)
反騰 reactionary price rise
大引け closing price
特価 bargain price;sp",Guess Vocab related to Keyword,Text
"blood","血の海,充血,血栓,熱血,敗血症,上気,採血,低血圧,沈降,血筋,血行,血糖,血の気,血肉,生身,心残り,骨肉,血色,赤血球,血糖値,血族,血清,降圧剤,親王,逆流,高血圧症","血の海 sea blood;pool blood
充血 congestion(blood)
血栓 blood clot
熱血 warm blood;hot blood
敗血症 blood poisoning
上気 rush blood head
採血 collecting blood;drawing blood
低血圧 low blood pressure
沈降 sedimentation(red blood cells)
血筋 blood relationship
血行 circulation(blood)
血糖 blood sugar
血の気 blood(face,cheeks,)
血肉 blood relative;flesh blood;flesh blood
生身 flesh blood
心残り flesh,blood vessels fat around chicken heart(u
骨肉 blood relative;own flesh blood
血色 blood red
赤血球 red blood cell
血糖値 blood sugar level
血族 blood relative
血清 blood serum
降圧剤 drug lower blood pre",Guess Vocab related to Keyword,Text
"secret","人知れず,暗躍,抜け穴,奥義,下心,密告,私事,内偵,隠語,暗闘,機密費,密使,内奏,密葬,私信,奥の手,秘伝,秘策,穴場,密談,黙秘,抜け道,密教,授かる,諜報,隠密","人知れず secret
暗躍 secret manoeuvres(maneuvers)
抜け穴 secret passage
奥義 secret techniques(art skill)
下心 secret intention
密告 (secret)information
私事 personal secret
内偵 secret investigation
隠語 secret language
暗闘 secret feud
機密費 secret funds
密使 secret messenger
内奏 secret report emperor
密葬 secret burial
私信 secret correspondence
奥の手 secret;secret skills
秘伝 secret(recipe,medicine,)
秘策 secret plan;secret scheme;secret method;secret 
穴場 well-kept secret
密談 secret talk
黙秘 keeping secret
抜け道 secret path
密教 secret Buddhist teachings
授かる initiated(secret)
諜報 secr",Guess Vocab related to Keyword,Text
"special","特価,別段,増刊,別格,別物,特派,催し物,別途,特等,特命,特別配当金,特赦,箱入り,特高,別項,青色申告,特記,特撮,呼び物,特注,特進,特殊撮影,恩典,特需,特級,特賞","特価 special price
別段 special
増刊 special issue(magazine,)
別格 special
別物 special case
特派 special envoy
催し物 special events
別途 special
特等 special quality,class grade
特命 special appointment;special directive;special m
特別配当金 special dividend
特赦 special pardon
箱入り special talent
特高 Special Higher Police(1911-1945)
別項 special heading
青色申告 type income tax return filing which allows sp
特記 special mention
特撮 tokusatsu(genre live-action film television dra
呼び物 special feature
特注 special order(goods)
特進 special promotion(rank grade)
特殊撮影 special effects
恩典 s",Guess Vocab related to Keyword,Text
"each","通じ合う,向かい合う,寄り合い,打ち合う,助け合う,取り合う,共食い,今様,重なり合う,向き合う,示し合わせる,抱き合う,同士打ち,張り合う,出会い頭,家並み,戸別,時々刻々,掛け合う,混在,虚々実々,見合う,票読み,言い合う,見開き","通じ合う express each other(intentions);understood eac
向かい合う face each other
寄り合い two wrestlers approaching each other
打ち合う hit each other
助け合う help each other
取り合う take(each other's hands)
共食い feeding each other
今様 verse form Heian Kamakura periods consisting 4 
重なり合う lie top each other
向き合う face each other
示し合わせる sign each other
抱き合う embrace each other
同士打ち killing each other mistake
張り合う compete(each other)
出会い頭 moment running each other
家並み each house
戸別 each house
時々刻々 each passing moment
掛け合う pour each other;throw each other;splash(water
混在 e",Guess Vocab related to Keyword,Text
"market","出回る,売り手市場,下向き,横流し,底抜け,上伸,続落,弱含み,市価,市場占有率,底堅い,下げ足,押し目買い,魚河岸,買い手市場,大引け,強含み,建値,販路,魚市場,黒船,朝市,魚屋,跳ね上がる,軟調","出回る appear market
売り手市場 seller's market
下向き (market)decline
横流し putting black market
底抜け freefall(market)
上伸 rise market prices
続落 continued fall(market price)
弱含み weak tone(market)
市価 market price
市場占有率 market share
底堅い stable(market)bottomed
下げ足 downturn(market)
押し目買い buying when market
魚河岸 riverside fish market
買い手市場 buyer's market
大引け closing(market trading session)
強含み strong tone(market)
建値 official market quotations
販路 market(goods,services,)
魚市場 fish market
黒船 product,,arriving West disturbing market;foreig
朝市 morning market
魚屋 fish mar",Guess Vocab related to Keyword,Text
"company","定款,客人,社運,御用達,持ち分,社用,商事会社,社主,社務,引き抜き,有限会社,横滑り,社史,社章,社中,社内報,連れ立つ,愛社,社風,船会社,黒猫,狭き門,貴社,電工","定款 company statute
客人 company
社運 company fortunes;future company
御用達 company(restaurant,place,)caters popular speci
持ち分 equity(company);interest(company)
社用 company business
商事会社 commercial company
社主 owner company;head company
社務 business affairs company
引き抜き hiring another company
有限会社 limited company(company structure small busin
横滑り sideways move(company)
社史 history company
社章 company badge
社中 company
社内報 company newsletter
連れ立つ company
愛社 devotion company
社風 company climate spirit;way company does things
船会社 steamship(shipping)company
黒猫 Y",Guess Vocab related to Keyword,Text
"front","前輪,寒冷前線,大門,店構え,前庭,出征,前列,前歯,前門,正面,襟元,梅雨前線,拝殿,墓前,大同団結,駅頭,門出,鼻先,町家,秋雨前線,矢面,逆様,表看板,面前","前輪 front wheel
寒冷前線 cold front
大門 large front gate
店構え store's appearance(shop front,signs,)
前庭 front yard;front garden
出征 departure front
前列 front row
前歯 front tooth
前門 front gate
正面 front
襟元 collar(front)
梅雨前線 seasonal rain front
拝殿 front shrine
墓前 front grave
大同団結 (presenting)united front
駅頭 front station
門出 departure(front)
鼻先 front
町家 tradesman's house(home shop front)
秋雨前線 autumn rain front;fall rain front
矢面 front flying arrow(fired enemy)
逆様 front
表看板 front;sign front
面前 front",Guess Vocab related to Keyword,Text
"room","空室,不浄,大部屋,常温,仏間,勝手口,広間,室温,納戸,寄宿,談話室,氷柱,相部屋,板の間,退室,居候,茶室,寒々,間仕切り,診察室,母屋,書庫,正室,氷室","空室 empty room;vacant room;unoccupied room
不浄 toilet(room)
大部屋 project management technique manufacturing,inv
常温 room temperature
仏間 altar room
勝手口 host's entrance tea-ceremony room
広間 spacious room;reception room
室温 room temperature
納戸 storage room
寄宿 room board
談話室 common room
氷柱 ice pillar(cooling room)
相部屋 sharing room;dormitory room
板の間 room wooden floor;changing room(public bath)
退室 exiting room
居候 lodger pays nothing room board
茶室 tea-ceremony room
寒々 bleak(room,street)
間仕切り room divider
診察室 consultation room;examining room
母屋 central roo",Guess Vocab related to Keyword,Text
"snow","除雪,白雪,残雪,粉雪,小雪,地吹雪,舞い込む,新雪,融雪,雪原,晴れ間,降りしきる,白銀,豪雪,純白,風雪,細雪,降り積もる,降り出す,雪中,雪上,雪山,雪景色","除雪 snow removal
白雪 white snow
残雪 remaining snow;lingering snow
粉雪 powdery snow;powder snow
小雪 light snow
地吹雪 snow blown ground
舞い込む come fluttering(leaves,snow,flowers,)
新雪 new snow;fresh snow
融雪 melting snow;melted snow
雪原 snow field
晴れ間 break(weather,rain snow)
降りしきる fall continuously(rain,snow,)
白銀 snow
豪雪 heavy snow
純白 snow white
風雪 wind snow
細雪 small snow flakes;light snow fall
降り積もる fall pile(snow)
降り出す begin snow
雪中 snow
雪上 snow
雪山 pile snow
雪景色 snow scene",Guess Vocab related to Keyword,Text
"behind","影武者,書き残す,夜逃げ,横車,吹っ切れる,裏話,居残る,抜き去る,立ち遅れる,置き忘れる,後れを取る,積み残し,暗躍,駆け抜ける,後ろ手,見返す,裏手,裏山,遺留,後ろ指,遺留品,忘れ去る","影武者 behind scenes
書き残す leave(note,will,)behind
夜逃げ running night(leave old life behind,away debt)
横車 unreasonable(like pushing cart side(instead beh
吹っ切れる put behind
裏話 real story(behind)
居残る stay behind
抜き去る leave behind
立ち遅れる lag behind
置き忘れる leave behind
後れを取る lag behind;fall behind
積み残し passengers left behind
暗躍 operating behind scenes
駆け抜ける run pastbehind
後ろ手 putting hands behind;behind;hands behind
見返す look(behind)
裏手 behind
裏山 mountain(hill)behind house,village,
遺留 leaving behind(death);leaving behind
後ろ指 criticizing behind
遺留品 article l",Guess Vocab related to Keyword,Text
"calendar","中秋,観月,口切り,先勝,大安,初冬,干支,丙,如月,辛,旧暦,節分,晩春,初春,晩秋,小春,暦年,初秋,立春,葉月,晩夏,旧盆","中秋 eighth month lunar calendar
観月 moon viewing(during eight month lunar calendar)
口切り event start tenth month lunar calendar
先勝 lucky morning,afternoon(traditional calendar)
大安 lucky whole(traditional calendar)
初冬 tenth month lunar calendar
干支 60-term cycle 12 zodiac animals combined 5 elem
丙 third sign Chinese calendar
如月 second month lunar calendar
辛 eighth sign Chinese calendar
旧暦 Japan's old(lunisolar)calendar
節分 last winter traditional calendar(usu. February 
晩春 third month lunar calendar
初春 first month lunar calendar
晩秋 ninth month lunar ",Guess Vocab related to Keyword,Text
"course","不惑,専科,朝令暮改,受講料,予科,本科,出処進退,常軌,川路,通信教育,重ね,高等科,分科,邪道,分かれ道,転進,開講,履修,致し方,選択科目,首尾,針路","不惑 following right course
専科 specialised course;specialized course
朝令暮改 unsettled course action
受講料 course fee
予科 preparatory course
本科 regular course(study);course
出処進退 course action
常軌 proper course;normal course(action)
川路 river's course
通信教育 correspondence course
重ね course(stones)
高等科 advanced course
分科 course
邪道 evil course
分かれ道 crossroads(course events)
転進 change course
開講 offering course(first);start course;opening new
履修 completion(course)
致し方 course
選択科目 elective subject course
首尾 course events
針路 course",Guess Vocab related to Keyword,Text
"form","字体,一人相撲,あん摩,人文字,指圧,形づくる,今様,原版,形作る,完調,具現,詩型,形質,連歌,定式,新式,目鼻,書式,外形,羽子板,形容,政体","字体 form character(simplified,traditional)
一人相撲 mimicking wrestling match(form street perform
あん摩 massage(anma,traditional form massage)
人文字 arranging group so form character spell messag
指圧 form finger-pressure therapy
形づくる form
今様 verse form Heian Kamakura periods consisting 4 
原版 form(printing)
形作る form
完調 best form
具現 giving concrete form
詩型 poetic form;form verse;verse form
形質 form nature
連歌 renga(early poetry form)
定式 prescribed form
新式 new form
目鼻 form
書式 prescribed form(writing)
外形 external form
羽子板 battledore(early form badminton racket",Guess Vocab related to Keyword,Text
"move","指し手,吹っ切れる,住み替える,引き払う,出処進退,動き回る,一挙手一投足,座り込む,繰り下げる,振り替える,妙手,手拍子,押し寄せる,泣かす,持ち上がる,東奔西走,置き換える,繰り上がる,横滑り,躍る,発進,泣かせる","指し手 move(shogi,chess,)
吹っ切れる move
住み替える move new house(apartment,);move house
引き払う move
出処進退 move
動き回る move around;move
一挙手一投足 every single move
座り込む sit(refuse move)
繰り下げる move
振り替える move
妙手 brilliant move;spectacular move(chess,shogi,)
手拍子 making careless move(,shogi,);responding oppon
押し寄せる move towards
泣かす move tears
持ち上がる move class
東奔西走 move
置き換える move
繰り上がる move(date,rank,order)
横滑り sideways move(company)
躍る move around
発進 starting(move
泣かせる move tears",Guess Vocab related to Keyword,Text
"rank","丙,繰り上がる,和尚,張り出し,侯,同格,等級,初段,後列,高下,王侯,無冠,富貴,同位,段位,特進,真打ち,姫君,貴人,辛,隊列","丙 third rank
繰り上がる move(date,rank,order)
和尚 second highest priestly rank Buddhism
張り出し extra third fourth wrestler certain rank
侯 second highest rank five ranks nobility
同格 same rank
等級 rank
初段 first rank senior class(martial arts,,);lowest 
後列 rear rank
高下 difference(rank,grade,quality,)
王侯 noble rank
無冠 rank
富貴 wealth rank
同位 same rank
段位 advanced rank;dan rank(martial arts,,)
特進 special promotion(rank grade)
真打ち rakugo storyteller highest rank
姫君 daughter rank(eldest daughter)
貴人 rank
辛 8th rank
隊列 rank(troops)",Guess Vocab related to Keyword,Text
"art","兵法,手練手管,売り方,捕り手,彫塑,会得,奥義,伝授,出世作,極意,画法,芸文,習い事,文筆,和尚,画材,馬術,武術,民具,話術,秘伝","兵法 art war
手練手管 art coaxing
売り方 art selling
捕り手 art defeating(capturing)opponent bare hands
彫塑 plastic art
会得 mastery(art skill)
奥義 secret techniques(art skill)
伝授 (giving)instruction(secrets art,discipline,)
出世作 work art literature brings fame
極意 innermost secrets(art skill)
画法 art drawing painting
芸文 art literature
習い事 lessons(art,skill,)
文筆 literary art
和尚 master(art,trade,)
画材 art materials;art supplies
馬術 (art)riding;equestrian art
武術 wushu(Chinese martial art)
民具 everyday articles which come regarded folk art
話術 art conversation
秘伝 myster",Guess Vocab related to Keyword,Text
"call","召す,伺い,往診,思い浮かべる,呼び寄せる,取り立てる,招聘,呼び止める,呼び起こす,出直す,呼び込む,着信,転送,呼び声,電話口,押し掛ける,慰問,逆探知,呼び戻す,答礼,銘打つ","召す call
伺い call
往診 house call
思い浮かべる call mind
呼び寄せる call together;call
取り立てる call attention
招聘 call
呼び止める (call)stop;callstop
呼び起こす call(mind)
出直す call again
呼び込む call
着信 receiving(phone call,email,)
転送 transfer(call,patient,)
呼び声 call
電話口 making telephone call;receiving telephone call
押し掛ける call invitation
慰問 sympathy call
逆探知 detecting source telephone call
呼び戻す call;call home
答礼 return call
銘打つ call(designate)itself",Guess Vocab related to Keyword,Text
"class","初段,３等,小市民,丙,上等兵,持ち上がる,特等,松竹梅,唱歌,名家,履修,天職,日直,町人,武家,属性,部類,級友,等級,階級闘争,高貴","初段 first rank senior class(martial arts,,)
３等 third class
小市民 lower middle class
丙 third class
上等兵 airman first class(air force)
持ち上がる move class;homeroom teacher same class multi
特等 special quality,class grade
松竹梅 first,second third(class)
唱歌 music class(pre-WWII schools)
名家 kuge family class ranking above Hanke below Uri
履修 taking(class)
天職 prostitute second-highest class(Edo)
日直 class duty(students)
町人 chōnin(Edo-period social class town-dwelling co
武家 samurai class
属性 character class,type,fetish,
部類 class
級友 friend same class
等級 class
階級闘争 ",Guess Vocab related to Keyword,Text
"clear","判然,取り払う,澄ます,吸い物,晴らす,澄み切った,晴れ晴れ,明解,平明,明晰,秋水,正味,秋晴れ,清澄,晴れ間,清明,澄まし顔,澄み切る,追い払う,簡明,飛び越える","判然 clear
取り払う clear away
澄ます clear
吸い物 clear broth soup,ingredients garnish floating
晴らす clear away
澄み切った perfectly clear
晴れ晴れ clear(sky)
明解 clear explanation
平明 clear
明晰 clear
秋水 clear autumn water;clear fall water
正味 clear
秋晴れ clear autumnal weather
清澄 clear
晴れ間 interval clear weather
清明 pure clear
澄まし顔 clear face
澄み切る perfectly clear(water,air,);clear
追い払う clear
簡明 simple clear
飛び越える clear",Guess Vocab related to Keyword,Text
"disease","性病,まん延,四苦八苦,皮膚病,防除,期,奇病,職業病,病患,熱病,病因,膠原病,病虫害,病根,病害,風土病,蔓延,病原,病魔,遺伝病,罹患","性病 sexually transmitted disease;venereal disease
まん延 spread(disease)
四苦八苦 four eight kinds suffering(birth,old age,dise
皮膚病 skin disease
防除 prevention(plant disease insect damage)
期 stage(disease)
奇病 rare disease;strange disease
職業病 occupational disease
病患 disease
熱病 febrile disease
病因 cause disease
膠原病 collagen disease
病虫害 (crop)damage disease harmful insects
病根 cause disease
病害 (crop)damage owing disease blight
風土病 endemic disease;local disease
蔓延 spread(disease)
病原 cause disease
病魔 disease
遺伝病 hereditary(genetic)disease
罹患 contracting diseas",Guess Vocab related to Keyword,Text
"history","上代,正史,書誌,史観,前歴,沿革,病歴,既往症,史書,遍歴,有史,来歴,戦史,編纂,科学史,記,国史,素性,通史,戦記,社史","上代 early history
正史 official history;authorized history
書誌 bibliography(history description books)
史観 view history(given point view)
前歴 personal history
沿革 history
病歴 clinical(case)history
既往症 medical history
史書 history book
遍歴 (personal)history
有史 recorded history
来歴 history
戦史 military history
編纂 compilation(dictionary,history,law code)
科学史 history science
記 history
国史 history nation;history
素性 history
通史 overview history
戦記 military history
社史 history company",Guess Vocab related to Keyword,Text
"local","俗,局所,自警,郷土色,地場産業,地場,区検,土俗,国民宿舎,氏神,名産,地方裁判所,地酒,地方団体,村役場,極小,地方版,群雄割拠,風土病,鈍行,鎮守","俗 local manners
局所 local(anesthesia)
自警 local government police
郷土色 local color;local colour
地場産業 local industry;traditional local industry
地場 local dealer;local stock exchange;local area
区検 local prosecutor
土俗 local customs
国民宿舎 inexpensive hotel operated local government
氏神 local deity
名産 local specialty
地方裁判所 local court
地酒 local sake
地方団体 local public body
村役場 local administration office village
極小 local minimum
地方版 local edition
群雄割拠 rivalry local warlords
風土病 local disease
鈍行 local train
鎮守 local Shinto deity",Guess Vocab related to Keyword,Text
"piece","稿料,切れ端,切り売り,短文,紙片,主文,加筆,一筋縄,立ち回り,時代物,寄せ木細工,難曲,絶品,出し物,反物,珠玉,紙切れ,長文,専売特許,小曲,絶筆","稿料 payment piece writing
切れ端 cut-off piece
切り売り selling piece
短文 short piece writing(passage,article,composition
紙片 piece(scrap,bit,strip)paper
主文 main part(piece writing)
加筆 improvement(piece writing painting)
一筋縄 (piece)rope
立ち回り stroll(noh,action piece involving circling st
時代物 piece
寄せ木細工 wooden mosaic(piece furniture)
難曲 difficult musical piece
絶品 superb piece work
出し物 (theatrical)piece
反物 piece goods
珠玉 beautiful piece
紙切れ piece paper
長文 long piece writing(passage,letter,article,teleg
専売特許 specialty(party piece,)
小曲 short piece music
絶筆 l",Guess Vocab related to Keyword,Text
"interest","上げ下げ,天引き,呼び起こす,心変わり,元利,人情味,東奔西走,拍子抜け,単利,持ち分,感興,興味深い,名木,眼中,詩情,耳目,興味津々,面白み,年利,高利","上げ下げ fluctuation(prices,interest rates,)
天引き deduction advance(tax,interest,)
呼び起こす arouse(interest)
心変わり change love interest
元利 principal interest
人情味 human interest
東奔西走 taking active interest
拍子抜け loss interest
単利 simple interest
持ち分 interest(company)
感興 interest
興味深い great interest
名木 old tree historical interest
眼中 interest
詩情 poetic interest
耳目 interest
興味津々 keen interest;absorbing interest
面白み interest
年利 annual interest rate
高利 interest rate",Guess Vocab related to Keyword,Text
"woman","天女,令嬢,党人,裸婦,商売人,胎内,婆,妻帯,女人,巫女,器量,押し掛け女房,婦女子,負け犬,嫁ぎ先,産婦,男装,般若,新造,老婆","天女 beautiful kind woman
令嬢 young woman
党人 party woman
裸婦 nude woman;naked woman
商売人 woman working nightlife business(bar nightclub
胎内 interior womb(pregnant woman)
婆 old woman
妻帯 marrying(woman)
女人 woman
巫女 young girl woman(trad. unmarried virgin)assists
器量 looks(woman)
押し掛け女房 woman forced husband marriage
婦女子 grown woman;woman
負け犬 unmarried childless older woman
嫁ぎ先 family woman has married
産婦 woman just give birth;woman childbirth;woman ha
男装 dressing man(woman)
般若 dreadful face(woman driven mad jealousy)
新造 young,unmarried woman
老婆 old woman",Guess Vocab related to Keyword,Text
"ability","技量,聴力,微力,器量,変わり身,小粒,走力,運動神経,縁遠い,霊感,脚力,敏腕,段違い,過信,鬼才,細腕,背伸び,英霊,語学力,超能力","技量 ability
聴力 hearing ability
微力 limited ability;poor ability
器量 ability
変わり身 ability dodge way attack
小粒 small stature ability
走力 running ability
運動神経 athletic ability
縁遠い far beyond(means,ability)
霊感 ability sense supernatural(ghosts,)
脚力 running ability;walking ability
敏腕 ability
段違い wildly different(ability,strength,)
過信 overestimating ability
鬼才 exceptional ability
細腕 meager ability earn living
背伸び trying beyond ability
英霊 great ability
語学力 language learning ability;linguistic ability
超能力 psychic ability",Guess Vocab related to Keyword,Text
"amount","低額,売買高,倍額,増量,端数,産額,価額,一挙手一投足,同罪,多目,多寡,残額,糖分,水加減,繰り越し,同量,酒量,物量,正味,絶対量","低額 small amount(money)
売買高 sales amount
倍額 double amount
増量 increase amount
端数 leftover amount;odd amount
産額 (amount)production
価額 amount
一挙手一投足 small amount work
同罪 bearing same amount responsibility
多目 somewhat larger(amount)
多寡 amount
残額 remaining amount
糖分 amount sugar
水加減 amount water
繰り越し transferred amount(money)
同量 same amount
酒量 amount drink
物量 amount material resources
正味 net(amount)
絶対量 absolute amount",Guess Vocab related to Keyword,Text
"last","伝家,決定版,奥の手,納会,引導,末弟,前世紀,年の瀬,断末魔,飲み干す,昨冬,最後列,晩期,末路,終電車,節分,死守,開眼,絶筆,遺訓","伝家 last resort
決定版 last word
奥の手 last resort
納会 last meeting(year,term,)
引導 last words recited newly departed
末弟 last disciple
前世紀 last century
年の瀬 last days year
断末魔 last moments
飲み干す drink last drop
昨冬 last winter
最後列 last row
晩期 last stage
末路 last days
終電車 last train
節分 last any season(according traditional calendar)
死守 defending last
開眼 filling eyes(Buddha)last step consecrating new 
絶筆 last work;last(piece)writing
遺訓 last instructions",Guess Vocab related to Keyword,Text
"law","旧法,大典,悪法,不文律,明文,国法,準用,平定,綱紀,弱肉強食,編纂,村八分,鉄則,定め,順法,法度,慣習法,政談,白州,私法","旧法 old law
大典 important law
悪法 bad law
不文律 unwritten law;common law
明文 explicit statement(law)
国法 national law
準用 apply(law)necessary modifications
平定 restoration law order
綱紀 law order
弱肉強食 law jungle
編纂 compilation(dictionary,history,law code)
村八分 complete ostracism household(harshest punishme
鉄則 iron law
定め law
順法 obeying law;law observance
法度 law
慣習法 customary law(international law);common law
政談 discussion law case
白州 court law Edo,which parties sat white sand
私法 private law",Guess Vocab related to Keyword,Text
"personal","前歴,私,人身事故,体臭,一家言,対人,情実,私物,知恵袋,一身上,装身具,手渡し,私事,暗証番号,私情,殺し文句,私信,私利,自説,遍歴","前歴 personal history
私 personal(affairs,)
人身事故 accident resulting personal injury death(traf
体臭 personal odour;personal odor
一家言 personal opinion;personal view
対人 personal
情実 personal consideration
私物 personal belongings;personal effects
知恵袋 personal adviser
一身上 personal(affairs,reasons,)
装身具 personal accessories(ornaments,adornments)
手渡し personal delivery
私事 personal secret;personal affairs
暗証番号 personal identification number
私情 personal feelings
殺し文句 phrase brings around,personal relationships
私信 personal letter
私利 personal profit
自説 personal ",Guess Vocab related to Keyword,Text
"return","帰着,聞き返す,帰任,立ち戻る,凱旋,報い,帰順,移り,打ち返す,返礼,立ち返る,過少申告,帰り道,復学,返送,香典返し,帰郷,高配,青色申告,答礼","帰着 return
聞き返す ask question return
帰任 return post
立ち戻る return
凱旋 triumphant return
報い return
帰順 return allegiance
移り return present
打ち返す return blow repeat
返礼 return gift;done return(way thanks);return pres
立ち返る return starting point
過少申告 under-reporting(income tax return)
帰り道 return trip
復学 return
返送 return sender
香典返し present given return funeral offering
帰郷 return home
高配 rate return
青色申告 blue return;blue-paper income-tax return;type
答礼 return call;return salute;return courtesy",Guess Vocab related to Keyword,Text
"usu.","払い下げ,絵馬,代替わり,女人禁制,掛け捨て,団子,助長,跳ね,本尊,山の手,新造,軟骨,異彩,心残り,御神籤,連呼,石畳,日本刀,香典,節分","払い下げ disposal(usu. unwanted government assets)
絵馬 wooden tablet usu. filled prayer hung shrine te
代替わり substitution another(usu. creditor)
女人禁制 prohibition women entering(usu. religious rea
掛け捨て fixed-term payment(usu. insurance);stopping p
団子 dumpling(usu. sweet)
助長 unwanted help(usu. unintentionally harmful)
跳ね splashes(usu. mud)
本尊 principal object worship temple(usu. buddha bod
山の手 hilly section city(usu. upscale residential)
新造 (another's)wife(usu. young)
軟骨 (dish)gristle(usu. chicken,deep-fried)
異彩 conspicuousness(usu. color)
心残り flesh,bl",Guess Vocab related to Keyword,Text
"situation","一触即発,二律背反,命懸け,汚泥,時局,別条,手加減,切羽詰まる,大局,善処,戦局,風雲,聞き取る,景況,概況,命がけ,旗色,泣き寝入り,火の車","一触即発 critical(touch)situation;explosive situation
二律背反 either-or situation
命懸け life death situation
汚泥 hopeless situation
時局 situation
別条 different situation
手加減 adapting situation(strength,strictness,)
切羽詰まる desperate situation
大局 general situation;whole situation;overall situa
善処 dealing appropriately(situation)
戦局 war situation
風雲 situation
聞き取る ask(situation,circumstances,)
景況 situation
概況 general situation
命がけ life death situation
旗色 situation
泣き寝入り compelled accept situation
火の車 desperate financial situation",Guess Vocab related to Keyword,Text
"charge","代価,突撃,寮費,仕切る,薬代,冤罪,主務,無実の罪,電荷,言い付ける,罪名,捕り手,罪状,割増,溶剤,取り仕切る,掛かり,突っ込み,追加料金","代価 charge
突撃 charge
寮費 lodging charge
仕切る poise initial charge
薬代 charge medicine
冤罪 false charge
主務 charge
無実の罪 false charge
電荷 charge;electric charge
言い付ける charge
罪名 charge
捕り手 official charge imprisoning offenders
罪状 (criminal)charge
割増 extra(charge,fare,)
溶剤 hot charge
取り仕切る take charge
掛かり charge
突っ込み charge
追加料金 extra charge",Guess Vocab related to Keyword,Text
"current","上昇気流,分流,当座預金,今風,時勢,漂泊,当座,川流れ,今様,水流,時局,直流,時評,急流,市価,現下,暖流,現世,気流","上昇気流 ascending air current
分流 branched flow(river,current,)
当座預金 current account
今風 current
時勢 current times
漂泊 drifting(current,tide,)
当座 current;current account
川流れ carried away current
今様 current fashion
水流 water current
時局 current affairs
直流 direct current
時評 commentary current events
急流 swift current
市価 current price
現下 current
暖流 warm current
現世 current epoch(i.e. Holocene epoch)
気流 atmospheric current;air current",Guess Vocab related to Keyword,Text
"evil","巨悪,諸悪,凶,害悪,悪弊,悪法,極道,厄,邪道,煩悩,勧善懲悪,豆まき,悪霊,悪習,病弊,魔物,病根,禍根,邪悪","巨悪 great evil
諸悪 every kind evil
凶 evil
害悪 evil(influence)
悪弊 evil ways;evil practice
悪法 evil ways;evil way things
極道 evil
厄 evil
邪道 evil course;evil path
煩悩 evil passions
勧善懲悪 rewarding good punishing evil
豆まき scattering parched beans(drive evil spirits)
悪霊 evil spirit
悪習 evil practice
病弊 evil influence
魔物 evil spirit
病根 root evil
禍根 root evil
邪悪 evil",Guess Vocab related to Keyword,Text
"expression","弁舌,発露,特高,決まり文句,左辺,字句,成文,右辺,形容,般若,舌足らず,発現,搾乳,形相,血相,遠回し,澄まし顔,表出,無表情","弁舌 manner expression
発露 expression
特高 police unit controlling political thought expre
決まり文句 conventional expression
左辺 left side(equation,expression,)
字句 way expression
成文 written expression
右辺 right side(equation,expression,)
形容 figurative expression;expression(words)
般若 terrifying facial expression
舌足らず imprecise(expression)
発現 expression(molecular biology;protein expression
搾乳 milk expression
形相 expression
血相 expression
遠回し roundabout(expression)
澄まし顔 composed expression
表出 expression
無表情 lack expression",Guess Vocab related to Keyword,Text
"group","圧力団体,五人組,仲間内,結団,全島,船団,人文字,大部屋,部類,知恵袋,班長,陣,総立ち,団子,群舞,総見,層群,班員,種族","圧力団体 pressure group
五人組 five-man group
仲間内 among(group,friends)
結団 setting group
全島 islands(group)
船団 group ships
人文字 arranging group so form character spell messag
大部屋 project management technique manufacturing,inv
部類 group
知恵袋 brains(group)
班長 group leader
陣 group
総立ち standing group
団子 group
群舞 group dancing
総見 observing performance large group
層群 (geol)group
班員 member group
種族 ethnic group",Guess Vocab related to Keyword,Text
"gun","砲台,猟銃,暴発,猟犬,銃口,号砲,重機関銃,先走る,砲声,突きつける,銃身,跳ね上がる,高射砲,弾き,単発,機銃,水鉄砲,砲身,軽機関銃","砲台 (gun)battery
猟銃 hunting gun
暴発 accidental gun discharge
猟犬 gun dog
銃口 gun point
号砲 starting gun;signal gun
重機関銃 heavy machine gun
先走る jump gun
砲声 sound gun
突きつける point(gun)
銃身 gun barrel
跳ね上がる jump gun
高射砲 antiaircraft gun
弾き gun
単発 single-shot gun
機銃 machine gun
水鉄砲 water gun;squirt gun
砲身 gun barrel
軽機関銃 light machine gun",Guess Vocab related to Keyword,Text
"stock","仕込む,蓄え,仕手株,買い込む,成長株,三枚目,原種,品薄,前場,出自,持ち合わせる,書林,持ち合わせ,武家,台詞,浮動株,地場,血筋,決まり文句","仕込む stock
蓄え stock
仕手株 speculative stock
買い込む stock
成長株 growth stock
三枚目 laughing stock
原種 seed stock
品薄 shortage stock
前場 morning session(stock exchange)
出自 stock
持ち合わせる happen hand stock
書林 vast stock books
持ち合わせ things stock;stock
武家 samurai stock
台詞 stock phrase
浮動株 floating stock
地場 local stock exchange
血筋 stock
決まり文句 stock phrase",Guess Vocab related to Keyword,Text
"street","仁義,立ち並ぶ,市中銀行,寒々,並木道,物売り,一人相撲,大路,夜道,裏道,市井,辻説法,立ち食い,露天商,町名,横丁,盛り場,街灯,袋小路","仁義 formal greeting(between yakuza,street vendors,g
立ち並ぶ stand row(shops street)
市中銀行 street bank
寒々 bleak(room,street)
並木道 tree-lined street
物売り street vendor
一人相撲 mimicking wrestling match(form street perform
大路 main street(capital)
夜道 street night
裏道 street
市井 street
辻説法 street preaching
立ち食い eating(street)stall
露天商 street vendor
町名 street
横丁 side street;street
盛り場 busy street
街灯 street light
袋小路 dead end street",Guess Vocab related to Keyword,Text
"subject","的,演題,主客,素養,図工,口切り,本題,主語,担ぎ出す,矢面,解題,被験者,被写体,書写,選択科目,画材,題目,画題,書誌","的 subject
演題 subject address
主客 subject object
素養 grounding(skill subject)
図工 drawing manual arts(subject)
口切り start broaching(subject)
本題 subject;main subject
主語 subject
担ぎ出す bring(subject)
矢面 position where subject questioning,criticism,
解題 review subject
被験者 test subject;subject(medical experiment,);tria
被写体 (photographic)subject
書写 handwriting(subject)
選択科目 elective subject course
画材 subject matter painting
題目 subject
画題 subject(painting)
書誌 bibliography(list books author subject)",Guess Vocab related to Keyword,Text
"while","出掛け,侠客,寄り切り,漁夫の利,乗り心地,肩透かし,腰砕け,先刻,在勤,飲酒運転,寄り倒し,立ち見,旅情,道中,歯応え,弾き語り,聞き流す,立ち食い,食べ歩き","出掛け while way
侠客 acting under pretence chivalry while participat
寄り切り driving opponent ring while gripping belt
漁夫の利 profiting while others fight
乗り心地 feeling while riding
肩透かし technique grasping arm opponent,moment he com
腰砕け breaking(while middle)
先刻 short while ago
在勤 (while)working
飲酒運転 driving while intoxicated
寄り倒し knocking opponent while holding belt
立ち見 watching while standing(play)
旅情 mood while traveling(travelling)
道中 while travelling
歯応え feel food while chewed
弾き語り reciting while playing shamisen,biwa,
聞き流す pay attention(while liste",Guess Vocab related to Keyword,Text
"area","一枚看板,白州,職域,未開拓,地場,新地,解放区,七不思議,歓楽街,岩場,表面積,全戸,焼け野原,板前,駅頭,圏外,自警,門外","一枚看板 single area expertise
白州 area garden entrance house laid white sand pebb
職域 area responsibility
未開拓 untapped area;undeveloped(area)
地場 local area
新地 new(residential)area(built reclaimed land durin
解放区 liberated area zone
七不思議 seven wonders(particular area)
歓楽街 amusement area
岩場 rocky area
表面積 surface area
全戸 houses(area)
焼け野原 burnt area
板前 area kitchen contains chopping board
駅頭 station area
圏外 outside(region,area,)
自警 policing(area,)
門外 beyond area expertise",Guess Vocab related to Keyword,Text
"bottom","松竹梅,撃沈,低地,下積み,掘り下げる,水底,下心,奥底,竜宮,湖底,階下,心底,船腹,突き詰める,下段,跳ね,船底,谷底","松竹梅 top,middle bottom
撃沈 sending(ship)bottom
低地 bottom land
下積み bottom pile;bottom(ladder)
掘り下げる bottom
水底 sea river bottom
下心 kanji heart radical bottom
奥底 bottom(heart)
竜宮 palace story Urashima Tarō(said located bottom 
湖底 bottom lake
階下 bottom stairs
心底 bottom heart
船腹 side bottom ship
突き詰める bottom
下段 bottom shelf
跳ね upward turn bottom(vertical stroke kanji hairdo
船底 ship's bottom
谷底 bottom gorge;bottom ravine",Guess Vocab related to Keyword,Text
"music","右方,唱歌,舞楽,譜面,吹奏楽,新譜,田楽,器楽,合いの手,譜,小曲,舞曲,箏曲,軍楽,軽音楽,選曲,雅楽,音痴","右方 style court music
唱歌 song music classes;music class(pre-WWII schools
舞楽 court dance music
譜面 sheet music
吹奏楽 wind music;wind instrument music
新譜 newly-released music
田楽 ritual music dancing shrines temples
器楽 instrumental music
合いの手 interlude(traditional music)
譜 (sheet)music
小曲 short piece music
舞曲 music dancing
箏曲 koto music
軍楽 military music
軽音楽 popular music;light music
選曲 selection music
雅楽 old court music
音痴 ear music",Guess Vocab related to Keyword,Text
"real","実写,実母,三次元,実害,実生活,実社会,恒産,実父,情実,心底,実姉,実質賃金,飾り物,裏話,模写,本性,本意,醍醐味","実写 real picture story(opposed fiction,imaginary sc
実母 real mother
三次元 real life;real world
実害 real harm
実生活 real life
実社会 real world
恒産 real property
実父 real father
情実 real situations
心底 real intentions
実姉 real elder sister
実質賃金 real wages
飾り物 leader real power
裏話 real story(behind)
模写 copy(real thing)
本性 real nature
本意 real intention
醍醐味 real pleasure;real thrill",Guess Vocab related to Keyword,Text
"religious","戒律,改宗,宗教家,信教,別当,女人禁制,帰依,宗旨,後生大事,神器,宣教,祭祀,托鉢,破戒,教主,聖人,預言,祭礼","戒律 (religious)precept
改宗 religious conversion
宗教家 religious figure;religious leader
信教 religious belief
別当 head institution,religious
女人禁制 prohibition women entering(usu. religious rea
帰依 (religious)conversion
宗旨 tenets(religious sect);(religious)sect
後生大事 religious zeal
神器 implement religious ceremonies
宣教 religious mission;religious proclamation
祭祀 religious service
托鉢 religious mendicancy
破戒 breaking commandment(usually religious)
教主 founder religious sect
聖人 great religious teacher
預言 (religious)prophecy
祭礼 (religious)festival",Guess Vocab related to Keyword,Text
"thin","油揚げ,春雨,薄切り,細身,薄っぺら,極細,細る,薄氷,細腕,薄皮,薄手,間引く,薄焼き,短冊,薄らぐ,薄膜,薄口,貧相","油揚げ thin deep-fried slices tofu
春雨 thin noodles made bean starch(potato starch)
薄切り thin slice;slicing thin
細身 thin(sized)
薄っぺら very thin
極細 extremely thin
細る thin
薄氷 thin ice
細腕 thin arm
薄皮 thin skin
薄手 thin(paper,cloth,porcelain,);thin
間引く thin(plants,seedlings,crops,)
薄焼き frying baking thin(thin omelette)
短冊 thin rectangle
薄らぐ become thin
薄膜 thin film
薄口 thin(porcelain,paper,);thin soy sauce
貧相 thin",Guess Vocab related to Keyword,Text
"wall","切り羽,人垣,土塀,内壁,城壁,白亜,壁新聞,鉄壁,狭間,壁掛け,白壁,側壁,岩壁,積み込み,岩場,間仕切り,追い詰める,隔壁","切り羽 face(wall coal ore,)
人垣 wall
土塀 plaster wall;mud wall;earthen wall
内壁 inner wall
城壁 castle wall;defensive wall
白亜 white wall
壁新聞 wall newspaper;wall poster
鉄壁 iron wall
狭間 loophole(wall)
壁掛け wall hanging;wall decoration
白壁 white plaster wall
側壁 side wall
岩壁 wall rock
積み込み stacking wall tiles advantage
岩場 wall(rock)
間仕切り partition wall
追い詰める drive wall
隔壁 barrier wall",Guess Vocab related to Keyword,Text
"hair","毛髪,振り分け,洗髪,触覚,後ろ髪,断髪,抜け落ちる,育毛剤,突っ立つ,脱毛,毛並み,長髪,抜け毛,金髪,赤毛,黒髪,髪飾り","毛髪 hair
振り分け hair parted middle
洗髪 washing hair
触覚 hair style long bangs
後ろ髪 hair head
断髪 bobbed hair;cutting hair(short length)
抜け落ちる come(hair)
育毛剤 hair growth agent;hair growth formula
突っ立つ stick(hair,)
脱毛 hair removal;hair loss
毛並み coat(hair fur);lie(dog's)hair
長髪 long hair
抜け毛 fallen hair;hair left comb
金髪 blonde hair;golden hair;blond hair
赤毛 ginger hair;red hair
黒髪 black hair
髪飾り hair ornament",Guess Vocab related to Keyword,Text
"boat","飛行艇,出航,屋形船,小舟,呉越同舟,端午,航跡,作り物,湯船,接岸,新造,船旅,船首,舟艇,着岸,郵船,釣り船","飛行艇 flying boat
出航 departure(boat,plane)
屋形船 pleasure boat(large,roofed)
小舟 small boat
呉越同舟 bitter enemies same boat
端午 Dragon Boat Festival(China)
航跡 wake(boat)
作り物 theatrical prop(large prop noh kyogen,tree,wel
湯船 boat bathtub rented customers(Edo)
接岸 reaching land(boat)
新造 new boat
船旅 trip boat
船首 bow(boat)
舟艇 boat
着岸 docking boat
郵船 mail boat
釣り船 fishing boat",Guess Vocab related to Keyword,Text
"Buddhism","仏門,伝法,以心伝心,仏法,大乗,和尚,仁王,天台,聖教,天台宗,引導,禅宗,華厳,密教,浄土宗,発祥地,神仏","仏門 Buddhism
伝法 teaching Buddhism
以心伝心 non-verbal Zen Buddhist transmission disciple
仏法 Buddhism
大乗 Mahayana(Buddhism)
和尚 second highest priestly rank Buddhism
仁王 guardian gods Buddhism stand entrance Buddhist 
天台 Tendai sect(Buddhism)
聖教 Buddhism
天台宗 Tendai sect(Buddhism)
引導 converting Buddhism
禅宗 Zen(Buddhism)
華厳 Kegon(sect Buddhism)
密教 esoteric Buddhism;Tantric Buddhism
浄土宗 Pure Land sect(Buddhism)
発祥地 birthplace(jazz,Buddhism)
神仏 Shinto Buddhism",Guess Vocab related to Keyword,Text
"complete","全訳,丸本,総覧,全編,純然,全身全霊,大全,全巻,完備,全壊,完訳,村八分,自由自在,完勝,根治,全敗,満腹","全訳 complete translation
丸本 complete set books
総覧 complete guide
全編 complete episode
純然 complete
全身全霊 complete devotion
大全 complete collection;complete works
全巻 complete set(volumes)
完備 complete
全壊 complete destruction
完訳 complete translation
村八分 complete ostracism household(harshest punishme
自由自在 complete mastery
完勝 complete victory
根治 complete recovery;complete cure
全敗 complete defeat
満腹 complete",Guess Vocab related to Keyword,Text
"control","束ね,手綱,防除,持て余す,取り仕切る,制空権,為替管理,牛耳る,締めつける,管制塔,手の内,産児制限,自動制御,自由自在,押さえ込む,閉まり,無我夢中","束ね control
手綱 control
防除 (pest)control
持て余す beyond control
取り仕切る control
制空権 control air
為替管理 exchange control
牛耳る control
締めつける control strictly
管制塔 control tower
手の内 (under)control
産児制限 birth control
自動制御 automatic control
自由自在 completely control
押さえ込む control
閉まり control
無我夢中 losing control",Guess Vocab related to Keyword,Text
"direct","単刀直入,因,仕切る,直接行動,直結,直射,尊属,旗本,直売,直送,直訴,直流,直航,直輸入,直談判,直訳,言い付ける","単刀直入 direct
因 hetu(direct cause,opposed indirect conditions)
仕切る direct
直接行動 direct action
直結 direct link;direct connection
直射 direct fire;direct rays(sunlight)
尊属 direct ancestors
旗本 direct retainer shogun
直売 direct sales;direct selling
直送 direct delivery
直訴 direct appeal
直流 direct current
直航 direct voyage;direct service
直輸入 direct import;direct importation
直談判 direct negotiations;direct talks
直訳 direct translation
言い付ける direct",Guess Vocab related to Keyword,Text
"meat","魚肉,弱肉強食,肉屋,肉類,切り身,照り焼き,中肉,幕の内,羊肉,脂身,解す,牡丹,赤身,白身,精肉,肉質,鯨肉","魚肉 fish meat
弱肉強食 weak are meat strong eat
肉屋 meat shop
肉類 (kinds)meat
切り身 slice(meat,fish)
照り焼き teriyaki(meat fish marinated sweet soy sauce 
中肉 meat medium quality
幕の内 box lunch(containing rice 10-15 small portions
羊肉 lamb(meat)
脂身 fatty meat;fat(meat)
解す break small pieces(fish,meat,)
牡丹 wild boar(meat)
赤身 lean meat
白身 fatty meat;white meat
精肉 processed meat;(good quality)meat
肉質 meat quality
鯨肉 whale meat",Guess Vocab related to Keyword,Text
"poem","訳詩,散文詩,交響詩,歌い上げる,作歌,歌心,漢詩,詩作,読み手,名歌,叙事詩,絶唱,恋歌,辞世,朗詠,詩碑,韻律","訳詩 translated poem
散文詩 prose poem
交響詩 symphonic poem
歌い上げる express feelings fully poem
作歌 poem
歌心 meaning waka poem
漢詩 Chinese poem
詩作 composition poem
読み手 composer(poem)
名歌 excellent poem;famous poem
叙事詩 epic poem
絶唱 superb poem song
恋歌 love poem
辞世 death poem(poem written during final moments)
朗詠 recitation(Chinese poem)
詩碑 monument(stele,gravestone,)engraved poem
韻律 metre(poem)",Guess Vocab related to Keyword,Text
"poor","貧者,不出来,不経済,貧打,不健康,仕打ち,亜流,低空飛行,不漁,寒村,微力,貧民,安物,負け惜しみ,貧農,拙守,薄手","貧者 poor
不出来 poor workmanship
不経済 poor economy
貧打 poor hitting
不健康 poor health
仕打ち (poor)treatment
亜流 poor imitation
低空飛行 consistently poor results(grades,sales,)
不漁 poor catch(fishing)
寒村 poor village
微力 poor ability
貧民 poor
安物 poor quality article
負け惜しみ poor loser
貧農 poor farmer
拙守 poor defense;poor defence
薄手 poor",Guess Vocab related to Keyword,Text
"too","出すぎる,出過ぎる,過重,力負け,吹かす,過不足,深入り,思い詰める,後の祭り,持て余す,過少,言過ぎる,深追い,過信,買いかぶる,言い過ぎる","出すぎる too strong(tea);too forward;too assertive;pro
出過ぎる too strong(tea);too forward;stick too much;to
過重 too heavy(burden,workload,);too severe
力負け defeat result trying too hard
吹かす shoot(ball)too
過不足 too much too little
深入り going too far
思い詰める worry too much
後の祭り stage when it's too late
持て余す too much
過少 too little;too few
言過ぎる talk say too much;too far
深追い chasing too far
過信 trusting too much
買いかぶる too much;givetoo much credit;think too highl
言い過ぎる talk say too much;too far",Guess Vocab related to Keyword,Text
"earth","地球儀,切り崩す,下界,土中,地底,地学,地響き,半周,赤土,地肌,巨悪,極地,接地,焦土,畝,生き地獄","地球儀 Earth globe(model)
切り崩す level(earth)
下界 earth
土中 earth
地底 depths earth
地学 earth science
地響き earth tremor
半周 halfway round(earth)
赤土 red earth
地肌 surface earth
巨悪 scum earth
極地 ends earth
接地 earth
焦土 scorched earth
畝 row raised earth when planting crops
生き地獄 hell earth",Guess Vocab related to Keyword,Text
"delivery","手渡し,供出,局留め,直送,分娩,難産,仕向け,先払い,集配,遅配,配送先,納品,棒読み,黒猫,安産,納期","手渡し personal delivery
供出 delivery(government fixed price,rice)
局留め general delivery
直送 direct delivery
分娩 delivery
難産 difficult delivery
仕向け delivery
先払い payment delivery(business-reply mail,collect p
集配 collection delivery
遅配 delay(payment,delivery,rationing,)
配送先 address delivery;delivery address
納品 delivery goods
棒読み stiff delivery;wooden delivery
黒猫 Yamato Transport(door-to-door delivery service 
安産 easy delivery
納期 delivery;appointed date delivery;deadline(payme",Guess Vocab related to Keyword,Text
"far","深追い,出すぎる,最右翼,奥まる,段違い,並外れ,遠近,津々浦々,深入り,出過ぎる,言い過ぎる,縁遠い,程遠い,長々,言過ぎる,遠来","深追い chasing too far
出すぎる protrude too far
最右翼 far right wing
奥まる extend far
段違い far better
並外れ far above average
遠近 far near
津々浦々 far wide
深入り going too far
出過ぎる protrude too far
言い過ぎる too far
縁遠い far beyond(means,ability)
程遠い far cry;far away;far
長々 (extending)far
言過ぎる too far
遠来 coming far away",Guess Vocab related to Keyword,Text
"hold","含ませる,右四つ,宿す,失笑,押し倒す,左四つ,抱え込む,船腹,抱き締める,手控える,弔う,抱き上げる,抱き込む,船倉,遅らせる,提げる","含ませる hold mouth
右四つ hold which both wrestlers obtain underarm grip
宿す hold(dew leaves)
失笑 able hold laughter
押し倒す push(hold)(sexual connotations)
左四つ hold which both wrestlers obtain underarm grip
抱え込む hold thing arms
船腹 ship's hold
抱き締める hold tight
手控える hold;hang(hold)
弔う hold funeral service;hold memorial service
抱き上げる hold arms
抱き込む hold arms
船倉 ship's hold
遅らせる hold
提げる hold hand",Guess Vocab related to Keyword,Text
"leave","夜逃げ,出掛け,忘れ去る,産休,食べ残す,引き下がる,巣立つ,無届け,年休,抜き去る,書き残す,置き忘れる,追い立てる,言い残す,言付ける,遊ばす","夜逃げ running night(leave old life behind,away debt)
出掛け moment leave
忘れ去る leave behind
産休 paternity leave;maternity leave
食べ残す leave dish half-eaten
引き下がる leave
巣立つ leave nest
無届け leave(absence)
年休 annual leave
抜き去る leave behind
書き残す leave(manuscript,)unfinished;leave half-writt
置き忘れる leave behind
追い立てる press tenant leave
言い残す leave word;leaveunsaid
言付ける leave(message)
遊ばす leave idle",Guess Vocab related to Keyword,Text
"ancient","古式,前方後円墳,隷書,前世紀,上代,南蛮,新羅,太古,神代,古希,記,古文,烏帽子,積年,古語,木馬","古式 ancient rites
前方後円墳 keyhole-shaped ancient tumulus
隷書 clerical script(ancient,highly angular style ka
前世紀 ancient times
上代 ancient times(Heian Nara periods)
南蛮 southern barbarians(ancient China non-Chinese e
新羅 Silla(ancient Korean kingdom
太古 ancient times
神代 ancient
古希 ancient Greek(language)
記 Records Ancient Matters
古文 ancient Chinese character(pre-Qin);ancient writ
烏帽子 black-lacquered headgear made silk,cloth paper
積年 ancient
古語 ancient language
木馬 horse(ancient torture device was forced straddl",Guess Vocab related to Keyword,Text
"argument","抽象論,援用,極論,感情論,因,小競り合い,空疎,暴論,的,空回り,渡り合う,理路,論陣,論法,言い争い,論旨","抽象論 abstract argument
援用 quotation(support argument)
極論 extreme argument;unreserved argument
感情論 sentimental argument;argument based emotion
因 basis argument(hetuvidya)
小競り合い brief argument
空疎 empty(argument)
暴論 irrational(line)argument
的 point(argument)
空回り going round circles(argument,discussion,)
渡り合う argument
理路 argument
論陣 (construction)argument
論法 argument;line argument
言い争い argument
論旨 point argument;drift argument",Guess Vocab related to Keyword,Text
"Buddha","慈眼,来迎,仏前,神仏,成仏,本尊,念仏,阿弥陀,生身,開眼,華厳,権化,結縁,舎利,薬師,薬師如来","慈眼 merciful eye(Buddha bodhisattva watching humani
来迎 coming Amida Buddha welcome spirit dead
仏前 Buddha
神仏 gods Buddha
成仏 becoming Buddha
本尊 principal object worship temple(usu. buddha bod
念仏 visualizing Buddha(mind);three-word invocation 
阿弥陀 Amitabha(Buddha)
生身 physical body Buddha bodhisattva
開眼 filling eyes(Buddha)last step consecrating new 
華厳 avatamsa(flower adornment,metaphor becoming bud
権化 incarnation(Buddha bodhisattva)
結縁 making connection(Buddha)
舎利 bones left cremation(those Buddha Boddhisatva)
薬師 Healing Buddha
薬師如来 Bhaisajyaguru(",Guess Vocab related to Keyword,Text
"consideration","代価,心配り,眼中,忖度,察し,思案,考査,傍若無人,情状酌量,情実,心遣い,高配,思慮,先議,薄謝,熟慮","代価 consideration(contract)
心配り consideration
眼中 consideration
忖度 consideration(wishes)
察し consideration
思案 consideration
考査 consideration
傍若無人 acting consideration others
情状酌量 taking extenuating circumstances consideratio
情実 personal consideration
心遣い consideration
高配 (your)consideration
思慮 consideration
先議 prior consideration
薄謝 small consideration(remuneration,token gratitud
熟慮 (thoughtful)consideration",Guess Vocab related to Keyword,Text
"grave","謹厳,墳墓,墓前,副葬品,危なっかしい,墳丘,盗掘,厳然,墓穴,菩提寺,墓標,浮かばれない,沈痛,珍事,重々しい,由々しい","謹厳 grave
墳墓 grave
墓前 front grave
副葬品 grave goods
危なっかしい grave
墳丘 grave mound
盗掘 grave robbing
厳然 grave
墓穴 grave(pit)
菩提寺 temple family grave
墓標 grave marker
浮かばれない turning grave
沈痛 grave
珍事 grave(unexpected)incident
重々しい grave
由々しい grave",Guess Vocab related to Keyword,Text
"little","多目,片っ端から,取り崩す,心持ち,切り売り,裏山,足らず,一工夫,微力,過少,縁遠い,幼女,軽微,漸次,過不足,幼子","多目 little more(than usual);little extra
片っ端から absolutely every little bit
取り崩す draw(savings,)little little
心持ち just little
切り売り selling little
裏山 side mountain gets little sunshine
足らず little less than
一工夫 little ingenuity
微力 what little can;little influence;little power
過少 too little
縁遠い little prospect marriage
幼女 little girl
軽微 little
漸次 little little
過不足 too much too little
幼子 little child",Guess Vocab related to Keyword,Text
"mental","心持ち,精神病院,心象,心神耗弱,精神病,内的,修養,気苦労,暗算,精神衛生,打ちのめす,知力,知恵遅れ,白痴,虚脱,表象","心持ち mental attitude
精神病院 mental hospital
心象 mental image;mental picture
心神耗弱 legally unaccountable(due mental illness,drug
精神病 mental illness
内的 mental
修養 (mental)training
気苦労 mental exhaustion
暗算 mental arithmetic
精神衛生 mental health;mental hygiene
打ちのめす overwhelm(mental anguish,)
知力 mental capacity
知恵遅れ mental retardation
白痴 profound mental retardation
虚脱 mental numbness
表象 (mental)image",Guess Vocab related to Keyword,Text
"send","突き飛ばす,言付ける,仕向ける,召す,送受,手放す,呼び寄せる,追い返す,降らす,送りつける,特派,送り出す,差し入れる,送り届ける,積み出す,送り返す","突き飛ばす send flying
言付ける send(message,parcel,);send(via else)
仕向ける send
召す send
送受 send receive
手放す send away(child)
呼び寄せる send
追い返す send away
降らす send(rain)
送りつける sendunsolicited;send receiver's request
特派 send specially
送り出す send
差し入れる send(prisoner
送り届ける send
積み出す send
送り返す send",Guess Vocab related to Keyword,Text
"skill","研磨,会得,匠,手加減,素養,妙技,技量,手の内,巧者,奥義,極意,武者修行,練達,巧拙,敏腕,習い事","研磨 refining(skill,knowledge,)
会得 mastery(art skill)
匠 skill
手加減 skill
素養 grounding(skill subject)
妙技 exquisite skill
技量 skill
手の内 skill
巧者 skill
奥義 secret techniques(art skill)
極意 innermost secrets(art skill)
武者修行 traveling gain skill combat(travelling)
練達 skill
巧拙 skill
敏腕 skill
習い事 lessons(art,skill,)",Guess Vocab related to Keyword,Text
"thought","特高,他山の石,思案,思慮,亜流,刷り込む,思い詰める,所存,想,以心伝心,手拍子,思潮,百家争鳴,縁日,神風,突き詰める","特高 police unit controlling political thought expre
他山の石 food thought
思案 careful thought
思慮 thought
亜流 belonging same(thought)
刷り込む instill(thought,impression,)
思い詰める torment(thought)
所存 thought
想 thought
以心伝心 thought transference
手拍子 responding opponent's move proper thought
思潮 trend thought
百家争鳴 hundred schools thought contend
縁日 related particular deity thought bring divine b
神風 divine wind(typhoon thought protected Mongolian
突き詰める obsessed thought",Guess Vocab related to Keyword,Text
"wife","奥方,先妻,婦女子,新造,出来合い,配偶,義妹,新妻,愛妻,夫唱婦随,後妻,連れ添う,正室,妻帯,義姉,良妻","奥方 nobleman's wife
先妻 former wife;late wife
婦女子 wife
新造 wife samurai wealthy tradesman;(another's)wife(
出来合い common-law(wife)
配偶 husband wife
義妹 sister-in-law(spouse's younger sister younger b
新妻 new wife
愛妻 beloved wife
夫唱婦随 wife should husband's bidding
後妻 second wife
連れ添う man wife
正室 legal wife(noble)(opposed concubine)
妻帯 wife
義姉 sister-in-law(spouse's older sister older broth
良妻 good wife",Guess Vocab related to Keyword,Text
"figure","修辞,変わり種,棟梁,三枚目,宗教家,先達,形容,月の兎,態,大御所,土偶,雄姿,埴輪,平面図,形象","修辞 figure speech
変わり種 unique figure
棟梁 central figure
三枚目 figure fun
宗教家 religious figure
先達 senior figure
形容 figure;figure speech
月の兎 mythical figure lives moon
態 figure
大御所 influential figure;leading figure
土偶 earthen figure;clay figure
雄姿 imposing figure;majestic figure
埴輪 hollow unglazed terracotta figure Kofun
平面図 plane figure
形象 figure",Guess Vocab related to Keyword,Text
"authority","振りかざす,出典,王権,行政権,元老,御用,親権,主務,越権,名家,官権,独断専行,威光,港湾局,準拠","振りかざす wield(power,authority)
出典 authority
王権 authority king;royal authority
行政権 authority
元老 authority
御用 subservient authority(government)
親権 parental authority
主務 competent(authority,minister,)
越権 going beyond authority
名家 authority
官権 governmental authority
独断専行 acting arbitrarily own authority
威光 authority
港湾局 Port Harbor Authority
準拠 authority",Guess Vocab related to Keyword,Text
"feel","手加減,口当たり,舌触り,歯応え,恥じらう,肌触り,気遣う,質感,込み上げる,若返る,消え入る,屈する,着心地,手触り,風合い","手加減 measuring feel;adjusting feel;feel
口当たり feel tongue
舌触り feel tongue(food drink)
歯応え feel food while chewed
恥じらう feel shy
肌触り feel
気遣う feel anxious
質感 feel(material)
込み上げる feel sick;feel nauseated
若返る feel young again
消え入る feel faint;feel numb;feel though going die;fe
屈する feel
着心地 (good bad)feel when wearing
手触り feel
風合い feel",Guess Vocab related to Keyword,Text
"give","屈する,参った,取り立てる,名付け親,明け渡す,宿す,登壇,買いかぶる,巻き起こす,引き下がる,産婦,意味付ける,課す,捨て石,断ち切る","屈する give
参った give
取り立てる give patronage
名付け親 first give
明け渡す give(position)
宿す give lodging
登壇 going stage give speech,
買いかぶる givetoo much credit
巻き起こす give rise(controversy)
引き下がる give
産婦 woman just give birth
意味付ける give meaning
課す give
捨て石 ornamental garden stone(placed give natural ap
断ち切る give(attachment,habit,)",Guess Vocab related to Keyword,Text
"image","形象,心象,映り,実写,本尊,仏師,壁紙,立像,石仏,安置,彫像,残像,虚像,表象,開眼","形象 image
心象 image;mental image
映り image
実写 photographic image(opposed drawing,computer-gen
本尊 principal image
仏師 Buddhist image maker
壁紙 desktop image;background image
立像 standing image
石仏 stone Buddhist image
安置 installation(image)
彫像 graven image
残像 image
虚像 false image;virtual image
表象 (mental)image
開眼 ceremony where newly made image idol consecrate",Guess Vocab related to Keyword,Text
"industry","第一次産業,斜陽,乳業,地場産業,一次産業,実入り,農工,軽工業,勧業,第三次産業,商工業,窯業,海運業,風俗営業,通商産業省","第一次産業 primary industry
斜陽 decline(industry)
乳業 dairy industry
地場産業 local industry;traditional local industry
一次産業 primary industry
実入り loaded(intermodal containers transport industr
農工 agriculture industry
軽工業 light industry
勧業 (encouragement)industry
第三次産業 tertiary industry
商工業 commerce industry
窯業 ceramic industry
海運業 shipping industry
風俗営業 sex industry
通商産業省 (former)Ministry International Trade Industr",Guess Vocab related to Keyword,Text
"judgement","子供心,即断,誤判,鑑識,裁断,原判決,鑑別,不見識,品定め,価値判断,裁き,即決,見立て,察し,未決","子供心 judgment child(judgement)
即断 snap judgement
誤判 erroneous judgement
鑑識 judgement
裁断 judgement
原判決 original judgement
鑑別 judgement
不見識 betraying lack judgment(judgement)
品定め judgement
価値判断 value judgement
裁き judgement
即決 summary judgement
見立て judgement
察し judgement
未決 awaiting judgement",Guess Vocab related to Keyword,Text
"opinion","通説,一家言,識見,披瀝,世評,所論,抹殺,所存,貫き通す,自説,迎合,知見,翻る,結果論,見立て","通説 common opinion
一家言 private opinion;personal opinion
識見 opinion
披瀝 expressing opinion
世評 public opinion
所論 opinion
抹殺 ignoring(opinion)
所存 opinion
貫き通す stick(opinion,principles,)
自説 personal opinion
迎合 accommodating(public opinion)
知見 opinion
翻る suddenly change(attitude,opinion,)
結果論 hindsight-based opinion
見立て opinion;medical opinion",Guess Vocab related to Keyword,Text
"post","適役,担ぎ出す,任地,帰任,空位,横滑り,持ち場,留め置き,車止め,職制,宿場,転任,着信,殉職,着任","適役 suitable post role
担ぎ出す convince accept post(through flattery)
任地 post
帰任 return post
空位 post only;vacant post
横滑り shifting another post(same level)
持ち場 post
留め置き mail held post office
車止め bumping post
職制 managerial post
宿場 post station
転任 change post
着信 arrival(post,news,correspondence,)
殉職 dying post
着任 taking new post",Guess Vocab related to Keyword,Text
"pure","純文学,浄土宗,純銀,初々しい,生粋,原種,純愛,原色,純然,無垢,純白,純正,真正,清明,純真","純文学 pure literature
浄土宗 Pure Land sect(Buddhism)
純銀 pure silver
初々しい pure
生粋 pure
原種 pure breed
純愛 pure love
原色 pure color
純然 pure
無垢 pure
純白 pure white
純正 pure
真正 pure
清明 pure clear
純真 pure",Guess Vocab related to Keyword,Text
"sake","冷や,濁り,吟醸酒,利き酒,猪口,聖人,原酒,酒蔵,酒造り,蔵元,地酒,駆け付け三杯,新酒,造り酒屋,美酒","冷や cold sake
濁り unrefined sake
吟醸酒 high-quality sake brewed low temperature ferme
利き酒 sake tasting
猪口 sake cup
聖人 refined sake
原酒 refined sake diluted water;undiluted sake
酒蔵 sake brewery
酒造り sake brewing
蔵元 brewery(sake,soy)
地酒 local sake
駆け付け三杯 three cups sake which latecomers party are 
新酒 new brew sake
造り酒屋 sake brewer;sake brewery
美酒 high-grade sake",Guess Vocab related to Keyword,Text
"shop","商家,菓子屋,店番,店構え,本舗,他店,町家,写真屋,売り子,女将,米屋,夜見世,肉屋,舗,靴屋","商家 shop
菓子屋 confectionery shop;sweet shop
店番 shop assistant
店構え store's appearance(shop front,signs,)
本舗 main shop
他店 another shop
町家 tradesman's house(home shop front)
写真屋 photo processing shop;camera shop;photo finish
売り子 shop assistant
女将 proprietress(traditional inn,restaurant,shop)
米屋 rice shop
夜見世 night shop
肉屋 meat shop;butcher's shop
舗 shop
靴屋 shoe shop",Guess Vocab related to Keyword,Text
"store","商家,代替わり,他店,堪忍袋,靴屋,全店,洋行,名店,蓄え,切り盛り,食料品店,店番,屋号,舗,菓子屋","商家 store
代替わり taking(store family's headship)
他店 another store
堪忍袋 store patience
靴屋 shoe store
全店 whole store
洋行 store operated foreigner(pre-communist China)
名店 well-known store
蓄え store
切り盛り management(house,store,)
食料品店 grocery store
店番 tending store
屋号 store
舗 store
菓子屋 candy store",Guess Vocab related to Keyword,Text
"voice","振り絞る,声優,声色,態,消え入る,怒声,寂,張り上げる,涙声,女声,玉音,歌い上げる,男声,美声,音域","振り絞る strain(voice);use full(voice,energy,)
声優 voice actor actress(radio,animation,)
声色 imitative voice;tone voice
態 voice
消え入る vanish gradually(voice)
怒声 angry voice
寂 well-trained voice
張り上げる raise(voice)
涙声 tearful voice
女声 female voice
玉音 Emperor's voice;beautiful voice
歌い上げる sing top voice
男声 male voice
美声 beautiful voice
音域 range(voice instrument)",Guess Vocab related to Keyword,Text
"wrong","是か非か,別条,誤診,当否,思い込み,見当違い,誤爆,筋違い,逆様,逆行,邪道,黒白,思い違い,理非,逆なで","是か非か right wrong
別条 wrong
誤診 wrong diagnosis
当否 right wrong
思い込み wrong impression
見当違い wrong(guess estimate)
誤爆 bombing(shelling)wrong target
筋違い wrong(estimate,guess)
逆様 wrong way round
逆行 going wrong direction
邪道 wrong way
黒白 right wrong
思い違い wrong idea
理非 right wrong
逆なで rubbingwrong way",Guess Vocab related to Keyword,Text
"bamboo","松竹梅,旗頭,尺八,杓子,熊手,荒巻,松明,笹原,青竹,竹の子,竹刀,破竹,竹細工,竹林","松竹梅 pine,bamboo plum(auspicious grouping)
旗頭 (Okinawa)bamboo poles attached vertical flag el
尺八 end-blown fippleless bamboo flute
杓子 bamboo ladle
熊手 bamboo rake
荒巻 fish wrapped(bamboo)leaves
松明 torch(made pine,bamboo,reed,)
笹原 field bamboo grass
青竹 green bamboo
竹の子 bamboo shoot
竹刀 bamboo fencing stick;bamboo sword(kendo)
破竹 breaking bamboo
竹細工 bamboo ware;bamboo work
竹林 bamboo grove;bamboo thicket",Guess Vocab related to Keyword,Text
"narrow","丁,惜敗,危なっかしい,細身,細道,短冊,命拾い,矮小,手狭,狭き門,狭義,辛勝,細める,際どい","丁 counter long narrow things such guns,scissors,sp
惜敗 defeat narrow margin
危なっかしい narrow
細身 narrow
細道 narrow path;narrow lane
短冊 long,narrow strip paper which poems are written
命拾い narrow escape death
矮小 narrow(thinking)
手狭 narrow
狭き門 narrow gate
狭義 narrow sense(word)
辛勝 narrow victory
細める narrow
際どい narrow(victory)",Guess Vocab related to Keyword,Text
"support","屋台骨,助力,援用,来援,裏付ける,裏打ち,買い支え,固定票,肩入れ,護持,賛助,棟梁,神木,食わす","屋台骨 support
助力 support
援用 quotation(support argument)
来援 support
裏付ける support(theory,claim,)
裏打ち support
買い支え buying support
固定票 solid(assured)support
肩入れ support
護持 support
賛助 support
棟梁 chief support
神木 support pillars traditional fire festival bonfi
食わす support(family)",Guess Vocab related to Keyword,Text
"account","役立てる,織り込む,日計,売掛金,実録,記,付け出し,夢物語,繰り入れる,当座,度外視,残額,当座預金,計算書","役立てる turn account
織り込む take account
日計 daily account
売掛金 outstanding sales account
実録 authentic account
記 account
付け出し account
夢物語 account dream
繰り入れる add(money account)
当座 current account;checking account
度外視 taking account
残額 balance(account)
当座預金 current account;checking account
計算書 statement account",Guess Vocab related to Keyword,Text
"care","後生大事,養生,子守,気付,不衛生,自警,過保護,気苦労,心遣い,済み,介する,愛育,心配り,胎教","後生大事 take great care
養生 taking care health
子守 taking care baby
気付 care(address letter)
不衛生 lack hygienic care
自警 taking care
過保護 excessive care
気苦労 care
心遣い care
済み taken care
介する care
愛育 raising loving care
心配り exerting care
胎教 prenatal care",Guess Vocab related to Keyword,Text
"dance","乱舞,踊らされる,所作,舞曲,甚句,南蛮,立方,獅子舞,踊り場,合いの手,舞楽,田楽,遊戯,奏でる","乱舞 boisterous dance
踊らされる made dance
所作 dance;dance play;dance(kabuki)
舞曲 musical dance
甚句 lively folk song dance tune
南蛮 kabuki,dance,puppetry,)
立方 dancer(dance performance)
獅子舞 lion dance;traditional dance performed more da
踊り場 dance floor
合いの手 chanting clapping along(during song dance)
舞楽 court dance music
田楽 rice dance
遊戯 play dance(kindergarten elementary)
奏でる dance",Guess Vocab related to Keyword,Text
"easy","取りこぼす,楽勝,凡打,好球,平易,安産,手加減,気安い,荒稼ぎ,生易しい,安直,王道,手っ取り早い,簡便","取りこぼす lose easy game
楽勝 easy peasy;easy victory
凡打 easy fly;easy grounder
好球 easy pitch
平易 easy
安産 easy childbirth;easy delivery
手加減 going easy
気安い easy access
荒稼ぎ making easy money
生易しい easy
安直 easy
王道 easy method
手っ取り早い easy
簡便 easy",Guess Vocab related to Keyword,Text
"eye","慈眼,片目,目測,眼科医,水晶体,目くじら,眼中,達磨,眼底,目配り,瞳孔,目隠し,複眼,鑑識","慈眼 merciful eye(Buddha bodhisattva watching humani
片目 eye
目測 eye measurement;measure eye
眼科医 eye specialist
水晶体 crystalline lens(eye)
目くじら corner eye
眼中 within eye
達磨 round,red-painted good-luck doll shape Bodhidha
眼底 fundus eye
目配り keeping eye open
瞳孔 pupil(eye)
目隠し eye bandage
複眼 compound eye
鑑識 eye",Guess Vocab related to Keyword,Text
"kanji","下心,男手,和音,漢和辞典,再読,気構え,隷書,跳ね,邦字,音符,字書,部首,留め,音訓","下心 kanji heart radical bottom
男手 kanji
和音 customary on reading(kanji)(opposed those deriv
漢和辞典 kanji dictionary;dictionary definitions kanji
再読 reading single kanji twice(different pronunciat
気構え kanji vapor radical
隷書 clerical script(ancient,highly angular style ka
跳ね upward turn bottom(vertical stroke kanji hairdo
邦字 kanji kana
音符 phonetic symbol(incl. kanji kana-doubling symbo
字書 kanji dictionary
部首 radical(kanji character)
留め stop(timber joint,end kanji stroke)
音訓 kanji readings",Guess Vocab related to Keyword,Text
"male","連理,従兄,男尊女卑,美少年,孔雀,牡鹿,売り子,農夫,男装,舎弟,男手,雄花,男声,雌雄","連理 intimate male female relationship
従兄 cousin(older male)
男尊女卑 male chauvinism;male domination women
美少年 handsome youth(male)
孔雀 peafowl(incl. male peacock,female peahen,young 
牡鹿 buck(male deer)
売り子 male prostitute
農夫 (male)farmer
男装 male clothing
舎弟 junior male peer
男手 male labor;male labour;male help
雄花 male flower
男声 male voice
雌雄 male female(animals)",Guess Vocab related to Keyword,Text
"near","城下,山の手,引き寄せる,忍び寄る,近東,寄せ付ける,山際,手近,程遠い,近接,間近い,詰め寄る,遠からず,遠近","城下 land near castle
山の手 place near mountains
引き寄せる pull near
忍び寄る draw near unnoticed
近東 Near East
寄せ付ける allowcome near
山際 near mountain
手近 near
程遠い nowhere near
近接 drawing near
間近い near hand
詰め寄る draw near
遠からず near future
遠近 far near",Guess Vocab related to Keyword,Text
"note","付記,約束手形,手控える,譜,小為替,口上書,手控え,説明文,書き留める,書状,書き残す,銘記,裏書,音符","付記 note
約束手形 promissory note
手控える jot note
譜 (musical)note
小為替 (former)postal note(abolished 1951)
口上書 verbal note(notes verbale)
手控え note
説明文 explanatory note
書き留める note
書状 note
書き残す leave(note,will,)behind
銘記 take note
裏書 note written scroll
音符 musical note;note symbol",Guess Vocab related to Keyword,Text
"police","警棒,憲兵,聞き込み,事件記者,駐在所,任意出頭,職務質問,聞き込み捜査,警察手帳,突き出す,警務,特高,自警,警察権","警棒 (police officer's)baton
憲兵 military police
聞き込み getting information(interviewing witnesses,po
事件記者 police reporter
駐在所 residential police box;police substation
任意出頭 voluntarily appearing police questioning
職務質問 police questioning
聞き込み捜査 (police)legwork
警察手帳 police identification card
突き出す hand(police)
警務 police affairs;military police
特高 police unit controlling political thought expre
自警 local government police;municipal police
警察権 police powers",Guess Vocab related to Keyword,Text
"practice","常道,悪習,商慣習,手習い,医事,本道,習わし,定石,修練,習い事,模試,常套手段,悪弊,教則本","常道 normal practice;proper practice
悪習 evil practice
商慣習 commercial practice
手習い practice writing brush
医事 medical practice
本道 internal medicine(Chinese medical practice)
習わし customary practice
定石 standard practice
修練 practice
習い事 practice
模試 practice exam;practice test
常套手段 habitual practice
悪弊 evil practice;corrupt practice
教則本 practice book",Guess Vocab related to Keyword,Text
"soul","全身全霊,入魂,亡霊,一心不乱,一心同体,心霊,心血,英霊,解脱,精魂,回向,消え入る,気骨,霊魂","全身全霊 body soul
入魂 putting heart soul;breathing soul(Buddhist stat
亡霊 soul dead
一心不乱 heart soul
一心同体 body soul
心霊 soul
心血 heart soul
英霊 soul talented
解脱 deliverance soul
精魂 soul
回向 prayers repose soul
消え入る feel soul leaving body(embarrassment,grief,)
気骨 soul
霊魂 soul",Guess Vocab related to Keyword,Text
"town","市井,城下,夜逃げ,城壁,町奉行,場末,持ち切り,城下町,町政,小町,町名,町工場,町会,門前町","市井 town
城下 castle town
夜逃げ skipping town overnight
城壁 town walls
町奉行 (Edo-period)town magistrate
場末 outskirts(town)
持ち切り talk town
城下町 castle town
町政 town administration;town organization;town orga
小町 (town)beauty
町名 town
町工場 small factory town
町会 town council
門前町 town originally built around temple shrine",Guess Vocab related to Keyword,Text
"trip","回遊,内掛け,周遊,切り返す,旅立ち,切り返し,足掛け,旅程,帰り道,渡欧,船旅,西遊,道中,遠出","回遊 round trip
内掛け inside leg trip
周遊 round trip
切り返す perform twisting backward knee trip
旅立ち setting(trip)
切り返し twisting backward knee trip
足掛け leg trip(sumo,judo,)
旅程 distance(trip)
帰り道 return trip
渡欧 trip Europe
船旅 trip boat;sea trip
西遊 westward trip;trip West
道中 trip
遠出 trip",Guess Vocab related to Keyword,Text
"sentence","処する,短文,書き出し,原審,文例,語尾,和文,減刑,訳文,重文,沙汰,長文,服する","処する sentence
短文 short sentence
書き出し opening passage(sentence,paragraph,)
原審 original sentence
文例 sample sentence
語尾 end sentence
和文 sentence
減刑 commutation sentence
訳文 translated sentence
重文 compound sentence
沙汰 sentence
長文 long sentence
服する serve(army,prison sentence,)",Guess Vocab related to Keyword,Text
"blow","吹き荒れる,吹き返す,食らう,巻き上げる,尺八,吹き飛ばす,吹き付ける,痛打,吹き飛ぶ,打ち返す,吹っ飛ぶ,食わす,必殺","吹き荒れる blow violently
吹き返す blow opposite direction
食らう receive(blow)
巻き上げる blow(dust)
尺八 blow job
吹き飛ばす blow away;blow
吹き付ける blow against
痛打 hard blow;crushing blow
吹き飛ぶ blow away;blow
打ち返す return blow repeat
吹っ飛ぶ blow
食わす deal(blow)
必殺 knockout(blow)",Guess Vocab related to Keyword,Text
"free","放免,無碍,大っぴら,寸暇,悠々自適,放し飼い,封殺,逃す,片手間,自由自在,自分勝手,虚心,随意","放免 setting free
無碍 free obstacles
大っぴら free
寸暇 free minute
悠々自適 living quietly comfortably free worldly cares
放し飼い free range breeding;letting run free(dog,chil
封殺 suppression(free speech)
逃す set free
片手間 free
自由自在 free
自分勝手 own free will
虚心 free preconceived ideas
随意 free",Guess Vocab related to Keyword,Text
"sound","録音機,砲声,安眠,快音,玉音,音量,強弱,聞こえ,音響効果,音速,松風,音波,熟睡","録音機 sound recorder
砲声 sound gun
安眠 sound sleep
快音 pleasant sound;pleasing sound
玉音 beautiful sound
音量 volume(sound)
強弱 stress(sound)
聞こえ clearness sound
音響効果 sound effects
音速 speed sound
松風 (sound)wind blowing through pine trees;(sound)s
音波 sound wave
熟睡 sound sleep",Guess Vocab related to Keyword,Text
"stick","突き刺さる,出すぎる,竹刀,指揮棒,突っ立つ,出過ぎる,線香,突き出す,突き出る,食み出る,突きつける,貫き通す,肩たたき","突き刺さる stick
出すぎる stick too much
竹刀 bamboo fencing stick
指揮棒 conductor's stick
突っ立つ stick(hair,)
出過ぎる stick too much
線香 incense stick
突き出す stick
突き出る stick
食み出る stick
突きつける stick
貫き通す stick(opinion,principles,)
肩たたき massage stick pounding shoulders",Guess Vocab related to Keyword,Text
"fresh","若草,心機一転,再出発,新味,初々しい,清風,出直す,真水,青々,新雪,青嵐,疾風,水差し","若草 young(fresh)grass
心機一転 getting fresh start
再出発 fresh start
新味 fresh taste
初々しい fresh
清風 breath fresh air
出直す fresh start
真水 fresh water
青々 fresh green
新雪 fresh snow
青嵐 wind blowing through fresh verdure
疾風 fresh breeze(Beaufort scale)
水差し container fresh water replenishing kettle rins",Guess Vocab related to Keyword,Text
"gift","結納,使い物,与え,恩賜,引き出物,進呈,付け届け,納采,手土産,置き土産,返礼,香典,香料","結納 engagement gift
使い物 gift
与え gift
恩賜 Imperial gift
引き出物 gift
進呈 presentation(gift)
付け届け gift
納采 betrothal gift
手土産 gift
置き土産 parting gift
返礼 return gift
香典 gift brought funeral(usu. money);condolence gif
香料 condolence gift",Guess Vocab related to Keyword,Text
"honour","上座,主賓,家名,栄え,節操,器量,義,立つ瀬,上段,肩身,体面,褒章,誉れ","上座 seat honour
主賓 guest honour
家名 family honour
栄え honour
節操 honour
器量 honour
義 honour(honor)
立つ瀬 honour
上段 place honour
肩身 honour
体面 honour
褒章 medal honour
誉れ honour",Guess Vocab related to Keyword,Text
"hot","持ち切り,熱延,湯水,夏日,熱風,急追,振り出す,焼け石,陽炎,浴客,熱血,溶剤,猛追","持ち切り hot topic
熱延 hot rolling
湯水 hot cold water
夏日 hot summer
熱風 hot wind
急追 hot pursuit
振り出す infuse(hot water)
焼け石 hot stone
陽炎 shimmer hot air
浴客 (hot springs resort)guest
熱血 hot blood
溶剤 hot charge
猛追 hot pursuit;hot chase",Guess Vocab related to Keyword,Text
"i.e.","窯元,堅気,定職,刻印,義,国府,冠水,内地,四天王,箱船,種族,現世,裸眼","窯元 pottery(i.e. place)
堅気 respectable occupation(i.e. yakuza,prostitute,)
定職 occupation(i.e. field regular employment)
刻印 brand(i.e. mark disgrace)
義 nonconsanguineous relationship(i.e. in-laws)
国府 i.e. under Kuomintang)
冠水 covered water(i.e. flood)
内地 mainland(i.e. Honshū)
四天王 big four(i.e. four leaders given field)
箱船 ark(i.e. Noah's)
種族 stellar population(i.e. population,II III)
現世 current epoch(i.e. Holocene epoch)
裸眼 bare eyes(i.e. glasses,contact lenses,)",Guess Vocab related to Keyword,Text
"item","費目,湯水,既製品,一枚看板,探索,必携,中古品,逸品,税源,単体,絶品,番外,良品","費目 item expenditure
湯水 abundant item;plentiful item
既製品 off-the-shelf item
一枚看板 best item has(show)
探索 (item)research
必携 essential item
中古品 item
逸品 fine item
税源 taxable item
単体 solo item;separate item
絶品 exquisite item
番外 extra(performance,item,object,)
良品 good-quality item",Guess Vocab related to Keyword,Text
"labor","人減らし,労働協約,労働争議,肉体労働,力仕事,女手,労働基準局,男手,組織労働者,労苦,重労働,手仕事,役務","人減らし labor cut
労働協約 labor agreement
労働争議 labor dispute
肉体労働 manual physical labor
力仕事 manual labour(labor)
女手 female labor
労働基準局 labor standards bureau
男手 male labor
組織労働者 organized labour(organised,labor)
労苦 labor
重労働 hard labor(prison);heavy labor
手仕事 manual labor
役務 labor",Guess Vocab related to Keyword,Text
"labour","組織労働者,労苦,労働争議,労働協約,女手,重労働,労働基準局,人減らし,男手,肉体労働,役務,力仕事,手仕事","組織労働者 unionized labour;organized labour(organised,
労苦 labour
労働争議 labour dispute
労働協約 labour agreement
女手 female labour
重労働 hard labour;heavy labour
労働基準局 labour standards bureau
人減らし labour cut
男手 male labour
肉体労働 manual physical labour
役務 labour
力仕事 manual labour(labor)
手仕事 manual labour",Guess Vocab related to Keyword,Text
"poetry","百人一首,国風,歌壇,歌い上げる,連歌,叙事詩,詩文,歌会,詩論,歌会始,講評,流儀,漢詩","百人一首 hyakunin isshu poetry cards
国風 waka(classical poetry,opposed Chinese poetry)
歌壇 poetry circles
歌い上げる praise poetry
連歌 renga(early poetry form)
叙事詩 descriptive poetry
詩文 poetry prose
歌会 poetry party
詩論 essay poetry;theory poetry
歌会始 Imperial New Year's Poetry Reading
講評 criticism(teacher coach,commentary,especially p
流儀 (poetry)
漢詩 Chinese poetry",Guess Vocab related to Keyword,Text
"raise","作り出す,持ち上げる,工面,押し立てる,投げ掛ける,巻き起こす,振り上げる,張り上げる,育て上げる,疑心暗鬼,算段,担ぎ出す,振りかざす","作り出す raise(crops)
持ち上げる raise
工面 managing(raise money)
押し立てる raise
投げ掛ける raise
巻き起こす raise(cloud dust)
振り上げる raise overhead
張り上げる raise(voice)
育て上げる raise(maturity)
疑心暗鬼 suspicion will raise bogies
算段 contriving(raise money)
担ぎ出す raise(issue)
振りかざす raise(overhead)",Guess Vocab related to Keyword,Text
"region","土着,暖地,前人未到,圏外,腰部,蒙古,秘境,新地,関西人,風物,浪速,庄屋,踏破","土着 native(region)
暖地 region mild climate
前人未到 untrodden(region,field study,)
圏外 outside(region,area,)
腰部 pelvic region
蒙古 Mongolia(region)
秘境 unexplored region;secluded region
新地 newly-opened region
関西人 Kansai region
風物 things particular certain region season
浪速 Naniwa(former Osaka region)
庄屋 village headman(Kansai region)
踏破 visiting major locations(region,)",Guess Vocab related to Keyword,Text
"road","雪道,新道,農道,家路,公道,本道,分かれ道,追分,悪路,盛り土,道交法,路肩,王道","雪道 snow-covered road
新道 new road
農道 farm road
家路 road home
公道 public road
本道 main road;right road
分かれ道 forked road;branch road
追分 forked road
悪路 bad road
盛り土 embankment(road,railway,)
道交法 Road Traffic Act
路肩 shoulder(road)
王道 royal road",Guess Vocab related to Keyword,Text
"selection","淘汰,抄録,取捨,自選,厳選,自然淘汰,選書,選集,抜擢,見立て,選評,選曲,精選","淘汰 selection
抄録 selection
取捨 selection
自選 own selection
厳選 careful selection
自然淘汰 natural selection
選書 selection books
選集 selection(poems,texts)
抜擢 selection(many important position)
見立て selection
選評 selection commentary(literary texts poems)
選曲 selection music;song selection
精選 careful selection",Guess Vocab related to Keyword,Text
"slip","抜け出る,失言,紙切れ,滑り込む,滑り降りる,滑り出す,御神籤,口走る,突っ掛ける,潜り込む,滑り落ちる,損じ,紛れ込む","抜け出る slip
失言 slip tongue;verbal slip
紙切れ slip paper
滑り込む slip
滑り降りる slip
滑り出す begin slip
御神籤 fortune slip(usu. bought shrine)
口走る slip
突っ掛ける slip(slippers,sandals,)
潜り込む slip
滑り落ちる slip
損じ slip
紛れ込む slip",Guess Vocab related to Keyword,Text
"speech","口裏,封殺,弁舌,言辞,形容,卓上,格調,片言,登壇,修辞,言行,自慢話,言語障害","口裏 determining speaker's intentions manner speech
封殺 suppression(free speech)
弁舌 speech
言辞 speech
形容 figure speech
卓上 after-dinner speech
格調 tone(speech,writing,)
片言 imperfect speech
登壇 going stage give speech,
修辞 figure speech
言行 speech behaviour(behavior)
自慢話 boastful speech
言語障害 speech disorder;speech impediment",Guess Vocab related to Keyword,Text
"stand","秀でる,浮き出る,立ちはだかる,仁王,浮き上がる,抜け出る,浮き立つ,突っ立つ,突き出る,架,立ち尽くす,立ち並ぶ,模擬店","秀でる stand
浮き出る stand(against background)
立ちはだかる stand way(progress);stand way(legs spread)
仁王 guardian gods Buddhism stand entrance Buddhist 
浮き上がる stand
抜け出る stand
浮き立つ stand
突っ立つ stand around;stand abruptly;stand place,nothi
突き出る stand
架 stand
立ち尽くす stand motionless
立ち並ぶ stand row(shops street)
模擬店 refreshment stand",Guess Vocab related to Keyword,Text
"strength","人力,手加減,強弱,満身,振り絞る,特長,出し切る,剛毅,脚力,総員,馬力,頭数,段違い","人力 human strength
手加減 adapting situation(strength,strictness,)
強弱 (degree)strength;strength weakness
満身 (strength,anger,spirit,)
振り絞る muster(strength,courage,)
特長 strength
出し切る use(strength,ideas,)
剛毅 inner strength
脚力 leg strength
総員 entire strength
馬力 strength
頭数 numerical strength
段違い wildly different(ability,strength,)",Guess Vocab related to Keyword,Text
"type","変わり種,青色申告,旧型,属性,友禅染め,号数,毛並み,字体,易,活版,羽衣,浄瑠璃,類型","変わり種 exceptional type
青色申告 type income tax return filing which allows sp
旧型 old type
属性 character class,type,fetish,
友禅染め type dyeing method pattern
号数 type size
毛並み type
字体 type
易 type cleromancy divination(described Book Change
活版 moveable type printing;block type
羽衣 type bug
浄瑠璃 type dramatic recitation accompanied shamisen(
類型 similar type;type",Guess Vocab related to Keyword,Text
"when","返り点,達磨,際して,後の祭り,畝,押し目買い,酒乱,大部屋,玉砕,戸板,着心地,見計らう,音痴","返り点 marks written alongside characters classical C
達磨 round,red-painted good-luck doll shape Bodhidha
際して when
後の祭り stage when it's too late
畝 row raised earth when planting crops
押し目買い buying when market
酒乱 prone violence when drunk
大部屋 waiting room performers when stage
玉砕 completely rejected when professing love
戸板 sliding door(when removed frame carrying things
着心地 (good bad)feel when wearing
見計らう choose when
音痴 hopeless when comes(computers)",Guess Vocab related to Keyword,Text
"within","坑内,在中,内発,互選,手近,劇中劇,内地,込み上げる,座右,明星,挿話,内堀,眼中","坑内 within pit(mine)shaft
在中 (contained)within
内発 burst energy within
互選 election within committee(party,)
手近 within reach
劇中劇 play within play
内地 within borders country
込み上げる surge(within)
座右 place within arm's reach
明星 preeminent(within own field)
挿話 story within story
内堀 moat within castle walls
眼中 within eye",Guess Vocab related to Keyword,Text
"wooden","木彫,積み木,木管,木刀,井筒,木部,寄せ木細工,板の間,町家,木馬,板張り,棒読み,絵馬","木彫 wooden sculpture
積み木 wooden bricks;wooden building blocks
木管 wooden bobbin;wooden pipe
木刀 wooden sword
井筒 family crest design based square wooden well cu
木部 wooden part
寄せ木細工 wooden mosaic(piece furniture);wooden mosaic
板の間 room wooden floor;wooden floor
町家 traditional wooden townhouse
木馬 wooden horse
板張り wooden floor
棒読み wooden delivery
絵馬 wooden tablet usu. filled prayer hung shrine te",Guess Vocab related to Keyword,Text
"human","人家,人身,世情,人身売買,人力,人間味,人情味,人面,人里,斬る,人間工学,喜怒哀楽,心霊","人家 human habitation
人身 human body
世情 human nature
人身売買 human trafficking
人力 human agency;human power;human strength;human e
人間味 human weakness;human kindness
人情味 human interest
人面 human face
人里 human habitation
斬る kill(human)using blade(sword,machete,knife,)
人間工学 human engineering;human factors
喜怒哀楽 human emotions(joy,anger,grief pleasure)
心霊 spirit(human spirit)",Guess Vocab related to Keyword,Text
"quick","薄利多売,二つ返事,一攫千金,引き抜き,早業,手早い,速足,手っ取り早い,早変わり,急ぎ足,才覚,生石灰","薄利多売 small profits quick returns
二つ返事 quick answer
一攫千金 getting rich quick
引き抜き quick costume change kabuki(taking outer cost
早業 quick work
手早い quick
速足 quick steps;quick pace;quick march
手っ取り早い quick
早変わり quick change(costume);quick transformation
急ぎ足 quick pace
才覚 quick wits
生石灰 quick lime",Guess Vocab related to Keyword,Text
"sect","天理教,天台,大本山,華厳,分派,天台宗,宗祖,宗旨,学派,浄土宗,教主,開祖","天理教 Tenrikyo(Shinto sect)
天台 Tendai sect(Buddhism)
大本山 head temple Buddhist sect
華厳 Kegon(sect Buddhism)
分派 sect
天台宗 Tendai sect(Buddhism)
宗祖 sect founder
宗旨 tenets(religious sect);(religious)sect
学派 sect
浄土宗 Jodo(sect);Pure Land sect(Buddhism)
教主 founder religious sect
開祖 (sect)founder",Guess Vocab related to Keyword,Text
"volume","全編,声量,全巻,大著,分冊,売買高,別巻,増量,前編,音量,排水量,水かさ","全編 whole book(volume)
声量 (vocal)volume
全巻 every volume;whole volume
大著 bulky volume
分冊 separate volume
売買高 sales volume
別巻 separate volume
増量 increase volume
前編 first volume
音量 volume(sound)
排水量 volume wastewater
水かさ volume water(river,pond,flood,)",Guess Vocab related to Keyword,Text
"tide","上げ潮,大潮,上げ下げ,漂泊,退潮,乗り切る,逆流,赤潮,高潮,変わり目,満潮,潮干狩り","上げ潮 rising tide;flood tide;incoming tide
大潮 spring tide
上げ下げ ebb flow(tide)
漂泊 drifting(current,tide,)
退潮 ebb tide
乗り切る tide
逆流 adverse tide
赤潮 red tide
高潮 tide
変わり目 turn(tide,century,)
満潮 full tide;tide
潮干狩り shell gathering(low tide)",Guess Vocab related to Keyword,Text
"waste","廃油,廃物,不経済,古び衰える,廃液,汚物,余熱,空費,廃品,生ゴミ,遊ばす,産廃","廃油 waste oil
廃物 waste material
不経済 waste
古び衰える waste away
廃液 waste liquid
汚物 waste
余熱 waste heat
空費 waste
廃品 waste
生ゴミ kitchen waste
遊ばす waste
産廃 industrial waste",Guess Vocab related to Keyword,Text
"stream","濁流,水脈,川尻,山水,流れ出る,伏流,流し込む,激流,流れ出す,奔流,流水,渓流","濁流 muddy stream
水脈 underground stream water
川尻 lower stream
山水 mountain stream
流れ出る stream
伏流 subterranean stream
流し込む insert(data stream)
激流 raging stream
流れ出す stream
奔流 violently rushing stream;rapid stream
流水 stream
渓流 mountain stream",Guess Vocab related to Keyword,Text
"along","上滑り,迎合,折り合う,提げる,縦走,連れ立つ,合いの手,臨港,引き連れる,順送り,持って来る,道連れ","上滑り sliding along surface
迎合 going along
折り合う along well
提げる take along
縦走 walking along ridge mountain
連れ立つ along
合いの手 chanting clapping along(during song dance)
臨港 facing(along)harbor(harbour)
引き連れる take along
順送り passing along(order)
持って来る takealong
道連れ taking along unwillingly(death)",Guess Vocab related to Keyword,Text
"attitude","及び腰,大上段,翻る,心持ち,弱腰,気構え,居直る,人当たり,変わり身,心機一転,身構え,陰性","及び腰 indecisive attitude
大上段 haughty attitude
翻る suddenly change(attitude,opinion,)
心持ち mental attitude
弱腰 weak attitude
気構え attitude
居直る take defiant attitude
人当たり attitude
変わり身 change attitude(stance,position)
心機一転 changing attitude
身構え attitude
陰性 negative(attitude)",Guess Vocab related to Keyword,Text
"certain","確たる証拠,各種学校,切り上げる,危なげない,仕向ける,必殺,論証,専科,僧堂,風物,張り出し,食わず嫌い","確たる証拠 certain evidence
各種学校 legal category schools including certain voca
切り上げる close(certain point)
危なげない certain
仕向ける act toward(certain way)
必殺 bringing certain death
論証 certain truth
専科 specialized certain field application(sauce spe
僧堂 temple meditation hall certain other temple str
風物 things particular certain region season
張り出し extra third fourth wrestler certain rank
食わず嫌い disliking certain food tried",Guess Vocab related to Keyword,Text
"crowd","大群,詰め掛ける,人波,人込み,人垣,押し出す,押し寄せる,押し掛ける,団子,駆け抜ける,詰め込む,黒山","大群 large crowd
詰め掛ける crowd(house)
人波 surging crowd
人込み crowd
人垣 crowd lined(spectators)
押し出す crowd
押し寄せる surge forward(crowd,wave nostalgia,wave,)
押し掛ける crowd
団子 tight crowd
駆け抜ける run through(crowd,gate,)
詰め込む crowd
黒山 large crowd",Guess Vocab related to Keyword,Text
"different","十人十色,乗り継ぐ,異母,使い分ける,移設,別条,吹き替え,再読,段違い,隔世,異種,異説","十人十色 different strokes different folks
乗り継ぐ connect(different flight,train,)
異母 different mother
使い分ける use(different things)different purposes
移設 moving(different site)
別条 different situation
吹き替え dubbing(film,different language)
再読 reading single kanji twice(different pronunciat
段違い wildly different(ability,strength,);different 
隔世 different age
異種 different kind(,variety)
異説 different view",Guess Vocab related to Keyword,Text
"district","細見,遊郭,地方裁判所,判官,歓楽街,新地,場末,暖地,泥水,民生委員,花柳界,水郷","細見 guide Yoshiwara red light district
遊郭 (licensed)red light district
地方裁判所 district court
判官 assistant district officer
歓楽街 entertainment district;red-light district
新地 red-light district
場末 run-down district
暖地 warm district
泥水 red-light district
民生委員 district welfare officer
花柳界 red-light district
水郷 canal district;lakeside district",Guess Vocab related to Keyword,Text
"Emperor","元老,内奏,後宮,内裏,奏する,朝見,大喪,関白,禅譲,大帝,帝王,進講","元老 genrō(member pre-WWII body informally advised e
内奏 secret report emperor
後宮 consort emperor
内裏 festival dolls representing emperor empress
奏する report Emperor
朝見 audience Emperor
大喪 funeral service emperor
関白 chief advisor Emperor(adviser)
禅譲 abdication(Chinese emperor)favor virtuous succe
大帝 great emperor
帝王 emperor
進講 lecturing Emperor",Guess Vocab related to Keyword,Text
"extra","割増賃金,追加料金,号外,多目,着込む,割増,増刊,別巻,追肥,番外,張り出し,素焼き","割増賃金 extra pay
追加料金 extra charge
号外 newspaper extra
多目 little extra
着込む wear extra clothes
割増 extra(charge,fare,)
増刊 issuing extra number
別巻 extra issue
追肥 (adding)extra fertilizer manure(fertiliser)
番外 extra(theatrical);extra(performance,item,object
張り出し extra third fourth wrestler certain rank
素焼き simple okonomiyaki any extra ingredients",Guess Vocab related to Keyword,Text
"extreme","極寒,国粋主義,極論,極北,最,極左,底抜け,白夜,際どい,極まりない,極点,最たる物","極寒 extreme cold
国粋主義 extreme patriotism
極論 extreme argument;extreme logic
極北 extreme north
最 extreme
極左 extreme left
底抜け extreme
白夜 white night(extreme latitudes)
際どい extreme
極まりない extreme
極点 extreme(point)
最たる物 most extreme",Guess Vocab related to Keyword,Text
"issue","向き合う,担ぎ出す,別巻,沙汰,善処,論じ尽くす,振り出す,増刊,表面化,踏み込み,本題,立ち入る","向き合う confront(issue)
担ぎ出す raise(issue)
別巻 extra issue
沙汰 issue
善処 handling(issue)carefully
論じ尽くす deal exhaustively(issue)
振り出す issue(money order)
増刊 special issue(magazine,)
表面化 becoming issue
踏み込み going(issue,)
本題 main issue
立ち入る deeply(issue)",Guess Vocab related to Keyword,Text
"judgment","子供心,即断,不見識,鑑別,計らい,原判決,価値判断,断罪,即決,裁き,裁断,鑑識","子供心 judgment child(judgement)
即断 snap judgment
不見識 betraying lack judgment(judgement)
鑑別 judgment
計らい judgment
原判決 judgment prior instance
価値判断 value judgment
断罪 judgment(crime)
即決 summary judgment
裁き judgment
裁断 judgment
鑑識 judgment",Guess Vocab related to Keyword,Text
"noble","崇高,高尚,側室,御曹司,貴公子,正室,公家,王侯,貴賓,王道,高潔,高貴","崇高 noble
高尚 noble
側室 concubine(noble)
御曹司 son noble
貴公子 scion noble family
正室 legal wife(noble)(opposed concubine)
公家 court noble
王侯 noble rank
貴賓 noble visitor
王道 noble path
高潔 noble
高貴 noble",Guess Vocab related to Keyword,Text
"path","小道,退路,王道,行く手,山路,行く末,公道,通り道,野道,邪道,抜け道,細道","小道 path
退路 path retreat
王道 noble path
行く手 path
山路 mountain path
行く末 path
公道 right path
通り道 path
野道 path field
邪道 evil path
抜け道 secret path
細道 narrow path",Guess Vocab related to Keyword,Text
"reach","圏外,上り詰める,優に,折り合う,踏み台,手近,座右,立ち至る,煮詰まる,行き詰まる,詰む,雲の上","圏外 reach
上り詰める reach summit(mountain)
優に easily(reach,exceed,)
折り合う reach agreement
踏み台 stool(stood reach objects)
手近 within reach
座右 place within arm's reach
立ち至る reach
煮詰まる reach impasse
行き詰まる reach deadlock;reach stalemate;reach impasse
詰む reach limits
雲の上 place reach",Guess Vocab related to Keyword,Text
"row","並み居る,上段,家並み,後列,最後列,前列,持ち上がる,将棋倒し,歯並び,居並ぶ,畝,立ち並ぶ","並み居る sit row
上段 upper row
家並み row houses
後列 row
最後列 row;rearmost row;last row
前列 front row
持ち上がる homeroom teacher same class multiple years r
将棋倒し toppling shogi pieces(lined row)
歯並び row teeth
居並ぶ sit row
畝 row raised earth when planting crops
立ち並ぶ stand row(shops street);line row",Guess Vocab related to Keyword,Text
"serious","重々しい,立ち至る,甚大,一大事,珍事,猛省,正面,重篤,別条,由々しい,重病,重罪","重々しい serious
立ち至る come(serious state)
甚大 serious
一大事 serious affair
珍事 serious event
猛省 serious reflection
正面 serious
重篤 serious
別条 serious condition(injury)
由々しい serious
重病 serious illness
重罪 serious crime",Guess Vocab related to Keyword,Text
"trade","保護貿易,稼業,商号,和尚,商売人,水商売,業界紙,人身売買,出超,酒販,屋号,通商産業省","保護貿易 protective trade
稼業 trade
商号 trade
和尚 master(art,trade,)
商売人 expert(trade profession)
水商売 chancy trade business uncertain profitability
業界紙 trade journal
人身売買 white-slave trade;slave trade
出超 favourable balance trade;favorable balance trad
酒販 liquor trade
屋号 trade(sole proprietorship)
通商産業省 (former)Ministry International Trade Industr",Guess Vocab related to Keyword,Text
"vehicle","乗り合わせる,原付き,三輪車,自賠責保険,乗り捨てる,召す,車止め,自重,廃車,乗り心地,大乗,横付け","乗り合わせる share vehicle
原付き motorized two-wheeled vehicle(displacement les
三輪車 three wheeled vehicle(tricycle,motorcycle,)
自賠責保険 mandatory vehicle liability insurance
乗り捨てる abandon(ship vehicle)
召す (vehicle)
車止め bollard(preventing vehicle access)
自重 weight(unloaded)vehicle
廃車 service vehicle;end life vehicle;unregistered v
乗り心地 comfort(vehicle)
大乗 large passenger vehicle;Great Vehicle
横付け bringing alongside(ship,vehicle,)",Guess Vocab related to Keyword,Text
"pile","積み重ねる,降り積もる,押し掛ける,山積み,積み上げる,下積み,雪山,積み重なる,重ね,山盛り,重なり合う","積み重ねる pile
降り積もる fall pile(snow)
押し掛ける pile
山積み pile
積み上げる pile
下積み bottom pile
雪山 pile snow
積み重なる pile
重ね pile
山盛り pile
重なり合う pile",Guess Vocab related to Keyword,Text
"advance","天引き,先払い,漸進,勝ち残る,押し寄せる,進塁,先鋒,勝ち進む,日進月歩,踏み出す,進軍","天引き deduction advance(tax,interest,)
先払い payment advance;advance payment
漸進 steady advance
勝ち残る win advance next round
押し寄せる advance
進塁 advance(next base)
先鋒 advance guard
勝ち進む win advance next round
日進月歩 rapid advance
踏み出す advance
進軍 advance",Guess Vocab related to Keyword,Text
"damage","塩害,戦禍,防除,自虐,実害,病虫害,損じる,棄損,病害,食わす,痛み分け","塩害 salt damage(seawater,sea air,)
戦禍 war damage
防除 prevention(plant disease insect damage)
自虐 inflicting damage
実害 actual damage
病虫害 (crop)damage disease harmful insects
損じる damage
棄損 damage
病害 (crop)damage owing disease blight
食わす inflict(damage)
痛み分け ending both sides suffering damage(dispute,)",Guess Vocab related to Keyword,Text
"sight","弱視,壮観,初見,目障り,透視,丸見え,美観,縁の下,機影,醜態,見かける","弱視 weak sight
壮観 thrilling sight
初見 first sight
目障り unpleasant sight
透視 second sight
丸見え plain sight
美観 beautiful sight
縁の下 sight
機影 sight(signs)aeroplane(airplane)
醜態 shameful sight
見かける catch sight",Guess Vocab related to Keyword,Text
"agency","媒介,取次ぎ,人力,取り次ぎ,仲立ち,公安調査庁,興信所,行政管理庁,聴聞会,買い上げる,取次店","媒介 agency
取次ぎ agency
人力 human agency
取り次ぎ agency
仲立ち agency
公安調査庁 Public Security Intelligence Agency
興信所 enquiry agency;detective agency
行政管理庁 Administrative Management Agency
聴聞会 hearing(government agency)
買い上げる buy(government,public agency,private citizen
取次店 agency",Guess Vocab related to Keyword,Text
"block","升,外郭,滑車,木片,断ち切る,版木,活版,軸受け,立ちはだかる,街区,車止め","升 square bearing block(top pillar)
外郭 outer block
滑車 block
木片 block(wood)
断ち切る block
版木 (printing)block
活版 block type
軸受け pillow block;plummer block
立ちはだかる block way
街区 block(land)
車止め parking block",Guess Vocab related to Keyword,Text
"carry","押し通す,一目散に,押し流す,切り出す,抱え込む,貫き通す,持ち去る,宿す,担ぎ出す,期成同盟,運び出す","押し通す carry;carry through
一目散に fast legs can carry
押し流す carry away
切り出す cut carry
抱え込む carry arms
貫き通す carry
持ち去る carry away
宿す carry(baby)
担ぎ出す carry place
期成同盟 association formed carry objective
運び出す carry(somewhere)",Guess Vocab related to Keyword,Text
"decision","即断,本決まり,裁断,勇断,即決,主文,英断,定め,院議,諾否,裁き","即断 prompt decision
本決まり definite decision;final decision
裁断 decision
勇断 resolute decision
即決 snap decision;prompt decision;on-the-spot decis
主文 text(judicial decision)
英断 firm decision;excellent decision
定め decision
院議 legislative decision
諾否 decision accept decline
裁き decision",Guess Vocab related to Keyword,Text
"disposition","天性,心根,人付き合い,傾き,性癖,性分,心持ち,性根,心性,肌合い,計らい","天性 innate disposition
心根 disposition
人付き合い social disposition
傾き disposition
性癖 disposition;sexual disposition
性分 disposition
心持ち disposition
性根 disposition
心性 disposition
肌合い disposition
計らい disposition",Guess Vocab related to Keyword,Text
"event","慶事,惨劇,中座,取り直す,前夜祭,口切り,年中行事,未発,設営,置き傘,珍事","慶事 happy event;auspicious event
惨劇 tragic event
中座 leaving seat(event)
取り直す regroup(some adverse event)
前夜祭 event held night another event
口切り event start tenth month lunar calendar
年中行事 annual event
未発 event takes place
設営 arrangement(event)
置き傘 spare umbrella kept(work)event sudden shower
珍事 serious event;rare event",Guess Vocab related to Keyword,Text
"help","肥やし,他力,助け舟,助長,御利益,力添え,大助かり,内助,女手,助け合う,男手","肥やし will help develop future
他力 outside help;help
助け舟 timely help
助長 unnecessary help;unwanted help(usu. unintention
御利益 help
力添え help
大助かり great help
内助 wife's help
女手 female help
助け合う help each other
男手 male help",Guess Vocab related to Keyword,Text
"honor","義,紫綬褒章,体面,上段,家名,上座,栄誉礼,主賓,節操,誉れ,肩身","義 honour(honor)
紫綬褒章 Medal Honor Purple Ribbon(awarded scholarly a
体面 honor
上段 place honor
家名 family honor
上座 seat honor
栄誉礼 salute guard honor
主賓 guest honor
節操 honor
誉れ honor
肩身 honor",Guess Vocab related to Keyword,Text
"level","横滑り,坑道,床上,段違い,突き崩す,切り崩す,地平,平準,盛り土,足止め,血糖値","横滑り shifting another post(same level)
坑道 level
床上 above floor level
段違い another level
突き崩す level
切り崩す level(earth)
地平 level ground
平準 level
盛り土 raising ground level
足止め level dyeing
血糖値 blood sugar level",Guess Vocab related to Keyword,Text
"lord","城下町,安堵,名君,主従,居城,内大臣,下克上,恩給,領主,城主,主君","城下町 city developed around castle feudal lord
安堵 recognition right land ownership(shogunate,feud
名君 benevolent lord
主従 lord retainer
居城 castle feudal lord
内大臣 Lord Keeper Privy Seal(1885-1945)
下克上 retainer supplanting lord
恩給 lord giving land holding vassal
領主 feudal lord
城主 lord castle
主君 lord",Guess Vocab related to Keyword,Text
"machine","打ち止め,始動,乾燥機,券売機,扱い方,複写機,機銃,消音,織機,軽機関銃,重機関銃","打ち止め closing pachinko machine(has paid designated 
始動 starting(machine,engine,car,)
乾燥機 drying machine
券売機 ticket-vending machine;ticket machine
扱い方 how handle(machine)
複写機 photocopying machine
機銃 machine gun
消音 silencing(machine)
織機 weaving machine
軽機関銃 light machine gun
重機関銃 heavy machine gun",Guess Vocab related to Keyword,Text
"metal","口金,地金,厚板,軽金属,筋金,板金,蒔絵,引き抜き,彫金,鍛錬,金物","口金 (metal)cap
地金 unprocessed metal;ground metal
厚板 heavy metal sheet(welding)
軽金属 light metal
筋金 metal reinforcement
板金 metal plate;sheet metal
蒔絵 lacquer decoration sprinkled metal powder
引き抜き drawing(wire,pipes,metal plate)
彫金 metal carving;metal engraving
鍛錬 tempering(metal)
金物 metal fittings;metal utensil",Guess Vocab related to Keyword,Text
"next","他界,時々刻々,勝ち進む,菩提,翌春,来世,勝ち残る,隣席,次週,進塁,翌週","他界 next world
時々刻々 minute next
勝ち進む win advance next round
菩提 happiness next world
翌春 next spring
来世 next world
勝ち残る win advance next round
隣席 next seat
次週 next week
進塁 advance(next base)
翌週 next week",Guess Vocab related to Keyword,Text
"political","立党,公党,政商,小党,右傾,特高,政略,粛清,政治結社,脱党,解党","立党 founding political party
公党 political party
政商 businessman political ties
小党 small political party
右傾 leaning(political)right
特高 police unit controlling political thought expre
政略 political manoeuvre;political maneuver
粛清 (political)purge
政治結社 political organization(organisation)
脱党 defection leaving(political)party
解党 dissolution(political party)",Guess Vocab related to Keyword,Text
"step","上段,歩幅,三段跳び,二の足,開眼,英断,進み出る,下段,音程,踏み込む,踏み出す","上段 upper step
歩幅 step
三段跳び hop,step jump
二の足 second step
開眼 filling eyes(Buddha)last step consecrating new 
英断 resolute step
進み出る step forward
下段 lower step
音程 step
踏み込む step(else's territory)
踏み出す step forth;step forward",Guess Vocab related to Keyword,Text
"taste","濃密,新味,世俗,情操,塩味,醍醐味,嗜好,口当たり,甘美,香味,甘辛","濃密 rich(taste content)
新味 fresh taste
世俗 popular taste
情操 (good)taste
塩味 salty taste
醍醐味 delicious taste
嗜好 taste
口当たり taste
甘美 sweet(taste)
香味 smell taste
甘辛 salted sweetened taste",Guess Vocab related to Keyword,Text
"true","見透かす,地金,本義,本性,口裏,本旨,真菌,真正,醍醐味,本意,迫真","見透かす read(true feelings)
地金 true character
本義 true meaning
本性 true character
口裏 determining speaker's true hidden meaning
本旨 true aim
真菌 true fungus
真正 true
醍醐味 true charm
本意 true motive;true will
迫真 true life",Guess Vocab related to Keyword,Text
"late","晩夏,晩春,小春,後の祭り,亡夫,遅咲き,先妻,亡父,土偶,朝寝坊,晩秋","晩夏 late summer
晩春 late spring
小春 late autumn;late fall
後の祭り stage when it's too late
亡夫 late husband
遅咲き late flowering;late blooming(flower,talent)
先妻 late wife
亡父 late father
土偶 clay figurines late Jōmon
朝寝坊 late riser;sleeping late morning
晩秋 late autumn(fall)",Guess Vocab related to Keyword,Text
"begin","泣き出す,初める,考え出す,切り出す,滑り出す,問い掛ける,聞き出す,書き出す,降り出す,芽生える","泣き出す begin cry
初める begin
考え出す begin think
切り出す begin talk
滑り出す begin slide;begin slip
問い掛ける begin ask question
聞き出す begin listening
書き出す begin write
降り出す begin snow;begin rain
芽生える begin grow",Guess Vocab related to Keyword,Text
"important","書き出す,三拍子,大典,大路,抜擢,大所,一大事,緊要,大任,重文","書き出す write(important parts)
三拍子 three important requisites
大典 important law
大路 most important three classes highway(ritsuryō)
抜擢 selection(many important position)
大所 important
一大事 important matter
緊要 important
大任 important mission;important task;important duty
重文 important cultural property;important cultural ",Guess Vocab related to Keyword,Text
"information","沙汰,聞き込み,仕込む,取りこぼす,見聞き,諜報,報知,密告,知見,聞き出す","沙汰 information
聞き込み getting information(interviewing witnesses,po
仕込む acquire(information)
取りこぼす lose information
見聞き information
諜報 secret information
報知 information
密告 (secret)information
知見 information
聞き出す (information);extract(information)",Guess Vocab related to Keyword,Text
"middle","腰砕け,中幕,真っ盛り,中垣,中耳,松竹梅,小市民,中葉,振り分け,法度","腰砕け breaking(while middle);collapsing middle bout
中幕 middle act
真っ盛り middle
中垣 middle fence
中耳 middle ear
松竹梅 ,middle low(ranking);top,middle bottom
小市民 lower middle class
中葉 middle(era);middle lobe(right lung)
振り分け hair parted middle
法度 ordinance(middle ages)",Guess Vocab related to Keyword,Text
"student","在校,塾生,書生,同門,女学生,兄弟子,寮生,学究,師弟,院生","在校 student
塾生 cram student;student private-tutoring
書生 student;student performs housework exchange mea
同門 fellow student
女学生 female student
兄弟子 senior student
寮生 boarding student
学究 student
師弟 teacher student
院生 graduate student",Guess Vocab related to Keyword,Text
"sun","日章旗,寸,斜陽,白夜,陰陽,旭日,天日,日月,西日,落日","日章旗 (rising sun)flag
寸 sun(approx. 3.03 cm)
斜陽 setting sun
白夜 night during which sun doesn't set;night under 
陰陽 sun moon,
旭日 rising sun
天日 sun;heat sun
日月 sun moon
西日 setting sun;afternoon sun;westering sun
落日 setting sun",Guess Vocab related to Keyword,Text
"than","原付き,上回る,足らず,多目,高々,下回る,以遠,年余,手間取る,秀でる","原付き motorized two-wheeled vehicle(displacement les
上回る better than;more than
足らず little less than
多目 little more(than usual)
高々 more than
下回る less than;lower than
以遠 further than
年余 more than year
手間取る take more than expected
秀でる better(than others)",Guess Vocab related to Keyword,Text
"bill","付け出し,帯封,振り替える,振り出す,上程,割り勘,不渡り手形,裏書,書き出し,手形割引","付け出し bill
帯封 bill strap
振り替える change(bill)
振り出す draw check(bill,draft,)
上程 introducing(bill)
割り勘 splitting bill
不渡り手形 dishonoured bill;dishonored bill
裏書 endorsement(cheque,bill,)
書き出し bill
手形割引 discounting bill",Guess Vocab related to Keyword,Text
"catch","不漁,大漁,垣間見る,捕球,豊漁,初物,落球,聞き取る,見かける,召す","不漁 poor catch(fishing)
大漁 big catch(fishing)
垣間見る catch glimpse
捕球 catch
豊漁 good catch
初物 first season(produce,catch)
落球 failing catch ball;flubbing catch
聞き取る catch(words)
見かける catch sight
召す catch(cold)",Guess Vocab related to Keyword,Text
"division","付け出し,案分,三段目,山分け,縦割り,区分け,序二段,序の口,幕の内,細胞分裂","付け出し very successful amateur wrestler,allowed star
案分 proportional division
三段目 third lowest division
山分け equal division(profits,prize money,)
縦割り division sections
区分け division
序二段 jonidan(second lowest)division
序の口 lowest division sumo
幕の内 top division(professional sumo)
細胞分裂 cell division",Guess Vocab related to Keyword,Text
"equal","平手,相半ばする,尺,男女同権,拮抗,立ち並ぶ,伯仲,虚々実々,山分け,比類","平手 playing equal terms
相半ばする equal number,degree,(two things opposition)
尺 shaku(unit distance approximately equal 30.3 cm)
男女同権 equal rights among men women
拮抗 equal match
立ち並ぶ equal
伯仲 equal
虚々実々 match between persons equal shrewdness mobili
山分け equal division(profits,prize money,);equal spl
比類 equal",Guess Vocab related to Keyword,Text
"guard","栄誉礼,衛兵,宿直,不意打ち,厳戒,先鋒,欄干,番人,看守,門番","栄誉礼 salute guard honor
衛兵 guard
宿直 night guard
不意打ち catching guard
厳戒 strict guard
先鋒 advance guard
欄干 guard rail
番人 guard
看守 prison guard
門番 door guard",Guess Vocab related to Keyword,Text
"sand","小女子,浅瀬,砂上,砂山,砂子,白州,真砂,飛来,砂煙,砂丘","小女子 young sand lance
浅瀬 sand bar
砂上 (built)sand
砂山 sand hill
砂子 sand
白州 court law Edo,which parties sat white sand;area
真砂 sand
飛来 coming flying(migratory birds,airborne sand,)
砂煙 cloud sand(dust,)
砂丘 sand dune;sand hill",Guess Vocab related to Keyword,Text
"violent","強襲,変死,激甚,粗暴,暴言,水車,激震,鉄火,激情,非業の死","強襲 violent attack
変死 violent death
激甚 violent
粗暴 violent
暴言 violent language
水車 violent wielding weapons
激震 violent tremor
鉄火 violent temper
激情 violent emotion
非業の死 violent death",Guess Vocab related to Keyword,Text
"actual","実益,原寸,実働,実生活,実害,実写,実測,実物大,実需,正味","実益 actual profit
原寸 actual size
実働 actual work
実生活 actual life
実害 actual damage
実写 actual picture(opposed drawing);describing actu
実測 actual measurements
実物大 actual size
実需 actual demand
正味 actual content",Guess Vocab related to Keyword,Text
"behavior","素行,醜態,世間並み,立ち居振る舞い,言行,折り目,仕打ち,行状,挙動,風紀","素行 behavior
醜態 disgraceful behavior
世間並み ordinary(life behavior)
立ち居振る舞い behavior
言行 speech behaviour(behavior)
折り目 responsible behavior(behaviour)
仕打ち (bad)behavior
行状 behavior
挙動 behavior
風紀 rules governing social behavior",Guess Vocab related to Keyword,Text
"buy","買い取る,召す,買い求める,掘り出し物,買い込む,買い入れる,借り受ける,買い上げる,譲り受ける,買い戻す","買い取る buy
召す buy
買い求める buy
掘り出し物 good buy
買い込む buy lot;buy quantity
買い入れる buy
借り受ける buy credit
買い上げる buy;buy(government,public agency,private cit
譲り受ける buy
買い戻す buy",Guess Vocab related to Keyword,Text
"civil","律令,暦年,南北戦争,文官,仕,民権,官吏,官職,平定,文治","律令 criminal,administrative civil codes Nara Heian 
暦年 civil year
南北戦争 American Civil War(1861-1865)
文官 civil official
仕 civil service
民権 civil rights
官吏 civil servant
官職 civil service
平定 suppression(rebellion,civil war,)
文治 civil administration",Guess Vocab related to Keyword,Text
"empty","寒々,夢物語,空き瓶,虚礼,空室,虚空,空疎,飲み干す,素手,空き巣","寒々 empty(furnishings)
夢物語 empty dream
空き瓶 empty bottle
虚礼 empty(useless)formalities
空室 empty room
虚空 empty sky;empty space
空疎 empty(argument)
飲み干す empty
素手 empty hand
空き巣 burglar(targets empty houses);empty nest;burgl",Guess Vocab related to Keyword,Text
"flesh","血肉,赤身,果肉,心残り,生身,骨身,煩悩,一心同体,骨肉,鉄火","血肉 flesh blood;flesh blood
赤身 red flesh(fish)
果肉 flesh fruit
心残り flesh,blood vessels fat around chicken heart(u
生身 flesh blood;living flesh
骨身 flesh bones
煩悩 appetites flesh
一心同体 flesh
骨肉 own flesh blood;flesh bone
鉄火 red flesh lean tuna",Guess Vocab related to Keyword,Text
"hall","僧堂,寄宿,定席,寄宿舎,大広間,托鉢,拝殿,広間,金堂,正殿","僧堂 temple meditation hall certain other temple str
寄宿 residence hall
定席 entertainment hall;regular hall
寄宿舎 residence hall
大広間 great hall;main hall;reception hall;large hall
托鉢 going bowl meditation hall mealtime(Zen temple)
拝殿 hall worship
広間 hall
金堂 main temple structure(sanctuary,hall)
正殿 Hall State Ceremonies",Guess Vocab related to Keyword,Text
"prostitute","堅気,傾城,新造,売り子,天職,女郎,達磨,代物,身売り,遊女","堅気 respectable occupation(i.e. yakuza,prostitute,)
傾城 prostitute
新造 young prostitute has just started working(assis
売り子 male prostitute
天職 prostitute second-highest class(Edo)
女郎 prostitute(Edo)
達磨 prostitute
代物 prostitute
身売り prostitute)
遊女 prostitute",Guess Vocab related to Keyword,Text
"responsibility","同罪,心神耗弱,仕切る,大任,禅譲,負託,免れる,職域,責め,責任転嫁","同罪 bearing same amount responsibility
心神耗弱 diminished responsibility
仕切る take responsibility
大任 heavy responsibility
禅譲 smooth transference power(responsibility,)
負託 entrusted responsibility;charging(responsibilit
免れる evade(responsibility)
職域 area responsibility
責め responsibility
責任転嫁 shifting responsibility",Guess Vocab related to Keyword,Text
"ritual","田楽,神事,切腹,仏具,祭祀,儀礼的,儀典,祝詞,祭事,祭儀","田楽 ritual music dancing shrines temples
神事 Shinto ritual
切腹 ritual suicide disembowelment
仏具 Buddhist ritual implements(altar fittings)
祭祀 ritual
儀礼的 ritual
儀典 ritual
祝詞 ritual prayer
祭事 ritual
祭儀 ritual",Guess Vocab related to Keyword,Text
"section","区分け,上段,分科,大字,前節,切開,山の手,局所,局部,帝王切開","区分け section
上段 upper section
分科 section
大字 larger section(village)
前節 preceding paragraph,section,verse
切開 section
山の手 Yamanote(hilly residential section western Tok
局所 section
局部 section
帝王切開 Cesarean section;Caesarean section",Guess Vocab related to Keyword,Text
"separate","分冊,切り離す,別途,別棟,引き分ける,別紙,別巻,単体,別項,離れ離れ","分冊 separate volume
切り離す separate
別途 separate
別棟 separate building
引き分ける separate
別紙 separate sheet
別巻 separate volume
単体 separate item
別項 separate paragraph
離れ離れ separate",Guess Vocab related to Keyword,Text
"Shinto","神仏,鎮守,社殿,天理教,修験道,社務,神事,申し子,神職,神官","神仏 Shinto Buddhism
鎮守 local Shinto deity
社殿 (main building)Shinto shrine
天理教 Tenrikyo(Shinto sect)
修験道 mountain asceticism incorporating Shinto Buddh
社務 clerical business Shinto shrine
神事 Shinto ritual
申し子 heaven-sent child(answer Shinto Buddhist praye
神職 Shinto priest;Shinto priesthood
神官 Shinto priest",Guess Vocab related to Keyword,Text
"sky","満天,空模様,持ち上げる,曇り空,晴れ間,中空,虚空,晴れ晴れ,低空,天空","満天 whole sky
空模様 look sky
持ち上げる praise sky
曇り空 overcast sky;cloudy sky
晴れ間 patch blue sky
中空 sky
虚空 empty sky
晴れ晴れ clear(sky)
低空 low sky
天空 sky",Guess Vocab related to Keyword,Text
"social","紳士録,文理,格式,社会政策,人付き合い,町人,風紀,同和,汚れ役,軟派","紳士録 social register
文理 social sciences hard sciences
格式 social standing;social rules;social status
社会政策 social policy
人付き合い social disposition
町人 chōnin(Edo-period social class town-dwelling co
風紀 rules governing social behavior
同和 social integration(burakumin)
汚れ役 social outcast role
軟派 social story(newspaper,)",Guess Vocab related to Keyword,Text
"soil","砂地,不毛の地,内地,土質,凍土,覆土,整地,肥やし,黒土,表土","砂地 sandy soil
不毛の地 sterile soil
内地 domestic soil
土質 soil quality;soil
凍土 frozen soil
覆土 covering seeds soil
整地 preparation soil(planting)
肥やし night soil
黒土 black soil
表土 top soil",Guess Vocab related to Keyword,Text
"spot","黒点,胸突き八丁,佳境,穴場,切り上げる,名跡,名勝,死角,難所,旧跡","黒点 dark spot;black spot
胸突き八丁 most trying spot
佳境 scenic spot
穴場 great little-known spot
切り上げる finish(convenient spot)
名跡 famous historic spot
名勝 scenic spot;beauty spot
死角 blind spot(driver)
難所 rough spot
旧跡 historic spot",Guess Vocab related to Keyword,Text
"transmission","伝播,以心伝心,伝来,電送,送稿,転送,伝導,媒介,透過,鉄塔","伝播 transmission
以心伝心 non-verbal Zen Buddhist transmission disciple
伝来 transmission(through successive generations)
電送 electronic transmission(data)
送稿 document transmission
転送 transmission
伝導 transmission
媒介 transmission
透過 transmission
鉄塔 transmission tower",Guess Vocab related to Keyword,Text
"various","品々,八千草,諸悪,雑木,諸般,多種,散見,諸々,豆類,食べ歩き","品々 various articles
八千草 various herbs
諸悪 various evils
雑木 various kinds small trees
諸般 various
多種 various
散見 appearing various places
諸々 various things
豆類 pulse(edible seeds various leguminous crops)
食べ歩き trying food various restaurants",Guess Vocab related to Keyword,Text
"women","厄年,厄,遊興,女人禁制,後宮,男尊女卑,婦女子,軟派,道楽,男女同権","厄年 year(age 25 42 men,19 33 women)considered unluc
厄 year(age 25 42 men,19 33 women)considered unluck
遊興 merrymaking(wine women)
女人禁制 prohibition women entering(usu. religious rea
後宮 inner palace(reserved women)
男尊女卑 subjection women;male domination women
婦女子 women children
軟派 picking women;hitting women
道楽 indulging alcohol,women,gambling,
男女同権 equal rights among men women",Guess Vocab related to Keyword,Text
"feet","木馬,独り立ち,突っ立つ,洗足,方丈,浮かす,飛び立つ,素足,飛び起きる,足ずり","木馬 horse(ancient torture device was forced straddl
独り立ち standing own feet(use crutches,)
突っ立つ jump feet
洗足 washing feet
方丈 square jō(approx. 10 sq feet)
浮かす half-rise,feet
飛び立つ leap feet
素足 bare feet
飛び起きる jump feet
足ずり stamping feet(anger,frustration,)",Guess Vocab related to Keyword,Text
"competition","先鋒,点取り,競作,緒戦,歌会,共食い,張り合い,副将,無競争","先鋒 athlete competes first match team competition(k
点取り competition marks
競作 competition better work
緒戦 beginning competition
歌会 tanka competition
共食い mutually harmful competition;dog-eat-dog compe
張り合い competition
副将 fourth athlete compete 5-on-5 team competition(
無競争 lacking opposition competition",Guess Vocab related to Keyword,Text
"annual","年休,初節句,年報,年中行事,年利,旗頭,歌会始,歳費,年鑑","年休 annual paid holiday;annual leave;annual paid va
初節句 baby's first annual festival
年報 annual report
年中行事 annual event;annual function
年利 annual interest rate
旗頭 (Okinawa)bamboo poles attached vertical flag el
歌会始 annual New Year's tanka-reading party held Imp
歳費 annual salary paid Diet members;annual expendit
年鑑 annual",Guess Vocab related to Keyword,Text
"hang","切り下げる,何々,垂れ下がる,取り留める,提げる,追い回す,巣くう,手控える,食み出る","切り下げる cut hang
何々 hang
垂れ下がる hang
取り留める hang onto(life)
提げる hang(shoulder waist)
追い回す hang
巣くう hang(somewhere)
手控える hang(hold)
食み出る hang",Guess Vocab related to Keyword,Text
"capacity","知力,度量,酒量,大入り,技量,器量,満載,心神耗弱,流量","知力 mental capacity
度量 length capacity
酒量 drinking capacity
大入り capacity audience
技量 capacity
器量 capacity
満載 loaded capacity
心神耗弱 diminished capacity
流量 capacity(output throughput per unit)",Guess Vocab related to Keyword,Text
"moral","仁義,気骨,情操,倫理学,報徳,名分,寓意,道徳的,修身","仁義 (gang's)moral code
気骨 (moral)backbone
情操 sensibility(artistic,moral)
倫理学 moral philosophy
報徳 moral requital
名分 moral duty;moral obligations
寓意 moral
道徳的 moral
修身 moral training",Guess Vocab related to Keyword,Text
"animal","動物性,仕留める,猛獣,縫いぐるみ,扱い方,首輪,製油,野獣,食わす","動物性 animal(origin);animal(nature)
仕留める bring(animal,opponent,)
猛獣 fierce animal
縫いぐるみ stuffed animal
扱い方 way(children,animal)
首輪 (animal)collar
製油 (animal vegetable)oil extraction
野獣 wild animal
食わす feed(animal oats)",Guess Vocab related to Keyword,Text
"blind","あん摩,盲,妄信,狂信,亡者,瞽女,袋小路,無批判,死角","あん摩 blind
盲 blind
妄信 blind belief;blind acceptance
狂信 blind devotion
亡者 blind lust
瞽女 blind female beggar sings plays shamisen
袋小路 blind alley
無批判 blind
死角 blind spot(driver)",Guess Vocab related to Keyword,Text
"egg","卵焼き,鶏卵,卵白,原紙,生卵,白身,卵黄,黄身,蛋白","卵焼き fried egg;rolled egg
鶏卵 hen's egg
卵白 white egg
原紙 silkworm egg sheet
生卵 raw egg
白身 egg white
卵黄 egg yolk
黄身 egg yolk
蛋白 egg white",Guess Vocab related to Keyword,Text
"alcohol","左党,飲ませる,利き,道楽,酒好き,心神耗弱,効き,飲酒運転,飲ます","左党 fond alcohol
飲ませる drinkable(alcohol);serve(alcohol)
利き tasting(alcohol,tea,)
道楽 indulging alcohol,women,gambling,
酒好き fondness alcohol
心神耗弱 legally unaccountable(due mental illness,drug
効き tasting(alcohol,tea,)
飲酒運転 driving under influence(alcohol)
飲ます drinkable(alcohol);serve(alcohol)",Guess Vocab related to Keyword,Text
"arrangement","石組み,華道,編曲,配合,計らい,定め,設営,投げ入れ,飾り付け","石組み arrangement stones garden
華道 flower arrangement
編曲 arrangement
配合 arrangement
計らい arrangement
定め arrangement
設営 arrangement(event)
投げ入れ free-style flower arrangement
飾り付け arrangement",Guess Vocab related to Keyword,Text
"assistant","介添え,判官,付き人,下働き,新造,付け人,売り子,女房役,店番","介添え assistant
判官 assistant district officer
付き人 assistant(show business sumo)
下働き assistant
新造 young prostitute has just started working(assis
付け人 assistant(show business sumo)
売り子 shop assistant
女房役 assistant
店番 shop assistant",Guess Vocab related to Keyword,Text
"baby","子守,抱え込む,片言,宿す,幼子,産声,童顔,赤子,離乳食","子守 taking care baby;looking baby
抱え込む embrace(baby)
片言 baby talk
宿す carry(baby)
幼子 baby
産声 first cry newborn baby
童顔 baby face
赤子 baby
離乳食 baby food",Guess Vocab related to Keyword,Text
"bar","商売人,読み取る,飲み屋,金塊,浅瀬,吹かす,模擬店,水商売,酒蔵","商売人 woman working nightlife business(bar nightclub
読み取る scan(bar code)
飲み屋 bar
金塊 gold bar
浅瀬 sand bar
吹かす blast bar
模擬店 snack bar
水商売 night entertainment business(hostess bar)
酒蔵 bar",Guess Vocab related to Keyword,Text
"belt","四つ相撲,山並み,差し手,寄り倒し,寄り切り,打ちまくる,段位,歌い上げる,環状線","四つ相撲 wrestling which both wrestlers grasp other's 
山並み mountain belt
差し手 slipping hand beneath opponent's arm latching 
寄り倒し knocking opponent while holding belt
寄り切り driving opponent ring while gripping belt
打ちまくる belt hit hit
段位 grade black belt
歌い上げる belt song
環状線 (transportation)belt line",Guess Vocab related to Keyword,Text
"bird","海鳥,冬鳥,巣箱,瑠璃,保護鳥,虫食い,愛鳥,親鳥,成鳥","海鳥 sea bird
冬鳥 winter bird(resident)
巣箱 bird box
瑠璃 mall blue passerine bird(blue-and-white flycatc
保護鳥 protected bird
虫食い leaf warbler(any bird genus Phylloscopus)
愛鳥 pet bird
親鳥 parent bird
成鳥 adult bird",Guess Vocab related to Keyword,Text
"build","形作る,仕込む,巣くう,大柄,形づくる,積み上げる,中肉,骨組み,小兵","形作る build
仕込む build
巣くう build(nest)
大柄 large build
形づくる build
積み上げる build(reputation)
中肉 medium build
骨組み build
小兵 small build",Guess Vocab related to Keyword,Text
"conclusion","切り上げ,落着,帰結,帰着,収束,導き出す,煮詰まる,決め込む,結審","切り上げ conclusion
落着 coming conclusion
帰結 conclusion
帰着 conclusion
収束 conclusion
導き出す draw(conclusion)
煮詰まる approach conclusion(discussion,investigation,
決め込む jump conclusion
結審 conclusion trial(hearing)",Guess Vocab related to Keyword,Text
"departure","離日,出征,上程,出航,新機軸,発進,旅立ち,門出,離任","離日 departure
出征 departure military service(response draft);depa
上程 departure journey
出航 departure(boat,plane)
新機軸 new departure
発進 departure(base)
旅立ち departure
門出 departure(front)
離任 departure office",Guess Vocab related to Keyword,Text
"double","無理心中,吹き替え,倍額,単複,八重桜,二重写し,影武者,折り曲げる,複線","無理心中 forced double suicide
吹き替え double
倍額 double amount
単複 single double
八重桜 double cherry blossoms
二重写し double exposure
影武者 body double;double
折り曲げる double
複線 double track",Guess Vocab related to Keyword,Text
"else","同定,何物,併せ持つ,使い走り,外泊,言付ける,見誤る,他山の石,疑心暗鬼","同定 identifying(same else)
何物 anything(else)
併せ持つ also(addition else)
使い走り running errands(else)
外泊 staying somewhere else(overnight)
言付ける send(via else)
見誤る mistake(else)
他山の石 lesson learned else mistake
疑心暗鬼 once suspect,everything else will look suspic",Guess Vocab related to Keyword,Text
"enlightenment","開眼,悟り,教化,文明開化,開明,般若,精進,大悟,菩提","開眼 enlightenment
悟り enlightenment
教化 enlightenment
文明開化 civilization enlightenment
開明 enlightenment
般若 prajna(wisdom required attain enlightenment)
精進 zeal quest enlightenment
大悟 enlightenment
菩提 enlightenment",Guess Vocab related to Keyword,Text
"era","中葉,前世,申し子,盛時,文治,文明開化,中生代,天明,長久","中葉 middle(era)
前世 previous era
申し子 child(era)
盛時 era national prosperity
文治 Bunji era(1185.8.14-1190.4.11)
文明開化 Japan's Westernization movement during Meiji 
中生代 Mesozoic era
天明 Tenmei era(1781.4.2-1789.1.25)
長久 Chōkyū era(1040.11.10-1044.11.24)",Guess Vocab related to Keyword,Text
"fair","書き直し,厳正,是が非でも,夜見世,良心的,後の祭り,適正価格,公明正大,縁日","書き直し fair copy
厳正 fair
是が非でも fair means foul
夜見世 night fair
良心的 fair
後の祭り fair
適正価格 fair reasonable price
公明正大 fair
縁日 fair",Guess Vocab related to Keyword,Text
"men","人畜,厄年,男女同権,使いこなす,十人十色,両雄,厄,仕向ける,水滸伝","人畜 men animals
厄年 year(age 25 42 men,19 33 women)considered unluc
男女同権 equal rights among men women
使いこなす handle(men)
十人十色 several men,several minds
両雄 two great men(rivals)
厄 year(age 25 42 men,19 33 women)considered unluck
仕向ける handle(men)
水滸伝 Men are Brothers",Guess Vocab related to Keyword,Text
"peace","平和部隊,安住,一安心,成仏,安穏,放心,太平,安泰,浮かばれない","平和部隊 Peace Corps
安住 living peace
一安心 peace mind(now)
成仏 resting peace
安穏 peace
放心 peace mind
太平 peace
安泰 peace
浮かばれない cannot rest peace",Guess Vocab related to Keyword,Text
"question","問い詰める,本題,自問自答,問い掛ける,聞き返す,伺い,奇問,受け流す,際どい","問い詰める press question
本題 main question
自問自答 answering own question
問い掛ける ask question;begin ask question
聞き返す ask question return
伺い question
奇問 tricky question
受け流す fend(question)
際どい delicate(question)",Guess Vocab related to Keyword,Text
"scene","活劇,実写,荒事,殺陣,修羅場,火事場,遺留品,長丁場,雪景色","活劇 fight scene;riotous scene
実写 real picture story(opposed fiction,imaginary sc
荒事 (theatrical)fighting scene
殺陣 fight scene
修羅場 fighting scene;scene carnage(bloodshed)
火事場 scene fire
遺留品 article left behind(crime scene,death,)
長丁場 long scene(play)
雪景色 snow scene",Guess Vocab related to Keyword,Text
"sharp","激増,急カーブ,急降下,激痛,毒舌,鋭利,先鋭,酷評,鋭敏","激増 sharp increase
急カーブ sharp turn;sharp curve
急降下 sharp fall
激痛 sharp pain
毒舌 sharp tongue
鋭利 sharp
先鋭 sharp
酷評 sharp criticism
鋭敏 sharp(eyes,ears,)",Guess Vocab related to Keyword,Text
"society","世間体,軟派,巣立つ,実社会,社交界,会則,学士院,退会,退化","世間体 appearance(eyes society)
軟派 society columnist(newspaper)
巣立つ graduate(become member society)
実社会 society
社交界 society
会則 society regulations
学士院 learned society
退会 withdrawal(society,club,)
退化 regression(society)",Guess Vocab related to Keyword,Text
"stay","宿る,居残る,滞留,居座る,泊,慰留,落ち着き払う,足止め,転がり込む","宿る stay
居残る stay behind
滞留 stay
居座る stay(somewhere)
泊 counter nights stay;overnight stay
慰留 persuading(stay)
落ち着き払う stay calm
足止め inducement stay
転がり込む visit(stay overnight unwanted guest)",Guess Vocab related to Keyword,Text
"territory","仏領,踏み込む,領分,割譲,失地,領地,敵地,新地,英領","仏領 French territory
踏み込む step(else's territory)
領分 territory
割譲 cession(territory)
失地 lost territory
領地 territory
敵地 enemy territory
新地 newly-acquired territory
英領 British territory(possession)",Guess Vocab related to Keyword,Text
"test","適性検査,受検,試験管,模試,考査,試乗,被験者,試運転,試射","適性検査 aptitude test
受検 undergoing test
試験管 test tube
模試 practice test
考査 test
試乗 test drive;test ride
被験者 test subject
試運転 test run
試射 test firing",Guess Vocab related to Keyword,Text
"title","原題,授かる,役名,太閤,邦題,改題,画題,尊称,題目","原題 original title
授かる receive(title)
役名 official title
太閤 title regent,later grand chancellor,also father
邦題 title(given foreign work)
改題 changed title;change title
画題 title painting
尊称 honorific title
題目 title",Guess Vocab related to Keyword,Text
"watch","文字盤,懐中時計,宿直,夜回り,目配り,注視,置き時計,見通す,張り込み","文字盤 dial(meter,watch,)
懐中時計 pocket watch
宿直 night watch
夜回り night watch
目配り keeping watch
注視 maintain watch
置き時計 clock placed tables,bookshelves,(opposed watc
見通す watch start finish
張り込み watch",Guess Vocab related to Keyword,Text
"wide","手広い,流れ星,突き放す,津々浦々,広義,遠浅,雲泥の差,広野,見開く","手広い wide
流れ星 blaze(wide white stripe face horse)
突き放す extend wide lead(opponent)
津々浦々 far wide
広義 wide sense(word)
遠浅 wide shallow beach
雲泥の差 wide difference
広野 wide plain
見開く open(eyes)wide",Guess Vocab related to Keyword,Text
"find","掘り出し物,意気投合,出土品,持て余す,聞き出す,掘り当てる,見抜く,見破る","掘り出し物 (lucky)find
意気投合 find kindred spirit
出土品 archaeological find
持て余す find unmanageable
聞き出す find(through questioning)
掘り当てる find(buried treasure)
見抜く find
見破る find",Guess Vocab related to Keyword,Text
"raw","生乳,生糸,生卵,原木,生物,原石,綿花,生ゴミ","生乳 raw milk
生糸 raw silk thread
生卵 raw egg
原木 raw timber
生物 raw food
原石 (raw)ore
綿花 raw cotton
生ゴミ raw garbage",Guess Vocab related to Keyword,Text
"attendance","来場,流会,参会,列席,会葬,随伴,登院,大入り","来場 attendance
流会 adjournment meeting(due lack attendance)
参会 attendance(meeting)
列席 attendance
会葬 attendance funeral
随伴 attendance
登院 attendance academy(arts,);attendance(academic)i
大入り large attendance",Guess Vocab related to Keyword,Text
"chat","漫談,談義,語らい,夜話,歓談,世間話,井戸端会議,談笑","漫談 chat
談義 chat
語らい chat
夜話 night chat
歓談 chat
世間話 chat
井戸端会議 content-free chat
談笑 pleasant chat;friendly chat",Guess Vocab related to Keyword,Text
"meet","送り迎え,面と向かう,会する,迎え撃つ,折り合う,出くわす,国民体育大会,集う","送り迎え seeing(dropping),then later picking going mee
面と向かう meet face-to-face
会する meet
迎え撃つ meet(enemy)attack
折り合う meet halfway
出くわす happen meet
国民体育大会 National Athletic Meet
集う meet",Guess Vocab related to Keyword,Text
"message","託宣,沙汰,人文字,取次ぎ,取り次ぎ,国書,私信,言付ける","託宣 divine message
沙汰 message
人文字 arranging group so form character spell messag
取次ぎ passing(message)
取り次ぎ passing(message)
国書 diplomatic message sent head state
私信 private message
言付ける send(message,parcel,);leave(message)",Guess Vocab related to Keyword,Text
"artificial","作為的,義歯,人工透析,造花,築山,作り物,義足,山水","作為的 artificial
義歯 artificial tooth
人工透析 (artificial)dialysis
造花 artificial flower making;artificial flower
築山 artificial hill(garden)
作り物 artificial product
義足 artificial leg
山水 garden which contains artificial hill pond",Guess Vocab related to Keyword,Text
"experience","積み上げる,百戦錬磨,戦歴,見聞き,古傷,苦杯,憂き目,甲羅","積み上げる acquire(experience)
百戦錬磨 rich experience
戦歴 combat experience
見聞き experience
古傷 unpleasant past experience
苦杯 bitter experience
憂き目 bitter experience
甲羅 years experience",Guess Vocab related to Keyword,Text
"impression","歯形,思い込み,思い違い,刷り込む,第一印象,聞こえ,語感,刻印","歯形 impression teeth
思い込み wrong impression;subjective impression
思い違い false impression
刷り込む instill(thought,impression,)
第一印象 first impression
聞こえ impression(gives)
語感 impression word makes
刻印 stamping(impression)",Guess Vocab related to Keyword,Text
"judo","先鋒,副将,寝技,背負い投げ,投げ技,足掛け,乱取り,横車","先鋒 athlete competes first match team competition(k
副将 fourth athlete compete 5-on-5 team competition(
寝技 pinning technique(wrestling judo)
背負い投げ seoi nage(judo)
投げ技 throw throwing technique(sumo,judo)
足掛け leg trip(sumo,judo,)
乱取り randori(freestyle judo training)
横車 side wheel throw(judo)",Guess Vocab related to Keyword,Text
"kabuki","着付け,南蛮,囃子,下回り,お家芸,引き抜き,茶番,所作","着付け outer garment(kabuki)
南蛮 kabuki,dance,puppetry,)
囃子 accompaniment traditional performances(noh,kabu
下回り actor minor part(kabuki,)
お家芸 specialty kabuki
引き抜き quick costume change kabuki(taking outer cost
茶番 short humorous improvised sketch(originating Ed
所作 dance(kabuki)",Guess Vocab related to Keyword,Text
"kendo","相打ち,下段,上段,間合い,副将,先鋒,大上段,竹刀","相打ち simultaneously striking another(kendo,)
下段 low position(sword kendo,)
上段 overhead position(sword kendo,)
間合い distance between opponents(kendo)
副将 fourth athlete compete 5-on-5 team competition(
先鋒 athlete competes first match team competition(k
大上段 holding sword above head(kendo posture)
竹刀 bamboo sword(kendo)",Guess Vocab related to Keyword,Text
"length","長々,度量,寸,年限,尺,馬身,間数,断髪","長々 (lying)full length;(great)length
度量 length capacity
寸 length
年限 length
尺 length
馬身 horse's length
間数 number ken(length breadth)
断髪 cutting hair(short length)",Guess Vocab related to Keyword,Text
"profit","利得,妙味,漁夫の利,実益,潤す,巨利,益金,私利","利得 profit
妙味 profit
漁夫の利 fisherman's profit
実益 actual profit
潤す profit
巨利 huge profit
益金 profit
私利 personal profit",Guess Vocab related to Keyword,Text
"tone","変調,上げ下げ,軟調,弱含み,強含み,格調,音痴,声色","変調 change tone
上げ下げ rising falling(pitch,tone,)
軟調 soft(tone,focus)(photography)
弱含み weak tone(market)
強含み firm tone;strong tone(market)
格調 tone(speech,writing,)
音痴 tone deafness
声色 tone voice",Guess Vocab related to Keyword,Text
"are","弱肉強食,旗頭,休刊日,重ね,水滸伝,啓蟄,駆け付け三杯,短冊","弱肉強食 weak are meat strong eat
旗頭 (Okinawa)bamboo poles attached vertical flag el
休刊日 which newspapers are published
重ね counter things are stacked,piled(layered,)
水滸伝 Men are Brothers
啓蟄 awakening insects solar term(approx. March 6,wh
駆け付け三杯 three cups sake which latecomers party are 
短冊 long,narrow strip paper which poems are written",Guess Vocab related to Keyword,Text
"background","予備知識,変わり種,壁紙,素性,浮き出る,遠景,縁の下,赤地","予備知識 background knowledge
変わり種 unusual character background
壁紙 background image
素性 background
浮き出る stand(against background)
遠景 background
縁の下 background
赤地 red background",Guess Vocab related to Keyword,Text
"below","名家,下回る,真下,額面割れ,熱帯夜,氷点下,後記,眼下","名家 kuge family class ranking above Hanke below Uri
下回る fall below(figures: profits,unemployment rate,
真下 directly below
額面割れ drop below par
熱帯夜 night which temperature doesn't fall below 25 
氷点下 below freezing
後記 described below
眼下 below eyes",Guess Vocab related to Keyword,Text
"capital","帝都,元金,大路,元手,旧都,国府,資本財,極刑","帝都 imperial capital
元金 capital
大路 main street(capital)
元手 capital
旧都 old capital;former capital
国府 provincial capital
資本財 capital goods
極刑 capital punishment",Guess Vocab related to Keyword,Text
"command","沙汰,使いこなす,統率,副将,総指揮,統帥,至上命令,配下","沙汰 command
使いこなす acquire command(language)
統率 command
副将 second command(army)
総指揮 supreme command
統帥 supreme command;command
至上命令 unconditional command
配下 under command",Guess Vocab related to Keyword,Text
"council","評定,統合幕僚会議,国防会議,米審,学術会議,老中,市会,町会","評定 council
統合幕僚会議 Joint Staff Council
国防会議 National Security Council(USA);National Defen
米審 Rice Price Deliberative Council
学術会議 Science Council
老中 member shogun's council elders
市会 city council
町会 town council",Guess Vocab related to Keyword,Text
"doctor","竹の子,潜り,女医,文博,無医村,校医,名医,家庭医","竹の子 inexperienced doctor
潜り unlicensed(doctor,driver,)
女医 female doctor
文博 doctor literature
無医村 village lacking doctor
校医 doctor
名医 noted doctor
家庭医 family doctor",Guess Vocab related to Keyword,Text
"effort","徒労,人力,大車輪,一挙手一投足,独力,死力,奔走,張り合い","徒労 wasted effort;fruitless effort
人力 human effort
大車輪 all-out effort
一挙手一投足 slight effort
独力 own effort
死力 desperate effort
奔走 making every effort
張り合い feeling worth effort",Guess Vocab related to Keyword,Text
"engine","単発,空回り,快音,吹かす,掛かり,始動,蒸気機関,起動","単発 only engine
空回り racing(engine)
快音 (pleasant)roar(engine)
吹かす rev(engine)
掛かり starting(engine)
始動 starting(machine,engine,car,)
蒸気機関 steam engine
起動 starting(engine,computer)",Guess Vocab related to Keyword,Text
"exposure","被曝,感光,霜降り,露光,二重写し,露出,北向き,露呈","被曝 radiation exposure
感光 exposure
霜降り (fish,chicken,shellfish,)blanching exposure bo
露光 exposure
二重写し double exposure
露出 exposure;(media)exposure
北向き northern exposure
露呈 exposure",Guess Vocab related to Keyword,Text
"fabric","大海,詰む,布目,反物,服地,織布,霜降り,風合い","大海 fabric pattern
詰む become fine(fabric)
布目 grain fabric cloth;direction loom weave roll fa
反物 fabric
服地 clothing fabric
織布 woven fabric
霜降り salt-and-pepper(pattern,fabric,)
風合い texture(cloth,fabric,paper)",Guess Vocab related to Keyword,Text
"false","偽名,詐称,虚像,冤罪,言いがかり,思い違い,無実の罪,誤報","偽名 false
詐称 false statement
虚像 false image
冤罪 false charge;false accusation
言いがかり false accusation
思い違い false impression
無実の罪 false charge
誤報 false alarm;false report",Guess Vocab related to Keyword,Text
"focus","病巣,取り立てる,本丸,軟調,凝らす,軸足,的,見据える","病巣 focus
取り立てる focus
本丸 focus
軟調 soft(tone,focus)(photography)
凝らす focus
軸足 focus
的 focus
見据える focus",Guess Vocab related to Keyword,Text
"how","反面教師,算段,能く,日和見,何歳,思い余る,手古摺る,扱い方","反面教師 good example what(how behave)
算段 working(how)
能く don't know how can
日和見 waiting seeing(how wind blows)
何歳 how old
思い余る know how act what
手古摺る know how handle
扱い方 how manage(case);how handle(machine)",Guess Vocab related to Keyword,Text
"internal","対内,内圧,互選,内分泌,本道,内出血,内科学,飲み薬","対内 internal
内圧 internal pressure
互選 internal vote
内分泌 internal secretion
本道 internal medicine(Chinese medical practice)
内出血 internal haemorrhage;internal bleeding;interna
内科学 internal medicine
飲み薬 internal medicine",Guess Vocab related to Keyword,Text
"lecture","談義,説法,講話,小言,講じる,説経,講釈,進講","談義 lecture
説法 lecture
講話 lecture
小言 lecture
講じる lecture
説経 lecture sutras
講釈 (long-winded)lecture;lecture
進講 giving lecture Emperor's presence",Guess Vocab related to Keyword,Text
"legal","法曹界,大典,司法書士,法曹,各種学校,法理,正室,行政書士","法曹界 legal circles
大典 legal canon
司法書士 qualified prepare legal documents,handle real
法曹 legal profession
各種学校 legal category schools including certain voca
法理 legal principle
正室 legal wife(noble)(opposed concubine)
行政書士 paralegal qualified prepare legal documents a",Guess Vocab related to Keyword,Text
"meal","懐石料理,夜食,昼飯,軽食,総菜,晩酌,食券,立食","懐石料理 traditional meal brought courses
夜食 night meal
昼飯 midday meal
軽食 light meal
総菜 small dish(served part ordinary household meal)
晩酌 drink home evening meal
食券 meal ticket
立食 stand-up meal",Guess Vocab related to Keyword,Text
"nation","挙国,天職,友邦,国史,志士,強国,軍国,棟梁","挙国 whole nation
天職 sacred task(emperor's rule nation)
友邦 friendly nation
国史 history nation
志士 idealists willing sacrifice themselves good nat
強国 strong nation
軍国 nation war;militant nation
棟梁 pillar(nation)",Guess Vocab related to Keyword,Text
"occupation","営為,堅気,占有,定職,恒産,生業,進駐,稼業","営為 occupation
堅気 respectable occupation;respectable occupation(i
占有 occupation
定職 occupation(i.e. field regular employment)
恒産 fixed occupation
生業 occupation
進駐 occupation
稼業 occupation",Guess Vocab related to Keyword,Text
"ocean","大海,海原,南極海,海神,北極海,遠洋,海溝,極まりない","大海 ocean
海原 ocean
南極海 Southern Ocean;Antarctic Ocean
海神 ocean
北極海 Arctic Ocean
遠洋 ocean
海溝 ocean trench
極まりない boundless(universe,ocean)",Guess Vocab related to Keyword,Text
"ore","地金,原石,鉱脈,鉱石,鉱床,切り羽,金鉱,鉄鉱","地金 ore
原石 (raw)ore
鉱脈 vein(ore)
鉱石 ore
鉱床 ore deposit
切り羽 face(wall coal ore,)
金鉱 gold ore
鉄鉱 iron ore",Guess Vocab related to Keyword,Text
"production","多産,製菓,殖産,産出,発色,産額,急造,米産","多産 abundant production
製菓 confectionery production
殖産 production increase
産出 production
発色 production colour
産額 (amount)production
急造 hurried production
米産 rice production",Guess Vocab related to Keyword,Text
"servant","下働き,下回り,召使,公僕,家来,官吏,主従,従者","下働き servant
下回り servant
召使 servant
公僕 public servant
家来 servant
官吏 public servant;civil servant
主従 master servant
従者 servant",Guess Vocab related to Keyword,Text
"sheet","厚板,板金,別紙,寄せ書き,銅板,譜面,原紙,譜","厚板 heavy metal sheet(welding)
板金 sheet metal
別紙 separate sheet;accompanying sheet
寄せ書き collection words drawings several single shee
銅板 sheet copper
譜面 sheet music
原紙 silkworm egg sheet
譜 (sheet)music",Guess Vocab related to Keyword,Text
"space","死角,余白,一朝一夕,空欄,船腹,虚空,宇宙通信,狭間","死角 dead space
余白 blank space
一朝一夕 brief space
空欄 blank space
船腹 freight space
虚空 empty space
宇宙通信 space communication
狭間 space",Guess Vocab related to Keyword,Text
"statement","口上書,能書き,口述,明文,言明,計算書,言いがかり,詐称","口上書 written statement
能書き statement virtues medicine
口述 verbal statement
明文 explicit statement(law)
言明 statement
計算書 statement account
言いがかり statement cannot retracted
詐称 false statement",Guess Vocab related to Keyword,Text
"term","啓蟄,刑期,終業,期,納会,清明,年限,総称","啓蟄 awakening insects solar term(approx. March 6,wh
刑期 prison term
終業 end term
期 term(office)
納会 last meeting(year,term,)
清明 clear bright solar term(approx. April 5)
年限 term
総称 general term",Guess Vocab related to Keyword,Text
"theatrical","出し物,老け役,作り物,暗転,座員,跳ね,番外,荒事","出し物 (theatrical)piece
老け役 (theatrical)role old
作り物 theatrical prop(large prop noh kyogen,tree,wel
暗転 (theatrical)blackout
座員 member theatrical troupe
跳ね close(theatrical performance)
番外 extra(theatrical)
荒事 (theatrical)fighting scene",Guess Vocab related to Keyword,Text
"trial","結審,試運転,試掘,試乗,試用,審問,被験者,開廷","結審 conclusion trial(hearing)
試運転 trial run
試掘 trial digging
試乗 trial ride
試用 trial
審問 trial
被験者 trial subject
開廷 trial",Guess Vocab related to Keyword,Text
"wear","夏物,着こなす,冬物,使い切る,摩耗,着込む,召す,横たえる","夏物 summer wear
着こなす wear(clothes)stylishly
冬物 winter wear
使い切る wear
摩耗 wear
着込む wear extra clothes
召す wear
横たえる wear(sword,)side",Guess Vocab related to Keyword,Text
"boy","お使い,少年団,童子,使い走り,給仕,悪童,美少年,坊や","お使い errand boy
少年団 Boy Scouts
童子 boy
使い走り errand boy
給仕 cabin boy;office boy
悪童 bad boy
美少年 pretty boy
坊や boy;mere boy",Guess Vocab related to Keyword,Text
"haiku","見立て,俳壇,俳諧,名句,句会,歳時記,句作,発句","見立て comparison(haiku,tanka,)
俳壇 world haiku
俳諧 haikai(collective haiku,haibun,haiga,senryū,)
名句 noted haiku
句会 gathering haiku poets
歳時記 almanac seasonal words(haiku poets)
句作 composing haiku poems
発句 haiku",Guess Vocab related to Keyword,Text
"sudden","急転直下,急降下,勃発,激増,暗転,早変わり,急逝,置き傘","急転直下 take sudden turn
急降下 sudden drop
勃発 sudden occurrence
激増 sudden rise
暗転 taking(sudden)turn worse
早変わり (sudden)metamorphosis
急逝 sudden death
置き傘 spare umbrella kept(work)event sudden shower",Guess Vocab related to Keyword,Text
"difference","変わり目,紙一重,雲泥の差,勝差,小異,不同,高下","変わり目 point difference
紙一重 paper-thin(difference)
雲泥の差 wide difference;world difference
勝差 difference wins(number games won)
小異 minor difference
不同 difference
高下 difference(rank,grade,quality,)",Guess Vocab related to Keyword,Text
"lot","多用,安住,角地,多目,大農,甘んじる,買い込む","多用 lot things
安住 satisfied lot
角地 corner lot
多目 quite lot
大農 farmer owns lot land
甘んじる contented(satisfied)(lot)
買い込む buy lot",Guess Vocab related to Keyword,Text
"northern","北洋,北半球,北向き,北山,北郊,北限,南北朝","北洋 northern waters
北半球 northern hemisphere
北向き northern exposure
北山 northern mountains
北郊 northern suburbs
北限 northern limit
南北朝 Northern Southern Dynasties(China;Northern Sou",Guess Vocab related to Keyword,Text
"deal","取り合う,手打ち,大部,大注目,論じ尽くす,処する,食わす","取り合う deal
手打ち striking deal
大部 good deal
大注目 (paying)great deal attention
論じ尽くす deal exhaustively(issue)
処する deal
食わす deal(blow)",Guess Vocab related to Keyword,Text
"happen","出くわす,見かける,通り掛かる,持ち上がる,持ち合わせる,舞い込む,乗り合わせる","出くわす happen meet
見かける (happen)see
通り掛かる happen pass
持ち上がる happen suddenly
持ち合わせる happen hand stock
舞い込む happen unexpectedly
乗り合わせる happen ride together",Guess Vocab related to Keyword,Text
"heap","重ね,折り重なる,山盛り,山積み,積み上げる,積み上げ,貝塚","重ね heap
折り重なる heap
山盛り heap
山積み heap
積み上げる heap
積み上げ making heap
貝塚 shell heap",Guess Vocab related to Keyword,Text
"date","墓標,順延,繰り上がる,期す,時日,納期,起算","墓標 writing headstone(,date death,)
順延 moving later date
繰り上がる move(date,rank,order)
期す fix(,date,)
時日 date
納期 appointed date delivery;due date payment
起算 reckoning some position(point,date,)",Guess Vocab related to Keyword,Text
"deposit","金鉱,頭金,出し入れ,寄託,供託,接収,鉱床","金鉱 gold deposit
頭金 deposit
出し入れ deposit withdraw
寄託 deposit
供託 deposit
接収 retaining(deposit)
鉱床 mineral deposit;ore deposit",Guess Vocab related to Keyword,Text
"ebb","一進一退,干る,干上がる,上げ下げ,干満,消長,退潮","一進一退 ebb flow
干る ebb
干上がる ebb away
上げ下げ ebb flow(tide)
干満 ebb flow
消長 ebb flow
退潮 ebb tide",Guess Vocab related to Keyword,Text
"entrance","魅入る,勝手口,土俵入り,仁王,白州,入校,通用門","魅入る entrance
勝手口 host's entrance tea-ceremony room;tradesman's 
土俵入り entrance procession wrestlers ring
仁王 guardian gods Buddhism stand entrance Buddhist 
白州 area garden entrance house laid white sand pebb
入校 entrance
通用門 service entrance",Guess Vocab related to Keyword,Text
"kitchen","貝塚,両刃,厨房,板前,勝手口,柳刃包丁,生ゴミ","貝塚 kitchen midden
両刃 double-beveled(kitchen knife)
厨房 kitchen
板前 area kitchen contains chopping board
勝手口 kitchen door
柳刃包丁 kitchen knife sashimi
生ゴミ kitchen waste",Guess Vocab related to Keyword,Text
"lady","淑女,奥方,侍女,聖母,女中,貴婦人,女官","淑女 lady
奥方 lady
侍女 lady attendant
聖母 Our Lady
女中 lady;court lady
貴婦人 lady
女官 court lady",Guess Vocab related to Keyword,Text
"root","禍根,金平,同根,大本,病根,根付く,零点","禍根 root evil
金平 chopped burdock root(sometimes carrot)cooked su
同根 same root
大本 root
病根 root evil
根付く take root
零点 root",Guess Vocab related to Keyword,Text
"sale","払い下げ,売り渡し,投げ売り,払い下げる,非売品,発禁,廉売","払い下げ sale
売り渡し sale
投げ売り sacrifice sale;clearance sale
払い下げる sale government property
非売品 article sale
発禁 ban sale;prohibition sale
廉売 bargain sale",Guess Vocab related to Keyword,Text
"sign","萌芽,示し合わせる,表看板,丙,火の気,記名,辛","萌芽 early sign
示し合わせる sign each other
表看板 sign front
丙 third sign Chinese calendar
火の気 sign fire
記名 sign
辛 eighth sign Chinese calendar",Guess Vocab related to Keyword,Text
"suicide","無理心中,焼身自殺,肉弾,入水,自爆,切腹,自害","無理心中 forced double suicide
焼身自殺 suicide fire
肉弾 suicide attacker
入水 suicide drowning
自爆 suicide bombing(crashing plane target)
切腹 ritual suicide disembowelment
自害 suicide",Guess Vocab related to Keyword,Text
"write","書き出す,絶筆,書き残す,書き留める,書き添える,書き下ろす,書き入れる","書き出す write(blackboard);begin write;extract(write);
絶筆 ceasing write
書き残す forget write
書き留める write
書き添える write postscript
書き下ろす write(new novel,play,song,);write specially;
書き入れる write",Guess Vocab related to Keyword,Text
"acute","先鋭,痛切,切,鋭角,激痛,鋭敏,鋭利","先鋭 acute
痛切 acute
切 acute
鋭角 acute angle
激痛 acute pain
鋭敏 acute
鋭利 acute",Guess Vocab related to Keyword,Text
"built","新地,若宮,砂上,新築マンション,骨太,新造,門前町","新地 new(residential)area(built reclaimed land durin
若宮 newly built shrine(which divided tutelary deity
砂上 (built)sand
新築マンション newly built condominium;newly built apartm
骨太 sturdily built
新造 newly built ship
門前町 town originally built around temple shrine",Guess Vocab related to Keyword,Text
"case","別物,雨天順延,病歴,急患,類例,扱い方,政談","別物 special case
雨天順延 rescheduled case rain
病歴 clinical(case)history
急患 emergency case
類例 similar case;parallel case
扱い方 how manage(case)
政談 discussion law case",Guess Vocab related to Keyword,Text
"central","以心伝心,本庁,中枢神経,棟梁,枢軸,正殿,母屋","以心伝心 non-verbal Zen Buddhist transmission disciple
本庁 central government office
中枢神経 central nerves
棟梁 central figure
枢軸 central point
正殿 central building palace
母屋 central room(house)",Guess Vocab related to Keyword,Text
"cook","炊き込む,煮やす,板前,田楽,料理人,賄い,調理師","炊き込む cookrice
煮やす cook inside
板前 cook
田楽 turning manner would use cook dengaku-tofu both
料理人 cook
賄い cook
調理師 qualified cook",Guess Vocab related to Keyword,Text
"fast","一目散に,力走,寝込む,快走,昏睡,急ぎ足,疾駆","一目散に fast legs can carry
力走 running fast can
寝込む fall fast asleep
快走 fast moving;fast running;fast sailing
昏睡 falling fast asleep
急ぎ足 fast pace
疾駆 riding fast;driving horse fast",Guess Vocab related to Keyword,Text
"growth","繁茂,育毛剤,成長株,成育,植え込み,育ち盛り,自生","繁茂 luxuriant growth
育毛剤 hair growth agent;hair growth formula
成長株 growth stock
成育 growth(maturity)
植え込み thick growth plants
育ち盛り growth(children)
自生 natural growth;wild growth",Guess Vocab related to Keyword,Text
"know","持て余す,思い悩む,能く,思い余る,慣れ親しむ,手古摺る,穴場","持て余す know what
思い悩む know what
能く don't know how can
思い余る know how act what
慣れ親しむ know love
手古摺る know how handle
穴場 good place many know",Guess Vocab related to Keyword,Text
"major","長径,一大事,無冠,不可抗力,列強,大掃除,踏破","長径 major axis
一大事 major incident
無冠 receiving(major)awards
不可抗力 vis major
列強 major powers world
大掃除 major cleanup
踏破 visiting major locations(region,)",Guess Vocab related to Keyword,Text
"monk","出家,和尚,老師,俗,得度,山伏,雲水","出家 monk
和尚 monk(head monk temple)
老師 old monk
俗 layman(opposed Buddhist monk)
得度 becoming monk
山伏 itinerant Buddhist monk
雲水 wandering monk",Guess Vocab related to Keyword,Text
"motive","誘因,魂胆,他意,私心,本意,下心,心根","誘因 motive
魂胆 ulterior motive
他意 ulterior motive
私心 selfish motive
本意 true motive
下心 ulterior motive
心根 motive",Guess Vocab related to Keyword,Text
"practical","准看護婦,即物的,実益,実学,実際的,悪ふざけ,実用新案","准看護婦 practical nurse
即物的 practical
実益 practical use
実学 practical science
実際的 practical
悪ふざけ practical joke
実用新案 new design practical use;practical model",Guess Vocab related to Keyword,Text
"principle","鉄則,金科玉条,本義,数理,法理,学理,節操","鉄則 invariable principle
金科玉条 golden rule(basic principle ensuring success 
本義 underlying principle
数理 mathematical principle
法理 legal principle
学理 scientific principle;scholarly principle
節操 principle",Guess Vocab related to Keyword,Text
"prison","重労働,看守,刑期,出獄,服する,牢獄,死線","重労働 hard labor(prison)
看守 prison guard
刑期 prison term
出獄 release(prison)
服する serve(army,prison sentence,)
牢獄 prison
死線 deadline(boundary around prison which prisoners",Guess Vocab related to Keyword,Text
"promotion","助長,昇任,進級,特進,昇級,起業,抜擢","助長 promotion
昇任 promotion
進級 promotion(,military,)
特進 special promotion(rank grade)
昇級 promotion
起業 promotion enterprise
抜擢 exceptional promotion",Guess Vocab related to Keyword,Text
"similar","野人,類する,類書,弾き,相似形,類例,類型","野人 legendary mountain-dwelling hominid(similar sas
類する similar
類書 similar books
弾き traditional children's game similar marbles,pla
相似形 similar figures(geometry)
類例 similar instance;similar case
類型 similar pattern;similar type",Guess Vocab related to Keyword,Text
"Southern","南蛮,南極海,南北朝,南半球,南郊,南緯,南欧","南蛮 southern barbarians(ancient China non-Chinese e
南極海 Southern Ocean
南北朝 Northern Southern Courts(;Northern Southern Dy
南半球 southern hemisphere
南郊 southern suburbs
南緯 southern latitude
南欧 Southern Europe",Guess Vocab related to Keyword,Text
"theatre","目張り,升,同座,人形浄瑠璃,桟敷,出し物,芝居小屋","目張り putting eyeliner(theatre)
升 box(seating theatre,)
同座 same theater(theatre)
人形浄瑠璃 puppet theatre which recited narrative dialo
桟敷 dress circle(theatre)
出し物 program(theatre,theater)
芝居小屋 theatre",Guess Vocab related to Keyword,Text
"TV","映り,レギュラー出演,走査,演者,期,消音,露出","映り reception(TV)
レギュラー出演 appearing regular(variety TV show)
走査 scanning(TV)
演者 participant(TV show TV panel)
期 season(TV series)
消音 muting(TV)
露出 appearance(TV,magazines,)",Guess Vocab related to Keyword,Text
"value","利用価値,価値判断,熱量,栄養価,積み残し,貨幣価値,金目","利用価値 utility value
価値判断 value judgment;value judgement
熱量 heat value;calorific value
栄養価 food value;nutritional value
積み残し remainder truncation integer value
貨幣価値 currency value
金目 monetary value",Guess Vocab related to Keyword,Text
"victory","雌雄,完勝,凱歌,勝算,楽勝,辛勝,際どい","雌雄 victory defeat
完勝 total victory;complete victory
凱歌 victory song;victory
勝算 prospects victory
楽勝 easy victory
辛勝 narrow victory
際どい narrow(victory)",Guess Vocab related to Keyword,Text
"wisdom","悪知恵,大悟,知力,才気,知恵袋,弁天,般若","悪知恵 serpentine wisdom
大悟 great wisdom
知力 wisdom
才気 wisdom
知恵袋 bag(full)wisdom;wisdom;fount wisdom
弁天 Benten(goddess arts wisdom)
般若 prajna(wisdom required attain enlightenment)",Guess Vocab related to Keyword,Text
"wise","賢者,聖人,哲人,名言,名君,賢母,聡明","賢者 wise
聖人 wise virtuous(Confucianism)
哲人 wise man
名言 wise saying
名君 wise ruler
賢母 wise mother
聡明 wise",Guess Vocab related to Keyword,Text
"classical","棒読み,古文,京劇,百人一首,国風,返り点,枕詞","棒読み reading Chinese classical text translating
古文 classical literature
京劇 classical Chinese opera
百人一首 classical anthology hundred waka hundred poet
国風 waka(classical poetry,opposed Chinese poetry)
返り点 marks written alongside characters classical C
枕詞 decorative word prefixally classical literature",Guess Vocab related to Keyword,Text
"approx.","方丈,清明,小春,半紙,立春,啓蟄,寸","方丈 square jō(approx. 10 sq feet)
清明 clear bright solar term(approx. April 5)
小春 10th month lunisolar calendar(traditional first
半紙 calligraphy paper(approx. 25cm 35cm)
立春 first spring(according traditional lunisolar ca
啓蟄 awakening insects solar term(approx. March 6,wh
寸 sun(approx. 3.03 cm)",Guess Vocab related to Keyword,Text
"wheel","切り返す,横車,後輪,前輪,水車,車止め","切り返す cut wheel;quickly turn steering wheel opposit
横車 side wheel throw(judo)
後輪 rear wheel
前輪 front wheel
水車 water wheel
車止め wheel stop;(wheel)chock",Guess Vocab related to Keyword,Text
"bout","仕切る,勝ち名乗り,力水,酒盛り,腰砕け,水入り","仕切る assume crouching posture(start bout)
勝ち名乗り declared winner bout
力水 water offered wrestlers just prior bout
酒盛り drinking bout
腰砕け collapsing middle bout
水入り break granted wrestlers engaged prolonged bout",Guess Vocab related to Keyword,Text
"religion","宗教家,大本,国教,門徒,入信,宗旨","宗教家 religion
大本 Ōmoto(religion)
国教 state religion;established religion;official re
門徒 follower(religion
入信 joining religion
宗旨 religion",Guess Vocab related to Keyword,Text
"share","市場占有率,取り分,分け前,分け合う,持ち分,乗り合わせる","市場占有率 market share
取り分 share
分け前 share
分け合う share
持ち分 share(expenses)
乗り合わせる share vehicle",Guess Vocab related to Keyword,Text
"where","出し投げ,矢面,切腹,出先,開眼,風前","出し投げ winning techniques where opponent thrown clos
矢面 position where subject questioning,criticism,
切腹 seppuku death penalty(where convict decapitated
出先 place where going;place where has gone
開眼 ceremony where newly made image idol consecrate
風前 where wind blows",Guess Vocab related to Keyword,Text
"eat","食らう,取り崩す,召す,食わす,食い入る,弱肉強食","食らう eat
取り崩す eat
召す eat
食わす force eat;eat
食い入る eat
弱肉強食 weak are meat strong eat",Guess Vocab related to Keyword,Text
"elementary","寺子屋,初等教育,読本,素粒子,遊戯,初等","寺子屋 temple elementary(during Edo)
初等教育 elementary education
読本 textbook(pre-war elementary language textbook)
素粒子 elementary particle
遊戯 play dance(kindergarten elementary)
初等 elementary",Guess Vocab related to Keyword,Text
"friendship","友誼,交遊,修好,懇意,旧交,親和","友誼 friendship
交遊 friendship
修好 friendship
懇意 friendship
旧交 old friendship
親和 friendship",Guess Vocab related to Keyword,Text
"paragraph","前段,別項,前節,末尾,前項,書き出し","前段 preceding paragraph
別項 separate paragraph
前節 preceding paragraph,section,verse
末尾 end(report,document,paragraph,)
前項 previous paragraph
書き出し opening passage(sentence,paragraph,)",Guess Vocab related to Keyword,Text
"radio","感受,声優,放送劇,聞こえ,電波望遠鏡,高感度","感受 (radio)receptivity
声優 voice actor actress(radio,animation,)
放送劇 radio drama
聞こえ reception(radio station)
電波望遠鏡 radio telescope
高感度 highly sensitive(film,radio receiver)",Guess Vocab related to Keyword,Text
"ready","二つ返事,才覚,逃げ腰,快諾,常備,気さく","二つ返事 ready agreement
才覚 ready wit
逃げ腰 ready run away
快諾 ready consent
常備 always ready
気さく ready",Guess Vocab related to Keyword,Text
"team","先鋒,副将,班長,助っ人,寄り合い所帯,全軍","先鋒 athlete competes first match team competition(k
副将 fourth athlete compete 5-on-5 team competition(
班長 team leader
助っ人 foreign player(hired strengthen team)
寄り合い所帯 scratch(combined)team
全軍 whole team",Guess Vocab related to Keyword,Text
"there","散在,何々,遠近,傍若無人,散見,荒らし回る","散在 found here there
何々 there,there
遠近 here there
傍若無人 behaving outrageously though there were aroun
散見 seen here there
荒らし回る break(houses here there)",Guess Vocab related to Keyword,Text
"Union","合流,和合,合体,専従者,接合,日ソ","合流 union(forces)
和合 union
合体 union
専従者 full-time union official
接合 union
日ソ Soviet Union",Guess Vocab related to Keyword,Text
"university","学外,書生,商科,滑り止め,早慶戦,総合大学","学外 unaffiliated university;outside university
書生 houseboy(attending university)
商科 department commerce(university)
滑り止め back-up option(regard university admissions)
早慶戦 match between Waseda University Keio Universit
総合大学 university",Guess Vocab related to Keyword,Text
"haughty","大上段,誇らしい,横柄,高ぶる,傲慢,高慢","大上段 haughty attitude
誇らしい haughty
横柄 haughty
高ぶる haughty
傲慢 haughty
高慢 haughty",Guess Vocab related to Keyword,Text
"abroad","洋行,渡来,伝来,内憂外患,来航,遊学","洋行 going abroad(study travel)
渡来 visit(abroad);introduction(abroad)
伝来 introduction(abroad)
内憂外患 troubles both home abroad
来航 arrival ships(abroad)
遊学 studying abroad",Guess Vocab related to Keyword,Text
"affection","情愛,慈愛,親心,思慕,敬愛,相思","情愛 affection
慈愛 affection(parental)
親心 parental affection
思慕 deep affection
敬愛 respect affection
相思 mutual affection",Guess Vocab related to Keyword,Text
"artistic","情操,有職,器械体操,花鳥風月,芸術的,紫綬褒章","情操 sensibility(artistic,moral)
有職 great artistic talent
器械体操 artistic gymnastics
花鳥風月 artistic pursuits involving nature themes
芸術的 artistic
紫綬褒章 Medal Honor Purple Ribbon(awarded scholarly a",Guess Vocab related to Keyword,Text
"cannot","止むを得ない,浮かばれない,下戸,打ちのめす,目隠し,言いがかり","止むを得ない cannot helped
浮かばれない cannot rest peace
下戸 cannot drink
打ちのめす injureso badly they cannot recover(emotional
目隠し concealing home such interior cannot seen outs
言いがかり statement cannot retracted;saying cannot tak",Guess Vocab related to Keyword,Text
"cattle","伯楽,牛舎,肉牛,乳牛,追い立てる,牛馬","伯楽 cattle horse trader;good judge horses cattle
牛舎 cattle barn
肉牛 beef cattle
乳牛 dairy cattle
追い立てる urge forward(cattle)
牛馬 horses cattle",Guess Vocab related to Keyword,Text
"cheap","駄菓子,低廉,安直,安物,小細工,薄っぺら","駄菓子 cheap individually wrapped sweets
低廉 cheap
安直 cheap
安物 cheap article
小細工 cheap trick
薄っぺら cheap",Guess Vocab related to Keyword,Text
"combination","重ね,配偶,合体,配合,兼用,詰め合わせ","重ね combination colors created layering garments(co
配偶 combination
合体 combination
配合 combination
兼用 combination
詰め合わせ combination",Guess Vocab related to Keyword,Text
"data","流し込む,転送,機密保護,電送,確報,解凍","流し込む insert(data stream)
転送 transfer(data)
機密保護 security(data,password,)
電送 electronic transmission(data)
確報 confirmed data
解凍 decompression(data)",Guess Vocab related to Keyword,Text
"estimate","目算,見当違い,筋違い,見計らう,見立てる,見積もる","目算 rough estimate
見当違い wrong(guess estimate)
筋違い wrong(estimate,guess)
見計らう estimate
見立てる estimate
見積もる estimate",Guess Vocab related to Keyword,Text
"estimation","品定め,票読み,失墜,見立て,品評,器量","品定め estimation
票読み estimation votes(election)
失墜 sinking(people's estimation)
見立て estimation
品評 estimation
器量 (public)estimation(man)",Guess Vocab related to Keyword,Text
"finish","やっ付ける,複,見通す,彫り上げる,切り上げる,読み切る","やっ付ける finish
複 bet predicts top 2 top 3 finish(depending number
見通す watch start finish
彫り上げる finish carving engraving
切り上げる finish(convenient spot)
読み切る finish reading",Guess Vocab related to Keyword,Text
"flavor","甘口,美味,香味,大味,薄口,淡泊","甘口 sweet flavor
美味 good flavor
香味 flavor
大味 lacking flavor
薄口 light(flavor)
淡泊 light(flavor,color,)",Guess Vocab related to Keyword,Text
"genuine","真性,生粋,真正,極め付き,純正,真贋","真性 genuine
生粋 genuine
真正 genuine
極め付き certified(genuine,valuable,)
純正 genuine
真贋 genuine spurious",Guess Vocab related to Keyword,Text
"glory","精華,国光,栄え,咲き誇る,英名,栄華","精華 glory
国光 national glory
栄え glory
咲き誇る blossom full glory
英名 glory
栄華 glory",Guess Vocab related to Keyword,Text
"hidden","口裏,含み資産,寓意,他意,穴場,埋もれる","口裏 determining speaker's true hidden meaning
含み資産 hidden assets
寓意 hidden meaning
他意 hidden purpose
穴場 hidden gem place
埋もれる hidden",Guess Vocab related to Keyword,Text
"highway","往還,公道,本道,切り取り,大路,宿場","往還 highway
公道 highway
本道 highway
切り取り cutting(railroad,highway,)
大路 most important three classes highway(ritsuryō)
宿場 relay station(Edo-period highway)",Guess Vocab related to Keyword,Text
"incident","珍事,沙汰,絵とき,一大事,絵解き,付随","珍事 strange incident;grave(unexpected)incident
沙汰 incident
絵とき explanation(incident,reasoning,)
一大事 major incident
絵解き explanation(incident,reasoning,)
付随 incident",Guess Vocab related to Keyword,Text
"institution","家族制度,公器,本院,分院,別当,移設","家族制度 family(institution)
公器 public institution
本院 institution;main institution
分院 branch(institution)
別当 head institution,religious;head institution ser
移設 relocation(facilities,institution,factory,)",Guess Vocab related to Keyword,Text
"interior","内大臣,内地,胎内,口中,奥深い,目隠し","内大臣 Minister Interior(669-1868)
内地 interior
胎内 interior Buddhistic statue;interior uterus;inte
口中 interior mouth
奥深い interior
目隠し concealing home such interior cannot seen outs",Guess Vocab related to Keyword,Text
"judge","司直,判官,見立てる,忌避,伯楽,線審","司直 judge
判官 judge
見立てる judge
忌避 taking exception(judge);recusation(judge)
伯楽 good judge horses cattle
線審 line judge",Guess Vocab related to Keyword,Text
"keen","興味津々,痛切,切,研ぎ澄ます,鋭利,鋭敏","興味津々 keen interest
痛切 keen
切 keen
研ぎ澄ます keen
鋭利 keen
鋭敏 keen",Guess Vocab related to Keyword,Text
"lane","横丁,区分け,小道,小路,細道,裏道","横丁 lane
区分け (traffic)lane
小道 lane
小路 lane
細道 narrow lane
裏道 lane",Guess Vocab related to Keyword,Text
"movement","急先鋒,荷動き,胎動,文明開化,熟し,逆行","急先鋒 van(movement)
荷動き movement goods
胎動 fetal movement
文明開化 Japan's Westernization movement during Meiji 
熟し movement(body)
逆行 backward movement;reverse movement",Guess Vocab related to Keyword,Text
"pleasant","快眠,歓談,談笑,快音,楽しげ,甘美","快眠 pleasant sleep
歓談 pleasant talk
談笑 pleasant chat
快音 (pleasant)roar(engine);pleasant sound
楽しげ pleasant
甘美 pleasant",Guess Vocab related to Keyword,Text
"program","裏番組,出し物,式次第,生番組,催し物,本科","裏番組 program competing another same timeslot(progra
出し物 program(theatre,theater)
式次第 program ceremony(programme)
生番組 live program
催し物 (program)entertainments
本科 regular program",Guess Vocab related to Keyword,Text
"purchase","買い入れる,召す,買い上げる,買い取る,譲り受ける,釣り銭","買い入れる purchase
召す purchase
買い上げる purchase
買い取る purchase
譲り受ける purchase
釣り銭 change(purchase)",Guess Vocab related to Keyword,Text
"radical","下心,先鋭,気構え,部首,根治,最右翼","下心 kanji heart radical bottom
先鋭 radical
気構え kanji vapor radical
部首 radical(kanji character)
根治 radical cure
最右翼 radical right wing",Guess Vocab related to Keyword,Text
"reason","事由,筋合い,これを機に,諭す,条理,言い聞かせる","事由 reason
筋合い reason
これを機に (reason,excuse,impetus,starting point,)
諭す reason
条理 reason
言い聞かせる reason",Guess Vocab related to Keyword,Text
"remark","皮肉る,注釈,台詞,放言,口切り,名言","皮肉る sarcastic remark;cynical remark
注釈 remark
台詞 remark
放言 careless remark
口切り opening remark
名言 witty remark",Guess Vocab related to Keyword,Text
"reserve","常備,借り切る,準備金,取り崩す,打ち解ける,蓄え","常備 reserve
借り切る reserve
準備金 reserve fund
取り崩す break(reserve fund,)
打ち解ける throw reserve
蓄え reserve",Guess Vocab related to Keyword,Text
"rotation","一回転,転回,自転,旋回,輪番,時計回り","一回転 rotation
転回 rotation
自転 rotation(under own power);rotation(axis)
旋回 rotation
輪番 rotation(duty)
時計回り clockwise rotation",Guess Vocab related to Keyword,Text
"sentiment","小気味,民心,情操,詩情,感傷,歌心","小気味 sentiment
民心 popular sentiment
情操 sentiment
詩情 poetic sentiment
感傷 sentiment
歌心 (waka)poetic sentiment",Guess Vocab related to Keyword,Text
"smoke","発煙筒,吹かす,渦巻く,発煙,排煙,硝煙","発煙筒 smoke bomb;smoke candle
吹かす puff(smoke);smoke(cigarette,pipe,)
渦巻く curl(smoke)
発煙 emitting smoke
排煙 smoke(dispersal)
硝煙 gunpowder smoke",Guess Vocab related to Keyword,Text
"solid","直方体,固定票,堅固,歌心,単線,骨太","直方体 rectangular solid
固定票 solid(assured,safe)vote;solid(assured)support
堅固 solid
歌心 solid grounding waka
単線 solid wire
骨太 solid(plan,storyline,)",Guess Vocab related to Keyword,Text
"crop","実入り,作り物,病虫害,畑作,米作,病害","実入り crop
作り物 crop
病虫害 (crop)damage disease harmful insects
畑作 dry field crop
米作 rice crop
病害 (crop)damage owing disease blight",Guess Vocab related to Keyword,Text
"charm","呪文,縁起物,妙味,醍醐味,美点,魔力","呪文 charm
縁起物 lucky charm
妙味 charm
醍醐味 true charm
美点 charm
魔力 charm",Guess Vocab related to Keyword,Text
"descent","急襲,降下,血筋,上り下り,出自","急襲 descent
降下 descent
血筋 descent
上り下り climb descent;ascent descent
出自 descent",Guess Vocab related to Keyword,Text
"flame","中火,弱火,火の手,火炎,強火","中火 medium flame(cooking)
弱火 low flame(cooking)
火の手 flame
火炎 flame
強火 flame(cooking)",Guess Vocab related to Keyword,Text
"purpose","他意,目的意識,眼目,書き下ろす,本意","他意 hidden purpose
目的意識 sense purpose
眼目 chief purpose
書き下ろす write(original work specific purpose)
本意 original purpose",Guess Vocab related to Keyword,Text
"choice","取捨,二律背反,名木,滑り止め,見立て","取捨 choice
二律背反 choice between mutually exclusive alternative
名木 choice wood
滑り止め insurance choice;back-up choice
見立て choice",Guess Vocab related to Keyword,Text
"incl.","孔雀,山の手,足掛け,白鷺,音符","孔雀 peafowl(incl. male peacock,female peahen,young 
山の手 Yamanote(hilly residential section western Tok
足掛け indicates consecutive incl. incomplete days,en
白鷺 heron all-white plumage(incl. egrets)
音符 phonetic symbol(incl. kanji kana-doubling symbo",Guess Vocab related to Keyword,Text
"ambition","大願,大それた,大志,本望,覇気","大願 ambition
大それた wild(ambition,idea,)
大志 ambition
本望 long-cherished ambition
覇気 ambition",Guess Vocab related to Keyword,Text
"basis","基底,母胎,因,準拠,大本","基底 basis(linear algebra);basis
母胎 basis
因 basis argument(hetuvidya)
準拠 basis
大本 basis",Guess Vocab related to Keyword,Text
"beaten","秘境,玉砕,参った,根負け,金箔","秘境 place beaten track
玉砕 trying utterly beaten
参った I'm beaten
根負け beaten opponent's persistence
金箔 beaten gold",Guess Vocab related to Keyword,Text
"hell","火の車,汚泥,馬頭,黄土,生き地獄","火の車 fiery chariot(carries souls sinners hell)
汚泥 hell
馬頭 horse-headed demon(hell)
黄土 hell
生き地獄 hell earth;living hell",Guess Vocab related to Keyword,Text
"receive","取り持つ,譲り受ける,授かる,送受,食らう","取り持つ receive
譲り受ける receive
授かる receive(title)
送受 send receive
食らう receive(blow)",Guess Vocab related to Keyword,Text
"vigour","剛健,生気,馬力,覇気,息巻く","剛健 vigour
生気 vigour
馬力 vigour
覇気 vigour
息巻く speak vigour",Guess Vocab related to Keyword,Text
"companion","同伴者,伴侶,話し相手,朋友,道連れ","同伴者 companion
伴侶 companion
話し相手 companion
朋友 companion
道連れ travelling companion",Guess Vocab related to Keyword,Text
"son","御曹司,長子,坊や,野郎,太閤","御曹司 son noble;son distinguished family
長子 eldest son;oldest son
坊や son
野郎 son bitch
太閤 title regent,later grand chancellor,also father",Guess Vocab related to Keyword,Text
"proud","傲慢,誇らしい,高ぶる,鼻高々,高慢","傲慢 proud
誇らしい proud
高ぶる proud
鼻高々 proud
高慢 proud",Guess Vocab related to Keyword,Text
"revival","中興,再興,復古,蘇生,覚醒","中興 revival
再興 revival
復古 revival
蘇生 revival
覚醒 revival",Guess Vocab related to Keyword,Text
"bean","春雨,大福,白壁,節分,緑豆","春雨 thin noodles made bean starch(potato starch)
大福 rice cake stuffed bean jam
白壁 bean curd
節分 last winter traditional calendar(usu. February 
緑豆 mung bean(Vigna radiata)",Guess Vocab related to Keyword,Text
"bit","一工夫,紙片,毛頭,片っ端から,切り売り","一工夫 bit fiddling;bit more(food)
紙片 piece(scrap,bit,strip)paper
毛頭 bit
片っ端から absolutely every little bit
切り売り selling(knowledge,talents,)bit bit",Guess Vocab related to Keyword,Text
"compound","重文,合成語,複,有機化合物,複眼","重文 compound sentence
合成語 compound word
複 compound
有機化合物 organic compound
複眼 compound eye",Guess Vocab related to Keyword,Text
"detention","居残り,留め置き,停船,拘留,少年院","居残り detention
留め置き detention
停船 detention
拘留 detention
少年院 youth detention center(centre)",Guess Vocab related to Keyword,Text
"discretion","思慮,手加減,計らい,慎み,見計らう","思慮 discretion
手加減 using discretion
計らい discretion
慎み discretion
見計らう choose own discretion",Guess Vocab related to Keyword,Text
"employee","雇い,若い者,主従,住み込む,古手","雇い employee
若い者 young employee
主従 employer employee
住み込む live-in employee
古手 long-serving employee",Guess Vocab related to Keyword,Text
"entire","家中,渾然,一括払い,全館,総員","家中 entire family
渾然 entire
一括払い paying entire sum transaction
全館 entire building
総員 entire strength",Guess Vocab related to Keyword,Text
"expert","練達,老練,名家,妙手,商売人","練達 expert(ise)
老練 expert
名家 expert
妙手 expert
商売人 expert(trade profession)",Guess Vocab related to Keyword,Text
"extraction","採炭,収斂,製油,切り出し,解凍","採炭 coal extraction
収斂 extraction(taxes)
製油 (animal vegetable)oil extraction
切り出し extraction(portion media file)
解凍 extraction",Guess Vocab related to Keyword,Text
"extraordinary","並外れ,不世出,別格,希代,非凡","並外れ extraordinary
不世出 extraordinary
別格 extraordinary
希代 extraordinary
非凡 extraordinary",Guess Vocab related to Keyword,Text
"happy","楽しげ,慶事,法被,賀正,満ち足りる","楽しげ happy
慶事 happy event
法被 happy coat
賀正 Happy New Year!
満ち足りる happy",Guess Vocab related to Keyword,Text
"held","国民審査,歌会始,留め置き,前夜祭,追善","国民審査 national referendum appointment re-appointmen
歌会始 annual New Year's tanka-reading party held Imp
留め置き mail held post office
前夜祭 event held night another event
追善 Buddhist service held anniversary death",Guess Vocab related to Keyword,Text
"hope","喜望峰,圧殺,期す,本意,念じる","喜望峰 Cape Good Hope
圧殺 crushing(hope,freedom,)
期す hope
本意 original hope
念じる hope",Guess Vocab related to Keyword,Text
"imitation","造花,後追い,作り物,亜流,模造","造花 imitation flower
後追い imitation
作り物 imitation
亜流 poor imitation
模造 imitation",Guess Vocab related to Keyword,Text
"masterpiece","名品,大著,逸品,快作,絶品","名品 masterpiece
大著 masterpiece
逸品 masterpiece
快作 masterpiece
絶品 masterpiece",Guess Vocab related to Keyword,Text
"multiple","多発性,連記,複,幾重,持ち上がる","多発性 multiple
連記 multiple entry
複 multiple
幾重 multiple layers
持ち上がる homeroom teacher same class multiple years r",Guess Vocab related to Keyword,Text
"priesthood","僧籍,仏門,得度,出家,神職","僧籍 priesthood
仏門 priesthood
得度 entering priesthood
出家 entering priesthood
神職 Shinto priesthood",Guess Vocab related to Keyword,Text
"rash","先走る,跳ね上がり,湿疹,早計,軽々しい","先走る rash
跳ね上がり rash
湿疹 rash
早計 rash
軽々しい rash",Guess Vocab related to Keyword,Text
"reform","改心,教護院,改廃,少年院,変える","改心 reform
教護院 reform
改廃 reformabolition
少年院 reform
変える reform",Guess Vocab related to Keyword,Text
"remote","上代,寒村,片田舎,辺地,遠因","上代 remote ages
寒村 remote village
片田舎 remote countryside
辺地 remote place
遠因 remote cause",Guess Vocab related to Keyword,Text
"senior","上役,兄弟子,初段,先達,重臣","上役 senior
兄弟子 senior pupil(same master);senior student;senio
初段 first rank senior class(martial arts,,)
先達 senior figure
重臣 senior statesman",Guess Vocab related to Keyword,Text
"somewhere","巣くう,泊まり込み,外泊,運び出す,居座る","巣くう hang(somewhere)
泊まり込み staying somewhere(overnight)due circumstance
外泊 staying somewhere else(overnight)
運び出す carry(somewhere)
居座る stay(somewhere)",Guess Vocab related to Keyword,Text
"speak","文字盤,切り出し,仰っしゃる,話し相手,息巻く","文字盤 letter board(communication aid unable speak)
切り出し starting speak
仰っしゃる speak
話し相手 whom speak
息巻く speak vigour;speak enthusiastically",Guess Vocab related to Keyword,Text
"transition","変転,動転,変態,変わり目,移り","変転 transition
動転 transition
変態 transition
変わり目 transition
移り transition",Guess Vocab related to Keyword,Text
"verbal","失言,口述,口上書,口約束,糾弾","失言 verbal gaffe;verbal slip
口述 verbal statement
口上書 verbal note(notes verbale)
口約束 verbal promise
糾弾 (verbal)attack",Guess Vocab related to Keyword,Text
"garment","着付け,重ね着,摘み洗い,小袖,見返し","着付け outer garment(kabuki)
重ね着 wearing garment another
摘み洗い washing only soiled part(garment)
小袖 padded silk garment
見返し facing(material sewn inside edge garment)",Guess Vocab related to Keyword,Text
"workmanship","出来栄え,巧拙,緻密,不出来,小細工","出来栄え workmanship
巧拙 workmanship
緻密 fine(grain,workmanship,)
不出来 poor workmanship
小細工 intricate workmanship",Guess Vocab related to Keyword,Text
"act","仕向ける,思い余る,徳行,優生保護法,作為,所業,不可抗力,仕打ち,吹かす,長丁場,突き放す,先走る,水飲み,前座,中幕,夜逃げ,跳ね上がる,蛮行,取り持つ,愚行,道交法,恩典,証取り法,黒い霧","仕向ける act toward(certain way)
思い余る know how act what
徳行 virtuous act deeds
優生保護法 Eugenic Protection Act
作為 contrived act
所業 act
不可抗力 act God
仕打ち act
吹かす act way
長丁場 long act
突き放す act coldly
先走る act first;act precipitously
水飲み (act)drinking water
前座 opening act
中幕 middle act
夜逃げ midnight vanishing act
跳ね上がる act rashly
蛮行 act barbarity
取り持つ act go-between
愚行 foolish act
道交法 Road Traffic Act
恩典 act grace
証取り法 Securities Exchange Act
黒い霧 covered-up crime,unethical act,",Guess Vocab related to Keyword,Text
"push","押し出す,押し上げる,分け入る,押し戻す,押し通す,押し下げる,押し倒す,押しボタン,突き放す,押し立てる,突っ掛ける,押し寄せる,突き出す,突き落とす,突き進む,駆り立てる","押し出す push
押し上げる push
分け入る push through
押し戻す push
押し通す push through
押し下げる push
押し倒す push(hold)(sexual connotations)
押しボタン push button
突き放す push away
押し立てる push
突っ掛ける push(opponent)he stands
押し寄せる push aside
突き出す push
突き落とす push
突き進む push way;push
駆り立てる push",Guess Vocab related to Keyword,Text
"black","漆黒,横流し,黒松,段位,黒土,黒い霧,黒白,黒鳥,黒髪,黒点,黒船,黒光り,黒猫,黒地","漆黒 jet black
横流し putting black market
黒松 black pine;black pine(Pinus thunbergii)
段位 grade black belt
黒土 black soil;black terracotta
黒い霧 black veil secrecy
黒白 black white
黒鳥 black swan(Cygnus atratus)
黒髪 black hair
黒点 black spot
黒船 black ships
黒光り black lustre;black luster
黒猫 black cat
黒地 black cloth;black ground",Guess Vocab related to Keyword,Text
"jump","三段跳び,跳ね,突っ立つ,先走る,縄跳び,飛び立つ,飛び越える,決め込む,躍る,跳ね上がり,飛び乗る,跳ね上がる,飛び起きる,飛び出る","三段跳び triple jump;hop,step jump
跳ね jump
突っ立つ jump feet
先走る jump gun
縄跳び jump rope
飛び立つ jump
飛び越える jump;jump ahead
決め込む jump conclusion
躍る jump
跳ね上がり jump(prices)
飛び乗る jump(moving object)
跳ね上がる jump(market,price,);jump;jump gun
飛び起きる jump feet
飛び出る jump",Guess Vocab related to Keyword,Text
"army","救世軍,兵糧,上等兵,全軍,服する,兵団,大軍,粛軍,副将,官軍,軍馬,私兵,富国強兵,皇軍","救世軍 Salvation Army
兵糧 (army)provisions
上等兵 private first-class(army)
全軍 whole army
服する serve(army,prison sentence,)
兵団 army corps
大軍 large army
粛軍 army purge
副将 second command(army)
官軍 loyalist army
軍馬 army horse
私兵 private army
富国強兵 enrich country,strengthen army
皇軍 Imperial Army",Guess Vocab related to Keyword,Text
"literary","文人,文武,雅文,文学的,文豪,主著,選評,文筆,名文,筆致,文士,著述,自著,詩文","文人 literary
文武 literary military arts
雅文 elegant(literary)style
文学的 literary
文豪 literary master
主著 chief(literary)work
選評 selection commentary(literary texts poems)
文筆 literary art;literary activity
名文 famous literary composition
筆致 literary style
文士 literary man
著述 (literary)work
自著 own literary work
詩文 literary works",Guess Vocab related to Keyword,Text
"month","如月,初秋,初冬,晩夏,観月,口切り,中秋,晩秋,晩春,臨月,初春,小春,葉月","如月 second month lunar calendar
初秋 seventh month lunar calendar
初冬 tenth month lunar calendar
晩夏 sixth month lunar calendar
観月 moon viewing(during eight month lunar calendar)
口切り event start tenth month lunar calendar
中秋 15th 8th lunar month;eighth month lunar calenda
晩秋 ninth month lunar calendar
晩春 third month lunar calendar
臨月 month which childbirth due;final month pregnanc
初春 first month lunar calendar
小春 10th month lunisolar calendar(traditional first
葉月 eighth month lunar calendar",Guess Vocab related to Keyword,Text
"keep","落ち着き払う,焦らす,遊ばす,押し黙る,天守閣,突き放す,遠ざける,立ち尽くす,黙秘権,食わす,貫き通す,銘記","落ち着き払う keep cool
焦らす keepsuspense
遊ばす keepamused
押し黙る keep silent
天守閣 keep
突き放す keep away
遠ざける keep away;keep distance
立ち尽くす keep standing
黙秘権 right keep silent
食わす keep
貫き通す keep(faith)
銘記 keep mind",Guess Vocab related to Keyword,Text
"lunar","口切り,初冬,中秋,初秋,晩夏,初春,葉月,如月,観月,晩春,旧盆,晩秋","口切り event start tenth month lunar calendar
初冬 tenth month lunar calendar
中秋 eighth month lunar calendar;15th 8th lunar mont
初秋 seventh month lunar calendar
晩夏 sixth month lunar calendar
初春 first month lunar calendar
葉月 eighth month lunar calendar
如月 second month lunar calendar
観月 moon viewing(during eight month lunar calendar)
晩春 third month lunar calendar
旧盆 Bon Festival lunar calendar
晩秋 ninth month lunar calendar",Guess Vocab related to Keyword,Text
"sexual","愛欲,合体,性欲,発情,交わり,性愛,変態,押し倒す,生殖器,強姦,性交,性癖","愛欲 sexual desire
合体 sexual intercourse
性欲 sexual desire
発情 sexual excitement
交わり sexual intercourse
性愛 sexual love
変態 sexual perversion
押し倒す push(hold)(sexual connotations)
生殖器 sexual organ
強姦 sexual assault
性交 sexual intercourse
性癖 sexual disposition",Guess Vocab related to Keyword,Text
"straight","正視,大刀,単刀直入,真一文字,一文字,直言,居直る,直立,正面,太刀,突っ立つ,突っ込み","正視 looking straight
大刀 straight single-edged sword(mid-Heian earlier);
単刀直入 straight point
真一文字 straight
一文字 straight line
直言 straight talk
居直る sit straight
直立 rising straight;standing straight
正面 straight
太刀 straight single-edged sword(mid-Heian earlier)
突っ立つ stand straight
突っ込み straight man(comedy duo)",Guess Vocab related to Keyword,Text
"will","戦意,上意,自分勝手,天命,他意,本意,疑心暗鬼,肥やし,書き残す,言い残す,勝ち気,遺恨","戦意 will fight
上意 will decree(shogun)
自分勝手 own free will
天命 God's will
他意 ill will
本意 true will
疑心暗鬼 once suspect,everything else will look suspic
肥やし will help develop future
書き残す leave(note,will,)behind
言い残す state will
勝ち気 will
遺恨 ill will",Guess Vocab related to Keyword,Text
"construction","土方,築城,築造,架設,急造,設営,新造,本建築,整地,竣工,論陣,造営","土方 construction worker
築城 castle construction
築造 construction
架設 construction
急造 hurried construction
設営 construction
新造 construction
本建築 permanent construction
整地 levelling ground(construction)
竣工 completion construction
論陣 (construction)argument
造営 construction",Guess Vocab related to Keyword,Text
"rush","押し寄せる,突っ走る,駆け込む,切り込む,飛び出る,突貫,上気,突撃,駆け上る,駆け巡る,駆け寄る","押し寄せる rush(door)
突っ走る rush
駆け込む rush
切り込む rush
飛び出る rush
突貫 rush
上気 rush blood head
突撃 rush
駆け上る rush
駆け巡る rush
駆け寄る rush",Guess Vocab related to Keyword,Text
"behaviour","立ち居振る舞い,仕打ち,折り目,言行,所作,行状,挙動,迷惑行為,素行,粗暴,醜態","立ち居振る舞い behaviour
仕打ち behaviour
折り目 responsible behavior(behaviour)
言行 speech behaviour(behavior)
所作 behaviour
行状 behaviour
挙動 behaviour
迷惑行為 abusive behaviour;disruptive behaviour
素行 behaviour
粗暴 rough(behaviour,temperament,)
醜態 disgraceful behaviour",Guess Vocab related to Keyword,Text
"can","手当たり次第,他山の石,力走,反面教師,一目散に,微力,能く,抜け穴,水差し,虚々実々,飲み放題","手当たり次第 using anything can lay hands
他山の石 stones other mountains(can polish own gems)
力走 running fast can
反面教師 bad example which can learn
一目散に fast legs can carry
微力 what little can
能く don't know how can
抜け穴 hole can through
水差し watering can
虚々実々 match between persons equal shrewdness mobili
飲み放題 can drink",Guess Vocab related to Keyword,Text
"popular","俗,冬山,大衆文学,御用達,俗説,世俗,庶民的,浪花節,民心,軽音楽,通俗","俗 popular
冬山 mountain popular climbing winter
大衆文学 popular literature
御用達 company(restaurant,place,)caters popular speci
俗説 popular version
世俗 popular taste
庶民的 popular
浪花節 variety sung narrative popular during Edo
民心 popular sentiment
軽音楽 popular music
通俗 popular",Guess Vocab related to Keyword,Text
"property","私財,恒産,払い下げる,跡目,村有,属性,私物,身代,親譲り,通性,重文","私財 private property
恒産 real property;fixed property
払い下げる sale government property
跡目 family property
村有 village property
属性 property
私物 private property
身代 property
親譲り inheritance parent(property,trait,physique,)
通性 common property
重文 important cultural property",Guess Vocab related to Keyword,Text
"diet","常食,精進,美食,小食,歳費,偏食,流動食,登院,米食,自然休会","常食 regular diet
精進 adherence vegetarian diet
美食 following lavish diet
小食 spare diet
歳費 annual salary paid Diet members
偏食 unbalanced diet
流動食 liquid food(diet)
登院 attending session Diet
米食 rice-based centered diet(centred)
自然休会 spontaneous recess(Diet)",Guess Vocab related to Keyword,Text
"car","下回り,自家用車,愛車,発進,乗り切る,車窓,洗車,駆る,始動,車台","下回り underside(car)
自家用車 private car
愛車 beloved car(motorcycle,bicycle,)
発進 car)
乗り切る load completely(books shelf,luggage car)
車窓 car window
洗車 car washing
駆る drive speed(car)
始動 starting(machine,engine,car,)
車台 car body",Guess Vocab related to Keyword,Text
"devotion","狂信,忠義,愛社,全身全霊,精進,至誠,信心,心酔,献身,後生大事","狂信 blind devotion
忠義 devotion
愛社 devotion company
全身全霊 complete devotion
精進 devotion
至誠 devotion
信心 devotion
心酔 devotion
献身 devotion
後生大事 utmost devotion",Guess Vocab related to Keyword,Text
"dog","忠犬,猟犬,負け犬,柴犬,土用,狂犬,放し飼い,野犬,飼い犬,野良犬","忠犬 faithful dog
猟犬 hunting dog;gun dog
負け犬 loser dog
柴犬 shiba inu(dog breed);brushwood dog
土用 dog days
狂犬 mad dog
放し飼い letting run free(dog,child,)
野犬 ownerless dog;stray dog
飼い犬 pet dog
野良犬 stray dog",Guess Vocab related to Keyword,Text
"mistake","手違い,他山の石,思い知らせる,見誤る,抜かる,同士打ち,取り違える,過誤,抜け目,諭す","手違い mistake
他山の石 lesson learned else mistake
思い知らせる realize(mistake)
見誤る mistake(else)
抜かる mistake
同士打ち killing each other mistake
取り違える take mistake;mistake thing another
過誤 mistake
抜け目 mistake
諭す understand(fault,mistake,)",Guess Vocab related to Keyword,Text
"opposite","向かい合う,流し打ち,向かい側,見開き,向き合う,切り返す,吹き返す,愛欲,対訳,突き合わせる","向かい合う opposite
流し打ち hitting opposite field
向かい側 opposite side
見開き two pages opposite each other
向き合う opposite
切り返す quickly turn steering wheel opposite directio
吹き返す blow opposite direction
愛欲 attachment(family member opposite sex)
対訳 original text translation printed side side opp
突き合わせる place persons opposite",Guess Vocab related to Keyword,Text
"quiet","安住,物静か,隠居,安眠,閑静,鎮静,安穏,寡黙,平然,穏便","安住 living quiet life
物静か quiet
隠居 leading quiet life(retirement)
安眠 quiet sleep
閑静 quiet(neighbourhood)
鎮静 quiet
安穏 quiet
寡黙 quiet
平然 quiet
穏便 quiet",Guess Vocab related to Keyword,Text
"ice","氷柱,切り出す,流氷,氷原,氷室,張り詰める,氷解,氷水,薄氷,銀盤","氷柱 ice pillar(cooling room);ice
切り出す break ice
流氷 drift ice;ice floe
氷原 ice field;ice floe
氷室 ice room;ice house
張り詰める cover(tiles,ice,)
氷解 melting(ice)
氷水 shaved ice(usually served flavored simple syrup
薄氷 thin ice
銀盤 ice surface",Guess Vocab related to Keyword,Text
"net","刺し網,網目,繰り入れる,定置網,底引き網,正味,巻き網,流し網,投網,純増","刺し網 gill net
網目 mesh(net)
繰り入れる reel(net,fishing line)
定置網 stationary net;fixed shore net
底引き網 trawl(net)
正味 net price;net(amount);net weight
巻き網 round haul net
流し網 drift net
投網 cast net;casting net
純増 net increase",Guess Vocab related to Keyword,Text
"Palace","後宮,内裏,参賀,大奥,歌会始,正殿,竜宮,御殿,造営,賢所","後宮 inner palace(reserved women)
内裏 imperial palace
参賀 congratulatory visit Imperial Palace(New Year)
大奥 inner palace(Edo Castle)
歌会始 annual New Year's tanka-reading party held Imp
正殿 central building palace
竜宮 palace story Urashima Tarō(said located bottom 
御殿 palace
造営 building(temple,palace,)
賢所 palace sanctuary",Guess Vocab related to Keyword,Text
"flow","差し込む,分流,一進一退,流れ出す,上げ下げ,干満,流れ出る,流量,消長","差し込む flow
分流 branched flow(river,current,)
一進一退 ebb flow
流れ出す flow
上げ下げ ebb flow(tide)
干満 ebb flow
流れ出る flow
流量 flow rate(water electricity);quantity flow
消長 ebb flow",Guess Vocab related to Keyword,Text
"childbirth","産前,安産,初産,産婦,難産,産後,分娩,臨月,鬼子母神","産前 prior childbirth
安産 easy childbirth
初産 first childbirth
産婦 woman childbirth
難産 difficult childbirth
産後 childbirth
分娩 childbirth
臨月 month which childbirth due
鬼子母神 Hariti(goddess childbirth children)",Guess Vocab related to Keyword,Text
"flood","出水,上げ潮,号泣,冠水,万感,水難,水かさ,水門,鉄砲水","出水 flood
上げ潮 flood tide
号泣 breaking flood tears
冠水 covered water(i.e. flood)
万感 flood emotions
水難 flood
水かさ volume water(river,pond,flood,)
水門 flood gate
鉄砲水 flash flood",Guess Vocab related to Keyword,Text
"grade","段位,上段,判官,及第,高下,特等,等級,特級,特進","段位 grade black belt
上段 upper grade
判官 3rd grade official(ritsuryō)
及第 making grade
高下 difference(rank,grade,quality,)
特等 special quality,class grade
等級 grade
特級 grade;special grade
特進 special promotion(rank grade)",Guess Vocab related to Keyword,Text
"most","大部,最,高々,大路,胸突き八丁,佳境,至宝,最たる物,至極","大部 most(most part)
最 most
高々 most
大路 most important three classes highway(ritsuryō)
胸突き八丁 most difficult;most trying spot
佳境 most interesting part(story)
至宝 most valuable asset
最たる物 most extreme
至極 most",Guess Vocab related to Keyword,Text
"such","付する,舗,丁,煩悩,我ながら,呼び込み,薬味,何々,目隠し","付する handle(such)
舗 counter foldable things such maps,
丁 counter long narrow things such guns,scissors,sp
煩悩 klesha(polluting thoughts such greed,hatred del
我ながら (such thing)
呼び込み attempts attract patrons entertainment events
薬味 condiment(grated chopped topping such daikon,wa
何々 such such
目隠し concealing home such interior cannot seen outs",Guess Vocab related to Keyword,Text
"product","名産,名品,作り物,所産,良品,代物,黒船,開封,申し子","名産 noted product
名品 fine product
作り物 artificial product;man-made product
所産 product
良品 quality product
代物 product
黒船 product,,arriving West disturbing market
開封 unboxing(product)
申し子 product",Guess Vocab related to Keyword,Text
"route","難所,持ち場,断ち切る,通り道,上り列車,旅路,歴程,下り列車,海路","難所 perilous pass(route journey)
持ち場 route
断ち切る cut(supply route,enemy's retreat,)
通り道 route
上り列車 train heading toward starting point route
旅路 route journey
歴程 route passage
下り列車 train heading toward ending point route
海路 sea route",Guess Vocab related to Keyword,Text
"blue","濃紺,青色申告,藍綬褒章,晴れ間,青票,紺碧,瑠璃,納戸,青色","濃紺 dark blue
青色申告 blue return
藍綬褒章 Medal Blue Ribbon
晴れ間 patch blue sky
青票 blue ballot(representing opposition vote)
紺碧 deep blue
瑠璃 mall blue passerine bird(blue-and-white flycatc
納戸 grayish blue
青色 blue",Guess Vocab related to Keyword,Text
"copy","謄本,書き直し,模写,臨書,海賊版,写本,書き写す,拓本,縮図","謄本 official copy family register;certified copy
書き直し fair copy
模写 copy(real thing)
臨書 writing(copy)
海賊版 bootleg copy
写本 written copy book
書き写す copy
拓本 rubbed copy
縮図 miniature copy",Guess Vocab related to Keyword,Text
"fellow","代物,道連れ,奇人,怠け者,同門,乗り合い,野郎,業師,輩","代物 fellow
道連れ fellow traveler;fellow traveller
奇人 queer fellow;odd fellow
怠け者 lazy fellow
同門 fellow student
乗り合い fellow passenger
野郎 fellow
業師 shrewd fellow
輩 fellow",Guess Vocab related to Keyword,Text
"physical","物性,外界,肉体労働,力仕事,生理的,生身,肢体不自由児,理学療法士,虚脱","物性 physical properties
外界 physical world
肉体労働 manual physical labor;manual physical labour
力仕事 physical work
生理的 physical
生身 physical body Buddha bodhisattva
肢体不自由児 child physical disability
理学療法士 physical therapist
虚脱 (physical)collapse",Guess Vocab related to Keyword,Text
"previous","古米,前代,前科,前世,従前,既往症,前世紀,前項,前言","古米 rice remaining previous year's harvest
前代 previous generation
前科 previous conviction;previous offence;previous o
前世 previous era
従前 previous
既往症 previous illness
前世紀 previous century
前項 previous paragraph
前言 previous remarks",Guess Vocab related to Keyword,Text
"stop","止まり,呼び止める,切り上げる,断ち切る,宿る,留め,手放す,車止め,泣きじゃくる","止まり stop
呼び止める callstop;(call)stop
切り上げる stop early
断ち切る stop(vicious cycle)
宿る stop
留め stop(timber joint,end kanji stroke)
手放す temporarily stop working
車止め wheel stop;buffer stop
泣きじゃくる never stop crying",Guess Vocab related to Keyword,Text
"drama","汚れ役,世話物,放送劇,時代物,活劇,剣劇,劇映画,劇評,特撮","汚れ役 role villain(film,drama,)
世話物 sewamono(Edo-period drama contemporary life)
放送劇 radio drama
時代物 pre-Meiji drama
活劇 action drama
剣劇 samurai drama
劇映画 film drama
劇評 drama criticism
特撮 tokusatsu(genre live-action film television dra",Guess Vocab related to Keyword,Text
"temperature","熱帯夜,寒暖,吟醸酒,夏日,常温,室温,絶対温度,真夏日,適温","熱帯夜 night which temperature doesn't fall below 25 
寒暖 (degree)temperature
吟醸酒 high-quality sake brewed low temperature ferme
夏日 which temperature reaches least 25°C
常温 fixed temperature;constant temperature;room tem
室温 room temperature
絶対温度 absolute temperature;measure temperature abso
真夏日 which temperature rises above 30°C
適温 right temperature;suitable temperature;moderate",Guess Vocab related to Keyword,Text
"hour","死期,晴れ姿,時々刻々,断末魔,潮時,毎時,時分,連れ込み宿","死期 final hour
晴れ姿 appearing hour triumph
時々刻々 hour hour
断末魔 hour death
潮時 tidal hour
毎時 every hour
時分 hour
連れ込み宿 hotel rents rooms hour",Guess Vocab related to Keyword,Text
"friend","旧知,級友,幼友達,旧友,学友,助け舟,朋友,知己","旧知 old friend
級友 friend same class
幼友達 childhood friend
旧友 old friend
学友 friend
助け舟 friend need
朋友 friend
知己 appreciative friend",Guess Vocab related to Keyword,Text
"science","農学,兵学,学術会議,地学,実学,家政学,理数,科学史","農学 (science)agriculture
兵学 military science
学術会議 Science Council
地学 earth science
実学 practical science
家政学 domestic science
理数 science mathematics
科学史 history science",Guess Vocab related to Keyword,Text
"suitable","似合わしい,似つかわしい,適地,物色,適温,適任,適役,間合い","似合わしい suitable
似つかわしい suitable
適地 suitable place
物色 looking(suitable thing)
適温 suitable temperature
適任 suitable
適役 suitable post role
間合い suitable",Guess Vocab related to Keyword,Text
"think","思い返す,案じる,算段,買いかぶる,面白がる,思い詰める,編み出す,考え出す","思い返す think
案じる think(plan)
算段 trying think way
買いかぶる think too highly
面白がる think fun
思い詰める think hard
編み出す think
考え出す think;begin think",Guess Vocab related to Keyword,Text
"assault","切り取り,強姦,飛散,急襲,強襲,殴り込み,来襲,突撃","切り取り robbery assault
強姦 sexual assault
飛散 scattering(dust wind,enemies assault)
急襲 assault
強襲 assault
殴り込み assault
来襲 assault
突撃 assault",Guess Vocab related to Keyword,Text
"decoration","作り物,門松,勲記,飾り付け,飾り物,壁掛け,蒔絵,粉飾","作り物 decoration(festival)
門松 New Year's pine decoration
勲記 decoration diploma
飾り付け decoration
飾り物 decoration
壁掛け wall decoration
蒔絵 lacquer decoration sprinkled metal powder
粉飾 decoration",Guess Vocab related to Keyword,Text
"emergency","一大事,非常時,危急,特需,焦眉,非常手段,急場,急患","一大事 emergency
非常時 emergency;emergency
危急 emergency
特需 emergency demands
焦眉 emergency
非常手段 emergency measures
急場 emergency
急患 emergency case",Guess Vocab related to Keyword,Text
"journey","上程,旅路,往路,夜道,旅程,道中,門出,難所","上程 departure journey
旅路 route journey;journey
往路 outward journey
夜道 making night journey
旅程 journey
道中 journey;during journey
門出 setting(long journey)
難所 perilous pass(route journey)",Guess Vocab related to Keyword,Text
"plot","企て,仕組む,謀略,見破る,地所,謀議,匠,魂胆","企て plot
仕組む plot
謀略 plot
見破る see through(plot,lie,)
地所 plot land
謀議 plot
匠 plot
魂胆 plot",Guess Vocab related to Keyword,Text
"retreat","隠れ家,山家,引っ込み,退路,転進,退却,打ち返す,断ち切る","隠れ家 retreat
山家 mountain retreat
引っ込み retreat
退路 path retreat
転進 retreat
退却 retreat
打ち返す come retreat
断ち切る cut(supply route,enemy's retreat,)",Guess Vocab related to Keyword,Text
"say","言い合う,口走る,仰っしゃる,言過ぎる,我ながら,言い付ける,言い出しっぺ,言い過ぎる","言い合う say each other
口走る say inadvertently
仰っしゃる say
言過ぎる talk say too much
我ながら even if say so myself
言い付ける often say
言い出しっぺ first say
言い過ぎる talk say too much",Guess Vocab related to Keyword,Text
"size","小判,大判,大振り,原寸,多寡,号数,実物大,四つ切り","小判 small size(paper)
大判 large size(paper,book,)
大振り large size;larger size
原寸 actual size;full size
多寡 size
号数 number size periodicals pictures;type size
実物大 actual size
四つ切り photograph size 254mm x 305 mm",Guess Vocab related to Keyword,Text
"breeze","清風,緑風,春風,川風,疾風,海風,潮風,納涼","清風 cool(refreshing)breeze
緑風 early-summer breeze
春風 spring breeze
川風 breeze river
疾風 fresh breeze(Beaufort scale)
海風 sea breeze
潮風 salty sea breeze
納涼 escaping heat enjoy cool breeze(river,)",Guess Vocab related to Keyword,Text
"dull","緩慢,平板,味気ない,無味,鈍,大味,鈍らす,鈍る","緩慢 dull
平板 dull
味気ない dull
無味 dull
鈍 dull
大味 dull
鈍らす dull
鈍る grow dull",Guess Vocab related to Keyword,Text
"knife","斬る,切り出し,刀剣,両刃,出刃,柳刃包丁,小刀,短刀","斬る kill(human)using blade(sword,machete,knife,)
切り出し pointed knife
刀剣 knife
両刃 double-beveled(kitchen knife)
出刃 knife
柳刃包丁 kitchen knife sashimi
小刀 (small)knife
短刀 knife",Guess Vocab related to Keyword,Text
"native","土着,国元,寒椿,原住民,関西人,土人,県人","土着 native(region);native
国元 native place
寒椿 camellia-like plant native China
原住民 native
関西人 Kansai native
土人 native
県人 native prefecture",Guess Vocab related to Keyword,Text
"north","両極,北向き,北山,北アメリカ,北寄り,極北,極点","両極 North South Poles
北向き facing north
北山 mountains north
北アメリカ North America
北寄り north
極北 North Pole;extreme north
極点 pole(north,south)",Guess Vocab related to Keyword,Text
"pitch","快投,好球,上げ下げ,音程,失投,軟投,始球式","快投 good pitch
好球 easy pitch;good pitch(hit)
上げ下げ rising falling(pitch,tone,)
音程 pitch
失投 careless pitch
軟投 soft pitch
始球式 ceremonial first pitch",Guess Vocab related to Keyword,Text
"discussion","政談,談義,話し中,空回り,煮詰まる,談論,論考","政談 discussion law case
談義 (informal)discussion;discussion
話し中 discussion underway
空回り going round circles(argument,discussion,)
煮詰まる approach conclusion(discussion,investigation,
談論 discussion
論考 discussion",Guess Vocab related to Keyword,Text
"peak","極致,極み,最高潮,主峰,高峰,開眼,高嶺","極致 peak
極み peak
最高潮 peak
主峰 highest peak
高峰 lofty peak
開眼 reaching peak(performer,)
高嶺 peak",Guess Vocab related to Keyword,Text
"prize","山分け,授かる,挑む,特賞,授賞,褒賞,賞杯","山分け equal division(profits,prize money,)
授かる awarded(prize)
挑む (prize,record,)
特賞 special prize
授賞 awarding prize
褒賞 prize
賞杯 prize cup",Guess Vocab related to Keyword,Text
"soft","軟着陸,清涼飲料水,薄日,軟投,縫いぐるみ,白子,軟調","軟着陸 soft landing
清涼飲料水 soft drink
薄日 soft light
軟投 soft pitch
縫いぐるみ soft toy
白子 soft roe
軟調 soft(tone,focus)(photography)",Guess Vocab related to Keyword,Text
"grass","枯れ草,野草,薄,夏草,若草,笹原,草書","枯れ草 dead grass;dry grass;withered grass
野草 field grass
薄 zebra grass;pampas grass(Miscanthus sinensis)
夏草 summer grass
若草 green grass;young(fresh)grass
笹原 field bamboo grass
草書 grass style",Guess Vocab related to Keyword,Text
"intelligence","知力,公安調査庁,諜報,報知,断ち切る,利根,知能指数","知力 intelligence
公安調査庁 Public Security Intelligence Agency
諜報 intelligence
報知 intelligence
断ち切る break(intelligence network)
利根 intelligence
知能指数 intelligence quotient",Guess Vocab related to Keyword,Text
"race","同族,吹かす,複,後れを取る,種族,折り返し点,突っ走る","同族 same family(race,tribe)
吹かす race
複 bet predicts top 2 top 3 finish(depending number
後れを取る lose(race,contest)
種族 race
折り返し点 turnaround point(race)
突っ走る race",Guess Vocab related to Keyword,Text
"rear","後輪,裏手,育て上げる,背面,後ろ手,裏庭,後列","後輪 rear wheel
裏手 rear
育て上げる rear
背面 rear
後ろ手 rear
裏庭 rear garden
後列 rear rank",Guess Vocab related to Keyword,Text
"beat","打ち取る,打ちのめす,持ち場,やっ付ける,駆り立てる,手拍子,鼓動","打ち取る beat
打ちのめす beat
持ち場 beat
やっ付ける beat
駆り立てる beat
手拍子 clapping beat
鼓動 beat",Guess Vocab related to Keyword,Text
"completion","有終,落成,完遂,履修,成就,竣工,落成式","有終 bringing completion
落成 completion(building)
完遂 completion
履修 completion(course)
成就 completion
竣工 completion construction
落成式 ceremony celebrate completion building",Guess Vocab related to Keyword,Text
"custom","因習,悪習,習わし,悪弊,通り相場,特注,良俗","因習 old custom
悪習 bad custom
習わし custom
悪弊 bad custom
通り相場 general custom
特注 custom(made)
良俗 good custom",Guess Vocab related to Keyword,Text
"handle","扱い方,長柄,付する,手古摺る,使いこなす,仕向ける,司法書士","扱い方 how handle(machine)
長柄 long handle
付する handle(such)
手古摺る know how handle
使いこなす handle(men)
仕向ける handle(men)
司法書士 qualified prepare legal documents,handle real",Guess Vocab related to Keyword,Text
"particular","淡泊,巧者,七不思議,別段,縁日,風物,突っ立つ","淡泊 particular
巧者 clever(particular field)
七不思議 seven wonders(particular area)
別段 particular
縁日 related particular deity thought bring divine b
風物 things particular certain region season
突っ立つ stand place,nothing particular",Guess Vocab related to Keyword,Text
"pleasure","嘉納,花柳界,苦楽,屋形船,喜怒哀楽,歓楽街,醍醐味","嘉納 accepting pleasure
花柳界 pleasure quarters
苦楽 pleasure pain
屋形船 pleasure boat(large,roofed)
喜怒哀楽 human emotions(joy,anger,grief pleasure)
歓楽街 pleasure quarter
醍醐味 real pleasure",Guess Vocab related to Keyword,Text
"profession","法曹,商売人,画業,自由業,稼業,教職,離農","法曹 legal profession
商売人 expert(trade profession)
画業 painting(profession)
自由業 self-employed profession(actor,artist);liberal
稼業 profession
教職 teaching profession
離農 giving farming another profession",Guess Vocab related to Keyword,Text
"professional","院生,付け出し,職業意識,幕の内,殺し屋,名跡,商売人","院生 apprentice professional
付け出し very successful amateur wrestler,allowed star
職業意識 professional sense
幕の内 top division(professional sumo)
殺し屋 professional killer
名跡 professional
商売人 professional",Guess Vocab related to Keyword,Text
"rest","余生,憩う,残余,不眠不休,浮かばれない,安息,静物","余生 rest life
憩う rest
残余 rest
不眠不休 sleep rest
浮かばれない cannot rest peace
安息 rest
静物 object rest",Guess Vocab related to Keyword,Text
"truth","正視,開眼,求道,論証,虚実,喝破,金剛","正視 facing(truth)
開眼 opening eyes truth
求道 seeking truth
論証 certain truth
虚実 falsehood truth
喝破 proclaiming(truth)
金剛 Buddhist symbol indestructible truth",Guess Vocab related to Keyword,Text
"celebration","祝典,国慶節,慶祝,挙行,端午,祝い事,謳歌","祝典 celebration
国慶節 national celebration
慶祝 celebration
挙行 celebration(ceremony)
端午 Boys' celebration(May 5)
祝い事 celebration
謳歌 celebration",Guess Vocab related to Keyword,Text
"judicial","主文,法曹,司法書士,司法研修所,司法権,法務委員会,司直","主文 text(judicial decision)
法曹 judicial officer
司法書士 judicial clerk;judicial scrivener
司法研修所 Judicial Research Training Institute
司法権 judicial power
法務委員会 Committee Judicial Affairs
司直 judicial authorities",Guess Vocab related to Keyword,Text
"powerful","健筆,強者,大敵,劇薬,強国,豪族,群雄割拠","健筆 powerful pen
強者 powerful
大敵 powerful enemy
劇薬 powerful medicine
強国 powerful country
豪族 powerful clan;powerful family
群雄割拠 number powerful(talented,influential)persons ",Guess Vocab related to Keyword,Text
"rare","珍品,奇病,希代,逸品,不世出,珍事,非凡","珍品 rare article
奇病 rare disease
希代 rare
逸品 rare beauty
不世出 rare
珍事 rare event
非凡 rare",Guess Vocab related to Keyword,Text
"scale","音階,尺,平衡,手広い,手広く,疾風,縮尺","音階 scale
尺 scale
平衡 even scale
手広い large(scale)
手広く extensive scale
疾風 fresh breeze(Beaufort scale)
縮尺 reduced scale",Guess Vocab related to Keyword,Text
"extract","吸い上げる,切り出す,抜き出す,書き出す,抜き去る,聞き出す","吸い上げる extract
切り出す select extract(media file)
抜き出す extract
書き出す extract(write)
抜き去る extract
聞き出す extract(information)",Guess Vocab related to Keyword,Text
"serve","服する,飲ませる,仕える,打ち出し,食わす,飲ます","服する serve(army,prison sentence,)
飲ませる serve(alcohol)
仕える serve
打ち出し serve(tennis)
食わす serve(restaurant)
飲ます serve(alcohol)",Guess Vocab related to Keyword,Text
"heir","家督,禅譲,正室,継ぎ,跡取り,跡継ぎ","家督 heir
禅譲 abdication(Chinese emperor)favor virtuous succe
正室 heir
継ぎ heir
跡取り heir
跡継ぎ heir",Guess Vocab related to Keyword,Text
"said","かと言って,竜宮,稲荷,啓蟄,天狗,当該","かと言って said
竜宮 palace story Urashima Tarō(said located bottom 
稲荷 fox(said messengers Inari);fried tofu(said favo
啓蟄 awakening insects solar term(approx. March 6,wh
天狗 red-faced long-nosed goblin said reside deep mo
当該 said",Guess Vocab related to Keyword,Text
"library","村立,叢書,書庫,蔵本,閉館,経堂","村立 village(,library,)
叢書 library(set books)
書庫 library
蔵本 library
閉館 library,museum,cinema,);closing(library,museum,
経堂 sutra library",Guess Vocab related to Keyword,Text
"phone","取次ぎ,先払い,着信,取り次ぎ,話し中,逆探知","取次ぎ answering(door,phone,behalf)
先払い payment delivery(business-reply mail,collect p
着信 receiving(phone call,email,)
取り次ぎ answering(door,phone,behalf)
話し中 busy(phone)
逆探知 phone trace",Guess Vocab related to Keyword,Text
"Sunday","父の日,晴れ着,一枚看板,日曜版,母の日,日月","父の日 Father's(3rd Sunday June)
晴れ着 Sunday best
一枚看板 sole Sunday best
日曜版 Sunday edition newspaper
母の日 Mother's(2nd Sunday May)
日月 Sunday Monday",Guess Vocab related to Keyword,Text
"arrange","盛り付ける,仕組む,生ける,取り持つ,申し合わせる,示し合わせる","盛り付ける arrange(food)plate
仕組む arrange
生ける arrange(flowers)
取り持つ arrange
申し合わせる arrange
示し合わせる arrange beforehand",Guess Vocab related to Keyword,Text
"distant","古老,遠景,後々,遠縁,隔たる,遠目","古老 old(knowledgeable events distant past)
遠景 distant view
後々 distant future;distant future
遠縁 distant relative
隔たる distant
遠目 distant view",Guess Vocab related to Keyword,Text
"example","例証,例示,後追い,好例,見せしめ,反面教師","例証 example
例示 illustrating example
後追い following example
好例 good example
見せしめ (setting)example
反面教師 bad example which can learn;negative example;",Guess Vocab related to Keyword,Text
"float","浮かす,出回る,山車,矛,浮き上がる,山鉾","浮かす float
出回る float around
山車 festival float;parade float
矛 parade float decorated long-handled Chinese spea
浮き上がる float
山鉾 festival float mounted decorative halberd",Guess Vocab related to Keyword,Text
"maid","下回り,下働き,売れ残り,女中,侍女,婆","下回り maid
下働き maid
売れ残り old maid
女中 maid
侍女 waiting maid;lady's maid
婆 joker(old maid)",Guess Vocab related to Keyword,Text
"tie","縁結び,学閥,引き分ける,五分五分,相打ち,結びつける","縁結び marriage tie
学閥 old tie
引き分ける tie(game)
五分五分 tie
相打ち tie
結びつける tie",Guess Vocab related to Keyword,Text
"diplomatic","外交団,復交,公電,合従連衡,外交辞令,国書","外交団 diplomatic corps
復交 restoration diplomatic relations
公電 (diplomatic)cable
合従連衡 resorting alliances diplomatic expedient
外交辞令 diplomatic language;diplomatic turn phrase
国書 diplomatic message sent head state",Guess Vocab related to Keyword,Text
"hill","砂丘,山水,裏山,駆け上る,砂山,築山","砂丘 sand hill
山水 garden which contains artificial hill pond
裏山 mountain(hill)behind house,village,
駆け上る run(hill,stairs)
砂山 sand hill
築山 artificial hill(garden)",Guess Vocab related to Keyword,Text
"sum","低額,小銭,小金,一括払い,総和,総計","低額 small sum
小銭 small sum money
小金 small sum money
一括払い paying entire sum transaction
総和 sum total
総計 sum",Guess Vocab related to Keyword,Text
"underground","水脈,地下資源,潜行,土中,埋設,抜け穴","水脈 underground stream water
地下資源 underground resources
潜行 going underground
土中 underground
埋設 laying underground(cables)
抜け穴 underground passage",Guess Vocab related to Keyword,Text
"above","床上,大上段,並外れ,真夏日,名家,雲の上","床上 above floor level
大上段 holding sword above head(kendo posture)
並外れ far above average
真夏日 which temperature rises above 30°C
名家 kuge family class ranking above Hanke below Uri
雲の上 above clouds",Guess Vocab related to Keyword,Text
"autumn","秋雨前線,秋水,晩秋,初秋,小春,秋祭り","秋雨前線 autumn rain front
秋水 clear autumn water
晩秋 late autumn(fall)
初秋 early autumn(fall)
小春 late autumn
秋祭り autumn festival",Guess Vocab related to Keyword,Text
"cup","祝杯,猪口,銀杯,苦杯,賞杯,飲み放題","祝杯 congratulatory cup
猪口 sake cup
銀杯 silver cup
苦杯 bitter cup
賞杯 prize cup
飲み放題 bottomless cup",Guess Vocab related to Keyword,Text
"domestic","水牛,下働き,対内,家庭内暴力,内地,家政学","水牛 domestic Asian water buffalo
下働き domestic duties
対内 domestic
家庭内暴力 domestic violence
内地 domestic soil
家政学 domestic science",Guess Vocab related to Keyword,Text
"dream","夢物語,夢見,絵空事,作り出す,夢見る,甘美","夢物語 account dream;pipe dream;empty dream
夢見 dream
絵空事 pipe dream
作り出す dream
夢見る dream
甘美 sweet(melody,dream,)",Guess Vocab related to Keyword,Text
"shift","早出,日勤,宿直,日直,入れ替える,転ずる","早出 (taking)early shift
日勤 shift
宿直 night shift
日直 shift
入れ替える shift
転ずる shift",Guess Vocab related to Keyword,Text
"some","取り直す,先般,起算,当座,過日,金科玉条","取り直す regroup(some adverse event)
先般 some ago
起算 reckoning some position(point,date,)
当座 some
過日 some days ago
金科玉条 golden rule(basic principle ensuring success ",Guess Vocab related to Keyword,Text
"telephone","無線電話,局番,交換手,逆探知,電話線,電話口","無線電話 cordless telephone;wireless telephone
局番 telephone exchange number
交換手 operator(telephone)
逆探知 detecting source telephone call
電話線 telephone line
電話口 telephone receiver;receiving telephone call;ma",Guess Vocab related to Keyword,Text
"yellow","黄海,黄ばむ,山吹,黄河,緑黄色,黄土","黄海 Yellow Sea
黄ばむ turn yellow;yellow(age);become tinged yellow
山吹 yellow rose;bright golden yellow
黄河 Yellow river(China)
緑黄色 greenish yellow
黄土 yellow ocher;yellow ochre",Guess Vocab related to Keyword,Text
"affair","火遊び,沙汰,情事,代物,所用,一大事","火遊び affair
沙汰 affair
情事 love affair
代物 affair
所用 affair
一大事 serious affair",Guess Vocab related to Keyword,Text
"composition","短文,新調,名文,組成,詩作,新譜","短文 short piece writing(passage,article,composition
新調 new composition
名文 famous literary composition
組成 composition
詩作 composition poem
新譜 new composition",Guess Vocab related to Keyword,Text
"dignity","体面,威厳,器量,悠々自適,気品,威風","体面 dignity
威厳 dignity
器量 dignity
悠々自適 living life leisure dignity
気品 dignity
威風 dignity",Guess Vocab related to Keyword,Text
"drug","薬理,能書き,売人,妙薬,降圧剤,排卵誘発剤","薬理 effect drug
能書き description virtues drug
売人 drug dealer;drug runner
妙薬 wonder drug
降圧剤 drug lower blood pressure
排卵誘発剤 ovulation-inducing drug",Guess Vocab related to Keyword,Text
"guardian","獅子舞,仁王,夜叉,守り神,守護神,氏神","獅子舞 traditional dance performed more dancers weari
仁王 guardian gods Buddhism stand entrance Buddhist 
夜叉 yaksha(Buddhist guardian deities sometimes depi
守り神 guardian deity
守護神 guardian deity
氏神 guardian deity",Guess Vocab related to Keyword,Text
"lead","牛耳る,突き放す,前駆,先立つ,統率,連れ込む","牛耳る take lead
突き放す extend wide lead(opponent)
前駆 outrider(riding horseback lead position cavalca
先立つ take lead;lead
統率 lead
連れ込む lead",Guess Vocab related to Keyword,Text
"loan","貸本,借用,借り受ける,募債,外債,貸し付ける","貸本 books loan
借用 loan
借り受ける loan
募債 loan floatation;raising loan
外債 foreign loan
貸し付ける loan",Guess Vocab related to Keyword,Text
"manuscript","稿料,定本,写本,没,草稿,書き残す","稿料 manuscript fee
定本 revised edition(book manuscript)
写本 manuscript(book)
没 rejection(manuscript,)
草稿 manuscript
書き残す leave(manuscript,)unfinished",Guess Vocab related to Keyword,Text
"poetic","連歌,詩型,詩情,詩的,勧善懲悪,歌心","連歌 poetic dialogue
詩型 poetic form
詩情 poetic sentiment;poetic inspiration;poetic inte
詩的 poetic
勧善懲悪 poetic justice
歌心 (waka)poetic sentiment",Guess Vocab related to Keyword,Text
"prior","先議,力水,露払い,抜き打ち,産前,原判決","先議 prior consideration
力水 water offered wrestlers just prior bout
露払い rikishi leads yokozuna ring prior ring-enterin
抜き打ち prior notice
産前 prior childbirth
原判決 judgment prior instance",Guess Vocab related to Keyword,Text
"pupil","門下生,兄弟子,瞳孔,内弟子,愛弟子,破門","門下生 pupil
兄弟子 senior pupil(same master)
瞳孔 pupil(eye)
内弟子 private pupil
愛弟子 favorite pupil;favourite pupil
破門 expulsion(pupil)",Guess Vocab related to Keyword,Text
"rapid","即応,目まぐるしい,日進月歩,矢継ぎ早,奔流,暗転","即応 (rapid)reaction
目まぐるしい rapid
日進月歩 rapid advance
矢継ぎ早 rapid succession(questions)
奔流 rapid stream
暗転 rapid deterioration",Guess Vocab related to Keyword,Text
"session","期,寄り付き,前場,大引け,登院,開廷","期 session(parliament)
寄り付き opening session
前場 morning session(stock exchange)
大引け closing(market trading session)
登院 attending session Diet
開廷 court session",Guess Vocab related to Keyword,Text
"tale","平家物語,紡ぐ,美談,夜話,夢物語,説話","平家物語 Tale Heike
紡ぐ spin(tale)
美談 moving tale;impressive tale
夜話 tale told night
夢物語 wild tale
説話 tale",Guess Vocab related to Keyword,Text
"treat","飲ませる,飲ます,仕向ける,取り持つ,見立てる,割り勘","飲ませる treat(drinks)
飲ます treat(drinks)
仕向ける treat
取り持つ treat
見立てる treat
割り勘 Dutch treat",Guess Vocab related to Keyword,Text
"usual","多目,平生,決まり文句,尋常,常套手段,平素","多目 little more(than usual)
平生 usual
決まり文句 usual wording
尋常 usual
常套手段 usual measure
平素 usual",Guess Vocab related to Keyword,Text
"youth","不老,弱冠,少年院,弱小,美少年,若い者","不老 perennial youth
弱冠 youth
少年院 youth detention center(centre)
弱小 youth
美少年 handsome youth(male)
若い者 youth",Guess Vocab related to Keyword,Text
"antique","骨董,寂,古風,時代物,古物,鑑識","骨董 antique
寂 antique look
古風 antique
時代物 antique
古物 antique
鑑識 appraisal(antique)",Guess Vocab related to Keyword,Text
"cost","割り勘,代価,正味,代物,是が非でも,巨費","割り勘 splitting cost
代価 cost
正味 cost price
代物 cost
是が非でも any cost
巨費 great cost",Guess Vocab related to Keyword,Text
"feudal","城下町,領主,居城,安堵,忍者,家中","城下町 city developed around castle feudal lord
領主 feudal lord
居城 castle feudal lord
安堵 recognition right land ownership(shogunate,feud
忍者 trained ninjutsu employed covert purposes feuda
家中 feudal domain",Guess Vocab related to Keyword,Text
"independent","独り立ち,孤高,無頼,巣立つ,巣立ち,重文","独り立ち becoming independent;independent
孤高 proudly independent
無頼 independent
巣立つ become independent(parents)
巣立ち becoming independent
重文 sentenced formed two independent clauses",Guess Vocab related to Keyword,Text
"lineage","毛並み,素性,血筋,出自,血統,家筋","毛並み lineage
素性 lineage
血筋 lineage
出自 lineage
血統 lineage
家筋 lineage",Guess Vocab related to Keyword,Text
"parent","親譲り,母胎,片親,親代わり,子持ち,親鳥","親譲り inheritance parent(property,trait,physique,)
母胎 parent body
片親 parent;single parent
親代わり (acting)foster parent
子持ち parent children way(expecting mother)
親鳥 parent bird",Guess Vocab related to Keyword,Text
"porcelain","焼き物,薄手,磁器,薄口,猪口,製陶","焼き物 porcelain
薄手 thin(paper,cloth,porcelain,)
磁器 porcelain
薄口 thin(porcelain,paper,)
猪口 small deep porcelain bowl serving food
製陶 porcelain manufacturing",Guess Vocab related to Keyword,Text
"reflection","照り返し,内省,自省,思案,猛省,映り","照り返し reflection
内省 reflection self
自省 reflection
思案 reflection
猛省 serious reflection
映り reflection",Guess Vocab related to Keyword,Text
"stiff","肩凝り,強張る,固苦しい,堅苦しい,棒読み,強靭","肩凝り stiff shoulders;stiff neck
強張る become stiff
固苦しい stiff
堅苦しい stiff
棒読み stiff delivery
強靭 stiff",Guess Vocab related to Keyword,Text
"switch","切,入れ替わる,切り替わる,振り替える,切り替える,翻る","切 (switch)
入れ替わる switch
切り替わる switch
振り替える switch
切り替える switch;throw switch
翻る suddenly switch",Guess Vocab related to Keyword,Text
"anticipate","見通す,当て込む,先んじる,見越す,期す","見通す anticipate
当て込む anticipate
先んじる anticipate
見越す anticipate
期す anticipate",Guess Vocab related to Keyword,Text
"clan","薩長,家中,豪族,閥,輩","薩長 Satsuma Chōshū(clan alliance)
家中 clan
豪族 powerful clan
閥 clan
輩 clan",Guess Vocab related to Keyword,Text
"divide","分水嶺,仕切る,振り分ける,振り分け,割り振る","分水嶺 divide
仕切る divide
振り分ける divide among;divide half;divide two
振り分け divide
割り振る divide among",Guess Vocab related to Keyword,Text
"script","甲骨文,同文,古文,本読み,隷書","甲骨文 oracle bone script
同文 same script
古文 Chinese character script Qin
本読み script reading
隷書 clerical script(ancient,highly angular style ka",Guess Vocab related to Keyword,Text
"ago","先年,先般,先刻,大昔,過日","先年 few years ago
先般 some ago
先刻 short while ago
大昔 long ago
過日 some days ago",Guess Vocab related to Keyword,Text
"arrival","先回り,着信,来航,入来,入船","先回り arrival another
着信 arrival(post,news,correspondence,)
来航 arrival ships(abroad);arrival ship
入来 arrival
入船 arrival ship",Guess Vocab related to Keyword,Text
"financial","工面,損金,火の車,財力,間引く","工面 financial condition
損金 financial loss
火の車 desperate financial situation
財力 financial power;financial means
間引く kill newborn child(due financial difficulties)",Guess Vocab related to Keyword,Text
"landscape","造園,寒々,横向き,山水,雪景色","造園 landscape gardening;landscape architecture
寒々 very cold-looking(landscape)
横向き landscape orientation
山水 landscape(containing hills rivers);landscape pi
雪景色 snowy landscape",Guess Vocab related to Keyword,Text
"palm","平手,生命線,手相,手の内,椰子","平手 palm
生命線 life line(palm reading)
手相 palm reading
手の内 palm(hand)
椰子 palm tree(any tree family Arecaceae)",Guess Vocab related to Keyword,Text
"able","失笑,薬師如来,働き手,聞こえ,遠目","失笑 able hold laughter
薬師如来 Bhaisajyaguru(buddha able cure ills)
働き手 able man;able
聞こえ able hear(clearly)
遠目 able see long distance",Guess Vocab related to Keyword,Text
"anecdote","挿話,笑い話,小話,外伝,逸話","挿話 anecdote
笑い話 funny anecdote
小話 anecdote
外伝 anecdote
逸話 anecdote",Guess Vocab related to Keyword,Text
"folk","民具,民俗芸能,山人,地唄,甚句","民具 everyday articles which come regarded folk art
民俗芸能 folk entertainment
山人 mountain folk
地唄 (style)folk song
甚句 lively folk song dance tune",Guess Vocab related to Keyword,Text
"frank","打ち解ける,豪放,気さく,単刀直入,淡泊","打ち解ける frank
豪放 frank
気さく frank
単刀直入 frank
淡泊 frank",Guess Vocab related to Keyword,Text
"nerve","気後れ,神経痛,及び腰,運動神経,能く","気後れ losing nerve
神経痛 nerve pain
及び腰 lack nerve
運動神経 motor nerve
能く quite nerve",Guess Vocab related to Keyword,Text
"paid","日銭,打ち止め,支払い済み,年休,歳費","日銭 money paid daily installments;money paid daily 
打ち止め closing pachinko machine(has paid designated 
支払い済み paid
年休 annual paid holiday;annual paid vacation
歳費 annual salary paid Diet members",Guess Vocab related to Keyword,Text
"realization","気づき,貫徹,成就,具現,結実","気づき realization
貫徹 realization
成就 realization
具現 realization
結実 realization",Guess Vocab related to Keyword,Text
"any","是が非でも,素焼き,節分,椰子,虫食い","是が非でも any cost
素焼き simple okonomiyaki any extra ingredients
節分 last any season(according traditional calendar)
椰子 palm tree(any tree family Arecaceae)
虫食い leaf warbler(any bird genus Phylloscopus)",Guess Vocab related to Keyword,Text
"band","喪章,囃子,楽隊,帯封,腕章","喪章 mourning band
囃子 band
楽隊 band
帯封 currency band;newspaper band;wrapper band;money
腕章 arm band",Guess Vocab related to Keyword,Text
"centre","中飛,中段,爆心,本丸,少年院","中飛 centre fly
中段 center three(horizontal)columns(print)(centre)
爆心 centre explosion
本丸 centre
少年院 youth detention center(centre)",Guess Vocab related to Keyword,Text
"compare","引き当てる,突き合わせる,照らし合わせる,比する,見立てる","引き当てる compare
突き合わせる compare
照らし合わせる compare
比する compare
見立てる compare",Guess Vocab related to Keyword,Text
"heaven","下界,天命,成仏,天下一品,雲の上","下界 world(opposed heaven)
天命 mandate Heaven
成仏 going heaven
天下一品 best article under heaven
雲の上 heaven",Guess Vocab related to Keyword,Text
"hospital","分院,精神病院,外泊,大部屋,産院","分院 branch hospital
精神病院 mental hospital
外泊 going home(hospital)night
大部屋 hospital ward;large hospital room(several pati
産院 maternity hospital",Guess Vocab related to Keyword,Text
"marine","海兵,海洋気象台,海草,海運業,魚介","海兵 marine
海洋気象台 marine meteorological observatory
海草 marine plant
海運業 marine transport
魚介 marine products",Guess Vocab related to Keyword,Text
"provision","定め,備え付け,給費,明文,設け","定め provision
備え付け provision
給費 provision expenses
明文 express provision
設け provision",Guess Vocab related to Keyword,Text
"structure","成り立ち,設営,有限会社,金堂,骨組み","成り立ち structure
設営 setting(structure,building,camp,)
有限会社 limited company(company structure small busin
金堂 main temple structure(sanctuary,hall)
骨組み structure",Guess Vocab related to Keyword,Text
"topic","持ち切り,語り草,担ぎ出す,本題,題目","持ち切り hot topic
語り草 topic(everyone's lips)
担ぎ出す broach topic
本題 main topic
題目 topic",Guess Vocab related to Keyword,Text
"angry","形相,怒声,怒号,憤る,気色ばむ","形相 look(angry upset look)
怒声 angry voice
怒号 angry roar
憤る angry
気色ばむ grow angry",Guess Vocab related to Keyword,Text
"apprentice","院生,舞妓,内弟子,子飼い,徒弟","院生 apprentice professional
舞妓 apprentice geisha(Kyoto)
内弟子 apprentice
子飼い training early age(apprentice)
徒弟 apprentice",Guess Vocab related to Keyword,Text
"battery","放列,単３,砲台,台場,蓄電池","放列 battery(artillery,cameras,)
単３ AA battery
砲台 (gun)battery
台場 battery
蓄電池 storage battery",Guess Vocab related to Keyword,Text
"civilization","開明,教化,文明開化,文物,発祥地","開明 civilization
教化 civilization
文明開化 civilization enlightenment
文物 (products)culture civilization(civilisation)
発祥地 cradle(civilization)",Guess Vocab related to Keyword,Text
"clay","土製,赤土,陶磁,土偶,彫塑","土製 clay
赤土 red clay
陶磁 clay
土偶 clay figurines late Jōmon;clay figure
彫塑 clay model",Guess Vocab related to Keyword,Text
"clerk","番頭,掛かり,司法書士,手代,店番","番頭 (head)clerk
掛かり clerk
司法書士 judicial clerk
手代 sales clerk
店番 sales clerk",Guess Vocab related to Keyword,Text
"East","扶桑,近東,東進,東風,西高東低","扶桑 divine tree island east China(Chinese mythology
近東 Near East
東進 proceeding east
東風 east wind
西高東低 barometric pressure west,low pressure east",Guess Vocab related to Keyword,Text
"fiction","伝奇,虚実,実写,偽り,作り物","伝奇 fantasy fiction;bizarre fiction
虚実 fiction fact
実写 real picture story(opposed fiction,imaginary sc
偽り fiction
作り物 fiction",Guess Vocab related to Keyword,Text
"frequent","出没,多用,続発,多し,度重なる","出没 making frequent appearances
多用 frequent use
続発 frequent occurrence
多し frequent
度重なる frequent",Guess Vocab related to Keyword,Text
"habit","惰性,断ち切る,悪習,習い,習わし","惰性 force habit
断ち切る give(attachment,habit,)
悪習 bad habit
習い habit
習わし habit",Guess Vocab related to Keyword,Text
"lunch","手弁当,昼飯,幕の内,お昼,連れ出す","手弁当 bringing own lunch;preparing own lunch;paying 
昼飯 lunch
幕の内 box lunch(containing rice 10-15 small portions
お昼 lunch
連れ出す take(walk,lunch,)",Guess Vocab related to Keyword,Text
"manage","処する,仕切る,使いこなす,取り仕切る,扱い方","処する manage
仕切る manage
使いこなす manage
取り仕切る manage
扱い方 how manage(case)",Guess Vocab related to Keyword,Text
"patrol","哨戒,巡行,物見,見回る,警ら","哨戒 patrol(ships aircraft)
巡行 patrol
物見 patrol
見回る patrol
警ら patrol",Guess Vocab related to Keyword,Text
"praise","激賞,持ち上げる,絶賛,歌い上げる,礼賛","激賞 lavish praise;enthusiastic praise;praise
持ち上げる praise sky
絶賛 praise
歌い上げる praise poetry
礼賛 praise",Guess Vocab related to Keyword,Text
"projection","映り,隆起,突き出し,映写,銀幕","映り projection
隆起 projection
突き出し projection
映写 projection
銀幕 (projection)screen",Guess Vocab related to Keyword,Text
"still","静まり返る,かと言って,粗削り,物静か,静物","静まり返る become still death
かと言って still
粗削り still process formed
物静か still
静物 still life(painting,drawing);still object",Guess Vocab related to Keyword,Text
"stray","野良犬,野良猫,山猫,流れ弾,野犬","野良犬 stray dog
野良猫 stray cat
山猫 stray cat
流れ弾 stray bullet
野犬 stray dog",Guess Vocab related to Keyword,Text
"tongue","舌打ち,失言,口当たり,毒舌,舌触り","舌打ち clicking tongue
失言 slip tongue
口当たり feel tongue
毒舌 wicked tongue;sharp tongue
舌触り feel tongue(food drink)",Guess Vocab related to Keyword,Text
"tradition","伝家,俗説,言い伝え,校風,因習","伝家 family tradition
俗説 tradition
言い伝え tradition
校風 tradition
因習 tired tradition",Guess Vocab related to Keyword,Text
"weight","自重,軽重,重り,威張り腐る,正味","自重 weight(unloaded)vehicle;own weight
軽重 (relative)weight
重り weight
威張り腐る throw weight around
正味 net weight",Guess Vocab related to Keyword,Text
"brush","手習い,毛筆,小競り合い,筆致,肉筆","手習い practice writing brush
毛筆 (writing,painting)brush
小競り合い brush(enemy)
筆致 stroke brush
肉筆 written brush",Guess Vocab related to Keyword,Text
"confinement","足止め,禁足,幽閉,独房,拘留","足止め confinement
禁足 confinement
幽閉 confinement
独房 solitary confinement cell
拘留 confinement",Guess Vocab related to Keyword,Text
"currency","帯封,引き換える,切り上げる,基軸通貨,貨幣価値","帯封 currency band;currency strap
引き換える convert(currency)
切り上げる revalue(currency)
基軸通貨 key currency
貨幣価値 currency value",Guess Vocab related to Keyword,Text
"gentle","穏便,春雨,懐柔,従順,柔和","穏便 gentle
春雨 gentle spring rain
懐柔 gentle persuasion
従順 gentle
柔和 gentle",Guess Vocab related to Keyword,Text
"glass","瑠璃,飲み干す,弾き,厚板,水飲み","瑠璃 glass
飲み干す drink(glass)dry;drain(glass)
弾き traditional children's game similar marbles,pla
厚板 plate glass
水飲み glass",Guess Vocab related to Keyword,Text
"grace","御利益,気品,恩典,祈とう,祈祷","御利益 divine grace
気品 grace
恩典 act grace
祈とう grace(meals)
祈祷 grace(meals)",Guess Vocab related to Keyword,Text
"informal","仲間内,内諾,夜話,談義,進退伺い","仲間内 informal
内諾 informal consent
夜話 book informal essays
談義 (informal)discussion
進退伺い informal resignation",Guess Vocab related to Keyword,Text
"manufacture","製糖,作り出す,調製,乱造,急造","製糖 sugar manufacture
作り出す manufacture
調製 manufacture
乱造 careless manufacture
急造 hasty manufacture",Guess Vocab related to Keyword,Text
"poison","毒物,劇薬,毒殺,服する,猛毒","毒物 poison
劇薬 strong poison
毒殺 kill poison
服する take(medicine,poison,)
猛毒 deadly poison",Guess Vocab related to Keyword,Text
"tofu","白壁,油揚げ,高野豆腐,田楽,稲荷","白壁 tofu
油揚げ thin deep-fried slices tofu
高野豆腐 freeze-dried tofu
田楽 tofu(fish,)baked coated miso
稲荷 fried tofu(said favourite food foxes)",Guess Vocab related to Keyword,Text
"bowl","便器,猪口,托鉢,天丼,小鉢","便器 toilet bowl
猪口 small deep porcelain bowl serving food
托鉢 going bowl meditation hall mealtime(Zen temple)
天丼 tempura served bowl rice
小鉢 small bowl",Guess Vocab related to Keyword,Text
"funeral","会葬,お葬式,葬儀社,挽歌,国葬,香典返し,本葬,釣り鐘,葬列,密葬,大喪,香典,弔う","会葬 attendance funeral
お葬式 funeral
葬儀社 funeral home;funeral parlor
挽歌 funeral song
国葬 national funeral;state funeral
香典返し present given return funeral offering
本葬 formal funeral
釣り鐘 funeral bell
葬列 funeral procession
密葬 private funeral
大喪 funeral service emperor
香典 funeral offering;gift brought funeral(usu. mone
弔う hold funeral service",Guess Vocab related to Keyword,Text
"separation","別れ話,乖離,遊離,離別,縁切り,別離,鑑別,死別,隔絶,生き別れ,隔世","別れ話 talk divorce separation
乖離 separation
遊離 separation
離別 separation
縁切り separation
別離 separation
鑑別 separation
死別 separation death
隔絶 separation
生き別れ lifelong separation
隔世 separation ages",Guess Vocab related to Keyword,Text
"relief","凸版,義援,一安心,善後策,彫り上げる,凸版印刷,救護,安堵","凸版 relief printing
義援 donation(disaster relief charity)
一安心 feeling relief
善後策 relief measure
彫り上げる carve relief
凸版印刷 relief printing
救護 relief
安堵 relief",Guess Vocab related to Keyword,Text
"familiar","お使い,慣れっこ,手近,気安い,見慣れる,慣れ親しむ,耳慣れる","お使い familiar spirit
慣れっこ familiar
手近 familiar
気安い familiar
見慣れる familiar
慣れ親しむ become familiar cherish
耳慣れる become familiar(ears)",Guess Vocab related to Keyword,Text
"axis","長径,枢軸,横軸,機軸,縦軸,座標軸,自転","長径 major axis
枢軸 Axis(WWII alliance)
横軸 horizontal axis
機軸 axis
縦軸 vertical axis
座標軸 coordinate axis
自転 rotation(axis)",Guess Vocab related to Keyword,Text
"alliance","同盟条約,枢軸,薩長,盟約,離合,合従連衡","同盟条約 treaty alliance
枢軸 Axis(WWII alliance)
薩長 Satsuma Chōshū(clan alliance)
盟約 alliance
離合 alliance rupture
合従連衡 alliance(Six Kingdoms against Qin dynasty,ind",Guess Vocab related to Keyword,Text
"shamisen","丁,小唄,浄瑠璃,弾き語り,人形浄瑠璃,瞽女","丁 counter long narrow things such guns,scissors,sp
小唄 traditional ballad accompanied shamisen
浄瑠璃 type dramatic recitation accompanied shamisen(
弾き語り reciting while playing shamisen,biwa,
人形浄瑠璃 puppet theatre which recited narrative dialo
瞽女 blind female beggar sings plays shamisen",Guess Vocab related to Keyword,Text
"die","消え入る,先立つ,他界,果てる,絶やす,見殺し","消え入る feel though going die;die away
先立つ die(spouse,parents,)
他界 die
果てる die
絶やす die(flowers)
見殺し lettingdie helping",Guess Vocab related to Keyword,Text
"intention","意中,下心,一念発起,本意,所存,他意","意中 intention
下心 secret intention
一念発起 wholehearted intention
本意 original intention;real intention
所存 intention
他意 other intention",Guess Vocab related to Keyword,Text
"tenant","借り主,借り手,追い立てる,店子,借家人,小作","借り主 tenant
借り手 tenant
追い立てる press tenant leave
店子 tenant(contrast landlord)
借家人 tenant
小作 tenant farming",Guess Vocab related to Keyword,Text
"ideas","脱ぎ捨てる,虚心,出し切る,出尽くす,織り込む,十人十色","脱ぎ捨てる cast(old ideas,habits,)
虚心 free preconceived ideas
出し切る use(strength,ideas,)
出尽くす fully expressed(views,ideas,)
織り込む put(ideas,suggestions)
十人十色 everyone has own interests ideas;everyone has",Guess Vocab related to Keyword,Text
"successor","家督,禅譲,正室,跡取り,継ぎ,跡継ぎ","家督 successor
禅譲 abdication(Chinese emperor)favor virtuous succe
正室 successor
跡取り successor
継ぎ successor
跡継ぎ successor",Guess Vocab related to Keyword,Text
"giant","巨漢,山男,巨星,大男,大車輪","巨漢 giant
山男 giant
巨星 giant;giant star
大男 giant
大車輪 (gymnastical)giant swing",Guess Vocab related to Keyword,Text
"rich","濃密,旺盛,百戦錬磨,大徳,一攫千金","濃密 rich(taste content)
旺盛 rich(imagination)
百戦錬磨 rich experience
大徳 rich
一攫千金 getting rich quick",Guess Vocab related to Keyword,Text
"disciple","以心伝心,使徒,兄弟子,末弟,門下生","以心伝心 non-verbal Zen Buddhist transmission disciple
使徒 disciple
兄弟子 senior disciple
末弟 last disciple
門下生 disciple",Guess Vocab related to Keyword,Text
"external","読み取る,外局,外形,外用,外的","読み取る sense external cues
外局 external bureau
外形 external form
外用 external use
外的 external",Guess Vocab related to Keyword,Text
"harmony","配合,和声,失調,和合,映り","配合 harmony
和声 harmony
失調 lack harmony
和合 harmony
映り harmony",Guess Vocab related to Keyword,Text
"oral","飲み薬,口中,口頭試問,口腔,経口","飲み薬 oral medicine
口中 oral cavity
口頭試問 oral examination
口腔 oral cavity
経口 oral",Guess Vocab related to Keyword,Text
"daimyo","本陣,侯,家中,隠密,藩士","本陣 inn designated use daimyo(Edo)
侯 daimyo
家中 retainer daimyo
隠密 spy(daimyo,shogun,)
藩士 retainer daimyo",Guess Vocab related to Keyword,Text
"mysterious","怪盗,不知火,怪人,奇怪,神秘的","怪盗 mysterious thief
不知火 mysterious lights sea
怪人 mysterious
奇怪 mysterious
神秘的 mysterious",Guess Vocab related to Keyword,Text
"throughout","家中,終生,津々浦々,夜通し,終始一貫","家中 throughout house
終生 throughout life
津々浦々 throughout land
夜通し throughout night
終始一貫 throughout",Guess Vocab related to Keyword,Text
"vertical","旗頭,縦軸,上下動,跳ね,縦割り","旗頭 (Okinawa)bamboo poles attached vertical flag el
縦軸 vertical axis;vertical line;vertical shaft
上下動 vertical motion(earthquakes)
跳ね upward turn bottom(vertical stroke kanji hairdo
縦割り vertical split",Guess Vocab related to Keyword,Text